condition_id,corruption_type,effect,horizontal_gradient_mean,image_height,image_width,input_timestamp_ns,intensity_mean,intensity_std,jpeg_bytes,luminance_mean,luminance_std,modality,point_count,points_0_5m,points_20_40m,points_40m_plus,points_5_20m,rain_rate_mm_per_hour,range_mean_m,range_std_m,severity,vertical_gradient_mean
clear,clean,weather,,,,1534867432948726000,15.767210960388184,22.01950454711914,,,,lidar,34688,13965,3277,962,16484,,9.78172779083252,10.869756698608398,0,
clear,clean,weather,2.2158474922180176,900,1600,1534867432912404000,,,124250,103.57286834716797,56.406837463378906,image,,,,,,,,,0,1.948553204536438
clear,clean,weather,,,,1534867432998503000,15.780241966247559,21.87926483154297,,,,lidar,34720,13823,3247,968,16682,,9.796431541442871,10.854504585266113,0,
clear,clean,weather,2.1950135231018066,900,1600,1534867433012404000,,,123399,103.00804138183594,56.783512115478516,image,,,,,,,,,0,1.9219800233840942
clear,clean,weather,,,,1534867433048257000,15.953226089477539,22.211639404296875,,,,lidar,34720,13665,3266,933,16856,,9.799474716186523,10.825618743896484,0,
clear,clean,weather,,,,1534867433098583000,16.02341651916504,22.415956497192383,,,,lidar,34720,13491,3267,907,17055,,9.778183937072754,10.710010528564453,0,
clear,clean,weather,2.1792266368865967,900,1600,1534867433112404000,,,122662,103.38004302978516,56.9256706237793,image,,,,,,,,,0,1.8837374448776245
clear,clean,weather,,,,1534867433148336000,16.061981201171875,22.55396270751953,,,,lidar,34720,13360,3308,884,17168,,9.805334091186523,10.699451446533203,0,
clear,clean,weather,2.1787421703338623,900,1600,1534867433162404000,,,121926,103.21043395996094,57.16509246826172,image,,,,,,,,,0,1.8646259307861328
clear,clean,weather,,,,1534867433198676000,16.059011459350586,22.2584228515625,,,,lidar,34688,13255,3327,864,17242,,9.806456565856934,10.66795539855957,0,
clear,clean,weather,,,,1534867433248427000,16.15253448486328,22.345951080322266,,,,lidar,34720,13077,3364,894,17385,,9.896528244018555,10.811469078063965,0,
clear,clean,weather,2.1749885082244873,900,1600,1534867433262404000,,,121634,103.44635772705078,57.567813873291016,image,,,,,,,,,0,1.8533432483673096
clear,clean,weather,,,,1534867433298210000,16.10006332397461,22.206157684326172,,,,lidar,34688,12966,3350,893,17479,,9.90622615814209,10.81737995147705,0,
clear,clean,weather,,,,1534867433348529000,16.07721710205078,22.247722625732422,,,,lidar,34720,12798,3409,900,17613,,9.98228645324707,10.859058380126953,0,
clear,clean,weather,2.19792103767395,900,1600,1534867433362404000,,,121789,103.04540252685547,58.12212371826172,image,,,,,,,,,0,1.8475549221038818
clear,clean,weather,,,,1534867433398454000,16.156307220458984,22.446311950683594,,,,lidar,34688,12711,3395,886,17696,,9.96242904663086,10.816659927368164,0,
clear,clean,weather,,,,1534867433448600000,16.268173217773438,22.63641929626465,,,,lidar,34720,12638,3394,888,17800,,9.978092193603516,10.798969268798828,0,
clear,clean,weather,2.203181743621826,900,1600,1534867433412404000,,,122148,102.67359161376953,58.37207794189453,image,,,,,,,,,0,1.845850944519043
clear,clean,weather,,,,1534867433498387000,16.380361557006836,22.82128143310547,,,,lidar,34688,12510,3431,883,17864,,10.026912689208984,10.779616355895996,0,
clear,clean,weather,2.198103666305542,900,1600,1534867433512404000,,,122602,102.12767791748047,59.023860931396484,image,,,,,,,,,0,1.8549436330795288
clear,clean,weather,,,,1534867433548133000,16.35799217224121,22.500490188598633,,,,lidar,34688,12401,3449,889,17949,,10.05614185333252,10.822457313537598,0,
clear,clean,weather,,,,1534867433598470000,16.474227905273438,22.734649658203125,,,,lidar,34688,12371,3456,868,17993,,10.015486717224121,10.757413864135742,0,
clear,clean,weather,2.2038559913635254,900,1600,1534867433612404000,,,122324,102.30862426757812,59.242279052734375,image,,,,,,,,,0,1.848928689956665
clear,clean,weather,,,,1534867433648353000,16.434127807617188,22.6448917388916,,,,lidar,34688,12207,3500,866,18115,,10.079133987426758,10.817922592163086,0,
clear,clean,weather,2.192107677459717,900,1600,1534867433662404000,,,122469,102.3143081665039,59.292320251464844,image,,,,,,,,,0,1.8465690612792969
clear,clean,weather,,,,1534867433697988000,16.52090072631836,22.95039176940918,,,,lidar,34688,12135,3535,857,18161,,10.101808547973633,10.788833618164062,0,
clear,clean,weather,,,,1534867433748311000,16.583688735961914,22.99858856201172,,,,lidar,34688,12104,3483,840,18261,,10.090923309326172,10.685844421386719,0,
clear,clean,weather,2.198585271835327,900,1600,1534867433762404000,,,122790,102.08265686035156,59.570068359375,image,,,,,,,,,0,1.859226942062378
clear,clean,weather,,,,1534867433798158000,16.8253173828125,23.31941032409668,,,,lidar,34720,12118,3476,847,18279,,10.102391242980957,10.695657730102539,0,
clear,clean,weather,,,,1534867433847842000,16.845970153808594,23.176668167114258,,,,lidar,34688,12000,3493,860,18335,,10.180752754211426,10.751081466674805,0,
clear,clean,weather,,,,1534867433898179000,16.87958335876465,23.244579315185547,,,,lidar,34688,12080,3495,879,18234,,10.169977188110352,10.770071029663086,0,
clear,clean,weather,2.2096149921417236,900,1600,1534867433862404000,,,123103,101.66493225097656,59.98507308959961,image,,,,,,,,,0,1.8651647567749023
clear,clean,weather,2.1872928142547607,900,1600,1534867433912404000,,,122321,101.60003662109375,60.06114959716797,image,,,,,,,,,0,1.8582432270050049
clear,clean,weather,,,,1534867433947929000,16.782747268676758,22.93939208984375,,,,lidar,34720,12107,3448,888,18277,,10.16862678527832,10.799332618713379,0,
clear,clean,weather,,,,1534867433997714000,16.641489028930664,23.00162696838379,,,,lidar,34688,12116,3394,879,18299,,10.144179344177246,10.726082801818848,0,
clear,clean,weather,2.184668779373169,900,1600,1534867434012404000,,,122232,101.69110107421875,60.152565002441406,image,,,,,,,,,0,1.8485101461410522
clear,clean,weather,,,,1534867434048013000,16.734922409057617,23.307090759277344,,,,lidar,34688,12066,3396,893,18333,,10.180863380432129,10.717667579650879,0,
clear,clean,weather,,,,1534867434097791000,16.69380760192871,23.24652099609375,,,,lidar,34720,12112,3395,914,18299,,10.193253517150879,10.771941184997559,0,
clear,clean,weather,2.165682792663574,900,1600,1534867434112404000,,,121992,101.68270111083984,60.343509674072266,image,,,,,,,,,0,1.8470877408981323
clear,clean,weather,,,,1534867434147546000,16.562585830688477,22.810426712036133,,,,lidar,34688,12069,3400,928,18291,,10.227987289428711,10.77000617980957,0,
clear,clean,weather,2.1695046424865723,900,1600,1534867434162404000,,,122128,100.95463562011719,60.7240104675293,image,,,,,,,,,0,1.8526028394699097
clear,clean,weather,,,,1534867434197881000,16.48695182800293,22.68366813659668,,,,lidar,34720,12095,3411,978,18236,,10.231600761413574,10.777795791625977,0,
clear,clean,weather,,,,1534867434247637000,16.259685516357422,22.26810073852539,,,,lidar,34688,12057,3396,1006,18229,,10.249601364135742,10.774208068847656,0,
clear,clean,weather,2.1604175567626953,900,1600,1534867434262404000,,,122083,101.18740844726562,60.7820930480957,image,,,,,,,,,0,1.8429533243179321
clear,clean,weather,,,,1534867434297956000,16.32347297668457,22.26395606994629,,,,lidar,34720,12084,3346,1049,18241,,10.254796028137207,10.78960132598877,0,
clear,clean,weather,,,,1534867434348247000,16.263795852661133,22.205970764160156,,,,lidar,34720,12119,3280,1127,18194,,10.247279167175293,10.760123252868652,0,
clear,clean,weather,2.158453941345215,900,1600,1534867434362404000,,,121947,100.9175796508789,60.90497589111328,image,,,,,,,,,0,1.8483989238739014
clear,clean,weather,,,,1534867434397491000,16.211463928222656,21.94512939453125,,,,lidar,34720,12194,3266,1200,18060,,10.263177871704102,10.861842155456543,0,
clear,clean,weather,2.1391007900238037,900,1600,1534867434412404000,,,121448,101.54666900634766,60.600135803222656,image,,,,,,,,,0,1.8313007354736328
clear,clean,weather,,,,1534867434447799000,16.08810043334961,21.857925415039062,,,,lidar,34688,12157,3305,1235,17991,,10.342647552490234,10.996394157409668,0,
clear,clean,weather,,,,1534867434497610000,16.129867553710938,21.945932388305664,,,,lidar,34720,12260,3355,1213,17892,,10.281638145446777,10.910601615905762,0,
clear,clean,weather,2.1264352798461914,900,1600,1534867434512404000,,,120790,101.79953002929688,60.56916046142578,image,,,,,,,,,0,1.8247629404067993
clear,clean,weather,,,,1534867434547921000,16.07252311706543,21.89755630493164,,,,lidar,34720,12308,3389,1224,17799,,10.329702377319336,11.07469367980957,0,
clear,clean,weather,,,,1534867434597646000,16.015235900878906,21.784461975097656,,,,lidar,34720,12334,3440,1219,17727,,10.358590126037598,11.208048820495605,0,
clear,clean,weather,2.1350879669189453,900,1600,1534867434612404000,,,122020,101.07642364501953,61.13487243652344,image,,,,,,,,,0,1.8463397026062012
clear,clean,weather,,,,1534867434647423000,16.015466690063477,21.854896545410156,,,,lidar,34720,12352,3484,1245,17639,,10.426116943359375,11.367318153381348,0,
clear,clean,weather,2.1195120811462402,900,1600,1534867434662404000,,,121912,100.74652099609375,61.28151321411133,image,,,,,,,,,0,1.8448991775512695
clear,clean,weather,,,,1534867434697757000,15.817022323608398,21.409229278564453,,,,lidar,34720,12382,3524,1227,17587,,10.44522476196289,11.33160400390625,0,
clear,clean,weather,,,,1534867434747513000,15.725662231445312,21.293046951293945,,,,lidar,34720,12522,3546,1194,17458,,10.40104866027832,11.267047882080078,0,
clear,clean,weather,2.1115989685058594,900,1600,1534867434762404000,,,121942,100.68669128417969,61.600830078125,image,,,,,,,,,0,1.8492220640182495
clear,clean,weather,,,,1534867434797857000,15.693841934204102,21.369245529174805,,,,lidar,34688,12547,3518,1211,17412,,10.42724609375,11.344358444213867,0,
clear,clean,weather,,,,1534867434847604000,15.505328178405762,21.2439022064209,,,,lidar,34720,12605,3579,1197,17339,,10.455810546875,11.384797096252441,0,
clear,clean,weather,2.0825717449188232,900,1600,1534867434862404000,,,121027,100.37030792236328,61.71021270751953,image,,,,,,,,,0,1.8336408138275146
clear,clean,weather,,,,1534867434897370000,15.481048583984375,21.271072387695312,,,,lidar,34720,12666,3571,1176,17307,,10.410920143127441,11.300365447998047,0,
clear,clean,weather,,,,1534867434947673000,15.41802978515625,21.192684173583984,,,,lidar,34720,12782,3566,1167,17205,,10.343013763427734,11.20837116241455,0,
clear,clean,weather,2.088454008102417,900,1600,1534867434912404000,,,121101,100.26482391357422,61.72565841674805,image,,,,,,,,,0,1.8234323263168335
clear,clean,weather,,,,1534867434997457000,15.110326766967773,20.667282104492188,,,,lidar,34688,12831,3563,1126,17168,,10.281098365783691,11.135393142700195,0,
clear,clean,weather,2.069363594055176,900,1600,1534867435012404000,,,120758,100.6051254272461,61.74034118652344,image,,,,,,,,,0,1.8220057487487793
clear,clean,weather,,,,1534867435047757000,15.085685729980469,20.63705825805664,,,,lidar,34720,12789,3644,1135,17152,,10.340131759643555,11.17020034790039,0,
clear,clean,weather,,,,1534867435097545000,14.983352661132812,20.441011428833008,,,,lidar,34720,12821,3660,1121,17118,,10.32680606842041,11.173707962036133,0,
clear,clean,weather,2.067047357559204,900,1600,1534867435112404000,,,120825,100.14749145507812,62.16248321533203,image,,,,,,,,,0,1.8295356035232544
clear,clean,weather,,,,1534867435147293000,14.957045555114746,20.43332290649414,,,,lidar,34688,12824,3684,1106,17074,,10.323944091796875,11.170164108276367,0,
clear,clean,weather,2.050391912460327,900,1600,1534867435162404000,,,120345,99.81159210205078,62.32257843017578,image,,,,,,,,,0,1.8231083154678345
clear,clean,weather,,,,1534867435197614000,14.799193382263184,20.046199798583984,,,,lidar,34720,12805,3701,1105,17109,,10.356819152832031,11.243603706359863,0,
clear,clean,weather,,,,1534867435247375000,14.815552711486816,20.216665267944336,,,,lidar,34720,12799,3737,1086,17098,,10.33701229095459,11.167648315429688,0,
clear,clean,weather,2.0271267890930176,900,1600,1534867435262404000,,,120380,99.88848876953125,62.51548767089844,image,,,,,,,,,0,1.8200695514678955
clear,clean,weather,,,,1534867435297721000,14.684159278869629,19.962284088134766,,,,lidar,34720,12733,3768,1078,17141,,10.344138145446777,11.146546363830566,0,
clear,clean,weather,,,,1534867435347464000,14.584640502929688,19.71407699584961,,,,lidar,34688,12649,3741,1078,17220,,10.369239807128906,11.239574432373047,0,
clear,clean,weather,2.0072662830352783,900,1600,1534867435362404000,,,119811,99.9541015625,62.5844841003418,image,,,,,,,,,0,1.8090009689331055
clear,clean,weather,,,,1534867435397242000,14.61828899383545,19.820350646972656,,,,lidar,34720,12629,3759,1031,17301,,10.329791069030762,11.107582092285156,0,
clear,clean,weather,,,,1534867435447584000,14.567310333251953,19.469493865966797,,,,lidar,34720,12664,3760,1051,17245,,10.349013328552246,11.130278587341309,0,
clear,clean,weather,2.0040032863616943,900,1600,1534867435412404000,,,119977,99.35395812988281,62.483341217041016,image,,,,,,,,,0,1.8126494884490967
clear,clean,weather,,,,1534867435497321000,14.540149688720703,19.417951583862305,,,,lidar,34720,12626,3776,1019,17299,,10.34799861907959,11.134639739990234,0,
clear,clean,weather,1.9805155992507935,900,1600,1534867435512404000,,,119643,99.5206298828125,62.450321197509766,image,,,,,,,,,0,1.8160678148269653
clear,clean,weather,,,,1534867435547633000,14.434273719787598,19.17765998840332,,,,lidar,34720,12586,3793,1007,17334,,10.343518257141113,11.08801555633545,0,
clear,clean,weather,,,,1534867435597411000,14.428513526916504,19.475894927978516,,,,lidar,34720,12615,3804,1010,17291,,10.364855766296387,11.153210639953613,0,
clear,clean,weather,2.00366473197937,900,1600,1534867435612404000,,,120775,98.54166412353516,62.896995544433594,image,,,,,,,,,0,1.8385469913482666
clear,clean,weather,,,,1534867435647179000,14.402159690856934,19.432226181030273,,,,lidar,34720,12596,3815,1014,17295,,10.396821975708008,11.187468528747559,0,
clear,clean,weather,1.9663317203521729,900,1600,1534867435662404000,,,120173,98.91641998291016,62.84693908691406,image,,,,,,,,,0,1.829062819480896
clear,clean,weather,,,,1534867435697501000,14.369499206542969,19.37088394165039,,,,lidar,34720,12502,3886,1069,17263,,10.494305610656738,11.334343910217285,0,
clear,clean,weather,,,,1534867435747254000,14.288853645324707,19.22044563293457,,,,lidar,34720,12522,3914,1073,17211,,10.485563278198242,11.34564208984375,0,
clear,clean,weather,1.9553074836730957,900,1600,1534867435762404000,,,120009,98.47753143310547,62.806556701660156,image,,,,,,,,,0,1.8387541770935059
clear,clean,weather,,,,1534867435799876000,14.129234313964844,18.98285675048828,,,,lidar,34720,12495,3934,1072,17219,,10.481391906738281,11.276325225830078,0,
clear,clean,weather,,,,1534867435847350000,14.073531150817871,18.633180618286133,,,,lidar,34720,12454,3897,1083,17286,,10.503366470336914,11.316827774047852,0,
clear,clean,weather,1.932356357574463,900,1600,1534867435862404000,,,119528,98.8306655883789,62.75179672241211,image,,,,,,,,,0,1.8442707061767578
clear,clean,weather,,,,1534867435897685000,14.015841484069824,18.28267478942871,,,,lidar,34720,12542,3858,1077,17243,,10.454977035522461,11.247054100036621,0,
clear,clean,weather,,,,1534867435947443000,14.151843070983887,18.63913345336914,,,,lidar,34720,12589,3856,1086,17189,,10.461155891418457,11.293407440185547,0,
clear,clean,weather,1.9157487154006958,900,1600,1534867435912404000,,,119351,98.80387878417969,62.77964782714844,image,,,,,,,,,0,1.850072979927063
clear,clean,weather,,,,1534867435997210000,14.237298011779785,18.911052703857422,,,,lidar,34720,12568,3828,1082,17242,,10.463050842285156,11.28657341003418,0,
clear,clean,weather,1.9068716764450073,900,1600,1534867436012404000,,,119120,98.71299743652344,62.97838592529297,image,,,,,,,,,0,1.8638334274291992
clear,clean,weather,,,,1534867436047508000,14.034674644470215,18.698490142822266,,,,lidar,34752,12559,3800,1105,17288,,10.469843864440918,11.299670219421387,0,
clear,clean,weather,,,,1534867436097280000,14.091476440429688,19.002992630004883,,,,lidar,34752,12588,3816,1126,17222,,10.518646240234375,11.417842864990234,0,
clear,clean,weather,1.9057466983795166,900,1600,1534867436112404000,,,119931,98.30565643310547,62.99406051635742,image,,,,,,,,,0,1.8763445615768433
clear,clean,weather,,,,1534867436147600000,13.974884986877441,18.808002471923828,,,,lidar,34720,12611,3746,1155,17208,,10.524038314819336,11.43205451965332,0,
clear,clean,weather,1.9053699970245361,900,1600,1534867436162404000,,,120492,98.09717559814453,63.1387939453125,image,,,,,,,,,0,1.8883912563323975
clear,clean,weather,,,,1534867436197373000,13.806658744812012,18.502206802368164,,,,lidar,34752,12605,3808,1185,17154,,10.591843605041504,11.516462326049805,0,
clear,clean,weather,,,,1534867436247688000,13.827447891235352,18.480606079101562,,,,lidar,34720,12655,3754,1198,17113,,10.586976051330566,11.556642532348633,0,
clear,clean,weather,1.9138274192810059,900,1600,1534867436262404000,,,120729,98.02318572998047,63.30739974975586,image,,,,,,,,,0,1.907612681388855
clear,clean,weather,,,,1534867436297454000,13.680479049682617,18.152996063232422,,,,lidar,34752,12706,3738,1194,17114,,10.588390350341797,11.544746398925781,0,
clear,clean,weather,,,,1534867436347764000,13.587327003479004,17.85743522644043,,,,lidar,34720,12744,3792,1164,17020,,10.554159164428711,11.45672607421875,0,
clear,clean,weather,1.8948453664779663,900,1600,1534867436362404000,,,120913,98.00533294677734,63.252803802490234,image,,,,,,,,,0,1.9187054634094238
clear,clean,weather,,,,1534867436397546000,13.567880630493164,17.632129669189453,,,,lidar,34752,12730,3809,1234,16979,,10.648557662963867,11.629131317138672,0,
clear,clean,weather,,,,1534867436447892000,13.393202781677246,17.610645294189453,,,,lidar,34720,12748,3783,1215,16974,,10.621325492858887,11.60020637512207,0,
clear,clean,weather,1.9007316827774048,900,1600,1534867436412404000,,,120881,98.38313293457031,63.20882797241211,image,,,,,,,,,0,1.9322142601013184
clear,clean,weather,,,,1534867436497621000,13.327836990356445,17.548355102539062,,,,lidar,34752,12839,3762,1179,16972,,10.54002571105957,11.495612144470215,0,
clear,clean,weather,1.8874698877334595,900,1600,1534867436512404000,,,120462,99.19256591796875,63.130123138427734,image,,,,,,,,,0,1.938615083694458
clear,clean,weather,,,,1534867436547945000,13.337505340576172,17.505685806274414,,,,lidar,34752,12815,3723,1204,17010,,10.569608688354492,11.536786079406738,0,
clear,clean,weather,,,,1534867436597712000,13.284415245056152,17.26350975036621,,,,lidar,34752,12843,3720,1182,17007,,10.516528129577637,11.422658920288086,0,
clear,clean,weather,1.9031380414962769,900,1600,1534867436612404000,,,120942,99.48916625976562,63.19633483886719,image,,,,,,,,,0,1.95305335521698
clear,clean,weather,,,,1534867436648040000,13.290112495422363,17.290754318237305,,,,lidar,34752,12870,3690,1188,17004,,10.516956329345703,11.466909408569336,0,
clear,clean,weather,1.9088575839996338,900,1600,1534867436662404000,,,121512,98.8458023071289,63.369380950927734,image,,,,,,,,,0,1.969959020614624
clear,clean,weather,,,,1534867436697839000,13.261568069458008,17.06079864501953,,,,lidar,34752,12872,3659,1201,17020,,10.517853736877441,11.510204315185547,0,
clear,clean,weather,,,,1534867436748116000,13.322399139404297,17.278491973876953,,,,lidar,34752,12924,3663,1197,16968,,10.484513282775879,11.463031768798828,0,
clear,clean,weather,1.891547441482544,900,1600,1534867436762404000,,,120777,99.53524780273438,63.61735153198242,image,,,,,,,,,0,1.9616414308547974
clear,clean,weather,,,,1534867436797894000,13.298213958740234,17.25685691833496,,,,lidar,34720,12957,3635,1225,16903,,10.48137378692627,11.480353355407715,0,
clear,clean,weather,,,,1534867436847671000,13.220534324645996,17.131196975708008,,,,lidar,34752,13060,3599,1201,16892,,10.404260635375977,11.375617027282715,0,
clear,clean,weather,1.883177638053894,900,1600,1534867436862404000,,,120887,99.29608917236328,64.03799438476562,image,,,,,,,,,0,1.9688445329666138
clear,clean,weather,,,,1534867436898622000,13.229368209838867,17.342233657836914,,,,lidar,34752,13087,3592,1206,16867,,10.402822494506836,11.41418743133545,0,
clear,clean,weather,,,,1534867436947771000,13.104464530944824,17.083251953125,,,,lidar,34720,13095,3538,1187,16900,,10.363675117492676,11.398798942565918,0,
clear,clean,weather,1.8890681266784668,900,1600,1534867436912404000,,,121598,98.66766357421875,64.16707611083984,image,,,,,,,,,0,1.9811673164367676
clear,clean,weather,,,,1534867436998054000,13.154550552368164,17.11749267578125,,,,lidar,34720,13053,3586,1187,16894,,10.379510879516602,11.440824508666992,0,
clear,clean,weather,1.8933027982711792,900,1600,1534867437012404000,,,122151,98.68226623535156,64.68946838378906,image,,,,,,,,,0,1.9946315288543701
clear,clean,weather,,,,1534867437047827000,13.184162139892578,17.034400939941406,,,,lidar,34752,13028,3617,1184,16923,,10.377619743347168,11.430907249450684,0,
clear,clean,weather,,,,1534867437098143000,13.196371078491211,17.141984939575195,,,,lidar,34720,12988,3615,1181,16936,,10.3666410446167,11.362281799316406,0,
clear,clean,weather,1.898402452468872,900,1600,1534867437112404000,,,122710,98.62217712402344,65.05318450927734,image,,,,,,,,,0,2.021308422088623
clear,clean,weather,,,,1534867437147908000,13.163386344909668,17.07074737548828,,,,lidar,34752,12973,3601,1159,17019,,10.347282409667969,11.300683975219727,0,
clear,clean,weather,1.8792766332626343,900,1600,1534867437162404000,,,122259,98.39713287353516,64.87361145019531,image,,,,,,,,,0,2.0045084953308105
clear,clean,weather,,,,1534867437198224000,13.254982948303223,17.163188934326172,,,,lidar,34720,13031,3568,1143,16978,,10.298921585083008,11.286745071411133,0,
clear,clean,weather,,,,1534867437248032000,13.142367362976074,16.882875442504883,,,,lidar,34720,13007,3543,1111,17059,,10.225838661193848,11.079355239868164,0,
clear,clean,weather,1.8906010389328003,900,1600,1534867437262404000,,,122989,98.43492126464844,65.28941345214844,image,,,,,,,,,0,2.0220301151275635
clear,clean,weather,,,,1534867437298342000,13.088081359863281,16.643112182617188,,,,lidar,34752,12890,3549,1134,17179,,10.319257736206055,11.187631607055664,0,
clear,clean,weather,,,,1534867437348076000,13.157458305358887,16.91724967956543,,,,lidar,34752,12955,3470,1118,17209,,10.235343933105469,11.055453300476074,0,
clear,clean,weather,,,,1534867437398416000,13.103792190551758,16.81161880493164,,,,lidar,34752,12894,3459,1103,17296,,10.239519119262695,11.019294738769531,0,
clear,clean,weather,1.8834507465362549,900,1600,1534867437362404000,,,122634,98.65579223632812,65.62284088134766,image,,,,,,,,,0,2.0414774417877197
clear,clean,weather,1.8918240070343018,900,1600,1534867437412404000,,,123734,97.85895538330078,65.62515258789062,image,,,,,,,,,0,2.0690510272979736
clear,clean,weather,,,,1534867437448158000,13.121950149536133,16.954404830932617,,,,lidar,34752,12983,3410,1066,17293,,10.141617774963379,10.907038688659668,0,
clear,clean,weather,,,,1534867437499906000,13.169745445251465,17.01569938659668,,,,lidar,34752,12956,3405,1047,17344,,10.135197639465332,10.93742847442627,0,
clear,clean,weather,1.8797693252563477,900,1600,1534867437512404000,,,123352,98.45633697509766,65.67765045166016,image,,,,,,,,,0,2.0813605785369873
clear,clean,weather,,,,1534867437548282000,13.064456939697266,16.96475601196289,,,,lidar,34752,12919,3451,981,17401,,10.101165771484375,10.83013916015625,0,
clear,clean,weather,,,,1534867437598038000,13.11417007446289,17.153806686401367,,,,lidar,34720,12863,3477,936,17444,,10.093234062194824,10.75879192352295,0,
clear,clean,weather,1.8870697021484375,900,1600,1534867437612404000,,,123588,98.31233215332031,65.75382995605469,image,,,,,,,,,0,2.079705238342285
clear,clean,weather,,,,1534867437648336000,13.180766105651855,17.463150024414062,,,,lidar,34752,12926,3459,849,17518,,9.973403930664062,10.585433006286621,0,
clear,clean,weather,1.8728636503219604,900,1600,1534867437662404000,,,123237,98.54287719726562,65.56056213378906,image,,,,,,,,,0,2.0734329223632812
clear,clean,weather,,,,1534867437698112000,13.156192779541016,17.43485450744629,,,,lidar,34720,12912,3473,810,17525,,9.940288543701172,10.531757354736328,0,
clear,clean,weather,,,,1534867437748436000,13.156825065612793,17.41942024230957,,,,lidar,34752,12925,3512,771,17544,,9.916436195373535,10.515005111694336,0,
clear,clean,weather,1.8573768138885498,900,1600,1534867437762404000,,,122508,97.9354248046875,65.20182037353516,image,,,,,,,,,0,2.0372955799102783
clear,clean,weather,,,,1534867437798188000,13.202707290649414,17.62460708618164,,,,lidar,34720,12960,3459,716,17585,,9.829221725463867,10.425127029418945,0,
clear,clean,weather,,,,1534867437848515000,13.147839546203613,17.53614044189453,,,,lidar,34720,12943,3481,676,17620,,9.80276870727539,10.333318710327148,0,
clear,clean,weather,,,,1534867437898272000,13.107274055480957,17.478618621826172,,,,lidar,34752,12937,3420,642,17753,,9.7625093460083,10.277042388916016,0,
clear,clean,weather,1.8096657991409302,900,1600,1534867437862404000,,,120522,99.3681640625,64.59303283691406,image,,,,,,,,,0,1.9926995038986206
clear,clean,weather,1.807237148284912,900,1600,1534867437912404000,,,120751,98.27862548828125,64.29558563232422,image,,,,,,,,,0,2.000260591506958
clear,clean,weather,,,,1534867437948593000,13.069844245910645,17.44171905517578,,,,lidar,34720,12965,3432,587,17736,,9.698354721069336,10.1842041015625,0,
clear,clean,weather,,,,1534867437998356000,12.941734313964844,16.98015022277832,,,,lidar,34720,12925,3413,578,17804,,9.690338134765625,10.218940734863281,0,
clear,clean,weather,1.7951213121414185,900,1600,1534867438012404000,,,120111,99.3678207397461,64.39295196533203,image,,,,,,,,,0,2.000825881958008
clear,clean,weather,,,,1534867438048125000,12.99807071685791,17.174041748046875,,,,lidar,34720,12889,3410,549,17872,,9.658327102661133,10.143709182739258,0,
clear,clean,weather,,,,1534867438098461000,12.994355201721191,17.138748168945312,,,,lidar,34720,12881,3387,535,17917,,9.636115074157715,10.090240478515625,0,
clear,clean,weather,1.7997157573699951,900,1600,1534867438112404000,,,120444,98.87726593017578,64.52424621582031,image,,,,,,,,,0,2.0232863426208496
clear,clean,weather,,,,1534867438148214000,12.960685729980469,17.14496421813965,,,,lidar,34720,12889,3378,509,17944,,9.592150688171387,10.003504753112793,0,
clear,clean,weather,1.775554895401001,900,1600,1534867438162404000,,,119665,99.1541519165039,64.26579284667969,image,,,,,,,,,0,2.0120153427124023
clear,clean,weather,,,,1534867438198532000,13.012960433959961,17.55092430114746,,,,lidar,34720,12880,3331,469,18040,,9.536971092224121,9.93962574005127,0,
clear,clean,weather,,,,1534867438248293000,12.986204147338867,17.744596481323242,,,,lidar,34720,12859,3361,444,18056,,9.511454582214355,9.871543884277344,0,
clear,clean,weather,1.7820130586624146,900,1600,1534867438262404000,,,120272,98.8040542602539,64.44044494628906,image,,,,,,,,,0,2.021493434906006
clear,clean,weather,,,,1534867438298624000,13.104233741760254,17.885404586791992,,,,lidar,34720,12867,3359,450,18044,,9.4974946975708,9.879048347473145,0,
clear,clean,weather,,,,1534867438348377000,12.97701644897461,17.36768341064453,,,,lidar,34720,12905,3345,465,18005,,9.455617904663086,9.91258430480957,0,
clear,clean,weather,1.777024507522583,900,1600,1534867438362404000,,,120099,99.28573608398438,64.60356140136719,image,,,,,,,,,0,2.0232605934143066
clear,clean,weather,,,,1534867438398169000,13.034562110900879,17.528825759887695,,,,lidar,34720,12951,3322,442,18005,,9.389702796936035,9.819291114807129,0,
clear,clean,weather,1.7863893508911133,900,1600,1534867438412404000,,,120457,98.71813201904297,64.59934997558594,image,,,,,,,,,0,2.040414333343506
clear,clean,weather,,,,1534867438448663000,12.945413589477539,17.299724578857422,,,,lidar,34752,12957,3249,446,18100,,9.363543510437012,9.821051597595215,0,
clear,clean,weather,,,,1534867438498255000,12.967513084411621,17.308753967285156,,,,lidar,34752,12970,3165,464,18153,,9.325336456298828,9.826167106628418,0,
clear,clean,weather,1.7704551219940186,900,1600,1534867438512404000,,,120067,99.2140884399414,64.65204620361328,image,,,,,,,,,0,2.0405735969543457
clear,clean,weather,,,,1534867438548564000,12.974879264831543,17.558822631835938,,,,lidar,34752,12989,3075,456,18232,,9.267239570617676,9.72889518737793,0,
clear,clean,weather,,,,1534867438598347000,12.896149635314941,17.462255477905273,,,,lidar,34752,12975,3012,447,18318,,9.244858741760254,9.710010528564453,0,
clear,clean,weather,1.7655729055404663,900,1600,1534867438612404000,,,119617,99.66841888427734,64.67388916015625,image,,,,,,,,,0,2.043600559234619
clear,clean,weather,,,,1534867438648638000,12.976570129394531,17.6207218170166,,,,lidar,34784,12934,2973,454,18423,,9.251673698425293,9.681626319885254,0,
clear,clean,weather,1.7715564966201782,900,1600,1534867438662404000,,,120247,99.1868896484375,64.54371643066406,image,,,,,,,,,0,2.0484657287597656
clear,clean,weather,,,,1534867438698458000,13.058758735656738,17.8250675201416,,,,lidar,34752,12918,2960,444,18430,,9.227119445800781,9.618639945983887,0,
clear,clean,weather,,,,1534867438748717000,13.141861915588379,17.801469802856445,,,,lidar,34752,12904,2935,441,18472,,9.235782623291016,9.6259126663208,0,
clear,clean,weather,1.7713243961334229,900,1600,1534867438762404000,,,120324,99.26935577392578,64.44806671142578,image,,,,,,,,,0,2.0583271980285645
clear,clean,weather,,,,1534867438798511000,13.212355613708496,17.836395263671875,,,,lidar,34720,12839,2982,448,18451,,9.268434524536133,9.63235855102539,0,
clear,clean,weather,,,,1534867438848821000,13.196189880371094,17.882238388061523,,,,lidar,34752,12878,2938,459,18477,,9.252457618713379,9.664164543151855,0,
clear,clean,weather,,,,1534867438898596000,13.224591255187988,17.862571716308594,,,,lidar,34752,12903,2941,444,18464,,9.21682071685791,9.592695236206055,0,
clear,clean,weather,1.7710055112838745,900,1600,1534867438862404000,,,120859,98.87906646728516,64.68507385253906,image,,,,,,,,,0,2.0723776817321777
clear,clean,weather,1.749005675315857,900,1600,1534867438912413000,,,120291,99.21025848388672,64.470703125,image,,,,,,,,,0,2.0683600902557373
clear,clean,weather,,,,1534867438948913000,13.330615997314453,18.118837356567383,,,,lidar,34720,12944,2919,453,18404,,9.202192306518555,9.62162971496582,0,
clear,clean,weather,,,,1534867438998674000,13.327923774719238,18.071805953979492,,,,lidar,34752,12961,2926,467,18398,,9.22070598602295,9.709202766418457,0,
clear,clean,weather,1.7439587116241455,900,1600,1534867439012404000,,,119835,99.63884735107422,64.61653900146484,image,,,,,,,,,0,2.0704970359802246
clear,clean,weather,,,,1534867439048989000,13.252302169799805,17.871828079223633,,,,lidar,34752,12964,2926,443,18419,,9.177766799926758,9.57489013671875,0,
clear,clean,weather,,,,1534867439098749000,13.398761749267578,18.226543426513672,,,,lidar,34720,12950,2895,447,18428,,9.173012733459473,9.56922435760498,0,
clear,clean,weather,1.7376089096069336,900,1600,1534867439112404000,,,119942,99.47638702392578,64.51901245117188,image,,,,,,,,,0,2.077481985092163
clear,clean,weather,,,,1534867439149065000,13.391446113586426,18.133556365966797,,,,lidar,34720,12940,2891,428,18461,,9.149142265319824,9.509051322937012,0,
clear,clean,weather,1.7272899150848389,900,1600,1534867439162404000,,,119748,99.14807891845703,64.1951904296875,image,,,,,,,,,0,2.081549644470215
clear,clean,weather,,,,1534867439199308000,13.361130714416504,18.03166389465332,,,,lidar,34752,12884,2898,451,18519,,9.179755210876465,9.555334091186523,0,
clear,clean,weather,,,,1534867439249155000,13.293749809265137,17.921112060546875,,,,lidar,34720,12883,2848,463,18526,,9.186899185180664,9.614288330078125,0,
clear,clean,weather,1.7572954893112183,900,1600,1534867439262404000,,,121288,98.84269714355469,64.44241333007812,image,,,,,,,,,0,2.128937005996704
clear,clean,weather,,,,1534867439298950000,13.372753143310547,18.046676635742188,,,,lidar,34720,12906,2837,464,18513,,9.155583381652832,9.565074920654297,0,
clear,clean,weather,,,,1534867439348701000,13.445448875427246,17.959360122680664,,,,lidar,34720,12925,2824,470,18501,,9.144478797912598,9.589351654052734,0,
clear,clean,weather,,,,1534867439399032000,13.480576515197754,18.021883010864258,,,,lidar,34752,12911,2815,456,18570,,9.119235038757324,9.541960716247559,0,
clear,clean,weather,1.7507373094558716,900,1600,1534867439362404000,,,120986,99.82475280761719,64.2767105102539,image,,,,,,,,,0,2.1260712146759033
clear,clean,weather,1.7509088516235352,900,1600,1534867439412404000,,,121132,99.45929718017578,64.15013122558594,image,,,,,,,,,0,2.1262638568878174
clear,clean,weather,,,,1534867439448778000,13.42332935333252,17.783519744873047,,,,lidar,34720,12916,2826,453,18525,,9.084128379821777,9.471858978271484,0,
clear,clean,weather,,,,1534867439499100000,13.499683380126953,17.82280921936035,,,,lidar,34720,12923,2808,474,18515,,9.095735549926758,9.543782234191895,0,
clear,clean,weather,1.743735671043396,900,1600,1534867439512404000,,,121203,99.68073272705078,64.14338684082031,image,,,,,,,,,0,2.1462409496307373
clear,clean,weather,,,,1534867439548869000,13.568887710571289,18.005388259887695,,,,lidar,34752,12969,2795,472,18516,,9.056594848632812,9.500925064086914,0,
clear,clean,weather,,,,1534867439599196000,13.619441032409668,18.126710891723633,,,,lidar,34720,12993,2829,485,18413,,9.051589965820312,9.548423767089844,0,
clear,clean,weather,1.746907114982605,900,1600,1534867439612404000,,,121909,99.72492980957031,64.16187286376953,image,,,,,,,,,0,2.1703197956085205
clear,clean,weather,,,,1534867439648947000,13.715670585632324,18.32006072998047,,,,lidar,34752,12992,2861,484,18415,,9.042155265808105,9.504409790039062,0,
clear,clean,weather,1.7323452234268188,900,1600,1534867439662404000,,,121384,100.13719940185547,63.74226760864258,image,,,,,,,,,0,2.1549901962280273
clear,clean,weather,,,,1534867439699272000,13.67774486541748,18.185503005981445,,,,lidar,34752,12908,2918,482,18444,,9.082926750183105,9.525409698486328,0,
clear,clean,weather,,,,1534867439749040000,13.715697288513184,18.155981063842773,,,,lidar,34720,12950,2845,478,18447,,9.031373977661133,9.470293998718262,0,
clear,clean,weather,1.7343096733093262,900,1600,1534867439762404000,,,121228,100.80752563476562,63.63813400268555,image,,,,,,,,,0,2.1700563430786133
clear,clean,weather,,,,1534867439798808000,13.806336402893066,18.212430953979492,,,,lidar,34720,13038,2765,469,18448,,8.964947700500488,9.4334077835083,0,
clear,clean,weather,,,,1534867439849154000,13.888409614562988,18.331533432006836,,,,lidar,34752,13075,2719,480,18478,,8.960906028747559,9.482352256774902,0,
clear,clean,weather,,,,1534867439898892000,13.92373275756836,18.30846405029297,,,,lidar,34720,13032,2685,481,18522,,8.969344139099121,9.538394927978516,0,
clear,clean,weather,1.7418866157531738,900,1600,1534867439862404000,,,121874,100.8338851928711,63.58353805541992,image,,,,,,,,,0,2.20009183883667
clear,clean,weather,1.7289917469024658,900,1600,1534867439912404000,,,121469,100.65623474121094,63.077266693115234,image,,,,,,,,,0,2.194897174835205
clear,clean,weather,,,,1534867439949201000,13.874625205993652,18.237525939941406,,,,lidar,34720,12999,2691,478,18552,,8.964893341064453,9.438976287841797,0,
clear,clean,weather,,,,1534867439998973000,14.029840469360352,18.52031135559082,,,,lidar,34752,13049,2655,492,18556,,8.956892967224121,9.50423812866211,0,
clear,clean,weather,1.7364234924316406,900,1600,1534867440012404000,,,122203,100.79953002929688,62.96615982055664,image,,,,,,,,,0,2.218158483505249
clear,clean,weather,,,,1534867440049294000,14.159764289855957,18.69693374633789,,,,lidar,34720,13070,2621,481,18548,,8.941032409667969,9.492297172546387,0,
clear,clean,weather,,,,1534867440099074000,14.182344436645508,18.802743911743164,,,,lidar,34720,13155,2582,485,18498,,8.90006160736084,9.453336715698242,0,
clear,clean,weather,1.7392328977584839,900,1600,1534867440112404000,,,122624,101.06428527832031,62.92448425292969,image,,,,,,,,,0,2.235470771789551
clear,clean,weather,,,,1534867440149392000,14.230673789978027,18.917312622070312,,,,lidar,34720,13207,2534,462,18517,,8.862837791442871,9.393902778625488,0,
clear,clean,weather,1.7498054504394531,900,1600,1534867440162404000,,,122901,100.33753204345703,62.78926467895508,image,,,,,,,,,0,2.2443902492523193
clear,clean,weather,,,,1534867440199182000,14.282920837402344,18.888559341430664,,,,lidar,34720,13247,2522,488,18463,,8.887768745422363,9.471386909484863,0,
clear,clean,weather,,,,1534867440248910000,14.367734909057617,19.021102905273438,,,,lidar,34688,13274,2505,502,18407,,8.906644821166992,9.534521102905273,0,
clear,clean,weather,1.7289917469024658,900,1600,1534867440262404000,,,122472,100.65704345703125,62.66639709472656,image,,,,,,,,,0,2.231733798980713
clear,clean,weather,,,,1534867440299315000,14.545621871948242,19.444202423095703,,,,lidar,34720,13383,2483,491,18363,,8.858724594116211,9.471345901489258,0,
clear,clean,weather,,,,1534867440348991000,14.554110527038574,19.247756958007812,,,,lidar,34688,13343,2452,522,18371,,8.900944709777832,9.55157470703125,0,
clear,clean,weather,1.722183346748352,900,1600,1534867440362404000,,,122283,100.26360321044922,62.63817596435547,image,,,,,,,,,0,2.2266976833343506
clear,clean,weather,,,,1534867440398762000,14.625345230102539,19.477359771728516,,,,lidar,34720,13424,2426,511,18359,,8.8853178024292,9.568050384521484,0,
clear,clean,weather,1.7166763544082642,900,1600,1534867440412404000,,,122023,100.3337631225586,62.61421585083008,image,,,,,,,,,0,2.2224721908569336
clear,clean,weather,,,,1534867440449077000,14.661669731140137,19.619028091430664,,,,lidar,34688,13484,2384,514,18306,,8.844141960144043,9.467820167541504,0,
clear,clean,weather,,,,1534867440498878000,14.682891845703125,19.52702522277832,,,,lidar,34720,13522,2340,520,18338,,8.851998329162598,9.543071746826172,0,
clear,clean,weather,1.7040101289749146,900,1600,1534867440512404000,,,121798,100.79163360595703,62.611961364746094,image,,,,,,,,,0,2.2126481533050537
clear,clean,weather,,,,1534867440549191000,14.748154640197754,19.630220413208008,,,,lidar,34688,13562,2314,510,18302,,8.827213287353516,9.486926078796387,0,
clear,clean,weather,,,,1534867440598931000,14.713939666748047,19.423433303833008,,,,lidar,34720,13599,2309,504,18308,,8.830022811889648,9.468750953674316,0,
clear,clean,weather,1.6843006610870361,900,1600,1534867440612404000,,,121332,100.63520050048828,62.568145751953125,image,,,,,,,,,0,2.204477310180664
clear,clean,weather,,,,1534867440648695000,14.691247940063477,19.454984664916992,,,,lidar,34688,13577,2313,515,18283,,8.879803657531738,9.609405517578125,0,
clear,clean,weather,1.6848551034927368,900,1600,1534867440662404000,,,121142,100.79833221435547,62.55310821533203,image,,,,,,,,,0,2.204418182373047
clear,clean,weather,,,,1534867440699022000,14.649654388427734,19.279632568359375,,,,lidar,34720,13564,2283,530,18343,,8.890557289123535,9.583202362060547,0,
clear,clean,weather,,,,1534867440748781000,14.605051040649414,19.28241729736328,,,,lidar,34688,13615,2229,522,18322,,8.853351593017578,9.515631675720215,0,
clear,clean,weather,1.6663109064102173,900,1600,1534867440762404000,,,120969,100.61022186279297,62.27955627441406,image,,,,,,,,,0,2.202042579650879
clear,clean,weather,,,,1534867440798551000,14.69067096710205,19.379783630371094,,,,lidar,34688,13638,2154,566,18330,,8.879237174987793,9.638136863708496,0,
clear,clean,weather,,,,1534867440848893000,14.736348152160645,19.479677200317383,,,,lidar,34720,13732,2114,539,18335,,8.789968490600586,9.428857803344727,0,
clear,clean,weather,,,,1534867440898654000,14.744580268859863,19.567501068115234,,,,lidar,34688,13739,2092,560,18297,,8.796957015991211,9.438633918762207,0,
clear,clean,weather,1.6686303615570068,900,1600,1534867440862404000,,,121596,100.71832275390625,62.525943756103516,image,,,,,,,,,0,2.227241277694702
clear,clean,weather,1.6552540063858032,900,1600,1534867440912404000,,,120992,101.18413543701172,62.301326751708984,image,,,,,,,,,0,2.219377040863037
clear,clean,weather,,,,1534867440948950000,14.762269973754883,19.647207260131836,,,,lidar,34720,13776,2082,595,18267,,8.834795951843262,9.607685089111328,0,
clear,clean,weather,,,,1534867440998734000,14.7463960647583,19.421091079711914,,,,lidar,34688,13790,2040,605,18253,,8.800219535827637,9.4918851852417,0,
clear,clean,weather,1.6635535955429077,900,1600,1534867441012404000,,,121321,100.81307983398438,62.36985778808594,image,,,,,,,,,0,2.241823434829712
clear,clean,weather,,,,1534867441048488000,14.681273460388184,19.331947326660156,,,,lidar,34688,13793,2070,599,18226,,8.80829906463623,9.539472579956055,0,
clear,clean,weather,,,,1534867441098820000,14.828052520751953,19.774953842163086,,,,lidar,34720,13874,2075,583,18188,,8.781777381896973,9.540806770324707,0,
clear,clean,weather,1.6539698839187622,900,1600,1534867441112410000,,,121229,101.31444549560547,62.48814392089844,image,,,,,,,,,0,2.249742031097412
clear,clean,weather,,,,1534867441148588000,14.835880279541016,19.575319290161133,,,,lidar,34688,13935,2084,593,18076,,8.754110336303711,9.552945137023926,0,
clear,clean,weather,1.648847222328186,900,1600,1534867441162404000,,,121124,101.14104461669922,62.29246520996094,image,,,,,,,,,0,2.2439181804656982
clear,clean,weather,,,,1534867441198344000,14.887327194213867,19.72176170349121,,,,lidar,34720,13938,2067,609,18106,,8.76686954498291,9.581165313720703,0,
clear,clean,weather,,,,1534867441248674000,14.865025520324707,19.692136764526367,,,,lidar,34688,13967,2072,587,18062,,8.726710319519043,9.522723197937012,0,
clear,clean,weather,1.6375749111175537,900,1600,1534867441262406000,,,120594,101.3106689453125,61.98604202270508,image,,,,,,,,,0,2.2519819736480713
clear,clean,weather,,,,1534867441298498000,14.958928108215332,19.927629470825195,,,,lidar,34720,14040,2048,603,18029,,8.714754104614258,9.567009925842285,0,
clear,clean,weather,,,,1534867441348214000,14.928303718566895,19.97072982788086,,,,lidar,34688,14034,2015,621,18018,,8.718975067138672,9.608834266662598,0,
clear,clean,weather,,,,1534867441398516000,14.976122856140137,20.082775115966797,,,,lidar,34720,14114,2022,609,17975,,8.67242431640625,9.547362327575684,0,
clear,clean,weather,1.6448585987091064,900,1600,1534867441362404000,,,121155,101.45944213867188,61.831947326660156,image,,,,,,,,,0,2.2757534980773926
clear,clean,weather,1.6390410661697388,900,1600,1534867441412404000,,,121065,101.13176727294922,61.67354965209961,image,,,,,,,,,0,2.2812297344207764
clear,clean,weather,,,,1534867441448283000,15.063451766967773,20.33878517150879,,,,lidar,34688,14108,2053,614,17913,,8.683060646057129,9.545221328735352,0,
clear,clean,weather,,,,1534867441498636000,15.099775314331055,20.315187454223633,,,,lidar,34688,14122,2054,632,17880,,8.706518173217773,9.647652626037598,0,
clear,clean,weather,1.6349760293960571,900,1600,1534867441512404000,,,120708,101.69186401367188,61.46450424194336,image,,,,,,,,,0,2.281564235687256
clear,clean,weather,,,,1534867441548370000,15.05324649810791,20.217302322387695,,,,lidar,34688,14148,2026,623,17891,,8.672889709472656,9.605069160461426,0,
clear,clean,weather,,,,1534867441598151000,14.902156829833984,19.78816795349121,,,,lidar,34688,14142,2041,606,17899,,8.659150123596191,9.554657936096191,0,
clear,clean,weather,1.6246744394302368,900,1600,1534867441612404000,,,120682,101.73751068115234,61.12450408935547,image,,,,,,,,,0,2.289311647415161
clear,clean,weather,,,,1534867441648627000,14.917579650878906,19.925235748291016,,,,lidar,34688,14171,2033,609,17875,,8.648442268371582,9.550745010375977,0,
clear,clean,weather,1.6403731107711792,900,1600,1534867441662404000,,,121218,101.93718719482422,61.100379943847656,image,,,,,,,,,0,2.305595874786377
clear,clean,weather,,,,1534867441698269000,14.943756103515625,19.84929656982422,,,,lidar,34688,14257,2013,610,17808,,8.616592407226562,9.555545806884766,0,
clear,clean,weather,,,,1534867441747982000,15.050651550292969,20.08835792541504,,,,lidar,34688,14330,2006,631,17721,,8.611294746398926,9.604607582092285,0,
clear,clean,weather,1.6271134614944458,900,1600,1534867441762404000,,,120875,101.84388732910156,60.78234100341797,image,,,,,,,,,0,2.305647134780884
clear,clean,weather,,,,1534867441798300000,15.13895320892334,20.26620101928711,,,,lidar,34688,14345,1984,642,17717,,8.597765922546387,9.589923858642578,0,
clear,clean,weather,,,,1534867441848070000,15.256918907165527,20.54642105102539,,,,lidar,34688,14423,1970,655,17640,,8.569133758544922,9.581445693969727,0,
clear,clean,weather,,,,1534867441898462000,15.235527992248535,20.365962982177734,,,,lidar,34688,14420,1987,673,17608,,8.586584091186523,9.639521598815918,0,
clear,clean,weather,1.6231526136398315,900,1600,1534867441862404000,,,120745,102.1424789428711,60.77756118774414,image,,,,,,,,,0,2.3135671615600586
clear,clean,weather,1.6197428703308105,900,1600,1534867441912404000,,,120646,102.29944610595703,60.66593933105469,image,,,,,,,,,0,2.3133320808410645
clear,clean,weather,,,,1534867441948169000,15.343231201171875,20.6554012298584,,,,lidar,34720,14472,2019,688,17541,,8.597184181213379,9.672825813293457,0,
clear,clean,weather,,,,1534867441997956000,15.36568832397461,20.770742416381836,,,,lidar,34688,14466,1996,701,17525,,8.598012924194336,9.723282814025879,0,
clear,clean,weather,1.612756609916687,900,1600,1534867442012404000,,,120850,101.6878890991211,60.503440856933594,image,,,,,,,,,0,2.316323757171631
clear,clean,weather,,,,1534867442047686000,15.4431791305542,20.866519927978516,,,,lidar,34688,14577,2008,684,17419,,8.566694259643555,9.734489440917969,0,
clear,clean,weather,,,,1534867442098062000,15.423489570617676,20.717161178588867,,,,lidar,34688,14742,2038,695,17213,,8.529090881347656,9.688688278198242,0,
clear,clean,weather,1.6120880842208862,900,1600,1534867442112726000,,,120522,101.94441986083984,60.38804626464844,image,,,,,,,,,0,2.3152015209198
clear,clean,weather,,,,1534867442147767000,15.32998275756836,20.65767478942871,,,,lidar,34720,14809,2074,672,17165,,8.517769813537598,9.612399101257324,0,
clear,clean,weather,1.615873098373413,900,1600,1534867442162404000,,,120873,101.88933563232422,60.52143859863281,image,,,,,,,,,0,2.330113410949707
clear,clean,weather,,,,1534867442197540000,15.307916641235352,20.72503662109375,,,,lidar,34688,15028,2063,644,16953,,8.428600311279297,9.511998176574707,0,
clear,clean,weather,,,,1534867442247929000,15.445802688598633,21.007810592651367,,,,lidar,34688,15086,2065,688,16849,,8.48786449432373,9.714197158813477,0,
clear,clean,weather,1.598066806793213,900,1600,1534867442262404000,,,120158,102.30948638916016,60.533626556396484,image,,,,,,,,,0,2.3201043605804443
clear,clean,weather,,,,1534867442297645000,15.441302299499512,20.90896224975586,,,,lidar,34720,15191,2075,687,16767,,8.461482048034668,9.67196273803711,0,
clear,clean,weather,,,,1534867442348677000,15.397428512573242,20.724960327148438,,,,lidar,34688,15324,2076,672,16616,,8.412093162536621,9.607498168945312,0,
clear,clean,weather,1.589065432548523,900,1600,1534867442362404000,,,120283,102.33506774902344,60.54896926879883,image,,,,,,,,,0,2.32034969329834
clear,clean,weather,,,,1534867442397714000,15.337471008300781,20.67652130126953,,,,lidar,34720,15426,2078,672,16544,,8.402968406677246,9.616881370544434,0,
clear,clean,weather,,,,1534867442447483000,15.369037628173828,20.751134872436523,,,,lidar,34720,15496,2047,690,16487,,8.4075927734375,9.722156524658203,0,
clear,clean,weather,1.587511658668518,900,1600,1534867442412404000,,,120234,101.88795471191406,60.37976837158203,image,,,,,,,,,0,2.3187694549560547
clear,clean,weather,,,,1534867442497867000,15.284936904907227,20.621891021728516,,,,lidar,34720,15513,2062,687,16458,,8.410552024841309,9.691587448120117,0,
clear,clean,weather,1.5864810943603516,900,1600,1534867442512404000,,,120141,102.03264617919922,60.289554595947266,image,,,,,,,,,0,2.3221871852874756
clear,clean,weather,,,,1534867442547583000,15.324193954467773,20.807300567626953,,,,lidar,34720,15585,2051,698,16386,,8.404772758483887,9.698576927185059,0,
clear,clean,weather,,,,1534867442597876000,15.258583068847656,20.550750732421875,,,,lidar,34720,15597,2058,718,16347,,8.441750526428223,9.775846481323242,0,
clear,clean,weather,1.5988951921463013,900,1600,1534867442612404000,,,120873,101.78191375732422,60.306400299072266,image,,,,,,,,,0,2.3447482585906982
clear,clean,weather,,,,1534867442647660000,15.373214721679688,20.776432037353516,,,,lidar,34720,15669,2068,712,16271,,8.424490928649902,9.783349990844727,0,
clear,clean,weather,1.6021610498428345,900,1600,1534867442662404000,,,120884,101.58871459960938,60.343990325927734,image,,,,,,,,,0,2.345653533935547
clear,clean,weather,,,,1534867442697447000,15.393202781677246,20.89617347717285,,,,lidar,34720,15772,2032,706,16210,,8.37388801574707,9.70152759552002,0,
clear,clean,weather,,,,1534867442747761000,15.418249130249023,20.902076721191406,,,,lidar,34752,15855,2016,695,16186,,8.340434074401855,9.672901153564453,0,
clear,clean,weather,1.6131978034973145,900,1600,1534867442762404000,,,121401,101.3487319946289,60.334434509277344,image,,,,,,,,,0,2.3470563888549805
clear,clean,weather,,,,1534867442797564000,15.406307220458984,20.996383666992188,,,,lidar,34720,15885,1993,701,16141,,8.333989143371582,9.644736289978027,0,
clear,clean,weather,,,,1534867442847842000,15.429269790649414,21.072174072265625,,,,lidar,34752,15902,2003,709,16138,,8.356741905212402,9.766961097717285,0,
clear,clean,weather,1.626450538635254,900,1600,1534867442862404000,,,121699,101.84841918945312,60.37608337402344,image,,,,,,,,,0,2.3552725315093994
clear,clean,weather,,,,1534867442897618000,15.2838134765625,20.97761344909668,,,,lidar,34720,15980,1964,695,16081,,8.297183990478516,9.693201065063477,0,
clear,clean,weather,,,,1534867442947903000,15.408525466918945,21.30023956298828,,,,lidar,34720,16053,1961,675,16031,,8.261743545532227,9.6566801071167,0,
clear,clean,weather,1.6287797689437866,900,1600,1534867442912404000,,,121965,101.7166976928711,60.43376922607422,image,,,,,,,,,0,2.360395669937134
clear,clean,weather,,,,1534867442997694000,15.312270164489746,21.148143768310547,,,,lidar,34752,16130,1940,667,16015,,8.207645416259766,9.561415672302246,0,
clear,clean,weather,,,,1534867443047995000,15.2920503616333,21.128328323364258,,,,lidar,34720,16199,1914,662,15945,,8.154102325439453,9.506742477416992,0,
clear,clean,weather,,,,1534867443097829000,15.233180046081543,21.00164031982422,,,,lidar,34720,16220,1938,684,15878,,8.201425552368164,9.627138137817383,0,
clear,clean,weather,1.6381961107254028,900,1600,1534867443112404000,,,122274,101.86759185791016,60.40401077270508,image,,,,,,,,,0,2.3700528144836426
clear,clean,weather,,,,1534867443147528000,15.135320663452148,20.82549476623535,,,,lidar,34688,16232,1950,692,15814,,8.205245971679688,9.682531356811523,0,
clear,clean,weather,1.6489604711532593,900,1600,1534867443162404000,,,122760,101.67259979248047,60.52497100830078,image,,,,,,,,,0,2.378333568572998
clear,clean,weather,,,,1534867443197863000,15.130932807922363,20.82086753845215,,,,lidar,34720,16274,1967,713,15766,,8.224038124084473,9.731504440307617,0,
clear,clean,weather,,,,1534867443247608000,15.169210433959961,20.93866729736328,,,,lidar,34720,16289,1984,689,15758,,8.187033653259277,9.621302604675293,0,
clear,clean,weather,1.6416524648666382,900,1600,1534867443262404000,,,122495,101.84120178222656,60.503475189208984,image,,,,,,,,,0,2.372454881668091
clear,clean,weather,,,,1534867443297939000,15.220276832580566,20.9706974029541,,,,lidar,34720,16354,1962,712,15692,,8.184991836547852,9.74397087097168,0,
clear,clean,weather,,,,1534867443347701000,15.087845802307129,20.80695152282715,,,,lidar,34720,16357,2003,719,15641,,8.211963653564453,9.758066177368164,0,
clear,clean,weather,1.6373838186264038,900,1600,1534867443362404000,,,122143,101.97798156738281,60.46934127807617,image,,,,,,,,,0,2.3681304454803467
clear,clean,weather,,,,1534867443397468000,14.971488952636719,20.54892349243164,,,,lidar,34688,16366,1984,734,15604,,8.224411010742188,9.841901779174805,0,
clear,clean,weather,,,,1534867443447793000,14.919844627380371,20.50990867614746,,,,lidar,34720,16402,2026,688,15604,,8.162371635437012,9.640398979187012,0,
clear,clean,weather,1.6508824825286865,900,1600,1534867443412404000,,,122513,101.94351959228516,60.44734573364258,image,,,,,,,,,0,2.383540630340576
clear,clean,weather,,,,1534867443497572000,14.949711799621582,20.63814353942871,,,,lidar,34720,16450,1976,718,15576,,8.180272102355957,9.75913143157959,0,
clear,clean,weather,1.6410917043685913,900,1600,1534867443512404000,,,121942,102.30425262451172,60.32217788696289,image,,,,,,,,,0,2.3695411682128906
clear,clean,weather,,,,1534867443547324000,14.827980995178223,20.485395431518555,,,,lidar,34688,16472,2005,710,15501,,8.166123390197754,9.702714920043945,0,
clear,clean,weather,,,,1534867443597672000,14.8412446975708,20.515140533447266,,,,lidar,34720,16509,2001,707,15503,,8.149370193481445,9.693216323852539,0,
clear,clean,weather,1.6643130779266357,900,1600,1534867443612404000,,,122996,101.73141479492188,60.804683685302734,image,,,,,,,,,0,2.386967420578003
clear,clean,weather,,,,1534867443647400000,14.946436882019043,20.863296508789062,,,,lidar,34688,16527,1996,710,15455,,8.137154579162598,9.68653392791748,0,
clear,clean,weather,1.6512243747711182,900,1600,1534867443662404000,,,122127,102.17410278320312,60.52016067504883,image,,,,,,,,,0,2.375882863998413
clear,clean,weather,,,,1534867443697742000,14.87419319152832,20.766813278198242,,,,lidar,34720,16549,2019,696,15456,,8.129630088806152,9.631820678710938,0,
clear,clean,weather,,,,1534867443747485000,14.895122528076172,20.8876895904541,,,,lidar,34688,16556,2034,696,15402,,8.130141258239746,9.662457466125488,0,
clear,clean,weather,1.6415621042251587,900,1600,1534867443762404000,,,121916,102.73819732666016,60.198673248291016,image,,,,,,,,,0,2.3661046028137207
clear,clean,weather,,,,1534867443797279000,14.861133575439453,20.706525802612305,,,,lidar,34688,16582,2031,702,15373,,8.132262229919434,9.706607818603516,0,
clear,clean,weather,,,,1534867443847571000,14.848098754882812,20.640296936035156,,,,lidar,34720,16678,2007,685,15350,,8.072711944580078,9.627904891967773,0,
clear,clean,weather,1.6437634229660034,900,1600,1534867443862404000,,,122274,102.1910629272461,60.16826248168945,image,,,,,,,,,0,2.372312307357788
clear,clean,weather,,,,1534867443897376000,14.887800216674805,20.780580520629883,,,,lidar,34688,16675,2016,689,15308,,8.07303237915039,9.649744987487793,0,
clear,clean,weather,,,,1534867443947127000,14.845595359802246,20.604434967041016,,,,lidar,34688,16667,2005,703,15313,,8.092031478881836,9.712141036987305,0,
clear,clean,weather,1.642170786857605,900,1600,1534867443912404000,,,122069,102.0731430053711,60.24339294433594,image,,,,,,,,,0,2.3659350872039795
clear,clean,weather,,,,1534867443997478000,14.789918899536133,20.66183090209961,,,,lidar,34720,16705,2044,682,15289,,8.072848320007324,9.691832542419434,0,
clear,clean,weather,1.643721103668213,900,1600,1534867444012404000,,,121946,102.28678131103516,60.16537857055664,image,,,,,,,,,0,2.370788335800171
clear,clean,weather,,,,1534867444047199000,14.818116188049316,20.631567001342773,,,,lidar,34720,16708,2024,701,15287,,8.093269348144531,9.736841201782227,0,
clear,clean,weather,,,,1534867444097519000,14.73035717010498,20.501312255859375,,,,lidar,34720,16701,2043,691,15285,,8.075881958007812,9.657771110534668,0,
clear,clean,weather,1.6441004276275635,900,1600,1534867444112404000,,,122238,102.3643569946289,60.21657943725586,image,,,,,,,,,0,2.3823776245117188
clear,clean,weather,,,,1534867444147295000,14.6326322555542,20.360429763793945,,,,lidar,34720,16698,2034,692,15296,,8.07120132446289,9.68010425567627,0,
clear,clean,weather,1.643972635269165,900,1600,1534867444162404000,,,122124,102.41118621826172,60.22901916503906,image,,,,,,,,,0,2.3759782314300537
clear,clean,weather,,,,1534867444198036000,14.661918640136719,20.39598846435547,,,,lidar,34752,16707,2046,705,15294,,8.090689659118652,9.751163482666016,0,
clear,clean,weather,,,,1534867444247372000,14.655328750610352,20.386030197143555,,,,lidar,34720,16742,2021,696,15261,,8.059986114501953,9.735304832458496,0,
clear,clean,weather,1.6430338621139526,900,1600,1534867444262404000,,,122178,102.64376831054688,60.183048248291016,image,,,,,,,,,0,2.3798811435699463
clear,clean,weather,,,,1534867444297132000,14.603283882141113,20.248350143432617,,,,lidar,34720,16759,2026,694,15241,,8.053842544555664,9.705718994140625,0,
clear,clean,weather,,,,1534867444347449000,14.668577194213867,20.30621910095215,,,,lidar,34720,16722,2034,693,15271,,8.068197250366211,9.708183288574219,0,
clear,clean,weather,1.6428685188293457,900,1600,1534867444362404000,,,122283,102.13543701171875,60.14216995239258,image,,,,,,,,,0,2.378681182861328
clear,clean,weather,,,,1534867444397270000,14.562874794006348,20.06462860107422,,,,lidar,34720,16735,2043,688,15254,,8.065269470214844,9.723822593688965,0,
clear,clean,weather,,,,1534867444447580000,14.561808586120605,20.06726837158203,,,,lidar,34720,16706,2058,676,15280,,8.059412956237793,9.674055099487305,0,
clear,clean,weather,1.6525932550430298,900,1600,1534867444412404000,,,122901,102.01188659667969,60.216129302978516,image,,,,,,,,,0,2.399667739868164
clear,clean,weather,,,,1534867444497330000,14.534334182739258,20.02313804626465,,,,lidar,34688,16653,2037,695,15303,,8.090913772583008,9.74839973449707,0,
clear,clean,weather,1.648098111152649,900,1600,1534867444512404000,,,122704,102.05860137939453,60.288875579833984,image,,,,,,,,,0,2.406132459640503
clear,clean,weather,,,,1534867444547070000,14.580270767211914,20.13319206237793,,,,lidar,34720,16680,2063,673,15304,,8.078153610229492,9.674363136291504,0,
clear,clean,weather,,,,1534867444597408000,14.665071487426758,20.320512771606445,,,,lidar,34688,16697,2036,684,15271,,8.062127113342285,9.713927268981934,0,
clear,clean,weather,1.6537044048309326,900,1600,1534867444612404000,,,123365,102.10264587402344,60.27571487426758,image,,,,,,,,,0,2.427631378173828
clear,clean,weather,,,,1534867444647162000,14.588018417358398,20.09378433227539,,,,lidar,34720,16640,2057,690,15333,,8.105324745178223,9.739312171936035,0,
clear,clean,weather,1.6584879159927368,900,1600,1534867444662404000,,,123561,101.93073272705078,60.4056282043457,image,,,,,,,,,0,2.42634654045105
clear,clean,weather,,,,1534867444696959000,14.707823753356934,20.409011840820312,,,,lidar,34688,16738,2022,668,15260,,8.013920783996582,9.628742218017578,0,
clear,clean,weather,,,,1534867444747268000,14.76491928100586,20.492233276367188,,,,lidar,34720,16714,2033,686,15287,,8.057281494140625,9.714523315429688,0,
clear,clean,weather,1.6604864597320557,900,1600,1534867444762404000,,,123412,101.96737670898438,60.41749954223633,image,,,,,,,,,0,2.4299213886260986
clear,clean,weather,,,,1534867444797028000,14.82038402557373,20.427518844604492,,,,lidar,34752,16725,2038,680,15309,,8.046391487121582,9.712345123291016,0,
clear,clean,weather,,,,1534867444847332000,14.729291915893555,20.223060607910156,,,,lidar,34720,16651,2068,677,15324,,8.0750093460083,9.696660041809082,0,
clear,clean,weather,1.6631485223770142,900,1600,1534867444862404000,,,123603,101.89087677001953,60.49049758911133,image,,,,,,,,,0,2.432244062423706
clear,clean,weather,,,,1534867444897099000,14.759237289428711,20.191837310791016,,,,lidar,34752,16688,2079,684,15301,,8.083725929260254,9.7398681640625,0,
clear,clean,weather,,,,1534867444947433000,14.838973045349121,20.203048706054688,,,,lidar,34752,16746,2079,675,15252,,8.05595588684082,9.731223106384277,0,
clear,clean,weather,1.6604746580123901,900,1600,1534867444912405000,,,123759,101.90564727783203,60.4935302734375,image,,,,,,,,,0,2.435908555984497
clear,clean,weather,,,,1534867444997186000,14.825045585632324,20.178905487060547,,,,lidar,34752,16753,2039,676,15284,,8.03514289855957,9.699845314025879,0,
clear,clean,weather,1.660904049873352,900,1600,1534867445012404000,,,123534,102.20944213867188,60.54328155517578,image,,,,,,,,,0,2.4375362396240234
clear,clean,weather,,,,1534867445047520000,14.851282119750977,20.216333389282227,,,,lidar,34784,16734,2039,689,15322,,8.056685447692871,9.744255065917969,0,
clear,clean,weather,,,,1534867445097266000,14.945125579833984,20.44780921936035,,,,lidar,34752,16710,2030,694,15318,,8.069245338439941,9.761556625366211,0,
clear,clean,weather,1.6641685962677002,900,1600,1534867445112404000,,,123541,102.26699829101562,60.82316589355469,image,,,,,,,,,0,2.4403886795043945
clear,clean,weather,,,,1534867445147595000,14.920106887817383,20.309499740600586,,,,lidar,34784,16695,2056,700,15333,,8.082307815551758,9.790803909301758,0,
clear,clean,weather,1.6621493101119995,900,1600,1534867445162404000,,,123365,101.84886932373047,60.741539001464844,image,,,,,,,,,0,2.4371182918548584
clear,clean,weather,,,,1534867445197943000,14.981313705444336,20.434173583984375,,,,lidar,34784,16693,2043,690,15358,,8.062222480773926,9.720320701599121,0,
clear,clean,weather,,,,1534867445247706000,14.995453834533691,20.413476943969727,,,,lidar,34752,16683,2078,698,15293,,8.083746910095215,9.778474807739258,0,
clear,clean,weather,1.6703314781188965,900,1600,1534867445262404000,,,123721,101.74690246582031,60.8824577331543,image,,,,,,,,,0,2.4464259147644043
clear,clean,weather,,,,1534867445298022000,14.973464965820312,20.399824142456055,,,,lidar,34784,16723,2057,691,15313,,8.054252624511719,9.693341255187988,0,
clear,clean,weather,,,,1534867445347757000,14.942248344421387,20.357196807861328,,,,lidar,34752,16725,2043,675,15309,,8.026002883911133,9.663098335266113,0,
clear,clean,weather,,,,1534867445398100000,14.94945240020752,20.420148849487305,,,,lidar,34720,16703,2041,673,15303,,8.026155471801758,9.64073657989502,0,
clear,clean,weather,1.6684372425079346,900,1600,1534867445362404000,,,123389,101.73777770996094,60.80972671508789,image,,,,,,,,,0,2.4393861293792725
clear,clean,weather,,,,1534867445447852000,15.058500289916992,20.563045501708984,,,,lidar,34752,16713,2047,693,15299,,8.050176620483398,9.72038745880127,0,
clear,clean,weather,,,,1534867445498217000,15.106439590454102,20.65228843688965,,,,lidar,34752,16720,2030,702,15300,,8.054356575012207,9.748903274536133,0,
clear,clean,weather,1.6664332151412964,900,1600,1534867445512404000,,,123581,101.65826416015625,60.94107437133789,image,,,,,,,,,0,2.4572815895080566
clear,clean,weather,,,,1534867445547947000,15.139227867126465,20.7023983001709,,,,lidar,34720,16735,2043,694,15248,,8.038933753967285,9.718692779541016,0,
clear,clean,weather,,,,1534867445597727000,15.245223045349121,20.9134521484375,,,,lidar,34752,16786,2013,704,15249,,8.039278030395508,9.764608383178711,0,
clear,clean,weather,1.6656111478805542,900,1600,1534867445612404000,,,123456,101.64346313476562,60.967159271240234,image,,,,,,,,,0,2.452704429626465
clear,clean,weather,,,,1534867445648244000,15.293951988220215,21.022367477416992,,,,lidar,34720,16766,2049,683,15222,,8.027118682861328,9.711414337158203,0,
clear,clean,weather,1.6677743196487427,900,1600,1534867445662404000,,,123959,101.44239044189453,61.05220413208008,image,,,,,,,,,0,2.453265428543091
clear,clean,weather,,,,1534867445697790000,15.163652420043945,20.690441131591797,,,,lidar,34720,16774,2050,670,15226,,8.008527755737305,9.627896308898926,0,
clear,clean,weather,,,,1534867445748133000,15.324872970581055,20.823755264282227,,,,lidar,34752,16808,2023,697,15224,,8.04174518585205,9.770220756530762,0,
clear,clean,weather,1.6654993295669556,900,1600,1534867445762404000,,,123734,101.43978118896484,61.03165054321289,image,,,,,,,,,0,2.458425998687744
clear,clean,weather,,,,1534867445797874000,15.36435317993164,20.943002700805664,,,,lidar,34752,16850,2015,670,15217,,7.996513843536377,9.670281410217285,0,
clear,clean,weather,,,,1534867445848195000,15.467367172241211,21.11319351196289,,,,lidar,34720,16851,2045,671,15153,,8.002636909484863,9.685351371765137,0,
clear,clean,weather,,,,1534867445897959000,15.405385971069336,20.97993278503418,,,,lidar,34720,16846,2018,657,15199,,7.9699201583862305,9.58627700805664,0,
clear,clean,weather,1.6657140254974365,900,1600,1534867445862404000,,,123570,101.51756286621094,61.013423919677734,image,,,,,,,,,0,2.4504032135009766
clear,clean,weather,1.6649057865142822,900,1600,1534867445913480000,,,123728,101.331787109375,61.101924896240234,image,,,,,,,,,0,2.449115753173828
clear,clean,weather,,,,1534867445948276000,15.471512794494629,21.00055694580078,,,,lidar,34752,16833,2019,685,15215,,8.009509086608887,9.647622108459473,0,
clear,clean,weather,,,,1534867445998033000,15.518445014953613,21.07300567626953,,,,lidar,34752,16847,2021,685,15199,,8.001725196838379,9.635429382324219,0,
clear,clean,weather,1.65632963180542,900,1600,1534867446012404000,,,123433,101.5096435546875,60.98226547241211,image,,,,,,,,,0,2.4464919567108154
clear,clean,weather,,,,1534867446048388000,15.562471389770508,21.073644638061523,,,,lidar,34784,16846,2042,678,15218,,8.009631156921387,9.6307954788208,0,
clear,clean,weather,,,,1534867446098139000,15.613490104675293,21.1949462890625,,,,lidar,34752,16894,2041,654,15163,,7.971649169921875,9.63715934753418,0,
clear,clean,weather,1.6512924432754517,900,1600,1534867446112404000,,,123392,101.34212493896484,61.07701110839844,image,,,,,,,,,0,2.441425085067749
clear,clean,weather,,,,1534867446148460000,15.684394836425781,21.34135627746582,,,,lidar,34784,16942,2029,666,15147,,7.956763744354248,9.580442428588867,0,
clear,clean,weather,1.6535307168960571,900,1600,1534867446162404000,,,123697,101.14601135253906,61.194984436035156,image,,,,,,,,,0,2.4509079456329346
clear,clean,weather,,,,1534867446198255000,15.758200645446777,21.395294189453125,,,,lidar,34752,16908,2052,677,15115,,8.003952026367188,9.697636604309082,0,
clear,clean,weather,,,,1534867446248542000,15.763322830200195,21.33516502380371,,,,lidar,34752,16924,2018,681,15129,,7.9668731689453125,9.61406421661377,0,
clear,clean,weather,1.637476921081543,900,1600,1534867446262404000,,,123059,101.44959259033203,61.048892974853516,image,,,,,,,,,0,2.4385428428649902
clear,clean,weather,,,,1534867446298332000,15.640639305114746,21.150596618652344,,,,lidar,34784,16895,2058,648,15183,,7.956885814666748,9.524001121520996,0,
clear,clean,weather,,,,1534867446348622000,15.786174774169922,21.305803298950195,,,,lidar,34720,16887,2047,670,15116,,7.975358963012695,9.617630004882812,0,
clear,clean,weather,1.6389049291610718,900,1600,1534867446362404000,,,123010,101.45685577392578,61.061561584472656,image,,,,,,,,,0,2.4306299686431885
clear,clean,weather,,,,1534867446398402000,15.793622970581055,21.24608612060547,,,,lidar,34752,16905,2064,678,15105,,7.996883392333984,9.678058624267578,0,
clear,clean,weather,,,,1534867446448725000,15.88843822479248,21.2939395904541,,,,lidar,34752,16923,2028,694,15107,,7.999621391296387,9.747776985168457,0,
clear,clean,weather,,,,1534867446498488000,15.933151245117188,21.315528869628906,,,,lidar,34720,16910,2072,681,15057,,8.001177787780762,9.723396301269531,0,
clear,clean,weather,1.6378264427185059,900,1600,1534867446512404000,,,123018,101.50908660888672,60.985958099365234,image,,,,,,,,,0,2.437901258468628
clear,clean,weather,,,,1534867446548787000,15.89697551727295,21.119810104370117,,,,lidar,34720,16905,2064,677,15074,,8.00062370300293,9.73962116241455,0,
clear,clean,weather,,,,1534867446598957000,16.0836124420166,21.40158462524414,,,,lidar,34720,16912,2065,680,15063,,8.000226974487305,9.76812744140625,0,
clear,clean,weather,1.6431304216384888,900,1600,1534867446612404000,,,123129,101.47455596923828,60.98429870605469,image,,,,,,,,,0,2.438138961791992
clear,clean,weather,,,,1534867446648313000,16.138980865478516,21.53111457824707,,,,lidar,34688,16953,2029,670,15036,,7.942874908447266,9.695255279541016,0,
clear,clean,weather,1.6475685834884644,900,1600,1534867446662404000,,,123289,101.32825469970703,61.06756591796875,image,,,,,,,,,0,2.446678876876831
clear,clean,weather,,,,1534867446698662000,16.137989044189453,21.47444725036621,,,,lidar,34720,16918,2037,688,15077,,7.9706597328186035,9.701018333435059,0,
clear,clean,weather,,,,1534867446748415000,16.27189826965332,21.574352264404297,,,,lidar,34752,16979,2029,691,15053,,7.961443901062012,9.722079277038574,0,
clear,clean,weather,1.6429914236068726,900,1600,1534867446762404000,,,123117,101.49303436279297,60.95079803466797,image,,,,,,,,,0,2.432518720626831
clear,clean,weather,,,,1534867446798721000,16.395679473876953,21.69594383239746,,,,lidar,34720,16956,2068,683,15013,,7.9773430824279785,9.78007984161377,0,
clear,clean,weather,,,,1534867446848594000,16.464462280273438,21.774518966674805,,,,lidar,34752,16962,2042,708,15040,,7.994398593902588,9.845629692077637,0,
clear,clean,weather,,,,1534867446898817000,16.549694061279297,21.845151901245117,,,,lidar,34752,16980,2059,692,15021,,7.969761848449707,9.78261661529541,0,
clear,clean,weather,1.6398061513900757,900,1600,1534867446862404000,,,123069,101.64413452148438,60.83176803588867,image,,,,,,,,,0,2.430586099624634
clear,clean,weather,1.6415523290634155,900,1600,1534867446912404000,,,122949,101.54112243652344,60.86861801147461,image,,,,,,,,,0,2.429676055908203
clear,clean,weather,,,,1534867446948573000,16.534502029418945,21.661771774291992,,,,lidar,34752,16950,2041,711,15050,,7.999683380126953,9.840100288391113,0,
clear,clean,weather,,,,1534867446998928000,16.572994232177734,21.678268432617188,,,,lidar,34784,16940,2062,686,15096,,7.981307029724121,9.796333312988281,0,
clear,clean,weather,1.6435271501541138,900,1600,1534867447012404000,,,122986,101.5540771484375,60.870819091796875,image,,,,,,,,,0,2.42512583732605
clear,clean,weather,,,,1534867447048666000,16.612695693969727,21.73311996459961,,,,lidar,34784,16957,2049,708,15070,,7.980833530426025,9.819023132324219,0,
clear,clean,weather,,,,1534867447098978000,16.527542114257812,21.550777435302734,,,,lidar,34784,16945,2020,695,15124,,7.957372665405273,9.756142616271973,0,
clear,clean,weather,1.6470800638198853,900,1600,1534867447112404000,,,123271,101.4576644897461,60.933006286621094,image,,,,,,,,,0,2.433290481567383
clear,clean,weather,,,,1534867447149337000,16.569055557250977,21.583812713623047,,,,lidar,34784,16922,2020,700,15142,,7.962125301361084,9.803065299987793,0,
clear,clean,weather,1.650717854499817,900,1600,1534867447162404000,,,123414,101.18514251708984,61.076637268066406,image,,,,,,,,,0,2.437285900115967
clear,clean,weather,,,,1534867447199078000,16.59185028076172,21.561798095703125,,,,lidar,34752,16886,2057,683,15126,,7.966220378875732,9.826279640197754,0,
clear,clean,weather,,,,1534867447249400000,16.631153106689453,21.627538681030273,,,,lidar,34784,16892,2044,686,15162,,7.951139450073242,9.76136589050293,0,
clear,clean,weather,,,,1534867447299163000,16.65400505065918,21.511991500854492,,,,lidar,34752,16867,2061,699,15125,,7.976602077484131,9.840134620666504,0,
clear,clean,weather,1.6335418224334717,900,1600,1534867447262404000,,,122711,101.66716766357422,60.7839469909668,image,,,,,,,,,0,2.4168903827667236
clear,clean,weather,,,,1534867447349496000,16.727354049682617,21.655981063842773,,,,lidar,34752,16852,2048,695,15157,,7.974246025085449,9.858616828918457,0,
clear,clean,weather,1.6385351419448853,900,1600,1534867447362404000,,,122649,101.60325622558594,60.85547637939453,image,,,,,,,,,0,2.4192519187927246
clear,clean,weather,,,,1534867447399251000,16.75388526916504,21.68781852722168,,,,lidar,34752,16805,2065,703,15179,,7.9969964027404785,9.861244201660156,0,
clear,clean,weather,1.638771414756775,900,1600,1534867447412404000,,,122774,101.42371368408203,60.978477478027344,image,,,,,,,,,0,2.4212305545806885
clear,clean,weather,,,,1534867447499356000,16.773807525634766,21.790706634521484,,,,lidar,34528,16730,2023,689,15086,,7.937272071838379,9.775472640991211,0,
clear,clean,weather,1.6383531093597412,900,1600,1534867447512404000,,,122854,101.42411041259766,60.96891784667969,image,,,,,,,,,0,2.4189982414245605
clear,clean,weather,,,,1534867447549666000,16.865591049194336,21.937965393066406,,,,lidar,34752,16805,2027,707,15213,,7.969893932342529,9.836812019348145,0,
clear,clean,weather,,,,1534867447599434000,16.819412231445312,21.8115291595459,,,,lidar,34720,16782,2066,692,15180,,7.9795451164245605,9.820603370666504,0,
clear,clean,weather,1.6320381164550781,900,1600,1534867447612404000,,,122635,101.4214096069336,60.98055648803711,image,,,,,,,,,0,2.4082634449005127
clear,clean,weather,,,,1534867447649202000,16.83392906188965,21.853713989257812,,,,lidar,34720,16811,2051,696,15162,,7.971216201782227,9.788580894470215,0,
clear,clean,weather,1.6247050762176514,900,1600,1534867447662404000,,,122435,101.45384216308594,60.93986129760742,image,,,,,,,,,0,2.3999762535095215
clear,clean,weather,,,,1534867447699509000,16.926986694335938,21.98162078857422,,,,lidar,34720,16866,2020,707,15127,,7.955286026000977,9.778204917907715,0,
clear,clean,weather,,,,1534867447749283000,16.952735900878906,21.971681594848633,,,,lidar,34720,16881,2040,697,15102,,7.95210075378418,9.748915672302246,0,
clear,clean,weather,,,,1534867447799634000,16.981279373168945,21.994754791259766,,,,lidar,34720,16928,2053,680,15059,,7.941890716552734,9.760177612304688,0,
clear,clean,weather,1.6332207918167114,900,1600,1534867447762404000,,,122549,101.3823013305664,61.054649353027344,image,,,,,,,,,0,2.4082765579223633
clear,clean,weather,,,,1534867447849358000,17.013031005859375,22.025489807128906,,,,lidar,34688,16961,2010,682,15035,,7.889901638031006,9.670425415039062,0,
clear,clean,weather,1.6349517107009888,900,1600,1534867447862404000,,,122539,101.39701843261719,61.04620361328125,image,,,,,,,,,0,2.4099347591400146
clear,clean,weather,,,,1534867447899120000,17.091819763183594,22.046627044677734,,,,lidar,34720,16926,2031,705,15058,,7.973764896392822,9.836691856384277,0,
clear,clean,weather,1.6322110891342163,900,1600,1534867447912404000,,,122509,101.39978790283203,61.0223503112793,image,,,,,,,,,0,2.406444549560547
clear,clean,weather,,,,1534867447949457000,17.134368896484375,22.050357818603516,,,,lidar,34688,16925,2046,708,15009,,7.9727067947387695,9.825153350830078,0,
clear,clean,weather,,,,1534867447999205000,17.224889755249023,22.192298889160156,,,,lidar,34688,16951,2036,702,14999,,7.94281005859375,9.730559349060059,0,
clear,clean,weather,1.6371433734893799,900,1600,1534867448012404000,,,122553,101.37983703613281,61.054752349853516,image,,,,,,,,,0,2.401906967163086
clear,clean,weather,,,,1534867448048993000,17.227773666381836,22.150436401367188,,,,lidar,34688,17018,2027,693,14950,,7.918191432952881,9.719928741455078,0,
clear,clean,weather,,,,1534867448099299000,17.18026351928711,22.128705978393555,,,,lidar,34688,17038,2033,693,14924,,7.920518398284912,9.746345520019531,0,
clear,clean,weather,1.6395087242126465,900,1600,1534867448112404000,,,122574,101.36599731445312,61.08481979370117,image,,,,,,,,,0,2.405364990234375
clear,clean,weather,,,,1534867448149086000,17.23495101928711,22.200939178466797,,,,lidar,34688,17060,2053,684,14891,,7.914485931396484,9.716670036315918,0,
clear,clean,weather,1.638200283050537,900,1600,1534867448162404000,,,122998,101.2754898071289,61.09175491333008,image,,,,,,,,,0,2.4068055152893066
clear,clean,weather,,,,1534867448198839000,17.258302688598633,22.26356315612793,,,,lidar,34688,17069,2051,683,14885,,7.9162797927856445,9.739221572875977,0,
clear,clean,weather,,,,1534867448249153000,17.192548751831055,22.068164825439453,,,,lidar,34656,17063,2033,694,14866,,7.945805549621582,9.842873573303223,0,
clear,clean,weather,,,,1534867448298906000,17.178159713745117,21.982027053833008,,,,lidar,34688,17124,2020,681,14863,,7.8895583152771,9.722862243652344,0,
clear,clean,weather,1.6406038999557495,900,1600,1534867448262404000,,,122533,101.30889892578125,61.121437072753906,image,,,,,,,,,0,2.406750440597534
clear,clean,weather,,,,1534867448348687000,17.22748565673828,22.183979034423828,,,,lidar,34688,17108,2049,678,14853,,7.895574569702148,9.676410675048828,0,
clear,clean,weather,1.6406614780426025,900,1600,1534867448362404000,,,122701,101.19100952148438,61.225494384765625,image,,,,,,,,,0,2.406559467315674
clear,clean,weather,,,,1534867448398993000,17.16848373413086,22.04722023010254,,,,lidar,34656,17110,2013,686,14847,,7.9081830978393555,9.77729320526123,0,
clear,clean,weather,1.6408144235610962,900,1600,1534867448412404000,,,122863,101.02001953125,61.28659439086914,image,,,,,,,,,0,2.408557415008545
clear,clean,weather,,,,1534867448448790000,17.122577667236328,21.92620086669922,,,,lidar,34688,17099,2039,681,14869,,7.910045623779297,9.700987815856934,0,
clear,clean,weather,,,,1534867448501017000,17.122316360473633,21.9947452545166,,,,lidar,34656,17100,2010,682,14864,,7.908149242401123,9.737401008605957,0,
clear,clean,weather,1.643193006515503,900,1600,1534867448512404000,,,122651,101.07784271240234,61.28451156616211,image,,,,,,,,,0,2.400831460952759
clear,clean,weather,,,,1534867448548298000,17.097900390625,21.93053436279297,,,,lidar,34688,17056,2068,665,14899,,7.927073001861572,9.681183815002441,0,
clear,clean,weather,,,,1534867448598608000,17.199533462524414,22.072586059570312,,,,lidar,34656,17120,2020,672,14844,,7.903175354003906,9.736559867858887,0,
clear,clean,weather,1.640651822090149,900,1600,1534867448612404000,,,122862,100.86528778076172,61.44473648071289,image,,,,,,,,,0,2.402331829071045
clear,clean,weather,,,,1534867448648391000,17.192750930786133,22.08056640625,,,,lidar,34656,17047,2033,681,14895,,7.941460132598877,9.761845588684082,0,
clear,clean,weather,,,,1534867448698154000,17.109172821044922,21.95457649230957,,,,lidar,34688,17089,2052,677,14870,,7.927793025970459,9.703690528869629,0,
clear,clean,weather,1.6347557306289673,900,1600,1534867448662404000,,,122626,100.8397445678711,61.42709732055664,image,,,,,,,,,0,2.3955936431884766
clear,clean,weather,,,,1534867448748461000,17.187759399414062,22.17877960205078,,,,lidar,34656,17103,2023,662,14868,,7.895942211151123,9.669921875,0,
clear,clean,weather,1.6355798244476318,900,1600,1534867448762404000,,,122580,100.83509826660156,61.43172073364258,image,,,,,,,,,0,2.3933732509613037
clear,clean,weather,,,,1534867448798230000,17.109590530395508,22.051162719726562,,,,lidar,34656,17074,2022,670,14890,,7.919345855712891,9.725212097167969,0,
clear,clean,weather,,,,1534867448848003000,17.13889503479004,22.096492767333984,,,,lidar,34688,17055,2061,663,14909,,7.926829814910889,9.669069290161133,0,
clear,clean,weather,1.6243693828582764,900,1600,1534867448862404000,,,122058,100.8591537475586,61.38031768798828,image,,,,,,,,,0,2.3765196800231934
clear,clean,weather,,,,1534867448897778000,17.17457389831543,22.190370559692383,,,,lidar,34656,17064,2039,667,14886,,7.917502403259277,9.68812370300293,0,
clear,clean,weather,1.6327308416366577,900,1600,1534867448912404000,,,122430,100.47772216796875,61.64292526245117,image,,,,,,,,,0,2.377661943435669
clear,clean,weather,,,,1534867448948104000,17.196474075317383,22.34810447692871,,,,lidar,34656,17068,2038,668,14882,,7.9301652908325195,9.733040809631348,0,
clear,clean,weather,,,,1534867448997881000,17.240102767944336,22.390668869018555,,,,lidar,34656,17057,2031,668,14900,,7.932365417480469,9.74875259399414,0,
clear,clean,weather,1.6309186220169067,900,1600,1534867449012404000,,,122429,100.44925689697266,61.705841064453125,image,,,,,,,,,0,2.3736777305603027
clear,clean,weather,,,,1534867449047614000,17.189546585083008,22.195262908935547,,,,lidar,34688,17016,2065,667,14940,,7.956020355224609,9.716415405273438,0,
clear,clean,weather,,,,1534867449097411000,17.155672073364258,22.12944984436035,,,,lidar,34656,17035,2052,658,14911,,7.924858093261719,9.686748504638672,0,
clear,clean,weather,1.6264492273330688,900,1600,1534867449112404000,,,122299,100.49121856689453,61.63210678100586,image,,,,,,,,,0,2.3669674396514893
clear,clean,weather,,,,1534867449147711000,17.13191795349121,22.06127166748047,,,,lidar,34688,17044,2059,646,14939,,7.919251441955566,9.671011924743652,0,
clear,clean,weather,,,,1534867449197488000,17.20139503479004,22.193622589111328,,,,lidar,34688,17052,2074,655,14907,,7.927129745483398,9.665226936340332,0,
clear,clean,weather,1.6019519567489624,900,1600,1534867449162404000,,,120871,100.90487670898438,61.31179428100586,image,,,,,,,,,0,2.3267130851745605
clear,clean,weather,,,,1534867449247234000,17.1478328704834,22.11419105529785,,,,lidar,34688,17062,2041,629,14956,,7.875618934631348,9.576488494873047,0,
clear,clean,weather,1.6210451126098633,900,1600,1534867449262404000,,,122084,100.2176742553711,61.789398193359375,image,,,,,,,,,0,2.348456621170044
clear,clean,weather,,,,1534867449297549000,17.22808265686035,22.17363166809082,,,,lidar,34720,17008,2084,660,14968,,7.972117900848389,9.7495698928833,0,
clear,clean,weather,,,,1534867449347330000,17.248674392700195,22.21417236328125,,,,lidar,34720,17002,2076,642,15000,,7.944180011749268,9.687231063842773,0,
clear,clean,weather,1.627272605895996,900,1600,1534867449362404000,,,121967,100.5208740234375,62.076263427734375,image,,,,,,,,,0,2.3532536029815674
clear,clean,weather,,,,1534867449397659000,17.211606979370117,22.108015060424805,,,,lidar,34720,16999,2069,651,15001,,7.947432041168213,9.70113754272461,0,
clear,clean,weather,1.6231282949447632,900,1600,1534867449412404000,,,121875,100.53622436523438,62.05827331542969,image,,,,,,,,,0,2.3437535762786865
clear,clean,weather,,,,1534867449497753000,17.26180648803711,22.202497482299805,,,,lidar,34560,16961,2054,642,14903,,7.915852069854736,9.639204978942871,0,
clear,clean,weather,1.6161913871765137,900,1600,1534867449512404000,,,121443,100.554443359375,62.02489471435547,image,,,,,,,,,0,2.3435873985290527
clear,clean,weather,,,,1534867449548323000,17.236791610717773,22.21225929260254,,,,lidar,34752,16961,2095,664,15032,,7.995560646057129,9.78035831451416,0,
clear,clean,weather,,,,1534867449597829000,17.27212905883789,22.179960250854492,,,,lidar,34752,16975,2073,655,15049,,7.966123580932617,9.710858345031738,0,
clear,clean,weather,1.6185171604156494,900,1600,1534867449612404000,,,121796,100.3492660522461,62.17950439453125,image,,,,,,,,,0,2.3408141136169434
clear,clean,weather,,,,1534867449647608000,17.262067794799805,22.180051803588867,,,,lidar,34720,16963,2074,644,15039,,7.939218997955322,9.639701843261719,0,
clear,clean,weather,1.6087220907211304,900,1600,1534867449662404000,,,121238,100.40411376953125,62.100929260253906,image,,,,,,,,,0,2.333738088607788
clear,clean,weather,,,,1534867449697337000,17.17009162902832,22.119792938232422,,,,lidar,34752,16923,2083,657,15089,,7.978359222412109,9.69540786743164,0,
clear,clean,weather,,,,1534867449747684000,17.283349990844727,22.2957820892334,,,,lidar,34752,16922,2080,659,15091,,7.974344253540039,9.703728675842285,0,
clear,clean,weather,1.6107351779937744,900,1600,1534867449762404000,,,121270,100.43092346191406,62.077308654785156,image,,,,,,,,,0,2.323056936264038
clear,clean,weather,,,,1534867449797471000,17.25261878967285,22.26027488708496,,,,lidar,34752,16936,2073,645,15098,,7.942965507507324,9.642528533935547,0,
clear,clean,weather,,,,1534867449847756000,17.251928329467773,22.333221435546875,,,,lidar,34752,16880,2098,645,15129,,7.989218235015869,9.748054504394531,0,
clear,clean,weather,1.6147780418395996,900,1600,1534867449862404000,,,121383,100.2425537109375,62.16792297363281,image,,,,,,,,,0,2.3294196128845215
clear,clean,weather,,,,1534867449897511000,17.18539810180664,22.170101165771484,,,,lidar,34720,16890,2050,637,15143,,7.932822227478027,9.611653327941895,0,
clear,clean,weather,1.6244611740112305,900,1600,1534867449912404000,,,121733,100.02093505859375,62.27489471435547,image,,,,,,,,,0,2.3378782272338867
clear,clean,weather,,,,1534867449947849000,17.173934936523438,22.275522232055664,,,,lidar,34720,16883,2040,651,15146,,7.953275203704834,9.694188117980957,0,
clear,clean,weather,,,,1534867449997591000,17.223386764526367,22.404197692871094,,,,lidar,34720,16870,2049,644,15157,,7.942297458648682,9.629693984985352,0,
clear,clean,weather,1.610901951789856,900,1600,1534867450012404000,,,121026,100.63530731201172,62.3502311706543,image,,,,,,,,,0,2.3278746604919434
clear,clean,weather,,,,1534867450047920000,17.20279312133789,22.248432159423828,,,,lidar,34720,16828,2087,638,15167,,7.971991062164307,9.659266471862793,0,
clear,clean,weather,,,,1534867450097702000,17.15714454650879,22.201778411865234,,,,lidar,34688,16827,2070,631,15160,,7.952308654785156,9.661224365234375,0,
clear,clean,weather,1.617496371269226,900,1600,1534867450112404000,,,121617,100.37962341308594,62.5159797668457,image,,,,,,,,,0,2.339540481567383
clear,clean,weather,,,,1534867450147476000,17.13361167907715,22.202796936035156,,,,lidar,34720,16808,2087,639,15186,,7.981009483337402,9.688691139221191,0,
clear,clean,weather,,,,1534867450197803000,17.07204246520996,22.1387882232666,,,,lidar,34688,16799,2069,630,15190,,7.940655708312988,9.593467712402344,0,
clear,clean,weather,1.6132839918136597,900,1600,1534867450162404000,,,121162,100.32978820800781,62.482872009277344,image,,,,,,,,,0,2.327132225036621
clear,clean,weather,,,,1534867450247554000,17.1479549407959,22.157312393188477,,,,lidar,34720,16769,2104,646,15201,,8.001729965209961,9.710589408874512,0,
clear,clean,weather,1.5951546430587769,900,1600,1534867450262404000,,,120403,100.6421890258789,62.27256774902344,image,,,,,,,,,0,2.3062994480133057
clear,clean,weather,,,,1534867450297894000,17.148099899291992,22.177658081054688,,,,lidar,34720,16763,2111,635,15211,,8.000216484069824,9.718649864196777,0,
clear,clean,weather,,,,1534867450347643000,17.208065032958984,22.286697387695312,,,,lidar,34720,16763,2098,633,15226,,7.981268882751465,9.66800308227539,0,
clear,clean,weather,1.6076985597610474,900,1600,1534867450362404000,,,120990,100.28186798095703,62.54726028442383,image,,,,,,,,,0,2.318807601928711
clear,clean,weather,,,,1534867450397400000,17.172536849975586,22.226520538330078,,,,lidar,34752,16760,2073,631,15288,,7.970649242401123,9.643376350402832,0,
clear,clean,weather,1.6039044857025146,900,1600,1534867450412404000,,,120732,100.2247085571289,62.57351303100586,image,,,,,,,,,0,2.310422658920288
clear,clean,weather,,,,1534867450447733000,17.155414581298828,22.292236328125,,,,lidar,34720,16681,2106,643,15290,,8.021527290344238,9.702629089355469,0,
clear,clean,weather,,,,1534867450497489000,17.215757369995117,22.425012588500977,,,,lidar,34752,16678,2107,648,15319,,8.036134719848633,9.73125171661377,0,
clear,clean,weather,1.6008226871490479,900,1600,1534867450512450000,,,120840,100.0693130493164,62.63251876831055,image,,,,,,,,,0,2.306490659713745
clear,clean,weather,,,,1534867450547857000,17.10039710998535,22.264707565307617,,,,lidar,34752,16705,2078,629,15340,,7.990726470947266,9.680591583251953,0,
clear,clean,weather,,,,1534867450597587000,17.095735549926758,22.238855361938477,,,,lidar,34752,16695,2095,632,15330,,8.000789642333984,9.699285507202148,0,
clear,clean,weather,,,,1534867450647883000,17.165342330932617,22.338104248046875,,,,lidar,34752,16658,2103,651,15340,,8.044157981872559,9.784346580505371,0,
clear,clean,weather,1.5968494415283203,900,1600,1534867450612404000,,,120663,100.08682250976562,62.61827850341797,image,,,,,,,,,0,2.3032119274139404
clear,clean,weather,1.6003550291061401,900,1600,1534867450662404000,,,120646,99.89585876464844,62.731788635253906,image,,,,,,,,,0,2.3057897090911865
clear,clean,weather,,,,1534867450697650000,17.16671371459961,22.37685775756836,,,,lidar,34784,16657,2075,646,15406,,8.016132354736328,9.690096855163574,0,
clear,clean,weather,,,,1534867450748005000,17.218692779541016,22.40590476989746,,,,lidar,34752,16625,2100,627,15400,,8.006413459777832,9.665257453918457,0,
clear,clean,weather,1.5909547805786133,900,1600,1534867450762404000,,,120427,99.94879913330078,62.66636276245117,image,,,,,,,,,0,2.297929048538208
clear,clean,weather,,,,1534867450797740000,17.17777442932129,22.366621017456055,,,,lidar,34752,16596,2100,637,15419,,8.035294532775879,9.718700408935547,0,
clear,clean,weather,,,,1534867450848065000,17.14794158935547,22.375268936157227,,,,lidar,34784,16592,2107,635,15450,,8.024685859680176,9.654233932495117,0,
clear,clean,weather,1.5888874530792236,900,1600,1534867450862404000,,,120321,99.98778533935547,62.62980270385742,image,,,,,,,,,0,2.2922935485839844
clear,clean,weather,,,,1534867450898382000,17.145517349243164,22.43314552307129,,,,lidar,34752,16565,2104,640,15443,,8.046456336975098,9.709444999694824,0,
clear,clean,weather,1.5969550609588623,900,1600,1534867450912404000,,,120606,99.69123077392578,62.78917694091797,image,,,,,,,,,0,2.3000376224517822
clear,clean,weather,,,,1534867450948135000,17.16524887084961,22.468969345092773,,,,lidar,34784,16595,2103,620,15466,,7.999205112457275,9.618078231811523,0,
clear,clean,weather,,,,1534867450998462000,17.119014739990234,22.38863182067871,,,,lidar,34752,16528,2091,633,15500,,8.02386474609375,9.63061809539795,0,
clear,clean,weather,1.58641517162323,900,1600,1534867451012404000,,,120581,99.72930145263672,62.765323638916016,image,,,,,,,,,0,2.306814432144165
clear,clean,weather,,,,1534867451048236000,17.107664108276367,22.464685440063477,,,,lidar,34784,16551,2100,604,15529,,7.977025985717773,9.49482536315918,0,
clear,clean,weather,,,,1534867451098567000,17.15581703186035,22.493892669677734,,,,lidar,34720,16490,2101,624,15505,,8.015024185180664,9.5933837890625,0,
clear,clean,weather,1.5767320394515991,900,1600,1534867451112404000,,,120045,99.81916809082031,62.681396484375,image,,,,,,,,,0,2.2904505729675293
clear,clean,weather,,,,1534867451148397000,17.206260681152344,22.601499557495117,,,,lidar,34752,16488,2129,633,15502,,8.048469543457031,9.665826797485352,0,
clear,clean,weather,,,,1534867451198659000,17.15158462524414,22.56538963317871,,,,lidar,34720,16466,2104,614,15536,,8.00927734375,9.554131507873535,0,
clear,clean,weather,1.5732194185256958,900,1600,1534867451162404000,,,119818,99.87987518310547,62.598899841308594,image,,,,,,,,,0,2.287741184234619
clear,clean,weather,,,,1534867451248415000,17.234634399414062,22.760517120361328,,,,lidar,34752,16452,2143,624,15533,,8.052095413208008,9.653923988342285,0,
clear,clean,weather,1.5757334232330322,900,1600,1534867451262404000,,,120003,99.75226593017578,62.678855895996094,image,,,,,,,,,0,2.2929303646087646
clear,clean,weather,,,,1534867451298736000,17.258689880371094,22.743953704833984,,,,lidar,34752,16461,2112,635,15544,,8.053240776062012,9.716885566711426,0,
clear,clean,weather,,,,1534867451348517000,17.238805770874023,22.73417854309082,,,,lidar,34752,16432,2122,639,15559,,8.064984321594238,9.69947338104248,0,
clear,clean,weather,1.5723952054977417,900,1600,1534867451362404000,,,119808,99.7420883178711,62.665096282958984,image,,,,,,,,,0,2.2907495498657227
clear,clean,weather,,,,1534867451398830000,17.249540328979492,22.700258255004883,,,,lidar,34752,16439,2123,614,15576,,8.030036926269531,9.622039794921875,0,
clear,clean,weather,1.572583556175232,900,1600,1534867451412404000,,,120022,99.59130859375,62.69269943237305,image,,,,,,,,,0,2.293762445449829
clear,clean,weather,,,,1534867451448585000,17.257251739501953,22.773523330688477,,,,lidar,34752,16430,2142,621,15559,,8.047178268432617,9.646012306213379,0,
clear,clean,weather,,,,1534867451498930000,17.21710968017578,22.6610107421875,,,,lidar,34752,16400,2133,626,15593,,8.057500839233398,9.650352478027344,0,
clear,clean,weather,1.5642513036727905,900,1600,1534867451512404000,,,119830,100.05541229248047,62.82594680786133,image,,,,,,,,,0,2.2918102741241455
clear,clean,weather,,,,1534867451548675000,17.16486167907715,22.569358825683594,,,,lidar,34720,16379,2125,608,15608,,8.024380683898926,9.545190811157227,0,
clear,clean,weather,,,,1534867451598426000,17.231353759765625,22.739118576049805,,,,lidar,34752,16363,2146,632,15611,,8.077634811401367,9.673388481140137,0,
clear,clean,weather,1.5560482740402222,900,1600,1534867451612404000,,,119318,100.1087875366211,62.7127571105957,image,,,,,,,,,0,2.2808635234832764
clear,clean,weather,,,,1534867451648752000,17.26316261291504,22.81867218017578,,,,lidar,34720,16351,2158,618,15593,,8.063483238220215,9.631301879882812,0,
clear,clean,weather,1.5621284246444702,900,1600,1534867451662404000,,,119692,99.96056365966797,62.783565521240234,image,,,,,,,,,0,2.2920751571655273
clear,clean,weather,,,,1534867451698586000,17.248559951782227,22.829824447631836,,,,lidar,34720,16373,2154,607,15586,,8.034724235534668,9.589783668518066,0,
clear,clean,weather,,,,1534867451750644000,17.15855598449707,22.81880760192871,,,,lidar,34688,16344,2153,601,15590,,8.02055549621582,9.508583068847656,0,
clear,clean,weather,1.5546244382858276,900,1600,1534867451762404000,,,119501,99.8904037475586,62.7867431640625,image,,,,,,,,,0,2.2792818546295166
clear,clean,weather,,,,1534867451798600000,17.14461326599121,22.669557571411133,,,,lidar,34720,16295,2182,609,15634,,8.08261775970459,9.624281883239746,0,
clear,clean,weather,,,,1534867451848373000,17.190153121948242,22.820829391479492,,,,lidar,34688,16272,2170,618,15628,,8.0735502243042,9.571033477783203,0,
clear,clean,weather,1.5466117858886719,900,1600,1534867451862404000,,,119073,99.87657928466797,62.76151657104492,image,,,,,,,,,0,2.2707550525665283
clear,clean,weather,,,,1534867451898687000,17.172624588012695,22.776872634887695,,,,lidar,34688,16339,2157,598,15594,,8.026573181152344,9.522909164428711,0,
clear,clean,weather,1.553807258605957,900,1600,1534867451912404000,,,119260,99.66960906982422,62.86613845825195,image,,,,,,,,,0,2.282148838043213
clear,clean,weather,,,,1534867451948458000,17.183958053588867,22.699251174926758,,,,lidar,34720,16302,2174,614,15630,,8.070295333862305,9.598695755004883,0,
clear,clean,weather,,,,1534867451999662000,17.19553565979004,22.695880889892578,,,,lidar,34720,16281,2199,613,15627,,8.090070724487305,9.620984077453613,0,
clear,clean,weather,1.5464359521865845,900,1600,1534867452012404000,,,118833,99.81722259521484,62.76419448852539,image,,,,,,,,,0,2.2669105529785156
clear,clean,weather,,,,1534867452048542000,17.19438362121582,22.68182373046875,,,,lidar,34720,16294,2206,599,15621,,8.064202308654785,9.545269012451172,0,
clear,clean,weather,,,,1534867452098692000,17.16022491455078,22.6884765625,,,,lidar,34720,16270,2193,605,15652,,8.068021774291992,9.541033744812012,0,
clear,clean,weather,1.5429587364196777,900,1600,1534867452112404000,,,118688,99.77216339111328,62.78050231933594,image,,,,,,,,,0,2.25779128074646
clear,clean,weather,,,,1534867452148614000,17.151185989379883,22.66191864013672,,,,lidar,34752,16310,2174,618,15650,,8.078866958618164,9.62302303314209,0,
clear,clean,weather,,,,1534867452198394000,17.240264892578125,22.703596115112305,,,,lidar,34720,16278,2207,604,15631,,8.077563285827637,9.561423301696777,0,
clear,clean,weather,1.5448710918426514,900,1600,1534867452162404000,,,118790,99.57404327392578,62.841064453125,image,,,,,,,,,0,2.2640719413757324
r7p5,rain,weather,,,,1534867432948726000,16.004505157470703,21.85396385192871,,,,lidar,32823,13414,2758,901,15750,7.5,9.492695808410645,10.636924743652344,,
r7p5,rain,weather,2.251952648162842,900,1600,1534867432912404000,,,220977,103.10144805908203,54.517494201660156,image,,,,,,7.5,,,,1.9079087972640991
r7p5,rain,weather,,,,1534867432998503000,15.985692024230957,21.695262908935547,,,,lidar,32922,13347,2710,908,15957,7.5,9.484173774719238,10.597862243652344,,
r7p5,rain,weather,2.230703830718994,900,1600,1534867433012404000,,,218927,102.54582977294922,54.99726486206055,image,,,,,,7.5,,,,1.8832201957702637
r7p5,rain,weather,,,,1534867433048257000,16.11496353149414,22.01988410949707,,,,lidar,32997,13255,2737,862,16143,7.5,9.458187103271484,10.516046524047852,,
r7p5,rain,weather,,,,1534867433098583000,16.182048797607422,22.21780014038086,,,,lidar,33040,13164,2707,850,16319,7.5,9.430319786071777,10.45800495147705,,
r7p5,rain,weather,2.218470573425293,900,1600,1534867433112404000,,,218047,102.91665649414062,55.04738998413086,image,,,,,,7.5,,,,1.846758246421814
r7p5,rain,weather,,,,1534867433148336000,16.211557388305664,22.36155891418457,,,,lidar,33045,13074,2740,833,16398,7.5,9.439549446105957,10.435712814331055,,
r7p5,rain,weather,2.2204391956329346,900,1600,1534867433162404000,,,217714,102.73896789550781,55.239566802978516,image,,,,,,7.5,,,,1.827671766281128
r7p5,rain,weather,,,,1534867433198676000,16.156494140625,22.033626556396484,,,,lidar,33134,13002,2770,813,16549,7.5,9.455541610717773,10.40012264251709,,
r7p5,rain,weather,,,,1534867433248427000,16.216262817382812,22.091136932373047,,,,lidar,33224,12871,2802,848,16703,7.5,9.547467231750488,10.537243843078613,,
r7p5,rain,weather,2.222041606903076,900,1600,1534867433262404000,,,218066,102.983154296875,55.66574478149414,image,,,,,,7.5,,,,1.815830111503601
r7p5,rain,weather,,,,1534867433298210000,16.119613647460938,21.949016571044922,,,,lidar,33223,12802,2785,812,16824,7.5,9.500081062316895,10.406089782714844,,
r7p5,rain,weather,,,,1534867433348529000,16.121030807495117,21.992982864379883,,,,lidar,33234,12638,2833,852,16911,7.5,9.610570907592773,10.547117233276367,,
r7p5,rain,weather,2.240051507949829,900,1600,1534867433362404000,,,217614,102.54263305664062,55.756446838378906,image,,,,,,7.5,,,,1.8043659925460815
r7p5,rain,weather,,,,1534867433398454000,16.223434448242188,22.20741844177246,,,,lidar,33140,12560,2814,830,16936,7.5,9.570588111877441,10.44830322265625,,
r7p5,rain,weather,,,,1534867433448600000,16.335887908935547,22.409032821655273,,,,lidar,33175,12517,2815,822,17021,7.5,9.572112083435059,10.440868377685547,,
r7p5,rain,weather,2.2444348335266113,900,1600,1534867433412404000,,,218037,102.16960144042969,56.17839050292969,image,,,,,,7.5,,,,1.8046071529388428
r7p5,rain,weather,,,,1534867433498387000,16.452144622802734,22.589414596557617,,,,lidar,33154,12398,2863,827,17066,7.5,9.63518238067627,10.456864356994629,,
r7p5,rain,weather,2.246675729751587,900,1600,1534867433512404000,,,219104,101.64832305908203,57.119384765625,image,,,,,,7.5,,,,1.818485140800476
r7p5,rain,weather,,,,1534867433548133000,16.43160629272461,22.25892448425293,,,,lidar,33160,12315,2869,842,17134,7.5,9.668196678161621,10.5382719039917,,
r7p5,rain,weather,,,,1534867433598470000,16.53584098815918,22.509220123291016,,,,lidar,33178,12309,2856,806,17207,7.5,9.59340763092041,10.390869140625,,
r7p5,rain,weather,2.2541909217834473,900,1600,1534867433612404000,,,219408,101.82379150390625,57.115055084228516,image,,,,,,7.5,,,,1.811254858970642
r7p5,rain,weather,,,,1534867433648353000,16.498790740966797,22.41693878173828,,,,lidar,33165,12124,2880,812,17349,7.5,9.666953086853027,10.484179496765137,,
r7p5,rain,weather,2.231820583343506,900,1600,1534867433662404000,,,219369,101.81876373291016,57.08524703979492,image,,,,,,7.5,,,,1.8066295385360718
r7p5,rain,weather,,,,1534867433697988000,16.600074768066406,22.73123550415039,,,,lidar,33130,12110,2891,805,17324,7.5,9.666593551635742,10.456079483032227,,
r7p5,rain,weather,,,,1534867433748311000,16.6766414642334,22.788455963134766,,,,lidar,33129,12036,2879,785,17429,7.5,9.671093940734863,10.372140884399414,,
r7p5,rain,weather,2.2429275512695312,900,1600,1534867433762404000,,,218946,101.59880828857422,57.36254119873047,image,,,,,,7.5,,,,1.8186074495315552
r7p5,rain,weather,,,,1534867433798158000,16.89933204650879,23.099374771118164,,,,lidar,33229,12056,2874,798,17501,7.5,9.702264785766602,10.400429725646973,,
r7p5,rain,weather,,,,1534867433847842000,16.92292022705078,22.95582389831543,,,,lidar,33183,11968,2862,819,17534,7.5,9.769123077392578,10.490702629089355,,
r7p5,rain,weather,,,,1534867433898179000,16.931020736694336,23.01313018798828,,,,lidar,33229,12016,2872,828,17513,7.5,9.748458862304688,10.435330390930176,,
r7p5,rain,weather,2.263472318649292,900,1600,1534867433862404000,,,219877,101.17400360107422,57.70182418823242,image,,,,,,7.5,,,,1.8274965286254883
r7p5,rain,weather,2.234159469604492,900,1600,1534867433912404000,,,218210,101.10104370117188,57.7673454284668,image,,,,,,7.5,,,,1.8207716941833496
r7p5,rain,weather,,,,1534867433947929000,16.801259994506836,22.694677352905273,,,,lidar,33332,12039,2841,838,17614,7.5,9.759450912475586,10.481870651245117,,
r7p5,rain,weather,,,,1534867433997714000,16.676315307617188,22.77873420715332,,,,lidar,33272,12052,2783,822,17615,7.5,9.727736473083496,10.417824745178223,,
r7p5,rain,weather,2.2423131465911865,900,1600,1534867434012404000,,,219112,101.18788146972656,57.925025939941406,image,,,,,,7.5,,,,1.8104921579360962
r7p5,rain,weather,,,,1534867434048013000,16.775157928466797,23.104154586791992,,,,lidar,33254,12021,2750,844,17639,7.5,9.748926162719727,10.391194343566895,,
r7p5,rain,weather,,,,1534867434097791000,16.73360252380371,23.028656005859375,,,,lidar,33276,12043,2788,854,17591,7.5,9.766376495361328,10.410698890686035,,
r7p5,rain,weather,2.2128565311431885,900,1600,1534867434112404000,,,218124,101.1986083984375,58.32124328613281,image,,,,,,7.5,,,,1.8115426301956177
r7p5,rain,weather,,,,1534867434147546000,16.578229904174805,22.575450897216797,,,,lidar,33282,12040,2789,875,17578,7.5,9.79973030090332,10.464093208312988,,
r7p5,rain,weather,2.2265026569366455,900,1600,1534867434162404000,,,218747,100.4748764038086,58.75304412841797,image,,,,,,7.5,,,,1.8172107934951782
r7p5,rain,weather,,,,1534867434197881000,16.4919376373291,22.4434814453125,,,,lidar,33333,12060,2788,927,17558,7.5,9.803959846496582,10.454627990722656,,
r7p5,rain,weather,,,,1534867434247637000,16.259334564208984,22.026592254638672,,,,lidar,33302,12003,2758,946,17595,7.5,9.805523872375488,10.420494079589844,,
r7p5,rain,weather,2.216001033782959,900,1600,1534867434262404000,,,218564,100.70183563232422,58.685176849365234,image,,,,,,7.5,,,,1.8064168691635132
r7p5,rain,weather,,,,1534867434297956000,16.320701599121094,22.032676696777344,,,,lidar,33357,12047,2729,994,17587,7.5,9.8191556930542,10.458587646484375,,
r7p5,rain,weather,,,,1534867434348247000,16.2645263671875,21.971355438232422,,,,lidar,33335,12084,2662,1073,17516,7.5,9.810860633850098,10.448833465576172,,
r7p5,rain,weather,2.2065534591674805,900,1600,1534867434362404000,,,218458,100.42483520507812,58.921142578125,image,,,,,,7.5,,,,1.8123936653137207
r7p5,rain,weather,,,,1534867434397491000,16.204923629760742,21.697711944580078,,,,lidar,33356,12151,2666,1148,17391,7.5,9.839820861816406,10.552475929260254,,
r7p5,rain,weather,2.177206516265869,900,1600,1534867434412404000,,,216898,101.05388641357422,58.655799865722656,image,,,,,,7.5,,,,1.79543936252594
r7p5,rain,weather,,,,1534867434447799000,16.072315216064453,21.60002326965332,,,,lidar,33313,12118,2696,1177,17322,7.5,9.899359703063965,10.660367012023926,,
r7p5,rain,weather,,,,1534867434497610000,16.128395080566406,21.697229385375977,,,,lidar,33343,12203,2754,1163,17223,7.5,9.874211311340332,10.625943183898926,,
r7p5,rain,weather,2.1814892292022705,900,1600,1534867434512404000,,,216607,101.31108856201172,58.5808219909668,image,,,,,,7.5,,,,1.7896982431411743
r7p5,rain,weather,,,,1534867434547921000,16.093236923217773,21.64541244506836,,,,lidar,33290,12244,2797,1169,17080,7.5,9.912569046020508,10.76921272277832,,
r7p5,rain,weather,,,,1534867434597646000,16.02419090270996,21.515789031982422,,,,lidar,33263,12279,2840,1155,16989,7.5,9.931303977966309,10.88722038269043,,
r7p5,rain,weather,2.1867048740386963,900,1600,1534867434612404000,,,218884,100.57524108886719,59.070091247558594,image,,,,,,7.5,,,,1.809999942779541
r7p5,rain,weather,,,,1534867434647423000,16.021574020385742,21.57001304626465,,,,lidar,33245,12299,2883,1172,16891,7.5,9.97775650024414,11.018396377563477,,
r7p5,rain,weather,2.17750883102417,900,1600,1534867434662404000,,,218836,100.23619842529297,59.1812858581543,image,,,,,,7.5,,,,1.81077241897583
r7p5,rain,weather,,,,1534867434697757000,15.79981517791748,21.113903045654297,,,,lidar,33243,12356,2902,1147,16838,7.5,9.969463348388672,10.929348945617676,,
r7p5,rain,weather,,,,1534867434747513000,15.706574440002441,20.988840103149414,,,,lidar,33287,12482,2944,1122,16739,7.5,9.953007698059082,10.909082412719727,,
r7p5,rain,weather,2.1605350971221924,900,1600,1534867434762404000,,,217940,100.18614196777344,59.628135681152344,image,,,,,,7.5,,,,1.8162047863006592
r7p5,rain,weather,,,,1534867434797857000,15.683730125427246,21.063461303710938,,,,lidar,33192,12514,2907,1131,16640,7.5,9.945178985595703,10.923346519470215,,
r7p5,rain,weather,,,,1534867434847604000,15.488265037536621,20.923856735229492,,,,lidar,33228,12559,2928,1128,16613,7.5,9.972615242004395,10.971864700317383,,
r7p5,rain,weather,2.131425142288208,900,1600,1534867434862404000,,,217027,99.8551025390625,59.67434310913086,image,,,,,,7.5,,,,1.7978636026382446
r7p5,rain,weather,,,,1534867434897370000,15.4609956741333,20.95461082458496,,,,lidar,33221,12620,2893,1097,16611,7.5,9.905387878417969,10.820576667785645,,
r7p5,rain,weather,,,,1534867434947673000,15.399860382080078,20.878555297851562,,,,lidar,33243,12722,2909,1091,16521,7.5,9.866253852844238,10.801579475402832,,
r7p5,rain,weather,2.1457812786102295,900,1600,1534867434912404000,,,217784,99.75509643554688,59.68385696411133,image,,,,,,7.5,,,,1.7883342504501343
r7p5,rain,weather,,,,1534867434997457000,15.086652755737305,20.36585235595703,,,,lidar,33203,12780,2901,1042,16480,7.5,9.783958435058594,10.646122932434082,,
r7p5,rain,weather,2.112774610519409,900,1600,1534867435012404000,,,215528,100.09508514404297,59.816402435302734,image,,,,,,7.5,,,,1.7876876592636108
r7p5,rain,weather,,,,1534867435047757000,15.066160202026367,20.34621810913086,,,,lidar,33210,12762,2951,1049,16448,7.5,9.824508666992188,10.723389625549316,,
r7p5,rain,weather,,,,1534867435097545000,14.977073669433594,20.160158157348633,,,,lidar,33192,12783,2963,1033,16413,7.5,9.818731307983398,10.755635261535645,,
r7p5,rain,weather,2.1066367626190186,900,1600,1534867435112404000,,,215882,99.63931274414062,60.21244812011719,image,,,,,,7.5,,,,1.7953802347183228
r7p5,rain,weather,,,,1534867435147293000,14.950479507446289,20.153554916381836,,,,lidar,33166,12775,2989,1019,16383,7.5,9.821615219116211,10.731847763061523,,
r7p5,rain,weather,2.0996782779693604,900,1600,1534867435162404000,,,215913,99.29401397705078,60.22879409790039,image,,,,,,7.5,,,,1.7862200736999512
r7p5,rain,weather,,,,1534867435197614000,14.784128189086914,19.756607055664062,,,,lidar,33177,12751,3003,1012,16411,7.5,9.835091590881348,10.752358436584473,,
r7p5,rain,weather,,,,1534867435247375000,14.806195259094238,19.92977523803711,,,,lidar,33188,12739,3034,1006,16409,7.5,9.837366104125977,10.745549201965332,,
r7p5,rain,weather,2.076779842376709,900,1600,1534867435262404000,,,215604,99.373046875,60.45900344848633,image,,,,,,7.5,,,,1.7842867374420166
r7p5,rain,weather,,,,1534867435297721000,14.674568176269531,19.67145347595215,,,,lidar,33201,12697,3070,1002,16432,7.5,9.840234756469727,10.737154006958008,,
r7p5,rain,weather,,,,1534867435347464000,14.565242767333984,19.396982192993164,,,,lidar,33166,12602,3016,1003,16545,7.5,9.854025840759277,10.820021629333496,,
r7p5,rain,weather,2.0703864097595215,900,1600,1534867435362404000,,,215996,99.44415283203125,60.576053619384766,image,,,,,,7.5,,,,1.7760330438613892
r7p5,rain,weather,,,,1534867435397242000,14.61910343170166,19.528898239135742,,,,lidar,33165,12555,3039,952,16619,7.5,9.818288803100586,10.663934707641602,,
r7p5,rain,weather,,,,1534867435447584000,14.547918319702148,19.18324089050293,,,,lidar,33224,12615,3030,970,16609,7.5,9.839717864990234,10.715411186218262,,
r7p5,rain,weather,2.07674241065979,900,1600,1534867435412404000,,,216393,98.8481216430664,60.46660614013672,image,,,,,,7.5,,,,1.7805095911026
r7p5,rain,weather,,,,1534867435497321000,14.494704246520996,19.09932518005371,,,,lidar,33277,12560,3063,942,16712,7.5,9.856639862060547,10.717044830322266,,
r7p5,rain,weather,2.0527024269104004,900,1600,1534867435512404000,,,215867,99.0113525390625,60.34664535522461,image,,,,,,7.5,,,,1.7836352586746216
r7p5,rain,weather,,,,1534867435547633000,14.381993293762207,18.873126983642578,,,,lidar,33259,12582,3053,916,16708,7.5,9.807257652282715,10.614303588867188,,
r7p5,rain,weather,,,,1534867435597411000,14.413544654846191,19.18764877319336,,,,lidar,33185,12580,3065,920,16620,7.5,9.825675964355469,10.679513931274414,,
r7p5,rain,weather,2.059197425842285,900,1600,1534867435612404000,,,217214,98.01358795166016,60.769561767578125,image,,,,,,7.5,,,,1.8024013042449951
r7p5,rain,weather,,,,1534867435647179000,14.396474838256836,19.130464553833008,,,,lidar,33166,12518,3052,928,16668,7.5,9.868605613708496,10.748580932617188,,
r7p5,rain,weather,2.031906843185425,900,1600,1534867435662404000,,,216497,98.3940200805664,60.77653121948242,image,,,,,,7.5,,,,1.7951432466506958
r7p5,rain,weather,,,,1534867435697501000,14.341694831848145,19.062585830688477,,,,lidar,33180,12449,3138,974,16619,7.5,9.963166236877441,10.861473083496094,,
r7p5,rain,weather,,,,1534867435747254000,14.248204231262207,18.892980575561523,,,,lidar,33186,12458,3193,964,16571,7.5,9.96788501739502,10.85190200805664,,
r7p5,rain,weather,2.009251594543457,900,1600,1534867435762404000,,,215590,97.94514465332031,60.69839096069336,image,,,,,,7.5,,,,1.8022726774215698
r7p5,rain,weather,,,,1534867435799876000,14.101244926452637,18.66706657409668,,,,lidar,33174,12432,3218,969,16555,7.5,9.975010871887207,10.823256492614746,,
r7p5,rain,weather,,,,1534867435847350000,14.015429496765137,18.29245948791504,,,,lidar,33206,12394,3197,976,16639,7.5,9.988486289978027,10.81962776184082,,
r7p5,rain,weather,1.9985650777816772,900,1600,1534867435862404000,,,215023,98.31781005859375,60.83127212524414,image,,,,,,7.5,,,,1.812604308128357
r7p5,rain,weather,,,,1534867435897685000,13.983931541442871,17.955141067504883,,,,lidar,33184,12487,3152,983,16562,7.5,9.948104858398438,10.798615455627441,,
r7p5,rain,weather,,,,1534867435947443000,14.125807762145996,18.32603645324707,,,,lidar,33195,12513,3149,999,16534,7.5,9.971250534057617,10.857463836669922,,
r7p5,rain,weather,1.9782217741012573,900,1600,1534867435912404000,,,215243,98.27994537353516,60.82563400268555,image,,,,,,7.5,,,,1.8162347078323364
r7p5,rain,weather,,,,1534867435997210000,14.222556114196777,18.598033905029297,,,,lidar,33148,12503,3115,992,16538,7.5,9.951102256774902,10.839832305908203,,
r7p5,rain,weather,1.9666444063186646,900,1600,1534867436012404000,,,214133,98.18724822998047,60.982234954833984,image,,,,,,7.5,,,,1.8279497623443604
r7p5,rain,weather,,,,1534867436047508000,14.013822555541992,18.40226936340332,,,,lidar,33217,12518,3084,1029,16586,7.5,9.974154472351074,10.89924144744873,,
r7p5,rain,weather,,,,1534867436097280000,14.034025192260742,18.665184020996094,,,,lidar,33243,12554,3126,1027,16536,7.5,10.02186107635498,10.957200050354004,,
r7p5,rain,weather,1.958319067955017,900,1600,1534867436112404000,,,215525,97.76848602294922,60.93551254272461,image,,,,,,7.5,,,,1.8380388021469116
r7p5,rain,weather,,,,1534867436147600000,13.938596725463867,18.463232040405273,,,,lidar,33194,12572,3057,1073,16492,7.5,10.046042442321777,11.032382011413574,,
r7p5,rain,weather,1.972206950187683,900,1600,1534867436162404000,,,216837,97.5689697265625,61.26069641113281,image,,,,,,7.5,,,,1.853261947631836
r7p5,rain,weather,,,,1534867436197373000,13.759501457214355,18.166149139404297,,,,lidar,33189,12547,3112,1084,16446,7.5,10.089400291442871,11.05807876586914,,
r7p5,rain,weather,,,,1534867436247688000,13.742475509643555,18.129362106323242,,,,lidar,33254,12645,3086,1093,16430,7.5,10.073622703552246,11.064499855041504,,
r7p5,rain,weather,1.9814599752426147,900,1600,1534867436262404000,,,218128,97.49708557128906,61.352176666259766,image,,,,,,7.5,,,,1.8729908466339111
r7p5,rain,weather,,,,1534867436297454000,13.596644401550293,17.777952194213867,,,,lidar,33249,12648,3044,1091,16466,7.5,10.065483093261719,11.00765323638916,,
r7p5,rain,weather,,,,1534867436347764000,13.519679069519043,17.499399185180664,,,,lidar,33201,12700,3082,1062,16357,7.5,10.022734642028809,10.934516906738281,,
r7p5,rain,weather,1.9561517238616943,900,1600,1534867436362404000,,,217897,97.47840118408203,61.31247329711914,image,,,,,,7.5,,,,1.8825535774230957
r7p5,rain,weather,,,,1534867436397546000,13.482321739196777,17.25007438659668,,,,lidar,33228,12706,3062,1139,16321,7.5,10.10510540008545,11.117783546447754,,
r7p5,rain,weather,,,,1534867436447892000,13.307793617248535,17.2539005279541,,,,lidar,33183,12690,3061,1101,16331,7.5,10.064322471618652,11.039568901062012,,
r7p5,rain,weather,1.952741265296936,900,1600,1534867436412404000,,,217503,97.84750366210938,60.92622756958008,image,,,,,,7.5,,,,1.886051893234253
r7p5,rain,weather,,,,1534867436497621000,13.232365608215332,17.172269821166992,,,,lidar,33258,12792,3064,1069,16333,7.5,9.984164237976074,10.9176664352417,,
r7p5,rain,weather,1.9577646255493164,900,1600,1534867436512404000,,,217271,98.65440368652344,61.08551788330078,image,,,,,,7.5,,,,1.9018757343292236
r7p5,rain,weather,,,,1534867436547945000,13.237198829650879,17.12742805480957,,,,lidar,33267,12771,2994,1095,16407,7.5,10.008196830749512,10.968491554260254,,
r7p5,rain,weather,,,,1534867436597712000,13.176791191101074,16.87544059753418,,,,lidar,33299,12805,2948,1084,16462,7.5,9.958763122558594,10.886754989624023,,
r7p5,rain,weather,1.9705628156661987,900,1600,1534867436612404000,,,218946,98.95515441894531,61.15997314453125,image,,,,,,7.5,,,,1.9161242246627808
r7p5,rain,weather,,,,1534867436648040000,13.195992469787598,16.92262077331543,,,,lidar,33278,12831,2904,1093,16450,7.5,9.96298599243164,10.946702003479004,,
r7p5,rain,weather,1.9797248840332031,900,1600,1534867436662404000,,,219704,98.31237030029297,61.30400085449219,image,,,,,,7.5,,,,1.9317978620529175
r7p5,rain,weather,,,,1534867436697839000,13.167737007141113,16.66163444519043,,,,lidar,33259,12844,2871,1105,16439,7.5,9.946443557739258,10.959697723388672,,
r7p5,rain,weather,,,,1534867436748116000,13.23073959350586,16.89438819885254,,,,lidar,33260,12900,2847,1101,16412,7.5,9.91146469116211,10.91790771484375,,
r7p5,rain,weather,1.9620825052261353,900,1600,1534867436762404000,,,218402,98.99664306640625,61.515708923339844,image,,,,,,7.5,,,,1.922255277633667
r7p5,rain,weather,,,,1534867436797894000,13.189462661743164,16.880233764648438,,,,lidar,33277,12899,2882,1123,16373,7.5,9.942903518676758,10.924322128295898,,
r7p5,rain,weather,,,,1534867436847671000,13.110440254211426,16.7736873626709,,,,lidar,33317,13036,2825,1090,16366,7.5,9.82888412475586,10.781296730041504,,
r7p5,rain,weather,1.9483003616333008,900,1600,1534867436862404000,,,217500,98.7574234008789,62.00648498535156,image,,,,,,7.5,,,,1.930501937866211
r7p5,rain,weather,,,,1534867436898622000,13.141594886779785,16.999162673950195,,,,lidar,33264,13055,2814,1106,16289,7.5,9.833219528198242,10.854336738586426,,
r7p5,rain,weather,,,,1534867436947771000,13.008764266967773,16.726137161254883,,,,lidar,33218,13064,2752,1093,16309,7.5,9.776687622070312,10.790096282958984,,
r7p5,rain,weather,1.9564616680145264,900,1600,1534867436912404000,,,219322,98.1319580078125,62.126121520996094,image,,,,,,7.5,,,,1.941918134689331
r7p5,rain,weather,,,,1534867436998054000,13.058797836303711,16.760953903198242,,,,lidar,33249,13018,2829,1080,16322,7.5,9.79489517211914,10.800436019897461,,
r7p5,rain,weather,1.957634687423706,900,1600,1534867437012404000,,,220447,98.14754486083984,62.619503021240234,image,,,,,,7.5,,,,1.9544904232025146
r7p5,rain,weather,,,,1534867437047827000,13.096442222595215,16.685443878173828,,,,lidar,33296,12975,2858,1091,16372,7.5,9.821925163269043,10.857977867126465,,
r7p5,rain,weather,,,,1534867437098143000,13.086066246032715,16.784774780273438,,,,lidar,33283,12964,2836,1072,16411,7.5,9.776697158813477,10.740486145019531,,
r7p5,rain,weather,1.9677985906600952,900,1600,1534867437112404000,,,221259,98.09326934814453,62.96826171875,image,,,,,,7.5,,,,1.9800896644592285
r7p5,rain,weather,,,,1534867437147908000,13.054235458374023,16.72508430480957,,,,lidar,33330,12921,2853,1052,16504,7.5,9.779457092285156,10.709770202636719,,
r7p5,rain,weather,1.9418317079544067,900,1600,1534867437162404000,,,220232,97.86886596679688,62.7765998840332,image,,,,,,7.5,,,,1.9609184265136719
r7p5,rain,weather,,,,1534867437198224000,13.137921333312988,16.821327209472656,,,,lidar,33318,13021,2791,1043,16463,7.5,9.713373184204102,10.671136856079102,,
r7p5,rain,weather,,,,1534867437248032000,13.046021461486816,16.53856086730957,,,,lidar,33350,12971,2811,1035,16533,7.5,9.71667766571045,10.607675552368164,,
r7p5,rain,weather,1.9575575590133667,900,1600,1534867437262404000,,,221267,97.90515899658203,63.357330322265625,image,,,,,,7.5,,,,1.9832189083099365
r7p5,rain,weather,,,,1534867437298342000,13.012428283691406,16.310598373413086,,,,lidar,33331,12861,2823,1062,16585,7.5,9.806822776794434,10.735917091369629,,
r7p5,rain,weather,,,,1534867437348076000,13.101956367492676,16.625221252441406,,,,lidar,33313,12932,2750,1043,16588,7.5,9.731078147888184,10.665019035339355,,
r7p5,rain,weather,,,,1534867437398416000,13.079468727111816,16.524900436401367,,,,lidar,33249,12849,2743,1038,16619,7.5,9.744715690612793,10.647558212280273,,
r7p5,rain,weather,1.9454833269119263,900,1600,1534867437362404000,,,220667,98.1231689453125,63.691471099853516,image,,,,,,7.5,,,,2.0009114742279053
r7p5,rain,weather,1.9511117935180664,900,1600,1534867437412404000,,,221669,97.32344818115234,63.861995697021484,image,,,,,,7.5,,,,2.0311360359191895
r7p5,rain,weather,,,,1534867437448158000,13.127131462097168,16.696800231933594,,,,lidar,33213,12932,2715,996,16570,7.5,9.652750968933105,10.554808616638184,,
r7p5,rain,weather,,,,1534867437499906000,13.168722152709961,16.746973037719727,,,,lidar,33187,12936,2708,975,16568,7.5,9.621091842651367,10.540420532226562,,
r7p5,rain,weather,1.9339003562927246,900,1600,1534867437512404000,,,220962,97.91956329345703,63.854026794433594,image,,,,,,7.5,,,,2.0428106784820557
r7p5,rain,weather,,,,1534867437548282000,13.097370147705078,16.72821617126465,,,,lidar,33140,12889,2749,913,16589,7.5,9.584303855895996,10.463047981262207,,
r7p5,rain,weather,,,,1534867437598038000,13.165262222290039,16.940631866455078,,,,lidar,33073,12819,2763,869,16622,7.5,9.585163116455078,10.408859252929688,,
r7p5,rain,weather,1.945196270942688,900,1600,1534867437612404000,,,221117,97.77872467041016,64.05215454101562,image,,,,,,7.5,,,,2.04278564453125
r7p5,rain,weather,,,,1534867437648336000,13.23788833618164,17.262788772583008,,,,lidar,33097,12882,2761,785,16669,7.5,9.454832077026367,10.195866584777832,,
r7p5,rain,weather,1.944879412651062,900,1600,1534867437662404000,,,221742,98.0067138671875,63.82206344604492,image,,,,,,7.5,,,,2.0374646186828613
r7p5,rain,weather,,,,1534867437698112000,13.22431468963623,17.22110366821289,,,,lidar,33069,12865,2791,745,16668,7.5,9.439790725708008,10.147366523742676,,
r7p5,rain,weather,,,,1534867437748436000,13.24585247039795,17.234600067138672,,,,lidar,33076,12884,2842,711,16639,7.5,9.431194305419922,10.173357009887695,,
r7p5,rain,weather,1.9258613586425781,900,1600,1534867437762404000,,,220266,97.4039077758789,63.41582489013672,image,,,,,,7.5,,,,1.9996989965438843
r7p5,rain,weather,,,,1534867437798188000,13.278887748718262,17.437280654907227,,,,lidar,33058,12943,2823,649,16643,7.5,9.327251434326172,10.022634506225586,,
r7p5,rain,weather,,,,1534867437848515000,13.228601455688477,17.3402156829834,,,,lidar,33079,12888,2861,616,16714,7.5,9.344104766845703,9.98934268951416,,
r7p5,rain,weather,,,,1534867437898272000,13.19648265838623,17.284923553466797,,,,lidar,33058,12895,2775,570,16818,7.5,9.257922172546387,9.833044052124023,,
r7p5,rain,weather,1.8749613761901855,900,1600,1534867437862404000,,,216704,98.8323745727539,62.76116943359375,image,,,,,,7.5,,,,1.9524339437484741
r7p5,rain,weather,1.8715412616729736,900,1600,1534867437912404000,,,217336,97.74417877197266,62.50629806518555,image,,,,,,7.5,,,,1.9623442888259888
r7p5,rain,weather,,,,1534867437948593000,13.194384574890137,17.276647567749023,,,,lidar,33000,12915,2778,536,16771,7.5,9.220755577087402,9.839835166931152,,
r7p5,rain,weather,,,,1534867437998356000,13.035378456115723,16.767000198364258,,,,lidar,33034,12873,2773,510,16878,7.5,9.210188865661621,9.788710594177246,,
r7p5,rain,weather,1.874700903892517,900,1600,1534867438012404000,,,216909,98.83248901367188,62.66905975341797,image,,,,,,7.5,,,,1.9683043956756592
r7p5,rain,weather,,,,1534867438048125000,13.112459182739258,16.98767852783203,,,,lidar,32997,12852,2750,496,16899,7.5,9.178152084350586,9.754009246826172,,
r7p5,rain,weather,,,,1534867438098461000,13.104033470153809,16.947431564331055,,,,lidar,33018,12831,2778,478,16931,7.5,9.156282424926758,9.683019638061523,,
r7p5,rain,weather,1.8778598308563232,900,1600,1534867438112404000,,,217333,98.34429931640625,62.765892028808594,image,,,,,,7.5,,,,1.9879873991012573
r7p5,rain,weather,,,,1534867438148214000,13.066995620727539,16.955808639526367,,,,lidar,33014,12851,2759,443,16961,7.5,9.101384162902832,9.583939552307129,,
r7p5,rain,weather,1.856595754623413,900,1600,1534867438162404000,,,216030,98.62039947509766,62.527366638183594,image,,,,,,7.5,,,,1.9771273136138916
r7p5,rain,weather,,,,1534867438198532000,13.11802864074707,17.37851333618164,,,,lidar,33059,12828,2755,410,17066,7.5,9.074599266052246,9.522309303283691,,
r7p5,rain,weather,,,,1534867438248293000,13.087972640991211,17.582643508911133,,,,lidar,33070,12824,2757,397,17092,7.5,9.048246383666992,9.504210472106934,,
r7p5,rain,weather,1.8569411039352417,900,1600,1534867438262404000,,,216755,98.27042388916016,62.68269729614258,image,,,,,,7.5,,,,1.9861005544662476
r7p5,rain,weather,,,,1534867438298624000,13.199640274047852,17.74312400817871,,,,lidar,33088,12854,2758,406,17070,7.5,9.036994934082031,9.529691696166992,,
r7p5,rain,weather,,,,1534867438348377000,13.062349319458008,17.182767868041992,,,,lidar,33137,12821,2784,407,17125,7.5,9.026531219482422,9.538347244262695,,
r7p5,rain,weather,1.8431150913238525,900,1600,1534867438362404000,,,215748,98.75701904296875,62.85829162597656,image,,,,,,7.5,,,,1.9868054389953613
r7p5,rain,weather,,,,1534867438398169000,13.12712574005127,17.3729190826416,,,,lidar,33123,12922,2711,393,17097,7.5,8.928043365478516,9.450980186462402,,
r7p5,rain,weather,1.8461629152297974,900,1600,1534867438412404000,,,216832,98.18604278564453,62.889400482177734,image,,,,,,7.5,,,,2.0036075115203857
r7p5,rain,weather,,,,1534867438448663000,13.034123420715332,17.11846160888672,,,,lidar,33173,12908,2636,399,17230,7.5,8.909320831298828,9.455015182495117,,
r7p5,rain,weather,,,,1534867438498255000,13.036725997924805,17.108884811401367,,,,lidar,33233,12909,2574,421,17329,7.5,8.900092124938965,9.465993881225586,,
r7p5,rain,weather,1.833207607269287,900,1600,1534867438512404000,,,215886,98.68382263183594,63.01189422607422,image,,,,,,7.5,,,,2.0044541358947754
r7p5,rain,weather,,,,1534867438548564000,13.087800979614258,17.398025512695312,,,,lidar,33132,12918,2498,405,17311,7.5,8.84304428100586,9.378942489624023,,
r7p5,rain,weather,,,,1534867438598347000,13.007399559020996,17.291961669921875,,,,lidar,33118,12908,2421,401,17388,7.5,8.817523002624512,9.365015029907227,,
r7p5,rain,weather,1.8284600973129272,900,1600,1534867438612404000,,,215434,99.13140106201172,63.09925079345703,image,,,,,,7.5,,,,2.008362054824829
r7p5,rain,weather,,,,1534867438648638000,13.064715385437012,17.4487247467041,,,,lidar,33211,12881,2411,406,17513,7.5,8.817570686340332,9.293610572814941,,
r7p5,rain,weather,1.828323245048523,900,1600,1534867438662404000,,,216092,98.65044403076172,62.93799591064453,image,,,,,,7.5,,,,2.0112388134002686
r7p5,rain,weather,,,,1534867438698458000,13.13302993774414,17.661849975585938,,,,lidar,33255,12885,2419,398,17553,7.5,8.813980102539062,9.279770851135254,,
r7p5,rain,weather,,,,1534867438748717000,13.225072860717773,17.632719039916992,,,,lidar,33222,12853,2413,395,17561,7.5,8.828733444213867,9.278993606567383,,
r7p5,rain,weather,1.840330719947815,900,1600,1534867438762404000,,,216241,98.73455810546875,62.843997955322266,image,,,,,,7.5,,,,2.0229060649871826
r7p5,rain,weather,,,,1534867438798511000,13.315042495727539,17.665658950805664,,,,lidar,33150,12771,2456,396,17527,7.5,8.860811233520508,9.296582221984863,,
r7p5,rain,weather,,,,1534867438848821000,13.297061920166016,17.704280853271484,,,,lidar,33166,12839,2382,412,17533,7.5,8.826147079467773,9.301704406738281,,
r7p5,rain,weather,,,,1534867438898596000,13.31323528289795,17.676551818847656,,,,lidar,33219,12863,2393,402,17561,7.5,8.811538696289062,9.27868938446045,,
r7p5,rain,weather,1.842968463897705,900,1600,1534867438862404000,,,217486,98.34515380859375,63.047996520996094,image,,,,,,7.5,,,,2.035961389541626
r7p5,rain,weather,1.8251219987869263,900,1600,1534867438912413000,,,217216,98.67362213134766,62.89964294433594,image,,,,,,7.5,,,,2.0353517532348633
r7p5,rain,weather,,,,1534867438948913000,13.398210525512695,17.923980712890625,,,,lidar,33251,12909,2404,402,17536,7.5,8.80379581451416,9.29714584350586,,
r7p5,rain,weather,,,,1534867438998674000,13.379459381103516,17.863813400268555,,,,lidar,33292,12910,2393,417,17572,7.5,8.819717407226562,9.346840858459473,,
r7p5,rain,weather,1.821033239364624,900,1600,1534867439012404000,,,216453,99.1072006225586,62.97382736206055,image,,,,,,7.5,,,,2.035193920135498
r7p5,rain,weather,,,,1534867439048989000,13.330592155456543,17.67006492614746,,,,lidar,33264,12895,2407,397,17565,7.5,8.790384292602539,9.266586303710938,,
r7p5,rain,weather,,,,1534867439098749000,13.484221458435059,18.05437469482422,,,,lidar,33222,12890,2355,394,17583,7.5,8.760810852050781,9.222586631774902,,
r7p5,rain,weather,1.8158940076828003,900,1600,1534867439112404000,,,216647,98.94470977783203,62.9796142578125,image,,,,,,7.5,,,,2.043398141860962
r7p5,rain,weather,,,,1534867439149065000,13.479767799377441,17.95311164855957,,,,lidar,33217,12880,2370,378,17589,7.5,8.748438835144043,9.170507431030273,,
r7p5,rain,weather,1.8135550022125244,900,1600,1534867439162404000,,,216593,98.61884307861328,62.622032165527344,image,,,,,,7.5,,,,2.0473546981811523
r7p5,rain,weather,,,,1534867439199308000,13.453136444091797,17.838298797607422,,,,lidar,33219,12813,2365,396,17645,7.5,8.768451690673828,9.189454078674316,,
r7p5,rain,weather,,,,1534867439249155000,13.383481979370117,17.72088050842285,,,,lidar,33192,12800,2341,410,17641,7.5,8.785294532775879,9.269573211669922,,
r7p5,rain,weather,1.8375200033187866,900,1600,1534867439262404000,,,218838,98.31541442871094,62.839717864990234,image,,,,,,7.5,,,,2.0890698432922363
r7p5,rain,weather,,,,1534867439298950000,13.468152046203613,17.85565948486328,,,,lidar,33202,12851,2352,420,17579,7.5,8.76552677154541,9.249865531921387,,
r7p5,rain,weather,,,,1534867439348701000,13.512897491455078,17.72809600830078,,,,lidar,33272,12851,2346,425,17650,7.5,8.766642570495605,9.26485538482666,,
r7p5,rain,weather,,,,1534867439399032000,13.541245460510254,17.80573272705078,,,,lidar,33276,12858,2328,403,17687,7.5,8.708403587341309,9.136554718017578,,
r7p5,rain,weather,1.8327579498291016,900,1600,1534867439362404000,,,218607,99.29994201660156,62.7195930480957,image,,,,,,7.5,,,,2.0886213779449463
r7p5,rain,weather,1.8150115013122559,900,1600,1534867439412404000,,,217743,98.94273376464844,62.533138275146484,image,,,,,,7.5,,,,2.0842061042785645
r7p5,rain,weather,,,,1534867439448778000,13.503265380859375,17.57179069519043,,,,lidar,33228,12836,2324,408,17660,7.5,8.700784683227539,9.12183952331543,,
r7p5,rain,weather,,,,1534867439499100000,13.590193748474121,17.59740447998047,,,,lidar,33189,12851,2284,428,17626,7.5,8.700075149536133,9.214693069458008,,
r7p5,rain,weather,1.8127267360687256,900,1600,1534867439512404000,,,218200,99.16361999511719,62.59675598144531,image,,,,,,7.5,,,,2.105255126953125
r7p5,rain,weather,,,,1534867439548869000,13.66174030303955,17.79561996459961,,,,lidar,33242,12891,2299,421,17631,7.5,8.658310890197754,9.116450309753418,,
r7p5,rain,weather,,,,1534867439599196000,13.673052787780762,17.8928165435791,,,,lidar,33299,12920,2344,430,17605,7.5,8.663200378417969,9.136724472045898,,
r7p5,rain,weather,1.826698660850525,900,1600,1534867439612404000,,,220393,99.20787811279297,62.58842086791992,image,,,,,,7.5,,,,2.1275668144226074
r7p5,rain,weather,,,,1534867439648947000,13.788069725036621,18.092445373535156,,,,lidar,33300,12892,2370,431,17607,7.5,8.665693283081055,9.157301902770996,,
r7p5,rain,weather,1.8027600049972534,900,1600,1534867439662404000,,,218791,99.6227035522461,62.159828186035156,image,,,,,,7.5,,,,2.1117477416992188
r7p5,rain,weather,,,,1534867439699272000,13.748135566711426,17.95466423034668,,,,lidar,33274,12854,2391,430,17599,7.5,8.67350959777832,9.138850212097168,,
r7p5,rain,weather,,,,1534867439749040000,13.800461769104004,17.919103622436523,,,,lidar,33264,12869,2373,435,17587,7.5,8.67087173461914,9.169636726379395,,
r7p5,rain,weather,1.8022799491882324,900,1600,1534867439762404000,,,217775,100.29109954833984,61.97844696044922,image,,,,,,7.5,,,,2.123800754547119
r7p5,rain,weather,,,,1534867439798808000,13.89419174194336,17.974790573120117,,,,lidar,33242,12974,2298,414,17556,7.5,8.576976776123047,9.074626922607422,,
r7p5,rain,weather,,,,1534867439849154000,13.95567798614502,18.09259605407715,,,,lidar,33325,12988,2282,424,17631,7.5,8.590596199035645,9.125762939453125,,
r7p5,rain,weather,,,,1534867439898892000,13.984180450439453,18.049728393554688,,,,lidar,33265,12935,2212,418,17700,7.5,8.568941116333008,9.086650848388672,,
r7p5,rain,weather,1.805249810218811,900,1600,1534867439862404000,,,218630,100.32138061523438,62.047569274902344,image,,,,,,7.5,,,,2.1575424671173096
r7p5,rain,weather,1.7955381870269775,900,1600,1534867439912404000,,,218428,100.13790893554688,61.55955123901367,image,,,,,,7.5,,,,2.151771306991577
r7p5,rain,weather,,,,1534867439949201000,13.953572273254395,17.99673080444336,,,,lidar,33265,12926,2203,434,17702,7.5,8.586861610412598,9.118914604187012,,
r7p5,rain,weather,,,,1534867439998973000,14.109786987304688,18.282888412475586,,,,lidar,33307,12960,2195,442,17710,7.5,8.589048385620117,9.17144775390625,,
r7p5,rain,weather,1.8054826259613037,900,1600,1534867440012404000,,,219488,100.27975463867188,61.448123931884766,image,,,,,,7.5,,,,2.175711154937744
r7p5,rain,weather,,,,1534867440049294000,14.232685089111328,18.45923614501953,,,,lidar,33296,12998,2172,438,17688,7.5,8.568897247314453,9.158670425415039,,
r7p5,rain,weather,,,,1534867440099074000,14.254559516906738,18.564130783081055,,,,lidar,33314,13056,2143,446,17669,7.5,8.552773475646973,9.150596618652344,,
r7p5,rain,weather,1.8053053617477417,900,1600,1534867440112404000,,,220271,100.55078887939453,61.433441162109375,image,,,,,,7.5,,,,2.194283962249756
r7p5,rain,weather,,,,1534867440149392000,14.308103561401367,18.6855525970459,,,,lidar,33315,13110,2113,416,17676,7.5,8.505478858947754,9.03822135925293,,
r7p5,rain,weather,1.815111517906189,900,1600,1534867440162404000,,,220772,99.82466888427734,61.28072738647461,image,,,,,,7.5,,,,2.201587200164795
r7p5,rain,weather,,,,1534867440199182000,14.341998100280762,18.64422035217285,,,,lidar,33333,13167,2108,435,17623,7.5,8.531349182128906,9.106913566589355,,
r7p5,rain,weather,,,,1534867440248910000,14.424870491027832,18.77850341796875,,,,lidar,33315,13199,2101,452,17563,7.5,8.5506010055542,9.17037296295166,,
r7p5,rain,weather,1.8000187873840332,900,1600,1534867440262404000,,,220209,100.14946746826172,61.12088394165039,image,,,,,,7.5,,,,2.1900200843811035
r7p5,rain,weather,,,,1534867440299315000,14.60508918762207,19.204784393310547,,,,lidar,33387,13280,2077,451,17579,7.5,8.538156509399414,9.163330078125,,
r7p5,rain,weather,,,,1534867440348991000,14.573647499084473,18.977277755737305,,,,lidar,33403,13247,2072,467,17617,7.5,8.568588256835938,9.177863121032715,,
r7p5,rain,weather,1.7900590896606445,900,1600,1534867440362404000,,,220052,99.7623519897461,61.080238342285156,image,,,,,,7.5,,,,2.183769464492798
r7p5,rain,weather,,,,1534867440398762000,14.636612892150879,19.206933975219727,,,,lidar,33459,13344,2059,459,17597,7.5,8.550124168395996,9.185586929321289,,
r7p5,rain,weather,1.788170337677002,900,1600,1534867440412404000,,,220107,99.83039855957031,61.06230163574219,image,,,,,,7.5,,,,2.181993246078491
r7p5,rain,weather,,,,1534867440449077000,14.672052383422852,19.362476348876953,,,,lidar,33473,13395,2038,466,17574,7.5,8.535844802856445,9.166163444519043,,
r7p5,rain,weather,,,,1534867440498878000,14.689648628234863,19.256074905395508,,,,lidar,33485,13440,1982,475,17588,7.5,8.527844429016113,9.214879035949707,,
r7p5,rain,weather,1.763386845588684,900,1600,1534867440512404000,,,218366,100.28530883789062,61.07600402832031,image,,,,,,7.5,,,,2.1690900325775146
r7p5,rain,weather,,,,1534867440549191000,14.762136459350586,19.360780715942383,,,,lidar,33461,13441,1984,459,17577,7.5,8.527547836303711,9.143680572509766,,
r7p5,rain,weather,,,,1534867440598931000,14.71430778503418,19.138282775878906,,,,lidar,33498,13506,1944,457,17591,7.5,8.519022941589355,9.145773887634277,,
r7p5,rain,weather,1.7515968084335327,900,1600,1534867440612404000,,,217986,100.12809753417969,61.05552673339844,image,,,,,,7.5,,,,2.1630194187164307
r7p5,rain,weather,,,,1534867440648695000,14.685525894165039,19.16893768310547,,,,lidar,33483,13475,1959,467,17582,7.5,8.569893836975098,9.256857872009277,,
r7p5,rain,weather,1.7478562593460083,900,1600,1534867440662404000,,,217329,100.28868103027344,61.08774185180664,image,,,,,,7.5,,,,2.1633169651031494
r7p5,rain,weather,,,,1534867440699022000,14.65200424194336,19.003610610961914,,,,lidar,33471,13453,1932,457,17629,7.5,8.555438041687012,9.138006210327148,,
r7p5,rain,weather,,,,1534867440748781000,14.59619426727295,19.010963439941406,,,,lidar,33473,13505,1857,461,17650,7.5,8.519268989562988,9.123858451843262,,
r7p5,rain,weather,1.7378709316253662,900,1600,1534867440762404000,,,217602,100.09947967529297,60.78521728515625,image,,,,,,7.5,,,,2.1579010486602783
r7p5,rain,weather,,,,1534867440798551000,14.703326225280762,19.102802276611328,,,,lidar,33428,13492,1788,501,17647,7.5,8.559700965881348,9.2587890625,,
r7p5,rain,weather,,,,1534867440848893000,14.77039623260498,19.22217559814453,,,,lidar,33440,13600,1765,480,17595,7.5,8.478455543518066,9.057326316833496,,
r7p5,rain,weather,,,,1534867440898654000,14.77984619140625,19.311939239501953,,,,lidar,33413,13594,1722,505,17592,7.5,8.485483169555664,9.079075813293457,,
r7p5,rain,weather,1.7392516136169434,900,1600,1534867440862404000,,,218286,100.21145629882812,61.121822357177734,image,,,,,,7.5,,,,2.1852071285247803
r7p5,rain,weather,1.7120860815048218,900,1600,1534867440912404000,,,217119,100.68102264404297,60.87315368652344,image,,,,,,7.5,,,,2.1748359203338623
r7p5,rain,weather,,,,1534867440948950000,14.791935920715332,19.382307052612305,,,,lidar,33444,13622,1720,537,17565,7.5,8.526511192321777,9.270864486694336,,
r7p5,rain,weather,,,,1534867440998734000,14.784223556518555,19.157058715820312,,,,lidar,33399,13618,1677,545,17559,7.5,8.49190902709961,9.135406494140625,,
r7p5,rain,weather,1.7388200759887695,900,1600,1534867441012404000,,,218419,100.31072235107422,60.94293975830078,image,,,,,,7.5,,,,2.1982028484344482
r7p5,rain,weather,,,,1534867441048488000,14.707499504089355,19.04757308959961,,,,lidar,33400,13641,1705,531,17523,7.5,8.481537818908691,9.13886833190918,,
r7p5,rain,weather,,,,1534867441098820000,14.854351997375488,19.515735626220703,,,,lidar,33451,13726,1726,523,17476,7.5,8.470213890075684,9.173300743103027,,
r7p5,rain,weather,1.7335466146469116,900,1600,1534867441112410000,,,218245,100.8204345703125,61.07948684692383,image,,,,,,7.5,,,,2.2057347297668457
r7p5,rain,weather,,,,1534867441148588000,14.854950904846191,19.30297088623047,,,,lidar,33453,13764,1741,532,17416,7.5,8.455110549926758,9.182659149169922,,
r7p5,rain,weather,1.7304898500442505,900,1600,1534867441162404000,,,218530,100.64606475830078,60.86370849609375,image,,,,,,7.5,,,,2.201714515686035
r7p5,rain,weather,,,,1534867441198344000,14.91317367553711,19.464740753173828,,,,lidar,33428,13781,1705,539,17403,7.5,8.423444747924805,9.121842384338379,,
r7p5,rain,weather,,,,1534867441248674000,14.906192779541016,19.430095672607422,,,,lidar,33392,13810,1707,525,17350,7.5,8.393119812011719,9.12663745880127,,
r7p5,rain,weather,1.7039698362350464,900,1600,1534867441262406000,,,216978,100.81424713134766,60.5384407043457,image,,,,,,7.5,,,,2.205641746520996
r7p5,rain,weather,,,,1534867441298498000,15.005318641662598,19.66981315612793,,,,lidar,33427,13875,1699,546,17307,7.5,8.406365394592285,9.217588424682617,,
r7p5,rain,weather,,,,1534867441348214000,14.986695289611816,19.718379974365234,,,,lidar,33339,13877,1654,557,17251,7.5,8.38568115234375,9.202332496643066,,
r7p5,rain,weather,,,,1534867441398516000,15.05766487121582,19.84909439086914,,,,lidar,33358,13946,1674,548,17190,7.5,8.367051124572754,9.202604293823242,,
r7p5,rain,weather,1.709029197692871,900,1600,1534867441362404000,,,218217,100.95580291748047,60.389381408691406,image,,,,,,7.5,,,,2.228811264038086
r7p5,rain,weather,1.707249641418457,900,1600,1534867441412404000,,,217786,100.62663269042969,60.21975326538086,image,,,,,,7.5,,,,2.2338550090789795
r7p5,rain,weather,,,,1534867441448283000,15.150501251220703,20.10169792175293,,,,lidar,33308,13958,1707,552,17091,7.5,8.37635326385498,9.204357147216797,,
r7p5,rain,weather,,,,1534867441498636000,15.219898223876953,20.091136932373047,,,,lidar,33230,13945,1696,573,17016,7.5,8.388365745544434,9.291301727294922,,
r7p5,rain,weather,1.7024452686309814,900,1600,1534867441512404000,,,217405,101.18839263916016,60.07716751098633,image,,,,,,7.5,,,,2.2338967323303223
r7p5,rain,weather,,,,1534867441548370000,15.165700912475586,19.983165740966797,,,,lidar,33244,13949,1676,561,17058,7.5,8.365431785583496,9.241568565368652,,
r7p5,rain,weather,,,,1534867441598151000,15.001188278198242,19.53537368774414,,,,lidar,33270,13985,1692,543,17050,7.5,8.342358589172363,9.167510986328125,,
r7p5,rain,weather,1.6902049779891968,900,1600,1534867441612404000,,,216950,101.22682189941406,59.700233459472656,image,,,,,,7.5,,,,2.2405998706817627
r7p5,rain,weather,,,,1534867441648627000,15.043225288391113,19.6931209564209,,,,lidar,33220,13998,1668,544,17010,7.5,8.327383041381836,9.180803298950195,,
r7p5,rain,weather,1.713932991027832,900,1600,1534867441662404000,,,218389,101.42357635498047,59.766014099121094,image,,,,,,7.5,,,,2.260251760482788
r7p5,rain,weather,,,,1534867441698269000,15.048982620239258,19.602401733398438,,,,lidar,33253,14095,1640,544,16974,7.5,8.280092239379883,9.127291679382324,,
r7p5,rain,weather,,,,1534867441747982000,15.154038429260254,19.85084342956543,,,,lidar,33261,14174,1616,572,16899,7.5,8.270261764526367,9.190112113952637,,
r7p5,rain,weather,1.6927982568740845,900,1600,1534867441762404000,,,217351,101.3380355834961,59.437034606933594,image,,,,,,7.5,,,,2.2605018615722656
r7p5,rain,weather,,,,1534867441798300000,15.246922492980957,20.032432556152344,,,,lidar,33265,14191,1583,584,16907,7.5,8.256887435913086,9.186429977416992,,
r7p5,rain,weather,,,,1534867441848070000,15.392742156982422,20.33220100402832,,,,lidar,33236,14241,1568,606,16821,7.5,8.245762825012207,9.220695495605469,,
r7p5,rain,weather,,,,1534867441898462000,15.343101501464844,20.125822067260742,,,,lidar,33279,14253,1587,619,16820,7.5,8.264381408691406,9.272506713867188,,
r7p5,rain,weather,1.6931151151657104,900,1600,1534867441862404000,,,217406,101.63108825683594,59.43169021606445,image,,,,,,7.5,,,,2.266840934753418
r7p5,rain,weather,1.6910680532455444,900,1600,1534867441912404000,,,217362,101.7954330444336,59.31428146362305,image,,,,,,7.5,,,,2.2668187618255615
r7p5,rain,weather,,,,1534867441948169000,15.454977989196777,20.426692962646484,,,,lidar,33299,14304,1623,633,16739,7.5,8.273175239562988,9.292409896850586,,
r7p5,rain,weather,,,,1534867441997956000,15.475357055664062,20.538116455078125,,,,lidar,33269,14300,1600,646,16723,7.5,8.273272514343262,9.317094802856445,,
r7p5,rain,weather,1.68017578125,900,1600,1534867442012404000,,,217257,101.18318939208984,59.102542877197266,image,,,,,,7.5,,,,2.2690975666046143
r7p5,rain,weather,,,,1534867442047686000,15.549988746643066,20.639137268066406,,,,lidar,33275,14408,1615,623,16629,7.5,8.237805366516113,9.31766128540039,,
r7p5,rain,weather,,,,1534867442098062000,15.539649963378906,20.490591049194336,,,,lidar,33274,14534,1670,637,16433,7.5,8.226038932800293,9.311406135559082,,
r7p5,rain,weather,1.6767889261245728,900,1600,1534867442112726000,,,216224,101.4383544921875,59.060909271240234,image,,,,,,7.5,,,,2.266941785812378
r7p5,rain,weather,,,,1534867442147767000,15.427342414855957,20.42235565185547,,,,lidar,33332,14611,1725,608,16388,7.5,8.212007522583008,9.219660758972168,,
r7p5,rain,weather,1.6839261054992676,900,1600,1534867442162404000,,,217185,101.38111114501953,59.184444427490234,image,,,,,,7.5,,,,2.284402847290039
r7p5,rain,weather,,,,1534867442197540000,15.432585716247559,20.508106231689453,,,,lidar,33279,14755,1701,594,16229,7.5,8.13788890838623,9.1543550491333,,
r7p5,rain,weather,,,,1534867442247929000,15.542380332946777,20.762815475463867,,,,lidar,33262,14803,1684,615,16160,7.5,8.160531044006348,9.229735374450684,,
r7p5,rain,weather,1.6576457023620605,900,1600,1534867442262404000,,,215774,101.80535888671875,59.19108963012695,image,,,,,,7.5,,,,2.271960496902466
r7p5,rain,weather,,,,1534867442297645000,15.567275047302246,20.68269920349121,,,,lidar,33268,14864,1699,612,16093,7.5,8.144089698791504,9.205010414123535,,
r7p5,rain,weather,,,,1534867442348677000,15.531064987182617,20.47791290283203,,,,lidar,33210,15003,1677,611,15919,7.5,8.092273712158203,9.160818099975586,,
r7p5,rain,weather,1.6637954711914062,900,1600,1534867442362404000,,,216328,101.82396697998047,59.26081085205078,image,,,,,,7.5,,,,2.2747037410736084
r7p5,rain,weather,,,,1534867442397714000,15.487427711486816,20.443559646606445,,,,lidar,33230,15055,1712,613,15850,7.5,8.10940170288086,9.19946575164795,,
r7p5,rain,weather,,,,1534867442447483000,15.496813774108887,20.507139205932617,,,,lidar,33246,15128,1680,625,15813,7.5,8.103349685668945,9.265007972717285,,
r7p5,rain,weather,1.6600208282470703,900,1600,1534867442412404000,,,216596,101.37846374511719,59.07667541503906,image,,,,,,7.5,,,,2.273329973220825
r7p5,rain,weather,,,,1534867442497867000,15.432807922363281,20.385412216186523,,,,lidar,33176,15133,1660,611,15772,7.5,8.075596809387207,9.169097900390625,,
r7p5,rain,weather,1.665700078010559,900,1600,1534867442512404000,,,216320,101.51846313476562,58.97159194946289,image,,,,,,7.5,,,,2.2767651081085205
r7p5,rain,weather,,,,1534867442547583000,15.47581958770752,20.575227737426758,,,,lidar,33187,15194,1675,626,15692,7.5,8.08867359161377,9.225410461425781,,
r7p5,rain,weather,,,,1534867442597876000,15.41358757019043,20.302907943725586,,,,lidar,33167,15163,1665,646,15693,7.5,8.127370834350586,9.294893264770508,,
r7p5,rain,weather,1.6775151491165161,900,1600,1534867442612404000,,,218087,101.2679443359375,59.068275451660156,image,,,,,,7.5,,,,2.3009302616119385
r7p5,rain,weather,,,,1534867442647660000,15.551718711853027,20.537769317626953,,,,lidar,33127,15203,1668,635,15621,7.5,8.10101318359375,9.279932022094727,,
r7p5,rain,weather,1.6789597272872925,900,1600,1534867442662404000,,,217429,101.07513427734375,59.072540283203125,image,,,,,,7.5,,,,2.302248954772949
r7p5,rain,weather,,,,1534867442697447000,15.574112892150879,20.6613712310791,,,,lidar,33136,15257,1631,641,15607,7.5,8.076361656188965,9.254042625427246,,
r7p5,rain,weather,,,,1534867442747761000,15.6018705368042,20.68122100830078,,,,lidar,33156,15354,1609,625,15568,7.5,8.026714324951172,9.200716972351074,,
r7p5,rain,weather,1.6906232833862305,900,1600,1534867442762404000,,,218812,100.83922576904297,59.05420684814453,image,,,,,,7.5,,,,2.3051764965057373
r7p5,rain,weather,,,,1534867442797564000,15.57528305053711,20.761459350585938,,,,lidar,33174,15396,1597,641,15540,7.5,8.041295051574707,9.210610389709473,,
r7p5,rain,weather,,,,1534867442847842000,15.604460716247559,20.846389770507812,,,,lidar,33171,15461,1587,638,15485,7.5,8.029691696166992,9.276261329650879,,
r7p5,rain,weather,1.6949071884155273,900,1600,1534867442862404000,,,218789,101.33489227294922,59.103111267089844,image,,,,,,7.5,,,,2.311099052429199
r7p5,rain,weather,,,,1534867442897618000,15.456401824951172,20.759763717651367,,,,lidar,33114,15506,1540,615,15453,7.5,7.9427666664123535,9.096821784973145,,
r7p5,rain,weather,,,,1534867442947903000,15.597986221313477,21.08789825439453,,,,lidar,33120,15564,1550,613,15393,7.5,7.945662498474121,9.156784057617188,,
r7p5,rain,weather,1.7118233442306519,900,1600,1534867442912404000,,,220281,101.19104766845703,59.21739959716797,image,,,,,,7.5,,,,2.316986322402954
r7p5,rain,weather,,,,1534867442997694000,15.512954711914062,20.946128845214844,,,,lidar,33150,15641,1514,610,15385,7.5,7.893509387969971,9.099833488464355,,
r7p5,rain,weather,,,,1534867443047995000,15.482914924621582,20.934465408325195,,,,lidar,33135,15695,1507,596,15337,7.5,7.846836566925049,9.027506828308105,,
r7p5,rain,weather,,,,1534867443097829000,15.447015762329102,20.80649757385254,,,,lidar,33080,15659,1519,624,15278,7.5,7.898419380187988,9.161221504211426,,
r7p5,rain,weather,1.72169828414917,900,1600,1534867443112404000,,,220329,101.33384704589844,59.16979217529297,image,,,,,,7.5,,,,2.3288869857788086
r7p5,rain,weather,,,,1534867443147528000,15.31031322479248,20.607839584350586,,,,lidar,33107,15723,1547,629,15208,7.5,7.896960258483887,9.212223052978516,,
r7p5,rain,weather,1.7224599123001099,900,1600,1534867443162404000,,,220421,101.14559936523438,59.26137161254883,image,,,,,,7.5,,,,2.3337528705596924
r7p5,rain,weather,,,,1534867443197863000,15.332802772521973,20.625104904174805,,,,lidar,33071,15737,1542,643,15149,7.5,7.902370452880859,9.216310501098633,,
r7p5,rain,weather,,,,1534867443247608000,15.406641006469727,20.7724552154541,,,,lidar,33028,15744,1567,622,15095,7.5,7.867006778717041,9.130877494812012,,
r7p5,rain,weather,1.709164023399353,900,1600,1534867443262404000,,,219921,101.31661987304688,59.203102111816406,image,,,,,,7.5,,,,2.327432632446289
r7p5,rain,weather,,,,1534867443297939000,15.453497886657715,20.779430389404297,,,,lidar,33030,15775,1570,642,15043,7.5,7.879439830780029,9.246188163757324,,
r7p5,rain,weather,,,,1534867443347701000,15.295879364013672,20.613012313842773,,,,lidar,33064,15813,1602,644,15005,7.5,7.903092861175537,9.28438663482666,,
r7p5,rain,weather,1.705338716506958,900,1600,1534867443362404000,,,218944,101.44852447509766,59.155914306640625,image,,,,,,7.5,,,,2.3210067749023438
r7p5,rain,weather,,,,1534867443397468000,15.16520881652832,20.345870971679688,,,,lidar,33054,15846,1569,666,14973,7.5,7.899003028869629,9.335173606872559,,
r7p5,rain,weather,,,,1534867443447793000,15.110576629638672,20.308650970458984,,,,lidar,33108,15869,1614,624,15001,7.5,7.858391761779785,9.17158317565918,,
r7p5,rain,weather,1.7199965715408325,900,1600,1534867443412404000,,,219983,101.40830993652344,59.11673355102539,image,,,,,,7.5,,,,2.334932565689087
r7p5,rain,weather,,,,1534867443497572000,15.135331153869629,20.442712783813477,,,,lidar,33095,15927,1572,647,14949,7.5,7.851475715637207,9.233485221862793,,
r7p5,rain,weather,1.7255889177322388,900,1600,1534867443512404000,,,219933,101.7656478881836,59.02621078491211,image,,,,,,7.5,,,,2.3258140087127686
r7p5,rain,weather,,,,1534867443547324000,15.024527549743652,20.299928665161133,,,,lidar,33075,15927,1608,657,14883,7.5,7.88564395904541,9.308326721191406,,
r7p5,rain,weather,,,,1534867443597672000,15.026558876037598,20.32803726196289,,,,lidar,33117,16020,1609,632,14856,7.5,7.830602645874023,9.208950996398926,,
r7p5,rain,weather,1.7334778308868408,900,1600,1534867443612404000,,,221547,101.20036315917969,59.494972229003906,image,,,,,,7.5,,,,2.3377084732055664
r7p5,rain,weather,,,,1534867443647400000,15.143013000488281,20.68397331237793,,,,lidar,33107,16007,1600,660,14840,7.5,7.859983444213867,9.334025382995605,,
r7p5,rain,weather,1.7207497358322144,900,1600,1534867443662404000,,,219859,101.64379119873047,59.229103088378906,image,,,,,,7.5,,,,2.328191041946411
r7p5,rain,weather,,,,1534867443697742000,15.05312442779541,20.585355758666992,,,,lidar,33129,16054,1602,626,14847,7.5,7.8039231300354,9.159093856811523,,
r7p5,rain,weather,,,,1534867443747485000,15.089016914367676,20.719736099243164,,,,lidar,33106,16052,1626,650,14778,7.5,7.8410844802856445,9.29281997680664,,
r7p5,rain,weather,1.7105350494384766,900,1600,1534867443762404000,,,218897,102.20198059082031,58.93416213989258,image,,,,,,7.5,,,,2.319350004196167
r7p5,rain,weather,,,,1534867443797279000,15.020928382873535,20.505659103393555,,,,lidar,33155,16073,1640,645,14797,7.5,7.835292339324951,9.270733833312988,,
r7p5,rain,weather,,,,1534867443847571000,15.026381492614746,20.450838088989258,,,,lidar,33158,16159,1617,631,14751,7.5,7.778532981872559,9.198135375976562,,
r7p5,rain,weather,1.712969183921814,900,1600,1534867443862404000,,,219407,101.65568542480469,58.86422348022461,image,,,,,,7.5,,,,2.322643280029297
r7p5,rain,weather,,,,1534867443897376000,15.063425064086914,20.597257614135742,,,,lidar,33155,16133,1626,642,14754,7.5,7.801292896270752,9.264177322387695,,
r7p5,rain,weather,,,,1534867443947127000,15.006232261657715,20.399703979492188,,,,lidar,33140,16141,1608,640,14751,7.5,7.788391590118408,9.244532585144043,,
r7p5,rain,weather,1.717625617980957,900,1600,1534867443912404000,,,220062,101.54006958007812,58.950496673583984,image,,,,,,7.5,,,,2.319025993347168
r7p5,rain,weather,,,,1534867443997478000,14.941082000732422,20.461334228515625,,,,lidar,33186,16215,1650,614,14707,7.5,7.7584147453308105,9.188738822937012,,
r7p5,rain,weather,1.7217400074005127,900,1600,1534867444012404000,,,219964,101.74937438964844,58.85770797729492,image,,,,,,7.5,,,,2.3245890140533447
r7p5,rain,weather,,,,1534867444047199000,14.997403144836426,20.453155517578125,,,,lidar,33134,16197,1610,648,14679,7.5,7.780335426330566,9.27463150024414,,
r7p5,rain,weather,,,,1534867444097519000,14.899816513061523,20.312564849853516,,,,lidar,33166,16197,1647,631,14691,7.5,7.773913383483887,9.220536231994629,,
r7p5,rain,weather,1.7225655317306519,900,1600,1534867444112404000,,,220489,101.83185577392578,58.92362594604492,image,,,,,,7.5,,,,2.336599111557007
r7p5,rain,weather,,,,1534867444147295000,14.809919357299805,20.173870086669922,,,,lidar,33157,16184,1634,640,14699,7.5,7.783544063568115,9.265535354614258,,
r7p5,rain,weather,1.7239761352539062,900,1600,1534867444162404000,,,220131,101.875,58.99177169799805,image,,,,,,7.5,,,,2.3308279514312744
r7p5,rain,weather,,,,1534867444198036000,14.826000213623047,20.20288848876953,,,,lidar,33182,16193,1604,646,14739,7.5,7.766168594360352,9.23766040802002,,
r7p5,rain,weather,,,,1534867444247372000,14.829316139221191,20.195655822753906,,,,lidar,33154,16241,1600,640,14673,7.5,7.751105785369873,9.2821683883667,,
r7p5,rain,weather,1.7234201431274414,900,1600,1534867444262404000,,,220182,102.10725402832031,58.91214370727539,image,,,,,,7.5,,,,2.3339169025421143
r7p5,rain,weather,,,,1534867444297132000,14.77731704711914,20.05687141418457,,,,lidar,33145,16243,1604,635,14663,7.5,7.737823963165283,9.229244232177734,,
r7p5,rain,weather,,,,1534867444347449000,14.840463638305664,20.10487937927246,,,,lidar,33130,16215,1604,633,14678,7.5,7.7420454025268555,9.21310043334961,,
r7p5,rain,weather,1.7144639492034912,900,1600,1534867444362404000,,,219488,101.60205841064453,58.85826873779297,image,,,,,,7.5,,,,2.3296406269073486
r7p5,rain,weather,,,,1534867444397270000,14.740116119384766,19.85614013671875,,,,lidar,33136,16207,1623,635,14671,7.5,7.75939416885376,9.266592979431152,,
r7p5,rain,weather,,,,1534867444447580000,14.751434326171875,19.86070442199707,,,,lidar,33120,16176,1618,634,14692,7.5,7.763913154602051,9.264655113220215,,
r7p5,rain,weather,1.7219338417053223,900,1600,1534867444412404000,,,220781,101.4791259765625,58.922523498535156,image,,,,,,7.5,,,,2.3522074222564697
r7p5,rain,weather,,,,1534867444497330000,14.71338176727295,19.812641143798828,,,,lidar,33059,16133,1604,624,14698,7.5,7.747898101806641,9.226421356201172,,
r7p5,rain,weather,1.7159745693206787,900,1600,1534867444512404000,,,220661,101.52308654785156,59.00035095214844,image,,,,,,7.5,,,,2.356809616088867
r7p5,rain,weather,,,,1534867444547070000,14.771498680114746,19.941804885864258,,,,lidar,33102,16166,1630,618,14688,7.5,7.755841255187988,9.220341682434082,,
r7p5,rain,weather,,,,1534867444597408000,14.855225563049316,20.116695404052734,,,,lidar,33061,16164,1608,622,14667,7.5,7.740752220153809,9.221976280212402,,
r7p5,rain,weather,1.7429720163345337,900,1600,1534867444612404000,,,222503,101.5647201538086,59.01587677001953,image,,,,,,7.5,,,,2.3817520141601562
r7p5,rain,weather,,,,1534867444647162000,14.782776832580566,19.893056869506836,,,,lidar,33075,16109,1638,628,14700,7.5,7.781725883483887,9.243616104125977,,
r7p5,rain,weather,1.7418991327285767,900,1600,1534867444662404000,,,222118,101.39405822753906,59.1476936340332,image,,,,,,7.5,,,,2.3809545040130615
r7p5,rain,weather,,,,1534867444696959000,14.882547378540039,20.21366310119629,,,,lidar,33101,16230,1595,606,14670,7.5,7.682506561279297,9.09375,,
r7p5,rain,weather,,,,1534867444747268000,14.965429306030273,20.31968116760254,,,,lidar,33087,16174,1601,627,14685,7.5,7.736309051513672,9.234542846679688,,
r7p5,rain,weather,1.7273935079574585,900,1600,1534867444762404000,,,221269,101.43099975585938,59.15765380859375,image,,,,,,7.5,,,,2.382039785385132
r7p5,rain,weather,,,,1534867444797028000,15.020617485046387,20.233989715576172,,,,lidar,33130,16181,1615,623,14711,7.5,7.73563814163208,9.213406562805176,,
r7p5,rain,weather,,,,1534867444847332000,14.966836929321289,20.04936981201172,,,,lidar,33001,16093,1645,610,14653,7.5,7.742293834686279,9.185503005981445,,
r7p5,rain,weather,1.7260496616363525,900,1600,1534867444862404000,,,221606,101.35282135009766,59.232566833496094,image,,,,,,7.5,,,,2.382547378540039
r7p5,rain,weather,,,,1534867444897099000,14.970476150512695,19.989978790283203,,,,lidar,33078,16133,1651,620,14674,7.5,7.751439094543457,9.198301315307617,,
r7p5,rain,weather,,,,1534867444947433000,15.018714904785156,20.001361846923828,,,,lidar,33136,16232,1650,604,14650,7.5,7.7099223136901855,9.16714859008789,,
r7p5,rain,weather,1.7312452793121338,900,1600,1534867444912405000,,,222470,101.36613464355469,59.288841247558594,image,,,,,,7.5,,,,2.3903963565826416
r7p5,rain,weather,,,,1534867444997186000,15.015823364257812,19.97414207458496,,,,lidar,33121,16226,1608,605,14682,7.5,7.701749801635742,9.166693687438965,,
r7p5,rain,weather,1.7420130968093872,900,1600,1534867445012404000,,,222672,101.6728744506836,59.318946838378906,image,,,,,,7.5,,,,2.3928732872009277
r7p5,rain,weather,,,,1534867445047520000,15.040044784545898,20.000112533569336,,,,lidar,33158,16215,1600,620,14723,7.5,7.716391086578369,9.194964408874512,,
r7p5,rain,weather,,,,1534867445097266000,15.146068572998047,20.242862701416016,,,,lidar,33148,16189,1606,640,14713,7.5,7.771346569061279,9.348803520202637,,
r7p5,rain,weather,1.7353429794311523,900,1600,1534867445112404000,,,221669,101.7253646850586,59.52878189086914,image,,,,,,7.5,,,,2.390880823135376
r7p5,rain,weather,,,,1534867445147595000,15.087508201599121,20.08187484741211,,,,lidar,33191,16207,1621,627,14736,7.5,7.741530418395996,9.216011047363281,,
r7p5,rain,weather,1.737137794494629,900,1600,1534867445162404000,,,221845,101.30989837646484,59.386863708496094,image,,,,,,7.5,,,,2.385650634765625
r7p5,rain,weather,,,,1534867445197943000,15.181453704833984,20.226221084594727,,,,lidar,33164,16190,1600,623,14751,7.5,7.73357629776001,9.217757225036621,,
r7p5,rain,weather,,,,1534867445247706000,15.187549591064453,20.20150375366211,,,,lidar,33148,16184,1633,637,14694,7.5,7.768500804901123,9.314762115478516,,
r7p5,rain,weather,1.7292245626449585,900,1600,1534867445262404000,,,222018,101.21304321289062,59.57976531982422,image,,,,,,7.5,,,,2.3952536582946777
r7p5,rain,weather,,,,1534867445298022000,15.186944961547852,20.202415466308594,,,,lidar,33131,16237,1605,621,14668,7.5,7.709559917449951,9.190312385559082,,
r7p5,rain,weather,,,,1534867445347757000,15.131572723388672,20.162006378173828,,,,lidar,33146,16254,1604,601,14687,7.5,7.681947708129883,9.135711669921875,,
r7p5,rain,weather,,,,1534867445398100000,15.148195266723633,20.237062454223633,,,,lidar,33104,16224,1598,605,14677,7.5,7.689452648162842,9.128347396850586,,
r7p5,rain,weather,1.7272142171859741,900,1600,1534867445362404000,,,220858,101.20125579833984,59.445308685302734,image,,,,,,7.5,,,,2.385812759399414
r7p5,rain,weather,,,,1534867445447852000,15.261616706848145,20.373546600341797,,,,lidar,33138,16226,1605,625,14682,7.5,7.719435691833496,9.222090721130371,,
r7p5,rain,weather,,,,1534867445498217000,15.29648208618164,20.454696655273438,,,,lidar,33173,16236,1612,634,14691,7.5,7.742016315460205,9.253705978393555,,
r7p5,rain,weather,1.7359141111373901,900,1600,1534867445512404000,,,222177,101.11604309082031,59.64550018310547,image,,,,,,7.5,,,,2.40664005279541
r7p5,rain,weather,,,,1534867445547947000,15.342353820800781,20.516725540161133,,,,lidar,33098,16225,1604,622,14647,7.5,7.708132743835449,9.188071250915527,,
r7p5,rain,weather,,,,1534867445597727000,15.455251693725586,20.734804153442383,,,,lidar,33132,16294,1590,631,14617,7.5,7.711277484893799,9.259454727172852,,
r7p5,rain,weather,1.7319728136062622,900,1600,1534867445612404000,,,221797,101.10517883300781,59.65028762817383,image,,,,,,7.5,,,,2.402050256729126
r7p5,rain,weather,,,,1534867445648244000,15.528297424316406,20.84912109375,,,,lidar,33038,16248,1607,607,14576,7.5,7.683958530426025,9.152725219726562,,
r7p5,rain,weather,1.7377201318740845,900,1600,1534867445662404000,,,222415,100.9048080444336,59.771705627441406,image,,,,,,7.5,,,,2.402127265930176
r7p5,rain,weather,,,,1534867445697790000,15.388357162475586,20.500764846801758,,,,lidar,33087,16249,1618,611,14609,7.5,7.6932854652404785,9.142050743103027,,
r7p5,rain,weather,,,,1534867445748133000,15.5479154586792,20.630523681640625,,,,lidar,33118,16264,1606,631,14617,7.5,7.732054710388184,9.266550064086914,,
r7p5,rain,weather,1.7412875890731812,900,1600,1534867445762404000,,,222665,100.9021224975586,59.72842788696289,image,,,,,,7.5,,,,2.408540725708008
r7p5,rain,weather,,,,1534867445797874000,15.60781192779541,20.759475708007812,,,,lidar,33074,16304,1589,597,14584,7.5,7.667529582977295,9.140395164489746,,
r7p5,rain,weather,,,,1534867445848195000,15.715714454650879,20.92742347717285,,,,lidar,33053,16310,1615,608,14520,7.5,7.690312385559082,9.205339431762695,,
r7p5,rain,weather,,,,1534867445897959000,15.656076431274414,20.79808807373047,,,,lidar,33067,16318,1584,601,14564,7.5,7.668518543243408,9.1640043258667,,
r7p5,rain,weather,1.735369324684143,900,1600,1534867445862404000,,,221898,100.9880142211914,59.76206970214844,image,,,,,,7.5,,,,2.399430513381958
r7p5,rain,weather,1.729813814163208,900,1600,1534867445913480000,,,222406,100.79873657226562,59.77143859863281,image,,,,,,7.5,,,,2.398193120956421
r7p5,rain,weather,,,,1534867445948276000,15.709708213806152,20.821910858154297,,,,lidar,33108,16320,1596,619,14573,7.5,7.691230297088623,9.191863059997559,,
r7p5,rain,weather,,,,1534867445998033000,15.769232749938965,20.902912139892578,,,,lidar,33122,16353,1598,633,14538,7.5,7.706709861755371,9.259675979614258,,
r7p5,rain,weather,1.7203856706619263,900,1600,1534867446012404000,,,221174,100.9798355102539,59.7413444519043,image,,,,,,7.5,,,,2.3960797786712646
r7p5,rain,weather,,,,1534867446048388000,15.80909538269043,20.904176712036133,,,,lidar,33137,16361,1596,617,14563,7.5,7.687684535980225,9.204023361206055,,
r7p5,rain,weather,,,,1534867446098139000,15.841970443725586,21.014484405517578,,,,lidar,33148,16426,1616,600,14506,7.5,7.66009521484375,9.183032035827637,,
r7p5,rain,weather,1.7343089580535889,900,1600,1534867446112404000,,,222762,100.80908966064453,59.816322326660156,image,,,,,,7.5,,,,2.3955507278442383
r7p5,rain,weather,,,,1534867446148460000,15.930601119995117,21.185373306274414,,,,lidar,33165,16480,1600,611,14474,7.5,7.6441240310668945,9.173966407775879,,
r7p5,rain,weather,1.730391263961792,900,1600,1534867446162404000,,,222737,100.625,59.96021270751953,image,,,,,,7.5,,,,2.4034407138824463
r7p5,rain,weather,,,,1534867446198255000,15.999700546264648,21.228397369384766,,,,lidar,33141,16417,1613,624,14487,7.5,7.6956868171691895,9.261037826538086,,
r7p5,rain,weather,,,,1534867446248542000,16.00739288330078,21.170270919799805,,,,lidar,33154,16474,1575,632,14473,7.5,7.66122579574585,9.2383451461792,,
r7p5,rain,weather,1.7084733247756958,900,1600,1534867446262404000,,,221173,100.93134307861328,59.8011360168457,image,,,,,,7.5,,,,2.390763282775879
r7p5,rain,weather,,,,1534867446298332000,15.901468276977539,20.990238189697266,,,,lidar,33170,16446,1621,606,14497,7.5,7.665066719055176,9.175787925720215,,
r7p5,rain,weather,,,,1534867446348622000,16.035846710205078,21.148603439331055,,,,lidar,33100,16468,1596,611,14425,7.5,7.646693706512451,9.207701683044434,,
r7p5,rain,weather,1.7017552852630615,900,1600,1534867446362404000,,,220806,100.94329833984375,59.77527618408203,image,,,,,,7.5,,,,2.380419969558716
r7p5,rain,weather,,,,1534867446398402000,16.053956985473633,21.08026123046875,,,,lidar,33127,16435,1622,636,14434,7.5,7.7023820877075195,9.317171096801758,,
r7p5,rain,weather,,,,1534867446448725000,16.127765655517578,21.127607345581055,,,,lidar,33142,16504,1591,633,14414,7.5,7.667491912841797,9.283241271972656,,
r7p5,rain,weather,,,,1534867446498488000,16.196334838867188,21.146495819091797,,,,lidar,33070,16465,1619,623,14363,7.5,7.674923419952393,9.265817642211914,,
r7p5,rain,weather,1.7129448652267456,900,1600,1534867446512404000,,,221006,100.98709869384766,59.75045394897461,image,,,,,,7.5,,,,2.3902134895324707
r7p5,rain,weather,,,,1534867446548787000,16.147144317626953,20.940156936645508,,,,lidar,33092,16489,1619,615,14369,7.5,7.66489315032959,9.247017860412598,,
r7p5,rain,weather,,,,1534867446598957000,16.363988876342773,21.232318878173828,,,,lidar,33063,16490,1617,631,14325,7.5,7.682618141174316,9.333318710327148,,
r7p5,rain,weather,1.7229108810424805,900,1600,1534867446612404000,,,221846,100.95680236816406,59.75446701049805,image,,,,,,7.5,,,,2.391268014907837
r7p5,rain,weather,,,,1534867446648313000,16.410541534423828,21.37156867980957,,,,lidar,33058,16531,1595,608,14324,7.5,7.621119022369385,9.234123229980469,,
r7p5,rain,weather,1.7333416938781738,900,1600,1534867446662404000,,,222296,100.79930114746094,59.841529846191406,image,,,,,,7.5,,,,2.401343822479248
r7p5,rain,weather,,,,1534867446698662000,16.427217483520508,21.320898056030273,,,,lidar,33058,16507,1590,636,14325,7.5,7.648421287536621,9.280328750610352,,
r7p5,rain,weather,,,,1534867446748415000,16.55467987060547,21.42518424987793,,,,lidar,33109,16574,1584,638,14313,7.5,7.642268180847168,9.29265022277832,,
r7p5,rain,weather,1.721348762512207,900,1600,1534867446762404000,,,221165,100.97542572021484,59.675567626953125,image,,,,,,7.5,,,,2.383399724960327
r7p5,rain,weather,,,,1534867446798721000,16.670886993408203,21.53705406188965,,,,lidar,33086,16540,1628,626,14292,7.5,7.657120227813721,9.328636169433594,,
r7p5,rain,weather,,,,1534867446848594000,16.727651596069336,21.616666793823242,,,,lidar,33138,16596,1603,643,14296,7.5,7.647741317749023,9.322453498840332,,
r7p5,rain,weather,,,,1534867446898817000,16.81692123413086,21.69033432006836,,,,lidar,33148,16634,1624,627,14263,7.5,7.624744415283203,9.276101112365723,,
r7p5,rain,weather,1.7222563028335571,900,1600,1534867446862404000,,,221859,101.11394500732422,59.55121994018555,image,,,,,,7.5,,,,2.380500555038452
r7p5,rain,weather,1.7179841995239258,900,1600,1534867446912404000,,,221209,101.01887512207031,59.571807861328125,image,,,,,,7.5,,,,2.379711389541626
r7p5,rain,weather,,,,1534867446948573000,16.802478790283203,21.496288299560547,,,,lidar,33143,16596,1606,648,14293,7.5,7.668773651123047,9.3810453414917,,
r7p5,rain,weather,,,,1534867446998928000,16.850671768188477,21.514942169189453,,,,lidar,33165,16601,1613,619,14332,7.5,7.634243488311768,9.302413940429688,,
r7p5,rain,weather,1.722549557685852,900,1600,1534867447012404000,,,221589,101.03121185302734,59.544029235839844,image,,,,,,7.5,,,,2.3739113807678223
r7p5,rain,weather,,,,1534867447048666000,16.900585174560547,21.578474044799805,,,,lidar,33147,16625,1613,646,14263,7.5,7.646317958831787,9.353880882263184,,
r7p5,rain,weather,,,,1534867447098978000,16.807571411132812,21.389619827270508,,,,lidar,33168,16633,1604,631,14300,7.5,7.625781536102295,9.316465377807617,,
r7p5,rain,weather,1.7142610549926758,900,1600,1534867447112404000,,,221325,100.93592071533203,59.628753662109375,image,,,,,,7.5,,,,2.3815016746520996
r7p5,rain,weather,,,,1534867447149337000,16.831619262695312,21.418764114379883,,,,lidar,33165,16633,1591,628,14313,7.5,7.605123996734619,9.303443908691406,,
r7p5,rain,weather,1.721560001373291,900,1600,1534867447162404000,,,221877,100.66863250732422,59.71493911743164,image,,,,,,7.5,,,,2.3855276107788086
r7p5,rain,weather,,,,1534867447199078000,16.861164093017578,21.389461517333984,,,,lidar,33155,16619,1631,625,14280,7.5,7.6260294914245605,9.351175308227539,,
r7p5,rain,weather,,,,1534867447249400000,16.908414840698242,21.462099075317383,,,,lidar,33171,16625,1629,616,14301,7.5,7.606955051422119,9.273285865783691,,
r7p5,rain,weather,,,,1534867447299163000,16.925609588623047,21.343303680419922,,,,lidar,33147,16610,1632,631,14274,7.5,7.622934341430664,9.33606243133545,,
r7p5,rain,weather,1.705859899520874,900,1600,1534867447262404000,,,220899,101.14398956298828,59.47199249267578,image,,,,,,7.5,,,,2.366030216217041
r7p5,rain,weather,,,,1534867447349496000,16.99431610107422,21.48433494567871,,,,lidar,33164,16602,1625,629,14308,7.5,7.627789497375488,9.369598388671875,,
r7p5,rain,weather,1.715374231338501,900,1600,1534867447362404000,,,220485,101.08586883544922,59.56460189819336,image,,,,,,7.5,,,,2.369131565093994
r7p5,rain,weather,,,,1534867447399251000,17.025388717651367,21.522451400756836,,,,lidar,33160,16561,1629,643,14327,7.5,7.646517753601074,9.374022483825684,,
r7p5,rain,weather,1.7105900049209595,900,1600,1534867447412404000,,,221113,100.90137481689453,59.70068359375,image,,,,,,7.5,,,,2.3726696968078613
r7p5,rain,weather,,,,1534867447499356000,17.055145263671875,21.640914916992188,,,,lidar,32925,16513,1589,618,14205,7.5,7.567636013031006,9.261404037475586,,
r7p5,rain,weather,1.7139371633529663,900,1600,1534867447512404000,,,221338,100.89442443847656,59.657203674316406,image,,,,,,7.5,,,,2.3691532611846924
r7p5,rain,weather,,,,1534867447549666000,17.138980865478516,21.779157638549805,,,,lidar,33143,16585,1601,637,14320,7.5,7.604279518127441,9.327152252197266,,
r7p5,rain,weather,,,,1534867447599434000,17.084688186645508,21.64990234375,,,,lidar,33126,16559,1620,621,14326,7.5,7.605785846710205,9.2850980758667,,
r7p5,rain,weather,1.7009228467941284,900,1600,1534867447612404000,,,220317,100.90119934082031,59.65968704223633,image,,,,,,7.5,,,,2.357233762741089
r7p5,rain,weather,,,,1534867447649202000,17.113149642944336,21.706762313842773,,,,lidar,33126,16579,1614,627,14306,7.5,7.6090826988220215,9.29310131072998,,
r7p5,rain,weather,1.6872392892837524,900,1600,1534867447662404000,,,219136,100.9406967163086,59.62498092651367,image,,,,,,7.5,,,,2.3466060161590576
r7p5,rain,weather,,,,1534867447699509000,17.211545944213867,21.835935592651367,,,,lidar,33134,16647,1587,637,14263,7.5,7.594367980957031,9.308691024780273,,
r7p5,rain,weather,,,,1534867447749283000,17.255542755126953,21.827831268310547,,,,lidar,33121,16647,1625,640,14209,7.5,7.616052150726318,9.3439302444458,,
r7p5,rain,weather,,,,1534867447799634000,17.252809524536133,21.846040725708008,,,,lidar,33154,16740,1607,617,14190,7.5,7.5697126388549805,9.299281120300293,,
r7p5,rain,weather,1.6899269819259644,900,1600,1534867447762404000,,,219541,100.8721694946289,59.733341217041016,image,,,,,,7.5,,,,2.356929302215576
r7p5,rain,weather,,,,1534867447849358000,17.293869018554688,21.883747100830078,,,,lidar,33124,16763,1581,618,14162,7.5,7.529484272003174,9.21982192993164,,
r7p5,rain,weather,1.6951414346694946,900,1600,1534867447862404000,,,219480,100.89434814453125,59.7447509765625,image,,,,,,7.5,,,,2.3581202030181885
r7p5,rain,weather,,,,1534867447899120000,17.359174728393555,21.886722564697266,,,,lidar,33146,16742,1593,633,14178,7.5,7.587156772613525,9.315159797668457,,
r7p5,rain,weather,1.6916545629501343,900,1600,1534867447912404000,,,219162,100.88892364501953,59.68817138671875,image,,,,,,7.5,,,,2.354478597640991
r7p5,rain,weather,,,,1534867447949457000,17.420774459838867,21.897289276123047,,,,lidar,33102,16718,1614,643,14127,7.5,7.606936454772949,9.36580753326416,,
r7p5,rain,weather,,,,1534867447999205000,17.51344108581543,22.046438217163086,,,,lidar,33111,16760,1612,636,14103,7.5,7.576974868774414,9.286520957946777,,
r7p5,rain,weather,1.702533483505249,900,1600,1534867448012404000,,,220213,100.86430358886719,59.75919723510742,image,,,,,,7.5,,,,2.3518972396850586
r7p5,rain,weather,,,,1534867448048993000,17.522274017333984,22.000558853149414,,,,lidar,33112,16830,1586,636,14060,7.5,7.556686878204346,9.320615768432617,,
r7p5,rain,weather,,,,1534867448099299000,17.48276138305664,21.984142303466797,,,,lidar,33091,16824,1595,630,14042,7.5,7.553485870361328,9.305988311767578,,
r7p5,rain,weather,1.7211180925369263,900,1600,1534867448112404000,,,220971,100.83948516845703,59.873538970947266,image,,,,,,7.5,,,,2.358250856399536
r7p5,rain,weather,,,,1534867448149086000,17.53605842590332,22.05872344970703,,,,lidar,33107,16844,1613,628,14022,7.5,7.556625843048096,9.307104110717773,,
r7p5,rain,weather,1.713721752166748,900,1600,1534867448162404000,,,220836,100.75282287597656,59.79830551147461,image,,,,,,7.5,,,,2.359189987182617
r7p5,rain,weather,,,,1534867448198839000,17.525144577026367,22.11515998840332,,,,lidar,33149,16867,1605,624,14053,7.5,7.544535160064697,9.279719352722168,,
r7p5,rain,weather,,,,1534867448249153000,17.448816299438477,21.911706924438477,,,,lidar,33129,16864,1589,626,14050,7.5,7.565545558929443,9.342223167419434,,
r7p5,rain,weather,,,,1534867448298906000,17.44842529296875,21.8316593170166,,,,lidar,33142,16930,1582,614,14016,7.5,7.501295566558838,9.224363327026367,,
r7p5,rain,weather,1.7169265747070312,900,1600,1534867448262404000,,,220655,100.79141235351562,59.86659240722656,image,,,,,,7.5,,,,2.3608856201171875
r7p5,rain,weather,,,,1534867448348687000,17.52025604248047,22.041839599609375,,,,lidar,33134,16871,1609,625,14029,7.5,7.553544044494629,9.283044815063477,,
r7p5,rain,weather,1.7107747793197632,900,1600,1534867448362404000,,,220695,100.68035888671875,59.934913635253906,image,,,,,,7.5,,,,2.3571906089782715
r7p5,rain,weather,,,,1534867448398993000,17.44964599609375,21.897436141967773,,,,lidar,33114,16881,1597,631,14005,7.5,7.566580295562744,9.370723724365234,,
r7p5,rain,weather,1.7161197662353516,900,1600,1534867448412404000,,,221379,100.51361083984375,60.060508728027344,image,,,,,,7.5,,,,2.3622517585754395
r7p5,rain,weather,,,,1534867448448790000,17.399484634399414,21.767635345458984,,,,lidar,33146,16878,1598,619,14051,7.5,7.549828052520752,9.287281036376953,,
r7p5,rain,weather,,,,1534867448501017000,17.365596771240234,21.832401275634766,,,,lidar,33160,16905,1586,615,14054,7.5,7.5438232421875,9.268990516662598,,
r7p5,rain,weather,1.7074227333068848,900,1600,1534867448512404000,,,220181,100.57669830322266,59.99010467529297,image,,,,,,7.5,,,,2.3516080379486084
r7p5,rain,weather,,,,1534867448548298000,17.39027976989746,21.777549743652344,,,,lidar,33122,16820,1631,614,14057,7.5,7.580697059631348,9.284997940063477,,
r7p5,rain,weather,,,,1534867448598608000,17.470781326293945,21.930265426635742,,,,lidar,33134,16922,1598,611,14003,7.5,7.539804458618164,9.293971061706543,,
r7p5,rain,weather,1.7141602039337158,900,1600,1534867448612404000,,,220712,100.37545776367188,60.16578674316406,image,,,,,,7.5,,,,2.3549506664276123
r7p5,rain,weather,,,,1534867448648391000,17.46468162536621,21.932247161865234,,,,lidar,33110,16873,1595,618,14024,7.5,7.560515880584717,9.305329322814941,,
r7p5,rain,weather,,,,1534867448698154000,17.375112533569336,21.797950744628906,,,,lidar,33171,16872,1608,622,14069,7.5,7.572440147399902,9.272883415222168,,
r7p5,rain,weather,1.7067736387252808,900,1600,1534867448662404000,,,220267,100.33924102783203,60.12733459472656,image,,,,,,7.5,,,,2.3467776775360107
r7p5,rain,weather,,,,1534867448748461000,17.478052139282227,22.046234130859375,,,,lidar,33116,16882,1606,607,14021,7.5,7.546266078948975,9.261856079101562,,
r7p5,rain,weather,1.7102279663085938,900,1600,1534867448762404000,,,220680,100.3247299194336,60.15210723876953,image,,,,,,7.5,,,,2.343266725540161
r7p5,rain,weather,,,,1534867448798230000,17.381912231445312,21.8924617767334,,,,lidar,33135,16828,1606,619,14082,7.5,7.586719036102295,9.311807632446289,,
r7p5,rain,weather,,,,1534867448848003000,17.391090393066406,21.947519302368164,,,,lidar,33185,16862,1616,601,14106,7.5,7.560118675231934,9.237789154052734,,
r7p5,rain,weather,1.6905245780944824,900,1600,1534867448862404000,,,219295,100.36226654052734,60.06181335449219,image,,,,,,7.5,,,,2.3285927772521973
r7p5,rain,weather,,,,1534867448897778000,17.457738876342773,22.057342529296875,,,,lidar,33115,16868,1605,607,14035,7.5,7.545965671539307,9.25476360321045,,
r7p5,rain,weather,1.6954138278961182,900,1600,1534867448912404000,,,219887,99.98253631591797,60.319419860839844,image,,,,,,7.5,,,,2.326866626739502
r7p5,rain,weather,,,,1534867448948104000,17.471654891967773,22.215255737304688,,,,lidar,33134,16860,1613,613,14048,7.5,7.57498025894165,9.319355010986328,,
r7p5,rain,weather,,,,1534867448997881000,17.530437469482422,22.25349235534668,,,,lidar,33095,16817,1592,617,14069,7.5,7.576551914215088,9.316943168640137,,
r7p5,rain,weather,1.7063560485839844,900,1600,1534867449012404000,,,220111,99.9454116821289,60.36882400512695,image,,,,,,7.5,,,,2.3260693550109863
r7p5,rain,weather,,,,1534867449047614000,17.471582412719727,22.053295135498047,,,,lidar,33143,16799,1611,609,14124,7.5,7.592135429382324,9.304536819458008,,
r7p5,rain,weather,,,,1534867449097411000,17.422996520996094,21.99111557006836,,,,lidar,33141,16839,1608,604,14090,7.5,7.553945541381836,9.265620231628418,,
r7p5,rain,weather,1.6988061666488647,900,1600,1534867449112404000,,,220287,99.99705505371094,60.30390548706055,image,,,,,,7.5,,,,2.3188884258270264
r7p5,rain,weather,,,,1534867449147711000,17.398550033569336,21.90540313720703,,,,lidar,33165,16821,1629,591,14124,7.5,7.560698509216309,9.247949600219727,,
r7p5,rain,weather,,,,1534867449197488000,17.473018646240234,22.057601928710938,,,,lidar,33153,16842,1627,596,14088,7.5,7.558547019958496,9.257417678833008,,
r7p5,rain,weather,1.6764678955078125,900,1600,1534867449162404000,,,217765,100.40211486816406,60.00409698486328,image,,,,,,7.5,,,,2.2792742252349854
r7p5,rain,weather,,,,1534867449247234000,17.42190933227539,21.96957778930664,,,,lidar,33156,16847,1601,576,14132,7.5,7.512574195861816,9.16748332977295,,
r7p5,rain,weather,1.7001882791519165,900,1600,1534867449262404000,,,220306,99.7247543334961,60.47467803955078,image,,,,,,7.5,,,,2.3031492233276367
r7p5,rain,weather,,,,1534867449297549000,17.48818016052246,22.02725601196289,,,,lidar,33203,16788,1645,598,14172,7.5,7.602435111999512,9.316364288330078,,
r7p5,rain,weather,,,,1534867449347330000,17.509172439575195,22.064712524414062,,,,lidar,33200,16794,1633,575,14198,7.5,7.565616607666016,9.20846176147461,,
r7p5,rain,weather,1.697606086730957,900,1600,1534867449362404000,,,219272,100.03469848632812,60.7135124206543,image,,,,,,7.5,,,,2.306264638900757
r7p5,rain,weather,,,,1534867449397659000,17.465740203857422,21.95005226135254,,,,lidar,33189,16773,1637,582,14197,7.5,7.565662860870361,9.180084228515625,,
r7p5,rain,weather,1.691003441810608,900,1600,1534867449412404000,,,219420,100.05132293701172,60.697425842285156,image,,,,,,7.5,,,,2.296809673309326
r7p5,rain,weather,,,,1534867449497753000,17.54007339477539,22.060304641723633,,,,lidar,33024,16744,1609,588,14083,7.5,7.542216777801514,9.20510482788086,,
r7p5,rain,weather,1.6767340898513794,900,1600,1534867449512404000,,,218067,100.07389068603516,60.652626037597656,image,,,,,,7.5,,,,2.2955756187438965
r7p5,rain,weather,,,,1534867449548323000,17.499042510986328,22.059856414794922,,,,lidar,33203,16730,1641,595,14237,7.5,7.600079536437988,9.251148223876953,,
r7p5,rain,weather,,,,1534867449597829000,17.545095443725586,22.02659797668457,,,,lidar,33199,16720,1623,597,14259,7.5,7.592489719390869,9.255906105041504,,
r7p5,rain,weather,1.6746320724487305,900,1600,1534867449612404000,,,218205,99.86898803710938,60.77617645263672,image,,,,,,7.5,,,,2.2894186973571777
r7p5,rain,weather,,,,1534867449647608000,17.527679443359375,22.03348731994629,,,,lidar,33200,16747,1635,581,14237,7.5,7.564949989318848,9.199071884155273,,
r7p5,rain,weather,1.6822500228881836,900,1600,1534867449662404000,,,218678,99.91432189941406,60.76689910888672,image,,,,,,7.5,,,,2.2883710861206055
r7p5,rain,weather,,,,1534867449697337000,17.448272705078125,21.96881103515625,,,,lidar,33212,16674,1659,599,14280,7.5,7.625000476837158,9.277183532714844,,
r7p5,rain,weather,,,,1534867449747684000,17.541236877441406,22.14365577697754,,,,lidar,33220,16700,1632,590,14298,7.5,7.590137481689453,9.232110023498535,,
r7p5,rain,weather,1.6908533573150635,900,1600,1534867449762404000,,,218795,99.92878723144531,60.748287200927734,image,,,,,,7.5,,,,2.2774574756622314
r7p5,rain,weather,,,,1534867449797471000,17.527055740356445,22.115447998046875,,,,lidar,33196,16703,1637,578,14278,7.5,7.562264442443848,9.187349319458008,,
r7p5,rain,weather,,,,1534867449847756000,17.511817932128906,22.17290687561035,,,,lidar,33198,16636,1657,578,14327,7.5,7.604960918426514,9.223423957824707,,
r7p5,rain,weather,1.6966743469238281,900,1600,1534867449862404000,,,219249,99.74588012695312,60.76387405395508,image,,,,,,7.5,,,,2.283261299133301
r7p5,rain,weather,,,,1534867449897511000,17.44291114807129,22.014841079711914,,,,lidar,33197,16663,1619,571,14344,7.5,7.561779022216797,9.158041000366211,,
r7p5,rain,weather,1.687410831451416,900,1600,1534867449912404000,,,218920,99.52225494384766,60.880218505859375,image,,,,,,7.5,,,,2.2898366451263428
r7p5,rain,weather,,,,1534867449947849000,17.423091888427734,22.12114143371582,,,,lidar,33216,16658,1600,591,14367,7.5,7.579913139343262,9.215550422668457,,
r7p5,rain,weather,,,,1534867449997591000,17.48560333251953,22.25458526611328,,,,lidar,33190,16617,1621,575,14377,7.5,7.571416854858398,9.143757820129395,,
r7p5,rain,weather,1.6760176420211792,900,1600,1534867450012404000,,,217723,100.14315795898438,60.998233795166016,image,,,,,,7.5,,,,2.2803642749786377
r7p5,rain,weather,,,,1534867450047920000,17.463808059692383,22.098770141601562,,,,lidar,33194,16591,1640,574,14389,7.5,7.596645832061768,9.19343376159668,,
r7p5,rain,weather,,,,1534867450097702000,17.405649185180664,22.04538345336914,,,,lidar,33173,16578,1621,566,14408,7.5,7.573138236999512,9.169713973999023,,
r7p5,rain,weather,1.6870197057724,900,1600,1534867450112404000,,,218677,99.87449645996094,61.16999816894531,image,,,,,,7.5,,,,2.293353796005249
r7p5,rain,weather,,,,1534867450147476000,17.394020080566406,22.051815032958984,,,,lidar,33192,16564,1631,577,14420,7.5,7.6026201248168945,9.222729682922363,,
r7p5,rain,weather,,,,1534867450197803000,17.322242736816406,21.986989974975586,,,,lidar,33170,16564,1613,566,14427,7.5,7.560762405395508,9.118878364562988,,
r7p5,rain,weather,1.6822291612625122,900,1600,1534867450162404000,,,218256,99.8290023803711,61.15895462036133,image,,,,,,7.5,,,,2.281989097595215
r7p5,rain,weather,,,,1534867450247554000,17.393007278442383,21.990392684936523,,,,lidar,33215,16545,1644,591,14435,7.5,7.63371467590332,9.28005599975586,,
r7p5,rain,weather,1.6581968069076538,900,1600,1534867450262404000,,,215993,100.14622497558594,60.896976470947266,image,,,,,,7.5,,,,2.259976387023926
r7p5,rain,weather,,,,1534867450297894000,17.383886337280273,22.01044273376465,,,,lidar,33205,16545,1646,571,14443,7.5,7.598387241363525,9.195176124572754,,
r7p5,rain,weather,,,,1534867450347643000,17.444536209106445,22.127229690551758,,,,lidar,33242,16527,1656,571,14488,7.5,7.608272075653076,9.187740325927734,,
r7p5,rain,weather,1.669920802116394,900,1600,1534867450362404000,,,217265,99.78813171386719,61.28163528442383,image,,,,,,7.5,,,,2.274352788925171
r7p5,rain,weather,,,,1534867450397400000,17.408994674682617,22.0577335357666,,,,lidar,33265,16532,1608,572,14553,7.5,7.59117317199707,9.168686866760254,,
r7p5,rain,weather,1.6740003824234009,900,1600,1534867450412404000,,,217464,99.72360229492188,61.2569465637207,image,,,,,,7.5,,,,2.265390634536743
r7p5,rain,weather,,,,1534867450447733000,17.394975662231445,22.131202697753906,,,,lidar,33220,16437,1642,581,14560,7.5,7.638464450836182,9.215938568115234,,
r7p5,rain,weather,,,,1534867450497489000,17.446048736572266,22.260473251342773,,,,lidar,33237,16454,1645,573,14565,7.5,7.627164363861084,9.155930519104004,,
r7p5,rain,weather,1.6638315916061401,900,1600,1534867450512450000,,,217011,99.57644653320312,61.30489730834961,image,,,,,,7.5,,,,2.2632529735565186
r7p5,rain,weather,,,,1534867450547857000,17.343351364135742,22.10186767578125,,,,lidar,33224,16453,1614,561,14596,7.5,7.593233108520508,9.1276216506958,,
r7p5,rain,weather,,,,1534867450597587000,17.32586669921875,22.06881332397461,,,,lidar,33251,16456,1629,574,14592,7.5,7.615893363952637,9.191658020019531,,
r7p5,rain,weather,,,,1534867450647883000,17.392417907714844,22.167505264282227,,,,lidar,33255,16416,1636,588,14615,7.5,7.647470474243164,9.244884490966797,,
r7p5,rain,weather,1.6638851165771484,900,1600,1534867450612404000,,,216495,99.59049224853516,61.34697341918945,image,,,,,,7.5,,,,2.260859251022339
r7p5,rain,weather,1.667458176612854,900,1600,1534867450662404000,,,216788,99.39494323730469,61.4316291809082,image,,,,,,7.5,,,,2.2639079093933105
r7p5,rain,weather,,,,1534867450697650000,17.389219284057617,22.20848846435547,,,,lidar,33306,16432,1616,585,14673,7.5,7.6339430809021,9.199899673461914,,
r7p5,rain,weather,,,,1534867450748005000,17.4503231048584,22.235109329223633,,,,lidar,33265,16385,1626,567,14687,7.5,7.620401859283447,9.149443626403809,,
r7p5,rain,weather,1.6650795936584473,900,1600,1534867450762404000,,,216484,99.45067596435547,61.437747955322266,image,,,,,,7.5,,,,2.259366750717163
r7p5,rain,weather,,,,1534867450797740000,17.400794982910156,22.189207077026367,,,,lidar,33260,16367,1642,576,14675,7.5,7.649259567260742,9.202351570129395,,
r7p5,rain,weather,,,,1534867450848065000,17.368589401245117,22.199108123779297,,,,lidar,33300,16369,1635,579,14717,7.5,7.639185428619385,9.156158447265625,,
r7p5,rain,weather,1.6724563837051392,900,1600,1534867450862404000,,,217583,99.48555755615234,61.41961669921875,image,,,,,,7.5,,,,2.2557029724121094
r7p5,rain,weather,,,,1534867450898382000,17.370849609375,22.25684928894043,,,,lidar,33255,16316,1626,578,14735,7.5,7.656497478485107,9.20189094543457,,
r7p5,rain,weather,1.6753075122833252,900,1600,1534867450912404000,,,217575,99.1947021484375,61.520816802978516,image,,,,,,7.5,,,,2.26045823097229
r7p5,rain,weather,,,,1534867450948135000,17.406095504760742,22.30161476135254,,,,lidar,33266,16326,1628,558,14754,7.5,7.617295265197754,9.116235733032227,,
r7p5,rain,weather,,,,1534867450998462000,17.351730346679688,22.21922492980957,,,,lidar,33234,16275,1623,567,14769,7.5,7.6296515464782715,9.092308044433594,,
r7p5,rain,weather,1.66368567943573,900,1600,1534867451012404000,,,217183,99.2322006225586,61.49645233154297,image,,,,,,7.5,,,,2.2694320678710938
r7p5,rain,weather,,,,1534867451048236000,17.353296279907227,22.300796508789062,,,,lidar,33284,16285,1633,553,14813,7.5,7.616008758544922,9.045721054077148,,
r7p5,rain,weather,,,,1534867451098567000,17.395666122436523,22.327573776245117,,,,lidar,33201,16244,1633,559,14765,7.5,7.623892784118652,9.075246810913086,,
r7p5,rain,weather,1.6509325504302979,900,1600,1534867451112404000,,,216106,99.32347869873047,61.52489471435547,image,,,,,,7.5,,,,2.256261110305786
r7p5,rain,weather,,,,1534867451148397000,17.447032928466797,22.428274154663086,,,,lidar,33247,16221,1668,575,14783,7.5,7.674911975860596,9.163262367248535,,
r7p5,rain,weather,,,,1534867451198659000,17.408342361450195,22.410255432128906,,,,lidar,33186,16218,1630,561,14777,7.5,7.63356876373291,9.101836204528809,,
r7p5,rain,weather,1.6615689992904663,900,1600,1534867451162404000,,,216682,99.3818588256836,61.396751403808594,image,,,,,,7.5,,,,2.2518486976623535
r7p5,rain,weather,,,,1534867451248415000,17.465824127197266,22.595781326293945,,,,lidar,33251,16208,1656,570,14817,7.5,7.667025566101074,9.13949203491211,,
r7p5,rain,weather,1.665898084640503,900,1600,1534867451262404000,,,216787,99.25433349609375,61.453678131103516,image,,,,,,7.5,,,,2.2571961879730225
r7p5,rain,weather,,,,1534867451298736000,17.498767852783203,22.575559616088867,,,,lidar,33219,16203,1633,569,14814,7.5,7.649099826812744,9.14499282836914,,
r7p5,rain,weather,,,,1534867451348517000,17.4675350189209,22.572452545166016,,,,lidar,33237,16221,1623,579,14814,7.5,7.658268928527832,9.162346839904785,,
r7p5,rain,weather,1.6486387252807617,900,1600,1534867451362404000,,,216179,99.24250793457031,61.389339447021484,image,,,,,,7.5,,,,2.2527003288269043
r7p5,rain,weather,,,,1534867451398830000,17.49025535583496,22.537521362304688,,,,lidar,33241,16205,1644,557,14835,7.5,7.646383285522461,9.137362480163574,,
r7p5,rain,weather,1.6459300518035889,900,1600,1534867451412404000,,,216038,99.09784698486328,61.43585205078125,image,,,,,,7.5,,,,2.2577481269836426
r7p5,rain,weather,,,,1534867451448585000,17.483440399169922,22.606966018676758,,,,lidar,33255,16203,1644,559,14849,7.5,7.644367694854736,9.11742877960205,,
r7p5,rain,weather,,,,1534867451498930000,17.461750030517578,22.48760414123535,,,,lidar,33225,16148,1654,568,14855,7.5,7.674037933349609,9.158805847167969,,
r7p5,rain,weather,1.6353803873062134,900,1600,1534867451512404000,,,215740,99.56501007080078,61.58885192871094,image,,,,,,7.5,,,,2.2544381618499756
r7p5,rain,weather,,,,1534867451548675000,17.404865264892578,22.408100128173828,,,,lidar,33187,16139,1653,541,14854,7.5,7.624485015869141,9.016519546508789,,
r7p5,rain,weather,,,,1534867451598426000,17.47176742553711,22.563579559326172,,,,lidar,33227,16122,1646,575,14884,7.5,7.68625545501709,9.184791564941406,,
r7p5,rain,weather,1.6356090307235718,900,1600,1534867451612404000,,,214989,99.6101303100586,61.48687744140625,image,,,,,,7.5,,,,2.2451529502868652
r7p5,rain,weather,,,,1534867451648752000,17.49961280822754,22.651466369628906,,,,lidar,33200,16131,1661,555,14853,7.5,7.6574482917785645,9.090340614318848,,
r7p5,rain,weather,1.6416245698928833,900,1600,1534867451662404000,,,215818,99.46907806396484,61.55229568481445,image,,,,,,7.5,,,,2.2545125484466553
r7p5,rain,weather,,,,1534867451698586000,17.486961364746094,22.664155960083008,,,,lidar,33202,16143,1669,549,14841,7.5,7.643519878387451,9.061779022216797,,
r7p5,rain,weather,,,,1534867451750644000,17.410385131835938,22.664262771606445,,,,lidar,33167,16123,1662,550,14832,7.5,7.63816499710083,9.05093002319336,,
r7p5,rain,weather,1.6230511665344238,900,1600,1534867451762404000,,,214781,99.39698028564453,61.531551361083984,image,,,,,,7.5,,,,2.2408225536346436
r7p5,rain,weather,,,,1534867451798600000,17.358251571655273,22.490324020385742,,,,lidar,33218,16099,1689,543,14887,7.5,7.663934707641602,9.042134284973145,,
r7p5,rain,weather,,,,1534867451848373000,17.430423736572266,22.661174774169922,,,,lidar,33180,16047,1689,559,14885,7.5,7.6861748695373535,9.086666107177734,,
r7p5,rain,weather,1.6198548078536987,900,1600,1534867451862404000,,,214485,99.386962890625,61.56277084350586,image,,,,,,7.5,,,,2.236677646636963
r7p5,rain,weather,,,,1534867451898687000,17.437278747558594,22.62135887145996,,,,lidar,33137,16090,1656,549,14842,7.5,7.641818523406982,9.070113182067871,,
r7p5,rain,weather,1.62521231174469,900,1600,1534867451912404000,,,214507,99.18173217773438,61.634254455566406,image,,,,,,7.5,,,,2.247394323348999
r7p5,rain,weather,,,,1534867451948458000,17.446273803710938,22.538469314575195,,,,lidar,33164,16047,1690,555,14872,7.5,7.682604789733887,9.107202529907227,,
r7p5,rain,weather,,,,1534867451999662000,17.43357276916504,22.523698806762695,,,,lidar,33193,16058,1700,557,14878,7.5,7.69097900390625,9.097784042358398,,
r7p5,rain,weather,1.622684359550476,900,1600,1534867452012404000,,,214053,99.31877899169922,61.57941436767578,image,,,,,,7.5,,,,2.2332632541656494
r7p5,rain,weather,,,,1534867452048542000,17.439790725708008,22.510164260864258,,,,lidar,33202,16048,1710,549,14895,7.5,7.686631202697754,9.070556640625,,
r7p5,rain,weather,,,,1534867452098692000,17.41817855834961,22.52956771850586,,,,lidar,33186,16039,1705,555,14887,7.5,7.691315650939941,9.083136558532715,,
r7p5,rain,weather,1.609542727470398,900,1600,1534867452112404000,,,213126,99.27935791015625,61.50064468383789,image,,,,,,7.5,,,,2.2223429679870605
r7p5,rain,weather,,,,1534867452148614000,17.406553268432617,22.500642776489258,,,,lidar,33201,16069,1677,556,14899,7.5,7.6818013191223145,9.105534553527832,,
r7p5,rain,weather,,,,1534867452198394000,17.493356704711914,22.53807258605957,,,,lidar,33194,16051,1714,551,14878,7.5,7.697275161743164,9.095309257507324,,
r7p5,rain,weather,1.6136209964752197,900,1600,1534867452162404000,,,213676,99.08441925048828,61.58814239501953,image,,,,,,7.5,,,,2.228757619857788
r15,rain,weather,,,,1534867432948726000,15.694533348083496,21.625062942504883,,,,lidar,32786,13553,2666,870,15697,15,9.350871086120605,10.48524284362793,,
r15,rain,weather,2.3275339603424072,900,1600,1534867432912404000,,,227796,103.0433120727539,53.460201263427734,image,,,,,,15,,,,1.8901327848434448
r15,rain,weather,,,,1534867432998503000,15.679750442504883,21.461162567138672,,,,lidar,32885,13471,2631,880,15903,15,9.362038612365723,10.460906028747559,,
r15,rain,weather,2.3130033016204834,900,1600,1534867433012404000,,,226216,102.47889709472656,54.02627944946289,image,,,,,,15,,,,1.8654775619506836
r15,rain,weather,,,,1534867433048257000,15.827448844909668,21.781757354736328,,,,lidar,32963,13365,2668,846,16084,15,9.365506172180176,10.448519706726074,,
r15,rain,weather,,,,1534867433098583000,15.896953582763672,21.982702255249023,,,,lidar,32975,13273,2605,821,16276,15,9.30121898651123,10.328461647033691,,
r15,rain,weather,2.3120124340057373,900,1600,1534867433112404000,,,226037,102.85539245605469,54.065189361572266,image,,,,,,15,,,,1.8296350240707397
r15,rain,weather,,,,1534867433148336000,15.92811107635498,22.123821258544922,,,,lidar,32985,13156,2631,823,16375,15,9.331805229187012,10.319005966186523,,
r15,rain,weather,2.3391098976135254,900,1600,1534867433162404000,,,226540,102.68283081054688,54.20426940917969,image,,,,,,15,,,,1.8126543760299683
r15,rain,weather,,,,1534867433198676000,15.872543334960938,21.79567527770996,,,,lidar,33078,13098,2680,794,16506,15,9.34538745880127,10.28951644897461,,
r15,rain,weather,,,,1534867433248427000,15.921548843383789,21.849985122680664,,,,lidar,33175,12981,2716,814,16664,15,9.416746139526367,10.373693466186523,,
r15,rain,weather,2.3242909908294678,900,1600,1534867433262404000,,,225689,102.93109130859375,54.60898971557617,image,,,,,,15,,,,1.8001195192337036
r15,rain,weather,,,,1534867433298210000,15.847966194152832,21.704708099365234,,,,lidar,33185,12885,2738,805,16757,15,9.433473587036133,10.362874031066895,,
r15,rain,weather,,,,1534867433348529000,15.831927299499512,21.757469177246094,,,,lidar,33165,12756,2744,830,16835,15,9.491605758666992,10.44748592376709,,
r15,rain,weather,2.330366849899292,900,1600,1534867433362404000,,,224944,102.55655670166016,54.471351623535156,image,,,,,,15,,,,1.784032940864563
r15,rain,weather,,,,1534867433398454000,15.950212478637695,21.97243309020996,,,,lidar,33074,12664,2740,807,16863,15,9.468690872192383,10.354735374450684,,
r15,rain,weather,,,,1534867433448600000,16.050928115844727,22.17465591430664,,,,lidar,33122,12621,2731,806,16964,15,9.469019889831543,10.361656188964844,,
r15,rain,weather,2.348088502883911,900,1600,1534867433412404000,,,225338,102.17322540283203,54.96791076660156,image,,,,,,15,,,,1.7864404916763306
r15,rain,weather,,,,1534867433498387000,16.159011840820312,22.349214553833008,,,,lidar,33110,12510,2788,807,17005,15,9.524242401123047,10.345027923583984,,
r15,rain,weather,2.3350656032562256,900,1600,1534867433512404000,,,226292,101.6141357421875,56.09751510620117,image,,,,,,15,,,,1.8012735843658447
r15,rain,weather,,,,1534867433548133000,16.118711471557617,22.018898010253906,,,,lidar,33110,12426,2777,801,17106,15,9.519774436950684,10.343474388122559,,
r15,rain,weather,,,,1534867433598470000,16.254413604736328,22.277118682861328,,,,lidar,33112,12400,2783,790,17139,15,9.49803352355957,10.32026481628418,,
r15,rain,weather,2.3530726432800293,900,1600,1534867433612404000,,,227060,101.80529022216797,55.9911994934082,image,,,,,,15,,,,1.793115258216858
r15,rain,weather,,,,1534867433648353000,16.21385955810547,22.18126678466797,,,,lidar,33113,12222,2805,791,17295,15,9.564254760742188,10.36656379699707,,
r15,rain,weather,2.339146614074707,900,1600,1534867433662404000,,,227113,101.83714294433594,55.78191375732422,image,,,,,,15,,,,1.7871544361114502
r15,rain,weather,,,,1534867433697988000,16.32265853881836,22.497913360595703,,,,lidar,33062,12188,2816,776,17282,15,9.563225746154785,10.352612495422363,,
r15,rain,weather,,,,1534867433748311000,16.39025115966797,22.560529708862305,,,,lidar,33076,12178,2777,775,17346,15,9.560744285583496,10.303735733032227,,
r15,rain,weather,2.3380091190338135,900,1600,1534867433762404000,,,226362,101.60435485839844,56.11606979370117,image,,,,,,15,,,,1.7957960367202759
r15,rain,weather,,,,1534867433798158000,16.61052703857422,22.8717098236084,,,,lidar,33163,12170,2770,783,17440,15,9.585774421691895,10.289620399475098,,
r15,rain,weather,,,,1534867433847842000,16.612714767456055,22.715164184570312,,,,lidar,33128,12074,2789,792,17473,15,9.650408744812012,10.348576545715332,,
r15,rain,weather,,,,1534867433898179000,16.641529083251953,22.783573150634766,,,,lidar,33170,12138,2774,809,17449,15,9.630843162536621,10.334640502929688,,
r15,rain,weather,2.3475089073181152,900,1600,1534867433862404000,,,227307,101.1952133178711,56.50068664550781,image,,,,,,15,,,,1.8033217191696167
r15,rain,weather,2.3387672901153564,900,1600,1534867433912404000,,,226140,101.13919830322266,56.44456481933594,image,,,,,,15,,,,1.7988696098327637
r15,rain,weather,,,,1534867433947929000,16.503557205200195,22.464025497436523,,,,lidar,33285,12162,2746,821,17556,15,9.648517608642578,10.386375427246094,,
r15,rain,weather,,,,1534867433997714000,16.374744415283203,22.551227569580078,,,,lidar,33232,12176,2686,805,17565,15,9.615483283996582,10.3115873336792,,
r15,rain,weather,2.341097831726074,900,1600,1534867434012404000,,,226648,101.20806884765625,56.74250793457031,image,,,,,,15,,,,1.791404366493225
r15,rain,weather,,,,1534867434048013000,16.488449096679688,22.88202476501465,,,,lidar,33187,12124,2653,823,17587,15,9.627059936523438,10.261468887329102,,
r15,rain,weather,,,,1534867434097791000,16.44485855102539,22.804861068725586,,,,lidar,33217,12163,2677,836,17541,15,9.643424987792969,10.295376777648926,,
r15,rain,weather,2.3312175273895264,900,1600,1534867434112404000,,,226565,101.18474578857422,57.19026184082031,image,,,,,,15,,,,1.7948602437973022
r15,rain,weather,,,,1534867434147546000,16.26886558532715,22.346542358398438,,,,lidar,33238,12189,2693,842,17514,15,9.663230895996094,10.32519817352295,,
r15,rain,weather,2.3101744651794434,900,1600,1534867434162404000,,,226478,100.4551010131836,57.647830963134766,image,,,,,,15,,,,1.7978267669677734
r15,rain,weather,,,,1534867434197881000,16.200777053833008,22.216432571411133,,,,lidar,33287,12177,2697,904,17509,15,9.683786392211914,10.329927444458008,,
r15,rain,weather,,,,1534867434247637000,15.973214149475098,21.799869537353516,,,,lidar,33250,12132,2680,922,17516,15,9.68497371673584,10.302291870117188,,
r15,rain,weather,2.313098430633545,900,1600,1534867434262404000,,,226227,100.69932556152344,57.57205581665039,image,,,,,,15,,,,1.7877072095870972
r15,rain,weather,,,,1534867434297956000,16.048091888427734,21.81268310546875,,,,lidar,33280,12142,2661,973,17504,15,9.71451187133789,10.349575996398926,,
r15,rain,weather,,,,1534867434348247000,15.980515480041504,21.752485275268555,,,,lidar,33261,12208,2564,1041,17448,15,9.670390129089355,10.304574012756348,,
r15,rain,weather,2.3040871620178223,900,1600,1534867434362404000,,,226109,100.41790008544922,57.859588623046875,image,,,,,,15,,,,1.794174075126648
r15,rain,weather,,,,1534867434397491000,15.900359153747559,21.47452735900879,,,,lidar,33312,12285,2582,1099,17346,15,9.689200401306152,10.359519958496094,,
r15,rain,weather,2.2940573692321777,900,1600,1534867434412404000,,,225770,101.0438232421875,57.63147735595703,image,,,,,,15,,,,1.7815502882003784
r15,rain,weather,,,,1534867434447799000,15.784751892089844,21.37602424621582,,,,lidar,33243,12226,2626,1140,17251,15,9.778739929199219,10.536151885986328,,
r15,rain,weather,,,,1534867434497610000,15.830942153930664,21.479665756225586,,,,lidar,33260,12336,2689,1099,17136,15,9.718564987182617,10.450486183166504,,
r15,rain,weather,2.267289876937866,900,1600,1534867434512404000,,,223576,101.30194091796875,57.479122161865234,image,,,,,,15,,,,1.7710615396499634
r15,rain,weather,,,,1534867434547921000,15.806435585021973,21.419559478759766,,,,lidar,33227,12335,2738,1129,17025,15,9.80746078491211,10.660662651062012,,
r15,rain,weather,,,,1534867434597646000,15.718805313110352,21.284809112548828,,,,lidar,33205,12404,2764,1112,16925,15,9.790427207946777,10.716780662536621,,
r15,rain,weather,2.2654943466186523,900,1600,1534867434612404000,,,225738,100.59323120117188,57.96482849121094,image,,,,,,15,,,,1.7892553806304932
r15,rain,weather,,,,1534867434647423000,15.687458992004395,21.330547332763672,,,,lidar,33189,12460,2799,1102,16828,15,9.792243957519531,10.749067306518555,,
r15,rain,weather,2.243994951248169,900,1600,1534867434662404000,,,225303,100.25942993164062,58.03281021118164,image,,,,,,15,,,,1.7894153594970703
r15,rain,weather,,,,1534867434697757000,15.516814231872559,20.868297576904297,,,,lidar,33179,12417,2841,1119,16802,15,9.869166374206543,10.779417037963867,,
r15,rain,weather,,,,1534867434747513000,15.390247344970703,20.738191604614258,,,,lidar,33255,12627,2865,1083,16680,15,9.808874130249023,10.721765518188477,,
r15,rain,weather,2.2595601081848145,900,1600,1534867434762404000,,,226097,100.19087982177734,58.55418014526367,image,,,,,,15,,,,1.7961505651474
r15,rain,weather,,,,1534867434797857000,15.372711181640625,20.809696197509766,,,,lidar,33149,12621,2830,1085,16613,15,9.80017375946045,10.708404541015625,,
r15,rain,weather,,,,1534867434847604000,15.17406940460205,20.656396865844727,,,,lidar,33186,12693,2854,1085,16554,15,9.828873634338379,10.781685829162598,,
r15,rain,weather,2.237600564956665,900,1600,1534867434862404000,,,225153,99.88915252685547,58.55848693847656,image,,,,,,15,,,,1.7778524160385132
r15,rain,weather,,,,1534867434897370000,15.155342102050781,20.689010620117188,,,,lidar,33173,12741,2825,1068,16539,15,9.78428840637207,10.678428649902344,,
r15,rain,weather,,,,1534867434947673000,15.07922649383545,20.609783172607422,,,,lidar,33201,12868,2802,1051,16480,15,9.712661743164062,10.590838432312012,,
r15,rain,weather,2.2479841709136963,900,1600,1534867434912404000,,,225772,99.78418731689453,58.5252799987793,image,,,,,,15,,,,1.7702579498291016
r15,rain,weather,,,,1534867434997457000,14.801322937011719,20.112258911132812,,,,lidar,33163,12879,2842,1008,16434,15,9.675317764282227,10.493729591369629,,
r15,rain,weather,2.221954107284546,900,1600,1534867435012404000,,,224261,100.1046142578125,58.714599609375,image,,,,,,15,,,,1.7715176343917847
r15,rain,weather,,,,1534867435047757000,14.768206596374512,20.090496063232422,,,,lidar,33179,12879,2880,1012,16408,15,9.698491096496582,10.542534828186035,,
r15,rain,weather,,,,1534867435097545000,14.679000854492188,19.905553817749023,,,,lidar,33140,12904,2885,1001,16350,15,9.684263229370117,10.553099632263184,,
r15,rain,weather,2.2248849868774414,900,1600,1534867435112404000,,,224700,99.64923095703125,59.156795501708984,image,,,,,,15,,,,1.7785518169403076
r15,rain,weather,,,,1534867435147293000,14.653020858764648,19.909257888793945,,,,lidar,33124,12903,2919,985,16317,15,9.687667846679688,10.534574508666992,,
r15,rain,weather,2.205658435821533,900,1600,1534867435162404000,,,224726,99.34546661376953,59.019309997558594,image,,,,,,15,,,,1.768627643585205
r15,rain,weather,,,,1534867435197614000,14.485896110534668,19.504928588867188,,,,lidar,33130,12865,2917,979,16369,15,9.698573112487793,10.547246932983398,,
r15,rain,weather,,,,1534867435247375000,14.497096061706543,19.6774845123291,,,,lidar,33153,12862,2991,953,16347,15,9.692072868347168,10.50970458984375,,
r15,rain,weather,2.1646273136138916,900,1600,1534867435262404000,,,223000,99.43238067626953,59.223609924316406,image,,,,,,15,,,,1.7645349502563477
r15,rain,weather,,,,1534867435297721000,14.367371559143066,19.410491943359375,,,,lidar,33176,12806,3013,950,16407,15,9.70170783996582,10.49316692352295,,
r15,rain,weather,,,,1534867435347464000,14.273008346557617,19.132856369018555,,,,lidar,33110,12688,2963,952,16507,15,9.721136093139648,10.587613105773926,,
r15,rain,weather,2.16105055809021,900,1600,1534867435362404000,,,223817,99.4811782836914,59.425086975097656,image,,,,,,15,,,,1.7552238702774048
r15,rain,weather,,,,1534867435397242000,14.325246810913086,19.28118896484375,,,,lidar,33122,12700,2959,917,16546,15,9.67739486694336,10.462945938110352,,
r15,rain,weather,,,,1534867435447584000,14.254786491394043,18.9423885345459,,,,lidar,33182,12728,2982,924,16548,15,9.702485084533691,10.502714157104492,,
r15,rain,weather,2.149177312850952,900,1600,1534867435412404000,,,222971,98.895751953125,59.289344787597656,image,,,,,,15,,,,1.7585275173187256
r15,rain,weather,,,,1534867435497321000,14.212437629699707,18.863544464111328,,,,lidar,33227,12672,2991,906,16658,15,9.723072052001953,10.524633407592773,,
r15,rain,weather,2.1459107398986816,900,1600,1534867435512404000,,,223954,99.05645751953125,59.190738677978516,image,,,,,,15,,,,1.7621774673461914
r15,rain,weather,,,,1534867435547633000,14.095559120178223,18.623497009277344,,,,lidar,33224,12699,2967,894,16664,15,9.677460670471191,10.408926010131836,,
r15,rain,weather,,,,1534867435597411000,14.123213768005371,18.939571380615234,,,,lidar,33128,12696,2992,886,16554,15,9.68198299407959,10.444235801696777,,
r15,rain,weather,2.152172803878784,900,1600,1534867435612404000,,,224306,98.07987976074219,59.59072494506836,image,,,,,,15,,,,1.784210205078125
r15,rain,weather,,,,1534867435647179000,14.0896577835083,18.862770080566406,,,,lidar,33128,12660,2973,894,16601,15,9.720298767089844,10.502484321594238,,
r15,rain,weather,2.115102529525757,900,1600,1534867435662404000,,,223467,98.45365905761719,59.6093635559082,image,,,,,,15,,,,1.7770105600357056
r15,rain,weather,,,,1534867435697501000,14.035163879394531,18.804719924926758,,,,lidar,33128,12598,3046,936,16548,15,9.795941352844238,10.607503890991211,,
r15,rain,weather,,,,1534867435747254000,13.939729690551758,18.64057731628418,,,,lidar,33152,12612,3106,927,16507,15,9.80963134765625,10.629691123962402,,
r15,rain,weather,2.132812976837158,900,1600,1534867435762404000,,,224151,98.01309204101562,59.50399398803711,image,,,,,,15,,,,1.787487506866455
r15,rain,weather,,,,1534867435799876000,13.789356231689453,18.4110107421875,,,,lidar,33138,12589,3134,932,16483,15,9.810567855834961,10.578815460205078,,
r15,rain,weather,,,,1534867435847350000,13.740683555603027,18.035886764526367,,,,lidar,33132,12480,3128,946,16578,15,9.86136245727539,10.590662956237793,,
r15,rain,weather,2.108133554458618,900,1600,1534867435862404000,,,222954,98.37000274658203,59.718894958496094,image,,,,,,15,,,,1.7933683395385742
r15,rain,weather,,,,1534867435897685000,13.684883117675781,17.704326629638672,,,,lidar,33123,12613,3065,929,16516,15,9.775259971618652,10.505295753479004,,
r15,rain,weather,,,,1534867435947443000,13.811039924621582,18.08501625061035,,,,lidar,33138,12705,3050,941,16442,15,9.76478099822998,10.545948028564453,,
r15,rain,weather,2.0873379707336426,900,1600,1534867435912404000,,,223079,98.33964538574219,59.64988708496094,image,,,,,,15,,,,1.8003135919570923
r15,rain,weather,,,,1534867435997210000,13.938312530517578,18.34430694580078,,,,lidar,33103,12608,3034,960,16501,15,9.811675071716309,10.587442398071289,,
r15,rain,weather,2.076529026031494,900,1600,1534867436012404000,,,222340,98.25706481933594,59.8603630065918,image,,,,,,15,,,,1.812401294708252
r15,rain,weather,,,,1534867436047508000,13.723816871643066,18.151683807373047,,,,lidar,33175,12633,3029,981,16532,15,9.829517364501953,10.641854286193848,,
r15,rain,weather,,,,1534867436097280000,13.72309684753418,18.404027938842773,,,,lidar,33194,12690,3055,963,16486,15,9.842123985290527,10.634660720825195,,
r15,rain,weather,2.0830588340759277,900,1600,1534867436112404000,,,224242,97.8447036743164,59.78163146972656,image,,,,,,15,,,,1.8250855207443237
r15,rain,weather,,,,1534867436147600000,13.626392364501953,18.192026138305664,,,,lidar,33144,12702,2983,1022,16437,15,9.880064010620117,10.761220932006836,,
r15,rain,weather,2.0759356021881104,900,1600,1534867436162404000,,,224463,97.6435775756836,60.12910461425781,image,,,,,,15,,,,1.8381812572479248
r15,rain,weather,,,,1534867436197373000,13.454937934875488,17.895885467529297,,,,lidar,33162,12667,3062,1033,16400,15,9.944497108459473,10.808971405029297,,
r15,rain,weather,,,,1534867436247688000,13.447033882141113,17.86988639831543,,,,lidar,33215,12760,3026,1051,16378,15,9.941417694091797,10.859317779541016,,
r15,rain,weather,2.0702521800994873,900,1600,1534867436262404000,,,224512,97.55699157714844,60.13108825683594,image,,,,,,15,,,,1.8524339199066162
r15,rain,weather,,,,1534867436297454000,13.294195175170898,17.517807006835938,,,,lidar,33225,12801,2965,1047,16412,15,9.914665222167969,10.799385070800781,,
r15,rain,weather,,,,1534867436347764000,13.221502304077148,17.240482330322266,,,,lidar,33194,12845,3018,1029,16302,15,9.897634506225586,10.786725044250488,,
r15,rain,weather,2.0539517402648926,900,1600,1534867436362404000,,,224743,97.53106689453125,60.14459991455078,image,,,,,,15,,,,1.8645426034927368
r15,rain,weather,,,,1534867436397546000,13.193849563598633,16.993854522705078,,,,lidar,33199,12835,2976,1112,16276,15,9.988557815551758,11.008731842041016,,
r15,rain,weather,,,,1534867436447892000,13.015702247619629,17.006370544433594,,,,lidar,33166,12862,2970,1071,16263,15,9.927577018737793,10.91482925415039,,
r15,rain,weather,2.056239366531372,900,1600,1534867436412404000,,,225157,97.8947982788086,59.58998107910156,image,,,,,,15,,,,1.86690354347229
r15,rain,weather,,,,1534867436497621000,12.95616340637207,16.935321807861328,,,,lidar,33220,12938,2961,1035,16286,15,9.851921081542969,10.808520317077637,,
r15,rain,weather,2.0620298385620117,900,1600,1534867436512404000,,,225517,98.71788024902344,59.94975280761719,image,,,,,,15,,,,1.8868242502212524
r15,rain,weather,,,,1534867436547945000,12.967214584350586,16.894073486328125,,,,lidar,33219,12891,2919,1064,16345,15,9.891921043395996,10.85006332397461,,
r15,rain,weather,,,,1534867436597712000,12.906070709228516,16.62468719482422,,,,lidar,33244,12912,2877,1044,16411,15,9.838855743408203,10.749651908874512,,
r15,rain,weather,2.072200059890747,900,1600,1534867436612404000,,,226127,99.00515747070312,59.944793701171875,image,,,,,,15,,,,1.8980506658554077
r15,rain,weather,,,,1534867436648040000,12.922966003417969,16.68206024169922,,,,lidar,33228,12952,2822,1059,16395,15,9.833950996398926,10.811965942382812,,
r15,rain,weather,2.068948745727539,900,1600,1534867436662404000,,,226357,98.36615753173828,60.088924407958984,image,,,,,,15,,,,1.911000370979309
r15,rain,weather,,,,1534867436697839000,12.880217552185059,16.408952713012695,,,,lidar,33217,12981,2808,1050,16378,15,9.79857063293457,10.788219451904297,,
r15,rain,weather,,,,1534867436748116000,12.97741985321045,16.660490036010742,,,,lidar,33185,12977,2771,1060,16377,15,9.798020362854004,10.794759750366211,,
r15,rain,weather,2.054443120956421,900,1600,1534867436762404000,,,225161,99.04721069335938,60.332401275634766,image,,,,,,15,,,,1.902861475944519
r15,rain,weather,,,,1534867436797894000,12.905900955200195,16.65125274658203,,,,lidar,33234,13045,2810,1060,16319,15,9.779448509216309,10.729066848754883,,
r15,rain,weather,,,,1534867436847671000,12.842674255371094,16.543880462646484,,,,lidar,33243,13168,2745,1035,16295,15,9.686198234558105,10.642303466796875,,
r15,rain,weather,2.046804904937744,900,1600,1534867436862404000,,,224536,98.81132507324219,60.85517883300781,image,,,,,,15,,,,1.913512945175171
r15,rain,weather,,,,1534867436898622000,12.87786865234375,16.77198028564453,,,,lidar,33215,13180,2742,1059,16234,15,9.696223258972168,10.694249153137207,,
r15,rain,weather,,,,1534867436947771000,12.749879837036133,16.504268646240234,,,,lidar,33172,13166,2711,1049,16246,15,9.659459114074707,10.64854907989502,,
r15,rain,weather,2.0503127574920654,900,1600,1534867436912404000,,,226267,98.1808853149414,61.00762176513672,image,,,,,,15,,,,1.9223401546478271
r15,rain,weather,,,,1534867436998054000,12.792706489562988,16.536304473876953,,,,lidar,33202,13143,2764,1031,16264,15,9.669376373291016,10.671302795410156,,
r15,rain,weather,2.0419039726257324,900,1600,1534867437012404000,,,226443,98.19322204589844,61.366512298583984,image,,,,,,15,,,,1.931633710861206
r15,rain,weather,,,,1534867437047827000,12.807022094726562,16.46037483215332,,,,lidar,33254,13147,2788,1028,16291,15,9.652141571044922,10.658994674682617,,
r15,rain,weather,,,,1534867437098143000,12.828021049499512,16.564552307128906,,,,lidar,33209,13074,2764,1021,16350,15,9.639942169189453,10.569649696350098,,
r15,rain,weather,2.0649023056030273,900,1600,1534867437112404000,,,228310,98.13842010498047,61.7941780090332,image,,,,,,15,,,,1.9605220556259155
r15,rain,weather,,,,1534867437147908000,12.791768074035645,16.500219345092773,,,,lidar,33284,13040,2769,1016,16459,15,9.654253005981445,10.5687255859375,,
r15,rain,weather,2.05745530128479,900,1600,1534867437162404000,,,228179,97.90966796875,61.577247619628906,image,,,,,,15,,,,1.9425166845321655
r15,rain,weather,,,,1534867437198224000,12.873201370239258,16.605361938476562,,,,lidar,33257,13144,2725,993,16395,15,9.579412460327148,10.519564628601074,,
r15,rain,weather,,,,1534867437248032000,12.794291496276855,16.31249237060547,,,,lidar,33295,13083,2740,1005,16467,15,9.600889205932617,10.496577262878418,,
r15,rain,weather,2.0548343658447266,900,1600,1534867437262404000,,,227850,97.94893646240234,62.20478439331055,image,,,,,,15,,,,1.9651529788970947
r15,rain,weather,,,,1534867437298342000,12.742729187011719,16.08949851989746,,,,lidar,33267,13009,2717,1014,16527,15,9.646997451782227,10.559085845947266,,
r15,rain,weather,,,,1534867437348076000,12.835779190063477,16.40920066833496,,,,lidar,33259,13049,2670,1002,16538,15,9.59370231628418,10.49058723449707,,
r15,rain,weather,,,,1534867437398416000,12.810413360595703,16.310829162597656,,,,lidar,33206,12989,2677,995,16545,15,9.612269401550293,10.502012252807617,,
r15,rain,weather,2.041455030441284,900,1600,1534867437362404000,,,227437,98.17613220214844,62.529052734375,image,,,,,,15,,,,1.9809621572494507
r15,rain,weather,2.0638134479522705,900,1600,1534867437412404000,,,229179,97.39385223388672,62.763511657714844,image,,,,,,15,,,,2.013375997543335
r15,rain,weather,,,,1534867437448158000,12.867147445678711,16.49764633178711,,,,lidar,33178,13085,2620,972,16501,15,9.524735450744629,10.448832511901855,,
r15,rain,weather,,,,1534867437499906000,12.921720504760742,16.544933319091797,,,,lidar,33146,13040,2641,955,16510,15,9.529754638671875,10.475980758666992,,
r15,rain,weather,2.0612306594848633,900,1600,1534867437512404000,,,229152,97.9854965209961,62.7744140625,image,,,,,,15,,,,2.0274178981781006
r15,rain,weather,,,,1534867437548282000,12.844764709472656,16.528404235839844,,,,lidar,33093,13024,2667,885,16517,15,9.457049369812012,10.329017639160156,,
r15,rain,weather,,,,1534867437598038000,12.927297592163086,16.746627807617188,,,,lidar,33024,12913,2693,855,16563,15,9.489826202392578,10.3180570602417,,
r15,rain,weather,2.0722827911376953,900,1600,1534867437612404000,,,229587,97.84466552734375,62.97650146484375,image,,,,,,15,,,,2.028398275375366
r15,rain,weather,,,,1534867437648336000,12.99071216583252,17.06896209716797,,,,lidar,33062,12995,2691,758,16618,15,9.346770286560059,10.07519245147705,,
r15,rain,weather,2.0486998558044434,900,1600,1534867437662404000,,,228989,98.06034088134766,62.7577018737793,image,,,,,,15,,,,2.0220119953155518
r15,rain,weather,,,,1534867437698112000,12.98250961303711,17.03179931640625,,,,lidar,33012,12985,2711,723,16593,15,9.324652671813965,10.048320770263672,,
r15,rain,weather,,,,1534867437748436000,13.006322860717773,17.04183578491211,,,,lidar,33032,12987,2762,693,16590,15,9.332364082336426,10.070915222167969,,
r15,rain,weather,2.0353386402130127,900,1600,1534867437762404000,,,227543,97.46997833251953,62.394203186035156,image,,,,,,15,,,,1.983859896659851
r15,rain,weather,,,,1534867437798188000,13.052715301513672,17.260732650756836,,,,lidar,32989,13043,2719,643,16584,15,9.221714973449707,9.93069076538086,,
r15,rain,weather,,,,1534867437848515000,12.987384796142578,17.161705017089844,,,,lidar,33029,13051,2760,599,16619,15,9.212480545043945,9.877802848815918,,
r15,rain,weather,,,,1534867437898272000,12.967040061950684,17.106185913085938,,,,lidar,33001,13032,2674,550,16745,15,9.131340026855469,9.7191162109375,,
r15,rain,weather,1.9865387678146362,900,1600,1534867437862404000,,,224236,98.89833068847656,61.605133056640625,image,,,,,,15,,,,1.9346767663955688
r15,rain,weather,1.980612874031067,900,1600,1534867437912404000,,,224478,97.80619049072266,61.389404296875,image,,,,,,15,,,,1.9428399801254272
r15,rain,weather,,,,1534867437948593000,12.95155143737793,17.10126495361328,,,,lidar,32940,13070,2634,525,16711,15,9.081235885620117,9.72232437133789,,
r15,rain,weather,,,,1534867437998356000,12.799745559692383,16.5771427154541,,,,lidar,32972,12994,2669,497,16812,15,9.081363677978516,9.649223327636719,,
r15,rain,weather,1.9731186628341675,900,1600,1534867438012404000,,,223749,98.89888000488281,61.610294342041016,image,,,,,,15,,,,1.9480339288711548
r15,rain,weather,,,,1534867438048125000,12.890669822692871,16.80594825744629,,,,lidar,32941,12942,2662,477,16860,15,9.073290824890137,9.643566131591797,,
r15,rain,weather,,,,1534867438098461000,12.882111549377441,16.765092849731445,,,,lidar,32958,12933,2697,466,16862,15,9.061742782592773,9.60451889038086,,
r15,rain,weather,1.9673142433166504,900,1600,1534867438112404000,,,223505,98.40750122070312,61.72534942626953,image,,,,,,15,,,,1.9676035642623901
r15,rain,weather,,,,1534867438148214000,12.846059799194336,16.770328521728516,,,,lidar,32959,12944,2681,432,16902,15,9.008291244506836,9.491735458374023,,
r15,rain,weather,1.963289499282837,900,1600,1534867438162404000,,,223241,98.68675231933594,61.55712127685547,image,,,,,,15,,,,1.9608641862869263
r15,rain,weather,,,,1534867438198532000,12.888850212097168,17.200048446655273,,,,lidar,33017,12963,2664,405,16985,15,8.972429275512695,9.446775436401367,,
r15,rain,weather,,,,1534867438248293000,12.875161170959473,17.397687911987305,,,,lidar,33029,12894,2704,384,17047,15,8.971531867980957,9.40825366973877,,
r15,rain,weather,1.9739795923233032,900,1600,1534867438262404000,,,224177,98.33195495605469,61.64364242553711,image,,,,,,15,,,,1.9691150188446045
r15,rain,weather,,,,1534867438298624000,12.977266311645508,17.564720153808594,,,,lidar,33069,12953,2710,392,17014,15,8.949525833129883,9.415168762207031,,
r15,rain,weather,,,,1534867438348377000,12.820063591003418,17.003692626953125,,,,lidar,33103,12994,2679,397,17033,15,8.895729064941406,9.413390159606934,,
r15,rain,weather,1.9579403400421143,900,1600,1534867438362404000,,,224002,98.81026458740234,61.9208984375,image,,,,,,15,,,,1.9733926057815552
r15,rain,weather,,,,1534867438398169000,12.910662651062012,17.198514938354492,,,,lidar,33065,12998,2625,384,17058,15,8.833699226379395,9.346205711364746,,
r15,rain,weather,1.9749635457992554,900,1600,1534867438412404000,,,224663,98.24964141845703,61.91656494140625,image,,,,,,15,,,,1.9901961088180542
r15,rain,weather,,,,1534867438448663000,12.818013191223145,16.934682846069336,,,,lidar,33126,12997,2568,386,17175,15,8.824127197265625,9.35857105255127,,
r15,rain,weather,,,,1534867438498255000,12.799507141113281,16.925548553466797,,,,lidar,33205,13038,2498,396,17273,15,8.785001754760742,9.33035945892334,,
r15,rain,weather,1.9558383226394653,900,1600,1534867438512404000,,,224131,98.73806762695312,62.04568099975586,image,,,,,,15,,,,1.9924402236938477
r15,rain,weather,,,,1534867438548564000,12.875547409057617,17.223247528076172,,,,lidar,33096,13027,2437,398,17234,15,8.762038230895996,9.314274787902832,,
r15,rain,weather,,,,1534867438598347000,12.788908958435059,17.11033821105957,,,,lidar,33099,13030,2363,391,17315,15,8.728906631469727,9.275089263916016,,
r15,rain,weather,1.9410923719406128,900,1600,1534867438612404000,,,222359,99.1976318359375,62.09089279174805,image,,,,,,15,,,,1.993850827217102
r15,rain,weather,,,,1534867438648638000,12.85406494140625,17.271894454956055,,,,lidar,33160,12973,2342,391,17454,15,8.730792045593262,9.201664924621582,,
r15,rain,weather,1.9567883014678955,900,1600,1534867438662404000,,,224326,98.71814727783203,61.99217224121094,image,,,,,,15,,,,1.998390555381775
r15,rain,weather,,,,1534867438698458000,12.914978981018066,17.489622116088867,,,,lidar,33202,12992,2334,382,17494,15,8.709738731384277,9.158547401428223,,
r15,rain,weather,,,,1534867438748717000,13.014851570129395,17.45804214477539,,,,lidar,33179,12940,2347,384,17508,15,8.742108345031738,9.176740646362305,,
r15,rain,weather,1.9686963558197021,900,1600,1534867438762404000,,,225068,98.80563354492188,61.9372673034668,image,,,,,,15,,,,2.0102877616882324
r15,rain,weather,,,,1534867438798511000,13.092726707458496,17.488075256347656,,,,lidar,33120,12884,2368,386,17482,15,8.768145561218262,9.212502479553223,,
r15,rain,weather,,,,1534867438848821000,13.059162139892578,17.51801872253418,,,,lidar,33148,12956,2319,391,17482,15,8.727165222167969,9.181350708007812,,
r15,rain,weather,,,,1534867438898596000,13.097589492797852,17.48920440673828,,,,lidar,33166,12953,2351,384,17478,15,8.72346305847168,9.156706809997559,,
r15,rain,weather,1.9582127332687378,900,1600,1534867438862404000,,,225538,98.40782165527344,62.11800765991211,image,,,,,,15,,,,2.0226433277130127
r15,rain,weather,1.9292974472045898,900,1600,1534867438912413000,,,224206,98.74398040771484,61.962276458740234,image,,,,,,15,,,,2.0189154148101807
r15,rain,weather,,,,1534867438948913000,13.186468124389648,17.739307403564453,,,,lidar,33200,12995,2340,394,17471,15,8.72862434387207,9.228194236755371,,
r15,rain,weather,,,,1534867438998674000,13.169017791748047,17.68709373474121,,,,lidar,33226,13007,2321,401,17497,15,8.723999977111816,9.24582290649414,,
r15,rain,weather,1.936684012413025,900,1600,1534867439012404000,,,224303,99.16629791259766,62.024723052978516,image,,,,,,15,,,,2.0199568271636963
r15,rain,weather,,,,1534867439048989000,13.113115310668945,17.486576080322266,,,,lidar,33213,12997,2328,382,17506,15,8.694581985473633,9.157262802124023,,
r15,rain,weather,,,,1534867439098749000,13.268202781677246,17.87480926513672,,,,lidar,33170,12983,2294,377,17516,15,8.672680854797363,9.126448631286621,,
r15,rain,weather,1.9324077367782593,900,1600,1534867439112404000,,,224031,99.00250244140625,62.00442886352539,image,,,,,,15,,,,2.0284156799316406
r15,rain,weather,,,,1534867439149065000,13.268733978271484,17.77161979675293,,,,lidar,33173,12978,2311,370,17514,15,8.671080589294434,9.111729621887207,,
r15,rain,weather,1.918178677558899,900,1600,1534867439162404000,,,223852,98.66946411132812,61.7020378112793,image,,,,,,15,,,,2.0315427780151367
r15,rain,weather,,,,1534867439199308000,13.234293937683105,17.65394401550293,,,,lidar,33174,12943,2296,387,17548,15,8.673654556274414,9.110701560974121,,
r15,rain,weather,,,,1534867439249155000,13.165084838867188,17.526348114013672,,,,lidar,33133,12904,2260,397,17572,15,8.692200660705566,9.171334266662598,,
r15,rain,weather,1.9232909679412842,900,1600,1534867439262404000,,,224881,98.3675537109375,61.862548828125,image,,,,,,15,,,,2.0687124729156494
r15,rain,weather,,,,1534867439298950000,13.243523597717285,17.668846130371094,,,,lidar,33161,12947,2286,403,17525,15,8.672555923461914,9.134268760681152,,
r15,rain,weather,,,,1534867439348701000,13.272855758666992,17.528980255126953,,,,lidar,33258,12989,2266,408,17595,15,8.663158416748047,9.15629768371582,,
r15,rain,weather,,,,1534867439399032000,13.319713592529297,17.609233856201172,,,,lidar,33261,12934,2298,391,17638,15,8.648773193359375,9.069074630737305,,
r15,rain,weather,1.9296177625656128,900,1600,1534867439362404000,,,225383,99.34732055664062,61.80288314819336,image,,,,,,15,,,,2.0705442428588867
r15,rain,weather,1.932591199874878,900,1600,1534867439412404000,,,225535,98.9825210571289,61.61088943481445,image,,,,,,15,,,,2.0694777965545654
r15,rain,weather,,,,1534867439448778000,13.276737213134766,17.379859924316406,,,,lidar,33214,12929,2281,393,17611,15,8.61634349822998,8.995051383972168,,
r15,rain,weather,,,,1534867439499100000,13.367759704589844,17.399539947509766,,,,lidar,33157,12941,2248,412,17556,15,8.623229026794434,9.106420516967773,,
r15,rain,weather,1.9389458894729614,900,1600,1534867439512404000,,,226571,99.20514678955078,61.70478439331055,image,,,,,,15,,,,2.091496706008911
r15,rain,weather,,,,1534867439548869000,13.435483932495117,17.604228973388672,,,,lidar,33216,13002,2246,400,17568,15,8.572710037231445,9.016725540161133,,
r15,rain,weather,,,,1534867439599196000,13.443016052246094,17.699888229370117,,,,lidar,33259,13024,2289,409,17537,15,8.56851577758789,9.03820514678955,,
r15,rain,weather,1.9155027866363525,900,1600,1534867439612404000,,,226350,99.24417877197266,61.580841064453125,image,,,,,,15,,,,2.1092491149902344
r15,rain,weather,,,,1534867439648947000,13.553183555603027,17.89592742919922,,,,lidar,33246,12991,2305,400,17550,15,8.551238059997559,8.975483894348145,,
r15,rain,weather,1.9107296466827393,900,1600,1534867439662404000,,,225811,99.65386962890625,61.2227783203125,image,,,,,,15,,,,2.0949506759643555
r15,rain,weather,,,,1534867439699272000,13.510747909545898,17.751811981201172,,,,lidar,33242,12949,2349,404,17540,15,8.582901000976562,9.006832122802734,,
r15,rain,weather,,,,1534867439749040000,13.56787395477295,17.715957641601562,,,,lidar,33240,12967,2319,418,17536,15,8.587960243225098,9.048721313476562,,
r15,rain,weather,1.9130505323410034,900,1600,1534867439762404000,,,225324,100.32833099365234,61.065528869628906,image,,,,,,15,,,,2.1092095375061035
r15,rain,weather,,,,1534867439798808000,13.663108825683594,17.76067543029785,,,,lidar,33211,13043,2243,406,17519,15,8.508227348327637,8.9913969039917,,
r15,rain,weather,,,,1534867439849154000,13.729060173034668,17.89420509338379,,,,lidar,33274,13072,2219,410,17573,15,8.501022338867188,8.996709823608398,,
r15,rain,weather,,,,1534867439898892000,13.750251770019531,17.852209091186523,,,,lidar,33235,13068,2143,401,17623,15,8.469759941101074,8.970880508422852,,
r15,rain,weather,1.9300785064697266,900,1600,1534867439862404000,,,226836,100.36072540283203,61.15548324584961,image,,,,,,15,,,,2.1437408924102783
r15,rain,weather,1.8999611139297485,900,1600,1534867439912404000,,,225498,100.1794662475586,60.62547302246094,image,,,,,,15,,,,2.1349728107452393
r15,rain,weather,,,,1534867439949201000,13.717214584350586,17.800037384033203,,,,lidar,33224,13060,2128,417,17619,15,8.476317405700684,8.991703987121582,,
r15,rain,weather,,,,1534867439998973000,13.882397651672363,18.0853271484375,,,,lidar,33277,13058,2125,431,17663,15,8.501845359802246,9.07691478729248,,
r15,rain,weather,1.9152768850326538,900,1600,1534867440012404000,,,226681,100.32144165039062,60.50285339355469,image,,,,,,15,,,,2.158017873764038
r15,rain,weather,,,,1534867440049294000,14.005600929260254,18.259042739868164,,,,lidar,33260,13108,2119,419,17614,15,8.47693920135498,9.040942192077637,,
r15,rain,weather,,,,1534867440099074000,14.01425838470459,18.361595153808594,,,,lidar,33296,13176,2088,427,17605,15,8.456910133361816,9.01783561706543,,
r15,rain,weather,1.9153658151626587,900,1600,1534867440112404000,,,227428,100.58731079101562,60.559730529785156,image,,,,,,15,,,,2.1775500774383545
r15,rain,weather,,,,1534867440149392000,14.076733589172363,18.485130310058594,,,,lidar,33282,13189,2067,401,17625,15,8.42909049987793,8.926688194274902,,
r15,rain,weather,1.937103033065796,900,1600,1534867440162404000,,,228770,99.86345672607422,60.424560546875,image,,,,,,15,,,,2.1854748725891113
r15,rain,weather,,,,1534867440199182000,14.105847358703613,18.441585540771484,,,,lidar,33323,13255,2070,421,17577,15,8.46561336517334,9.018891334533691,,
r15,rain,weather,,,,1534867440248910000,14.192733764648438,18.574382781982422,,,,lidar,33294,13265,2060,435,17534,15,8.477494239807129,9.057202339172363,,
r15,rain,weather,1.907401204109192,900,1600,1534867440262404000,,,227747,100.17584228515625,60.16987228393555,image,,,,,,15,,,,2.169804573059082
r15,rain,weather,,,,1534867440299315000,14.36638355255127,19.006122589111328,,,,lidar,33376,13388,2036,436,17516,15,8.454989433288574,9.065449714660645,,
r15,rain,weather,,,,1534867440348991000,14.343091011047363,18.764095306396484,,,,lidar,33382,13305,2036,459,17582,15,8.514202117919922,9.103705406188965,,
r15,rain,weather,1.898246169090271,900,1600,1534867440362404000,,,227168,99.7844009399414,60.143184661865234,image,,,,,,15,,,,2.1628928184509277
r15,rain,weather,,,,1534867440398762000,14.396967887878418,19.000648498535156,,,,lidar,33433,13437,2011,441,17544,15,8.461325645446777,9.056169509887695,,
r15,rain,weather,1.904645323753357,900,1600,1534867440412404000,,,228132,99.85970306396484,60.22739028930664,image,,,,,,15,,,,2.164309024810791
r15,rain,weather,,,,1534867440449077000,14.442215919494629,19.15382194519043,,,,lidar,33444,13472,2010,458,17504,15,8.475966453552246,9.073945045471191,,
r15,rain,weather,,,,1534867440498878000,14.460634231567383,19.050010681152344,,,,lidar,33451,13506,1946,455,17544,15,8.456443786621094,9.109138488769531,,
r15,rain,weather,1.883381962776184,900,1600,1534867440512404000,,,226862,100.3125991821289,60.20213317871094,image,,,,,,15,,,,2.1510262489318848
r15,rain,weather,,,,1534867440549191000,14.514824867248535,19.15717315673828,,,,lidar,33438,13559,1919,443,17517,15,8.429194450378418,9.025588035583496,,
r15,rain,weather,,,,1534867440598931000,14.483683586120605,18.915010452270508,,,,lidar,33479,13558,1935,438,17548,15,8.46426010131836,9.038460731506348,,
r15,rain,weather,1.855700135231018,900,1600,1534867440612404000,,,225628,100.14740753173828,60.23876953125,image,,,,,,15,,,,2.142646074295044
r15,rain,weather,,,,1534867440648695000,14.440607070922852,18.951581954956055,,,,lidar,33434,13548,1911,442,17533,15,8.478775978088379,9.08919906616211,,
r15,rain,weather,1.8701751232147217,900,1600,1534867440662404000,,,225833,100.32048797607422,60.272491455078125,image,,,,,,15,,,,2.1468262672424316
r15,rain,weather,,,,1534867440699022000,14.409255981445312,18.799692153930664,,,,lidar,33446,13555,1885,439,17567,15,8.462090492248535,8.999987602233887,,
r15,rain,weather,,,,1534867440748781000,14.343873977661133,18.80199432373047,,,,lidar,33449,13623,1822,435,17569,15,8.425661087036133,8.97651481628418,,
r15,rain,weather,1.8503460884094238,900,1600,1534867440762404000,,,225040,100.13339233398438,59.96186828613281,image,,,,,,15,,,,2.138077735900879
r15,rain,weather,,,,1534867440798551000,14.455538749694824,18.891986846923828,,,,lidar,33389,13603,1745,469,17572,15,8.439671516418457,9.021675109863281,,
r15,rain,weather,,,,1534867440848893000,14.530128479003906,19.020435333251953,,,,lidar,33402,13695,1715,454,17538,15,8.380446434020996,8.892485618591309,,
r15,rain,weather,,,,1534867440898654000,14.535255432128906,19.10107421875,,,,lidar,33371,13693,1684,475,17519,15,8.379679679870605,8.863947868347168,,
r15,rain,weather,1.8623660802841187,900,1600,1534867440862404000,,,226846,100.23577880859375,60.346580505371094,image,,,,,,15,,,,2.1689510345458984
r15,rain,weather,1.8542414903640747,900,1600,1534867440912404000,,,226009,100.7122573852539,60.07607650756836,image,,,,,,15,,,,2.1595418453216553
r15,rain,weather,,,,1534867440948950000,14.532001495361328,19.165246963500977,,,,lidar,33409,13717,1688,503,17501,15,8.409586906433105,8.979413986206055,,
r15,rain,weather,,,,1534867440998734000,14.535323143005371,18.94779396057129,,,,lidar,33367,13722,1650,513,17482,15,8.39089298248291,8.943768501281738,,
r15,rain,weather,1.846273422241211,900,1600,1534867441012404000,,,225319,100.34028625488281,60.08598327636719,image,,,,,,15,,,,2.177624464035034
r15,rain,weather,,,,1534867441048488000,14.466591835021973,18.82728385925293,,,,lidar,33370,13718,1661,510,17481,15,8.397393226623535,8.966652870178223,,
r15,rain,weather,,,,1534867441098820000,14.604255676269531,19.30805206298828,,,,lidar,33409,13830,1692,483,17404,15,8.348943710327148,8.896810531616211,,
r15,rain,weather,1.8356056213378906,900,1600,1534867441112410000,,,225455,100.84336853027344,60.30845260620117,image,,,,,,15,,,,2.186277151107788
r15,rain,weather,,,,1534867441148588000,14.611832618713379,19.09825897216797,,,,lidar,33410,13859,1707,501,17343,15,8.35200023651123,8.984105110168457,,
r15,rain,weather,1.8298102617263794,900,1600,1534867441162404000,,,225301,100.66850280761719,60.09812545776367,image,,,,,,15,,,,2.17899751663208
r15,rain,weather,,,,1534867441198344000,14.664875030517578,19.25838851928711,,,,lidar,33411,13892,1672,501,17346,15,8.315962791442871,8.91067123413086,,
r15,rain,weather,,,,1534867441248674000,14.668816566467285,19.217647552490234,,,,lidar,33356,13887,1677,490,17302,15,8.301107406616211,8.930164337158203,,
r15,rain,weather,1.8273851871490479,900,1600,1534867441262406000,,,224715,100.83390045166016,59.71875762939453,image,,,,,,15,,,,2.1849095821380615
r15,rain,weather,,,,1534867441298498000,14.755595207214355,19.46417236328125,,,,lidar,33395,13966,1663,503,17263,15,8.290989875793457,8.956104278564453,,
r15,rain,weather,,,,1534867441348214000,14.743555068969727,19.518770217895508,,,,lidar,33306,13973,1604,524,17205,15,8.277178764343262,8.997257232666016,,
r15,rain,weather,,,,1534867441398516000,14.822213172912598,19.648775100708008,,,,lidar,33318,14040,1633,518,17127,15,8.261603355407715,8.99764347076416,,
r15,rain,weather,1.8246876001358032,900,1600,1534867441362404000,,,226049,100.97740173339844,59.59886169433594,image,,,,,,15,,,,2.2040092945098877
r15,rain,weather,1.8028697967529297,900,1600,1534867441412404000,,,224469,100.64818572998047,59.392311096191406,image,,,,,,15,,,,2.206860303878784
r15,rain,weather,,,,1534867441448283000,14.911643981933594,19.900869369506836,,,,lidar,33274,14045,1677,521,17031,15,8.281320571899414,9.020265579223633,,
r15,rain,weather,,,,1534867441498636000,14.97907829284668,19.880491256713867,,,,lidar,33204,14021,1670,540,16973,15,8.300076484680176,9.106172561645508,,
r15,rain,weather,1.781480073928833,900,1600,1534867441512404000,,,222735,101.19886779785156,59.21421432495117,image,,,,,,15,,,,2.207887887954712
r15,rain,weather,,,,1534867441548370000,14.918662071228027,19.77623748779297,,,,lidar,33242,14031,1651,526,17034,15,8.27641773223877,9.036555290222168,,
r15,rain,weather,,,,1534867441598151000,14.7479248046875,19.319656372070312,,,,lidar,33249,14074,1653,504,17018,15,8.239842414855957,8.960803031921387,,
r15,rain,weather,1.7845007181167603,900,1600,1534867441612404000,,,223674,101.24513244628906,58.898773193359375,image,,,,,,15,,,,2.2171900272369385
r15,rain,weather,,,,1534867441648627000,14.800191879272461,19.48486328125,,,,lidar,33194,14108,1626,515,16945,15,8.23105525970459,9.008391380310059,,
r15,rain,weather,1.8046681880950928,900,1600,1534867441662404000,,,224552,101.44432067871094,58.971290588378906,image,,,,,,15,,,,2.2388925552368164
r15,rain,weather,,,,1534867441698269000,14.798908233642578,19.39192008972168,,,,lidar,33236,14204,1610,509,16913,15,8.179731369018555,8.940494537353516,,
r15,rain,weather,,,,1534867441747982000,14.917862892150879,19.642032623291016,,,,lidar,33225,14239,1586,536,16864,15,8.17979621887207,8.992744445800781,,
r15,rain,weather,1.8107706308364868,900,1600,1534867441762404000,,,225022,101.3588638305664,58.678184509277344,image,,,,,,15,,,,2.2419910430908203
r15,rain,weather,,,,1534867441798300000,14.995904922485352,19.817276000976562,,,,lidar,33247,14265,1579,541,16862,15,8.167359352111816,8.966877937316895,,
r15,rain,weather,,,,1534867441848070000,15.138904571533203,20.125089645385742,,,,lidar,33205,14332,1543,553,16777,15,8.126470565795898,8.954916000366211,,
r15,rain,weather,,,,1534867441898462000,15.097097396850586,19.91571617126465,,,,lidar,33241,14357,1557,587,16740,15,8.1587553024292,9.071104049682617,,
r15,rain,weather,1.8149343729019165,900,1600,1534867441862404000,,,225327,101.6591567993164,58.643497467041016,image,,,,,,15,,,,2.247222661972046
r15,rain,weather,1.795688271522522,900,1600,1534867441912404000,,,224213,101.8045425415039,58.476375579833984,image,,,,,,15,,,,2.2447991371154785
r15,rain,weather,,,,1534867441948169000,15.202024459838867,20.21749496459961,,,,lidar,33279,14397,1599,592,16691,15,8.168251991271973,9.076388359069824,,
r15,rain,weather,,,,1534867441997956000,15.232121467590332,20.328947067260742,,,,lidar,33244,14375,1595,605,16669,15,8.187952041625977,9.141033172607422,,
r15,rain,weather,1.797365665435791,900,1600,1534867442012404000,,,225499,101.19583129882812,58.380393981933594,image,,,,,,15,,,,2.250371217727661
r15,rain,weather,,,,1534867442047686000,15.298375129699707,20.428316116333008,,,,lidar,33256,14509,1579,594,16574,15,8.137632369995117,9.104310989379883,,
r15,rain,weather,,,,1534867442098062000,15.284324645996094,20.278759002685547,,,,lidar,33259,14632,1627,607,16393,15,8.126542091369629,9.135040283203125,,
r15,rain,weather,1.8013606071472168,900,1600,1534867442112726000,,,224619,101.45804595947266,58.31089401245117,image,,,,,,15,,,,2.2499687671661377
r15,rain,weather,,,,1534867442147767000,15.188279151916504,20.220460891723633,,,,lidar,33298,14677,1694,575,16352,15,8.122831344604492,9.05941104888916,,
r15,rain,weather,1.803529977798462,900,1600,1534867442162404000,,,225061,101.40059661865234,58.43931198120117,image,,,,,,15,,,,2.264247179031372
r15,rain,weather,,,,1534867442197540000,15.198856353759766,20.30726432800293,,,,lidar,33254,14852,1663,566,16173,15,8.045401573181152,8.993699073791504,,
r15,rain,weather,,,,1534867442247929000,15.324193954467773,20.55714225769043,,,,lidar,33227,14874,1652,596,16105,15,8.09555435180664,9.150956153869629,,
r15,rain,weather,1.7664047479629517,900,1600,1534867442262404000,,,223082,101.81554412841797,58.423736572265625,image,,,,,,15,,,,2.2507383823394775
r15,rain,weather,,,,1534867442297645000,15.334135055541992,20.47490692138672,,,,lidar,33226,14929,1671,589,16037,15,8.064858436584473,9.065640449523926,,
r15,rain,weather,,,,1534867442348677000,15.295870780944824,20.264205932617188,,,,lidar,33182,15074,1652,589,15867,15,8.022940635681152,9.068010330200195,,
r15,rain,weather,1.769027829170227,900,1600,1534867442362404000,,,224148,101.84906768798828,58.52375411987305,image,,,,,,15,,,,2.2542624473571777
r15,rain,weather,,,,1534867442397714000,15.236287117004395,20.23248291015625,,,,lidar,33232,15162,1687,589,15794,15,8.034343719482422,9.095555305480957,,
r15,rain,weather,,,,1534867442447483000,15.262334823608398,20.29325294494629,,,,lidar,33234,15189,1667,603,15775,15,8.049205780029297,9.186790466308594,,
r15,rain,weather,1.7649099826812744,900,1600,1534867442412404000,,,223580,101.39810180664062,58.300846099853516,image,,,,,,15,,,,2.2514474391937256
r15,rain,weather,,,,1534867442497867000,15.183406829833984,20.16741180419922,,,,lidar,33173,15230,1636,587,15720,15,7.996222496032715,9.047274589538574,,
r15,rain,weather,1.7687429189682007,900,1600,1534867442512404000,,,223715,101.5423583984375,58.26564407348633,image,,,,,,15,,,,2.2567923069000244
r15,rain,weather,,,,1534867442547583000,15.220438957214355,20.357833862304688,,,,lidar,33175,15292,1652,594,15637,15,8.005250930786133,9.110116004943848,,
r15,rain,weather,,,,1534867442597876000,15.174544334411621,20.084407806396484,,,,lidar,33155,15245,1636,633,15641,15,8.065937995910645,9.212606430053711,,
r15,rain,weather,1.7729017734527588,900,1600,1534867442612404000,,,224326,101.28564453125,58.26286697387695,image,,,,,,15,,,,2.2771921157836914
r15,rain,weather,,,,1534867442647660000,15.296889305114746,20.316797256469727,,,,lidar,33115,15295,1636,607,15577,15,8.017465591430664,9.148460388183594,,
r15,rain,weather,1.7777951955795288,900,1600,1534867442662404000,,,224608,101.08917999267578,58.349517822265625,image,,,,,,15,,,,2.282832384109497
r15,rain,weather,,,,1534867442697447000,15.325117111206055,20.44633674621582,,,,lidar,33138,15370,1603,618,15547,15,8.002532005310059,9.167440414428711,,
r15,rain,weather,,,,1534867442747761000,15.369391441345215,20.461790084838867,,,,lidar,33149,15418,1582,614,15535,15,7.986154556274414,9.159088134765625,,
r15,rain,weather,1.7820172309875488,900,1600,1534867442762404000,,,224750,100.8458480834961,58.32968521118164,image,,,,,,15,,,,2.2837979793548584
r15,rain,weather,,,,1534867442797564000,15.333407402038574,20.54425811767578,,,,lidar,33157,15479,1571,617,15490,15,7.971127033233643,9.121145248413086,,
r15,rain,weather,,,,1534867442847842000,15.355931282043457,20.622270584106445,,,,lidar,33174,15542,1553,622,15457,15,7.963778018951416,9.176397323608398,,
r15,rain,weather,1.8142026662826538,900,1600,1534867442862404000,,,227042,101.35259246826172,58.413246154785156,image,,,,,,15,,,,2.292501449584961
r15,rain,weather,,,,1534867442897618000,15.210442543029785,20.54390525817871,,,,lidar,33113,15593,1526,592,15402,15,7.8739166259765625,8.985116958618164,,
r15,rain,weather,,,,1534867442947903000,15.357841491699219,20.87247085571289,,,,lidar,33111,15644,1520,594,15353,15,7.881494522094727,9.079599380493164,,
r15,rain,weather,1.8238030672073364,900,1600,1534867442912404000,,,227334,101.2324447631836,58.452144622802734,image,,,,,,15,,,,2.296065092086792
r15,rain,weather,,,,1534867442997694000,15.269865036010742,20.72675895690918,,,,lidar,33148,15716,1492,590,15350,15,7.8325629234313965,9.011589050292969,,
r15,rain,weather,,,,1534867443047995000,15.251813888549805,20.728967666625977,,,,lidar,33135,15780,1489,588,15278,15,7.801913261413574,9.01107406616211,,
r15,rain,weather,,,,1534867443097829000,15.190970420837402,20.5960750579834,,,,lidar,33097,15792,1491,605,15209,15,7.819258213043213,9.06362533569336,,
r15,rain,weather,1.8331526517868042,900,1600,1534867443112404000,,,228296,101.37882995605469,58.46031188964844,image,,,,,,15,,,,2.3079776763916016
r15,rain,weather,,,,1534867443147528000,15.067845344543457,20.392913818359375,,,,lidar,33104,15801,1523,605,15175,15,7.830200672149658,9.113288879394531,,
r15,rain,weather,1.830469012260437,900,1600,1534867443162404000,,,228199,101.18241882324219,58.4945068359375,image,,,,,,15,,,,2.3130276203155518
r15,rain,weather,,,,1534867443197863000,15.100688934326172,20.415781021118164,,,,lidar,33072,15829,1519,632,15092,15,7.8483662605285645,9.164793014526367,,
r15,rain,weather,,,,1534867443247608000,15.168763160705566,20.567150115966797,,,,lidar,33026,15822,1543,602,15059,15,7.811237335205078,9.05612564086914,,
r15,rain,weather,1.8268431425094604,900,1600,1534867443262404000,,,227841,101.34516906738281,58.46110534667969,image,,,,,,15,,,,2.305983066558838
r15,rain,weather,,,,1534867443297939000,15.19942569732666,20.56792449951172,,,,lidar,33036,15885,1537,622,14992,15,7.8060102462768555,9.144071578979492,,
r15,rain,weather,,,,1534867443347701000,15.058135986328125,20.40253257751465,,,,lidar,33058,15901,1567,628,14962,15,7.834704875946045,9.195844650268555,,
r15,rain,weather,1.819854736328125,900,1600,1534867443362404000,,,226752,101.48604583740234,58.42441940307617,image,,,,,,15,,,,2.3000152111053467
r15,rain,weather,,,,1534867443397468000,14.93418025970459,20.136795043945312,,,,lidar,33043,15913,1547,648,14935,15,7.842973232269287,9.259764671325684,,
r15,rain,weather,,,,1534867443447793000,14.875085830688477,20.099687576293945,,,,lidar,33110,15960,1605,606,14939,15,7.798901557922363,9.093632698059082,,
r15,rain,weather,1.8317115306854248,900,1600,1534867443412404000,,,227514,101.45249938964844,58.30963897705078,image,,,,,,15,,,,2.3112952709198
r15,rain,weather,,,,1534867443497572000,14.90428638458252,20.237945556640625,,,,lidar,33096,16001,1547,637,14911,15,7.80151891708374,9.177781105041504,,
r15,rain,weather,1.807483196258545,900,1600,1534867443512404000,,,225775,101.80958557128906,58.22456359863281,image,,,,,,15,,,,2.2993569374084473
r15,rain,weather,,,,1534867443547324000,14.791675567626953,20.101062774658203,,,,lidar,33078,16014,1577,640,14847,15,7.823248386383057,9.228971481323242,,
r15,rain,weather,,,,1534867443597672000,14.80185604095459,20.120506286621094,,,,lidar,33112,16080,1594,619,14819,15,7.784510612487793,9.150595664978027,,
r15,rain,weather,1.8371371030807495,900,1600,1534867443612404000,,,228511,101.24313354492188,58.71876525878906,image,,,,,,15,,,,2.3159031867980957
r15,rain,weather,,,,1534867443647400000,14.89316177368164,20.478958129882812,,,,lidar,33100,16114,1569,622,14795,15,7.765178203582764,9.182385444641113,,
r15,rain,weather,1.8111472129821777,900,1600,1534867443662404000,,,226113,101.679931640625,58.44335174560547,image,,,,,,15,,,,2.303598403930664
r15,rain,weather,,,,1534867443697742000,14.824516296386719,20.378145217895508,,,,lidar,33132,16119,1584,615,14814,15,7.7604079246521,9.09810733795166,,
r15,rain,weather,,,,1534867443747485000,14.860421180725098,20.521825790405273,,,,lidar,33099,16137,1609,629,14724,15,7.779005527496338,9.226359367370605,,
r15,rain,weather,1.822190284729004,900,1600,1534867443762404000,,,226889,102.24439239501953,58.13249969482422,image,,,,,,15,,,,2.2985658645629883
r15,rain,weather,,,,1534867443797279000,14.800859451293945,20.30006217956543,,,,lidar,33150,16142,1618,633,14757,15,7.7901530265808105,9.230772018432617,,
r15,rain,weather,,,,1534867443847571000,14.788625717163086,20.24703025817871,,,,lidar,33151,16243,1588,610,14710,15,7.7109375,9.109822273254395,,
r15,rain,weather,1.8255680799484253,900,1600,1534867443862404000,,,227409,101.70553588867188,58.056297302246094,image,,,,,,15,,,,2.303760528564453
r15,rain,weather,,,,1534867443897376000,14.834770202636719,20.400693893432617,,,,lidar,33133,16211,1592,620,14710,15,7.7266926765441895,9.156487464904785,,
r15,rain,weather,,,,1534867443947127000,14.786111831665039,20.19960594177246,,,,lidar,33135,16206,1572,643,14714,15,7.7535247802734375,9.237303733825684,,
r15,rain,weather,1.833611249923706,900,1600,1534867443912404000,,,227923,101.58122253417969,58.2209587097168,image,,,,,,15,,,,2.298698663711548
r15,rain,weather,,,,1534867443997478000,14.712608337402344,20.266389846801758,,,,lidar,33174,16315,1621,596,14642,15,7.690841197967529,9.120508193969727,,
r15,rain,weather,1.8292932510375977,900,1600,1534867444012404000,,,226886,101.78724670410156,58.099185943603516,image,,,,,,15,,,,2.300839900970459
r15,rain,weather,,,,1534867444047199000,14.77131462097168,20.25469398498535,,,,lidar,33130,16271,1582,626,14651,15,7.715631484985352,9.180390357971191,,
r15,rain,weather,,,,1534867444097519000,14.670098304748535,20.107723236083984,,,,lidar,33164,16275,1619,614,14656,15,7.707977771759033,9.11733341217041,,
r15,rain,weather,1.8383204936981201,900,1600,1534867444112404000,,,228325,101.8764877319336,58.21357727050781,image,,,,,,15,,,,2.3149771690368652
r15,rain,weather,,,,1534867444147295000,14.572761535644531,19.974956512451172,,,,lidar,33157,16286,1607,619,14645,15,7.709114074707031,9.159334182739258,,
r15,rain,weather,1.8188520669937134,900,1600,1534867444162404000,,,226520,101.91419982910156,58.1838493347168,image,,,,,,15,,,,2.306805372238159
r15,rain,weather,,,,1534867444198036000,14.599154472351074,20.001516342163086,,,,lidar,33183,16274,1592,632,14685,15,7.716856002807617,9.184983253479004,,
r15,rain,weather,,,,1534867444247372000,14.59937572479248,19.997543334960938,,,,lidar,33138,16332,1563,625,14618,15,7.677916049957275,9.201727867126465,,
r15,rain,weather,1.8210207223892212,900,1600,1534867444262404000,,,226893,102.15196990966797,58.12226486206055,image,,,,,,15,,,,2.308659553527832
r15,rain,weather,,,,1534867444297132000,14.549912452697754,19.85408592224121,,,,lidar,33138,16330,1570,620,14618,15,7.66846227645874,9.117133140563965,,
r15,rain,weather,,,,1534867444347449000,14.634875297546387,19.908733367919922,,,,lidar,33120,16274,1581,635,14630,15,7.7151031494140625,9.218643188476562,,
r15,rain,weather,1.8339149951934814,900,1600,1534867444362404000,,,227963,101.641357421875,58.15117263793945,image,,,,,,15,,,,2.311094284057617
r15,rain,weather,,,,1534867444397270000,14.518977165222168,19.657482147216797,,,,lidar,33120,16288,1583,623,14626,15,7.695872783660889,9.187432289123535,,
r15,rain,weather,,,,1534867444447580000,14.508318901062012,19.65746307373047,,,,lidar,33113,16297,1573,605,14638,15,7.667876720428467,9.130739212036133,,
r15,rain,weather,1.8416469097137451,900,1600,1534867444412404000,,,229174,101.52100372314453,58.19480895996094,image,,,,,,15,,,,2.331218719482422
r15,rain,weather,,,,1534867444497330000,14.482151985168457,19.602813720703125,,,,lidar,33065,16214,1573,614,14664,15,7.69114875793457,9.146868705749512,,
r15,rain,weather,1.831732988357544,900,1600,1534867444512404000,,,228251,101.56755828857422,58.158363342285156,image,,,,,,15,,,,2.3311004638671875
r15,rain,weather,,,,1534867444547070000,14.541509628295898,19.74184226989746,,,,lidar,33092,16253,1582,600,14657,15,7.6818318367004395,9.122504234313965,,
r15,rain,weather,,,,1534867444597408000,14.629314422607422,19.91036605834961,,,,lidar,33051,16249,1579,607,14616,15,7.675626277923584,9.132808685302734,,
r15,rain,weather,1.8340567350387573,900,1600,1534867444612404000,,,229078,101.60659790039062,58.23211669921875,image,,,,,,15,,,,2.3572628498077393
r15,rain,weather,,,,1534867444647162000,14.559520721435547,19.69162368774414,,,,lidar,33055,16175,1608,606,14666,15,7.71729040145874,9.13720417022705,,
r15,rain,weather,1.8336716890335083,900,1600,1534867444662404000,,,229067,101.43509674072266,58.404937744140625,image,,,,,,15,,,,2.3562533855438232
r15,rain,weather,,,,1534867444696959000,14.667475700378418,20.01657485961914,,,,lidar,33083,16304,1559,598,14622,15,7.627582550048828,9.035714149475098,,
r15,rain,weather,,,,1534867444747268000,14.745890617370605,20.12382698059082,,,,lidar,33073,16247,1585,607,14634,15,7.669932842254639,9.123491287231445,,
r15,rain,weather,1.852489709854126,900,1600,1534867444762404000,,,229766,101.47428131103516,58.47074890136719,image,,,,,,15,,,,2.363029718399048
r15,rain,weather,,,,1534867444797028000,14.788922309875488,20.02811622619629,,,,lidar,33117,16255,1592,596,14674,15,7.6701226234436035,9.106084823608398,,
r15,rain,weather,,,,1534867444847332000,14.72638988494873,19.84722900390625,,,,lidar,33000,16206,1597,588,14609,15,7.659066677093506,9.066483497619629,,
r15,rain,weather,1.841715693473816,900,1600,1534867444862404000,,,229060,101.39399719238281,58.44280242919922,image,,,,,,15,,,,2.3604025840759277
r15,rain,weather,,,,1534867444897099000,14.736180305480957,19.789901733398438,,,,lidar,33071,16242,1620,594,14615,15,7.671350002288818,9.103378295898438,,
r15,rain,weather,,,,1534867444947433000,14.79614543914795,19.798696517944336,,,,lidar,33121,16290,1615,595,14621,15,7.6568732261657715,9.072832107543945,,
r15,rain,weather,1.8255410194396973,900,1600,1534867444912405000,,,229039,101.40579986572266,58.48594284057617,image,,,,,,15,,,,2.366055965423584
r15,rain,weather,,,,1534867444997186000,14.792943000793457,19.774005889892578,,,,lidar,33123,16310,1583,597,14633,15,7.653887748718262,9.129429817199707,,
r15,rain,weather,1.8387645483016968,900,1600,1534867445012404000,,,229521,101.7111587524414,58.583168029785156,image,,,,,,15,,,,2.3673582077026367
r15,rain,weather,,,,1534867445047520000,14.813610076904297,19.795351028442383,,,,lidar,33135,16300,1575,602,14658,15,7.652450084686279,9.121956825256348,,
r15,rain,weather,,,,1534867445097266000,14.899827003479004,20.031505584716797,,,,lidar,33136,16292,1588,606,14650,15,7.6802802085876465,9.195801734924316,,
r15,rain,weather,1.8522708415985107,900,1600,1534867445112404000,,,230117,101.7743148803711,58.77808380126953,image,,,,,,15,,,,2.3679707050323486
r15,rain,weather,,,,1534867445147595000,14.872760772705078,19.883867263793945,,,,lidar,33159,16265,1580,614,14700,15,7.680009365081787,9.135727882385254,,
r15,rain,weather,1.8410221338272095,900,1600,1534867445162404000,,,229167,101.35515594482422,58.60536575317383,image,,,,,,15,,,,2.361067771911621
r15,rain,weather,,,,1534867445197943000,14.956879615783691,20.019636154174805,,,,lidar,33142,16268,1555,615,14704,15,7.674022674560547,9.15666675567627,,
r15,rain,weather,,,,1534867445247706000,14.963872909545898,19.997425079345703,,,,lidar,33122,16255,1605,625,14637,15,7.708285808563232,9.238370895385742,,
r15,rain,weather,1.8507442474365234,900,1600,1534867445262404000,,,229955,101.25004577636719,58.77007293701172,image,,,,,,15,,,,2.3717923164367676
r15,rain,weather,,,,1534867445298022000,14.964313507080078,20.001733779907227,,,,lidar,33115,16317,1561,611,14626,15,7.647636413574219,9.126193046569824,,
r15,rain,weather,,,,1534867445347757000,14.910659790039062,19.966312408447266,,,,lidar,33139,16335,1569,589,14646,15,7.621306419372559,9.061457633972168,,
r15,rain,weather,,,,1534867445398100000,14.925341606140137,20.04216194152832,,,,lidar,33089,16310,1562,594,14623,15,7.623298168182373,9.045408248901367,,
r15,rain,weather,1.846801519393921,900,1600,1534867445362404000,,,229151,101.23822021484375,58.678016662597656,image,,,,,,15,,,,2.3630290031433105
r15,rain,weather,,,,1534867445447852000,15.02269172668457,20.177499771118164,,,,lidar,33114,16334,1570,591,14619,15,7.6210036277771,9.073792457580566,,
r15,rain,weather,,,,1534867445498217000,15.07840633392334,20.258302688598633,,,,lidar,33139,16291,1568,620,14660,15,7.676151752471924,9.155172348022461,,
r15,rain,weather,1.835822343826294,900,1600,1534867445512404000,,,229259,101.16079711914062,58.85863494873047,image,,,,,,15,,,,2.380990743637085
r15,rain,weather,,,,1534867445547947000,15.11811351776123,20.323087692260742,,,,lidar,33086,16312,1573,598,14603,15,7.63101863861084,9.069336891174316,,
r15,rain,weather,,,,1534867445597727000,15.223926544189453,20.53550910949707,,,,lidar,33124,16379,1563,621,14561,15,7.653025150299072,9.1849365234375,,
r15,rain,weather,1.8468765020370483,900,1600,1534867445612404000,,,229762,101.14474487304688,58.91376495361328,image,,,,,,15,,,,2.3804900646209717
r15,rain,weather,,,,1534867445648244000,15.302732467651367,20.646711349487305,,,,lidar,33038,16331,1567,601,14539,15,7.633513927459717,9.107351303100586,,
r15,rain,weather,1.8529101610183716,900,1600,1534867445662404000,,,230246,100.94355773925781,59.028568267822266,image,,,,,,15,,,,2.379032850265503
r15,rain,weather,,,,1534867445697790000,15.170053482055664,20.30633544921875,,,,lidar,33053,16313,1577,589,14574,15,7.623992443084717,9.044938087463379,,
r15,rain,weather,,,,1534867445748133000,15.309643745422363,20.431745529174805,,,,lidar,33119,16389,1569,610,14551,15,7.651439666748047,9.175448417663574,,
r15,rain,weather,1.8339899778366089,900,1600,1534867445762404000,,,229035,100.94154357910156,58.988983154296875,image,,,,,,15,,,,2.3849785327911377
r15,rain,weather,,,,1534867445797874000,15.376395225524902,20.554302215576172,,,,lidar,33087,16398,1565,591,14533,15,7.6193060874938965,9.099493026733398,,
r15,rain,weather,,,,1534867445848195000,15.484272003173828,20.725868225097656,,,,lidar,33044,16406,1576,598,14464,15,7.622883319854736,9.118524551391602,,
r15,rain,weather,,,,1534867445897959000,15.424154281616211,20.592296600341797,,,,lidar,33062,16410,1570,580,14502,15,7.598875999450684,9.050962448120117,,
r15,rain,weather,1.8280036449432373,900,1600,1534867445862404000,,,228439,101.01840209960938,58.9573860168457,image,,,,,,15,,,,2.377427816390991
r15,rain,weather,1.8443750143051147,900,1600,1534867445913480000,,,230310,100.83589935302734,59.03190994262695,image,,,,,,15,,,,2.3760018348693848
r15,rain,weather,,,,1534867445948276000,15.490238189697266,20.62389373779297,,,,lidar,33092,16379,1561,605,14547,15,7.635845184326172,9.111048698425293,,
r15,rain,weather,,,,1534867445998033000,15.531161308288574,20.710201263427734,,,,lidar,33107,16475,1550,603,14479,15,7.609626770019531,9.12482738494873,,
r15,rain,weather,1.8293828964233398,900,1600,1534867446012404000,,,228544,101.00250244140625,59.02634811401367,image,,,,,,15,,,,2.375654935836792
r15,rain,weather,,,,1534867446048388000,15.587267875671387,20.711044311523438,,,,lidar,33122,16454,1563,605,14500,15,7.6222639083862305,9.129823684692383,,
r15,rain,weather,,,,1534867446098139000,15.610126495361328,20.819307327270508,,,,lidar,33141,16505,1598,577,14461,15,7.594350814819336,9.073525428771973,,
r15,rain,weather,1.8297088146209717,900,1600,1534867446112404000,,,228743,100.83695220947266,59.069969177246094,image,,,,,,15,,,,2.372236490249634
r15,rain,weather,,,,1534867446148460000,15.709382057189941,20.998943328857422,,,,lidar,33160,16568,1564,598,14430,15,7.585963249206543,9.11243724822998,,
r15,rain,weather,1.83810293674469,900,1600,1534867446162404000,,,229704,100.64644622802734,59.25592803955078,image,,,,,,15,,,,2.383040189743042
r15,rain,weather,,,,1534867446198255000,15.769831657409668,21.036930084228516,,,,lidar,33133,16514,1576,603,14440,15,7.623564720153809,9.1644926071167,,
r15,rain,weather,,,,1534867446248542000,15.78233528137207,20.976869583129883,,,,lidar,33140,16535,1560,618,14427,15,7.606391906738281,9.155150413513184,,
r15,rain,weather,1.824722409248352,900,1600,1534867446262404000,,,228373,100.94403076171875,59.067317962646484,image,,,,,,15,,,,2.370314836502075
r15,rain,weather,,,,1534867446298332000,15.659117698669434,20.79732322692871,,,,lidar,33159,16547,1568,580,14464,15,7.569863319396973,9.017394065856934,,
r15,rain,weather,,,,1534867446348622000,15.805737495422363,20.962072372436523,,,,lidar,33077,16553,1560,588,14376,15,7.571675777435303,9.087355613708496,,
r15,rain,weather,1.8078160285949707,900,1600,1534867446362404000,,,227880,100.94996643066406,59.07680130004883,image,,,,,,15,,,,2.359302043914795
r15,rain,weather,,,,1534867446398402000,15.828807830810547,20.89241600036621,,,,lidar,33104,16515,1588,612,14389,15,7.6280012130737305,9.20417308807373,,
r15,rain,weather,,,,1534867446448725000,15.901114463806152,20.940122604370117,,,,lidar,33131,16588,1549,617,14377,15,7.604287624359131,9.18593978881836,,
r15,rain,weather,,,,1534867446498488000,15.966899871826172,20.959115982055664,,,,lidar,33053,16552,1583,609,14309,15,7.608283042907715,9.17277717590332,,
r15,rain,weather,1.8190869092941284,900,1600,1534867446512404000,,,228476,101.00466918945312,59.059715270996094,image,,,,,,15,,,,2.3687236309051514
r15,rain,weather,,,,1534867446548787000,15.913919448852539,20.75539779663086,,,,lidar,33081,16586,1571,602,14322,15,7.596291542053223,9.174201011657715,,
r15,rain,weather,,,,1534867446598957000,16.126115798950195,21.04600715637207,,,,lidar,33056,16584,1579,612,14281,15,7.606142044067383,9.22435188293457,,
r15,rain,weather,1.8232464790344238,900,1600,1534867446612404000,,,228309,100.97238159179688,59.03767776489258,image,,,,,,15,,,,2.3708856105804443
r15,rain,weather,,,,1534867446648313000,16.17650032043457,21.19059944152832,,,,lidar,33056,16630,1550,592,14284,15,7.546553611755371,9.147111892700195,,
r15,rain,weather,1.843732237815857,900,1600,1534867446662404000,,,229913,100.8283920288086,59.0914192199707,image,,,,,,15,,,,2.381197214126587
r15,rain,weather,,,,1534867446698662000,16.21072769165039,21.147157669067383,,,,lidar,33031,16566,1570,611,14284,15,7.581593036651611,9.162044525146484,,
r15,rain,weather,,,,1534867446748415000,16.324941635131836,21.242015838623047,,,,lidar,33101,16626,1566,613,14296,15,7.582449913024902,9.188887596130371,,
r15,rain,weather,1.8169217109680176,900,1600,1534867446762404000,,,227799,100.98904418945312,58.897945404052734,image,,,,,,15,,,,2.3592708110809326
r15,rain,weather,,,,1534867446798721000,16.435335159301758,21.34703254699707,,,,lidar,33076,16637,1600,604,14235,15,7.582555770874023,9.22877025604248,,
r15,rain,weather,,,,1534867446848594000,16.500125885009766,21.437416076660156,,,,lidar,33122,16672,1579,628,14243,15,7.593136310577393,9.267855644226074,,
r15,rain,weather,,,,1534867446898817000,16.58464241027832,21.50872802734375,,,,lidar,33129,16704,1582,606,14237,15,7.552241325378418,9.163264274597168,,
r15,rain,weather,1.8242547512054443,900,1600,1534867446862404000,,,229056,101.14350891113281,58.79680633544922,image,,,,,,15,,,,2.3593909740448
r15,rain,weather,1.8350677490234375,900,1600,1534867446912404000,,,229052,101.04194641113281,58.8553352355957,image,,,,,,15,,,,2.3583223819732666
r15,rain,weather,,,,1534867446948573000,16.57614517211914,21.318449020385742,,,,lidar,33114,16666,1571,621,14256,15,7.585197448730469,9.241531372070312,,
r15,rain,weather,,,,1534867446998928000,16.62190055847168,21.3348445892334,,,,lidar,33147,16671,1574,598,14304,15,7.565655708312988,9.202337265014648,,
r15,rain,weather,1.830383539199829,900,1600,1534867447012404000,,,228863,101.05368041992188,58.74987030029297,image,,,,,,15,,,,2.353624105453491
r15,rain,weather,,,,1534867447048666000,16.664249420166016,21.400712966918945,,,,lidar,33140,16724,1578,627,14211,15,7.571566581726074,9.262550354003906,,
r15,rain,weather,,,,1534867447098978000,16.57248306274414,21.214962005615234,,,,lidar,33145,16737,1564,607,14237,15,7.539394378662109,9.189765930175781,,
r15,rain,weather,1.830092430114746,900,1600,1534867447112404000,,,229277,100.96031188964844,58.906063079833984,image,,,,,,15,,,,2.360752820968628
r15,rain,weather,,,,1534867447149337000,16.6044979095459,21.250986099243164,,,,lidar,33145,16729,1556,605,14255,15,7.5243706703186035,9.180883407592773,,
r15,rain,weather,1.826616644859314,900,1600,1534867447162404000,,,229036,100.68498992919922,58.97401428222656,image,,,,,,15,,,,2.3639988899230957
r15,rain,weather,,,,1534867447199078000,16.631593704223633,21.21159553527832,,,,lidar,33137,16698,1590,607,14242,15,7.555747032165527,9.249788284301758,,
r15,rain,weather,,,,1534867447249400000,16.687408447265625,21.294870376586914,,,,lidar,33153,16718,1589,596,14250,15,7.529162406921387,9.162637710571289,,
r15,rain,weather,,,,1534867447299163000,16.698503494262695,21.16466522216797,,,,lidar,33134,16702,1605,623,14204,15,7.562247276306152,9.263873100280762,,
r15,rain,weather,1.8300986289978027,900,1600,1534867447262404000,,,229241,101.16481018066406,58.69243240356445,image,,,,,,15,,,,2.346019983291626
r15,rain,weather,,,,1534867447349496000,16.769887924194336,21.305217742919922,,,,lidar,33147,16686,1580,619,14262,15,7.568517684936523,9.297004699707031,,
r15,rain,weather,1.822022795677185,900,1600,1534867447362404000,,,228334,101.09556579589844,58.899925231933594,image,,,,,,15,,,,2.350703477859497
r15,rain,weather,,,,1534867447399251000,16.790245056152344,21.348825454711914,,,,lidar,33154,16673,1598,616,14267,15,7.562279224395752,9.253862380981445,,
r15,rain,weather,1.8145424127578735,900,1600,1534867447412404000,,,227763,100.91824340820312,58.96592330932617,image,,,,,,15,,,,2.351624011993408
r15,rain,weather,,,,1534867447499356000,16.818586349487305,21.4735107421875,,,,lidar,32926,16619,1541,601,14165,15,7.48709774017334,9.141112327575684,,
r15,rain,weather,1.8251677751541138,900,1600,1534867447512404000,,,228948,100.92325592041016,58.927459716796875,image,,,,,,15,,,,2.3486499786376953
r15,rain,weather,,,,1534867447549666000,16.923274993896484,21.611291885375977,,,,lidar,33135,16656,1576,621,14282,15,7.54974889755249,9.254629135131836,,
r15,rain,weather,,,,1534867447599434000,16.85254669189453,21.478315353393555,,,,lidar,33121,16658,1585,597,14281,15,7.529627323150635,9.186661720275879,,
r15,rain,weather,1.8175824880599976,900,1600,1534867447612404000,,,228710,100.91665649414062,59.014366149902344,image,,,,,,15,,,,2.3401362895965576
r15,rain,weather,,,,1534867447649202000,16.891660690307617,21.538009643554688,,,,lidar,33116,16670,1579,614,14253,15,7.549938201904297,9.241501808166504,,
r15,rain,weather,1.8190507888793945,900,1600,1534867447662404000,,,227914,100.95150756835938,58.8942756652832,image,,,,,,15,,,,2.3297901153564453
r15,rain,weather,,,,1534867447699509000,16.994741439819336,21.66524314880371,,,,lidar,33117,16713,1561,630,14213,15,7.54447078704834,9.251314163208008,,
r15,rain,weather,,,,1534867447749283000,17.026315689086914,21.66232681274414,,,,lidar,33100,16751,1575,621,14153,15,7.5312275886535645,9.239198684692383,,
r15,rain,weather,,,,1534867447799634000,17.026348114013672,21.670713424682617,,,,lidar,33149,16820,1581,609,14139,15,7.516163349151611,9.227386474609375,,
r15,rain,weather,1.8290417194366455,900,1600,1534867447762404000,,,228534,100.87580871582031,59.02256393432617,image,,,,,,15,,,,2.3408260345458984
r15,rain,weather,,,,1534867447849358000,17.063575744628906,21.716598510742188,,,,lidar,33124,16870,1545,606,14103,15,7.4613776206970215,9.150839805603027,,
r15,rain,weather,1.8209832906723022,900,1600,1534867447862404000,,,227892,100.89208984375,58.9874153137207,image,,,,,,15,,,,2.341296672821045
r15,rain,weather,,,,1534867447899120000,17.139585494995117,21.70803451538086,,,,lidar,33128,16777,1572,618,14161,15,7.543166637420654,9.244037628173828,,
r15,rain,weather,1.799830436706543,900,1600,1534867447912404000,,,227037,100.89179992675781,58.99247360229492,image,,,,,,15,,,,2.3351669311523438
r15,rain,weather,,,,1534867447949457000,17.194631576538086,21.727802276611328,,,,lidar,33076,16794,1575,625,14082,15,7.540289402008057,9.288100242614746,,
r15,rain,weather,,,,1534867447999205000,17.287607192993164,21.881038665771484,,,,lidar,33081,16853,1574,609,14045,15,7.489494323730469,9.157411575317383,,
r15,rain,weather,1.8167701959609985,900,1600,1534867448012404000,,,227861,100.87141418457031,59.040565490722656,image,,,,,,15,,,,2.3308112621307373
r15,rain,weather,,,,1534867448048993000,17.298879623413086,21.834182739257812,,,,lidar,33091,16908,1551,617,14015,15,7.486416816711426,9.22309398651123,,
r15,rain,weather,,,,1534867448099299000,17.254133224487305,21.819490432739258,,,,lidar,33077,16906,1572,608,13991,15,7.485443592071533,9.218267440795898,,
r15,rain,weather,1.8107956647872925,900,1600,1534867448112404000,,,227653,100.8591079711914,59.097129821777344,image,,,,,,15,,,,2.3364522457122803
r15,rain,weather,,,,1534867448149086000,17.294565200805664,21.889507293701172,,,,lidar,33094,16956,1567,603,13968,15,7.4616379737854,9.168338775634766,,
r15,rain,weather,1.8028969764709473,900,1600,1534867448162404000,,,227505,100.7678451538086,59.137691497802734,image,,,,,,15,,,,2.3375132083892822
r15,rain,weather,,,,1534867448198839000,17.306320190429688,21.954984664916992,,,,lidar,33121,16956,1560,597,14008,15,7.461558818817139,9.164976119995117,,
r15,rain,weather,,,,1534867448249153000,17.222755432128906,21.744035720825195,,,,lidar,33108,16930,1563,612,14003,15,7.504429817199707,9.254118919372559,,
r15,rain,weather,,,,1534867448298906000,17.22602081298828,21.662521362304688,,,,lidar,33136,17008,1553,602,13973,15,7.4507904052734375,9.164908409118652,,
r15,rain,weather,1.8294649124145508,900,1600,1534867448262404000,,,228282,100.80451965332031,59.189720153808594,image,,,,,,15,,,,2.3415746688842773
r15,rain,weather,,,,1534867448348687000,17.286455154418945,21.87342643737793,,,,lidar,33126,16960,1575,603,13988,15,7.47982931137085,9.188364028930664,,
r15,rain,weather,1.8289722204208374,900,1600,1534867448362404000,,,228378,100.68724822998047,59.224822998046875,image,,,,,,15,,,,2.33944034576416
r15,rain,weather,,,,1534867448398993000,17.20985221862793,21.732196807861328,,,,lidar,33103,16973,1553,608,13969,15,7.483809471130371,9.239986419677734,,
r15,rain,weather,1.835181713104248,900,1600,1534867448412404000,,,228909,100.51605224609375,59.3480110168457,image,,,,,,15,,,,2.3438355922698975
r15,rain,weather,,,,1534867448448790000,17.183393478393555,21.596220016479492,,,,lidar,33108,16939,1565,599,14005,15,7.481606960296631,9.189464569091797,,
r15,rain,weather,,,,1534867448501017000,17.14661979675293,21.66645050048828,,,,lidar,33149,16998,1553,604,13994,15,7.48172664642334,9.21871280670166,,
r15,rain,weather,1.8435897827148438,900,1600,1534867448512404000,,,229036,100.5713882446289,59.3802490234375,image,,,,,,15,,,,2.337108612060547
r15,rain,weather,,,,1534867448548298000,17.16023826599121,21.61090850830078,,,,lidar,33111,16909,1586,588,14028,15,7.499297142028809,9.167497634887695,,
r15,rain,weather,,,,1534867448598608000,17.244373321533203,21.771162033081055,,,,lidar,33120,17020,1559,592,13949,15,7.461609840393066,9.196788787841797,,
r15,rain,weather,1.825662612915039,900,1600,1534867448612404000,,,228299,100.36376953125,59.47545623779297,image,,,,,,15,,,,2.336030960083008
r15,rain,weather,,,,1534867448648391000,17.248821258544922,21.76901626586914,,,,lidar,33074,16932,1551,598,13993,15,7.485560417175293,9.189773559570312,,
r15,rain,weather,,,,1534867448698154000,17.143251419067383,21.634689331054688,,,,lidar,33144,16990,1565,595,13994,15,7.476476192474365,9.157923698425293,,
r15,rain,weather,1.8218894004821777,900,1600,1534867448662404000,,,228252,100.3380355834961,59.4157829284668,image,,,,,,15,,,,2.329143524169922
r15,rain,weather,,,,1534867448748461000,17.23857307434082,21.88425064086914,,,,lidar,33125,16998,1568,587,13972,15,7.464483261108398,9.152242660522461,,
r15,rain,weather,1.8154298067092896,900,1600,1534867448762404000,,,227961,100.33505249023438,59.36897659301758,image,,,,,,15,,,,2.323255777359009
r15,rain,weather,,,,1534867448798230000,17.153369903564453,21.730052947998047,,,,lidar,33122,16948,1563,601,14010,15,7.5066752433776855,9.227777481079102,,
r15,rain,weather,,,,1534867448848003000,17.174583435058594,21.78154945373535,,,,lidar,33174,16945,1583,596,14050,15,7.511459827423096,9.211756706237793,,
r15,rain,weather,1.818078637123108,900,1600,1534867448862404000,,,227616,100.35858154296875,59.379215240478516,image,,,,,,15,,,,2.3118700981140137
r15,rain,weather,,,,1534867448897778000,17.22553062438965,21.894746780395508,,,,lidar,33103,16962,1557,590,13994,15,7.467806816101074,9.14503288269043,,
r15,rain,weather,1.8162003755569458,900,1600,1534867448912404000,,,227863,99.97733306884766,59.59107208251953,image,,,,,,15,,,,2.3063597679138184
r15,rain,weather,,,,1534867448948104000,17.241825103759766,22.055978775024414,,,,lidar,33108,16953,1575,582,13998,15,7.486457347869873,9.185396194458008,,
r15,rain,weather,,,,1534867448997881000,17.294925689697266,22.089845657348633,,,,lidar,33085,16924,1547,590,14024,15,7.486032485961914,9.189353942871094,,
r15,rain,weather,1.8276867866516113,900,1600,1534867449012404000,,,228942,99.94879913330078,59.73027420043945,image,,,,,,15,,,,2.308065891265869
r15,rain,weather,,,,1534867449047614000,17.249345779418945,21.89251136779785,,,,lidar,33114,16883,1557,597,14077,15,7.513054847717285,9.211054801940918,,
r15,rain,weather,,,,1534867449097411000,17.203319549560547,21.835391998291016,,,,lidar,33109,16929,1555,581,14044,15,7.466426372528076,9.156460762023926,,
r15,rain,weather,1.8428058624267578,900,1600,1534867449112404000,,,229494,99.9896011352539,59.69712829589844,image,,,,,,15,,,,2.3028218746185303
r15,rain,weather,,,,1534867449147711000,17.17332649230957,21.743635177612305,,,,lidar,33128,16920,1573,564,14071,15,7.460506916046143,9.102949142456055,,
r15,rain,weather,,,,1534867449197488000,17.251386642456055,21.890064239501953,,,,lidar,33140,16941,1585,581,14033,15,7.481082916259766,9.15180778503418,,
r15,rain,weather,1.8067466020584106,900,1600,1534867449162404000,,,226027,100.40054321289062,59.24911880493164,image,,,,,,15,,,,2.261615753173828
r15,rain,weather,,,,1534867449247234000,17.196090698242188,21.80756187438965,,,,lidar,33127,16954,1545,557,14071,15,7.419790267944336,9.019433975219727,,
r15,rain,weather,1.7929719686508179,900,1600,1534867449262404000,,,226060,99.7227554321289,59.72135543823242,image,,,,,,15,,,,2.2768728733062744
r15,rain,weather,,,,1534867449297549000,17.252561569213867,21.862380981445312,,,,lidar,33188,16900,1588,584,14116,15,7.515804290771484,9.203174591064453,,
r15,rain,weather,,,,1534867449347330000,17.290714263916016,21.902502059936523,,,,lidar,33160,16866,1587,564,14143,15,7.491703033447266,9.115168571472168,,
r15,rain,weather,1.795136570930481,900,1600,1534867449362404000,,,226379,100.02783203125,60.015567779541016,image,,,,,,15,,,,2.2837276458740234
r15,rain,weather,,,,1534867449397659000,17.244937896728516,21.784351348876953,,,,lidar,33172,16861,1581,571,14159,15,7.4981207847595215,9.11691665649414,,
r15,rain,weather,1.7771239280700684,900,1600,1534867449412404000,,,225400,100.04692077636719,59.914554595947266,image,,,,,,15,,,,2.2742700576782227
r15,rain,weather,,,,1534867449497753000,17.32777214050293,21.88927459716797,,,,lidar,32999,16778,1572,572,14077,15,7.495189189910889,9.132279396057129,,
r15,rain,weather,1.783551573753357,900,1600,1534867449512404000,,,225377,100.05843353271484,59.94279098510742,image,,,,,,15,,,,2.2735865116119385
r15,rain,weather,,,,1534867449548323000,17.28275489807129,21.89275550842285,,,,lidar,33177,16793,1598,584,14202,15,7.544981956481934,9.193593978881836,,
r15,rain,weather,,,,1534867449597829000,17.3156681060791,21.856184005737305,,,,lidar,33195,16797,1590,579,14229,15,7.528639316558838,9.168791770935059,,
r15,rain,weather,1.795814037322998,900,1600,1534867449612404000,,,226486,99.85663604736328,60.00769805908203,image,,,,,,15,,,,2.268813371658325
r15,rain,weather,,,,1534867449647608000,17.304302215576172,21.86445426940918,,,,lidar,33159,16815,1589,556,14199,15,7.477383136749268,9.036567687988281,,
r15,rain,weather,1.7785269021987915,900,1600,1534867449662404000,,,225143,99.90853118896484,59.97733688354492,image,,,,,,15,,,,2.26411509513855
r15,rain,weather,,,,1534867449697337000,17.214277267456055,21.802940368652344,,,,lidar,33179,16783,1593,576,14227,15,7.5218825340271,9.126395225524902,,
r15,rain,weather,,,,1534867449747684000,17.33466911315918,21.979022979736328,,,,lidar,33185,16758,1584,585,14258,15,7.533624172210693,9.175930976867676,,
r15,rain,weather,1.7843825817108154,900,1600,1534867449762404000,,,225233,99.93769836425781,59.97705841064453,image,,,,,,15,,,,2.254678726196289
r15,rain,weather,,,,1534867449797471000,17.301166534423828,21.94384765625,,,,lidar,33166,16776,1592,552,14246,15,7.4812798500061035,9.061602592468262,,
r15,rain,weather,,,,1534867449847756000,17.290279388427734,21.998666763305664,,,,lidar,33184,16705,1604,572,14303,15,7.547199249267578,9.155767440795898,,
r15,rain,weather,1.7735717296600342,900,1600,1534867449862404000,,,225101,99.75370025634766,60.0701904296875,image,,,,,,15,,,,2.261758804321289
r15,rain,weather,,,,1534867449897511000,17.211801528930664,21.84225082397461,,,,lidar,33164,16761,1571,554,14278,15,7.478557109832764,9.048744201660156,,
r15,rain,weather,1.8065520524978638,900,1600,1534867449912404000,,,226926,99.52902221679688,60.15315246582031,image,,,,,,15,,,,2.2695424556732178
r15,rain,weather,,,,1534867449947849000,17.208972930908203,21.951845169067383,,,,lidar,33181,16735,1558,577,14311,15,7.512927055358887,9.140767097473145,,
r15,rain,weather,,,,1534867449997591000,17.250385284423828,22.077560424804688,,,,lidar,33162,16715,1571,554,14322,15,7.483883857727051,9.01162052154541,,
r15,rain,weather,1.7902730703353882,900,1600,1534867450012404000,,,225730,100.14423370361328,60.25587844848633,image,,,,,,15,,,,2.262406826019287
r15,rain,weather,,,,1534867450047920000,17.233322143554688,21.93117332458496,,,,lidar,33173,16695,1574,557,14347,15,7.5055975914001465,9.07979965209961,,
r15,rain,weather,,,,1534867450097702000,17.176815032958984,21.875410079956055,,,,lidar,33152,16688,1569,546,14349,15,7.485204696655273,9.05109977722168,,
r15,rain,weather,1.80575430393219,900,1600,1534867450112404000,,,226695,99.8863754272461,60.411155700683594,image,,,,,,15,,,,2.275951862335205
r15,rain,weather,,,,1534867450147476000,17.176549911499023,21.881380081176758,,,,lidar,33158,16641,1575,559,14383,15,7.524073123931885,9.111310005187988,,
r15,rain,weather,,,,1534867450197803000,17.096559524536133,21.814361572265625,,,,lidar,33157,16656,1562,561,14378,15,7.495941162109375,9.05780029296875,,
r15,rain,weather,1.7902418375015259,900,1600,1534867450162404000,,,225380,99.8367919921875,60.4057502746582,image,,,,,,15,,,,2.263986349105835
r15,rain,weather,,,,1534867450247554000,17.153316497802734,21.813772201538086,,,,lidar,33197,16646,1594,565,14392,15,7.540802001953125,9.13685131072998,,
r15,rain,weather,1.7754006385803223,900,1600,1534867450262404000,,,224106,100.14900970458984,60.19844055175781,image,,,,,,15,,,,2.2422308921813965
r15,rain,weather,,,,1534867450297894000,17.169137954711914,21.83584976196289,,,,lidar,33179,16603,1602,559,14415,15,7.536428451538086,9.098176956176758,,
r15,rain,weather,,,,1534867450347643000,17.226760864257812,21.95757293701172,,,,lidar,33207,16587,1600,551,14469,15,7.53552770614624,9.08338451385498,,
r15,rain,weather,1.7826064825057983,900,1600,1534867450362404000,,,224786,99.78722381591797,60.52119445800781,image,,,,,,15,,,,2.256220817565918
r15,rain,weather,,,,1534867450397400000,17.18187141418457,21.880329132080078,,,,lidar,33248,16607,1568,559,14514,15,7.526060581207275,9.079544067382812,,
r15,rain,weather,1.7965506315231323,900,1600,1534867450412404000,,,225808,99.7327651977539,60.54352569580078,image,,,,,,15,,,,2.248724937438965
r15,rain,weather,,,,1534867450447733000,17.16488265991211,21.95301055908203,,,,lidar,33187,16517,1594,562,14514,15,7.554815292358398,9.087474822998047,,
r15,rain,weather,,,,1534867450497489000,17.22178840637207,22.09061050415039,,,,lidar,33208,16551,1593,557,14507,15,7.547537326812744,9.064910888671875,,
r15,rain,weather,1.7846146821975708,900,1600,1534867450512450000,,,225159,99.57674407958984,60.602378845214844,image,,,,,,15,,,,2.247945547103882
r15,rain,weather,,,,1534867450547857000,17.114761352539062,21.920690536499023,,,,lidar,33206,16528,1576,548,14554,15,7.523183345794678,9.013866424560547,,
r15,rain,weather,,,,1534867450597587000,17.113943099975586,21.89255714416504,,,,lidar,33223,16527,1590,566,14540,15,7.551444053649902,9.111963272094727,,
r15,rain,weather,,,,1534867450647883000,17.164079666137695,21.992876052856445,,,,lidar,33228,16522,1589,572,14545,15,7.565670013427734,9.158611297607422,,
r15,rain,weather,1.775893211364746,900,1600,1534867450612404000,,,224442,99.59696960449219,60.63185119628906,image,,,,,,15,,,,2.245119571685791
r15,rain,weather,1.7772302627563477,900,1600,1534867450662404000,,,224241,99.40655517578125,60.71621322631836,image,,,,,,15,,,,2.2469751834869385
r15,rain,weather,,,,1534867450697650000,17.17137336730957,22.034149169921875,,,,lidar,33262,16499,1561,568,14634,15,7.553867816925049,9.079598426818848,,
r15,rain,weather,,,,1534867450748005000,17.19931411743164,22.056045532226562,,,,lidar,33237,16507,1571,540,14619,15,7.513408660888672,8.988791465759277,,
r15,rain,weather,1.7708957195281982,900,1600,1534867450762404000,,,224014,99.45252227783203,60.71819305419922,image,,,,,,15,,,,2.2431681156158447
r15,rain,weather,,,,1534867450797740000,17.184175491333008,22.010540008544922,,,,lidar,33228,16435,1582,566,14645,15,7.583401203155518,9.12330436706543,,
r15,rain,weather,,,,1534867450848065000,17.13420867919922,22.01688003540039,,,,lidar,33286,16451,1591,557,14687,15,7.56804084777832,9.062068939208984,,
r15,rain,weather,1.7701765298843384,900,1600,1534867450862404000,,,224472,99.49447631835938,60.700809478759766,image,,,,,,15,,,,2.238813877105713
r15,rain,weather,,,,1534867450898382000,17.156177520751953,22.068700790405273,,,,lidar,33231,16357,1600,574,14700,15,7.618923664093018,9.160501480102539,,
r15,rain,weather,1.7654304504394531,900,1600,1534867450912404000,,,224272,99.19432067871094,60.791351318359375,image,,,,,,15,,,,2.24263072013855
r15,rain,weather,,,,1534867450948135000,17.177270889282227,22.116497039794922,,,,lidar,33259,16415,1593,551,14700,15,7.561919212341309,9.065485000610352,,
r15,rain,weather,,,,1534867450998462000,17.128894805908203,22.040739059448242,,,,lidar,33204,16351,1578,550,14725,15,7.554973602294922,8.999185562133789,,
r15,rain,weather,1.77327561378479,900,1600,1534867451012404000,,,224667,99.23661041259766,60.870826721191406,image,,,,,,15,,,,2.2542290687561035
r15,rain,weather,,,,1534867451048236000,17.13088607788086,22.11763572692871,,,,lidar,33265,16348,1600,535,14782,15,7.552247524261475,8.952702522277832,,
r15,rain,weather,,,,1534867451098567000,17.166072845458984,22.15005874633789,,,,lidar,33182,16339,1588,540,14715,15,7.547489643096924,8.986233711242676,,
r15,rain,weather,1.7700937986373901,900,1600,1534867451112404000,,,223851,99.32486724853516,60.81369400024414,image,,,,,,15,,,,2.2415127754211426
r15,rain,weather,,,,1534867451148397000,17.203474044799805,22.246280670166016,,,,lidar,33220,16339,1618,552,14711,15,7.577304840087891,9.021016120910645,,
r15,rain,weather,,,,1534867451198659000,17.179893493652344,22.23238754272461,,,,lidar,33171,16309,1588,546,14728,15,7.561652660369873,9.02564525604248,,
r15,rain,weather,1.7681106328964233,900,1600,1534867451162404000,,,223735,99.38866424560547,60.67431640625,image,,,,,,15,,,,2.235560417175293
r15,rain,weather,,,,1534867451248415000,17.226308822631836,22.41773223876953,,,,lidar,33223,16314,1590,549,14770,15,7.574582576751709,9.026131629943848,,
r15,rain,weather,1.7541199922561646,900,1600,1534867451262404000,,,222881,99.25718688964844,60.77880096435547,image,,,,,,15,,,,2.239375114440918
r15,rain,weather,,,,1534867451298736000,17.25739860534668,22.392515182495117,,,,lidar,33201,16325,1588,547,14741,15,7.557870388031006,9.021478652954102,,
r15,rain,weather,,,,1534867451348517000,17.24454116821289,22.391035079956055,,,,lidar,33208,16279,1593,562,14774,15,7.601210594177246,9.100695610046387,,
r15,rain,weather,1.7302883863449097,900,1600,1534867451362404000,,,221969,99.24776458740234,60.626895904541016,image,,,,,,15,,,,2.2314579486846924
r15,rain,weather,,,,1534867451398830000,17.25113296508789,22.353498458862305,,,,lidar,33219,16298,1590,535,14796,15,7.559876441955566,8.997876167297363,,
r15,rain,weather,1.7501556873321533,900,1600,1534867451412404000,,,223373,99.09542083740234,60.793766021728516,image,,,,,,15,,,,2.2417373657226562
r15,rain,weather,,,,1534867451448585000,17.25027084350586,22.422264099121094,,,,lidar,33234,16298,1611,536,14789,15,7.570174694061279,9.026936531066895,,
r15,rain,weather,,,,1534867451498930000,17.225950241088867,22.305315017700195,,,,lidar,33202,16258,1602,556,14786,15,7.597802639007568,9.07725715637207,,
r15,rain,weather,1.7492002248764038,900,1600,1534867451512404000,,,223150,99.56298828125,60.85166549682617,image,,,,,,15,,,,2.2371363639831543
r15,rain,weather,,,,1534867451548675000,17.170053482055664,22.22276496887207,,,,lidar,33174,16255,1601,532,14786,15,7.553131580352783,8.949362754821777,,
r15,rain,weather,,,,1534867451598426000,17.230632781982422,22.37265396118164,,,,lidar,33219,16249,1600,566,14804,15,7.607833385467529,9.100764274597168,,
r15,rain,weather,1.7448794841766357,900,1600,1534867451612404000,,,222412,99.6162109375,60.76945114135742,image,,,,,,15,,,,2.229973554611206
r15,rain,weather,,,,1534867451648752000,17.26180076599121,22.46183204650879,,,,lidar,33195,16208,1624,540,14823,15,7.597186088562012,9.017502784729004,,
r15,rain,weather,1.7389382123947144,900,1600,1534867451662404000,,,222696,99.46226501464844,60.776275634765625,image,,,,,,15,,,,2.238370418548584
r15,rain,weather,,,,1534867451698586000,17.251937866210938,22.482633590698242,,,,lidar,33170,16240,1625,522,14783,15,7.555824279785156,8.948768615722656,,
r15,rain,weather,,,,1534867451750644000,17.176965713500977,22.480619430541992,,,,lidar,33141,16222,1623,522,14774,15,7.544093608856201,8.891170501708984,,
r15,rain,weather,1.7221263647079468,900,1600,1534867451762404000,,,221613,99.39385223388672,60.825077056884766,image,,,,,,15,,,,2.2250869274139404
r15,rain,weather,,,,1534867451798600000,17.134748458862305,22.303499221801758,,,,lidar,33199,16174,1639,535,14851,15,7.604750633239746,8.987972259521484,,
r15,rain,weather,,,,1534867451848373000,17.196697235107422,22.473833084106445,,,,lidar,33157,16138,1642,542,14835,15,7.607485771179199,8.962922096252441,,
r15,rain,weather,1.7254290580749512,900,1600,1534867451862404000,,,221678,99.37897491455078,60.862342834472656,image,,,,,,15,,,,2.2196600437164307
r15,rain,weather,,,,1534867451898687000,17.21269989013672,22.43216323852539,,,,lidar,33124,16165,1618,542,14799,15,7.5892109870910645,9.018473625183105,,
r15,rain,weather,1.7262212038040161,900,1600,1534867451912404000,,,221723,99.17453002929688,60.940006256103516,image,,,,,,15,,,,2.2312097549438477
r15,rain,weather,,,,1534867451948458000,17.21120262145996,22.353351593017578,,,,lidar,33137,16138,1646,533,14820,15,7.597399711608887,8.974209785461426,,
r15,rain,weather,,,,1534867451999662000,17.19405746459961,22.33232879638672,,,,lidar,33182,16152,1654,542,14834,15,7.621200084686279,9.006176948547363,,
r15,rain,weather,1.7208303213119507,900,1600,1534867452012404000,,,220754,99.31756591796875,60.903167724609375,image,,,,,,15,,,,2.216768741607666
r15,rain,weather,,,,1534867452048542000,17.196792602539062,22.321468353271484,,,,lidar,33185,16147,1662,528,14848,15,7.6033244132995605,8.944723129272461,,
r15,rain,weather,,,,1534867452098692000,17.187885284423828,22.344091415405273,,,,lidar,33175,16118,1659,543,14855,15,7.629030704498291,9.005850791931152,,
r15,rain,weather,1.723411202430725,900,1600,1534867452112404000,,,221034,99.2765121459961,60.90577697753906,image,,,,,,15,,,,2.2075250148773193
r15,rain,weather,,,,1534867452148614000,17.181640625,22.3137264251709,,,,lidar,33180,16137,1639,542,14862,15,7.624220848083496,9.029033660888672,,
r15,rain,weather,,,,1534867452198394000,17.2734317779541,22.354894638061523,,,,lidar,33164,16110,1679,540,14835,15,7.643154144287109,9.038246154785156,,
r15,rain,weather,1.7234618663787842,900,1600,1534867452162404000,,,221462,99.078369140625,60.95508575439453,image,,,,,,15,,,,2.2163515090942383
r25,rain,weather,,,,1534867432948726000,15.389500617980957,21.402162551879883,,,,lidar,32706,13694,2580,805,15627,25,9.17355728149414,10.259862899780273,,
r25,rain,weather,2.509728193283081,900,1600,1534867432912404000,,,238518,103.06704711914062,52.3581657409668,image,,,,,,25,,,,1.8790885210037231
r25,rain,weather,,,,1534867432998503000,15.36263370513916,21.235153198242188,,,,lidar,32822,13602,2565,801,15854,25,9.181196212768555,10.202948570251465,,
r25,rain,weather,2.4482085704803467,900,1600,1534867433012404000,,,235090,102.5059585571289,52.96630859375,image,,,,,,25,,,,1.8522740602493286
r25,rain,weather,,,,1534867433048257000,15.517696380615234,21.55624008178711,,,,lidar,32887,13486,2575,785,16041,25,9.187649726867676,10.206387519836426,,
r25,rain,weather,,,,1534867433098583000,15.594554901123047,21.749303817749023,,,,lidar,32891,13371,2530,756,16234,25,9.142342567443848,10.114995002746582,,
r25,rain,weather,2.4372692108154297,900,1600,1534867433112404000,,,234498,102.88565826416016,52.94023895263672,image,,,,,,25,,,,1.8146405220031738
r25,rain,weather,,,,1534867433148336000,15.615236282348633,21.894275665283203,,,,lidar,32916,13302,2556,751,16307,25,9.151796340942383,10.078353881835938,,
r25,rain,weather,2.4460642337799072,900,1600,1534867433162404000,,,234430,102.72332000732422,53.11909484863281,image,,,,,,25,,,,1.7970001697540283
r25,rain,weather,,,,1534867433198676000,15.575533866882324,21.566450119018555,,,,lidar,32989,13208,2596,725,16460,25,9.166563987731934,10.047318458557129,,
r25,rain,weather,,,,1534867433248427000,15.633835792541504,21.62030029296875,,,,lidar,33070,13087,2635,751,16597,25,9.253293991088867,10.175027847290039,,
r25,rain,weather,2.474189519882202,900,1600,1534867433262404000,,,236102,102.95242309570312,53.54628372192383,image,,,,,,25,,,,1.790683388710022
r25,rain,weather,,,,1534867433298210000,15.543445587158203,21.478656768798828,,,,lidar,33076,13015,2623,749,16689,25,9.250336647033691,10.138270378112793,,
r25,rain,weather,,,,1534867433348529000,15.517597198486328,21.52526092529297,,,,lidar,33085,12884,2670,762,16769,25,9.306209564208984,10.160327911376953,,
r25,rain,weather,2.499586582183838,900,1600,1534867433362404000,,,236423,102.57655334472656,53.2377815246582,image,,,,,,25,,,,1.7751779556274414
r25,rain,weather,,,,1534867433398454000,15.625316619873047,21.737852096557617,,,,lidar,32973,12806,2669,733,16765,25,9.278202056884766,10.099851608276367,,
r25,rain,weather,,,,1534867433448600000,15.742802619934082,21.944578170776367,,,,lidar,33030,12748,2667,732,16883,25,9.289100646972656,10.095755577087402,,
r25,rain,weather,2.4866278171539307,900,1600,1534867433412404000,,,235681,102.2204360961914,53.770023345947266,image,,,,,,25,,,,1.7763327360153198
r25,rain,weather,,,,1534867433498387000,15.852210998535156,22.120223999023438,,,,lidar,33026,12643,2700,748,16935,25,9.355375289916992,10.118579864501953,,
r25,rain,weather,2.4789299964904785,900,1600,1534867433512404000,,,236251,101.654296875,54.98762893676758,image,,,,,,25,,,,1.7884525060653687
r25,rain,weather,,,,1534867433548133000,15.820472717285156,21.791501998901367,,,,lidar,33006,12565,2701,743,16997,25,9.349422454833984,10.12017822265625,,
r25,rain,weather,,,,1534867433598470000,15.951536178588867,22.054466247558594,,,,lidar,33017,12525,2708,727,17057,25,9.31833553314209,10.050992965698242,,
r25,rain,weather,2.4772379398345947,900,1600,1534867433612404000,,,235762,101.84137725830078,54.7402458190918,image,,,,,,25,,,,1.780407428741455
r25,rain,weather,,,,1534867433648353000,15.890976905822754,21.951181411743164,,,,lidar,33043,12373,2752,720,17198,25,9.388739585876465,10.115856170654297,,
r25,rain,weather,2.4710707664489746,900,1600,1534867433662404000,,,235638,101.83611297607422,54.451839447021484,image,,,,,,25,,,,1.7711471319198608
r25,rain,weather,,,,1534867433697988000,15.985441207885742,22.262603759765625,,,,lidar,33000,12343,2726,720,17211,25,9.37920093536377,10.095245361328125,,
r25,rain,weather,,,,1534867433748311000,16.068023681640625,22.334579467773438,,,,lidar,32993,12284,2704,701,17304,25,9.374238967895508,10.003150939941406,,
r25,rain,weather,2.4906740188598633,900,1600,1534867433762404000,,,236532,101.60994720458984,54.778465270996094,image,,,,,,25,,,,1.7847212553024292
r25,rain,weather,,,,1534867433798158000,16.295669555664062,22.651628494262695,,,,lidar,33082,12337,2686,716,17343,25,9.395895004272461,10.050116539001465,,
r25,rain,weather,,,,1534867433847842000,16.301103591918945,22.492652893066406,,,,lidar,33027,12207,2680,727,17413,25,9.463066101074219,10.085908889770508,,
r25,rain,weather,,,,1534867433898179000,16.339561462402344,22.562103271484375,,,,lidar,33052,12244,2691,739,17378,25,9.450807571411133,10.075818061828613,,
r25,rain,weather,2.4808387756347656,900,1600,1534867433862404000,,,236254,101.18157958984375,55.099082946777344,image,,,,,,25,,,,1.7867019176483154
r25,rain,weather,2.4895572662353516,900,1600,1534867433912404000,,,236608,101.11397552490234,55.157535552978516,image,,,,,,25,,,,1.7866017818450928
r25,rain,weather,,,,1534867433947929000,16.19547462463379,22.244003295898438,,,,lidar,33183,12287,2670,746,17480,25,9.462715148925781,10.113218307495117,,
r25,rain,weather,,,,1534867433997714000,16.056209564208984,22.336523056030273,,,,lidar,33142,12335,2591,733,17483,25,9.41143798828125,10.019511222839355,,
r25,rain,weather,2.500929832458496,900,1600,1534867434012404000,,,237242,101.20948028564453,55.46440505981445,image,,,,,,25,,,,1.7809711694717407
r25,rain,weather,,,,1534867434048013000,16.194791793823242,22.666378021240234,,,,lidar,33100,12238,2594,761,17507,25,9.475961685180664,10.058126449584961,,
r25,rain,weather,,,,1534867434097791000,16.13519859313965,22.588882446289062,,,,lidar,33119,12306,2588,768,17457,25,9.449790000915527,10.03619384765625,,
r25,rain,weather,2.4677090644836426,900,1600,1534867434112404000,,,236206,101.21177673339844,56.015342712402344,image,,,,,,25,,,,1.7855616807937622
r25,rain,weather,,,,1534867434147546000,15.976794242858887,22.124935150146484,,,,lidar,33136,12268,2631,777,17460,25,9.50713062286377,10.099534034729004,,
r25,rain,weather,2.4809553623199463,900,1600,1534867434162404000,,,236868,100.49359130859375,56.570255279541016,image,,,,,,25,,,,1.7894583940505981
r25,rain,weather,,,,1534867434197881000,15.894457817077637,22.004169464111328,,,,lidar,33171,12296,2623,809,17443,25,9.477277755737305,10.019707679748535,,
r25,rain,weather,,,,1534867434247637000,15.664342880249023,21.583951950073242,,,,lidar,33148,12286,2597,848,17417,25,9.48713207244873,10.04336929321289,,
r25,rain,weather,2.465803623199463,900,1600,1534867434262404000,,,235832,100.72017669677734,56.33976745605469,image,,,,,,25,,,,1.7762187719345093
r25,rain,weather,,,,1534867434297956000,15.75578498840332,21.607677459716797,,,,lidar,33173,12265,2590,894,17424,25,9.528830528259277,10.096002578735352,,
r25,rain,weather,,,,1534867434348247000,15.671018600463867,21.53716278076172,,,,lidar,33163,12352,2499,948,17364,25,9.46842098236084,10.023954391479492,,
r25,rain,weather,2.4611263275146484,900,1600,1534867434362404000,,,236341,100.44624328613281,56.642967224121094,image,,,,,,25,,,,1.7852739095687866
r25,rain,weather,,,,1534867434397491000,15.610198974609375,21.279155731201172,,,,lidar,33175,12414,2499,1009,17253,25,9.48077392578125,10.071142196655273,,
r25,rain,weather,2.4277243614196777,900,1600,1534867434412404000,,,234487,101.05709838867188,56.50000762939453,image,,,,,,25,,,,1.7697031497955322
r25,rain,weather,,,,1534867434447799000,15.487300872802734,21.16931915283203,,,,lidar,33107,12336,2551,1036,17184,25,9.56167221069336,10.198020935058594,,
r25,rain,weather,,,,1534867434497610000,15.541670799255371,21.274316787719727,,,,lidar,33152,12424,2599,1019,17110,25,9.531279563903809,10.153221130371094,,
r25,rain,weather,2.4397735595703125,900,1600,1534867434512404000,,,234920,101.3115234375,56.3239860534668,image,,,,,,25,,,,1.7677148580551147
r25,rain,weather,,,,1534867434547921000,15.487900733947754,21.209379196166992,,,,lidar,33110,12465,2651,1019,16975,25,9.571147918701172,10.304011344909668,,
r25,rain,weather,,,,1534867434597646000,15.40485954284668,21.073802947998047,,,,lidar,33087,12531,2691,1000,16865,25,9.554845809936523,10.335984230041504,,
r25,rain,weather,2.456403970718384,900,1600,1534867434612404000,,,237505,100.58567810058594,56.748085021972656,image,,,,,,25,,,,1.787530541419983
r25,rain,weather,,,,1534867434647423000,15.391875267028809,21.116334915161133,,,,lidar,33037,12559,2710,1004,16764,25,9.569981575012207,10.401610374450684,,
r25,rain,weather,2.4205079078674316,900,1600,1534867434662404000,,,236198,100.24418640136719,56.87277603149414,image,,,,,,25,,,,1.7832988500595093
r25,rain,weather,,,,1534867434697757000,15.208789825439453,20.647754669189453,,,,lidar,33044,12529,2757,1012,16746,25,9.64184284210205,10.439769744873047,,
r25,rain,weather,,,,1534867434747513000,15.063182830810547,20.512767791748047,,,,lidar,33114,12745,2783,963,16623,25,9.557456016540527,10.315401077270508,,
r25,rain,weather,2.405414581298828,900,1600,1534867434762404000,,,235367,100.19451904296875,57.29399108886719,image,,,,,,25,,,,1.789546012878418
r25,rain,weather,,,,1534867434797857000,15.058588981628418,20.59252166748047,,,,lidar,32987,12744,2733,957,16553,25,9.528711318969727,10.257245063781738,,
r25,rain,weather,,,,1534867434847604000,14.845727920532227,20.42691993713379,,,,lidar,33036,12823,2752,942,16519,25,9.53685474395752,10.292080879211426,,
r25,rain,weather,2.3793537616729736,900,1600,1534867434862404000,,,234430,99.87346649169922,57.3362922668457,image,,,,,,25,,,,1.771970272064209
r25,rain,weather,,,,1534867434897370000,14.840014457702637,20.467426300048828,,,,lidar,33017,12873,2727,927,16490,25,9.492169380187988,10.195483207702637,,
r25,rain,weather,,,,1534867434947673000,14.760824203491211,20.386022567749023,,,,lidar,33067,13028,2724,916,16399,25,9.428811073303223,10.134173393249512,,
r25,rain,weather,2.384479284286499,900,1600,1534867434912404000,,,235270,99.76214599609375,57.301212310791016,image,,,,,,25,,,,1.761684536933899
r25,rain,weather,,,,1534867434997457000,14.464314460754395,19.892375946044922,,,,lidar,33032,13072,2754,857,16349,25,9.358010292053223,9.966525077819824,,
r25,rain,weather,2.388397693634033,900,1600,1534867435012404000,,,234042,100.11138153076172,57.61817932128906,image,,,,,,25,,,,1.7632452249526978
r25,rain,weather,,,,1534867435047757000,14.449323654174805,19.869644165039062,,,,lidar,33038,13030,2797,886,16325,25,9.425990104675293,10.085723876953125,,
r25,rain,weather,,,,1534867435097545000,14.356736183166504,19.696138381958008,,,,lidar,33011,13054,2809,860,16288,25,9.395934104919434,10.05636978149414,,
r25,rain,weather,2.3579981327056885,900,1600,1534867435112404000,,,234130,99.64694213867188,58.024925231933594,image,,,,,,25,,,,1.769693374633789
r25,rain,weather,,,,1534867435147293000,14.33016300201416,19.700275421142578,,,,lidar,32989,13036,2842,842,16269,25,9.39301872253418,10.000357627868652,,
r25,rain,weather,2.3473880290985107,900,1600,1534867435162404000,,,233481,99.31491088867188,57.82984161376953,image,,,,,,25,,,,1.757968544960022
r25,rain,weather,,,,1534867435197614000,14.157173156738281,19.29044532775879,,,,lidar,33011,13046,2851,829,16285,25,9.387771606445312,9.992093086242676,,
r25,rain,weather,,,,1534867435247375000,14.206243515014648,19.46258544921875,,,,lidar,33014,12944,2915,846,16309,25,9.45706558227539,10.068597793579102,,
r25,rain,weather,2.341942071914673,900,1600,1534867435262404000,,,234355,99.39151000976562,58.07918930053711,image,,,,,,25,,,,1.757312297821045
r25,rain,weather,,,,1534867435297721000,14.06828498840332,19.192991256713867,,,,lidar,33035,12945,2928,841,16321,25,9.447525024414062,10.066607475280762,,
r25,rain,weather,,,,1534867435347464000,13.942355155944824,18.899438858032227,,,,lidar,32994,12869,2861,823,16441,25,9.42035961151123,10.05693531036377,,
r25,rain,weather,2.317929983139038,900,1600,1534867435362404000,,,233038,99.45502471923828,58.129085540771484,image,,,,,,25,,,,1.7452572584152222
r25,rain,weather,,,,1534867435397242000,14.014525413513184,19.062673568725586,,,,lidar,32994,12835,2875,791,16493,25,9.402009963989258,9.960047721862793,,
r25,rain,weather,,,,1534867435447584000,13.930083274841309,18.72336196899414,,,,lidar,33057,12899,2874,797,16487,25,9.405780792236328,9.985577583312988,,
r25,rain,weather,2.3026294708251953,900,1600,1534867435412404000,,,233143,98.849853515625,58.19036102294922,image,,,,,,25,,,,1.7506186962127686
r25,rain,weather,,,,1534867435497321000,13.892929077148438,18.64818000793457,,,,lidar,33086,12830,2888,783,16585,25,9.42906665802002,10.01560115814209,,
r25,rain,weather,2.2928664684295654,900,1600,1534867435512404000,,,232734,99.0186996459961,57.934852600097656,image,,,,,,25,,,,1.751490592956543
r25,rain,weather,,,,1534867435547633000,13.788227081298828,18.401945114135742,,,,lidar,33097,12837,2891,778,16591,25,9.420585632324219,9.972453117370605,,
r25,rain,weather,,,,1534867435597411000,13.829903602600098,18.72330093383789,,,,lidar,33003,12836,2912,789,16466,25,9.4468994140625,10.072965621948242,,
r25,rain,weather,2.283796787261963,900,1600,1534867435612404000,,,233489,98.0457534790039,58.35420227050781,image,,,,,,25,,,,1.768109679222107
r25,rain,weather,,,,1534867435647179000,13.781143188476562,18.634475708007812,,,,lidar,33017,12831,2902,786,16498,25,9.46326732635498,10.084333419799805,,
r25,rain,weather,2.264350652694702,900,1600,1534867435662404000,,,233147,98.41595458984375,58.383670806884766,image,,,,,,25,,,,1.7644959688186646
r25,rain,weather,,,,1534867435697501000,13.714757919311523,18.574932098388672,,,,lidar,33049,12726,2976,841,16506,25,9.578092575073242,10.243107795715332,,
r25,rain,weather,,,,1534867435747254000,13.638986587524414,18.401813507080078,,,,lidar,33090,12751,3053,853,16433,25,9.63347053527832,10.364274978637695,,
r25,rain,weather,2.2716851234436035,900,1600,1534867435762404000,,,233558,97.97692108154297,58.28312301635742,image,,,,,,25,,,,1.7725882530212402
r25,rain,weather,,,,1534867435799876000,13.495767593383789,18.182661056518555,,,,lidar,33045,12693,3052,845,16455,25,9.61412525177002,10.259082794189453,,
r25,rain,weather,,,,1534867435847350000,13.427932739257812,17.80011558532715,,,,lidar,33047,12634,3049,851,16513,25,9.63689136505127,10.23666000366211,,
r25,rain,weather,2.250088930130005,900,1600,1534867435862404000,,,232402,98.3285140991211,58.6032600402832,image,,,,,,25,,,,1.7870814800262451
r25,rain,weather,,,,1534867435897685000,13.399579048156738,17.473453521728516,,,,lidar,33069,12728,3023,863,16455,25,9.63057804107666,10.304704666137695,,
r25,rain,weather,,,,1534867435947443000,13.538297653198242,17.864164352416992,,,,lidar,33043,12787,2995,864,16397,25,9.599205017089844,10.270750045776367,,
r25,rain,weather,2.2202959060668945,900,1600,1534867435912404000,,,231807,98.3026351928711,58.5107421875,image,,,,,,25,,,,1.7875208854675293
r25,rain,weather,,,,1534867435997210000,13.632601737976074,18.116004943847656,,,,lidar,33000,12755,2955,877,16413,25,9.6044921875,10.289225578308105,,
r25,rain,weather,2.2176673412323,900,1600,1534867436012404000,,,232033,98.2175521850586,58.65633773803711,image,,,,,,25,,,,1.80037260055542
r25,rain,weather,,,,1534867436047508000,13.4253511428833,17.9320068359375,,,,lidar,33095,12797,2923,905,16470,25,9.62204360961914,10.370403289794922,,
r25,rain,weather,,,,1534867436097280000,13.435272216796875,18.172094345092773,,,,lidar,33099,12827,2972,907,16393,25,9.66109848022461,10.401829719543457,,
r25,rain,weather,2.204188823699951,900,1600,1534867436112404000,,,232729,97.8104248046875,58.524147033691406,image,,,,,,25,,,,1.808199405670166
r25,rain,weather,,,,1534867436147600000,13.345317840576172,17.951000213623047,,,,lidar,33071,12829,2917,956,16369,25,9.722274780273438,10.543379783630371,,
r25,rain,weather,2.214343786239624,900,1600,1534867436162404000,,,233688,97.59680938720703,59.09403610229492,image,,,,,,25,,,,1.8258863687515259
r25,rain,weather,,,,1534867436197373000,13.166581153869629,17.663286209106445,,,,lidar,33079,12787,2975,957,16360,25,9.76777458190918,10.560422897338867,,
r25,rain,weather,,,,1534867436247688000,13.143760681152344,17.64080810546875,,,,lidar,33139,12927,2932,973,16307,25,9.735618591308594,10.59406566619873,,
r25,rain,weather,2.2289791107177734,900,1600,1534867436262404000,,,234619,97.52590942382812,59.01298522949219,image,,,,,,25,,,,1.8406931161880493
r25,rain,weather,,,,1534867436297454000,12.990391731262207,17.282432556152344,,,,lidar,33127,12957,2866,966,16338,25,9.70689868927002,10.548453330993652,,
r25,rain,weather,,,,1534867436347764000,12.925202369689941,17.01154899597168,,,,lidar,33101,12982,2930,942,16247,25,9.691136360168457,10.499484062194824,,
r25,rain,weather,2.2085559368133545,900,1600,1534867436362404000,,,235099,97.5150146484375,58.98684310913086,image,,,,,,25,,,,1.8531841039657593
r25,rain,weather,,,,1534867436397546000,12.904475212097168,16.753616333007812,,,,lidar,33090,12932,2892,1028,16238,25,9.793644905090332,10.740333557128906,,
r25,rain,weather,,,,1534867436447892000,12.726946830749512,16.788959503173828,,,,lidar,33097,13006,2897,993,16201,25,9.745672225952148,10.675800323486328,,
r25,rain,weather,2.209569215774536,900,1600,1534867436412404000,,,234801,97.93124389648438,58.22683334350586,image,,,,,,25,,,,1.847883701324463
r25,rain,weather,,,,1534867436497621000,12.684768676757812,16.716264724731445,,,,lidar,33103,13050,2883,951,16219,25,9.657751083374023,10.547212600708008,,
r25,rain,weather,2.2103335857391357,900,1600,1534867436512404000,,,234765,98.71520233154297,58.68804168701172,image,,,,,,25,,,,1.869666337966919
r25,rain,weather,,,,1534867436547945000,12.66256046295166,16.664649963378906,,,,lidar,33127,13036,2839,955,16297,25,9.666472434997559,10.536116600036621,,
r25,rain,weather,,,,1534867436597712000,12.626008987426758,16.404783248901367,,,,lidar,33109,13055,2778,937,16339,25,9.603134155273438,10.418841361999512,,
r25,rain,weather,2.216930627822876,900,1600,1534867436612404000,,,234732,99.0158462524414,58.682647705078125,image,,,,,,25,,,,1.8817206621170044
r25,rain,weather,,,,1534867436648040000,12.624722480773926,16.468917846679688,,,,lidar,33074,13128,2720,924,16302,25,9.540492057800293,10.3843994140625,,
r25,rain,weather,2.2240726947784424,900,1600,1534867436662404000,,,235709,98.375732421875,58.8712043762207,image,,,,,,25,,,,1.8970203399658203
r25,rain,weather,,,,1534867436697839000,12.588977813720703,16.191015243530273,,,,lidar,33051,13109,2693,913,16336,25,9.51838493347168,10.348517417907715,,
r25,rain,weather,,,,1534867436748116000,12.653082847595215,16.43537139892578,,,,lidar,33086,13184,2677,931,16294,25,9.511942863464355,10.385393142700195,,
r25,rain,weather,2.2217977046966553,900,1600,1534867436762404000,,,235573,99.06298065185547,59.043861389160156,image,,,,,,25,,,,1.887639045715332
r25,rain,weather,,,,1534867436797894000,12.619266510009766,16.437255859375,,,,lidar,33102,13178,2709,955,16260,25,9.547513961791992,10.405790328979492,,
r25,rain,weather,,,,1534867436847671000,12.555758476257324,16.339706420898438,,,,lidar,33118,13315,2658,924,16221,25,9.437920570373535,10.264738082885742,,
r25,rain,weather,2.19679594039917,900,1600,1534867436862404000,,,233789,98.81929016113281,59.623451232910156,image,,,,,,25,,,,1.8949311971664429
r25,rain,weather,,,,1534867436898622000,12.594677925109863,16.574901580810547,,,,lidar,33011,13299,2649,909,16154,25,9.387801170349121,10.192727088928223,,
r25,rain,weather,,,,1534867436947771000,12.462432861328125,16.31707191467285,,,,lidar,33002,13320,2612,899,16171,25,9.351365089416504,10.160386085510254,,
r25,rain,weather,2.1938607692718506,900,1600,1534867436912404000,,,235335,98.20405578613281,59.77642822265625,image,,,,,,25,,,,1.902958869934082
r25,rain,weather,,,,1534867436998054000,12.49360179901123,16.340225219726562,,,,lidar,33047,13284,2687,873,16203,25,9.357069969177246,10.149665832519531,,
r25,rain,weather,2.2040045261383057,900,1600,1534867437012404000,,,235955,98.22543334960938,60.112762451171875,image,,,,,,25,,,,1.9137020111083984
r25,rain,weather,,,,1534867437047827000,12.513266563415527,16.279911041259766,,,,lidar,33058,13292,2689,851,16226,25,9.310267448425293,10.10444164276123,,
r25,rain,weather,,,,1534867437098143000,12.538817405700684,16.377975463867188,,,,lidar,33025,13213,2678,855,16279,25,9.30870246887207,10.007996559143066,,
r25,rain,weather,2.2151684761047363,900,1600,1534867437112404000,,,237111,98.16556549072266,60.49872589111328,image,,,,,,25,,,,1.9418131113052368
r25,rain,weather,,,,1534867437147908000,12.477984428405762,16.31413459777832,,,,lidar,33092,13241,2662,831,16358,25,9.27813720703125,9.946693420410156,,
r25,rain,weather,2.1948697566986084,900,1600,1534867437162404000,,,236391,97.93893432617188,60.376060485839844,image,,,,,,25,,,,1.9221246242523193
r25,rain,weather,,,,1534867437198224000,12.596049308776855,16.419952392578125,,,,lidar,33085,13251,2652,839,16343,25,9.293895721435547,10.021331787109375,,
r25,rain,weather,,,,1534867437248032000,12.493407249450684,16.124614715576172,,,,lidar,33106,13228,2655,814,16409,25,9.249252319335938,9.8848237991333,,
r25,rain,weather,2.20920991897583,900,1600,1534867437262404000,,,237153,97.97149658203125,61.07144546508789,image,,,,,,25,,,,1.949595332145691
r25,rain,weather,,,,1534867437298342000,12.45405101776123,15.907732963562012,,,,lidar,33039,13107,2623,831,16478,25,9.30197525024414,9.921476364135742,,
r25,rain,weather,,,,1534867437348076000,12.554654121398926,16.248525619506836,,,,lidar,33031,13186,2566,818,16461,25,9.233786582946777,9.860352516174316,,
r25,rain,weather,,,,1534867437398416000,12.52021598815918,16.135196685791016,,,,lidar,32996,13102,2582,803,16509,25,9.257631301879883,9.833501815795898,,
r25,rain,weather,2.215733528137207,900,1600,1534867437362404000,,,237696,98.19441986083984,61.381385803222656,image,,,,,,25,,,,1.96622633934021
r25,rain,weather,2.2020554542541504,900,1600,1534867437412404000,,,237953,97.39769744873047,61.65256881713867,image,,,,,,25,,,,1.9969298839569092
r25,rain,weather,,,,1534867437448158000,12.573299407958984,16.328855514526367,,,,lidar,32965,13200,2529,780,16456,25,9.168363571166992,9.777661323547363,,
r25,rain,weather,,,,1534867437499906000,12.631441116333008,16.363828659057617,,,,lidar,32955,13145,2589,759,16462,25,9.190085411071777,9.796194076538086,,
r25,rain,weather,2.212820529937744,900,1600,1534867437512404000,,,239039,97.99600982666016,61.72084426879883,image,,,,,,25,,,,2.011528730392456
r25,rain,weather,,,,1534867437548282000,12.563863754272461,16.356996536254883,,,,lidar,32904,13116,2592,721,16475,25,9.14558219909668,9.716436386108398,,
r25,rain,weather,,,,1534867437598038000,12.613916397094727,16.58770179748535,,,,lidar,32842,13101,2592,662,16487,25,9.09019947052002,9.561213493347168,,
r25,rain,weather,2.1998062133789062,900,1600,1534867437612404000,,,237978,97.85236358642578,61.88655090332031,image,,,,,,25,,,,2.0111589431762695
r25,rain,weather,,,,1534867437648336000,12.706189155578613,16.91303062438965,,,,lidar,32889,13154,2605,599,16531,25,9.011847496032715,9.440911293029785,,
r25,rain,weather,2.2012453079223633,900,1600,1534867437662404000,,,237959,98.08212280273438,61.7302131652832,image,,,,,,25,,,,2.0065670013427734
r25,rain,weather,,,,1534867437698112000,12.697517395019531,16.866268157958984,,,,lidar,32846,13127,2619,566,16534,25,8.995699882507324,9.394841194152832,,
r25,rain,weather,,,,1534867437748436000,12.707660675048828,16.890899658203125,,,,lidar,32834,13122,2659,503,16550,25,8.94446086883545,9.295404434204102,,
r25,rain,weather,2.191118001937866,900,1600,1534867437762404000,,,236847,97.47884368896484,61.33464813232422,image,,,,,,25,,,,1.9692734479904175
r25,rain,weather,,,,1534867437798188000,12.77005386352539,17.104103088378906,,,,lidar,32827,13182,2624,484,16537,25,8.8897705078125,9.25509262084961,,
r25,rain,weather,,,,1534867437848515000,12.72535228729248,17.00131607055664,,,,lidar,32844,13143,2661,459,16581,25,8.919801712036133,9.291340827941895,,
r25,rain,weather,,,,1534867437898272000,12.691320419311523,16.941843032836914,,,,lidar,32832,13142,2584,399,16707,25,8.817450523376465,9.052227973937988,,
r25,rain,weather,2.135021209716797,900,1600,1534867437862404000,,,233434,98.9116439819336,60.54582214355469,image,,,,,,25,,,,1.9210295677185059
r25,rain,weather,2.1246674060821533,900,1600,1534867437912404000,,,233170,97.82268524169922,60.25589370727539,image,,,,,,25,,,,1.9266552925109863
r25,rain,weather,,,,1534867437948593000,12.698030471801758,16.945758819580078,,,,lidar,32757,13141,2582,375,16659,25,8.793509483337402,9.080361366271973,,
r25,rain,weather,,,,1534867437998356000,12.539498329162598,16.4123477935791,,,,lidar,32822,13117,2579,373,16753,25,8.80819320678711,9.111176490783691,,
r25,rain,weather,2.121102809906006,900,1600,1534867438012404000,,,232662,98.90682220458984,60.55203628540039,image,,,,,,25,,,,1.9362632036209106
r25,rain,weather,,,,1534867438048125000,12.621726036071777,16.637588500976562,,,,lidar,32814,13086,2584,373,16771,25,8.815834045410156,9.151033401489258,,
r25,rain,weather,,,,1534867438098461000,12.620579719543457,16.597484588623047,,,,lidar,32837,13067,2618,361,16791,25,8.806889533996582,9.088643074035645,,
r25,rain,weather,2.1435208320617676,900,1600,1534867438112404000,,,233805,98.42310333251953,60.694034576416016,image,,,,,,25,,,,1.9571378231048584
r25,rain,weather,,,,1534867438148214000,12.588677406311035,16.593887329101562,,,,lidar,32861,13063,2604,348,16846,25,8.802231788635254,9.101041793823242,,
r25,rain,weather,2.1242332458496094,900,1600,1534867438162404000,,,232957,98.69210815429688,60.50227355957031,image,,,,,,25,,,,1.9469139575958252
r25,rain,weather,,,,1534867438198532000,12.631307601928711,17.037017822265625,,,,lidar,32899,13103,2575,310,16911,25,8.732860565185547,8.998836517333984,,
r25,rain,weather,,,,1534867438248293000,12.624424934387207,17.230300903320312,,,,lidar,32935,13034,2604,317,16980,25,8.772068977355957,9.071104049682617,,
r25,rain,weather,2.116671562194824,900,1600,1534867438262404000,,,233278,98.3409194946289,60.61271667480469,image,,,,,,25,,,,1.9549659490585327
r25,rain,weather,,,,1534867438298624000,12.736018180847168,17.402549743652344,,,,lidar,32982,13051,2632,337,16962,25,8.789040565490723,9.12877082824707,,
r25,rain,weather,,,,1534867438348377000,12.584707260131836,16.83978271484375,,,,lidar,32969,13081,2589,322,16977,25,8.69387435913086,9.02729320526123,,
r25,rain,weather,2.0855326652526855,900,1600,1534867438362404000,,,231422,98.82949829101562,60.81122970581055,image,,,,,,25,,,,1.9520502090454102
r25,rain,weather,,,,1534867438398169000,12.664301872253418,17.033489227294922,,,,lidar,33011,13140,2556,326,16989,25,8.66330623626709,9.05241584777832,,
r25,rain,weather,2.095762014389038,900,1600,1534867438412404000,,,232933,98.26570129394531,60.881935119628906,image,,,,,,25,,,,1.9739043712615967
r25,rain,weather,,,,1534867438448663000,12.58855152130127,16.757387161254883,,,,lidar,33055,13106,2498,349,17102,25,8.688474655151367,9.152565956115723,,
r25,rain,weather,,,,1534867438498255000,12.556493759155273,16.745580673217773,,,,lidar,33141,13179,2425,345,17192,25,8.617471694946289,9.058082580566406,,
r25,rain,weather,2.128369092941284,900,1600,1534867438512404000,,,234008,98.75033569335938,61.07856750488281,image,,,,,,25,,,,1.980273962020874
r25,rain,weather,,,,1534867438548564000,12.636611938476562,17.057899475097656,,,,lidar,33011,13167,2357,341,17146,25,8.583003997802734,9.010320663452148,,
r25,rain,weather,,,,1534867438598347000,12.5568208694458,16.938982009887695,,,,lidar,33021,13141,2276,345,17259,25,8.574773788452148,9.014952659606934,,
r25,rain,weather,2.12896466255188,900,1600,1534867438612404000,,,233704,99.2077865600586,61.06747055053711,image,,,,,,25,,,,1.983198642730713
r25,rain,weather,,,,1534867438648638000,12.619261741638184,17.102781295776367,,,,lidar,33068,13083,2273,337,17375,25,8.571418762207031,8.939348220825195,,
r25,rain,weather,2.1086137294769287,900,1600,1534867438662404000,,,233729,98.73110961914062,60.99409866333008,image,,,,,,25,,,,1.9859920740127563
r25,rain,weather,,,,1534867438698458000,12.678862571716309,17.321285247802734,,,,lidar,33138,13116,2260,339,17423,25,8.566689491271973,8.927367210388184,,
r25,rain,weather,,,,1534867438748717000,12.758131980895996,17.29043197631836,,,,lidar,33111,13091,2250,326,17444,25,8.559879302978516,8.887770652770996,,
r25,rain,weather,2.1055068969726562,900,1600,1534867438762404000,,,233174,98.81575775146484,60.978981018066406,image,,,,,,25,,,,1.9937242269515991
r25,rain,weather,,,,1534867438798511000,12.847174644470215,17.321685791015625,,,,lidar,33047,13046,2279,339,17383,25,8.592548370361328,8.951658248901367,,
r25,rain,weather,,,,1534867438848821000,12.824233055114746,17.34853172302246,,,,lidar,33056,13086,2237,342,17391,25,8.56204891204834,8.931687355041504,,
r25,rain,weather,,,,1534867438898596000,12.862317085266113,17.315876007080078,,,,lidar,33081,13078,2257,338,17408,25,8.566610336303711,8.928400039672852,,
r25,rain,weather,2.1021103858947754,900,1600,1534867438862404000,,,233890,98.42620086669922,61.09012222290039,image,,,,,,25,,,,2.003854990005493
r25,rain,weather,2.0657265186309814,900,1600,1534867438912413000,,,232526,98.76454162597656,61.04511642456055,image,,,,,,25,,,,2.003685235977173
r25,rain,weather,,,,1534867438948913000,12.948038101196289,17.566381454467773,,,,lidar,33117,13132,2248,346,17391,25,8.56260871887207,8.97269344329834,,
r25,rain,weather,,,,1534867438998674000,12.941459655761719,17.508468627929688,,,,lidar,33145,13114,2250,362,17419,25,8.588210105895996,9.039545059204102,,
r25,rain,weather,2.085223436355591,900,1600,1534867439012404000,,,232924,99.19274139404297,61.047386169433594,image,,,,,,25,,,,2.0040886402130127
r25,rain,weather,,,,1534867439048989000,12.883469581604004,17.30895233154297,,,,lidar,33125,13134,2261,337,17393,25,8.546881675720215,8.95195198059082,,
r25,rain,weather,,,,1534867439098749000,13.027487754821777,17.70269012451172,,,,lidar,33111,13111,2222,333,17445,25,8.529080390930176,8.882206916809082,,
r25,rain,weather,2.076620101928711,900,1600,1534867439112404000,,,232454,99.02685546875,61.08855438232422,image,,,,,,25,,,,2.0117123126983643
r25,rain,weather,,,,1534867439149065000,13.031927108764648,17.59578514099121,,,,lidar,33104,13089,2253,323,17439,25,8.529264450073242,8.863678932189941,,
r25,rain,weather,2.0720062255859375,900,1600,1534867439162404000,,,232922,98.71968841552734,60.7236328125,image,,,,,,25,,,,2.018017292022705
r25,rain,weather,,,,1534867439199308000,12.988856315612793,17.473791122436523,,,,lidar,33108,13073,2214,344,17477,25,8.526016235351562,8.884309768676758,,
r25,rain,weather,,,,1534867439249155000,12.915704727172852,17.35506820678711,,,,lidar,33067,13031,2179,346,17511,25,8.522912979125977,8.883563995361328,,
r25,rain,weather,2.0774283409118652,900,1600,1534867439262404000,,,234113,98.41387939453125,60.914276123046875,image,,,,,,25,,,,2.051100492477417
r25,rain,weather,,,,1534867439298950000,13.009711265563965,17.500402450561523,,,,lidar,33086,13069,2204,361,17452,25,8.52947998046875,8.92395305633545,,
r25,rain,weather,,,,1534867439348701000,13.040544509887695,17.343162536621094,,,,lidar,33159,13064,2177,376,17542,25,8.535387992858887,8.960715293884277,,
r25,rain,weather,,,,1534867439399032000,13.081451416015625,17.42923927307129,,,,lidar,33186,13073,2204,353,17556,25,8.493690490722656,8.832005500793457,,
r25,rain,weather,2.096518039703369,900,1600,1534867439362404000,,,235533,99.3934097290039,60.81287384033203,image,,,,,,25,,,,2.0615968704223633
r25,rain,weather,2.083185911178589,900,1600,1534867439412404000,,,234646,99.03364562988281,60.6142692565918,image,,,,,,25,,,,2.05182147026062
r25,rain,weather,,,,1534867439448778000,13.032340049743652,17.200204849243164,,,,lidar,33153,13053,2204,357,17539,25,8.481854438781738,8.787542343139648,,
r25,rain,weather,,,,1534867439499100000,13.112650871276855,17.214487075805664,,,,lidar,33097,13095,2177,350,17475,25,8.44640827178955,8.791932106018066,,
r25,rain,weather,2.0757834911346436,900,1600,1534867439512404000,,,235429,99.24497985839844,60.73192596435547,image,,,,,,25,,,,2.072542428970337
r25,rain,weather,,,,1534867439548869000,13.191452026367188,17.422609329223633,,,,lidar,33129,13094,2172,341,17522,25,8.409146308898926,8.686261177062988,,
r25,rain,weather,,,,1534867439599196000,13.192687034606934,17.51377296447754,,,,lidar,33184,13145,2218,351,17470,25,8.3977689743042,8.686057090759277,,
r25,rain,weather,2.082949161529541,900,1600,1534867439612404000,,,236176,99.29782104492188,60.587032318115234,image,,,,,,25,,,,2.0909664630889893
r25,rain,weather,,,,1534867439648947000,13.313573837280273,17.706199645996094,,,,lidar,33192,13105,2244,361,17482,25,8.420635223388672,8.732152938842773,,
r25,rain,weather,2.0729401111602783,900,1600,1534867439662404000,,,235624,99.70564270019531,60.20036315917969,image,,,,,,25,,,,2.079782485961914
r25,rain,weather,,,,1534867439699272000,13.27175521850586,17.554912567138672,,,,lidar,33165,13054,2281,355,17475,25,8.436315536499023,8.72226333618164,,
r25,rain,weather,,,,1534867439749040000,13.31905746459961,17.525432586669922,,,,lidar,33130,13057,2242,359,17472,25,8.409346580505371,8.681653022766113,,
r25,rain,weather,2.0649378299713135,900,1600,1534867439762404000,,,234728,100.37407684326172,60.071441650390625,image,,,,,,25,,,,2.0889148712158203
r25,rain,weather,,,,1534867439798808000,13.424217224121094,17.57941436767578,,,,lidar,33115,13148,2181,342,17444,25,8.331907272338867,8.614840507507324,,
r25,rain,weather,,,,1534867439849154000,13.475808143615723,17.705989837646484,,,,lidar,33193,13190,2140,348,17515,25,8.328575134277344,8.645123481750488,,
r25,rain,weather,,,,1534867439898892000,13.49770450592041,17.6532039642334,,,,lidar,33169,13186,2075,354,17554,25,8.310477256774902,8.63325309753418,,
r25,rain,weather,2.084449291229248,900,1600,1534867439862404000,,,236229,100.39803314208984,60.207244873046875,image,,,,,,25,,,,2.1257286071777344
r25,rain,weather,2.0512187480926514,900,1600,1534867439912404000,,,234715,100.2213363647461,59.64579391479492,image,,,,,,25,,,,2.1178016662597656
r25,rain,weather,,,,1534867439949201000,13.46861457824707,17.595836639404297,,,,lidar,33182,13146,2077,376,17583,25,8.355087280273438,8.71980094909668,,
r25,rain,weather,,,,1534867439998973000,13.627979278564453,17.887653350830078,,,,lidar,33210,13173,2078,378,17581,25,8.344383239746094,8.730168342590332,,
r25,rain,weather,2.0638787746429443,900,1600,1534867440012404000,,,236212,100.36888885498047,59.63090896606445,image,,,,,,25,,,,2.140519380569458
r25,rain,weather,,,,1534867440049294000,13.737894058227539,18.06332015991211,,,,lidar,33183,13222,2046,362,17553,25,8.308181762695312,8.659904479980469,,
r25,rain,weather,,,,1534867440099074000,13.764303207397461,18.164216995239258,,,,lidar,33236,13278,2045,370,17543,25,8.317787170410156,8.700948715209961,,
r25,rain,weather,2.0729851722717285,900,1600,1534867440112404000,,,236746,100.63184356689453,59.66452407836914,image,,,,,,25,,,,2.1592047214508057
r25,rain,weather,,,,1534867440149392000,13.820950508117676,18.296133041381836,,,,lidar,33230,13335,2004,355,17536,25,8.272873878479004,8.626747131347656,,
r25,rain,weather,2.086000919342041,900,1600,1534867440162404000,,,238252,99.90635681152344,59.46308898925781,image,,,,,,25,,,,2.1663522720336914
r25,rain,weather,,,,1534867440199182000,13.851316452026367,18.251283645629883,,,,lidar,33253,13367,2004,363,17519,25,8.296608924865723,8.658498764038086,,
r25,rain,weather,,,,1534867440248910000,13.941125869750977,18.38236427307129,,,,lidar,33221,13372,1986,375,17488,25,8.313000679016113,8.7250394821167,,
r25,rain,weather,2.053468942642212,900,1600,1534867440262404000,,,236423,100.22550964355469,59.236061096191406,image,,,,,,25,,,,2.1485233306884766
r25,rain,weather,,,,1534867440299315000,14.115147590637207,18.814804077148438,,,,lidar,33311,13519,1975,388,17429,25,8.29613208770752,8.748889923095703,,
r25,rain,weather,,,,1534867440348991000,14.076242446899414,18.534530639648438,,,,lidar,33322,13436,1976,404,17506,25,8.356045722961426,8.787688255310059,,
r25,rain,weather,2.039660930633545,900,1600,1534867440362404000,,,235814,99.83236694335938,59.200050354003906,image,,,,,,25,,,,2.1417019367218018
r25,rain,weather,,,,1534867440398762000,14.139397621154785,18.800844192504883,,,,lidar,33377,13569,1966,393,17449,25,8.315292358398438,8.763641357421875,,
r25,rain,weather,2.043989896774292,900,1600,1534867440412404000,,,236817,99.904296875,59.306419372558594,image,,,,,,25,,,,2.142822504043579
r25,rain,weather,,,,1534867440449077000,14.190055847167969,18.96125602722168,,,,lidar,33369,13571,1950,407,17441,25,8.3257474899292,8.7896728515625,,
r25,rain,weather,,,,1534867440498878000,14.19334602355957,18.845836639404297,,,,lidar,33421,13629,1898,413,17481,25,8.316559791564941,8.810020446777344,,
r25,rain,weather,2.039238452911377,900,1600,1534867440512404000,,,235727,100.35970306396484,59.288116455078125,image,,,,,,25,,,,2.1305770874023438
r25,rain,weather,,,,1534867440549191000,14.259806632995605,18.948883056640625,,,,lidar,33387,13649,1876,390,17472,25,8.291391372680664,8.720110893249512,,
r25,rain,weather,,,,1534867440598931000,14.222107887268066,18.70925521850586,,,,lidar,33429,13658,1883,384,17504,25,8.32462215423584,8.744141578674316,,
r25,rain,weather,2.013183355331421,900,1600,1534867440612404000,,,235090,100.19697570800781,59.299034118652344,image,,,,,,25,,,,2.123530387878418
r25,rain,weather,,,,1534867440648695000,14.185458183288574,18.75371551513672,,,,lidar,33361,13641,1859,383,17478,25,8.324443817138672,8.756858825683594,,
r25,rain,weather,2.004049777984619,900,1600,1534867440662404000,,,234040,100.36243438720703,59.36812210083008,image,,,,,,25,,,,2.1236047744750977
r25,rain,weather,,,,1534867440699022000,14.164698600769043,18.61168098449707,,,,lidar,33380,13663,1831,395,17491,25,8.326990127563477,8.76955795288086,,
r25,rain,weather,,,,1534867440748781000,14.103309631347656,18.606327056884766,,,,lidar,33393,13736,1762,396,17499,25,8.293800354003906,8.735250473022461,,
r25,rain,weather,2.0039420127868652,900,1600,1534867440762404000,,,234167,100.17301940917969,59.091712951660156,image,,,,,,25,,,,2.116183280944824
r25,rain,weather,,,,1534867440798551000,14.209547996520996,18.695228576660156,,,,lidar,33330,13683,1688,431,17528,25,8.31994915008545,8.811630249023438,,
r25,rain,weather,,,,1534867440848893000,14.292187690734863,18.831392288208008,,,,lidar,33344,13809,1659,420,17456,25,8.253900527954102,8.690901756286621,,
r25,rain,weather,,,,1534867440898654000,14.298638343811035,18.911663055419922,,,,lidar,33317,13792,1632,440,17453,25,8.270517349243164,8.700294494628906,,
r25,rain,weather,1.990688681602478,900,1600,1534867440862404000,,,234737,100.27826690673828,59.47355270385742,image,,,,,,25,,,,2.14532470703125
r25,rain,weather,1.9810208082199097,900,1600,1534867440912404000,,,234157,100.74283599853516,59.220394134521484,image,,,,,,25,,,,2.1356923580169678
r25,rain,weather,,,,1534867440948950000,14.288047790527344,18.970813751220703,,,,lidar,33350,13820,1644,461,17425,25,8.287965774536133,8.78206729888916,,
r25,rain,weather,,,,1534867440998734000,14.302454948425293,18.75639533996582,,,,lidar,33304,13816,1592,478,17418,25,8.279474258422852,8.782106399536133,,
r25,rain,weather,1.9948474168777466,900,1600,1534867441012404000,,,234790,100.37611389160156,59.28340148925781,image,,,,,,25,,,,2.1572093963623047
r25,rain,weather,,,,1534867441048488000,14.236353874206543,18.631980895996094,,,,lidar,33300,13799,1620,470,17411,25,8.291889190673828,8.810750961303711,,
r25,rain,weather,,,,1534867441098820000,14.37620735168457,19.117258071899414,,,,lidar,33352,13897,1651,439,17365,25,8.245654106140137,8.715229988098145,,
r25,rain,weather,1.9909005165100098,900,1600,1534867441112410000,,,234651,100.87409973144531,59.43443298339844,image,,,,,,25,,,,2.1683871746063232
r25,rain,weather,,,,1534867441148588000,14.375260353088379,18.91019058227539,,,,lidar,33358,13945,1666,461,17286,25,8.242461204528809,8.82194709777832,,
r25,rain,weather,1.9758057594299316,900,1600,1534867441162404000,,,234302,100.70449829101562,59.23051071166992,image,,,,,,25,,,,2.156611442565918
r25,rain,weather,,,,1534867441198344000,14.415494918823242,19.075420379638672,,,,lidar,33342,14024,1618,446,17254,25,8.165560722351074,8.673940658569336,,
r25,rain,weather,,,,1534867441248674000,14.4139986038208,19.02487564086914,,,,lidar,33307,14018,1617,448,17224,25,8.161697387695312,8.695050239562988,,
r25,rain,weather,1.970849871635437,900,1600,1534867441262406000,,,233730,100.8651351928711,58.94047927856445,image,,,,,,25,,,,2.160860061645508
r25,rain,weather,,,,1534867441298498000,14.51881217956543,19.2646541595459,,,,lidar,33345,14056,1633,464,17192,25,8.189494132995605,8.803194999694824,,
r25,rain,weather,,,,1534867441348214000,14.492350578308105,19.323989868164062,,,,lidar,33267,14098,1581,473,17115,25,8.149191856384277,8.764678001403809,,
r25,rain,weather,,,,1534867441398516000,14.581003189086914,19.456850051879883,,,,lidar,33251,14129,1585,475,17062,25,8.146140098571777,8.801257133483887,,
r25,rain,weather,1.9785574674606323,900,1600,1534867441362404000,,,235029,101.0062255859375,58.74193572998047,image,,,,,,25,,,,2.184678077697754
r25,rain,weather,1.965306043624878,900,1600,1534867441412404000,,,234049,100.68209075927734,58.55995559692383,image,,,,,,25,,,,2.1879491806030273
r25,rain,weather,,,,1534867441448283000,14.664970397949219,19.70235824584961,,,,lidar,33212,14135,1628,473,16976,25,8.156721115112305,8.79331111907959,,
r25,rain,weather,,,,1534867441498636000,14.733564376831055,19.68857192993164,,,,lidar,33167,14135,1646,496,16890,25,8.192468643188477,8.94946575164795,,
r25,rain,weather,1.9519643783569336,900,1600,1534867441512404000,,,233476,101.2396240234375,58.41959762573242,image,,,,,,25,,,,2.194525957107544
r25,rain,weather,,,,1534867441548370000,14.678943634033203,19.59347915649414,,,,lidar,33172,14148,1602,473,16949,25,8.140109062194824,8.841582298278809,,
r25,rain,weather,,,,1534867441598151000,14.505219459533691,19.124277114868164,,,,lidar,33182,14170,1616,444,16952,25,8.106796264648438,8.729781150817871,,
r25,rain,weather,1.9431630373001099,900,1600,1534867441612404000,,,233336,101.29203033447266,57.99125289916992,image,,,,,,25,,,,2.197040557861328
r25,rain,weather,,,,1534867441648627000,14.54774284362793,19.29381561279297,,,,lidar,33125,14221,1570,457,16877,25,8.07630729675293,8.730411529541016,,
r25,rain,weather,1.9579243659973145,900,1600,1534867441662404000,,,233651,101.48612213134766,58.11219024658203,image,,,,,,25,,,,2.219411849975586
r25,rain,weather,,,,1534867441698269000,14.552157402038574,19.188135147094727,,,,lidar,33189,14280,1575,454,16880,25,8.060745239257812,8.698858261108398,,
r25,rain,weather,,,,1534867441747982000,14.677116394042969,19.453189849853516,,,,lidar,33177,14353,1547,474,16803,25,8.048480987548828,8.796957015991211,,
r25,rain,weather,1.9591271877288818,900,1600,1534867441762404000,,,234301,101.40351867675781,57.87274169921875,image,,,,,,25,,,,2.220548629760742
r25,rain,weather,,,,1534867441798300000,14.74915599822998,19.622743606567383,,,,lidar,33185,14374,1521,485,16805,25,8.028288841247559,8.736137390136719,,
r25,rain,weather,,,,1534867441848070000,14.887677192687988,19.93205451965332,,,,lidar,33158,14452,1509,497,16700,25,7.99727725982666,8.737993240356445,,
r25,rain,weather,,,,1534867441898462000,14.858440399169922,19.71968650817871,,,,lidar,33184,14429,1508,522,16725,25,8.031723976135254,8.848339080810547,,
r25,rain,weather,1.927832007408142,900,1600,1534867441862404000,,,232822,101.69083404541016,57.78586196899414,image,,,,,,25,,,,2.2231194972991943
r25,rain,weather,1.9431172609329224,900,1600,1534867441912404000,,,233543,101.85169219970703,57.768592834472656,image,,,,,,25,,,,2.22456693649292
r25,rain,weather,,,,1534867441948169000,14.956308364868164,20.02509880065918,,,,lidar,33215,14494,1556,528,16637,25,8.034728050231934,8.8560791015625,,
r25,rain,weather,,,,1534867441997956000,14.957001686096191,20.127819061279297,,,,lidar,33201,14521,1524,549,16607,25,8.028182029724121,8.867609977722168,,
r25,rain,weather,1.9526454210281372,900,1600,1534867442012404000,,,234052,101.2491683959961,57.63686752319336,image,,,,,,25,,,,2.227851152420044
r25,rain,weather,,,,1534867442047686000,15.061949729919434,20.234739303588867,,,,lidar,33202,14569,1555,544,16534,25,8.042299270629883,8.95203971862793,,
r25,rain,weather,,,,1534867442098062000,15.04409408569336,20.091350555419922,,,,lidar,33192,14726,1598,549,16319,25,8.001604080200195,8.902194023132324,,
r25,rain,weather,1.9432040452957153,900,1600,1534867442112726000,,,232744,101.50318145751953,57.43681716918945,image,,,,,,25,,,,2.226433515548706
r25,rain,weather,,,,1534867442147767000,14.951106071472168,20.023536682128906,,,,lidar,33250,14770,1661,544,16275,25,8.026427268981934,8.911377906799316,,
r25,rain,weather,1.9547688961029053,900,1600,1534867442162404000,,,234676,101.4481201171875,57.643306732177734,image,,,,,,25,,,,2.243907928466797
r25,rain,weather,,,,1534867442197540000,14.957927703857422,20.113630294799805,,,,lidar,33204,14953,1627,522,16102,25,7.934084415435791,8.807464599609375,,
r25,rain,weather,,,,1534867442247929000,15.078857421875,20.358396530151367,,,,lidar,33156,14961,1612,538,16045,25,7.970797061920166,8.940350532531738,,
r25,rain,weather,1.9343332052230835,900,1600,1534867442262404000,,,233067,101.86567687988281,57.61852264404297,image,,,,,,25,,,,2.234682321548462
r25,rain,weather,,,,1534867442297645000,15.075124740600586,20.275495529174805,,,,lidar,33191,15046,1634,525,15986,25,7.929133415222168,8.830814361572266,,
r25,rain,weather,,,,1534867442348677000,15.064361572265625,20.067975997924805,,,,lidar,33117,15159,1606,550,15802,25,7.918424606323242,8.916108131408691,,
r25,rain,weather,1.929824948310852,900,1600,1534867442362404000,,,233757,101.88980102539062,57.67412185668945,image,,,,,,25,,,,2.235275983810425
r25,rain,weather,,,,1534867442397714000,14.992538452148438,20.032684326171875,,,,lidar,33174,15233,1653,539,15749,25,7.921430587768555,8.889944076538086,,
r25,rain,weather,,,,1534867442447483000,15.005908966064453,20.089862823486328,,,,lidar,33193,15289,1621,551,15732,25,7.926527976989746,8.971609115600586,,
r25,rain,weather,1.925350546836853,900,1600,1534867442412404000,,,233450,101.44263458251953,57.41301345825195,image,,,,,,25,,,,2.228771448135376
r25,rain,weather,,,,1534867442497867000,14.947089195251465,19.963342666625977,,,,lidar,33131,15305,1605,547,15674,25,7.9040117263793945,8.897311210632324,,
r25,rain,weather,1.9237940311431885,900,1600,1534867442512404000,,,233460,101.58419799804688,57.40666580200195,image,,,,,,25,,,,2.2368834018707275
r25,rain,weather,,,,1534867442547583000,14.98803997039795,20.148216247558594,,,,lidar,33142,15378,1621,571,15572,25,7.9269866943359375,8.993745803833008,,
r25,rain,weather,,,,1534867442597876000,14.916683197021484,19.877901077270508,,,,lidar,33123,15346,1606,573,15598,25,7.937326431274414,8.983112335205078,,
r25,rain,weather,1.9338892698287964,900,1600,1534867442612404000,,,234448,101.33061981201172,57.440067291259766,image,,,,,,25,,,,2.259610652923584
r25,rain,weather,,,,1534867442647660000,15.040450096130371,20.099430084228516,,,,lidar,33096,15392,1617,558,15529,25,7.913568019866943,8.954081535339355,,
r25,rain,weather,1.9224021434783936,900,1600,1534867442662404000,,,233211,101.13175201416016,57.566619873046875,image,,,,,,25,,,,2.2607250213623047
r25,rain,weather,,,,1534867442697447000,15.067411422729492,20.23298454284668,,,,lidar,33104,15457,1584,569,15494,25,7.894803047180176,8.973943710327148,,
r25,rain,weather,,,,1534867442747761000,15.11835765838623,20.255704879760742,,,,lidar,33107,15494,1555,556,15502,25,7.868284702301025,8.941203117370605,,
r25,rain,weather,1.9536585807800293,900,1600,1534867442762404000,,,235960,100.893798828125,57.61086654663086,image,,,,,,25,,,,2.2687923908233643
r25,rain,weather,,,,1534867442797564000,15.082040786743164,20.332265853881836,,,,lidar,33140,15569,1552,573,15446,25,7.8770318031311035,8.955042839050293,,
r25,rain,weather,,,,1534867442847842000,15.098252296447754,20.411319732666016,,,,lidar,33129,15628,1530,566,15405,25,7.842644214630127,8.959628105163574,,
r25,rain,weather,1.9626349210739136,900,1600,1534867442862404000,,,235443,101.3984146118164,57.669551849365234,image,,,,,,25,,,,2.272271156311035
r25,rain,weather,,,,1534867442897618000,14.962562561035156,20.33745765686035,,,,lidar,33093,15687,1501,538,15367,25,7.770164966583252,8.80548095703125,,
r25,rain,weather,,,,1534867442947903000,15.103285789489746,20.669404983520508,,,,lidar,33080,15747,1487,547,15299,25,7.767190456390381,8.877126693725586,,
r25,rain,weather,1.9784302711486816,900,1600,1534867442912404000,,,236486,101.26654815673828,57.60599899291992,image,,,,,,25,,,,2.2734975814819336
r25,rain,weather,,,,1534867442997694000,15.021794319152832,20.52094078063965,,,,lidar,33129,15814,1461,553,15301,25,7.738600730895996,8.860198020935059,,
r25,rain,weather,,,,1534867443047995000,14.996607780456543,20.524682998657227,,,,lidar,33105,15871,1465,530,15239,25,7.683323860168457,8.7492036819458,,
r25,rain,weather,,,,1534867443097829000,14.94343090057373,20.392736434936523,,,,lidar,33070,15863,1470,556,15181,25,7.718710422515869,8.84423542022705,,
r25,rain,weather,1.9628698825836182,900,1600,1534867443112404000,,,235816,101.41280364990234,57.66642379760742,image,,,,,,25,,,,2.2896265983581543
r25,rain,weather,,,,1534867443147528000,14.830133438110352,20.187179565429688,,,,lidar,33067,15883,1497,558,15129,25,7.730580806732178,8.929445266723633,,
r25,rain,weather,1.973899006843567,900,1600,1534867443162404000,,,236297,101.22235870361328,57.63913345336914,image,,,,,,25,,,,2.2925548553466797
r25,rain,weather,,,,1534867443197863000,14.850951194763184,20.216405868530273,,,,lidar,33032,15917,1491,576,15048,25,7.727651596069336,8.914246559143066,,
r25,rain,weather,,,,1534867443247608000,14.918774604797363,20.369630813598633,,,,lidar,32998,15921,1507,556,15014,25,7.705285549163818,8.885689735412598,,
r25,rain,weather,1.9496372938156128,900,1600,1534867443262404000,,,235669,101.37602233886719,57.67146301269531,image,,,,,,25,,,,2.284648895263672
r25,rain,weather,,,,1534867443297939000,14.950753211975098,20.371484756469727,,,,lidar,33004,15991,1506,575,14932,25,7.693013668060303,8.946553230285645,,
r25,rain,weather,,,,1534867443347701000,14.824073791503906,20.21247100830078,,,,lidar,32999,15979,1540,570,14910,25,7.714516639709473,8.975062370300293,,
r25,rain,weather,1.9727503061294556,900,1600,1534867443362404000,,,236091,101.52595520019531,57.60224914550781,image,,,,,,25,,,,2.280646562576294
r25,rain,weather,,,,1534867443397468000,14.677064895629883,19.933002471923828,,,,lidar,33012,16007,1515,591,14899,25,7.717041969299316,9.002487182617188,,
r25,rain,weather,,,,1534867443447793000,14.629572868347168,19.89679718017578,,,,lidar,33077,16031,1563,568,14915,25,7.706362247467041,8.940240859985352,,
r25,rain,weather,2.003514051437378,900,1600,1534867443412404000,,,238112,101.49784088134766,57.528160095214844,image,,,,,,25,,,,2.292879581451416
r25,rain,weather,,,,1534867443497572000,14.665307998657227,20.045169830322266,,,,lidar,33044,16075,1513,581,14875,25,7.683582782745361,8.947111129760742,,
r25,rain,weather,1.9787999391555786,900,1600,1534867443512404000,,,236035,101.85575866699219,57.40840148925781,image,,,,,,25,,,,2.280477523803711
r25,rain,weather,,,,1534867443547324000,14.556596755981445,19.915868759155273,,,,lidar,33011,16096,1553,579,14783,25,7.694193363189697,8.974939346313477,,
r25,rain,weather,,,,1534867443597672000,14.554463386535645,19.932554244995117,,,,lidar,33055,16187,1560,554,14754,25,7.640010356903076,8.864256858825684,,
r25,rain,weather,1.9840532541275024,900,1600,1534867443612404000,,,237030,101.28804779052734,57.80205535888672,image,,,,,,25,,,,2.2915377616882324
r25,rain,weather,,,,1534867443647400000,14.653395652770996,20.285165786743164,,,,lidar,33049,16187,1527,567,14768,25,7.640127182006836,8.917016983032227,,
r25,rain,weather,1.9767730236053467,900,1600,1534867443662404000,,,236033,101.72786712646484,57.579010009765625,image,,,,,,25,,,,2.2846710681915283
r25,rain,weather,,,,1534867443697742000,14.582551002502441,20.189645767211914,,,,lidar,33072,16227,1542,558,14745,25,7.624917984008789,8.86263656616211,,
r25,rain,weather,,,,1534867443747485000,14.614646911621094,20.332786560058594,,,,lidar,33047,16223,1568,575,14681,25,7.654228687286377,8.972366333007812,,
r25,rain,weather,1.9780383110046387,900,1600,1534867443762404000,,,235869,102.29341888427734,57.2958984375,image,,,,,,25,,,,2.276310443878174
r25,rain,weather,,,,1534867443797279000,14.545866966247559,20.107606887817383,,,,lidar,33104,16261,1571,572,14700,25,7.642611503601074,8.94516372680664,,
r25,rain,weather,,,,1534867443847571000,14.560622215270996,20.057241439819336,,,,lidar,33101,16322,1536,571,14672,25,7.598939418792725,8.88387680053711,,
r25,rain,weather,1.9734097719192505,900,1600,1534867443862404000,,,236432,101.7485580444336,57.236698150634766,image,,,,,,25,,,,2.2800703048706055
r25,rain,weather,,,,1534867443897376000,14.598986625671387,20.215927124023438,,,,lidar,33091,16299,1555,562,14675,25,7.601938247680664,8.904278755187988,,
r25,rain,weather,,,,1534867443947127000,14.539750099182129,20.010793685913086,,,,lidar,33077,16311,1535,575,14656,25,7.609835147857666,8.970016479492188,,
r25,rain,weather,1.996993899345398,900,1600,1534867443912404000,,,237842,101.63048553466797,57.40409469604492,image,,,,,,25,,,,2.27793025970459
r25,rain,weather,,,,1534867443997478000,14.481775283813477,20.075775146484375,,,,lidar,33134,16383,1571,559,14621,25,7.59545373916626,8.952988624572754,,
r25,rain,weather,1.9755284786224365,900,1600,1534867444012404000,,,235920,101.84291076660156,57.26048278808594,image,,,,,,25,,,,2.2791225910186768
r25,rain,weather,,,,1534867444047199000,14.52348804473877,20.073034286499023,,,,lidar,33088,16387,1556,562,14583,25,7.5753021240234375,8.919053077697754,,
r25,rain,weather,,,,1534867444097519000,14.42314338684082,19.924171447753906,,,,lidar,33108,16387,1566,555,14600,25,7.562385559082031,8.850554466247559,,
r25,rain,weather,1.9609686136245728,900,1600,1534867444112404000,,,235337,101.91451263427734,57.37213134765625,image,,,,,,25,,,,2.290231466293335
r25,rain,weather,,,,1534867444147295000,14.336174011230469,19.78647804260254,,,,lidar,33109,16359,1567,567,14616,25,7.593618869781494,8.946393013000488,,
r25,rain,weather,1.9599590301513672,900,1600,1534867444162404000,,,235503,101.96045684814453,57.3963508605957,image,,,,,,25,,,,2.2881569862365723
r25,rain,weather,,,,1534867444198036000,14.35658073425293,19.816707611083984,,,,lidar,33130,16383,1550,562,14635,25,7.566477298736572,8.896757125854492,,
r25,rain,weather,,,,1534867444247372000,14.365641593933105,19.80377960205078,,,,lidar,33097,16400,1540,573,14584,25,7.572153091430664,8.992963790893555,,
r25,rain,weather,1.9513230323791504,900,1600,1534867444262404000,,,235520,102.19738006591797,57.33064651489258,image,,,,,,25,,,,2.288379430770874
r25,rain,weather,,,,1534867444297132000,14.30980110168457,19.67163848876953,,,,lidar,33071,16430,1524,558,14559,25,7.5282301902771,8.86423110961914,,
r25,rain,weather,,,,1534867444347449000,14.3800048828125,19.71925163269043,,,,lidar,33071,16384,1558,559,14570,25,7.563458442687988,8.91860580444336,,
r25,rain,weather,1.9855618476867676,900,1600,1534867444362404000,,,236980,101.69548797607422,57.32402801513672,image,,,,,,25,,,,2.2900638580322266
r25,rain,weather,,,,1534867444397270000,14.267389297485352,19.466838836669922,,,,lidar,33066,16402,1543,553,14568,25,7.554080486297607,8.942670822143555,,
r25,rain,weather,,,,1534867444447580000,14.272151947021484,19.465612411499023,,,,lidar,33059,16359,1536,549,14615,25,7.549612522125244,8.888176918029785,,
r25,rain,weather,1.9923639297485352,900,1600,1534867444412404000,,,237849,101.5703125,57.343345642089844,image,,,,,,25,,,,2.3087847232818604
r25,rain,weather,,,,1534867444497330000,14.253241539001465,19.41119956970215,,,,lidar,33000,16292,1540,560,14608,25,7.573215484619141,8.928393363952637,,
r25,rain,weather,1.9563442468643188,900,1600,1534867444512404000,,,235794,101.60807037353516,57.32756423950195,image,,,,,,25,,,,2.307377576828003
r25,rain,weather,,,,1534867444547070000,14.30296802520752,19.555551528930664,,,,lidar,33027,16339,1566,529,14593,25,7.539829254150391,8.829018592834473,,
r25,rain,weather,,,,1534867444597408000,14.3848295211792,19.71375846862793,,,,lidar,32997,16342,1549,547,14559,25,7.544189929962158,8.902287483215332,,
r25,rain,weather,1.973055362701416,900,1600,1534867444612404000,,,237266,101.6539535522461,57.55071258544922,image,,,,,,25,,,,2.3354721069335938
r25,rain,weather,,,,1534867444647162000,14.321035385131836,19.50238609313965,,,,lidar,33024,16295,1570,554,14605,25,7.591350078582764,8.930718421936035,,
r25,rain,weather,1.983032464981079,900,1600,1534867444662404000,,,237617,101.47998809814453,57.54884719848633,image,,,,,,25,,,,2.3344576358795166
r25,rain,weather,,,,1534867444696959000,14.430553436279297,19.833003997802734,,,,lidar,33032,16404,1531,532,14565,25,7.492300987243652,8.798548698425293,,
r25,rain,weather,,,,1534867444747268000,14.502893447875977,19.94425392150879,,,,lidar,33026,16360,1532,551,14583,25,7.538977146148682,8.909124374389648,,
r25,rain,weather,1.992300033569336,900,1600,1534867444762404000,,,238105,101.52195739746094,57.670654296875,image,,,,,,25,,,,2.340120315551758
r25,rain,weather,,,,1534867444797028000,14.559449195861816,19.847396850585938,,,,lidar,33062,16349,1564,554,14595,25,7.558313369750977,8.920923233032227,,
r25,rain,weather,,,,1534867444847332000,14.499614715576172,19.668376922607422,,,,lidar,32964,16302,1558,545,14559,25,7.5488505363464355,8.883492469787598,,
r25,rain,weather,1.9857536554336548,900,1600,1534867444862404000,,,238042,101.43983459472656,57.71166229248047,image,,,,,,25,,,,2.339285373687744
r25,rain,weather,,,,1534867444897099000,14.495170593261719,19.59237289428711,,,,lidar,33019,16323,1577,547,14572,25,7.553671836853027,8.870704650878906,,
r25,rain,weather,,,,1534867444947433000,14.558478355407715,19.614479064941406,,,,lidar,33074,16382,1582,538,14572,25,7.534777641296387,8.849935531616211,,
r25,rain,weather,1.9752094745635986,900,1600,1534867444912405000,,,237744,101.44876861572266,57.74437713623047,image,,,,,,25,,,,2.346031665802002
r25,rain,weather,,,,1534867444997186000,14.562296867370605,19.580772399902344,,,,lidar,33077,16365,1561,544,14607,25,7.552637577056885,8.913179397583008,,
r25,rain,weather,2.0119192600250244,900,1600,1534867445012404000,,,239550,101.76237487792969,57.76521301269531,image,,,,,,25,,,,2.348527431488037
r25,rain,weather,,,,1534867445047520000,14.572649002075195,19.60298728942871,,,,lidar,33091,16407,1532,548,14604,25,7.51900577545166,8.866893768310547,,
r25,rain,weather,,,,1534867445097266000,14.672904968261719,19.846805572509766,,,,lidar,33093,16372,1547,566,14608,25,7.578989028930664,9.017972946166992,,
r25,rain,weather,1.9861565828323364,900,1600,1534867445112404000,,,237686,101.8127212524414,57.965091705322266,image,,,,,,25,,,,2.3438327312469482
r25,rain,weather,,,,1534867445147595000,14.617376327514648,19.68784523010254,,,,lidar,33149,16384,1548,559,14658,25,7.55778169631958,8.905828475952148,,
r25,rain,weather,1.9882322549819946,900,1600,1534867445162404000,,,238408,101.39856719970703,57.7499885559082,image,,,,,,25,,,,2.338723659515381
r25,rain,weather,,,,1534867445197943000,14.702693939208984,19.825788497924805,,,,lidar,33107,16375,1515,551,14666,25,7.5359930992126465,8.897729873657227,,
r25,rain,weather,,,,1534867445247706000,14.720734596252441,19.801488876342773,,,,lidar,33090,16344,1584,572,14590,25,7.593642234802246,9.013788223266602,,
r25,rain,weather,2.0006871223449707,900,1600,1534867445262404000,,,238892,101.29348754882812,57.95701217651367,image,,,,,,25,,,,2.35068678855896
r25,rain,weather,,,,1534867445298022000,14.71348762512207,19.801483154296875,,,,lidar,33090,16427,1542,558,14563,25,7.532381057739258,8.909371376037598,,
r25,rain,weather,,,,1534867445347757000,14.66773796081543,19.7774715423584,,,,lidar,33098,16431,1541,527,14599,25,7.494289398193359,8.807480812072754,,
r25,rain,weather,,,,1534867445398100000,14.70389175415039,19.8544979095459,,,,lidar,33058,16359,1547,549,14603,25,7.543198585510254,8.894917488098145,,
r25,rain,weather,1.9926996231079102,900,1600,1534867445362404000,,,237689,101.28224182128906,57.784629821777344,image,,,,,,25,,,,2.3403663635253906
r25,rain,weather,,,,1534867445447852000,14.792135238647461,19.991487503051758,,,,lidar,33072,16422,1561,532,14557,25,7.509724140167236,8.85657024383545,,
r25,rain,weather,,,,1534867445498217000,14.8310546875,20.066112518310547,,,,lidar,33104,16413,1539,565,14587,25,7.546736240386963,8.923147201538086,,
r25,rain,weather,2.007761001586914,900,1600,1534867445512404000,,,239401,101.1989974975586,58.03547286987305,image,,,,,,25,,,,2.361595630645752
r25,rain,weather,,,,1534867445547947000,14.879301071166992,20.14031219482422,,,,lidar,33041,16411,1532,546,14552,25,7.508630752563477,8.84476089477539,,
r25,rain,weather,,,,1534867445597727000,14.975791931152344,20.353771209716797,,,,lidar,33080,16486,1526,550,14518,25,7.5084991455078125,8.905771255493164,,
r25,rain,weather,1.9924376010894775,900,1600,1534867445612404000,,,238306,101.18981170654297,58.07781219482422,image,,,,,,25,,,,2.355759859085083
r25,rain,weather,,,,1534867445648244000,15.080389022827148,20.473112106323242,,,,lidar,32978,16398,1539,551,14490,25,7.526375770568848,8.905993461608887,,
r25,rain,weather,1.9987534284591675,900,1600,1534867445662404000,,,239397,100.983642578125,58.1773681640625,image,,,,,,25,,,,2.35857892036438
r25,rain,weather,,,,1534867445697790000,14.921672821044922,20.11690902709961,,,,lidar,33018,16444,1559,525,14490,25,7.488808631896973,8.793782234191895,,
r25,rain,weather,,,,1534867445748133000,15.081844329833984,20.250150680541992,,,,lidar,33058,16460,1537,552,14509,25,7.528184413909912,8.929295539855957,,
r25,rain,weather,1.979629635810852,900,1600,1534867445762404000,,,237752,100.97613525390625,58.16533279418945,image,,,,,,25,,,,2.3613271713256836
r25,rain,weather,,,,1534867445797874000,15.135037422180176,20.36635971069336,,,,lidar,33029,16482,1537,528,14482,25,7.489415168762207,8.84320068359375,,
r25,rain,weather,,,,1534867445848195000,15.244366645812988,20.53759765625,,,,lidar,32991,16486,1559,536,14410,25,7.499505519866943,8.877131462097168,,
r25,rain,weather,,,,1534867445897959000,15.17906665802002,20.400691986083984,,,,lidar,33024,16495,1540,529,14460,25,7.4948530197143555,8.856010437011719,,
r25,rain,weather,2.0048537254333496,900,1600,1534867445862404000,,,238936,101.05889892578125,58.247161865234375,image,,,,,,25,,,,2.3595077991485596
r25,rain,weather,2.0014169216156006,900,1600,1534867445913480000,,,239440,100.8714370727539,58.21915817260742,image,,,,,,25,,,,2.3529741764068604
r25,rain,weather,,,,1534867445948276000,15.241599082946777,20.437768936157227,,,,lidar,33061,16499,1530,554,14478,25,7.514606475830078,8.905268669128418,,
r25,rain,weather,,,,1534867445998033000,15.304025650024414,20.525453567504883,,,,lidar,33061,16511,1537,551,14462,25,7.513864994049072,8.892546653747559,,
r25,rain,weather,1.980619192123413,900,1600,1534867446012404000,,,237495,101.04170989990234,58.263423919677734,image,,,,,,25,,,,2.3542706966400146
r25,rain,weather,,,,1534867446048388000,15.348322868347168,20.529178619384766,,,,lidar,33081,16570,1529,556,14426,25,7.507300853729248,8.93766975402832,,
r25,rain,weather,,,,1534867446098139000,15.372328758239746,20.638938903808594,,,,lidar,33104,16597,1559,529,14419,25,7.479175090789795,8.858646392822266,,
r25,rain,weather,1.966423511505127,900,1600,1534867446112404000,,,237104,100.87458801269531,58.2620849609375,image,,,,,,25,,,,2.3473386764526367
r25,rain,weather,,,,1534867446148460000,15.464728355407715,20.817367553710938,,,,lidar,33115,16632,1531,539,14413,25,7.4687347412109375,8.858802795410156,,
r25,rain,weather,1.9835591316223145,900,1600,1534867446162404000,,,238395,100.68024444580078,58.483123779296875,image,,,,,,25,,,,2.3616769313812256
r25,rain,weather,,,,1534867446198255000,15.528949737548828,20.86271858215332,,,,lidar,33079,16599,1547,547,14386,25,7.501068115234375,8.932502746582031,,
r25,rain,weather,,,,1534867446248542000,15.529508590698242,20.800994873046875,,,,lidar,33101,16664,1507,554,14376,25,7.462521553039551,8.895610809326172,,
r25,rain,weather,1.9519790410995483,900,1600,1534867446262404000,,,236425,100.98023223876953,58.372493743896484,image,,,,,,25,,,,2.3483641147613525
r25,rain,weather,,,,1534867446298332000,15.430480003356934,20.622243881225586,,,,lidar,33125,16650,1553,532,14390,25,7.467868328094482,8.852250099182129,,
r25,rain,weather,,,,1534867446348622000,15.56712818145752,20.78571891784668,,,,lidar,33036,16644,1535,535,14322,25,7.4533491134643555,8.876240730285645,,
r25,rain,weather,1.9620721340179443,900,1600,1534867446362404000,,,237598,100.99070739746094,58.30599594116211,image,,,,,,25,,,,2.33762788772583
r25,rain,weather,,,,1534867446398402000,15.583998680114746,20.716325759887695,,,,lidar,33073,16615,1545,560,14353,25,7.50602388381958,8.976057052612305,,
r25,rain,weather,,,,1534867446448725000,15.673140525817871,20.76495361328125,,,,lidar,33081,16637,1540,568,14336,25,7.503734111785889,8.973695755004883,,
r25,rain,weather,,,,1534867446498488000,15.729510307312012,20.780527114868164,,,,lidar,33025,16647,1557,562,14259,25,7.4966020584106445,8.954237937927246,,
r25,rain,weather,1.9493614435195923,900,1600,1534867446512404000,,,236066,101.04035186767578,58.219966888427734,image,,,,,,25,,,,2.3448290824890137
r25,rain,weather,,,,1534867446548787000,15.683710098266602,20.579004287719727,,,,lidar,33040,16648,1560,549,14283,25,7.492451190948486,8.960582733154297,,
r25,rain,weather,,,,1534867446598957000,15.873774528503418,20.86874771118164,,,,lidar,33028,16687,1551,555,14235,25,7.480249404907227,8.980321884155273,,
r25,rain,weather,1.9641164541244507,900,1600,1534867446612404000,,,237192,101.00859069824219,58.26787185668945,image,,,,,,25,,,,2.3467464447021484
r25,rain,weather,,,,1534867446648313000,15.934638977050781,21.018543243408203,,,,lidar,33008,16728,1518,546,14216,25,7.434978485107422,8.957574844360352,,
r25,rain,weather,1.9792057275772095,900,1600,1534867446662404000,,,238338,100.86408996582031,58.39921951293945,image,,,,,,25,,,,2.357734203338623
r25,rain,weather,,,,1534867446698662000,15.954117774963379,20.98550796508789,,,,lidar,32999,16708,1523,547,14221,25,7.4339518547058105,8.920222282409668,,
r25,rain,weather,,,,1534867446748415000,16.0969295501709,21.081668853759766,,,,lidar,33045,16735,1516,567,14227,25,7.463841915130615,9.010955810546875,,
r25,rain,weather,1.980765700340271,900,1600,1534867446762404000,,,237883,101.03309631347656,58.141788482666016,image,,,,,,25,,,,2.338425397872925
r25,rain,weather,,,,1534867446798721000,16.204681396484375,21.182649612426758,,,,lidar,33028,16700,1586,545,14197,25,7.469293117523193,8.965807914733887,,
r25,rain,weather,,,,1534867446848594000,16.253273010253906,21.271034240722656,,,,lidar,33076,16762,1552,561,14201,25,7.4544219970703125,8.986615180969238,,
r25,rain,weather,,,,1534867446898817000,16.35763931274414,21.33769416809082,,,,lidar,33097,16766,1576,564,14191,25,7.468325138092041,8.993820190429688,,
r25,rain,weather,1.9562976360321045,900,1600,1534867446862404000,,,236529,101.17992401123047,57.9606819152832,image,,,,,,25,,,,2.330160617828369
r25,rain,weather,1.9807469844818115,900,1600,1534867446912404000,,,237843,101.07914733886719,58.056766510009766,image,,,,,,25,,,,2.33400297164917
r25,rain,weather,,,,1534867446948573000,16.319307327270508,21.146705627441406,,,,lidar,33087,16779,1538,576,14194,25,7.463454723358154,9.011063575744629,,
r25,rain,weather,,,,1534867446998928000,16.390121459960938,21.166061401367188,,,,lidar,33093,16756,1564,548,14225,25,7.4559502601623535,8.99790096282959,,
r25,rain,weather,1.971803903579712,900,1600,1534867447012404000,,,237100,101.08859252929688,57.9889030456543,image,,,,,,25,,,,2.3281431198120117
r25,rain,weather,,,,1534867447048666000,16.429067611694336,21.236679077148438,,,,lidar,33093,16815,1553,560,14165,25,7.447659015655518,9.02335262298584,,
r25,rain,weather,,,,1534867447098978000,16.328798294067383,21.04468536376953,,,,lidar,33098,16825,1528,553,14192,25,7.414210796356201,8.926376342773438,,
r25,rain,weather,1.982042908668518,900,1600,1534867447112404000,,,237662,100.99761199951172,58.020381927490234,image,,,,,,25,,,,2.337009906768799
r25,rain,weather,,,,1534867447149337000,16.368000030517578,21.085376739501953,,,,lidar,33124,16809,1541,554,14220,25,7.4254961013793945,8.985626220703125,,
r25,rain,weather,1.9667855501174927,900,1600,1534867447162404000,,,237690,100.71802520751953,58.14853286743164,image,,,,,,25,,,,2.341097116470337
r25,rain,weather,,,,1534867447199078000,16.375497817993164,21.03898048400879,,,,lidar,33104,16807,1569,546,14182,25,7.421594619750977,8.965181350708008,,
r25,rain,weather,,,,1534867447249400000,16.44730567932129,21.128520965576172,,,,lidar,33105,16781,1556,548,14220,25,7.428201675415039,8.974642753601074,,
r25,rain,weather,,,,1534867447299163000,16.45638084411621,21.00070571899414,,,,lidar,33093,16789,1576,560,14168,25,7.440591335296631,9.035965919494629,,
r25,rain,weather,1.9529969692230225,900,1600,1534867447262404000,,,236493,101.19942474365234,57.866241455078125,image,,,,,,25,,,,2.3186261653900146
r25,rain,weather,,,,1534867447349496000,16.535280227661133,21.140625,,,,lidar,33101,16765,1559,565,14212,25,7.45308256149292,9.059686660766602,,
r25,rain,weather,1.9672726392745972,900,1600,1534867447362404000,,,237043,101.13230895996094,58.09827423095703,image,,,,,,25,,,,2.327460289001465
r25,rain,weather,,,,1534867447399251000,16.54446029663086,21.19002342224121,,,,lidar,33102,16774,1561,561,14206,25,7.432816505432129,9.007179260253906,,
r25,rain,weather,1.9809908866882324,900,1600,1534867447412404000,,,237278,100.96175384521484,58.2314453125,image,,,,,,25,,,,2.3296642303466797
r25,rain,weather,,,,1534867447499356000,16.592918395996094,21.319896697998047,,,,lidar,32874,16703,1524,541,14106,25,7.37222957611084,8.926288604736328,,
r25,rain,weather,1.9920158386230469,900,1600,1534867447512404000,,,238351,100.962646484375,58.136962890625,image,,,,,,25,,,,2.3276584148406982
r25,rain,weather,,,,1534867447549666000,16.687257766723633,21.44948387145996,,,,lidar,33102,16755,1538,584,14225,25,7.450067043304443,9.090455055236816,,
r25,rain,weather,,,,1534867447599434000,16.607280731201172,21.31971549987793,,,,lidar,33074,16775,1557,537,14205,25,7.3885273933410645,8.902880668640137,,
r25,rain,weather,1.9671308994293213,900,1600,1534867447612404000,,,237156,100.95166778564453,58.14583969116211,image,,,,,,25,,,,2.3170266151428223
r25,rain,weather,,,,1534867447649202000,16.650192260742188,21.38351058959961,,,,lidar,33065,16775,1544,551,14195,25,7.408466815948486,8.97127628326416,,
r25,rain,weather,1.9456987380981445,900,1600,1534867447662404000,,,235991,100.9841079711914,58.091556549072266,image,,,,,,25,,,,2.30562162399292
r25,rain,weather,,,,1534867447699509000,16.742307662963867,21.505489349365234,,,,lidar,33080,16821,1525,566,14168,25,7.402962684631348,8.967267990112305,,
r25,rain,weather,,,,1534867447749283000,16.778913497924805,21.502355575561523,,,,lidar,33058,16865,1547,558,14088,25,7.39396333694458,8.972082138061523,,
r25,rain,weather,,,,1534867447799634000,16.800107955932617,21.51645278930664,,,,lidar,33085,16884,1552,552,14097,25,7.391382694244385,8.967416763305664,,
r25,rain,weather,1.951041579246521,900,1600,1534867447762404000,,,235883,100.9116439819336,58.24252700805664,image,,,,,,25,,,,2.3168234825134277
r25,rain,weather,,,,1534867447849358000,16.83208656311035,21.567752838134766,,,,lidar,33054,16951,1519,537,14047,25,7.320080280303955,8.84994125366211,,
r25,rain,weather,1.9458578824996948,900,1600,1534867447862404000,,,235736,100.92506408691406,58.27113342285156,image,,,,,,25,,,,2.317570209503174
r25,rain,weather,,,,1534867447899120000,16.896486282348633,21.554502487182617,,,,lidar,33086,16907,1523,569,14087,25,7.404252529144287,8.992820739746094,,
r25,rain,weather,1.941052794456482,900,1600,1534867447912404000,,,235446,100.92666625976562,58.22257614135742,image,,,,,,25,,,,2.312884569168091
r25,rain,weather,,,,1534867447949457000,16.95468521118164,21.570964813232422,,,,lidar,33026,16881,1537,562,14046,25,7.404327392578125,8.99572467803955,,
r25,rain,weather,,,,1534867447999205000,17.052677154541016,21.713796615600586,,,,lidar,33049,16918,1542,571,14018,25,7.39644193649292,8.97978687286377,,
r25,rain,weather,1.9582829475402832,900,1600,1534867448012404000,,,236100,100.9115219116211,58.253421783447266,image,,,,,,25,,,,2.309650421142578
r25,rain,weather,,,,1534867448048993000,17.042821884155273,21.677921295166016,,,,lidar,33048,17021,1512,551,13964,25,7.335888385772705,8.91689395904541,,
r25,rain,weather,,,,1534867448099299000,17.006433486938477,21.666120529174805,,,,lidar,33018,17015,1528,542,13933,25,7.328117847442627,8.900505065917969,,
r25,rain,weather,1.97234308719635,900,1600,1534867448112404000,,,236975,100.89515686035156,58.333805084228516,image,,,,,,25,,,,2.3166913986206055
r25,rain,weather,,,,1534867448149086000,17.068767547607422,21.736833572387695,,,,lidar,33027,17021,1535,542,13929,25,7.333459854125977,8.899560928344727,,
r25,rain,weather,1.9633451700210571,900,1600,1534867448162404000,,,237768,100.80398559570312,58.32103729248047,image,,,,,,25,,,,2.3194327354431152
r25,rain,weather,,,,1534867448198839000,17.06899070739746,21.799070358276367,,,,lidar,33072,17033,1545,540,13954,25,7.342466831207275,8.912372589111328,,
r25,rain,weather,,,,1534867448249153000,16.977712631225586,21.59032440185547,,,,lidar,33080,17043,1522,563,13952,25,7.3797078132629395,9.023698806762695,,
r25,rain,weather,,,,1534867448298906000,16.990001678466797,21.51032829284668,,,,lidar,33082,17104,1504,548,13926,25,7.319090366363525,8.920190811157227,,
r25,rain,weather,1.9739267826080322,900,1600,1534867448262404000,,,236811,100.83828735351562,58.48038864135742,image,,,,,,25,,,,2.318748712539673
r25,rain,weather,,,,1534867448348687000,17.04476547241211,21.720687866210938,,,,lidar,33076,17071,1542,541,13922,25,7.340690612792969,8.917292594909668,,
r25,rain,weather,1.9750698804855347,900,1600,1534867448362404000,,,237300,100.7231674194336,58.454341888427734,image,,,,,,25,,,,2.315756320953369
r25,rain,weather,,,,1534867448398993000,16.976085662841797,21.581388473510742,,,,lidar,33068,17087,1514,569,13898,25,7.374542713165283,9.075636863708496,,
r25,rain,weather,1.9714168310165405,900,1600,1534867448412404000,,,237527,100.54981231689453,58.57791519165039,image,,,,,,25,,,,2.321648359298706
r25,rain,weather,,,,1534867448448790000,16.945148468017578,21.44144630432129,,,,lidar,33055,17036,1519,543,13957,25,7.349997520446777,8.948506355285645,,
r25,rain,weather,,,,1534867448501017000,16.91242218017578,21.513410568237305,,,,lidar,33089,17097,1525,555,13912,25,7.362771511077881,9.00175952911377,,
r25,rain,weather,1.9641886949539185,900,1600,1534867448512404000,,,236284,100.60452270507812,58.51104736328125,image,,,,,,25,,,,2.3127989768981934
r25,rain,weather,,,,1534867448548298000,16.925825119018555,21.458148956298828,,,,lidar,33050,17019,1551,533,13947,25,7.364572048187256,8.915776252746582,,
r25,rain,weather,,,,1534867448598608000,17.01871681213379,21.62489128112793,,,,lidar,33055,17078,1519,533,13925,25,7.33837366104126,8.949003219604492,,
r25,rain,weather,1.9515502452850342,900,1600,1534867448612404000,,,235927,100.39209747314453,58.70344924926758,image,,,,,,25,,,,2.3138022422790527
r25,rain,weather,,,,1534867448648391000,17.00370979309082,21.617496490478516,,,,lidar,33016,17055,1504,531,13926,25,7.323927402496338,8.870591163635254,,
r25,rain,weather,,,,1534867448698154000,16.926599502563477,21.478178024291992,,,,lidar,33093,17052,1531,549,13961,25,7.372257709503174,8.953692436218262,,
r25,rain,weather,1.95391845703125,900,1600,1534867448662404000,,,236018,100.3654556274414,58.632904052734375,image,,,,,,25,,,,2.305532455444336
r25,rain,weather,,,,1534867448748461000,17.007871627807617,21.738393783569336,,,,lidar,33066,17094,1524,537,13911,25,7.3356733322143555,8.922698020935059,,
r25,rain,weather,1.9584205150604248,900,1600,1534867448762404000,,,236541,100.36126708984375,58.66729736328125,image,,,,,,25,,,,2.302320718765259
r25,rain,weather,,,,1534867448798230000,16.91781997680664,21.577037811279297,,,,lidar,33069,17039,1515,546,13969,25,7.36562967300415,8.937827110290527,,
r25,rain,weather,,,,1534867448848003000,16.932449340820312,21.630170822143555,,,,lidar,33116,17072,1543,527,13974,25,7.3496994972229,8.904192924499512,,
r25,rain,weather,1.9457896947860718,900,1600,1534867448862404000,,,235378,100.3847885131836,58.55678176879883,image,,,,,,25,,,,2.28670597076416
r25,rain,weather,,,,1534867448897778000,17.000741958618164,21.749879837036133,,,,lidar,33043,17056,1512,539,13936,25,7.339499473571777,8.904387474060059,,
r25,rain,weather,1.949130654335022,900,1600,1534867448912404000,,,235927,100.00375366210938,58.762821197509766,image,,,,,,25,,,,2.2845139503479004
r25,rain,weather,,,,1534867448948104000,17.01724624633789,21.90496063232422,,,,lidar,33050,17019,1537,538,13956,25,7.380209445953369,8.988797187805176,,
r25,rain,weather,,,,1534867448997881000,17.069915771484375,21.942724227905273,,,,lidar,33023,17003,1492,541,13987,25,7.355128288269043,8.935714721679688,,
r25,rain,weather,1.944493055343628,900,1600,1534867449012404000,,,236027,99.96797943115234,58.9046745300293,image,,,,,,25,,,,2.2847914695739746
r25,rain,weather,,,,1534867449047614000,17.01768684387207,21.741741180419922,,,,lidar,33046,16953,1531,528,14034,25,7.372221946716309,8.9142427444458,,
r25,rain,weather,,,,1534867449097411000,16.968507766723633,21.6892147064209,,,,lidar,33047,17018,1510,516,14003,25,7.32130765914917,8.86164665222168,,
r25,rain,weather,1.9640685319900513,900,1600,1534867449112404000,,,236628,100.01403045654297,58.83869552612305,image,,,,,,25,,,,2.2805402278900146
r25,rain,weather,,,,1534867449147711000,16.938472747802734,21.583967208862305,,,,lidar,33081,16992,1534,513,14042,25,7.341554641723633,8.841072082519531,,
r25,rain,weather,,,,1534867449197488000,17.01494598388672,21.74183464050293,,,,lidar,33071,17027,1543,524,13977,25,7.3455634117126465,8.891061782836914,,
r25,rain,weather,1.9451136589050293,900,1600,1534867449162404000,,,234639,100.4195327758789,58.52301025390625,image,,,,,,25,,,,2.241774082183838
r25,rain,weather,,,,1534867449247234000,16.968360900878906,21.65547752380371,,,,lidar,33069,17028,1499,498,14044,25,7.288072109222412,8.763190269470215,,
r25,rain,weather,1.9623264074325562,900,1600,1534867449262404000,,,236823,99.74011993408203,58.980899810791016,image,,,,,,25,,,,2.261873722076416
r25,rain,weather,,,,1534867449297549000,17.03666877746582,21.71041488647461,,,,lidar,33115,16944,1564,520,14087,25,7.392285346984863,8.914576530456543,,
r25,rain,weather,,,,1534867449347330000,17.060409545898438,21.745006561279297,,,,lidar,33117,16962,1538,518,14099,25,7.371772289276123,8.894257545471191,,
r25,rain,weather,1.9510186910629272,900,1600,1534867449362404000,,,235798,100.0429916381836,59.22740173339844,image,,,,,,25,,,,2.2663159370422363
r25,rain,weather,,,,1534867449397659000,17.034408569335938,21.638521194458008,,,,lidar,33095,16930,1530,525,14110,25,7.379612922668457,8.910297393798828,,
r25,rain,weather,1.9423785209655762,900,1600,1534867449412404000,,,235817,100.05872344970703,59.203956604003906,image,,,,,,25,,,,2.2547733783721924
r25,rain,weather,,,,1534867449497753000,17.085582733154297,21.743009567260742,,,,lidar,32944,16901,1525,515,14003,25,7.349867343902588,8.895586967468262,,
r25,rain,weather,1.9451441764831543,900,1600,1534867449512404000,,,235222,100.07426452636719,59.18701171875,image,,,,,,25,,,,2.2572734355926514
r25,rain,weather,,,,1534867449548323000,17.04031753540039,21.73560333251953,,,,lidar,33127,16900,1558,522,14147,25,7.400833606719971,8.916380882263184,,
r25,rain,weather,,,,1534867449597829000,17.09162139892578,21.7044734954834,,,,lidar,33122,16888,1540,525,14169,25,7.400278568267822,8.958369255065918,,
r25,rain,weather,1.9409818649291992,900,1600,1534867449612404000,,,235101,99.87232208251953,59.228111267089844,image,,,,,,25,,,,2.2485406398773193
r25,rain,weather,,,,1534867449647608000,17.070573806762695,21.71024513244629,,,,lidar,33111,16924,1550,510,14127,25,7.358395576477051,8.855783462524414,,
r25,rain,weather,1.9369925260543823,900,1600,1534867449662404000,,,235143,99.92513275146484,59.23772430419922,image,,,,,,25,,,,2.2457849979400635
r25,rain,weather,,,,1534867449697337000,16.97589111328125,21.647546768188477,,,,lidar,33130,16882,1560,517,14171,25,7.388801097869873,8.874015808105469,,
r25,rain,weather,,,,1534867449747684000,17.08597183227539,21.82074737548828,,,,lidar,33141,16866,1549,518,14208,25,7.388254642486572,8.902291297912598,,
r25,rain,weather,1.9300278425216675,900,1600,1534867449762404000,,,234169,99.95468139648438,59.15243148803711,image,,,,,,25,,,,2.2315690517425537
r25,rain,weather,,,,1534867449797471000,17.073129653930664,21.7852840423584,,,,lidar,33125,16857,1553,504,14211,25,7.368582725524902,8.874794006347656,,
r25,rain,weather,,,,1534867449847756000,17.06182289123535,21.841901779174805,,,,lidar,33111,16787,1560,519,14245,25,7.411131381988525,8.891194343566895,,
r25,rain,weather,1.924248456954956,900,1600,1534867449862404000,,,234053,99.77132415771484,59.249847412109375,image,,,,,,25,,,,2.2394320964813232
r25,rain,weather,,,,1534867449897511000,16.974790573120117,21.68455696105957,,,,lidar,33126,16853,1533,493,14247,25,7.3463945388793945,8.774768829345703,,
r25,rain,weather,1.9341671466827393,900,1600,1534867449912404000,,,234764,99.55105590820312,59.3604736328125,image,,,,,,25,,,,2.247671604156494
r25,rain,weather,,,,1534867449947849000,16.981517791748047,21.79347038269043,,,,lidar,33124,16823,1515,528,14258,25,7.392693519592285,8.925614356994629,,
r25,rain,weather,,,,1534867449997591000,17.02607536315918,21.925962448120117,,,,lidar,33112,16797,1537,502,14276,25,7.37520694732666,8.820636749267578,,
r25,rain,weather,1.9331547021865845,900,1600,1534867450012404000,,,234315,100.16487884521484,59.516963958740234,image,,,,,,25,,,,2.238938331604004
r25,rain,weather,,,,1534867450047920000,16.997995376586914,21.775720596313477,,,,lidar,33104,16773,1549,491,14291,25,7.364104270935059,8.788180351257324,,
r25,rain,weather,,,,1534867450097702000,16.95850944519043,21.715116500854492,,,,lidar,33087,16735,1531,501,14320,25,7.383251190185547,8.858987808227539,,
r25,rain,weather,1.9538865089416504,900,1600,1534867450112404000,,,235823,99.91522979736328,59.683807373046875,image,,,,,,25,,,,2.253666639328003
r25,rain,weather,,,,1534867450147476000,16.922115325927734,21.716670989990234,,,,lidar,33122,16764,1551,508,14299,25,7.393146991729736,8.861625671386719,,
r25,rain,weather,,,,1534867450197803000,16.869598388671875,21.65468978881836,,,,lidar,33091,16739,1547,499,14306,25,7.368015766143799,8.780501365661621,,
r25,rain,weather,1.9477388858795166,900,1600,1534867450162404000,,,235518,99.86226654052734,59.66014099121094,image,,,,,,25,,,,2.2439932823181152
r25,rain,weather,,,,1534867450247554000,16.915130615234375,21.653125762939453,,,,lidar,33145,16757,1564,509,14315,25,7.40981388092041,8.898897171020508,,
r25,rain,weather,1.928394079208374,900,1600,1534867450262404000,,,233229,100.17332458496094,59.38184356689453,image,,,,,,25,,,,2.2194507122039795
r25,rain,weather,,,,1534867450297894000,16.919635772705078,21.67106056213379,,,,lidar,33143,16717,1561,516,14349,25,7.412950038909912,8.876004219055176,,
r25,rain,weather,,,,1534867450347643000,16.984445571899414,21.79659652709961,,,,lidar,33158,16692,1571,492,14403,25,7.392161846160889,8.793647766113281,,
r25,rain,weather,1.9108706712722778,900,1600,1534867450362404000,,,233461,99.81812286376953,59.70488357543945,image,,,,,,25,,,,2.2389607429504395
r25,rain,weather,,,,1534867450397400000,16.96120262145996,21.714902877807617,,,,lidar,33180,16669,1537,507,14467,25,7.413195610046387,8.858970642089844,,
r25,rain,weather,1.9284698963165283,900,1600,1534867450412404000,,,233787,99.7579345703125,59.72283935546875,image,,,,,,25,,,,2.2271342277526855
r25,rain,weather,,,,1534867450447733000,16.923261642456055,21.794986724853516,,,,lidar,33138,16632,1548,513,14445,25,7.423871040344238,8.87252426147461,,
r25,rain,weather,,,,1534867450497489000,16.989429473876953,21.921043395996094,,,,lidar,33163,16635,1561,515,14452,25,7.443544864654541,8.886238098144531,,
r25,rain,weather,1.9299743175506592,900,1600,1534867450512450000,,,233554,99.60588073730469,59.833465576171875,image,,,,,,25,,,,2.227165699005127
r25,rain,weather,,,,1534867450547857000,16.868572235107422,21.759057998657227,,,,lidar,33153,16650,1531,497,14475,25,7.390405654907227,8.792488098144531,,
r25,rain,weather,,,,1534867450597587000,16.87431526184082,21.72486114501953,,,,lidar,33171,16592,1561,503,14515,25,7.4303154945373535,8.84858512878418,,
r25,rain,weather,,,,1534867450647883000,16.917509078979492,21.818721771240234,,,,lidar,33195,16603,1569,512,14511,25,7.448903560638428,8.904399871826172,,
r25,rain,weather,1.9319825172424316,900,1600,1534867450612404000,,,233662,99.62248992919922,59.86142349243164,image,,,,,,25,,,,2.227013349533081
r25,rain,weather,1.91006600856781,900,1600,1534867450662404000,,,232645,99.42868041992188,59.98368453979492,image,,,,,,25,,,,2.2284162044525146
r25,rain,weather,,,,1534867450697650000,16.93154525756836,21.86834716796875,,,,lidar,33212,16600,1529,511,14572,25,7.428720951080322,8.852094650268555,,
r25,rain,weather,,,,1534867450748005000,16.986103057861328,21.891563415527344,,,,lidar,33170,16560,1535,488,14587,25,7.406307220458984,8.78295612335205,,
r25,rain,weather,1.9070245027542114,900,1600,1534867450762404000,,,232614,99.48126983642578,60.04347229003906,image,,,,,,25,,,,2.2282841205596924
r25,rain,weather,,,,1534867450797740000,16.94303321838379,21.838319778442383,,,,lidar,33188,16524,1555,517,14592,25,7.4707183837890625,8.912605285644531,,
r25,rain,weather,,,,1534867450848065000,16.902755737304688,21.845186233520508,,,,lidar,33221,16537,1559,499,14626,25,7.439957141876221,8.81502628326416,,
r25,rain,weather,1.9018546342849731,900,1600,1534867450862404000,,,232364,99.52464294433594,59.99167251586914,image,,,,,,25,,,,2.2238779067993164
r25,rain,weather,,,,1534867450898382000,16.90127944946289,21.897708892822266,,,,lidar,33183,16477,1556,513,14637,25,7.475068092346191,8.893964767456055,,
r25,rain,weather,1.905072569847107,900,1600,1534867450912404000,,,232652,99.22399139404297,60.0601806640625,image,,,,,,25,,,,2.225876569747925
r25,rain,weather,,,,1534867450948135000,16.934898376464844,21.93955421447754,,,,lidar,33215,16503,1553,501,14658,25,7.441954612731934,8.822684288024902,,
r25,rain,weather,,,,1534867450998462000,16.897422790527344,21.869159698486328,,,,lidar,33154,16442,1545,501,14666,25,7.443793773651123,8.809885025024414,,
r25,rain,weather,1.9186421632766724,900,1600,1534867451012404000,,,233384,99.2607650756836,60.1362190246582,image,,,,,,25,,,,2.2389869689941406
r25,rain,weather,,,,1534867451048236000,16.873428344726562,21.944501876831055,,,,lidar,33223,16473,1570,480,14700,25,7.420444965362549,8.719374656677246,,
r25,rain,weather,,,,1534867451098567000,16.921092987060547,21.976991653442383,,,,lidar,33128,16440,1548,488,14652,25,7.418758869171143,8.74364185333252,,
r25,rain,weather,1.913167953491211,900,1600,1534867451112404000,,,232939,99.35173034667969,60.15316390991211,image,,,,,,25,,,,2.229119062423706
r25,rain,weather,,,,1534867451148397000,16.974313735961914,22.06974220275879,,,,lidar,33174,16384,1589,503,14698,25,7.486807346343994,8.836071968078613,,
r25,rain,weather,,,,1534867451198659000,16.939241409301758,22.06102752685547,,,,lidar,33121,16388,1568,479,14686,25,7.435028553009033,8.749242782592773,,
r25,rain,weather,1.909184217453003,900,1600,1534867451162404000,,,231963,99.41522979736328,59.93844985961914,image,,,,,,25,,,,2.2206499576568604
r25,rain,weather,,,,1534867451248415000,16.990535736083984,22.23973274230957,,,,lidar,33189,16384,1584,499,14722,25,7.479197025299072,8.81668472290039,,
r25,rain,weather,1.9195184707641602,900,1600,1534867451262404000,,,233058,99.29224395751953,60.060699462890625,image,,,,,,25,,,,2.2267353534698486
r25,rain,weather,,,,1534867451298736000,17.01506805419922,22.215499877929688,,,,lidar,33168,16408,1554,506,14700,25,7.459559917449951,8.853734016418457,,
r25,rain,weather,,,,1534867451348517000,17.00438117980957,22.21664810180664,,,,lidar,33170,16349,1564,509,14748,25,7.492079734802246,8.870369911193848,,
r25,rain,weather,1.9044736623764038,900,1600,1534867451362404000,,,231957,99.27434539794922,59.89769744873047,image,,,,,,25,,,,2.220180034637451
r25,rain,weather,,,,1534867451398830000,17.00669288635254,22.179006576538086,,,,lidar,33182,16379,1569,486,14748,25,7.45127534866333,8.786108016967773,,
r25,rain,weather,1.905656337738037,900,1600,1534867451412404000,,,232519,99.12482452392578,60.0454216003418,image,,,,,,25,,,,2.228416919708252
r25,rain,weather,,,,1534867451448585000,17.00666618347168,22.251588821411133,,,,lidar,33183,16389,1573,482,14739,25,7.443101406097412,8.767680168151855,,
r25,rain,weather,,,,1534867451498930000,16.980546951293945,22.125333786010742,,,,lidar,33160,16350,1560,507,14743,25,7.474923610687256,8.843865394592285,,
r25,rain,weather,1.8929351568222046,900,1600,1534867451512404000,,,232428,99.5875015258789,60.085880279541016,image,,,,,,25,,,,2.2235894203186035
r25,rain,weather,,,,1534867451548675000,16.94821548461914,22.048873901367188,,,,lidar,33126,16290,1582,485,14769,25,7.461300373077393,8.74912166595459,,
r25,rain,weather,,,,1534867451598426000,16.98856544494629,22.190122604370117,,,,lidar,33170,16296,1581,510,14783,25,7.504106044769287,8.878195762634277,,
r25,rain,weather,1.8844624757766724,900,1600,1534867451612404000,,,230800,99.64320373535156,60.037715911865234,image,,,,,,25,,,,2.213921070098877
r25,rain,weather,,,,1534867451648752000,17.029090881347656,22.282682418823242,,,,lidar,33145,16286,1607,501,14751,25,7.499444007873535,8.832279205322266,,
r25,rain,weather,1.8829594850540161,900,1600,1534867451662404000,,,231070,99.48719024658203,60.07610321044922,image,,,,,,25,,,,2.223963499069214
r25,rain,weather,,,,1534867451698586000,17.010530471801758,22.299467086791992,,,,lidar,33142,16314,1596,478,14754,25,7.456406116485596,8.730199813842773,,
r25,rain,weather,,,,1534867451750644000,16.942960739135742,22.29910659790039,,,,lidar,33099,16264,1597,479,14759,25,7.462526798248291,8.732521057128906,,
r25,rain,weather,1.8704655170440674,900,1600,1534867451762404000,,,230733,99.42503356933594,60.10274124145508,image,,,,,,25,,,,2.2089760303497314
r25,rain,weather,,,,1534867451798600000,16.8841495513916,22.121692657470703,,,,lidar,33154,16272,1626,480,14776,25,7.486134052276611,8.743387222290039,,
r25,rain,weather,,,,1534867451848373000,16.944067001342773,22.29954719543457,,,,lidar,33130,16242,1610,483,14795,25,7.48275089263916,8.735522270202637,,
r25,rain,weather,1.8668181896209717,900,1600,1534867451862404000,,,230353,99.40869903564453,60.10639190673828,image,,,,,,25,,,,2.206120729446411
r25,rain,weather,,,,1534867451898687000,16.9622859954834,22.258193969726562,,,,lidar,33077,16271,1573,484,14749,25,7.450733661651611,8.740311622619629,,
r25,rain,weather,1.8768764734268188,900,1600,1534867451912404000,,,231069,99.19740295410156,60.31605529785156,image,,,,,,25,,,,2.220454692840576
r25,rain,weather,,,,1534867451948458000,16.974172592163086,22.17395782470703,,,,lidar,33101,16213,1619,489,14780,25,7.502877235412598,8.790130615234375,,
r25,rain,weather,,,,1534867451999662000,16.95121955871582,22.15234375,,,,lidar,33139,16216,1632,493,14798,25,7.5215959548950195,8.783583641052246,,
r25,rain,weather,1.8929206132888794,900,1600,1534867452012404000,,,231147,99.35063171386719,60.15593338012695,image,,,,,,25,,,,2.2050938606262207
r25,rain,weather,,,,1534867452048542000,16.949161529541016,22.1492919921875,,,,lidar,33133,16259,1626,467,14781,25,7.457849502563477,8.64216136932373,,
r25,rain,weather,,,,1534867452098692000,16.942344665527344,22.168163299560547,,,,lidar,33127,16212,1635,484,14796,25,7.506307125091553,8.758332252502441,,
r25,rain,weather,1.8903536796569824,900,1600,1534867452112404000,,,231181,99.30415344238281,60.10537338256836,image,,,,,,25,,,,2.196690797805786
r25,rain,weather,,,,1534867452148614000,16.93697166442871,22.138607025146484,,,,lidar,33139,16236,1606,498,14799,25,7.516880035400391,8.844366073608398,,
r25,rain,weather,,,,1534867452198394000,17.024930953979492,22.178211212158203,,,,lidar,33124,16213,1642,490,14779,25,7.52007532119751,8.798331260681152,,
r25,rain,weather,1.8895455598831177,900,1600,1534867452162404000,,,231173,99.10284423828125,60.29024124145508,image,,,,,,25,,,,2.202782154083252
r50,rain,weather,,,,1534867432948726000,14.81136703491211,21.070960998535156,,,,lidar,32334,13929,2491,410,15504,50,8.51569938659668,8.96875,,
r50,rain,weather,2.859163999557495,900,1600,1534867432912404000,,,260100,103.07396697998047,50.37169647216797,image,,,,,,50,,,,1.8694723844528198
r50,rain,weather,,,,1534867432998503000,14.819657325744629,20.905048370361328,,,,lidar,32413,13792,2484,394,15743,50,8.524882316589355,8.896219253540039,,
r50,rain,weather,2.8473997116088867,900,1600,1534867433012404000,,,257662,102.5101089477539,51.07651138305664,image,,,,,,50,,,,1.8454031944274902
r50,rain,weather,,,,1534867433048257000,14.9259614944458,21.224681854248047,,,,lidar,32490,13764,2444,373,15909,50,8.474198341369629,8.827486038208008,,
r50,rain,weather,,,,1534867433098583000,15.021319389343262,21.39235496520996,,,,lidar,32523,13587,2413,373,16150,50,8.490246772766113,8.819567680358887,,
r50,rain,weather,2.869046688079834,900,1600,1534867433112404000,,,257614,102.88410186767578,50.89177703857422,image,,,,,,50,,,,1.812300443649292
r50,rain,weather,,,,1534867433148336000,15.074122428894043,21.553508758544922,,,,lidar,32491,13481,2451,346,16213,50,8.506954193115234,8.802254676818848,,
r50,rain,weather,2.84535813331604,900,1600,1534867433162404000,,,256724,102.70305633544922,51.05772399902344,image,,,,,,50,,,,1.7911360263824463
r50,rain,weather,,,,1534867433198676000,15.018119812011719,21.22750473022461,,,,lidar,32574,13424,2475,334,16341,50,8.515690803527832,8.766860008239746,,
r50,rain,weather,,,,1534867433248427000,15.052255630493164,21.273548126220703,,,,lidar,32639,13306,2513,329,16491,50,8.545538902282715,8.736662864685059,,
r50,rain,weather,2.829784631729126,900,1600,1534867433262404000,,,256237,102.95673370361328,51.398765563964844,image,,,,,,50,,,,1.7806708812713623
r50,rain,weather,,,,1534867433298210000,14.957000732421875,21.13069725036621,,,,lidar,32688,13247,2517,342,16582,50,8.568798065185547,8.756118774414062,,
r50,rain,weather,,,,1534867433348529000,14.948517799377441,21.1897029876709,,,,lidar,32652,13103,2563,337,16649,50,8.607956886291504,8.734342575073242,,
r50,rain,weather,2.85139536857605,900,1600,1534867433362404000,,,255586,102.5688247680664,50.65911102294922,image,,,,,,50,,,,1.7566956281661987
r50,rain,weather,,,,1534867433398454000,15.045122146606445,21.39698600769043,,,,lidar,32596,13038,2571,324,16663,50,8.598688125610352,8.703529357910156,,
r50,rain,weather,,,,1534867433448600000,15.144424438476562,21.607446670532227,,,,lidar,32652,13027,2546,319,16760,50,8.582133293151855,8.660757064819336,,
r50,rain,weather,2.8770196437835693,900,1600,1534867433412404000,,,256585,102.1977310180664,51.43573760986328,image,,,,,,50,,,,1.7643742561340332
r50,rain,weather,,,,1534867433498387000,15.277584075927734,21.782730102539062,,,,lidar,32594,12849,2603,339,16803,50,8.677830696105957,8.750497817993164,,
r50,rain,weather,2.866392135620117,900,1600,1534867433512404000,,,257272,101.64485931396484,52.86623001098633,image,,,,,,50,,,,1.7835713624954224
r50,rain,weather,,,,1534867433548133000,15.242846488952637,21.458415985107422,,,,lidar,32578,12784,2581,341,16872,50,8.664716720581055,8.721614837646484,,
r50,rain,weather,,,,1534867433598470000,15.361733436584473,21.718490600585938,,,,lidar,32628,12777,2590,322,16939,50,8.635869026184082,8.6727294921875,,
r50,rain,weather,2.880722761154175,900,1600,1534867433612404000,,,258573,101.82762145996094,52.42070770263672,image,,,,,,50,,,,1.7742074728012085
r50,rain,weather,,,,1534867433648353000,15.299561500549316,21.634593963623047,,,,lidar,32620,12646,2609,305,17060,50,8.660788536071777,8.655094146728516,,
r50,rain,weather,2.864871025085449,900,1600,1534867433662404000,,,258525,101.83836364746094,52.079837799072266,image,,,,,,50,,,,1.7643638849258423
r50,rain,weather,,,,1534867433697988000,15.418431282043457,21.92337989807129,,,,lidar,32581,12515,2651,320,17095,50,8.72554874420166,8.706744194030762,,
r50,rain,weather,,,,1534867433748311000,15.48520565032959,21.997268676757812,,,,lidar,32617,12507,2610,325,17175,50,8.743172645568848,8.714452743530273,,
r50,rain,weather,2.8701696395874023,900,1600,1534867433762404000,,,257854,101.61262512207031,52.38239288330078,image,,,,,,50,,,,1.771947979927063
r50,rain,weather,,,,1534867433798158000,15.700353622436523,22.30571937561035,,,,lidar,32729,12547,2590,335,17257,50,8.755629539489746,8.722883224487305,,
r50,rain,weather,,,,1534867433847842000,15.723137855529785,22.155580520629883,,,,lidar,32648,12431,2587,347,17283,50,8.814605712890625,8.758218765258789,,
r50,rain,weather,,,,1534867433898179000,15.731239318847656,22.21790885925293,,,,lidar,32714,12523,2571,367,17253,50,8.790495872497559,8.772560119628906,,
r50,rain,weather,2.8629255294799805,900,1600,1534867433862404000,,,257973,101.20453643798828,52.67576217651367,image,,,,,,50,,,,1.774819254875183
r50,rain,weather,2.866399049758911,900,1600,1534867433912404000,,,257148,101.13722229003906,52.67963409423828,image,,,,,,50,,,,1.774491786956787
r50,rain,weather,,,,1534867433947929000,15.588936805725098,21.909381866455078,,,,lidar,32845,12550,2550,365,17380,50,8.789295196533203,8.743167877197266,,
r50,rain,weather,,,,1534867433997714000,15.488147735595703,22.00853729248047,,,,lidar,32778,12529,2495,375,17379,50,8.799100875854492,8.759087562561035,,
r50,rain,weather,2.8667104244232178,900,1600,1534867434012404000,,,257124,101.21888732910156,53.02423858642578,image,,,,,,50,,,,1.7662674188613892
r50,rain,weather,,,,1534867434048013000,15.622843742370605,22.349489212036133,,,,lidar,32702,12457,2457,395,17393,50,8.831642150878906,8.767935752868652,,
r50,rain,weather,,,,1534867434097791000,15.565689086914062,22.263254165649414,,,,lidar,32732,12520,2474,413,17325,50,8.825464248657227,8.785894393920898,,
r50,rain,weather,2.845431089401245,900,1600,1534867434112404000,,,255969,101.20181274414062,53.76568603515625,image,,,,,,50,,,,1.7730506658554077
r50,rain,weather,,,,1534867434147546000,15.383785247802734,21.79486656188965,,,,lidar,32760,12559,2478,412,17311,50,8.827995300292969,8.77729606628418,,
r50,rain,weather,2.808745861053467,900,1600,1534867434162404000,,,254981,100.4732437133789,54.39509963989258,image,,,,,,50,,,,1.7740002870559692
r50,rain,weather,,,,1534867434197881000,15.321228981018066,21.672409057617188,,,,lidar,32803,12555,2475,468,17305,50,8.85056209564209,8.809852600097656,,
r50,rain,weather,,,,1534867434247637000,15.115324020385742,21.248146057128906,,,,lidar,32760,12476,2474,503,17307,50,8.88589096069336,8.829924583435059,,
r50,rain,weather,2.810835361480713,900,1600,1534867434262404000,,,255101,100.72024536132812,54.16507339477539,image,,,,,,50,,,,1.7634135484695435
r50,rain,weather,,,,1534867434297956000,15.179863929748535,21.28403091430664,,,,lidar,32818,12533,2475,538,17272,50,8.893308639526367,8.861529350280762,,
r50,rain,weather,,,,1534867434348247000,15.115141868591309,21.21221923828125,,,,lidar,32822,12581,2389,625,17227,50,8.894015312194824,8.88334846496582,,
r50,rain,weather,2.8034214973449707,900,1600,1534867434362404000,,,254701,100.44937896728516,54.5482292175293,image,,,,,,50,,,,1.7727649211883545
r50,rain,weather,,,,1534867434397491000,15.039274215698242,20.955718994140625,,,,lidar,32816,12665,2383,648,17120,50,8.852319717407227,8.85879135131836,,
r50,rain,weather,2.777233600616455,900,1600,1534867434412404000,,,253636,101.05782318115234,54.353736877441406,image,,,,,,50,,,,1.760137677192688
r50,rain,weather,,,,1534867434447799000,14.89143180847168,20.833581924438477,,,,lidar,32782,12599,2434,663,17086,50,8.921749114990234,8.953547477722168,,
r50,rain,weather,,,,1534867434497610000,14.940412521362305,20.94853401184082,,,,lidar,32822,12725,2468,651,16978,50,8.8745698928833,8.928977012634277,,
r50,rain,weather,2.812999725341797,900,1600,1534867434512404000,,,255234,101.3105697631836,54.12991714477539,image,,,,,,50,,,,1.7570209503173828
r50,rain,weather,,,,1534867434547921000,14.882838249206543,20.886137008666992,,,,lidar,32750,12744,2518,632,16856,50,8.87586498260498,8.95183277130127,,
r50,rain,weather,,,,1534867434597646000,14.789082527160645,20.73307228088379,,,,lidar,32751,12802,2557,624,16768,50,8.881734848022461,8.974376678466797,,
r50,rain,weather,2.830183506011963,900,1600,1534867434612404000,,,257961,100.59432983398438,54.525020599365234,image,,,,,,50,,,,1.778666615486145
r50,rain,weather,,,,1534867434647423000,14.780031204223633,20.773096084594727,,,,lidar,32690,12814,2592,618,16666,50,8.882858276367188,8.966466903686523,,
r50,rain,weather,2.7960002422332764,900,1600,1534867434662404000,,,257013,100.27381134033203,54.60372543334961,image,,,,,,50,,,,1.772778034210205
r50,rain,weather,,,,1534867434697757000,14.5722017288208,20.301372528076172,,,,lidar,32685,12821,2611,620,16633,50,8.924564361572266,8.986123085021973,,
r50,rain,weather,,,,1534867434747513000,14.466509819030762,20.15363121032715,,,,lidar,32759,13012,2656,597,16494,50,8.899707794189453,8.987533569335938,,
r50,rain,weather,2.79498028755188,900,1600,1534867434762404000,,,256092,100.20394134521484,55.16609573364258,image,,,,,,50,,,,1.7795202732086182
r50,rain,weather,,,,1534867434797857000,14.46863079071045,20.22296905517578,,,,lidar,32664,12986,2618,619,16441,50,8.91418743133545,9.010764122009277,,
r50,rain,weather,,,,1534867434847604000,14.23367977142334,20.04317855834961,,,,lidar,32746,13136,2634,621,16355,50,8.90926456451416,9.044206619262695,,
r50,rain,weather,2.7703258991241455,900,1600,1534867434862404000,,,256083,99.89612579345703,55.03972244262695,image,,,,,,50,,,,1.7645536661148071
r50,rain,weather,,,,1534867434897370000,14.241348266601562,20.067636489868164,,,,lidar,32732,13158,2617,613,16344,50,8.90447998046875,9.036542892456055,,
r50,rain,weather,,,,1534867434947673000,14.181313514709473,19.986568450927734,,,,lidar,32773,13249,2612,606,16306,50,8.866951942443848,8.991472244262695,,
r50,rain,weather,2.7446765899658203,900,1600,1534867434912404000,,,254975,99.78165435791016,55.09089279174805,image,,,,,,50,,,,1.7500861883163452
r50,rain,weather,,,,1534867434997457000,13.918264389038086,19.5015926361084,,,,lidar,32759,13259,2640,599,16261,50,8.8776216506958,8.99689769744873,,
r50,rain,weather,2.7258501052856445,900,1600,1534867435012404000,,,253857,100.11799621582031,55.436302185058594,image,,,,,,50,,,,1.7544591426849365
r50,rain,weather,,,,1534867435047757000,13.883213996887207,19.48687744140625,,,,lidar,32765,13284,2675,602,16204,50,8.885987281799316,9.028552055358887,,
r50,rain,weather,,,,1534867435097545000,13.800031661987305,19.327316284179688,,,,lidar,32728,13285,2693,580,16170,50,8.868770599365234,9.017601013183594,,
r50,rain,weather,2.753992795944214,900,1600,1534867435112404000,,,255349,99.6609878540039,55.85740661621094,image,,,,,,50,,,,1.764743447303772
r50,rain,weather,,,,1534867435147293000,13.776034355163574,19.347557067871094,,,,lidar,32707,13333,2694,563,16117,50,8.840850830078125,8.990238189697266,,
r50,rain,weather,2.7016823291778564,900,1600,1534867435162404000,,,253302,99.33692169189453,55.4366569519043,image,,,,,,50,,,,1.7466379404067993
r50,rain,weather,,,,1534867435197614000,13.601655006408691,18.924707412719727,,,,lidar,32708,13271,2727,543,16167,50,8.856334686279297,8.950057983398438,,
r50,rain,weather,,,,1534867435247375000,13.632062911987305,19.097946166992188,,,,lidar,32742,13263,2784,540,16155,50,8.874348640441895,8.986452102661133,,
r50,rain,weather,2.7043910026550293,900,1600,1534867435262404000,,,254190,99.41114807128906,55.66648483276367,image,,,,,,50,,,,1.7458759546279907
r50,rain,weather,,,,1534867435297721000,13.511720657348633,18.812400817871094,,,,lidar,32736,13180,2795,548,16213,50,8.907523155212402,9.044607162475586,,
r50,rain,weather,,,,1534867435347464000,13.378790855407715,18.521451950073242,,,,lidar,32674,13142,2719,527,16286,50,8.840152740478516,8.973404884338379,,
r50,rain,weather,2.7059543132781982,900,1600,1534867435362404000,,,254566,99.47472381591797,55.84785842895508,image,,,,,,50,,,,1.7381263971328735
r50,rain,weather,,,,1534867435397242000,13.46573543548584,18.69694709777832,,,,lidar,32694,13123,2721,526,16324,50,8.86259937286377,9.001568794250488,,
r50,rain,weather,,,,1534867435447584000,13.400702476501465,18.37818717956543,,,,lidar,32738,13132,2752,486,16368,50,8.847039222717285,8.936396598815918,,
r50,rain,weather,2.7001659870147705,900,1600,1534867435412404000,,,255532,98.88890075683594,55.88922882080078,image,,,,,,50,,,,1.7482542991638184
r50,rain,weather,,,,1534867435497321000,13.353826522827148,18.29528045654297,,,,lidar,32764,13088,2747,485,16444,50,8.864603996276855,8.934732437133789,,
r50,rain,weather,2.67497181892395,900,1600,1534867435512404000,,,253773,99.03221130371094,55.581642150878906,image,,,,,,50,,,,1.7433314323425293
r50,rain,weather,,,,1534867435547633000,13.251190185546875,18.050474166870117,,,,lidar,32783,13097,2772,466,16448,50,8.861004829406738,8.931885719299316,,
r50,rain,weather,,,,1534867435597411000,13.26804256439209,18.35938835144043,,,,lidar,32696,13111,2785,461,16339,50,8.85351848602295,8.933536529541016,,
r50,rain,weather,2.6672163009643555,900,1600,1534867435612404000,,,254432,98.06077575683594,55.97002410888672,image,,,,,,50,,,,1.7595328092575073
r50,rain,weather,,,,1534867435647179000,13.22962760925293,18.25675392150879,,,,lidar,32684,13054,2784,457,16389,50,8.882352828979492,8.958120346069336,,
r50,rain,weather,2.671360492706299,900,1600,1534867435662404000,,,255015,98.4290771484375,56.06224822998047,image,,,,,,50,,,,1.756341814994812
r50,rain,weather,,,,1534867435697501000,13.154154777526855,18.21111488342285,,,,lidar,32703,13007,2839,479,16378,50,8.934778213500977,9.015765190124512,,
r50,rain,weather,,,,1534867435747254000,13.061905860900879,18.049463272094727,,,,lidar,32713,13037,2918,450,16308,50,8.927604675292969,9.005048751831055,,
r50,rain,weather,2.639688730239868,900,1600,1534867435762404000,,,254585,97.9906997680664,55.82939910888672,image,,,,,,50,,,,1.7636207342147827
r50,rain,weather,,,,1534867435799876000,12.930830001831055,17.839170455932617,,,,lidar,32647,12974,2927,440,16306,50,8.915572166442871,8.927501678466797,,
r50,rain,weather,,,,1534867435847350000,12.863471031188965,17.456262588500977,,,,lidar,32668,12940,2891,461,16376,50,8.940262794494629,8.947216987609863,,
r50,rain,weather,2.6185004711151123,900,1600,1534867435862404000,,,253492,98.3470458984375,56.453277587890625,image,,,,,,50,,,,1.776852011680603
r50,rain,weather,,,,1534867435897685000,12.82928466796875,17.131019592285156,,,,lidar,32679,13008,2890,450,16331,50,8.922813415527344,8.967570304870605,,
r50,rain,weather,,,,1534867435947443000,12.985987663269043,17.54096031188965,,,,lidar,32629,13012,2864,455,16298,50,8.898460388183594,8.916971206665039,,
r50,rain,weather,2.625688314437866,900,1600,1534867435912404000,,,253816,98.32341003417969,56.33578872680664,image,,,,,,50,,,,1.7783384323120117
r50,rain,weather,,,,1534867435997210000,13.057354927062988,17.7764892578125,,,,lidar,32617,13038,2821,462,16296,50,8.888387680053711,8.940559387207031,,
r50,rain,weather,2.609511613845825,900,1600,1534867436012404000,,,253896,98.24081420898438,56.53323745727539,image,,,,,,50,,,,1.7921364307403564
r50,rain,weather,,,,1534867436047508000,12.873796463012695,17.614057540893555,,,,lidar,32619,13023,2822,425,16349,50,8.858290672302246,8.853914260864258,,
r50,rain,weather,,,,1534867436097280000,12.867865562438965,17.832359313964844,,,,lidar,32696,13113,2838,478,16267,50,8.933391571044922,9.02347183227539,,
r50,rain,weather,2.5854861736297607,900,1600,1534867436112404000,,,253587,97.82650756835938,56.31582260131836,image,,,,,,50,,,,1.7968047857284546
r50,rain,weather,,,,1534867436147600000,12.75686264038086,17.596450805664062,,,,lidar,32636,13121,2768,482,16265,50,8.921443939208984,9.021199226379395,,
r50,rain,weather,2.560178518295288,900,1600,1534867436162404000,,,252850,97.6153564453125,56.93547058105469,image,,,,,,50,,,,1.8091983795166016
r50,rain,weather,,,,1534867436197373000,12.580501556396484,17.329103469848633,,,,lidar,32636,13099,2844,473,16220,50,8.955284118652344,9.025455474853516,,
r50,rain,weather,,,,1534867436247688000,12.580491065979004,17.31671714782715,,,,lidar,32650,13143,2789,492,16226,50,8.939818382263184,9.046499252319336,,
r50,rain,weather,2.5776374340057373,900,1600,1534867436262404000,,,254148,97.5376968383789,56.82783889770508,image,,,,,,50,,,,1.825889229774475
r50,rain,weather,,,,1534867436297454000,12.43200969696045,16.94499397277832,,,,lidar,32668,13182,2751,500,16235,50,8.94464111328125,9.069461822509766,,
r50,rain,weather,,,,1534867436347764000,12.35774040222168,16.671615600585938,,,,lidar,32660,13243,2805,486,16126,50,8.934056282043457,9.070272445678711,,
r50,rain,weather,2.550676107406616,900,1600,1534867436362404000,,,253537,97.53345489501953,56.843971252441406,image,,,,,,50,,,,1.8367338180541992
r50,rain,weather,,,,1534867436397546000,12.295434951782227,16.427648544311523,,,,lidar,32636,13279,2755,517,16085,50,8.926094055175781,9.101896286010742,,
r50,rain,weather,,,,1534867436447892000,12.151935577392578,16.488100051879883,,,,lidar,32585,13276,2737,478,16094,50,8.868489265441895,8.964784622192383,,
r50,rain,weather,2.566868782043457,900,1600,1534867436412404000,,,254091,97.93024444580078,55.621150970458984,image,,,,,,50,,,,1.8279894590377808
r50,rain,weather,,,,1534867436497621000,12.098719596862793,16.383535385131836,,,,lidar,32677,13340,2741,480,16116,50,8.851166725158691,8.98831844329834,,
r50,rain,weather,2.5893523693084717,900,1600,1534867436512404000,,,254665,98.72417449951172,56.3300895690918,image,,,,,,50,,,,1.8548998832702637
r50,rain,weather,,,,1534867436547945000,12.086996078491211,16.34075164794922,,,,lidar,32679,13358,2694,484,16143,50,8.844551086425781,8.95868968963623,,
r50,rain,weather,,,,1534867436597712000,12.053778648376465,16.050355911254883,,,,lidar,32697,13318,2655,501,16223,50,8.859745979309082,8.967529296875,,
r50,rain,weather,2.586613893508911,900,1600,1534867436612404000,,,255229,99.02800750732422,56.36824417114258,image,,,,,,50,,,,1.867169737815857
r50,rain,weather,,,,1534867436648040000,12.058232307434082,16.134361267089844,,,,lidar,32673,13423,2588,506,16156,50,8.803848266601562,8.9621000289917,,
r50,rain,weather,2.597547769546509,900,1600,1534867436662404000,,,255221,98.39094543457031,56.565330505371094,image,,,,,,50,,,,1.8767852783203125
r50,rain,weather,,,,1534867436697839000,12.00880241394043,15.828546524047852,,,,lidar,32662,13384,2563,500,16215,50,8.795811653137207,8.909923553466797,,
r50,rain,weather,,,,1534867436748116000,12.097549438476562,16.093364715576172,,,,lidar,32666,13410,2577,495,16184,50,8.789046287536621,8.911477088928223,,
r50,rain,weather,2.5829691886901855,900,1600,1534867436762404000,,,255356,99.07447814941406,56.61223602294922,image,,,,,,50,,,,1.8698546886444092
r50,rain,weather,,,,1534867436797894000,12.05201530456543,16.10749053955078,,,,lidar,32696,13456,2596,511,16133,50,8.799962997436523,8.922980308532715,,
r50,rain,weather,,,,1534867436847671000,11.995709419250488,16.002248764038086,,,,lidar,32764,13566,2546,517,16135,50,8.748979568481445,8.877355575561523,,
r50,rain,weather,2.586341381072998,900,1600,1534867436862404000,,,254934,98.82352447509766,57.38087844848633,image,,,,,,50,,,,1.8826258182525635
r50,rain,weather,,,,1534867436898622000,12.056855201721191,16.271697998046875,,,,lidar,32609,13549,2542,505,16013,50,8.7027006149292,8.832924842834473,,
r50,rain,weather,,,,1534867436947771000,11.929912567138672,15.998960494995117,,,,lidar,32586,13563,2519,482,16022,50,8.649633407592773,8.73523998260498,,
r50,rain,weather,2.590817928314209,900,1600,1534867436912404000,,,256441,98.20772552490234,57.4063720703125,image,,,,,,50,,,,1.8888827562332153
r50,rain,weather,,,,1534867436998054000,11.967432975769043,16.02825164794922,,,,lidar,32627,13525,2566,479,16057,50,8.661684036254883,8.71566104888916,,
r50,rain,weather,2.581901788711548,900,1600,1534867437012404000,,,256767,98.22348022460938,57.769859313964844,image,,,,,,50,,,,1.8984476327896118
r50,rain,weather,,,,1534867437047827000,11.986394882202148,15.960081100463867,,,,lidar,32650,13498,2571,468,16113,50,8.633797645568848,8.657123565673828,,
r50,rain,weather,,,,1534867437098143000,12.017197608947754,16.05603790283203,,,,lidar,32629,13463,2557,488,16121,50,8.644356727600098,8.665704727172852,,
r50,rain,weather,2.5946576595306396,900,1600,1534867437112404000,,,257898,98.16461944580078,58.21272659301758,image,,,,,,50,,,,1.9229942560195923
r50,rain,weather,,,,1534867437147908000,11.963549613952637,15.99754810333252,,,,lidar,32719,13451,2570,457,16241,50,8.647221565246582,8.599974632263184,,
r50,rain,weather,2.577376127243042,900,1600,1534867437162404000,,,257127,97.9363784790039,58.02340316772461,image,,,,,,50,,,,1.9015858173370361
r50,rain,weather,,,,1534867437198224000,12.046924591064453,16.10272789001465,,,,lidar,32734,13539,2552,461,16182,50,8.617979049682617,8.621607780456543,,
r50,rain,weather,,,,1534867437248032000,11.951909065246582,15.791024208068848,,,,lidar,32799,13519,2516,473,16291,50,8.62950611114502,8.631185531616211,,
r50,rain,weather,2.589578866958618,900,1600,1534867437262404000,,,257815,97.98926544189453,58.839080810546875,image,,,,,,50,,,,1.9330130815505981
r50,rain,weather,,,,1534867437298342000,11.944147109985352,15.580534934997559,,,,lidar,32702,13301,2540,485,16376,50,8.719433784484863,8.678394317626953,,
r50,rain,weather,,,,1534867437348076000,12.017005920410156,15.939163208007812,,,,lidar,32736,13447,2464,469,16356,50,8.62983226776123,8.605932235717773,,
r50,rain,weather,,,,1534867437398416000,11.994919776916504,15.825190544128418,,,,lidar,32678,13364,2472,469,16373,50,8.661128997802734,8.628341674804688,,
r50,rain,weather,2.5871775150299072,900,1600,1534867437362404000,,,257960,98.20987701416016,59.144222259521484,image,,,,,,50,,,,1.9509565830230713
r50,rain,weather,2.5597589015960693,900,1600,1534867437412404000,,,257904,97.41203308105469,59.579105377197266,image,,,,,,50,,,,1.9773755073547363
r50,rain,weather,,,,1534867437448158000,12.054542541503906,16.031272888183594,,,,lidar,32677,13463,2418,466,16330,50,8.59768009185791,8.622236251831055,,
r50,rain,weather,,,,1534867437499906000,12.103178977966309,16.072437286376953,,,,lidar,32642,13427,2446,433,16336,50,8.579402923583984,8.569981575012207,,
r50,rain,weather,2.5854568481445312,900,1600,1534867437512404000,,,258470,98.00855255126953,59.533355712890625,image,,,,,,50,,,,1.9945036172866821
r50,rain,weather,,,,1534867437548282000,12.046788215637207,16.061513900756836,,,,lidar,32614,13379,2460,405,16370,50,8.561871528625488,8.4988431930542,,
r50,rain,weather,,,,1534867437598038000,12.13492488861084,16.30134391784668,,,,lidar,32531,13278,2490,377,16386,50,8.590049743652344,8.485904693603516,,
r50,rain,weather,2.5791091918945312,900,1600,1534867437612404000,,,258889,97.8673095703125,59.915653228759766,image,,,,,,50,,,,1.9973756074905396
r50,rain,weather,,,,1534867437648336000,12.202064514160156,16.61853790283203,,,,lidar,32638,13396,2460,342,16440,50,8.497575759887695,8.375737190246582,,
r50,rain,weather,2.591047763824463,900,1600,1534867437662404000,,,258771,98.10256958007812,59.72555923461914,image,,,,,,50,,,,1.9913007020950317
r50,rain,weather,,,,1534867437698112000,12.192161560058594,16.55492401123047,,,,lidar,32610,13364,2498,321,16427,50,8.51010513305664,8.367449760437012,,
r50,rain,weather,,,,1534867437748436000,12.226360321044922,16.60536766052246,,,,lidar,32589,13359,2546,270,16414,50,8.474584579467773,8.274514198303223,,
r50,rain,weather,2.580721378326416,900,1600,1534867437762404000,,,257646,97.49165344238281,59.168434143066406,image,,,,,,50,,,,1.953482985496521
r50,rain,weather,,,,1534867437798188000,12.288753509521484,16.825510025024414,,,,lidar,32571,13424,2521,232,16394,50,8.39507007598877,8.175028800964355,,
r50,rain,weather,,,,1534867437848515000,12.24328327178955,16.714391708374023,,,,lidar,32575,13353,2537,223,16462,50,8.428054809570312,8.167457580566406,,
r50,rain,weather,,,,1534867437898272000,12.213226318359375,16.628860473632812,,,,lidar,32608,13387,2444,211,16566,50,8.381975173950195,8.119782447814941,,
r50,rain,weather,2.5586442947387695,900,1600,1534867437862404000,,,256424,98.92588806152344,58.40633010864258,image,,,,,,50,,,,1.9104331731796265
r50,rain,weather,2.4997971057891846,900,1600,1534867437912404000,,,253319,97.84373474121094,58.09880447387695,image,,,,,,50,,,,1.90723717212677
r50,rain,weather,,,,1534867437948593000,12.206202507019043,16.6577205657959,,,,lidar,32549,13387,2430,173,16559,50,8.328978538513184,8.034151077270508,,
r50,rain,weather,,,,1534867437998356000,12.06513500213623,16.1068115234375,,,,lidar,32573,13308,2462,152,16651,50,8.340082168579102,7.97355842590332,,
r50,rain,weather,2.52158784866333,900,1600,1534867438012404000,,,253922,98.92240142822266,58.484901428222656,image,,,,,,50,,,,1.9212173223495483
r50,rain,weather,,,,1534867438048125000,12.132575988769531,16.344406127929688,,,,lidar,32554,13326,2457,136,16635,50,8.303754806518555,7.928857326507568,,
r50,rain,weather,,,,1534867438098461000,12.125059127807617,16.3008975982666,,,,lidar,32616,13332,2485,131,16668,50,8.30605697631836,7.92711877822876,,
r50,rain,weather,2.530522584915161,900,1600,1534867438112404000,,,255168,98.43013000488281,58.60906219482422,image,,,,,,50,,,,1.9399964809417725
r50,rain,weather,,,,1534867438148214000,12.095805168151855,16.295133590698242,,,,lidar,32608,13337,2465,122,16684,50,8.283196449279785,7.9023237228393555,,
r50,rain,weather,2.4928927421569824,900,1600,1534867438162404000,,,253473,98.7067642211914,58.402889251708984,image,,,,,,50,,,,1.933622121810913
r50,rain,weather,,,,1534867438198532000,12.150568008422852,16.74127197265625,,,,lidar,32677,13342,2451,90,16794,50,8.246532440185547,7.820910930633545,,
r50,rain,weather,,,,1534867438248293000,12.142730712890625,16.945871353149414,,,,lidar,32682,13284,2495,89,16814,50,8.259984970092773,7.833629131317139,,
r50,rain,weather,2.530127763748169,900,1600,1534867438262404000,,,255487,98.35287475585938,58.663063049316406,image,,,,,,50,,,,1.9435310363769531
r50,rain,weather,,,,1534867438298624000,12.252945899963379,17.142925262451172,,,,lidar,32713,13294,2507,88,16824,50,8.251620292663574,7.820816993713379,,
r50,rain,weather,,,,1534867438348377000,12.09532356262207,16.55660057067871,,,,lidar,32753,13341,2471,94,16847,50,8.190823554992676,7.791075229644775,,
r50,rain,weather,2.533923387527466,900,1600,1534867438362404000,,,254743,98.84902954101562,58.906394958496094,image,,,,,,50,,,,1.9463250637054443
r50,rain,weather,,,,1534867438398169000,12.19112777709961,16.76641845703125,,,,lidar,32716,13352,2451,77,16836,50,8.137906074523926,7.715853691101074,,
r50,rain,weather,2.520134687423706,900,1600,1534867438412404000,,,255370,98.2835464477539,58.9420280456543,image,,,,,,50,,,,1.963361382484436
r50,rain,weather,,,,1534867438448663000,12.083874702453613,16.478918075561523,,,,lidar,32767,13391,2359,80,16937,50,8.090872764587402,7.659551620483398,,
r50,rain,weather,,,,1534867438498255000,12.088685035705566,16.466951370239258,,,,lidar,32840,13387,2310,92,17051,50,8.080453872680664,7.65781307220459,,
r50,rain,weather,2.494356155395508,900,1600,1534867438512404000,,,254262,98.78089904785156,59.12793731689453,image,,,,,,50,,,,1.9663264751434326
r50,rain,weather,,,,1534867438548564000,12.143437385559082,16.783767700195312,,,,lidar,32759,13412,2214,93,17040,50,8.037955284118652,7.616725444793701,,
r50,rain,weather,,,,1534867438598347000,12.069851875305176,16.659982681274414,,,,lidar,32761,13371,2164,92,17134,50,8.043399810791016,7.61730432510376,,
r50,rain,weather,2.517723560333252,900,1600,1534867438612404000,,,254322,99.2332763671875,59.32326889038086,image,,,,,,50,,,,1.9748289585113525
r50,rain,weather,,,,1534867438648638000,12.15211009979248,16.830917358398438,,,,lidar,32787,13279,2149,100,17259,50,8.05994701385498,7.582572937011719,,
r50,rain,weather,2.5103890895843506,900,1600,1534867438662404000,,,254987,98.75362396240234,59.1367301940918,image,,,,,,50,,,,1.9728962182998657
r50,rain,weather,,,,1534867438698458000,12.20527458190918,17.055606842041016,,,,lidar,32847,13326,2136,94,17291,50,8.038359642028809,7.557063102722168,,
r50,rain,weather,,,,1534867438748717000,12.304703712463379,17.02326202392578,,,,lidar,32810,13303,2143,97,17267,50,8.048815727233887,7.5380859375,,
r50,rain,weather,2.499933958053589,900,1600,1534867438762404000,,,254474,98.8385009765625,59.08185577392578,image,,,,,,50,,,,1.9826244115829468
r50,rain,weather,,,,1534867438798511000,12.3751220703125,17.040254592895508,,,,lidar,32760,13236,2163,94,17267,50,8.076675415039062,7.558863639831543,,
r50,rain,weather,,,,1534867438848821000,12.346896171569824,17.058767318725586,,,,lidar,32798,13286,2118,107,17287,50,8.052210807800293,7.555688381195068,,
r50,rain,weather,,,,1534867438898596000,12.377476692199707,17.020774841308594,,,,lidar,32808,13299,2148,93,17268,50,8.038494110107422,7.514875411987305,,
r50,rain,weather,2.475144147872925,900,1600,1534867438862404000,,,254265,98.4569091796875,59.13068389892578,image,,,,,,50,,,,1.992618203163147
r50,rain,weather,2.491518974304199,900,1600,1534867438912413000,,,254699,98.77995300292969,59.260704040527344,image,,,,,,50,,,,1.995201587677002
r50,rain,weather,,,,1534867438948913000,12.44787883758545,17.273616790771484,,,,lidar,32838,13376,2112,107,17243,50,8.017538070678711,7.563418865203857,,
r50,rain,weather,,,,1534867438998674000,12.446226119995117,17.21556282043457,,,,lidar,32858,13335,2120,99,17304,50,8.020598411560059,7.511195182800293,,
r50,rain,weather,2.507009983062744,900,1600,1534867439012404000,,,255048,99.21321105957031,59.10988235473633,image,,,,,,50,,,,1.9907828569412231
r50,rain,weather,,,,1534867439048989000,12.388957023620605,17.00860023498535,,,,lidar,32862,13354,2127,97,17284,50,8.012242317199707,7.516862869262695,,
r50,rain,weather,,,,1534867439098749000,12.545303344726562,17.434772491455078,,,,lidar,32793,13376,2056,84,17277,50,7.954810619354248,7.426927089691162,,
r50,rain,weather,2.4737682342529297,900,1600,1534867439112404000,,,254616,99.05337524414062,59.20103073120117,image,,,,,,50,,,,1.9996086359024048
r50,rain,weather,,,,1534867439149065000,12.545223236083984,17.315086364746094,,,,lidar,32817,13357,2091,87,17282,50,7.973797798156738,7.453453063964844,,
r50,rain,weather,2.443131923675537,900,1600,1534867439162404000,,,252945,98.73387908935547,58.974029541015625,image,,,,,,50,,,,2.0073797702789307
r50,rain,weather,,,,1534867439199308000,12.507017135620117,17.181116104125977,,,,lidar,32818,13272,2096,101,17349,50,8.00236701965332,7.47167444229126,,
r50,rain,weather,,,,1534867439249155000,12.430886268615723,17.055736541748047,,,,lidar,32791,13243,2081,102,17365,50,8.005375862121582,7.483892917633057,,
r50,rain,weather,2.4574332237243652,900,1600,1534867439262404000,,,254643,98.4316635131836,59.090492248535156,image,,,,,,50,,,,2.033323049545288
r50,rain,weather,,,,1534867439298950000,12.510578155517578,17.20924949645996,,,,lidar,32822,13311,2068,124,17319,50,7.98392391204834,7.481423377990723,,
r50,rain,weather,,,,1534867439348701000,12.550689697265625,17.029478073120117,,,,lidar,32898,13277,2063,126,17432,50,8.001656532287598,7.5055131912231445,,
r50,rain,weather,,,,1534867439399032000,12.602962493896484,17.128170013427734,,,,lidar,32910,13248,2106,117,17439,50,8.002184867858887,7.475854396820068,,
r50,rain,weather,2.47992205619812,900,1600,1534867439362404000,,,254617,99.41064453125,58.92224884033203,image,,,,,,50,,,,2.0384864807128906
r50,rain,weather,2.4381654262542725,900,1600,1534867439412404000,,,253690,99.03372192382812,58.8532600402832,image,,,,,,50,,,,2.033254384994507
r50,rain,weather,,,,1534867439448778000,12.553474426269531,16.913082122802734,,,,lidar,32901,13281,2091,124,17405,50,7.980405330657959,7.463687419891357,,
r50,rain,weather,,,,1534867439499100000,12.625500679016113,16.905529022216797,,,,lidar,32840,13309,2047,124,17360,50,7.939361572265625,7.425384521484375,,
r50,rain,weather,2.4454145431518555,900,1600,1534867439512404000,,,254544,99.26411437988281,58.90150833129883,image,,,,,,50,,,,2.0514252185821533
r50,rain,weather,,,,1534867439548869000,12.713907241821289,17.124114990234375,,,,lidar,32880,13310,2057,120,17393,50,7.9181599617004395,7.373362064361572,,
r50,rain,weather,,,,1534867439599196000,12.727993965148926,17.210023880004883,,,,lidar,32929,13321,2115,131,17362,50,7.930007457733154,7.430591106414795,,
r50,rain,weather,2.460721969604492,900,1600,1534867439612404000,,,256066,99.30486297607422,58.736846923828125,image,,,,,,50,,,,2.0692262649536133
r50,rain,weather,,,,1534867439648947000,12.813736915588379,17.39714813232422,,,,lidar,32952,13347,2127,134,17344,50,7.915059566497803,7.4357008934021,,
r50,rain,weather,2.4440622329711914,900,1600,1534867439662404000,,,255210,99.71438598632812,58.35599899291992,image,,,,,,50,,,,2.059744119644165
r50,rain,weather,,,,1534867439699272000,12.763962745666504,17.241426467895508,,,,lidar,32934,13316,2162,132,17324,50,7.931828498840332,7.428701400756836,,
r50,rain,weather,,,,1534867439749040000,12.84900951385498,17.22062873840332,,,,lidar,32872,13245,2155,128,17344,50,7.936184406280518,7.416626930236816,,
r50,rain,weather,2.469904899597168,900,1600,1534867439762404000,,,255604,100.38786315917969,58.18545913696289,image,,,,,,50,,,,2.0680887699127197
r50,rain,weather,,,,1534867439798808000,12.920040130615234,17.26223373413086,,,,lidar,32921,13420,2073,132,17296,50,7.8570733070373535,7.388119220733643,,
r50,rain,weather,,,,1534867439849154000,12.988265037536621,17.396940231323242,,,,lidar,32983,13424,2043,119,17397,50,7.847854137420654,7.350006103515625,,
r50,rain,weather,,,,1534867439898892000,13.010462760925293,17.33812141418457,,,,lidar,32952,13392,1971,125,17464,50,7.839673042297363,7.372074604034424,,
r50,rain,weather,2.4537689685821533,900,1600,1534867439862404000,,,255496,100.41268920898438,58.500885009765625,image,,,,,,50,,,,2.104430675506592
r50,rain,weather,2.4186408519744873,900,1600,1534867439912404000,,,253894,100.23222351074219,57.85773468017578,image,,,,,,50,,,,2.094071865081787
r50,rain,weather,,,,1534867439949201000,12.974469184875488,17.28655433654785,,,,lidar,32926,13387,1945,138,17456,50,7.834982872009277,7.373325347900391,,
r50,rain,weather,,,,1534867439998973000,13.126093864440918,17.576345443725586,,,,lidar,32975,13411,1962,143,17459,50,7.843770503997803,7.40402364730835,,
r50,rain,weather,2.4428060054779053,900,1600,1534867440012404000,,,255390,100.37439727783203,57.809844970703125,image,,,,,,50,,,,2.1189098358154297
r50,rain,weather,,,,1534867440049294000,13.248900413513184,17.74917984008789,,,,lidar,32954,13419,1946,134,17455,50,7.836121559143066,7.385621547698975,,
r50,rain,weather,,,,1534867440099074000,13.279121398925781,17.858036041259766,,,,lidar,32984,13480,1933,135,17436,50,7.819222450256348,7.366893768310547,,
r50,rain,weather,2.4224565029144287,900,1600,1534867440112404000,,,255425,100.64097595214844,57.999996185302734,image,,,,,,50,,,,2.136035203933716
r50,rain,weather,,,,1534867440149392000,13.333240509033203,17.991321563720703,,,,lidar,32983,13553,1892,129,17409,50,7.7859697341918945,7.329626083374023,,
r50,rain,weather,2.4009296894073486,900,1600,1534867440162404000,,,254950,99.90463256835938,57.7069091796875,image,,,,,,50,,,,2.138683319091797
r50,rain,weather,,,,1534867440199182000,13.365119934082031,17.946901321411133,,,,lidar,33000,13576,1898,134,17392,50,7.810212135314941,7.367519378662109,,
r50,rain,weather,,,,1534867440248910000,13.439342498779297,18.08063507080078,,,,lidar,32972,13622,1890,135,17325,50,7.7968010902404785,7.361972808837891,,
r50,rain,weather,2.3956570625305176,900,1600,1534867440262404000,,,254526,100.23186492919922,57.47800064086914,image,,,,,,50,,,,2.120205879211426
r50,rain,weather,,,,1534867440299315000,13.620020866394043,18.51457977294922,,,,lidar,33044,13729,1866,141,17308,50,7.791295528411865,7.386190414428711,,
r50,rain,weather,,,,1534867440348991000,13.58499813079834,18.246105194091797,,,,lidar,33053,13641,1887,153,17372,50,7.852874279022217,7.4508442878723145,,
r50,rain,weather,2.4100229740142822,900,1600,1534867440362404000,,,255881,99.84788513183594,57.49726486206055,image,,,,,,50,,,,2.1185545921325684
r50,rain,weather,,,,1534867440398762000,13.648343086242676,18.488611221313477,,,,lidar,33118,13742,1878,138,17360,50,7.819972038269043,7.395742893218994,,
r50,rain,weather,2.391106128692627,900,1600,1534867440412404000,,,255277,99.91622161865234,57.442623138427734,image,,,,,,50,,,,2.1162784099578857
r50,rain,weather,,,,1534867440449077000,13.688637733459473,18.655555725097656,,,,lidar,33127,13814,1852,160,17301,50,7.816878795623779,7.454794883728027,,
r50,rain,weather,,,,1534867440498878000,13.693740844726562,18.535926818847656,,,,lidar,33144,13844,1820,152,17328,50,7.798960208892822,7.415863990783691,,
r50,rain,weather,2.372466802597046,900,1600,1534867440512404000,,,253692,100.37358093261719,57.54837417602539,image,,,,,,50,,,,2.1033294200897217
r50,rain,weather,,,,1534867440549191000,13.763251304626465,18.639665603637695,,,,lidar,33135,13864,1787,155,17329,50,7.801031589508057,7.404379367828369,,
r50,rain,weather,,,,1534867440598931000,13.715713500976562,18.379364013671875,,,,lidar,33195,13889,1776,161,17369,50,7.840049743652344,7.465632438659668,,
r50,rain,weather,2.35374116897583,900,1600,1534867440612404000,,,253251,100.21004486083984,57.68389892578125,image,,,,,,50,,,,2.0948283672332764
r50,rain,weather,,,,1534867440648695000,13.695798873901367,18.429065704345703,,,,lidar,33135,13817,1793,160,17365,50,7.86976957321167,7.480820655822754,,
r50,rain,weather,2.352846145629883,900,1600,1534867440662404000,,,252552,100.37168884277344,57.741539001464844,image,,,,,,50,,,,2.0983662605285645
r50,rain,weather,,,,1534867440699022000,13.66751480102539,18.29566764831543,,,,lidar,33151,13859,1756,163,17373,50,7.862599849700928,7.485553741455078,,
r50,rain,weather,,,,1534867440748781000,13.617562294006348,18.29081916809082,,,,lidar,33150,13896,1690,163,17401,50,7.832586765289307,7.442574977874756,,
r50,rain,weather,2.3484976291656494,900,1600,1534867440762404000,,,253050,100.1898422241211,57.42852783203125,image,,,,,,50,,,,2.086021900177002
r50,rain,weather,,,,1534867440798551000,13.713038444519043,18.379108428955078,,,,lidar,33075,13886,1626,180,17383,50,7.831992149353027,7.46140193939209,,
r50,rain,weather,,,,1534867440848893000,13.791547775268555,18.50804328918457,,,,lidar,33127,13987,1594,184,17362,50,7.793144702911377,7.388868808746338,,
r50,rain,weather,,,,1534867440898654000,13.805846214294434,18.595455169677734,,,,lidar,33086,14013,1552,213,17308,50,7.801246643066406,7.460770130157471,,
r50,rain,weather,2.366466522216797,900,1600,1534867440862404000,,,254497,100.29473114013672,57.933319091796875,image,,,,,,50,,,,2.1227328777313232
r50,rain,weather,2.3649656772613525,900,1600,1534867440912404000,,,254179,100.7593765258789,57.60707473754883,image,,,,,,50,,,,2.113323926925659
r50,rain,weather,,,,1534867440948950000,13.792704582214355,18.65696144104004,,,,lidar,33104,14012,1566,212,17314,50,7.803462028503418,7.441824436187744,,
r50,rain,weather,,,,1534867440998734000,13.812929153442383,18.436067581176758,,,,lidar,33050,14007,1527,230,17286,50,7.793875217437744,7.454383373260498,,
r50,rain,weather,2.366225481033325,900,1600,1534867441012404000,,,254497,100.38561248779297,57.6639289855957,image,,,,,,50,,,,2.133540630340576
r50,rain,weather,,,,1534867441048488000,13.733173370361328,18.299240112304688,,,,lidar,33053,14026,1542,221,17264,50,7.786383628845215,7.446953773498535,,
r50,rain,weather,,,,1534867441098820000,13.883515357971191,18.800874710083008,,,,lidar,33121,14100,1575,208,17238,50,7.78322172164917,7.458247661590576,,
r50,rain,weather,2.3648440837860107,900,1600,1534867441112410000,,,254281,100.88325500488281,57.87044906616211,image,,,,,,50,,,,2.1385247707366943
r50,rain,weather,,,,1534867441148588000,13.865982055664062,18.587907791137695,,,,lidar,33112,14153,1591,206,17162,50,7.734500885009766,7.399953842163086,,
r50,rain,weather,2.3550920486450195,900,1600,1534867441162404000,,,254038,100.70719146728516,57.628047943115234,image,,,,,,50,,,,2.1322531700134277
r50,rain,weather,,,,1534867441198344000,13.941162109375,18.764156341552734,,,,lidar,33098,14175,1552,214,17157,50,7.719426155090332,7.402407169342041,,
r50,rain,weather,,,,1534867441248674000,13.925494194030762,18.7044677734375,,,,lidar,33069,14224,1563,193,17089,50,7.678957939147949,7.359261989593506,,
r50,rain,weather,2.3602521419525146,900,1600,1534867441262406000,,,253871,100.87670135498047,57.376529693603516,image,,,,,,50,,,,2.1345043182373047
r50,rain,weather,,,,1534867441298498000,14.017865180969238,18.95408058166504,,,,lidar,33117,14277,1572,222,17046,50,7.708523750305176,7.469513416290283,,
r50,rain,weather,,,,1534867441348214000,13.999938011169434,19.01896858215332,,,,lidar,33013,14288,1518,209,16998,50,7.648332118988037,7.390567302703857,,
r50,rain,weather,,,,1534867441398516000,14.089146614074707,19.148324966430664,,,,lidar,33011,14325,1536,207,16943,50,7.642419815063477,7.386206150054932,,
r50,rain,weather,2.363875389099121,900,1600,1534867441362404000,,,254574,101.02227783203125,57.16925811767578,image,,,,,,50,,,,2.1557021141052246
r50,rain,weather,2.315424919128418,900,1600,1534867441412404000,,,252680,100.68692016601562,56.925838470458984,image,,,,,,50,,,,2.154285430908203
r50,rain,weather,,,,1534867441448283000,14.168745040893555,19.39295768737793,,,,lidar,32972,14344,1581,217,16830,50,7.668172359466553,7.468511581420898,,
r50,rain,weather,,,,1534867441498636000,14.230359077453613,19.381704330444336,,,,lidar,32893,14284,1583,217,16809,50,7.672513008117676,7.474503517150879,,
r50,rain,weather,2.3085858821868896,900,1600,1534867441512404000,,,252419,101.25301361083984,56.981178283691406,image,,,,,,50,,,,2.1601028442382812
r50,rain,weather,,,,1534867441548370000,14.170520782470703,19.281829833984375,,,,lidar,32929,14390,1546,213,16780,50,7.632414817810059,7.450820446014404,,
r50,rain,weather,,,,1534867441598151000,14.012012481689453,18.79166603088379,,,,lidar,32953,14376,1546,219,16812,50,7.646096229553223,7.474726676940918,,
r50,rain,weather,2.2720394134521484,900,1600,1534867441612404000,,,251101,101.2934341430664,56.5089225769043,image,,,,,,50,,,,2.1622607707977295
r50,rain,weather,,,,1534867441648627000,14.069254875183105,18.9686279296875,,,,lidar,32888,14382,1531,215,16760,50,7.628246307373047,7.451069355010986,,
r50,rain,weather,2.3225183486938477,900,1600,1534867441662404000,,,253625,101.4930419921875,56.72220993041992,image,,,,,,50,,,,2.1901495456695557
r50,rain,weather,,,,1534867441698269000,14.0699462890625,18.853504180908203,,,,lidar,32970,14480,1512,219,16759,50,7.610541820526123,7.464748859405518,,
r50,rain,weather,,,,1534867441747982000,14.181971549987793,19.127796173095703,,,,lidar,32955,14539,1502,232,16682,50,7.584133625030518,7.473127365112305,,
r50,rain,weather,2.3137154579162598,900,1600,1534867441762404000,,,252914,101.40586853027344,56.32683181762695,image,,,,,,50,,,,2.189624547958374
r50,rain,weather,,,,1534867441798300000,14.262109756469727,19.30901527404785,,,,lidar,32965,14596,1453,244,16672,50,7.554973125457764,7.465490818023682,,
r50,rain,weather,,,,1534867441848070000,14.402436256408691,19.62587547302246,,,,lidar,32919,14661,1435,245,16578,50,7.512992858886719,7.440206050872803,,
r50,rain,weather,,,,1534867441898462000,14.360129356384277,19.395832061767578,,,,lidar,32953,14640,1438,270,16605,50,7.54543924331665,7.532384872436523,,
r50,rain,weather,2.3054935932159424,900,1600,1534867441862404000,,,253148,101.70344543457031,56.2777214050293,image,,,,,,50,,,,2.1981444358825684
r50,rain,weather,2.330075740814209,900,1600,1534867441912404000,,,253653,101.86299896240234,56.165184020996094,image,,,,,,50,,,,2.1970598697662354
r50,rain,weather,,,,1534867441948169000,14.466552734375,19.710527420043945,,,,lidar,32963,14668,1494,274,16527,50,7.5597357749938965,7.549191474914551,,
r50,rain,weather,,,,1534867441997956000,14.486186981201172,19.81943130493164,,,,lidar,32917,14680,1465,283,16489,50,7.545284271240234,7.545497894287109,,
r50,rain,weather,2.2608206272125244,900,1600,1534867442012404000,,,251151,101.24445343017578,55.98269271850586,image,,,,,,50,,,,2.194051742553711
r50,rain,weather,,,,1534867442047686000,14.552407264709473,19.924341201782227,,,,lidar,32944,14810,1479,279,16376,50,7.518667221069336,7.556654930114746,,
r50,rain,weather,,,,1534867442098062000,14.554588317871094,19.78599739074707,,,,lidar,32950,14957,1510,287,16196,50,7.501140117645264,7.584813117980957,,
r50,rain,weather,2.283066511154175,900,1600,1534867442112726000,,,251319,101.51165771484375,56.0494270324707,image,,,,,,50,,,,2.196970224380493
r50,rain,weather,,,,1534867442147767000,14.453112602233887,19.70844078063965,,,,lidar,32994,14967,1577,274,16176,50,7.516755104064941,7.551041126251221,,
r50,rain,weather,2.308959722518921,900,1600,1534867442162404000,,,253460,101.45621490478516,56.17221450805664,image,,,,,,50,,,,2.2145071029663086
r50,rain,weather,,,,1534867442197540000,14.479937553405762,19.80409812927246,,,,lidar,32952,15123,1534,288,16007,50,7.475388526916504,7.578189849853516,,
r50,rain,weather,,,,1534867442247929000,14.598152160644531,20.02350425720215,,,,lidar,32913,15108,1565,293,15947,50,7.505978584289551,7.610562801361084,,
r50,rain,weather,2.272475242614746,900,1600,1534867442262404000,,,250537,101.87266540527344,56.15439224243164,image,,,,,,50,,,,2.1999123096466064
r50,rain,weather,,,,1534867442297645000,14.601152420043945,19.960594177246094,,,,lidar,32908,15214,1564,263,15867,50,7.4425859451293945,7.517449378967285,,
r50,rain,weather,,,,1534867442348677000,14.557294845581055,19.728748321533203,,,,lidar,32893,15364,1543,293,15693,50,7.435725688934326,7.614308834075928,,
r50,rain,weather,2.275681972503662,900,1600,1534867442362404000,,,252253,101.89788055419922,56.21067810058594,image,,,,,,50,,,,2.2038938999176025
r50,rain,weather,,,,1534867442397714000,14.50277042388916,19.71628761291504,,,,lidar,32909,15430,1566,272,15641,50,7.414129257202148,7.540285110473633,,
r50,rain,weather,,,,1534867442447483000,14.506880760192871,19.769006729125977,,,,lidar,32927,15499,1564,284,15580,50,7.42013692855835,7.608118057250977,,
r50,rain,weather,2.282292366027832,900,1600,1534867442412404000,,,252912,101.4546890258789,56.06302261352539,image,,,,,,50,,,,2.200355291366577
r50,rain,weather,,,,1534867442497867000,14.459407806396484,19.637252807617188,,,,lidar,32880,15473,1526,288,15593,50,7.423188209533691,7.596450328826904,,
r50,rain,weather,2.282285451889038,900,1600,1534867442512404000,,,252139,101.59484100341797,56.012508392333984,image,,,,,,50,,,,2.206148386001587
r50,rain,weather,,,,1534867442547583000,14.499726295471191,19.830835342407227,,,,lidar,32860,15555,1539,290,15476,50,7.409920692443848,7.617757797241211,,
r50,rain,weather,,,,1534867442597876000,14.423535346984863,19.548839569091797,,,,lidar,32842,15542,1539,287,15474,50,7.414096832275391,7.597036361694336,,
r50,rain,weather,2.29068660736084,900,1600,1534867442612404000,,,253333,101.34551239013672,56.040931701660156,image,,,,,,50,,,,2.2280192375183105
r50,rain,weather,,,,1534867442647660000,14.547514915466309,19.77503776550293,,,,lidar,32821,15591,1528,288,15414,50,7.401170253753662,7.613911151885986,,
r50,rain,weather,2.293424367904663,900,1600,1534867442662404000,,,253909,101.14713287353516,56.2254638671875,image,,,,,,50,,,,2.239154577255249
r50,rain,weather,,,,1534867442697447000,14.581089973449707,19.904815673828125,,,,lidar,32827,15647,1504,282,15394,50,7.373800754547119,7.597724437713623,,
r50,rain,weather,,,,1534867442747761000,14.598624229431152,19.921142578125,,,,lidar,32898,15737,1485,306,15370,50,7.380664825439453,7.658078670501709,,
r50,rain,weather,2.3200063705444336,900,1600,1534867442762404000,,,254784,100.90499114990234,56.14659881591797,image,,,,,,50,,,,2.2418291568756104
r50,rain,weather,,,,1534867442797564000,14.585861206054688,19.994483947753906,,,,lidar,32898,15772,1489,305,15332,50,7.390192031860352,7.674069404602051,,
r50,rain,weather,,,,1534867442847842000,14.61299991607666,20.07016944885254,,,,lidar,32899,15775,1480,317,15327,50,7.396956920623779,7.7109832763671875,,
r50,rain,weather,2.321113109588623,900,1600,1534867442862404000,,,254964,101.40715789794922,56.27811813354492,image,,,,,,50,,,,2.2455270290374756
r50,rain,weather,,,,1534867442897618000,14.476601600646973,20.000276565551758,,,,lidar,32863,15873,1435,302,15253,50,7.323737621307373,7.613709449768066,,
r50,rain,weather,,,,1534867442947903000,14.61262321472168,20.33681869506836,,,,lidar,32856,15918,1427,307,15204,50,7.322768688201904,7.667813301086426,,
r50,rain,weather,2.300778865814209,900,1600,1534867442912404000,,,254400,101.27693176269531,56.179229736328125,image,,,,,,50,,,,2.2439773082733154
r50,rain,weather,,,,1534867442997694000,14.533002853393555,20.18716812133789,,,,lidar,32911,15983,1405,304,15219,50,7.289307594299316,7.623019218444824,,
r50,rain,weather,,,,1534867443047995000,14.537809371948242,20.20745086669922,,,,lidar,32873,16027,1415,301,15130,50,7.2646164894104,7.622333526611328,,
r50,rain,weather,,,,1534867443097829000,14.473915100097656,20.074626922607422,,,,lidar,32829,16033,1414,305,15077,50,7.266068935394287,7.631880283355713,,
r50,rain,weather,2.3166332244873047,900,1600,1534867443112404000,,,254478,101.42820739746094,56.209571838378906,image,,,,,,50,,,,2.2569360733032227
r50,rain,weather,,,,1534867443147528000,14.340845108032227,19.853641510009766,,,,lidar,32832,16078,1430,309,15015,50,7.257455348968506,7.6554765701293945,,
r50,rain,weather,2.3406267166137695,900,1600,1534867443162404000,,,255994,101.2345962524414,56.25764465332031,image,,,,,,50,,,,2.262707233428955
r50,rain,weather,,,,1534867443197863000,14.371638298034668,19.906023025512695,,,,lidar,32785,16121,1426,305,14933,50,7.23526668548584,7.6315717697143555,,
r50,rain,weather,,,,1534867443247608000,14.444267272949219,20.05838966369629,,,,lidar,32764,16119,1449,300,14896,50,7.230649471282959,7.623013496398926,,
r50,rain,weather,2.3439810276031494,900,1600,1534867443262404000,,,256017,101.40190887451172,56.20888137817383,image,,,,,,50,,,,2.2558655738830566
r50,rain,weather,,,,1534867443297939000,14.48262882232666,20.057621002197266,,,,lidar,32759,16142,1448,315,14854,50,7.231619358062744,7.6842803955078125,,
r50,rain,weather,,,,1534867443347701000,14.328269004821777,19.892974853515625,,,,lidar,32762,16190,1492,300,14780,50,7.222172737121582,7.64525842666626,,
r50,rain,weather,2.3278896808624268,900,1600,1534867443362404000,,,254567,101.53450012207031,56.14313888549805,image,,,,,,50,,,,2.2477989196777344
r50,rain,weather,,,,1534867443397468000,14.210768699645996,19.620044708251953,,,,lidar,32749,16161,1470,318,14800,50,7.243917942047119,7.7152581214904785,,
r50,rain,weather,,,,1534867443447793000,14.154474258422852,19.574613571166992,,,,lidar,32864,16206,1508,320,14830,50,7.265589714050293,7.745053291320801,,
r50,rain,weather,2.3312833309173584,900,1600,1534867443412404000,,,255400,101.50728607177734,55.92755126953125,image,,,,,,50,,,,2.254085063934326
r50,rain,weather,,,,1534867443497572000,14.192615509033203,19.739011764526367,,,,lidar,32807,16245,1455,304,14803,50,7.199419021606445,7.609794616699219,,
r50,rain,weather,2.3286657333374023,900,1600,1534867443512404000,,,254752,101.86363220214844,55.92551040649414,image,,,,,,50,,,,2.246284008026123
r50,rain,weather,,,,1534867443547324000,14.069238662719727,19.614822387695312,,,,lidar,32789,16293,1497,309,14690,50,7.211608409881592,7.681095600128174,,
r50,rain,weather,,,,1534867443597672000,14.077438354492188,19.624271392822266,,,,lidar,32852,16380,1504,298,14670,50,7.187427043914795,7.637530326843262,,
r50,rain,weather,2.3471057415008545,900,1600,1534867443612404000,,,256252,101.29718017578125,56.36336135864258,image,,,,,,50,,,,2.258916139602661
r50,rain,weather,,,,1534867443647400000,14.1814546585083,19.967744827270508,,,,lidar,32823,16368,1486,328,14641,50,7.197181701660156,7.718692302703857,,
r50,rain,weather,2.3421027660369873,900,1600,1534867443662404000,,,255760,101.73914337158203,56.26175308227539,image,,,,,,50,,,,2.252307415008545
r50,rain,weather,,,,1534867443697742000,14.118879318237305,19.875621795654297,,,,lidar,32843,16385,1494,319,14645,50,7.192488670349121,7.6941962242126465,,
r50,rain,weather,,,,1534867443747485000,14.15587329864502,20.037456512451172,,,,lidar,32802,16363,1513,311,14615,50,7.192830562591553,7.702598571777344,,
r50,rain,weather,2.3266992568969727,900,1600,1534867443762404000,,,254315,102.29380798339844,55.85625076293945,image,,,,,,50,,,,2.244826078414917
r50,rain,weather,,,,1534867443797279000,14.076480865478516,19.790281295776367,,,,lidar,32888,16407,1524,324,14633,50,7.207730293273926,7.72980260848999,,
r50,rain,weather,,,,1534867443847571000,14.089434623718262,19.746889114379883,,,,lidar,32883,16480,1497,321,14585,50,7.1635823249816895,7.708737373352051,,
r50,rain,weather,2.3205976486206055,900,1600,1534867443862404000,,,254793,101.74564361572266,55.80662536621094,image,,,,,,50,,,,2.2457375526428223
r50,rain,weather,,,,1534867443897376000,14.13475513458252,19.92304229736328,,,,lidar,32836,16483,1517,295,14541,50,7.128108501434326,7.631595134735107,,
r50,rain,weather,,,,1534867443947127000,14.070717811584473,19.70212745666504,,,,lidar,32843,16478,1509,315,14541,50,7.150781631469727,7.6964640617370605,,
r50,rain,weather,2.3417365550994873,900,1600,1534867443912404000,,,255894,101.62896728515625,55.997623443603516,image,,,,,,50,,,,2.2468924522399902
r50,rain,weather,,,,1534867443997478000,14.00568962097168,19.765588760375977,,,,lidar,32936,16590,1529,303,14514,50,7.1330132484436035,7.69653844833374,,
r50,rain,weather,2.3507442474365234,900,1600,1534867444012404000,,,255533,101.84164428710938,55.973567962646484,image,,,,,,50,,,,2.2486283779144287
r50,rain,weather,,,,1534867444047199000,14.067132949829102,19.77870750427246,,,,lidar,32841,16525,1506,312,14498,50,7.129295349121094,7.677222728729248,,
r50,rain,weather,,,,1534867444097519000,13.951812744140625,19.613903045654297,,,,lidar,32911,16572,1513,309,14517,50,7.128628730773926,7.677865505218506,,
r50,rain,weather,2.3515870571136475,900,1600,1534867444112404000,,,255847,101.92118072509766,55.89974594116211,image,,,,,,50,,,,2.2621121406555176
r50,rain,weather,,,,1534867444147295000,13.887469291687012,19.500267028808594,,,,lidar,32850,16519,1515,302,14514,50,7.117959976196289,7.649302005767822,,
r50,rain,weather,2.323741912841797,900,1600,1534867444162404000,,,255146,101.96157836914062,55.961761474609375,image,,,,,,50,,,,2.2574567794799805
r50,rain,weather,,,,1534867444198036000,13.893410682678223,19.51500701904297,,,,lidar,32909,16569,1503,315,14522,50,7.114920139312744,7.675329208374023,,
r50,rain,weather,,,,1534867444247372000,13.898210525512695,19.511186599731445,,,,lidar,32861,16588,1490,308,14475,50,7.094151020050049,7.672061920166016,,
r50,rain,weather,2.33034610748291,900,1600,1534867444262404000,,,254597,102.19782257080078,55.89290237426758,image,,,,,,50,,,,2.2539355754852295
r50,rain,weather,,,,1534867444297132000,13.852269172668457,19.367523193359375,,,,lidar,32844,16580,1489,298,14477,50,7.0827507972717285,7.6173810958862305,,
r50,rain,weather,,,,1534867444347449000,13.924190521240234,19.411026000976562,,,,lidar,32840,16541,1513,306,14480,50,7.115115642547607,7.665472984313965,,
r50,rain,weather,2.3208601474761963,900,1600,1534867444362404000,,,255310,101.68903350830078,55.965187072753906,image,,,,,,50,,,,2.2550299167633057
r50,rain,weather,,,,1534867444397270000,13.804009437561035,19.154277801513672,,,,lidar,32837,16538,1496,304,14499,50,7.1022467613220215,7.647979259490967,,
r50,rain,weather,,,,1534867444447580000,13.818300247192383,19.154157638549805,,,,lidar,32831,16523,1496,301,14511,50,7.10419225692749,7.650193214416504,,
r50,rain,weather,2.3459739685058594,900,1600,1534867444412404000,,,256529,101.56417846679688,55.93201446533203,image,,,,,,50,,,,2.2746782302856445
r50,rain,weather,,,,1534867444497330000,13.77668285369873,19.095245361328125,,,,lidar,32776,16491,1496,301,14488,50,7.102716445922852,7.627400875091553,,
r50,rain,weather,2.364450693130493,900,1600,1534867444512404000,,,257312,101.61772155761719,55.9055290222168,image,,,,,,50,,,,2.275798797607422
r50,rain,weather,,,,1534867444547070000,13.842996597290039,19.249237060546875,,,,lidar,32815,16522,1508,292,14493,50,7.100236415863037,7.622720241546631,,
r50,rain,weather,,,,1534867444597408000,13.92435073852539,19.40086555480957,,,,lidar,32769,16518,1506,293,14452,50,7.083675861358643,7.595176696777344,,
r50,rain,weather,2.3977255821228027,900,1600,1534867444612404000,,,258706,101.6616439819336,56.04536056518555,image,,,,,,50,,,,2.307859420776367
r50,rain,weather,,,,1534867444647162000,13.859757423400879,19.203819274902344,,,,lidar,32757,16430,1502,291,14534,50,7.113679885864258,7.605350971221924,,
r50,rain,weather,2.3877339363098145,900,1600,1534867444662404000,,,258857,101.48765563964844,56.177738189697266,image,,,,,,50,,,,2.3084545135498047
r50,rain,weather,,,,1534867444696959000,13.976950645446777,19.52920150756836,,,,lidar,32805,16564,1492,289,14460,50,7.053658962249756,7.571247577667236,,
r50,rain,weather,,,,1534867444747268000,14.043831825256348,19.65172004699707,,,,lidar,32790,16539,1507,289,14455,50,7.068748474121094,7.582945823669434,,
r50,rain,weather,2.378554582595825,900,1600,1534867444762404000,,,258551,101.51628875732422,56.285030364990234,image,,,,,,50,,,,2.3119778633117676
r50,rain,weather,,,,1534867444797028000,14.090998649597168,19.543853759765625,,,,lidar,32838,16536,1512,300,14490,50,7.093688488006592,7.630159854888916,,
r50,rain,weather,,,,1534867444847332000,14.036808013916016,19.366622924804688,,,,lidar,32722,16448,1526,291,14457,50,7.097337245941162,7.613577842712402,,
r50,rain,weather,2.344848155975342,900,1600,1534867444862404000,,,257355,101.44215393066406,56.213531494140625,image,,,,,,50,,,,2.3046815395355225
r50,rain,weather,,,,1534867444897099000,14.03569507598877,19.280832290649414,,,,lidar,32807,16488,1532,304,14483,50,7.114667892456055,7.631864070892334,,
r50,rain,weather,,,,1534867444947433000,14.107553482055664,19.31532096862793,,,,lidar,32839,16541,1538,292,14468,50,7.088513374328613,7.617651462554932,,
r50,rain,weather,2.3349759578704834,900,1600,1534867444912405000,,,256869,101.45198059082031,56.358917236328125,image,,,,,,50,,,,2.31160044670105
r50,rain,weather,,,,1534867444997186000,14.093111038208008,19.276371002197266,,,,lidar,32839,16570,1506,286,14477,50,7.0664520263671875,7.584688186645508,,
r50,rain,weather,2.3562428951263428,900,1600,1534867445012404000,,,256998,101.76094818115234,56.37232971191406,image,,,,,,50,,,,2.314150333404541
r50,rain,weather,,,,1534867445047520000,14.10962200164795,19.290935516357422,,,,lidar,32862,16577,1485,284,14516,50,7.056053161621094,7.5775465965271,,
r50,rain,weather,,,,1534867445097266000,14.191496849060059,19.533695220947266,,,,lidar,32867,16565,1506,303,14493,50,7.097893714904785,7.679507732391357,,
r50,rain,weather,2.342703104019165,900,1600,1534867445112404000,,,256166,101.81962585449219,56.4332275390625,image,,,,,,50,,,,2.3057711124420166
r50,rain,weather,,,,1534867445147595000,14.161829948425293,19.37854766845703,,,,lidar,32908,16563,1495,318,14532,50,7.104920387268066,7.681429862976074,,
r50,rain,weather,2.350897789001465,900,1600,1534867445162404000,,,256591,101.40052032470703,56.34201431274414,image,,,,,,50,,,,2.298665761947632
r50,rain,weather,,,,1534867445197943000,14.234281539916992,19.51178550720215,,,,lidar,32886,16535,1462,298,14591,50,7.0816450119018555,7.601080894470215,,
r50,rain,weather,,,,1534867445247706000,14.250779151916504,19.492435455322266,,,,lidar,32860,16540,1528,322,14470,50,7.124358654022217,7.730120658874512,,
r50,rain,weather,2.356637477874756,900,1600,1534867445262404000,,,257930,101.30365753173828,56.44145202636719,image,,,,,,50,,,,2.3119611740112305
r50,rain,weather,,,,1534867445298022000,14.237150192260742,19.48502540588379,,,,lidar,32886,16596,1483,312,14495,50,7.083629131317139,7.650378704071045,,
r50,rain,weather,,,,1534867445347757000,14.216352462768555,19.47861099243164,,,,lidar,32878,16599,1500,288,14491,50,7.059258937835693,7.596673965454102,,
r50,rain,weather,,,,1534867445398100000,14.238801956176758,19.564363479614258,,,,lidar,32827,16555,1489,284,14499,50,7.058722019195557,7.57448148727417,,
r50,rain,weather,2.395702838897705,900,1600,1534867445362404000,,,259613,101.28579711914062,56.54732131958008,image,,,,,,50,,,,2.310696601867676
r50,rain,weather,,,,1534867445447852000,14.331828117370605,19.685138702392578,,,,lidar,32857,16562,1504,292,14499,50,7.073263168334961,7.605963706970215,,
r50,rain,weather,,,,1534867445498217000,14.367365837097168,19.76906967163086,,,,lidar,32877,16570,1487,306,14514,50,7.085365295410156,7.645242214202881,,
r50,rain,weather,2.3947362899780273,900,1600,1534867445512404000,,,259368,101.20716857910156,56.47813034057617,image,,,,,,50,,,,2.3250105381011963
r50,rain,weather,,,,1534867445547947000,14.412833213806152,19.8435115814209,,,,lidar,32816,16597,1487,303,14429,50,7.05560302734375,7.62162446975708,,
r50,rain,weather,,,,1534867445597727000,14.53258991241455,20.05876922607422,,,,lidar,32833,16586,1486,304,14457,50,7.07294225692749,7.621654987335205,,
r50,rain,weather,2.3759350776672363,900,1600,1534867445612404000,,,258558,101.1893539428711,56.545963287353516,image,,,,,,50,,,,2.3218533992767334
r50,rain,weather,,,,1534867445648244000,14.61477279663086,20.18206214904785,,,,lidar,32749,16574,1487,291,14397,50,7.056873321533203,7.606575965881348,,
r50,rain,weather,2.3252241611480713,900,1600,1534867445662404000,,,256401,100.98902130126953,56.74211883544922,image,,,,,,50,,,,2.3190691471099854
r50,rain,weather,,,,1534867445697790000,14.476213455200195,19.810409545898438,,,,lidar,32795,16598,1526,292,14379,50,7.072404861450195,7.632442474365234,,
r50,rain,weather,,,,1534867445748133000,14.60611343383789,19.95539093017578,,,,lidar,32825,16668,1477,294,14386,50,7.0397725105285645,7.603297233581543,,
r50,rain,weather,2.330502510070801,900,1600,1534867445762404000,,,256406,100.9833984375,56.696624755859375,image,,,,,,50,,,,2.3252203464508057
r50,rain,weather,,,,1534867445797874000,14.681670188903809,20.064836502075195,,,,lidar,32791,16649,1480,278,14384,50,7.032078742980957,7.565582752227783,,
r50,rain,weather,,,,1534867445848195000,14.79970932006836,20.24504852294922,,,,lidar,32746,16644,1495,293,14314,50,7.051273345947266,7.646045207977295,,
r50,rain,weather,,,,1534867445897959000,14.72779655456543,20.103368759155273,,,,lidar,32789,16669,1491,282,14347,50,7.042478084564209,7.606445789337158,,
r50,rain,weather,2.3519394397735596,900,1600,1534867445862404000,,,257096,101.0610580444336,56.80181884765625,image,,,,,,50,,,,2.323397636413574
r50,rain,weather,2.3436994552612305,900,1600,1534867445913480000,,,257802,100.87789916992188,56.80747604370117,image,,,,,,50,,,,2.3151848316192627
r50,rain,weather,,,,1534867445948276000,14.787084579467773,20.14616584777832,,,,lidar,32815,16646,1486,287,14396,50,7.052241802215576,7.612451076507568,,
r50,rain,weather,,,,1534867445998033000,14.840338706970215,20.238834381103516,,,,lidar,32818,16698,1490,293,14337,50,7.046219825744629,7.630369186401367,,
r50,rain,weather,2.3211681842803955,900,1600,1534867446012404000,,,256510,101.047607421875,56.84740447998047,image,,,,,,50,,,,2.3222219944000244
r50,rain,weather,,,,1534867446048388000,14.893253326416016,20.239164352416992,,,,lidar,32846,16737,1506,298,14305,50,7.048726558685303,7.649698734283447,,
r50,rain,weather,,,,1534867446098139000,14.910358428955078,20.353652954101562,,,,lidar,32892,16771,1492,295,14334,50,7.037707805633545,7.629951477050781,,
r50,rain,weather,2.368433713912964,900,1600,1534867446112404000,,,259196,100.88987731933594,56.925785064697266,image,,,,,,50,,,,2.3233160972595215
r50,rain,weather,,,,1534867446148460000,15.020630836486816,20.53741455078125,,,,lidar,32870,16778,1498,292,14302,50,7.033432960510254,7.642299652099609,,
r50,rain,weather,2.3896191120147705,900,1600,1534867446162404000,,,259768,100.69331359863281,57.10627365112305,image,,,,,,50,,,,2.336235284805298
r50,rain,weather,,,,1534867446198255000,15.058674812316895,20.58001136779785,,,,lidar,32865,16818,1501,302,14244,50,7.036630630493164,7.6735520362854,,
r50,rain,weather,,,,1534867446248542000,15.084981918334961,20.519023895263672,,,,lidar,32867,16781,1474,310,14302,50,7.036586761474609,7.683332443237305,,
r50,rain,weather,2.3584163188934326,900,1600,1534867446262404000,,,258118,100.99705505371094,56.836387634277344,image,,,,,,50,,,,2.3221933841705322
r50,rain,weather,,,,1534867446298332000,14.981091499328613,20.342674255371094,,,,lidar,32894,16799,1490,293,14312,50,7.027883529663086,7.622503757476807,,
r50,rain,weather,,,,1534867446348622000,15.109515190124512,20.51125717163086,,,,lidar,32822,16840,1496,289,14197,50,6.999512195587158,7.6225152015686035,,
r50,rain,weather,2.3642678260803223,900,1600,1534867446362404000,,,258404,101.00601196289062,56.89030075073242,image,,,,,,50,,,,2.3096871376037598
r50,rain,weather,,,,1534867446398402000,15.119319915771484,20.441082000732422,,,,lidar,32838,16798,1490,311,14239,50,7.041569232940674,7.6922688484191895,,
r50,rain,weather,,,,1534867446448725000,15.211533546447754,20.49494171142578,,,,lidar,32830,16819,1484,308,14219,50,7.027743816375732,7.671651363372803,,
r50,rain,weather,,,,1534867446498488000,15.285920143127441,20.509992599487305,,,,lidar,32778,16801,1523,304,14150,50,7.040170192718506,7.701293468475342,,
r50,rain,weather,2.333757162094116,900,1600,1534867446512404000,,,256614,101.05828857421875,56.793312072753906,image,,,,,,50,,,,2.3179116249084473
r50,rain,weather,,,,1534867446548787000,15.2325439453125,20.309789657592773,,,,lidar,32799,16832,1499,296,14172,50,7.022768497467041,7.683554649353027,,
r50,rain,weather,,,,1534867446598957000,15.427628517150879,20.606136322021484,,,,lidar,32774,16850,1494,298,14132,50,7.015548229217529,7.712880611419678,,
r50,rain,weather,2.354583501815796,900,1600,1534867446612404000,,,257655,101.02529907226562,56.89460754394531,image,,,,,,50,,,,2.318056106567383
r50,rain,weather,,,,1534867446648313000,15.48166275024414,20.750431060791016,,,,lidar,32780,16877,1485,290,14128,50,6.980882167816162,7.643411636352539,,
r50,rain,weather,2.3490869998931885,900,1600,1534867446662404000,,,257390,100.88092041015625,56.85551452636719,image,,,,,,50,,,,2.328321695327759
r50,rain,weather,,,,1534867446698662000,15.507233619689941,20.72633171081543,,,,lidar,32749,16850,1487,284,14128,50,6.975738525390625,7.636155605316162,,
r50,rain,weather,,,,1534867446748415000,15.634340286254883,20.819293975830078,,,,lidar,32822,16891,1492,296,14143,50,6.994324684143066,7.6658034324646,,
r50,rain,weather,2.329254388809204,900,1600,1534867446762404000,,,256439,101.04383087158203,56.73564910888672,image,,,,,,50,,,,2.3033556938171387
r50,rain,weather,,,,1534867446798721000,15.74593448638916,20.92437744140625,,,,lidar,32797,16911,1510,307,14069,50,7.00251579284668,7.729975700378418,,
r50,rain,weather,,,,1534867446848594000,15.800980567932129,21.020952224731445,,,,lidar,32842,16958,1490,308,14086,50,6.978989601135254,7.698563098907471,,
r50,rain,weather,,,,1534867446898817000,15.898832321166992,21.09616470336914,,,,lidar,32854,16985,1502,302,14065,50,6.970586776733398,7.693854808807373,,
r50,rain,weather,2.3299756050109863,900,1600,1534867446862404000,,,256302,101.19424438476562,56.4481201171875,image,,,,,,50,,,,2.298031806945801
r50,rain,weather,2.336892604827881,900,1600,1534867446912404000,,,256495,101.09300231933594,56.57331466674805,image,,,,,,50,,,,2.2977328300476074
r50,rain,weather,,,,1534867446948573000,15.869620323181152,20.893980026245117,,,,lidar,32835,16953,1497,315,14070,50,6.998600006103516,7.755273342132568,,
r50,rain,weather,,,,1534867446998928000,15.931382179260254,20.908016204833984,,,,lidar,32855,16934,1518,294,14109,50,6.992042541503906,7.707282543182373,,
r50,rain,weather,2.3333847522735596,900,1600,1534867447012404000,,,256225,101.10237884521484,56.58736038208008,image,,,,,,50,,,,2.2955665588378906
r50,rain,weather,,,,1534867447048666000,15.97909164428711,20.979204177856445,,,,lidar,32846,16962,1502,312,14070,50,6.993241786956787,7.756595134735107,,
r50,rain,weather,,,,1534867447098978000,15.871891021728516,20.7917537689209,,,,lidar,32881,17016,1496,292,14077,50,6.960687160491943,7.705049514770508,,
r50,rain,weather,2.318429470062256,900,1600,1534867447112404000,,,255298,101.00518035888672,56.57728576660156,image,,,,,,50,,,,2.299818515777588
r50,rain,weather,,,,1534867447149337000,15.917437553405762,20.839990615844727,,,,lidar,32870,16985,1485,287,14113,50,6.944125652313232,7.66582727432251,,
r50,rain,weather,2.3173844814300537,900,1600,1534867447162404000,,,255767,100.73767852783203,56.768760681152344,image,,,,,,50,,,,2.30472469329834
r50,rain,weather,,,,1534867447199078000,15.925724029541016,20.789899826049805,,,,lidar,32852,16961,1514,284,14093,50,6.948741912841797,7.659988880157471,,
r50,rain,weather,,,,1534867447249400000,16.000438690185547,20.87812614440918,,,,lidar,32876,16983,1504,286,14103,50,6.949078559875488,7.679394721984863,,
r50,rain,weather,,,,1534867447299163000,15.989418983459473,20.75279426574707,,,,lidar,32853,16990,1522,288,14053,50,6.945652484893799,7.696807861328125,,
r50,rain,weather,2.3554444313049316,900,1600,1534867447262404000,,,257137,101.2127685546875,56.40678024291992,image,,,,,,50,,,,2.2868590354919434
r50,rain,weather,,,,1534867447349496000,16.07499885559082,20.889577865600586,,,,lidar,32866,16962,1510,306,14088,50,6.968441963195801,7.7391886711120605,,
r50,rain,weather,2.3690292835235596,900,1600,1534867447362404000,,,257173,101.14947509765625,56.63205337524414,image,,,,,,50,,,,2.2991726398468018
r50,rain,weather,,,,1534867447399251000,16.092844009399414,20.946338653564453,,,,lidar,32865,16956,1506,294,14109,50,6.951467514038086,7.704919338226318,,
r50,rain,weather,2.367842435836792,900,1600,1534867447412404000,,,258198,100.97248840332031,56.792701721191406,image,,,,,,50,,,,2.3005263805389404
r50,rain,weather,,,,1534867447499356000,16.15705108642578,21.077964782714844,,,,lidar,32647,16884,1485,294,13984,50,6.9252448081970215,7.700325965881348,,
r50,rain,weather,2.360697031021118,900,1600,1534867447512404000,,,257121,100.9705581665039,56.58908462524414,image,,,,,,50,,,,2.294130325317383
r50,rain,weather,,,,1534867447549666000,16.224332809448242,21.217144012451172,,,,lidar,32844,16949,1483,298,14114,50,6.931044101715088,7.679563522338867,,
r50,rain,weather,,,,1534867447599434000,16.172903060913086,21.07866668701172,,,,lidar,32828,16925,1515,288,14100,50,6.943697452545166,7.676937580108643,,
r50,rain,weather,2.3589930534362793,900,1600,1534867447612404000,,,257640,100.96739959716797,56.68856430053711,image,,,,,,50,,,,2.2870934009552
r50,rain,weather,,,,1534867447649202000,16.192686080932617,21.14607048034668,,,,lidar,32839,16980,1497,294,14068,50,6.9312005043029785,7.674165725708008,,
r50,rain,weather,2.333773136138916,900,1600,1534867447662404000,,,255612,101.00041961669922,56.615478515625,image,,,,,,50,,,,2.2738564014434814
r50,rain,weather,,,,1534867447699509000,16.279617309570312,21.2685546875,,,,lidar,32840,17024,1476,293,14047,50,6.913305759429932,7.649028301239014,,
r50,rain,weather,,,,1534867447749283000,16.346534729003906,21.266061782836914,,,,lidar,32796,17004,1507,298,13987,50,6.94014310836792,7.707817077636719,,
r50,rain,weather,,,,1534867447799634000,16.359699249267578,21.285303115844727,,,,lidar,32829,17057,1493,296,13983,50,6.924633502960205,7.711728572845459,,
r50,rain,weather,2.3394997119903564,900,1600,1534867447762404000,,,256368,100.927490234375,56.8661994934082,image,,,,,,50,,,,2.2895286083221436
r50,rain,weather,,,,1534867447849358000,16.3909969329834,21.328750610351562,,,,lidar,32825,17118,1472,280,13955,50,6.867183685302734,7.5918145179748535,,
r50,rain,weather,2.3549885749816895,900,1600,1534867447862404000,,,257032,100.94248962402344,56.80622482299805,image,,,,,,50,,,,2.2893617153167725
r50,rain,weather,,,,1534867447899120000,16.457284927368164,21.313318252563477,,,,lidar,32840,17057,1494,306,13983,50,6.947599411010742,7.736805438995361,,
r50,rain,weather,2.324620246887207,900,1600,1534867447912404000,,,255500,100.94580841064453,56.72942352294922,image,,,,,,50,,,,2.28096079826355
r50,rain,weather,,,,1534867447949457000,16.490325927734375,21.336442947387695,,,,lidar,32799,17090,1485,304,13920,50,6.919954776763916,7.704398155212402,,
r50,rain,weather,,,,1534867447999205000,16.595727920532227,21.48080825805664,,,,lidar,32817,17117,1491,303,13906,50,6.915243148803711,7.68060302734375,,
r50,rain,weather,2.360318183898926,900,1600,1534867448012404000,,,257468,100.92579650878906,56.8260498046875,image,,,,,,50,,,,2.281435012817383
r50,rain,weather,,,,1534867448048993000,16.601295471191406,21.43522071838379,,,,lidar,32809,17179,1455,305,13870,50,6.889312267303467,7.681458473205566,,
r50,rain,weather,,,,1534867448099299000,16.563472747802734,21.429216384887695,,,,lidar,32791,17207,1481,306,13797,50,6.8837690353393555,7.684499263763428,,
r50,rain,weather,2.371976852416992,900,1600,1534867448112404000,,,257697,100.91206359863281,56.87165451049805,image,,,,,,50,,,,2.289576530456543
r50,rain,weather,,,,1534867448149086000,16.614540100097656,21.50261878967285,,,,lidar,32808,17243,1472,297,13796,50,6.864554405212402,7.663658618927002,,
r50,rain,weather,2.3409950733184814,900,1600,1534867448162404000,,,256525,100.82301330566406,56.878570556640625,image,,,,,,50,,,,2.2884886264801025
r50,rain,weather,,,,1534867448198839000,16.622264862060547,21.561080932617188,,,,lidar,32834,17202,1498,283,13851,50,6.876564025878906,7.631289958953857,,
r50,rain,weather,,,,1534867448249153000,16.536300659179688,21.367053985595703,,,,lidar,32802,17202,1474,295,13831,50,6.892286777496338,7.688347339630127,,
r50,rain,weather,,,,1534867448298906000,16.545639038085938,21.280452728271484,,,,lidar,32843,17295,1468,287,13793,50,6.844084739685059,7.610747337341309,,
r50,rain,weather,2.35243558883667,900,1600,1534867448262404000,,,256621,100.85450744628906,57.027774810791016,image,,,,,,50,,,,2.291855573654175
r50,rain,weather,,,,1534867448348687000,16.61321258544922,21.488374710083008,,,,lidar,32836,17238,1480,302,13816,50,6.8911967277526855,7.695804595947266,,
r50,rain,weather,2.3287131786346436,900,1600,1534867448362404000,,,255410,100.73690032958984,56.97510528564453,image,,,,,,50,,,,2.2818820476531982
r50,rain,weather,,,,1534867448398993000,16.51706314086914,21.35390853881836,,,,lidar,32836,17298,1458,299,13781,50,6.8656086921691895,7.6756720542907715,,
r50,rain,weather,2.3308255672454834,900,1600,1534867448412404000,,,256281,100.56598663330078,57.201385498046875,image,,,,,,50,,,,2.294491767883301
r50,rain,weather,,,,1534867448448790000,16.500242233276367,21.206951141357422,,,,lidar,32823,17208,1476,296,13843,50,6.888778209686279,7.668248176574707,,
r50,rain,weather,,,,1534867448501017000,16.467960357666016,21.2889347076416,,,,lidar,32846,17301,1452,292,13801,50,6.865668773651123,7.67323637008667,,
r50,rain,weather,2.3338286876678467,900,1600,1534867448512404000,,,255958,100.62057495117188,57.201820373535156,image,,,,,,50,,,,2.2844293117523193
r50,rain,weather,,,,1534867448548298000,16.48761749267578,21.220237731933594,,,,lidar,32828,17180,1477,304,13867,50,6.925270080566406,7.716096878051758,,
r50,rain,weather,,,,1534867448598608000,16.559728622436523,21.398136138916016,,,,lidar,32829,17304,1453,277,13795,50,6.841780662536621,7.587296485900879,,
r50,rain,weather,2.3454346656799316,900,1600,1534867448612404000,,,256246,100.41145324707031,57.24714660644531,image,,,,,,50,,,,2.285526990890503
r50,rain,weather,,,,1534867448648391000,16.577987670898438,21.386234283447266,,,,lidar,32781,17195,1454,297,13835,50,6.895784854888916,7.679388046264648,,
r50,rain,weather,,,,1534867448698154000,16.46757698059082,21.236753463745117,,,,lidar,32867,17243,1468,296,13860,50,6.896257400512695,7.666721343994141,,
r50,rain,weather,2.3687193393707275,900,1600,1534867448662404000,,,257988,100.38475799560547,57.37800216674805,image,,,,,,50,,,,2.2847442626953125
r50,rain,weather,,,,1534867448748461000,16.576539993286133,21.515302658081055,,,,lidar,32832,17250,1459,288,13835,50,6.877679824829102,7.6387104988098145,,
r50,rain,weather,2.370084047317505,900,1600,1534867448762404000,,,257516,100.38011169433594,57.2467155456543,image,,,,,,50,,,,2.2741053104400635
r50,rain,weather,,,,1534867448798230000,16.474912643432617,21.344711303710938,,,,lidar,32840,17225,1469,299,13847,50,6.904179573059082,7.681896686553955,,
r50,rain,weather,,,,1534867448848003000,16.502288818359375,21.400501251220703,,,,lidar,32882,17233,1487,298,13864,50,6.916202545166016,7.718674182891846,,
r50,rain,weather,2.3703439235687256,900,1600,1534867448862404000,,,257284,100.40325927734375,57.103065490722656,image,,,,,,50,,,,2.2628955841064453
r50,rain,weather,,,,1534867448897778000,16.549734115600586,21.522891998291016,,,,lidar,32818,17243,1468,284,13823,50,6.87483024597168,7.629042625427246,,
r50,rain,weather,2.345618724822998,900,1600,1534867448912404000,,,256562,100.02494812011719,57.32662582397461,image,,,,,,50,,,,2.254714250564575
r50,rain,weather,,,,1534867448948104000,16.565387725830078,21.689308166503906,,,,lidar,32821,17234,1475,278,13834,50,6.881086826324463,7.632311820983887,,
r50,rain,weather,,,,1534867448997881000,16.617656707763672,21.71448516845703,,,,lidar,32783,17188,1455,283,13857,50,6.883088111877441,7.635195255279541,,
r50,rain,weather,2.331824779510498,900,1600,1534867449012404000,,,256113,99.99060821533203,57.37616729736328,image,,,,,,50,,,,2.257265090942383
r50,rain,weather,,,,1534867449047614000,16.57502555847168,21.507661819458008,,,,lidar,32812,17148,1460,295,13909,50,6.9165263175964355,7.683478355407715,,
r50,rain,weather,,,,1534867449097411000,16.536426544189453,21.456941604614258,,,,lidar,32828,17164,1460,280,13924,50,6.884766578674316,7.608287334442139,,
r50,rain,weather,2.3111014366149902,900,1600,1534867449112404000,,,255257,100.03467559814453,57.35633850097656,image,,,,,,50,,,,2.248955011367798
r50,rain,weather,,,,1534867449147711000,16.485057830810547,21.346853256225586,,,,lidar,32861,17203,1475,278,13905,50,6.888443470001221,7.627931594848633,,
r50,rain,weather,,,,1534867449197488000,16.57184600830078,21.509471893310547,,,,lidar,32863,17205,1488,293,13877,50,6.90514612197876,7.674056529998779,,
r50,rain,weather,2.307380199432373,900,1600,1534867449162404000,,,254034,100.44409942626953,57.05205154418945,image,,,,,,50,,,,2.2124714851379395
r50,rain,weather,,,,1534867449247234000,16.527257919311523,21.4163875579834,,,,lidar,32858,17195,1460,275,13928,50,6.870142459869385,7.590365409851074,,
r50,rain,weather,2.3139259815216064,900,1600,1534867449262404000,,,255377,99.7586441040039,57.56330108642578,image,,,,,,50,,,,2.231400966644287
r50,rain,weather,,,,1534867449297549000,16.595239639282227,21.477773666381836,,,,lidar,32875,17117,1509,282,13967,50,6.937719345092773,7.659404277801514,,
r50,rain,weather,,,,1534867449347330000,16.594694137573242,21.505889892578125,,,,lidar,32903,17150,1477,281,13995,50,6.912761211395264,7.629280090332031,,
r50,rain,weather,2.317060708999634,900,1600,1534867449362404000,,,255084,100.06194305419922,57.74989700317383,image,,,,,,50,,,,2.2369847297668457
r50,rain,weather,,,,1534867449397659000,16.581302642822266,21.40349578857422,,,,lidar,32866,17137,1455,280,13994,50,6.90632438659668,7.634240627288818,,
r50,rain,weather,2.3086657524108887,900,1600,1534867449412404000,,,254809,100.08716583251953,57.77676010131836,image,,,,,,50,,,,2.2273428440093994
r50,rain,weather,,,,1534867449497753000,16.640254974365234,21.505828857421875,,,,lidar,32717,17092,1460,278,13887,50,6.888852596282959,7.630431652069092,,
r50,rain,weather,2.3099923133850098,900,1600,1534867449512404000,,,255150,100.09724426269531,57.776329040527344,image,,,,,,50,,,,2.2286012172698975
r50,rain,weather,,,,1534867449548323000,16.59967613220215,21.49715232849121,,,,lidar,32883,17062,1488,284,14049,50,6.945686340332031,7.658271312713623,,
r50,rain,weather,,,,1534867449597829000,16.637401580810547,21.460006713867188,,,,lidar,32879,17051,1480,269,14079,50,6.923474311828613,7.615426063537598,,
r50,rain,weather,2.3119449615478516,900,1600,1534867449612404000,,,255128,99.89315795898438,57.768280029296875,image,,,,,,50,,,,2.218043565750122
r50,rain,weather,,,,1534867449647608000,16.614885330200195,21.46102523803711,,,,lidar,32904,17118,1491,275,14020,50,6.909433364868164,7.614602088928223,,
r50,rain,weather,2.3035521507263184,900,1600,1534867449662404000,,,254045,99.94429779052734,57.7383918762207,image,,,,,,50,,,,2.218245267868042
r50,rain,weather,,,,1534867449697337000,16.534503936767578,21.40323257446289,,,,lidar,32889,17044,1511,283,14051,50,6.948938846588135,7.67490816116333,,
r50,rain,weather,,,,1534867449747684000,16.637948989868164,21.56410026550293,,,,lidar,32905,17007,1500,284,14114,50,6.95327091217041,7.6626763343811035,,
r50,rain,weather,2.3127641677856445,900,1600,1534867449762404000,,,255085,99.96995544433594,57.72486114501953,image,,,,,,50,,,,2.2076008319854736
r50,rain,weather,,,,1534867449797471000,16.635622024536133,21.532363891601562,,,,lidar,32891,17015,1523,275,14078,50,6.939631462097168,7.639816761016846,,
r50,rain,weather,,,,1534867449847756000,16.607938766479492,21.58773422241211,,,,lidar,32887,16965,1517,282,14123,50,6.973188877105713,7.681090831756592,,
r50,rain,weather,2.3086657524108887,900,1600,1534867449862404000,,,254020,99.78335571289062,57.78166580200195,image,,,,,,50,,,,2.212820529937744
r50,rain,weather,,,,1534867449897511000,16.514650344848633,21.426868438720703,,,,lidar,32915,17038,1486,268,14123,50,6.918254375457764,7.593976974487305,,
r50,rain,weather,2.311945676803589,900,1600,1534867449912404000,,,254767,99.56585693359375,57.90455627441406,image,,,,,,50,,,,2.2208690643310547
r50,rain,weather,,,,1534867449947849000,16.504199981689453,21.54188346862793,,,,lidar,32912,17022,1475,276,14139,50,6.925848007202148,7.607519149780273,,
r50,rain,weather,,,,1534867449997591000,16.56767463684082,21.671152114868164,,,,lidar,32899,16975,1487,265,14172,50,6.928201675415039,7.575293064117432,,
r50,rain,weather,2.3201701641082764,900,1600,1534867450012404000,,,254374,100.17378997802734,57.9525146484375,image,,,,,,50,,,,2.2165558338165283
r50,rain,weather,,,,1534867450047920000,16.546308517456055,21.521827697753906,,,,lidar,32897,16936,1495,263,14203,50,6.9428391456604,7.586063861846924,,
r50,rain,weather,,,,1534867450097702000,16.49496078491211,21.46673583984375,,,,lidar,32865,16942,1484,250,14189,50,6.910830974578857,7.525533199310303,,
r50,rain,weather,2.310887336730957,900,1600,1534867450112404000,,,255006,99.91853332519531,58.191261291503906,image,,,,,,50,,,,2.2305562496185303
r50,rain,weather,,,,1534867450147476000,16.477764129638672,21.469085693359375,,,,lidar,32887,16929,1498,267,14193,50,6.942373275756836,7.584271430969238,,
r50,rain,weather,,,,1534867450197803000,16.417144775390625,21.404922485351562,,,,lidar,32877,16934,1488,259,14196,50,6.916556358337402,7.541781425476074,,
r50,rain,weather,2.3189847469329834,900,1600,1534867450162404000,,,254587,99.8680648803711,58.2610969543457,image,,,,,,50,,,,2.221733808517456
r50,rain,weather,,,,1534867450247554000,16.46670150756836,21.396705627441406,,,,lidar,32909,16919,1511,276,14203,50,6.967880725860596,7.657322406768799,,
r50,rain,weather,2.3023478984832764,900,1600,1534867450262404000,,,253344,100.17835235595703,57.95008087158203,image,,,,,,50,,,,2.197744607925415
r50,rain,weather,,,,1534867450297894000,16.475072860717773,21.41675567626953,,,,lidar,32907,16903,1512,270,14222,50,6.956014156341553,7.612962245941162,,
r50,rain,weather,,,,1534867450347643000,16.5336971282959,21.541555404663086,,,,lidar,32941,16869,1510,263,14299,50,6.960932731628418,7.587503433227539,,
r50,rain,weather,2.296779155731201,900,1600,1534867450362404000,,,252957,99.81897735595703,58.28562545776367,image,,,,,,50,,,,2.212709903717041
r50,rain,weather,,,,1534867450397400000,16.496660232543945,21.453746795654297,,,,lidar,32962,16852,1497,259,14354,50,6.959318161010742,7.577425479888916,,
r50,rain,weather,2.2935285568237305,900,1600,1534867450412404000,,,253377,99.76393127441406,58.292579650878906,image,,,,,,50,,,,2.2029755115509033
r50,rain,weather,,,,1534867450447733000,16.463855743408203,21.534576416015625,,,,lidar,32907,16817,1503,261,14326,50,6.9568939208984375,7.555127143859863,,
r50,rain,weather,,,,1534867450497489000,16.5247802734375,21.66220474243164,,,,lidar,32948,16813,1503,276,14356,50,6.990435600280762,7.61987829208374,,
r50,rain,weather,2.2943665981292725,900,1600,1534867450512450000,,,253685,99.60763549804688,58.455535888671875,image,,,,,,50,,,,2.2046587467193604
r50,rain,weather,,,,1534867450547857000,16.422107696533203,21.501773834228516,,,,lidar,32929,16815,1481,263,14370,50,6.9566802978515625,7.5629754066467285,,
r50,rain,weather,,,,1534867450597587000,16.411022186279297,21.461076736450195,,,,lidar,32970,16791,1505,274,14400,50,6.985766887664795,7.608765602111816,,
r50,rain,weather,,,,1534867450647883000,16.457962036132812,21.549219131469727,,,,lidar,32964,16762,1518,272,14412,50,7.000280857086182,7.601532936096191,,
r50,rain,weather,2.2855381965637207,900,1600,1534867450612404000,,,252460,99.62641906738281,58.50017166137695,image,,,,,,50,,,,2.201259136199951
r50,rain,weather,2.295924425125122,900,1600,1534867450662404000,,,253350,99.43428802490234,58.55713653564453,image,,,,,,50,,,,2.2083592414855957
r50,rain,weather,,,,1534867450697650000,16.463279724121094,21.604116439819336,,,,lidar,32992,16776,1483,268,14465,50,6.975964069366455,7.5806121826171875,,
r50,rain,weather,,,,1534867450748005000,16.511016845703125,21.6247501373291,,,,lidar,32969,16756,1483,249,14481,50,6.962131023406982,7.510995864868164,,
r50,rain,weather,2.3051295280456543,900,1600,1534867450762404000,,,253458,99.4817123413086,58.62594985961914,image,,,,,,50,,,,2.2075932025909424
r50,rain,weather,,,,1534867450797740000,16.473852157592773,21.56960678100586,,,,lidar,32954,16686,1495,280,14493,50,7.017965316772461,7.631719589233398,,
r50,rain,weather,,,,1534867450848065000,16.434276580810547,21.576885223388672,,,,lidar,33009,16729,1507,256,14517,50,6.983659267425537,7.533201217651367,,
r50,rain,weather,2.2791078090667725,900,1600,1534867450862404000,,,252747,99.53424072265625,58.51396560668945,image,,,,,,50,,,,2.2019598484039307
r50,rain,weather,,,,1534867450898382000,16.43950080871582,21.630172729492188,,,,lidar,32955,16635,1517,270,14533,50,7.0311279296875,7.625002861022949,,
r50,rain,weather,2.2596635818481445,900,1600,1534867450912404000,,,252283,99.23644256591797,58.56914520263672,image,,,,,,50,,,,2.201521873474121
r50,rain,weather,,,,1534867450948135000,16.492019653320312,21.674203872680664,,,,lidar,32965,16641,1505,262,14557,50,7.003619194030762,7.556807518005371,,
r50,rain,weather,,,,1534867450998462000,16.43408966064453,21.586015701293945,,,,lidar,32946,16581,1504,268,14593,50,7.028373718261719,7.584997653961182,,
r50,rain,weather,2.277613878250122,900,1600,1534867451012404000,,,252254,99.27963256835938,58.67657470703125,image,,,,,,50,,,,2.2134504318237305
r50,rain,weather,,,,1534867451048236000,16.416946411132812,21.66643714904785,,,,lidar,33027,16648,1521,251,14607,50,6.999156951904297,7.521071434020996,,
r50,rain,weather,,,,1534867451098567000,16.452903747558594,21.701702117919922,,,,lidar,32933,16600,1496,256,14581,50,6.990296363830566,7.523891925811768,,
r50,rain,weather,2.2785913944244385,900,1600,1534867451112404000,,,252495,99.3589096069336,58.68984603881836,image,,,,,,50,,,,2.2082982063293457
r50,rain,weather,,,,1534867451148397000,16.508771896362305,21.791488647460938,,,,lidar,32970,16577,1532,279,14582,50,7.048362731933594,7.623599529266357,,
r50,rain,weather,,,,1534867451198659000,16.467992782592773,21.78953742980957,,,,lidar,32902,16575,1506,251,14570,50,6.992452144622803,7.513895034790039,,
r50,rain,weather,2.2566075325012207,900,1600,1534867451162404000,,,251681,99.42705535888672,58.53166961669922,image,,,,,,50,,,,2.195976734161377
r50,rain,weather,,,,1534867451248415000,16.538375854492188,21.968032836914062,,,,lidar,32963,16575,1514,271,14603,50,7.0299506187438965,7.586391448974609,,
r50,rain,weather,2.2769083976745605,900,1600,1534867451262404000,,,252738,99.29832458496094,58.70463562011719,image,,,,,,50,,,,2.204993724822998
r50,rain,weather,,,,1534867451298736000,16.53470802307129,21.94276237487793,,,,lidar,32945,16593,1492,259,14601,50,6.991536617279053,7.5184831619262695,,
r50,rain,weather,,,,1534867451348517000,16.519058227539062,21.949399948120117,,,,lidar,32944,16564,1502,257,14621,50,7.0100884437561035,7.523426532745361,,
r50,rain,weather,2.2629823684692383,900,1600,1534867451362404000,,,252124,99.2879409790039,58.48211669921875,image,,,,,,50,,,,2.1962549686431885
r50,rain,weather,,,,1534867451398830000,16.536102294921875,21.904333114624023,,,,lidar,32958,16549,1517,244,14648,50,6.999666213989258,7.477724552154541,,
r50,rain,weather,2.272087335586548,900,1600,1534867451412404000,,,252360,99.1411361694336,58.53883743286133,image,,,,,,50,,,,2.2057952880859375
r50,rain,weather,,,,1534867451448585000,16.544965744018555,21.966215133666992,,,,lidar,32967,16517,1538,252,14660,50,7.020665168762207,7.5059494972229,,
r50,rain,weather,,,,1534867451498930000,16.506427764892578,21.843402862548828,,,,lidar,32941,16502,1518,257,14664,50,7.027040481567383,7.523581504821777,,
r50,rain,weather,2.2481260299682617,900,1600,1534867451512404000,,,251737,99.60053253173828,58.67038345336914,image,,,,,,50,,,,2.201080322265625
r50,rain,weather,,,,1534867451548675000,16.47075653076172,21.769712448120117,,,,lidar,32931,16507,1509,261,14654,50,7.017398357391357,7.528055667877197,,
r50,rain,weather,,,,1534867451598426000,16.50004005432129,21.902305603027344,,,,lidar,32952,16469,1521,256,14706,50,7.031762599945068,7.520188808441162,,
r50,rain,weather,2.2587387561798096,900,1600,1534867451612404000,,,251057,99.65585327148438,58.65585708618164,image,,,,,,50,,,,2.1956145763397217
r50,rain,weather,,,,1534867451648752000,16.577341079711914,22.006372451782227,,,,lidar,32904,16450,1543,265,14646,50,7.05014181137085,7.565708637237549,,
r50,rain,weather,2.268951416015625,900,1600,1534867451662404000,,,252065,99.50564575195312,58.676483154296875,image,,,,,,50,,,,2.2048282623291016
r50,rain,weather,,,,1534867451698586000,16.544658660888672,22.01609230041504,,,,lidar,32930,16501,1544,250,14635,50,7.018921852111816,7.507951259613037,,
r50,rain,weather,,,,1534867451750644000,16.458118438720703,22.019826889038086,,,,lidar,32916,16483,1530,241,14662,50,7.006227493286133,7.460931301116943,,
r50,rain,weather,2.2488327026367188,900,1600,1534867451762404000,,,251557,99.43325805664062,58.7579460144043,image,,,,,,50,,,,2.191784620285034
r50,rain,weather,,,,1534867451798600000,16.42820930480957,21.83766746520996,,,,lidar,32923,16426,1551,251,14695,50,7.051525592803955,7.5211310386657715,,
r50,rain,weather,,,,1534867451848373000,16.47905158996582,22.018733978271484,,,,lidar,32905,16424,1553,243,14685,50,7.034814834594727,7.478999137878418,,
r50,rain,weather,2.2052345275878906,900,1600,1534867451862404000,,,249243,99.42357635498047,58.693359375,image,,,,,,50,,,,2.1839210987091064
r50,rain,weather,,,,1534867451898687000,16.5035457611084,21.96892738342285,,,,lidar,32871,16417,1543,249,14662,50,7.031354904174805,7.500720500946045,,
r50,rain,weather,2.2171878814697266,900,1600,1534867451912404000,,,249721,99.21696472167969,58.85322952270508,image,,,,,,50,,,,2.198589324951172
r50,rain,weather,,,,1534867451948458000,16.48381805419922,21.886890411376953,,,,lidar,32909,16435,1567,249,14658,50,7.046977519989014,7.522889137268066,,
r50,rain,weather,,,,1534867451999662000,16.494264602661133,21.86469268798828,,,,lidar,32927,16386,1589,253,14699,50,7.086437225341797,7.567933559417725,,
r50,rain,weather,2.2077505588531494,900,1600,1534867452012404000,,,248412,99.35877990722656,58.7518310546875,image,,,,,,50,,,,2.1824374198913574
r50,rain,weather,,,,1534867452048542000,16.48680877685547,21.863800048828125,,,,lidar,32927,16452,1564,264,14647,50,7.053432941436768,7.5469746589660645,,
r50,rain,weather,,,,1534867452098692000,16.47270965576172,21.893104553222656,,,,lidar,32909,16399,1583,251,14676,50,7.066529750823975,7.543337821960449,,
r50,rain,weather,2.2186520099639893,900,1600,1534867452112404000,,,248197,99.3158187866211,58.71196746826172,image,,,,,,50,,,,2.169835329055786
r50,rain,weather,,,,1534867452148614000,16.46641731262207,21.860408782958984,,,,lidar,32915,16410,1556,252,14697,50,7.055325984954834,7.5046162605285645,,
r50,rain,weather,,,,1534867452198394000,16.562061309814453,21.89602279663086,,,,lidar,32905,16365,1581,259,14700,50,7.082470893859863,7.559314250946045,,
r50,rain,weather,2.2004342079162598,900,1600,1534867452162404000,,,248358,99.11662292480469,58.817134857177734,image,,,,,,50,,,,2.1801626682281494
