adverse_median,adverse_p0_p99_range,adverse_width,clear_baseline_id,clear_median,clear_p0_p99_range,clear_width,condition_id,median_change,metric,mps_mode,observed_label,pair_id,percentage_change,target_model,variation_change_ms,variation_factor
58.039039,52.1498454,52.1498454,clear,58.285331,49.90796548,49.90796548,r15,-0.24629199999999685,inference_e2e_ms,on,observed_amplification,3dssd+deeplabv3plus,4.492028273319226,3dssd,2.2418799199999953,1.0449202827331923
46.437591,22.356311250000005,22.356311250000005,clear,45.924133,21.24548324,21.24548324,r15,0.513458,gpu_kernel_active_ms,on,observed_amplification,3dssd+deeplabv3plus,5.2285372728476665,3dssd,1.1108280100000059,1.0522853727284767
481.0,5.0,5.0,clear,481.0,5.0,5.0,r15,0.0,kernel_count,on,observed_unchanged,3dssd+deeplabv3plus,0.0,3dssd,0.0,1.0
57.258506999999994,51.9963804,51.9963804,clear,57.507304,49.95590383999999,49.95590383999999,r15,-0.24879700000000327,kernel_span_ms,on,observed_amplification,3dssd+deeplabv3plus,4.0845553841549975,3dssd,2.040476560000009,1.04084555384155
45.184274,53.16828050000002,53.16828050000002,clear,45.866879,52.17640356,52.17640356,r15,-0.6826049999999952,waiting_ms,on,observed_amplification,3dssd+deeplabv3plus,1.9010067239675132,3dssd,0.9918769400000258,1.0190100672396751
33160.0,652.0,652.0,clear,34720.0,256.0,256.0,r15,-1560.0,input_point_count,on,observed_amplification,3dssd+deeplabv3plus,154.6875,3dssd,396.0,2.546875
512.0,0.0,0.0,clear,512.0,0.0,0.0,r15,0.0,sampled_point_count,on,not_defined_zero_clear_width,3dssd+deeplabv3plus,,3dssd,0.0,
56.998361,50.86079569999999,50.86079569999999,clear,58.285331,49.90796548,49.90796548,r25,-1.2869699999999966,inference_e2e_ms,on,observed_amplification,3dssd+deeplabv3plus,1.9091746394306996,3dssd,0.9528302199999885,1.019091746394307
46.160272,21.82792497999999,21.82792497999999,clear,45.924133,21.24548324,21.24548324,r25,0.23613900000000143,gpu_kernel_active_ms,on,observed_amplification,3dssd+deeplabv3plus,2.7414850178761663,3dssd,0.582441739999993,1.0274148501787617
481.0,5.0,5.0,clear,481.0,5.0,5.0,r25,0.0,kernel_count,on,observed_unchanged,3dssd+deeplabv3plus,0.0,3dssd,0.0,1.0
56.286194,50.76800824,50.76800824,clear,57.507304,49.95590383999999,49.95590383999999,r25,-1.221109999999996,kernel_span_ms,on,observed_amplification,3dssd+deeplabv3plus,1.6256424918284607,3dssd,0.8121044000000097,1.0162564249182846
44.250832,53.12400899999999,53.12400899999999,clear,45.866879,52.17640356,52.17640356,r25,-1.6160469999999947,waiting_ms,on,observed_amplification,3dssd+deeplabv3plus,1.8161570659240622,3dssd,0.9476054399999896,1.0181615706592406
33095.0,680.5800000000017,680.5800000000017,clear,34720.0,256.0,256.0,r25,-1625.0,input_point_count,on,observed_amplification,3dssd+deeplabv3plus,165.85156250000068,3dssd,424.58000000000175,2.658515625000007
512.0,0.0,0.0,clear,512.0,0.0,0.0,r25,0.0,sampled_point_count,on,not_defined_zero_clear_width,3dssd+deeplabv3plus,,3dssd,0.0,
56.802124000000006,51.35878988999999,51.35878988999999,clear,58.285331,49.90796548,49.90796548,r50,-1.483206999999993,inference_e2e_ms,on,observed_amplification,3dssd+deeplabv3plus,2.906999706452451,3dssd,1.4508244099999885,1.0290699970645245
46.150287000000006,21.84031958,21.84031958,clear,45.924133,21.24548324,21.24548324,r50,0.22615400000000818,gpu_kernel_active_ms,on,observed_amplification,3dssd+deeplabv3plus,2.7998249476390846,3dssd,0.5948363400000005,1.0279982494763908
481.0,5.0,5.0,clear,481.0,5.0,5.0,r50,0.0,kernel_count,on,observed_unchanged,3dssd+deeplabv3plus,0.0,3dssd,0.0,1.0
56.0803375,51.18481262,51.18481262,clear,57.507304,49.95590383999999,49.95590383999999,r50,-1.426966499999999,kernel_span_ms,on,observed_amplification,3dssd+deeplabv3plus,2.459987079677295,3dssd,1.2289087800000118,1.024599870796773
44.0239,52.721805449999984,52.721805449999984,clear,45.866879,52.17640356,52.17640356,r50,-1.8429789999999997,waiting_ms,on,observed_amplification,3dssd+deeplabv3plus,1.0453037250311992,3dssd,0.5454018899999866,1.010453037250312
32838.0,801.0,801.0,clear,34720.0,256.0,256.0,r50,-1882.0,input_point_count,on,observed_amplification,3dssd+deeplabv3plus,212.890625,3dssd,545.0,3.12890625
512.0,0.0,0.0,clear,512.0,0.0,0.0,r50,0.0,sampled_point_count,on,not_defined_zero_clear_width,3dssd+deeplabv3plus,,3dssd,0.0,
57.752109000000004,51.645320719999994,51.645320719999994,clear,58.285331,49.90796548,49.90796548,r7p5,-0.533221999999995,inference_e2e_ms,on,observed_amplification,3dssd+deeplabv3plus,3.4811181407429226,3dssd,1.7373552399999923,1.0348111814074292
46.1249095,20.74420263999999,20.74420263999999,clear,45.924133,21.24548324,21.24548324,r7p5,0.20077650000000347,gpu_kernel_active_ms,on,observed_damping,3dssd+deeplabv3plus,-2.3594690426067655,3dssd,-0.5012806000000083,0.9764053095739323
481.0,5.0,5.0,clear,481.0,5.0,5.0,r7p5,0.0,kernel_count,on,observed_unchanged,3dssd+deeplabv3plus,0.0,3dssd,0.0,1.0
57.142786,52.12081017,52.12081017,clear,57.507304,49.95590383999999,49.95590383999999,r7p5,-0.3645179999999968,kernel_span_ms,on,observed_amplification,3dssd+deeplabv3plus,4.333634592887803,3dssd,2.164906330000008,1.043336345928878
44.591438499999995,53.38448061999998,53.38448061999998,clear,45.866879,52.17640356,52.17640356,r7p5,-1.275440500000002,waiting_ms,on,observed_amplification,3dssd+deeplabv3plus,2.3153705076869757,3dssd,1.2080770599999795,1.0231537050768698
33186.0,649.7799999999988,649.7799999999988,clear,34720.0,256.0,256.0,r7p5,-1534.0,input_point_count,on,observed_amplification,3dssd+deeplabv3plus,153.82031249999955,3dssd,393.77999999999884,2.5382031249999955
512.0,0.0,0.0,clear,512.0,0.0,0.0,r7p5,0.0,sampled_point_count,on,not_defined_zero_clear_width,3dssd+deeplabv3plus,,3dssd,0.0,
44.182088500000006,10.738745549999997,10.738745549999997,clear,43.421929,10.693728640000003,10.693728640000003,r15,0.7601595000000074,inference_e2e_ms,on,observed_amplification,3dssd+deeplabv3plus,0.4209655164767012,deeplabv3plus,0.04501690999999397,1.004209655164767
42.160176,6.452515549999994,6.452515549999994,clear,41.525382,5.953565799999993,5.953565799999993,r15,0.6347939999999994,gpu_kernel_active_ms,on,observed_amplification,3dssd+deeplabv3plus,8.38068758726076,deeplabv3plus,0.4989497500000013,1.0838068758726076
290.0,0.0,0.0,clear,290.0,0.0,0.0,r15,0.0,kernel_count,on,not_defined_zero_clear_width,3dssd+deeplabv3plus,,deeplabv3plus,0.0,
43.716726,10.7966646,10.7966646,clear,42.958364,10.655064639999999,10.655064639999999,r15,0.7583619999999982,kernel_span_ms,on,observed_amplification,3dssd+deeplabv3plus,1.3289451053015933,deeplabv3plus,0.14159996000000064,1.013289451053016
0.042206,0.31569129999999995,0.31569129999999995,clear,0.04358,0.38412135999999986,0.38412135999999986,r15,-0.0013740000000000002,waiting_ms,on,observed_damping,3dssd+deeplabv3plus,-17.81469793817244,deeplabv3plus,-0.0684300599999999,0.8218530206182756
44.330747,11.095486959999995,11.095486959999995,clear,43.421929,10.693728640000003,10.693728640000003,r25,0.9088180000000037,inference_e2e_ms,on,observed_amplification,3dssd+deeplabv3plus,3.7569526357458694,deeplabv3plus,0.4017583199999919,1.0375695263574587
42.076404,6.642875520000004,6.642875520000004,clear,41.525382,5.953565799999993,5.953565799999993,r25,0.5510219999999961,gpu_kernel_active_ms,on,observed_amplification,3dssd+deeplabv3plus,11.578098624525367,deeplabv3plus,0.6893097200000113,1.1157809862452537
290.0,0.0,0.0,clear,290.0,0.0,0.0,r25,0.0,kernel_count,on,not_defined_zero_clear_width,3dssd+deeplabv3plus,,deeplabv3plus,0.0,
43.804779,11.159127319999996,11.159127319999996,clear,42.958364,10.655064639999999,10.655064639999999,r25,0.8464150000000004,kernel_span_ms,on,observed_amplification,3dssd+deeplabv3plus,4.730733196190129,deeplabv3plus,0.504062679999997,1.0473073319619013
0.042967,0.37862176000000003,0.37862176000000003,clear,0.04358,0.38412135999999986,0.38412135999999986,r25,-0.0006130000000000024,waiting_ms,on,observed_damping,3dssd+deeplabv3plus,-1.431735012080515,deeplabv3plus,-0.005499599999999827,0.9856826498791948
43.562169,10.402770759999996,10.402770759999996,clear,43.421929,10.693728640000003,10.693728640000003,r50,0.1402399999999986,inference_e2e_ms,on,observed_damping,3dssd+deeplabv3plus,-2.7208272230854647,deeplabv3plus,-0.29095788000000766,0.9727917277691454
41.788265,6.221773160000005,6.221773160000005,clear,41.525382,5.953565799999993,5.953565799999993,r50,0.2628830000000022,gpu_kernel_active_ms,on,observed_amplification,3dssd+deeplabv3plus,4.504986910533737,deeplabv3plus,0.26820736000001233,1.0450498691053374
290.0,0.0,0.0,clear,290.0,0.0,0.0,r50,0.0,kernel_count,on,not_defined_zero_clear_width,3dssd+deeplabv3plus,,deeplabv3plus,0.0,
43.143067,10.618938239999999,10.618938239999999,clear,42.958364,10.655064639999999,10.655064639999999,r50,0.18470299999999895,kernel_span_ms,on,observed_damping,3dssd+deeplabv3plus,-0.33905378541185804,deeplabv3plus,-0.03612640000000056,0.9966094621458814
0.042771,0.14860752,0.14860752,clear,0.04358,0.38412135999999986,0.38412135999999986,r50,-0.0008089999999999972,waiting_ms,on,observed_damping,3dssd+deeplabv3plus,-61.31235190878215,deeplabv3plus,-0.23551383999999986,0.3868764809121785
43.822153,10.912386380000001,10.912386380000001,clear,43.421929,10.693728640000003,10.693728640000003,r7p5,0.40022400000000147,inference_e2e_ms,on,observed_amplification,3dssd+deeplabv3plus,2.0447287130711977,deeplabv3plus,0.2186577399999976,1.020447287130712
41.9126885,6.447897140000002,6.447897140000002,clear,41.525382,5.953565799999993,5.953565799999993,r7p5,0.3873065000000011,gpu_kernel_active_ms,on,observed_amplification,3dssd+deeplabv3plus,8.303113740676382,deeplabv3plus,0.49433134000000933,1.0830311374067638
290.0,0.0,0.0,clear,290.0,0.0,0.0,r7p5,0.0,kernel_count,on,not_defined_zero_clear_width,3dssd+deeplabv3plus,,deeplabv3plus,0.0,
43.411322,10.848730840000002,10.848730840000002,clear,42.958364,10.655064639999999,10.655064639999999,r7p5,0.4529579999999953,kernel_span_ms,on,observed_amplification,3dssd+deeplabv3plus,1.817597607741983,deeplabv3plus,0.19366620000000268,1.0181759760774198
0.043895,0.2949423200000002,0.2949423200000002,clear,0.04358,0.38412135999999986,0.38412135999999986,r7p5,0.0003150000000000028,waiting_ms,on,observed_damping,3dssd+deeplabv3plus,-23.216370992750758,deeplabv3plus,-0.08917903999999965,0.7678362900724924
46.40493,24.726816379999995,24.726816379999995,clear,46.609221,22.2600605,22.2600605,r15,-0.20429099999999778,inference_e2e_ms,on,observed_amplification,3dssd+detr,11.081532684962792,3dssd,2.466755879999994,1.110815326849628
40.599028,19.016532039999987,19.016532039999987,clear,40.683631,17.588489000000003,17.588489000000003,r15,-0.08460300000000132,gpu_kernel_active_ms,on,observed_amplification,3dssd+detr,8.11919113688495,3dssd,1.4280430399999844,1.0811919113688495
481.0,5.0,5.0,clear,481.0,5.0,5.0,r15,0.0,kernel_count,on,observed_unchanged,3dssd+detr,0.0,3dssd,0.0,1.0
45.625172,24.639180319999994,24.639180319999994,clear,45.768884,22.054008499999995,22.054008499999995,r15,-0.14371200000000073,kernel_span_ms,on,observed_amplification,3dssd+detr,11.722004278723297,3dssd,2.5851718199999993,1.117220042787233
33.557214,26.378839340000006,26.378839340000006,clear,33.818145,23.515664499999996,23.515664499999996,r15,-0.26093099999999936,waiting_ms,on,observed_amplification,3dssd+detr,12.175606774794767,3dssd,2.86317484000001,1.1217560677479477
33159.0,658.0,658.0,clear,34720.0,256.0,256.0,r15,-1561.0,input_point_count,on,observed_amplification,3dssd+detr,157.03125,3dssd,402.0,2.5703125
512.0,0.0,0.0,clear,512.0,0.0,0.0,r15,0.0,sampled_point_count,on,not_defined_zero_clear_width,3dssd+detr,,3dssd,0.0,
46.8261,23.737441760000003,23.737441760000003,clear,46.609221,22.2600605,22.2600605,r25,0.2168789999999987,inference_e2e_ms,on,observed_amplification,3dssd+detr,6.6369148457615434,3dssd,1.4773812600000014,1.0663691484576154
41.015297,18.3293982,18.3293982,clear,40.683631,17.588489000000003,17.588489000000003,r25,0.33166599999999846,gpu_kernel_active_ms,on,observed_amplification,3dssd+detr,4.212466460308195,3dssd,0.7409091999999973,1.042124664603082
481.0,5.0,5.0,clear,481.0,5.0,5.0,r25,0.0,kernel_count,on,observed_unchanged,3dssd+detr,0.0,3dssd,0.0,1.0
46.07392,23.663739800000016,23.663739800000016,clear,45.768884,22.054008499999995,22.054008499999995,r25,0.3050360000000012,kernel_span_ms,on,observed_amplification,3dssd+detr,7.299041804577255,3dssd,1.6097313000000213,1.0729904180457726
34.074747,25.8906504,25.8906504,clear,33.818145,23.515664499999996,23.515664499999996,r25,0.2566020000000009,waiting_ms,on,observed_amplification,3dssd+detr,10.099590849325146,3dssd,2.374985900000002,1.1009959084932515
33093.0,674.0,674.0,clear,34720.0,256.0,256.0,r25,-1627.0,input_point_count,on,observed_amplification,3dssd+detr,163.28125,3dssd,418.0,2.6328125
512.0,0.0,0.0,clear,512.0,0.0,0.0,r25,0.0,sampled_point_count,on,not_defined_zero_clear_width,3dssd+detr,,3dssd,0.0,
46.882768,24.234406759999985,24.234406759999985,clear,46.609221,22.2600605,22.2600605,r50,0.27354700000000065,inference_e2e_ms,on,observed_amplification,3dssd+detr,8.869455947794847,3dssd,1.974346259999983,1.0886945594779485
40.843551,18.810524720000004,18.810524720000004,clear,40.683631,17.588489000000003,17.588489000000003,r50,0.15991999999999962,gpu_kernel_active_ms,on,observed_amplification,3dssd+detr,6.947928955125149,3dssd,1.222035720000001,1.0694792895512515
481.0,5.0,5.0,clear,481.0,5.0,5.0,r50,0.0,kernel_count,on,observed_unchanged,3dssd+detr,0.0,3dssd,0.0,1.0
46.108128,24.091474239999997,24.091474239999997,clear,45.768884,22.054008499999995,22.054008499999995,r50,0.33924400000000077,kernel_span_ms,on,observed_amplification,3dssd+detr,9.23852795286626,3dssd,2.037465740000002,1.0923852795286626
34.179176,25.136040199999986,25.136040199999986,clear,33.818145,23.515664499999996,23.515664499999996,r50,0.361030999999997,waiting_ms,on,observed_amplification,3dssd+detr,6.890622631565391,3dssd,1.6203756999999896,1.068906226315654
32838.0,805.6800000000003,805.6800000000003,clear,34720.0,256.0,256.0,r50,-1882.0,input_point_count,on,observed_amplification,3dssd+detr,214.7187500000001,3dssd,549.6800000000003,3.147187500000001
512.0,0.0,0.0,clear,512.0,0.0,0.0,r50,0.0,sampled_point_count,on,not_defined_zero_clear_width,3dssd+detr,,3dssd,0.0,
46.432666,23.83792808000002,23.83792808000002,clear,46.609221,22.2600605,22.2600605,r7p5,-0.17655500000000046,inference_e2e_ms,on,observed_amplification,3dssd+detr,7.088334643115712,3dssd,1.5778675800000173,1.0708833464311571
40.497166,18.103288340000013,18.103288340000013,clear,40.683631,17.588489000000003,17.588489000000003,r7p5,-0.18646499999999833,gpu_kernel_active_ms,on,observed_amplification,3dssd+detr,2.926910549280337,3dssd,0.5147993400000104,1.0292691054928034
481.0,5.0,5.0,clear,481.0,5.0,5.0,r7p5,0.0,kernel_count,on,observed_unchanged,3dssd+detr,0.0,3dssd,0.0,1.0
45.518283499999995,23.76057220000002,23.76057220000002,clear,45.768884,22.054008499999995,22.054008499999995,r7p5,-0.25060050000000444,kernel_span_ms,on,observed_amplification,3dssd+detr,7.738111191895225,3dssd,1.706563700000025,1.0773811119189523
33.604819500000005,25.267398590000024,25.267398590000024,clear,33.818145,23.515664499999996,23.515664499999996,r7p5,-0.21332549999999628,waiting_ms,on,observed_amplification,3dssd+detr,7.449222155725299,3dssd,1.7517340900000278,1.074492221557253
33186.0,650.0,650.0,clear,34720.0,256.0,256.0,r7p5,-1534.0,input_point_count,on,observed_amplification,3dssd+detr,153.90625,3dssd,394.0,2.5390625
512.0,0.0,0.0,clear,512.0,0.0,0.0,r7p5,0.0,sampled_point_count,on,not_defined_zero_clear_width,3dssd+detr,,3dssd,0.0,
24.869058,10.476059279999998,10.476059279999998,clear,24.972385,9.913062320000002,9.913062320000002,r15,-0.10332700000000017,inference_e2e_ms,on,observed_amplification,3dssd+detr,5.679344503505512,detr,0.562996959999996,1.0567934450350551
22.718585,6.174700000000001,6.174700000000001,clear,23.002414,5.442436039999997,5.442436039999997,r15,-0.2838290000000008,gpu_kernel_active_ms,on,observed_amplification,3dssd+detr,13.454709520114182,detr,0.7322639600000045,1.1345470952011418
661.0,0.0,0.0,clear,661.0,0.0,0.0,r15,0.0,kernel_count,on,not_defined_zero_clear_width,3dssd+detr,,detr,0.0,
23.905034,10.51632464,10.51632464,clear,24.107992,10.025900160000003,10.025900160000003,r15,-0.20295799999999886,kernel_span_ms,on,observed_amplification,3dssd+detr,4.891575541083371,detr,0.49042447999999794,1.0489157554108337
9.347805,19.25538864,19.25538864,clear,10.129324,17.7224286,17.7224286,r15,-0.7815190000000012,waiting_ms,on,observed_amplification,3dssd+detr,8.64983053169135,detr,1.532960039999999,1.0864983053169135
25.277028,10.018476199999998,10.018476199999998,clear,24.972385,9.913062320000002,9.913062320000002,r25,0.3046430000000022,inference_e2e_ms,on,observed_amplification,3dssd+detr,1.063383610403812,detr,0.10541387999999685,1.0106338361040381
23.188608,5.974835760000001,5.974835760000001,clear,23.002414,5.442436039999997,5.442436039999997,r25,0.18619399999999686,gpu_kernel_active_ms,on,observed_amplification,3dssd+detr,9.782378995123754,detr,0.5323997200000044,1.0978237899512375
661.0,0.0,0.0,clear,661.0,0.0,0.0,r25,0.0,kernel_count,on,not_defined_zero_clear_width,3dssd+detr,,detr,0.0,
24.409267,10.25645252,10.25645252,clear,24.107992,10.025900160000003,10.025900160000003,r25,0.3012750000000004,kernel_span_ms,on,observed_amplification,3dssd+detr,2.2995676829081546,detr,0.23055235999999724,1.0229956768290815
10.127106,19.00234888,19.00234888,clear,10.129324,17.7224286,17.7224286,r25,-0.0022180000000009414,waiting_ms,on,observed_amplification,3dssd+detr,7.222036600559356,detr,1.279920279999999,1.0722203660055936
24.5317,10.289543879999997,10.289543879999997,clear,24.972385,9.913062320000002,9.913062320000002,r50,-0.44068499999999844,inference_e2e_ms,on,observed_amplification,3dssd+detr,3.7978330796975657,detr,0.3764815599999949,1.0379783307969757
22.577594,6.30856116,6.30856116,clear,23.002414,5.442436039999997,5.442436039999997,r50,-0.4248200000000004,gpu_kernel_active_ms,on,observed_amplification,3dssd+detr,15.914291204054344,detr,0.8661251200000031,1.1591429120405434
661.0,0.0,0.0,clear,661.0,0.0,0.0,r50,0.0,kernel_count,on,not_defined_zero_clear_width,3dssd+detr,,detr,0.0,
23.666181,10.399294119999997,10.399294119999997,clear,24.107992,10.025900160000003,10.025900160000003,r50,-0.44181099999999773,kernel_span_ms,on,observed_amplification,3dssd+detr,3.7242936199356036,detr,0.37339395999999425,1.037242936199356
9.211085,18.7770586,18.7770586,clear,10.129324,17.7224286,17.7224286,r50,-0.9182389999999998,waiting_ms,on,observed_amplification,3dssd+detr,5.950820983981853,detr,1.0546299999999995,1.0595082098398185
25.12648,10.222803199999998,10.222803199999998,clear,24.972385,9.913062320000002,9.913062320000002,r7p5,0.15409500000000165,inference_e2e_ms,on,observed_amplification,3dssd+detr,3.12457311374994,detr,0.3097408799999961,1.0312457311374994
22.855895,6.109928,6.109928,clear,23.002414,5.442436039999997,5.442436039999997,r7p5,-0.1465190000000014,gpu_kernel_active_ms,on,observed_amplification,3dssd+detr,12.264580696845506,detr,0.6674919600000031,1.122645806968455
661.0,0.0,0.0,clear,661.0,0.0,0.0,r7p5,0.0,kernel_count,on,not_defined_zero_clear_width,3dssd+detr,,detr,0.0,
24.216424,10.291508039999997,10.291508039999997,clear,24.107992,10.025900160000003,10.025900160000003,r7p5,0.10843200000000053,kernel_span_ms,on,observed_amplification,3dssd+detr,2.649217284844707,detr,0.2656078799999939,1.026492172848447
9.832179,18.99385596,18.99385596,clear,10.129324,17.7224286,17.7224286,r7p5,-0.29714500000000044,waiting_ms,on,observed_amplification,3dssd+detr,7.17411472601448,detr,1.2714273600000006,1.0717411472601448
80.8740615,47.07378708,47.07378708,clear,79.685019,45.43616231999999,45.43616231999999,r15,1.1890424999999993,inference_e2e_ms,on,observed_amplification,3dssd+dino,3.6042321278511036,3dssd,1.6376247600000156,1.036042321278511
55.402499500000005,23.88561801,23.88561801,clear,56.004847,24.409076959999993,24.409076959999993,r15,-0.6023474999999934,gpu_kernel_active_ms,on,observed_damping,3dssd+dino,-2.144525787918161,3dssd,-0.5234589499999913,0.9785547421208184
481.0,5.0,5.0,clear,481.0,5.0,5.0,r15,0.0,kernel_count,on,observed_unchanged,3dssd+dino,0.0,3dssd,0.0,1.0
80.205087,46.825541,46.825541,clear,78.96383,45.55520992,45.55520992,r15,1.2412570000000045,kernel_span_ms,on,observed_amplification,3dssd+dino,2.7885527961145185,3dssd,1.2703310799999983,1.0278855279611452
68.02004550000001,46.366519030000006,46.366519030000006,clear,66.867824,45.83577368000001,45.83577368000001,r15,1.1522215000000102,waiting_ms,on,observed_amplification,3dssd+dino,1.1579282019004822,3dssd,0.5307453499999966,1.0115792820190048
33159.0,653.739999999998,653.739999999998,clear,34720.0,256.0,256.0,r15,-1561.0,input_point_count,on,observed_amplification,3dssd+dino,155.3671874999992,3dssd,397.73999999999796,2.553671874999992
512.0,0.0,0.0,clear,512.0,0.0,0.0,r15,0.0,sampled_point_count,on,not_defined_zero_clear_width,3dssd+dino,,3dssd,0.0,
81.0473595,47.779290719999985,47.779290719999985,clear,79.685019,45.43616231999999,45.43616231999999,r25,1.362340500000002,inference_e2e_ms,on,observed_amplification,3dssd+dino,5.156968107248372,3dssd,2.3431283999999977,1.0515696810724837
56.4619235,24.946131779999995,24.946131779999995,clear,56.004847,24.409076959999993,24.409076959999993,r25,0.45707649999999944,gpu_kernel_active_ms,on,observed_amplification,3dssd+dino,2.2002258458199364,3dssd,0.5370548200000016,1.0220022584581994
481.0,5.0,5.0,clear,481.0,5.0,5.0,r25,0.0,kernel_count,on,observed_unchanged,3dssd+dino,0.0,3dssd,0.0,1.0
80.3957125,47.82138918999998,47.82138918999998,clear,78.96383,45.55520992,45.55520992,r25,1.4318825000000004,kernel_span_ms,on,observed_amplification,3dssd+dino,4.974577603702479,3dssd,2.2661792699999737,1.0497457760370248
67.8079985,48.02346235999998,48.02346235999998,clear,66.867824,45.83577368000001,45.83577368000001,r25,0.9401744999999977,waiting_ms,on,observed_amplification,3dssd+dino,4.772884811050004,3dssd,2.1876886799999724,1.0477288481105
33089.0,674.0,674.0,clear,34720.0,256.0,256.0,r25,-1631.0,input_point_count,on,observed_amplification,3dssd+dino,163.28125,3dssd,418.0,2.6328125
512.0,0.0,0.0,clear,512.0,0.0,0.0,r25,0.0,sampled_point_count,on,not_defined_zero_clear_width,3dssd+dino,,3dssd,0.0,
80.667525,46.14009122,46.14009122,clear,79.685019,45.43616231999999,45.43616231999999,r50,0.9825060000000008,inference_e2e_ms,on,observed_amplification,3dssd+dino,1.5492701497154426,3dssd,0.7039289000000153,1.0154927014971544
55.854131,24.60408658,24.60408658,clear,56.004847,24.409076959999993,24.409076959999993,r50,-0.15071599999999563,gpu_kernel_active_ms,on,observed_amplification,3dssd+dino,0.7989225496710883,3dssd,0.19500962000000754,1.0079892254967109
481.0,5.0,5.0,clear,481.0,5.0,5.0,r50,0.0,kernel_count,on,observed_unchanged,3dssd+dino,0.0,3dssd,0.0,1.0
79.968663,45.95067647999999,45.95067647999999,clear,78.96383,45.55520992,45.55520992,r50,1.004833000000005,kernel_span_ms,on,observed_amplification,3dssd+dino,0.8681039132395041,3dssd,0.3954665599999885,1.008681039132395
68.061018,47.650385699999994,47.650385699999994,clear,66.867824,45.83577368000001,45.83577368000001,r50,1.1931940000000054,waiting_ms,on,observed_amplification,3dssd+dino,3.958942708524127,3dssd,1.8146120199999842,1.0395894270852413
32840.0,801.0,801.0,clear,34720.0,256.0,256.0,r50,-1880.0,input_point_count,on,observed_amplification,3dssd+dino,212.890625,3dssd,545.0,3.12890625
512.0,0.0,0.0,clear,512.0,0.0,0.0,r50,0.0,sampled_point_count,on,not_defined_zero_clear_width,3dssd+dino,,3dssd,0.0,
80.497908,47.511352599999995,47.511352599999995,clear,79.685019,45.43616231999999,45.43616231999999,r7p5,0.8128889999999984,inference_e2e_ms,on,observed_amplification,3dssd+dino,4.567265750537564,3dssd,2.075190280000008,1.0456726575053756
56.081536,25.139972439999994,25.139972439999994,clear,56.004847,24.409076959999993,24.409076959999993,r7p5,0.07668900000000178,gpu_kernel_active_ms,on,observed_amplification,3dssd+dino,2.9943593573724447,3dssd,0.7308954800000009,1.0299435935737244
481.0,5.0,5.0,clear,481.0,5.0,5.0,r7p5,0.0,kernel_count,on,observed_unchanged,3dssd+dino,0.0,3dssd,0.0,1.0
79.835227,47.43875106000001,47.43875106000001,clear,78.96383,45.55520992,45.55520992,r7p5,0.8713970000000018,kernel_span_ms,on,observed_amplification,3dssd+dino,4.134633872410443,3dssd,1.8835411400000055,1.0413463387241044
67.48982,47.24062472,47.24062472,clear,66.867824,45.83577368000001,45.83577368000001,r7p5,0.6219959999999958,waiting_ms,on,observed_amplification,3dssd+dino,3.0649663509726643,3dssd,1.4048510399999898,1.0306496635097266
33185.0,648.5199999999968,648.5199999999968,clear,34720.0,256.0,256.0,r7p5,-1535.0,input_point_count,on,observed_amplification,3dssd+dino,153.32812499999875,3dssd,392.5199999999968,2.5332812499999875
512.0,0.0,0.0,clear,512.0,0.0,0.0,r7p5,0.0,sampled_point_count,on,not_defined_zero_clear_width,3dssd+dino,,3dssd,0.0,
77.19110649999999,15.24101499999999,15.24101499999999,clear,76.92815250000001,10.338978830000002,10.338978830000002,r15,0.26295399999997926,inference_e2e_ms,on,observed_amplification,3dssd+dino,47.41315608245604,dino,4.902036169999988,1.4741315608245604
64.06936400000001,9.533868349999999,9.533868349999999,clear,64.137696,9.21151077999999,9.21151077999999,r15,-0.06833199999999806,gpu_kernel_active_ms,on,observed_amplification,3dssd+dino,3.499508144743313,dino,0.3223575700000083,1.0349950814474331
1280.0,0.0,0.0,clear,1280.0,0.0,0.0,r15,0.0,kernel_count,on,not_defined_zero_clear_width,3dssd+dino,,dino,0.0,
76.36732549999999,15.312982849999997,15.312982849999997,clear,76.0989985,10.395831880000003,10.395831880000003,r15,0.2683269999999993,kernel_span_ms,on,observed_amplification,3dssd+dino,47.29925442003198,dino,4.9171509699999945,1.4729925442003198
50.536133500000005,21.259257899999994,21.259257899999994,clear,50.4339765,19.985164690000005,19.985164690000005,r15,0.10215700000000538,waiting_ms,on,observed_amplification,3dssd+dino,6.375194949669383,dino,1.2740932099999895,1.0637519494966938
77.779128,14.210634549999995,14.210634549999995,clear,76.92815250000001,10.338978830000002,10.338978830000002,r25,0.8509754999999899,inference_e2e_ms,on,observed_amplification,3dssd+dino,37.447177169623735,dino,3.8716557199999926,1.3744717716962374
64.804339,9.066936609999999,9.066936609999999,clear,64.137696,9.21151077999999,9.21151077999999,r25,0.6666429999999934,gpu_kernel_active_ms,on,observed_damping,3dssd+dino,-1.5694946621990669,dino,-0.1445741699999914,0.9843050533780093
1280.0,0.0,0.0,clear,1280.0,0.0,0.0,r25,0.0,kernel_count,on,not_defined_zero_clear_width,3dssd+dino,,dino,0.0,
76.998113,14.095173029999998,14.095173029999998,clear,76.0989985,10.395831880000003,10.395831880000003,r25,0.8991145000000103,kernel_span_ms,on,observed_amplification,3dssd+dino,35.58484970420659,dino,3.699341149999995,1.355848497042066
50.746213999999995,21.960829559999997,21.960829559999997,clear,50.4339765,19.985164690000005,19.985164690000005,r25,0.31223749999999484,waiting_ms,on,observed_amplification,3dssd+dino,9.885657189447915,dino,1.9756648699999921,1.0988565718944792
77.39475250000001,14.068099580000009,14.068099580000009,clear,76.92815250000001,10.338978830000002,10.338978830000002,r50,0.4665999999999997,inference_e2e_ms,on,observed_amplification,3dssd+dino,36.06855968385811,dino,3.729120750000007,1.3606855968385811
64.4759155,9.885731119999996,9.885731119999996,clear,64.137696,9.21151077999999,9.21151077999999,r50,0.3382194999999939,gpu_kernel_active_ms,on,observed_amplification,3dssd+dino,7.3193242249020685,dino,0.6742203400000051,1.0731932422490207
1280.0,0.0,0.0,clear,1280.0,0.0,0.0,r50,0.0,kernel_count,on,not_defined_zero_clear_width,3dssd+dino,,dino,0.0,
76.59078199999999,13.928712070000017,13.928712070000017,clear,76.0989985,10.395831880000003,10.395831880000003,r50,0.4917834999999968,kernel_span_ms,on,observed_amplification,3dssd+dino,33.983621809013066,dino,3.5328801900000144,1.3398362180901306
50.782045,26.43325424,26.43325424,clear,50.4339765,19.985164690000005,19.985164690000005,r50,0.34806849999999656,waiting_ms,on,observed_amplification,3dssd+dino,32.26438035422561,dino,6.448089549999995,1.322643803542256
77.626567,13.592285750000002,13.592285750000002,clear,76.92815250000001,10.338978830000002,10.338978830000002,r7p5,0.6984144999999842,inference_e2e_ms,on,observed_amplification,3dssd+dino,31.46642403948128,dino,3.25330692,1.3146642403948128
64.58140750000001,11.346494999999997,11.346494999999997,clear,64.137696,9.21151077999999,9.21151077999999,r7p5,0.44371150000000625,gpu_kernel_active_ms,on,observed_amplification,3dssd+dino,23.177351370368893,dino,2.134984220000007,1.231773513703689
1280.0,0.0,0.0,clear,1280.0,0.0,0.0,r7p5,0.0,kernel_count,on,not_defined_zero_clear_width,3dssd+dino,,dino,0.0,
76.805343,13.560809199999994,13.560809199999994,clear,76.0989985,10.395831880000003,10.395831880000003,r7p5,0.7063445000000002,kernel_span_ms,on,observed_amplification,3dssd+dino,30.444675871383865,dino,3.1649773199999913,1.3044467587138386
51.0197115,21.1244425,21.1244425,clear,50.4339765,19.985164690000005,19.985164690000005,r7p5,0.5857349999999997,waiting_ms,on,observed_amplification,3dssd+dino,5.700617571443178,dino,1.1392778099999958,1.0570061757144318
50.423828,28.81364032000001,28.81364032000001,clear,50.937372,28.79369710000001,28.79369710000001,r15,-0.5135440000000031,inference_e2e_ms,on,observed_amplification,3dssd+faster-rcnn,0.0692624498019212,3dssd,0.019943220000001816,1.0006926244980192
42.984708,15.54826724000003,15.54826724000003,clear,43.743003,16.506170600000004,16.506170600000004,r15,-0.7582950000000039,gpu_kernel_active_ms,on,observed_damping,3dssd+faster-rcnn,-5.8033046138513456,3dssd,-0.9579033599999747,0.9419669538614865
481.0,5.0,5.0,clear,481.0,5.0,5.0,r15,0.0,kernel_count,on,observed_unchanged,3dssd+faster-rcnn,0.0,3dssd,0.0,1.0
49.590206,29.221679400000006,29.221679400000006,clear,50.07868,29.128883799999997,29.128883799999997,r15,-0.4884739999999965,kernel_span_ms,on,observed_amplification,3dssd+faster-rcnn,0.318569021172066,3dssd,0.09279560000000941,1.0031856902117207
37.872889,31.227212360000003,31.227212360000003,clear,38.343348,29.93613300000001,29.93613300000001,r15,-0.4704589999999982,waiting_ms,on,observed_amplification,3dssd+faster-rcnn,4.312779342609119,3dssd,1.2910793599999941,1.0431277934260912
33157.0,658.1600000000035,658.1600000000035,clear,34720.0,256.0,256.0,r15,-1563.0,input_point_count,on,observed_amplification,3dssd+faster-rcnn,157.09375000000136,3dssd,402.1600000000035,2.5709375000000136
512.0,0.0,0.0,clear,512.0,0.0,0.0,r15,0.0,sampled_point_count,on,not_defined_zero_clear_width,3dssd+faster-rcnn,,3dssd,0.0,
50.599201,28.821422239999997,28.821422239999997,clear,50.937372,28.79369710000001,28.79369710000001,r25,-0.33817100000000266,inference_e2e_ms,on,observed_amplification,3dssd+faster-rcnn,0.09628892011921408,3dssd,0.027725139999986936,1.0009628892011921
44.009372,15.268924640000002,15.268924640000002,clear,43.743003,16.506170600000004,16.506170600000004,r25,0.2663689999999974,gpu_kernel_active_ms,on,observed_damping,3dssd+faster-rcnn,-7.49565716956786,3dssd,-1.2372459600000028,0.9250434283043214
481.0,5.0,5.0,clear,481.0,5.0,5.0,r25,0.0,kernel_count,on,observed_unchanged,3dssd+faster-rcnn,0.0,3dssd,0.0,1.0
49.757032,28.671659199999993,28.671659199999993,clear,50.07868,29.128883799999997,29.128883799999997,r25,-0.32164799999999616,kernel_span_ms,on,observed_damping,3dssd+faster-rcnn,-1.5696605580197476,3dssd,-0.45722460000000353,0.9843033944198025
38.019295,31.520350999999987,31.520350999999987,clear,38.343348,29.93613300000001,29.93613300000001,r25,-0.32405299999999926,waiting_ms,on,observed_amplification,3dssd+faster-rcnn,5.291992790117472,3dssd,1.5842179999999786,1.0529199279011747
33093.0,675.1200000000026,675.1200000000026,clear,34720.0,256.0,256.0,r25,-1627.0,input_point_count,on,observed_amplification,3dssd+faster-rcnn,163.71875000000102,3dssd,419.1200000000026,2.6371875000000102
512.0,0.0,0.0,clear,512.0,0.0,0.0,r25,0.0,sampled_point_count,on,not_defined_zero_clear_width,3dssd+faster-rcnn,,3dssd,0.0,
50.284505,29.26439484,29.26439484,clear,50.937372,28.79369710000001,28.79369710000001,r50,-0.6528670000000005,inference_e2e_ms,on,observed_amplification,3dssd+faster-rcnn,1.6347249134602837,3dssd,0.4706977399999914,1.0163472491346028
43.259122,15.633757019999983,15.633757019999983,clear,43.743003,16.506170600000004,16.506170600000004,r50,-0.4838810000000038,gpu_kernel_active_ms,on,observed_damping,3dssd+faster-rcnn,-5.285378426901888,3dssd,-0.8724135800000212,0.9471462157309811
481.0,5.0,5.0,clear,481.0,5.0,5.0,r50,0.0,kernel_count,on,observed_unchanged,3dssd+faster-rcnn,0.0,3dssd,0.0,1.0
49.466407,29.0615581,29.0615581,clear,50.07868,29.128883799999997,29.128883799999997,r50,-0.6122730000000018,kernel_span_ms,on,observed_damping,3dssd+faster-rcnn,-0.23113038062927416,3dssd,-0.06732569999999782,0.9976886961937073
37.784208,34.08098228,34.08098228,clear,38.343348,29.93613300000001,29.93613300000001,r50,-0.5591399999999993,waiting_ms,on,observed_amplification,3dssd+faster-rcnn,13.845640250195279,3dssd,4.144849279999992,1.1384564025019528
32838.0,801.0,801.0,clear,34720.0,256.0,256.0,r50,-1882.0,input_point_count,on,observed_amplification,3dssd+faster-rcnn,212.890625,3dssd,545.0,3.12890625
512.0,0.0,0.0,clear,512.0,0.0,0.0,r50,0.0,sampled_point_count,on,not_defined_zero_clear_width,3dssd+faster-rcnn,,3dssd,0.0,
50.261378,28.105322619999995,28.105322619999995,clear,50.937372,28.79369710000001,28.79369710000001,r7p5,-0.6759940000000029,inference_e2e_ms,on,observed_damping,3dssd+faster-rcnn,-2.390712375730364,3dssd,-0.6883744800000144,0.9760928762426964
43.433608,16.44243806,16.44243806,clear,43.743003,16.506170600000004,16.506170600000004,r7p5,-0.3093950000000021,gpu_kernel_active_ms,on,observed_damping,3dssd+faster-rcnn,-0.3861134211226691,3dssd,-0.06373254000000372,0.9961388657887733
481.0,5.0,5.0,clear,481.0,5.0,5.0,r7p5,0.0,kernel_count,on,observed_unchanged,3dssd+faster-rcnn,0.0,3dssd,0.0,1.0
49.329722,28.126868239999986,28.126868239999986,clear,50.07868,29.128883799999997,29.128883799999997,r7p5,-0.7489580000000018,kernel_span_ms,on,observed_damping,3dssd+faster-rcnn,-3.4399380590066087,3dssd,-1.002015560000011,0.9656006194099339
37.58572,27.96538336,27.96538336,clear,38.343348,29.93613300000001,29.93613300000001,r7p5,-0.7576279999999969,waiting_ms,on,observed_damping,3dssd+faster-rcnn,-6.583180399419019,3dssd,-1.9707496400000082,0.9341681960058098
33187.0,650.0,650.0,clear,34720.0,256.0,256.0,r7p5,-1533.0,input_point_count,on,observed_amplification,3dssd+faster-rcnn,153.90625,3dssd,394.0,2.5390625
512.0,0.0,0.0,clear,512.0,0.0,0.0,r7p5,0.0,sampled_point_count,on,not_defined_zero_clear_width,3dssd+faster-rcnn,,3dssd,0.0,
39.90603,10.226833079999999,10.226833079999999,clear,40.475974,9.745800880000004,9.745800880000004,r15,-0.5699439999999996,inference_e2e_ms,on,observed_amplification,3dssd+faster-rcnn,4.935789330430018,faster-rcnn,0.48103219999999425,1.0493578933043002
32.119479,6.903314519999999,6.903314519999999,clear,32.582225,5.531330999999998,5.531330999999998,r15,-0.46274600000000277,gpu_kernel_active_ms,on,observed_amplification,3dssd+faster-rcnn,24.803858601121533,faster-rcnn,1.3719835200000006,1.2480385860112153
568.0,0.0,0.0,clear,568.0,0.0,0.0,r15,0.0,kernel_count,on,not_defined_zero_clear_width,3dssd+faster-rcnn,,faster-rcnn,0.0,
39.026613,10.223109000000001,10.223109000000001,clear,39.66634,9.773549159999995,9.773549159999995,r15,-0.6397270000000006,kernel_span_ms,on,observed_amplification,3dssd+faster-rcnn,4.599760359725935,faster-rcnn,0.44955984000000626,1.0459976035972594
27.779916,13.214541159999996,13.214541159999996,clear,28.777379,13.85975484,13.85975484,r15,-0.9974629999999998,waiting_ms,on,observed_damping,3dssd+faster-rcnn,-4.65530370088425,faster-rcnn,-0.6452136800000048,0.9534469629911575
1000.0,0.0,0.0,clear,1000.0,0.0,0.0,r15,0.0,proposal_count,on,not_defined_zero_clear_width,3dssd+faster-rcnn,,faster-rcnn,0.0,
40.3431705,10.36451383,10.36451383,clear,40.475974,9.745800880000004,9.745800880000004,r25,-0.1328035000000014,inference_e2e_ms,on,observed_amplification,3dssd+faster-rcnn,6.34850801507445,faster-rcnn,0.6187129499999955,1.0634850801507445
32.7619365,5.922880439999997,5.922880439999997,clear,32.582225,5.531330999999998,5.531330999999998,r25,0.17971149999999625,gpu_kernel_active_ms,on,observed_amplification,3dssd+faster-rcnn,7.078756270416631,faster-rcnn,0.3915494399999986,1.0707875627041663
568.0,0.0,0.0,clear,568.0,0.0,0.0,r25,0.0,kernel_count,on,not_defined_zero_clear_width,3dssd+faster-rcnn,,faster-rcnn,0.0,
39.534310500000004,10.372319420000004,10.372319420000004,clear,39.66634,9.773549159999995,9.773549159999995,r25,-0.13202949999999447,kernel_span_ms,on,observed_amplification,3dssd+faster-rcnn,6.126436263814816,faster-rcnn,0.5987702600000091,1.0612643626381482
28.423077499999998,12.06553049,12.06553049,clear,28.777379,13.85975484,13.85975484,r25,-0.3543015000000018,waiting_ms,on,observed_damping,3dssd+faster-rcnn,-12.945570615879664,faster-rcnn,-1.7942243500000004,0.8705442938412034
1000.0,0.0,0.0,clear,1000.0,0.0,0.0,r25,0.0,proposal_count,on,not_defined_zero_clear_width,3dssd+faster-rcnn,,faster-rcnn,0.0,
39.928996999999995,10.512780450000001,10.512780450000001,clear,40.475974,9.745800880000004,9.745800880000004,r50,-0.5469770000000054,inference_e2e_ms,on,observed_amplification,3dssd+faster-rcnn,7.869846505626499,faster-rcnn,0.7669795699999966,1.078698465056265
32.283867,6.484986249999999,6.484986249999999,clear,32.582225,5.531330999999998,5.531330999999998,r50,-0.29835800000000035,gpu_kernel_active_ms,on,observed_amplification,3dssd+faster-rcnn,17.240972380788655,faster-rcnn,0.9536552500000006,1.1724097238078866
568.0,0.0,0.0,clear,568.0,0.0,0.0,r50,0.0,kernel_count,on,not_defined_zero_clear_width,3dssd+faster-rcnn,,faster-rcnn,0.0,
39.17820450000001,10.488380649999996,10.488380649999996,clear,39.66634,9.773549159999995,9.773549159999995,r50,-0.4881354999999914,kernel_span_ms,on,observed_amplification,3dssd+faster-rcnn,7.313939678388048,faster-rcnn,0.7148314900000017,1.0731393967838805
27.5037965,13.637473599999996,13.637473599999996,clear,28.777379,13.85975484,13.85975484,r50,-1.2735824999999998,waiting_ms,on,observed_damping,3dssd+faster-rcnn,-1.603789118682597,faster-rcnn,-0.2222812400000045,0.983962108813174
1000.0,0.0,0.0,clear,1000.0,0.0,0.0,r50,0.0,proposal_count,on,not_defined_zero_clear_width,3dssd+faster-rcnn,,faster-rcnn,0.0,
40.642324,10.214945240000006,10.214945240000006,clear,40.475974,9.745800880000004,9.745800880000004,r7p5,0.16635000000000133,inference_e2e_ms,on,observed_amplification,3dssd+faster-rcnn,4.81381023249472,faster-rcnn,0.46914436000000137,1.0481381023249472
32.8346625,6.82435409,6.82435409,clear,32.582225,5.531330999999998,5.531330999999998,r7p5,0.2524374999999992,gpu_kernel_active_ms,on,observed_amplification,3dssd+faster-rcnn,23.376346307968234,faster-rcnn,1.293023090000002,1.2337634630796823
568.0,0.0,0.0,clear,568.0,0.0,0.0,r7p5,0.0,kernel_count,on,not_defined_zero_clear_width,3dssd+faster-rcnn,,faster-rcnn,0.0,
39.838293500000006,10.304743460000005,10.304743460000005,clear,39.66634,9.773549159999995,9.773549159999995,r7p5,0.17195350000000786,kernel_span_ms,on,observed_amplification,3dssd+faster-rcnn,5.435019472496427,faster-rcnn,0.5311943000000099,1.0543501947249643
28.6063365,14.71768785,14.71768785,clear,28.777379,13.85975484,13.85975484,r7p5,-0.17104249999999865,waiting_ms,on,observed_amplification,3dssd+faster-rcnn,6.1901023496026,faster-rcnn,0.85793301,1.061901023496026
1000.0,0.0,0.0,clear,1000.0,0.0,0.0,r7p5,0.0,proposal_count,on,not_defined_zero_clear_width,3dssd+faster-rcnn,,faster-rcnn,0.0,
63.372747,41.388981439999995,41.388981439999995,clear,64.05670599999999,43.948522049999994,43.948522049999994,r15,-0.6839589999999944,inference_e2e_ms,on,observed_damping,3dssd+mask-rcnn,-5.823951501914049,3dssd,-2.559540609999999,0.9417604849808595
47.7467,24.16609864,24.16609864,clear,48.411326,25.142813650000008,25.142813650000008,r15,-0.6646260000000055,gpu_kernel_active_ms,on,observed_damping,3dssd+mask-rcnn,-3.8846686914056128,3dssd,-0.9767150100000066,0.9611533130859439
481.0,5.0,5.0,clear,481.0,5.0,5.0,r15,0.0,kernel_count,on,observed_unchanged,3dssd+mask-rcnn,0.0,3dssd,0.0,1.0
62.615687,40.52472723999999,40.52472723999999,clear,63.2562595,44.1099733,44.1099733,r15,-0.6405724999999975,kernel_span_ms,on,observed_damping,3dssd+mask-rcnn,-8.12797150344231,3dssd,-3.58524606000001,0.9187202849655769
50.564768,42.776745199999986,42.776745199999986,clear,51.3614595,44.00558527,44.00558527,r15,-0.7966915000000014,waiting_ms,on,observed_damping,3dssd+mask-rcnn,-2.792463871257156,3dssd,-1.228840070000011,0.9720753612874284
33159.0,658.0,658.0,clear,34720.0,256.0,256.0,r15,-1561.0,input_point_count,on,observed_amplification,3dssd+mask-rcnn,157.03125,3dssd,402.0,2.5703125
512.0,0.0,0.0,clear,512.0,0.0,0.0,r15,0.0,sampled_point_count,on,not_defined_zero_clear_width,3dssd+mask-rcnn,,3dssd,0.0,
64.213623,43.8933608,43.8933608,clear,64.05670599999999,43.948522049999994,43.948522049999994,r25,0.15691700000000708,inference_e2e_ms,on,observed_damping,3dssd+mask-rcnn,-0.1255133220116833,3dssd,-0.0551612499999905,0.9987448667798832
48.803775,24.08762259999999,24.08762259999999,clear,48.411326,25.142813650000008,25.142813650000008,r25,0.39244899999999916,gpu_kernel_active_ms,on,observed_damping,3dssd+mask-rcnn,-4.196789844958415,3dssd,-1.055191050000019,0.9580321015504158
481.0,5.0,5.0,clear,481.0,5.0,5.0,r25,0.0,kernel_count,on,observed_unchanged,3dssd+mask-rcnn,0.0,3dssd,0.0,1.0
63.430476,44.098824,44.098824,clear,63.2562595,44.1099733,44.1099733,r25,0.1742165,kernel_span_ms,on,observed_damping,3dssd+mask-rcnn,-0.02527614316193416,3dssd,-0.011149299999999585,0.9997472385683807
51.654616,45.402296799999974,45.402296799999974,clear,51.3614595,44.00558527,44.00558527,r25,0.29315649999999494,waiting_ms,on,observed_amplification,3dssd+mask-rcnn,3.173941492722654,3dssd,1.3967115299999762,1.0317394149272265
33093.0,672.1999999999971,672.1999999999971,clear,34720.0,256.0,256.0,r25,-1627.0,input_point_count,on,observed_amplification,3dssd+mask-rcnn,162.57812499999886,3dssd,416.1999999999971,2.6257812499999886
512.0,0.0,0.0,clear,512.0,0.0,0.0,r25,0.0,sampled_point_count,on,not_defined_zero_clear_width,3dssd+mask-rcnn,,3dssd,0.0,
63.1701465,43.28430287000002,43.28430287000002,clear,64.05670599999999,43.948522049999994,43.948522049999994,r50,-0.88655949999999,inference_e2e_ms,on,observed_damping,3dssd+mask-rcnn,-1.5113572630367278,3dssd,-0.664219179999975,0.9848864273696327
47.6981505,24.09951950000002,24.09951950000002,clear,48.411326,25.142813650000008,25.142813650000008,r50,-0.7131755000000055,gpu_kernel_active_ms,on,observed_damping,3dssd+mask-rcnn,-4.149472547198341,3dssd,-1.043294149999987,0.9585052745280166
481.0,5.0,5.0,clear,481.0,5.0,5.0,r50,0.0,kernel_count,on,observed_unchanged,3dssd+mask-rcnn,0.0,3dssd,0.0,1.0
62.41442,42.896941870000035,42.896941870000035,clear,63.2562595,44.1099733,44.1099733,r50,-0.841839499999999,kernel_span_ms,on,observed_damping,3dssd+mask-rcnn,-2.750016241791664,3dssd,-1.2130314299999654,0.9724998375820834
50.5284445,43.51248229000002,43.51248229000002,clear,51.3614595,44.00558527,44.00558527,r50,-0.8330150000000032,waiting_ms,on,observed_damping,3dssd+mask-rcnn,-1.120546351047258,3dssd,-0.4931029799999749,0.9887945364895274
32838.0,801.0,801.0,clear,34720.0,256.0,256.0,r50,-1882.0,input_point_count,on,observed_amplification,3dssd+mask-rcnn,212.890625,3dssd,545.0,3.12890625
512.0,0.0,0.0,clear,512.0,0.0,0.0,r50,0.0,sampled_point_count,on,not_defined_zero_clear_width,3dssd+mask-rcnn,,3dssd,0.0,
65.141762,43.431525129999976,43.431525129999976,clear,64.05670599999999,43.948522049999994,43.948522049999994,r7p5,1.0850560000000087,inference_e2e_ms,on,observed_damping,3dssd+mask-rcnn,-1.1763692972697304,3dssd,-0.5169969200000182,0.9882363070273027
48.4960475,24.57949801999999,24.57949801999999,clear,48.411326,25.142813650000008,25.142813650000008,r7p5,0.08472150000000056,gpu_kernel_active_ms,on,observed_damping,3dssd+mask-rcnn,-2.2404637676659567,3dssd,-0.5633156300000195,0.9775953623233404
481.0,5.0,5.0,clear,481.0,5.0,5.0,r7p5,0.0,kernel_count,on,observed_unchanged,3dssd+mask-rcnn,0.0,3dssd,0.0,1.0
64.31261549999999,43.85443308999999,43.85443308999999,clear,63.2562595,44.1099733,44.1099733,r7p5,1.0563559999999939,kernel_span_ms,on,observed_damping,3dssd+mask-rcnn,-0.5793252429830975,3dssd,-0.2555402100000066,0.994206747570169
51.8629265,43.77525594000001,43.77525594000001,clear,51.3614595,44.00558527,44.00558527,r7p5,0.5014669999999981,waiting_ms,on,observed_damping,3dssd+mask-rcnn,-0.5234093094928394,3dssd,-0.23032932999998934,0.9947659069050716
33187.5,648.8199999999997,648.8199999999997,clear,34720.0,256.0,256.0,r7p5,-1532.5,input_point_count,on,observed_amplification,3dssd+mask-rcnn,153.4453124999999,3dssd,392.8199999999997,2.534453124999999
512.0,0.0,0.0,clear,512.0,0.0,0.0,r7p5,0.0,sampled_point_count,on,not_defined_zero_clear_width,3dssd+mask-rcnn,,3dssd,0.0,
57.570395,18.76202996,18.76202996,clear,58.5081185,18.646352549999996,18.646352549999996,r15,-0.9377235000000042,inference_e2e_ms,on,observed_amplification,3dssd+mask-rcnn,0.6203755382711673,mask-rcnn,0.11567741000000353,1.0062037553827117
47.483356,13.808951720000003,13.808951720000003,clear,48.240491,14.971130849999994,14.971130849999994,r15,-0.7571349999999981,gpu_kernel_active_ms,on,observed_damping,3dssd+mask-rcnn,-7.762801231544858,mask-rcnn,-1.1621791299999913,0.9223719876845514
673.0,4.0,4.0,clear,673.0,4.0,4.0,r15,0.0,kernel_count,on,observed_unchanged,3dssd+mask-rcnn,0.0,mask-rcnn,0.0,1.0
56.771729,18.760707760000003,18.760707760000003,clear,57.7606005,18.586310599999997,18.586310599999997,r15,-0.9888715000000019,kernel_span_ms,on,observed_amplification,3dssd+mask-rcnn,0.9383097256536965,mask-rcnn,0.17439716000000516,1.009383097256537
33.833428,21.414044920000006,21.414044920000006,clear,34.722305,17.67589025,17.67589025,r15,-0.8888770000000008,waiting_ms,on,observed_amplification,3dssd+mask-rcnn,21.148324735723033,mask-rcnn,3.7381546700000072,1.2114832473572303
1000.0,0.0,0.0,clear,1000.0,0.0,0.0,r15,0.0,proposal_count,on,not_defined_zero_clear_width,3dssd+mask-rcnn,,mask-rcnn,0.0,
58.9025925,16.704277599999998,16.704277599999998,clear,58.5081185,18.646352549999996,18.646352549999996,r25,0.39447399999999533,inference_e2e_ms,on,observed_damping,3dssd+mask-rcnn,-10.415307469878332,mask-rcnn,-1.9420749499999985,0.8958469253012167
48.262646000000004,13.339705349999996,13.339705349999996,clear,48.240491,14.971130849999994,14.971130849999994,r25,0.022155000000005032,gpu_kernel_active_ms,on,observed_damping,3dssd+mask-rcnn,-10.897142749907896,mask-rcnn,-1.6314254999999989,0.891028572500921
673.0,4.0,4.0,clear,673.0,4.0,4.0,r25,0.0,kernel_count,on,observed_unchanged,3dssd+mask-rcnn,0.0,mask-rcnn,0.0,1.0
58.142187,16.59575389999999,16.59575389999999,clear,57.7606005,18.586310599999997,18.586310599999997,r25,0.3815864999999974,kernel_span_ms,on,observed_damping,3dssd+mask-rcnn,-10.709800039605533,mask-rcnn,-1.9905567000000062,0.8929019996039447
34.7761145,16.192539200000002,16.192539200000002,clear,34.722305,17.67589025,17.67589025,r25,0.053809499999999844,waiting_ms,on,observed_damping,3dssd+mask-rcnn,-8.391945350531893,mask-rcnn,-1.483351049999996,0.9160805464946811
1000.0,0.0,0.0,clear,1000.0,0.0,0.0,r25,0.0,proposal_count,on,not_defined_zero_clear_width,3dssd+mask-rcnn,,mask-rcnn,0.0,
56.9814385,18.476160399999998,18.476160399999998,clear,58.5081185,18.646352549999996,18.646352549999996,r50,-1.526679999999999,inference_e2e_ms,on,observed_damping,3dssd+mask-rcnn,-0.9127369524073448,mask-rcnn,-0.17019214999999832,0.9908726304759266
46.9577985,14.326457350000005,14.326457350000005,clear,48.240491,14.971130849999994,14.971130849999994,r50,-1.282692499999996,gpu_kernel_active_ms,on,observed_damping,3dssd+mask-rcnn,-4.306110917466121,mask-rcnn,-0.644673499999989,0.9569388908253388
673.0,4.0,4.0,clear,673.0,4.0,4.0,r50,0.0,kernel_count,on,observed_unchanged,3dssd+mask-rcnn,0.0,mask-rcnn,0.0,1.0
56.1820115,18.42902579999999,18.42902579999999,clear,57.7606005,18.586310599999997,18.586310599999997,r50,-1.578589000000001,kernel_span_ms,on,observed_damping,3dssd+mask-rcnn,-0.8462400278622662,mask-rcnn,-0.15728480000000644,0.9915375997213773
33.7701385,15.348199299999994,15.348199299999994,clear,34.722305,17.67589025,17.67589025,r50,-0.952166499999997,waiting_ms,on,observed_damping,3dssd+mask-rcnn,-13.168733891635275,mask-rcnn,-2.3276909500000045,0.8683126610836472
1000.0,0.0,0.0,clear,1000.0,0.0,0.0,r50,0.0,proposal_count,on,not_defined_zero_clear_width,3dssd+mask-rcnn,,mask-rcnn,0.0,
58.181435,17.86000733999999,17.86000733999999,clear,58.5081185,18.646352549999996,18.646352549999996,r7p5,-0.32668350000000146,inference_e2e_ms,on,observed_damping,3dssd+mask-rcnn,-4.217152968074755,mask-rcnn,-0.7863452100000075,0.9578284703192524
47.699209,14.388499819999993,14.388499819999993,clear,48.240491,14.971130849999994,14.971130849999994,r7p5,-0.5412819999999954,gpu_kernel_active_ms,on,observed_damping,3dssd+mask-rcnn,-3.8916968653707418,mask-rcnn,-0.5826310300000017,0.9610830313462926
673.0,4.0,4.0,clear,673.0,4.0,4.0,r7p5,0.0,kernel_count,on,observed_unchanged,3dssd+mask-rcnn,0.0,mask-rcnn,0.0,1.0
57.470621,18.07005329999999,18.07005329999999,clear,57.7606005,18.586310599999997,18.586310599999997,r7p5,-0.28997950000000117,kernel_span_ms,on,observed_damping,3dssd+mask-rcnn,-2.777621181042822,mask-rcnn,-0.5162573000000066,0.9722237881895718
34.554588,18.0104939,18.0104939,clear,34.722305,17.67589025,17.67589025,r7p5,-0.16771699999999612,waiting_ms,on,observed_amplification,3dssd+mask-rcnn,1.8929946116858387,mask-rcnn,0.3346036500000018,1.0189299461168584
1000.0,0.0,0.0,clear,1000.0,0.0,0.0,r7p5,0.0,proposal_count,on,not_defined_zero_clear_width,3dssd+mask-rcnn,,mask-rcnn,0.0,
50.269717,32.79594931000001,32.79594931000001,clear,50.08634,32.20936597999998,32.20936597999998,r15,0.18337700000000012,inference_e2e_ms,on,observed_amplification,3dssd+vit-upernet,1.8211576420481768,3dssd,0.5865833300000318,1.0182115764204818
42.482715,14.38058908,14.38058908,clear,42.714226,15.534667899999995,15.534667899999995,r15,-0.23151099999999758,gpu_kernel_active_ms,on,observed_damping,3dssd+vit-upernet,-7.429053697375765,3dssd,-1.1540788199999952,0.9257094630262424
481.0,5.0,5.0,clear,481.0,5.0,5.0,r15,0.0,kernel_count,on,observed_unchanged,3dssd+vit-upernet,0.0,3dssd,0.0,1.0
49.389889499999995,32.46826672000003,32.46826672000003,clear,49.310148,32.26379049999998,32.26379049999998,r15,0.07974149999999725,kernel_span_ms,on,observed_amplification,3dssd+vit-upernet,0.6337637854425537,3dssd,0.2044762200000534,1.0063376378544255
37.5550225,34.108141880000005,34.108141880000005,clear,37.262768,35.367087779999984,35.367087779999984,r15,0.29225449999999853,waiting_ms,on,observed_damping,3dssd+vit-upernet,-3.559653844928423,3dssd,-1.2589458999999792,0.9644034615507158
33159.0,660.0,660.0,clear,34720.0,256.0,256.0,r15,-1561.0,input_point_count,on,observed_amplification,3dssd+vit-upernet,157.8125,3dssd,404.0,2.578125
512.0,0.0,0.0,clear,512.0,0.0,0.0,r15,0.0,sampled_point_count,on,not_defined_zero_clear_width,3dssd+vit-upernet,,3dssd,0.0,
50.042018,32.131078,32.131078,clear,50.08634,32.20936597999998,32.20936597999998,r25,-0.04432200000000108,inference_e2e_ms,on,observed_damping,3dssd+vit-upernet,-0.2430596741599622,3dssd,-0.07828797999997761,0.9975694032584004
42.689194,15.006337100000003,15.006337100000003,clear,42.714226,15.534667899999995,15.534667899999995,r25,-0.025031999999995946,gpu_kernel_active_ms,on,observed_damping,3dssd+vit-upernet,-3.400979045068564,3dssd,-0.528330799999992,0.9659902095493144
481.0,5.0,5.0,clear,481.0,5.0,5.0,r25,0.0,kernel_count,on,observed_unchanged,3dssd+vit-upernet,0.0,3dssd,0.0,1.0
49.333439,32.0849547,32.0849547,clear,49.310148,32.26379049999998,32.26379049999998,r25,0.023291000000000395,kernel_span_ms,on,observed_damping,3dssd+vit-upernet,-0.5542925900166029,3dssd,-0.17883579999998034,0.994457074099834
37.704362,34.89372680000001,34.89372680000001,clear,37.262768,35.367087779999984,35.367087779999984,r25,0.44159400000000204,waiting_ms,on,observed_damping,3dssd+vit-upernet,-1.3384222725504102,3dssd,-0.47336097999997406,0.9866157772744959
33093.0,674.6999999999971,674.6999999999971,clear,34720.0,256.0,256.0,r25,-1627.0,input_point_count,on,observed_amplification,3dssd+vit-upernet,163.55468749999886,3dssd,418.6999999999971,2.6355468749999886
512.0,0.0,0.0,clear,512.0,0.0,0.0,r25,0.0,sampled_point_count,on,not_defined_zero_clear_width,3dssd+vit-upernet,,3dssd,0.0,
50.258888,31.72568776,31.72568776,clear,50.08634,32.20936597999998,32.20936597999998,r50,0.17254799999999904,inference_e2e_ms,on,observed_damping,3dssd+vit-upernet,-1.5016694842745926,3dssd,-0.4836782199999803,0.9849833051572541
42.403419,14.616011519999994,14.616011519999994,clear,42.714226,15.534667899999995,15.534667899999995,r50,-0.31080699999999695,gpu_kernel_active_ms,on,observed_damping,3dssd+vit-upernet,-5.913588793230673,3dssd,-0.9186563800000016,0.9408641120676933
481.0,5.0,5.0,clear,481.0,5.0,5.0,r50,0.0,kernel_count,on,observed_unchanged,3dssd+vit-upernet,0.0,3dssd,0.0,1.0
49.36014,31.671800319999996,31.671800319999996,clear,49.310148,32.26379049999998,32.26379049999998,r50,0.049992000000003145,kernel_span_ms,on,observed_damping,3dssd+vit-upernet,-1.8348438631226038,3dssd,-0.591990179999982,0.981651561368774
37.617281,32.647019359999994,32.647019359999994,clear,37.262768,35.367087779999984,35.367087779999984,r50,0.3545129999999972,waiting_ms,on,observed_damping,3dssd+vit-upernet,-7.690959563648847,3dssd,-2.72006841999999,0.9230904043635115
32838.0,801.0,801.0,clear,34720.0,256.0,256.0,r50,-1882.0,input_point_count,on,observed_amplification,3dssd+vit-upernet,212.890625,3dssd,545.0,3.12890625
512.0,0.0,0.0,clear,512.0,0.0,0.0,r50,0.0,sampled_point_count,on,not_defined_zero_clear_width,3dssd+vit-upernet,,3dssd,0.0,
49.901888,31.676255859999998,31.676255859999998,clear,50.08634,32.20936597999998,32.20936597999998,r7p5,-0.18445200000000028,inference_e2e_ms,on,observed_damping,3dssd+vit-upernet,-1.6551400618410539,3dssd,-0.5331101199999821,0.9834485993815895
42.701237,15.19769775999999,15.19769775999999,clear,42.714226,15.534667899999995,15.534667899999995,r7p5,-0.012988999999997475,gpu_kernel_active_ms,on,observed_damping,3dssd+vit-upernet,-2.1691492999345363,3dssd,-0.33697014000000536,0.9783085070006546
481.0,5.0,5.0,clear,481.0,5.0,5.0,r7p5,0.0,kernel_count,on,observed_unchanged,3dssd+vit-upernet,0.0,3dssd,0.0,1.0
49.161657,31.762642819999996,31.762642819999996,clear,49.310148,32.26379049999998,32.26379049999998,r7p5,-0.14849099999999993,kernel_span_ms,on,observed_damping,3dssd+vit-upernet,-1.5532820918855772,3dssd,-0.5011476799999812,0.9844671790811442
37.573583,31.917865659999986,31.917865659999986,clear,37.262768,35.367087779999984,35.367087779999984,r7p5,0.31081499999999807,waiting_ms,on,observed_damping,3dssd+vit-upernet,-9.752632564648211,3dssd,-3.449222119999998,0.9024736743535179
33186.0,650.0,650.0,clear,34720.0,256.0,256.0,r7p5,-1534.0,input_point_count,on,observed_amplification,3dssd+vit-upernet,153.90625,3dssd,394.0,2.5390625
512.0,0.0,0.0,clear,512.0,0.0,0.0,r7p5,0.0,sampled_point_count,on,not_defined_zero_clear_width,3dssd+vit-upernet,,3dssd,0.0,
39.206438,9.892023649999992,9.892023649999992,clear,39.6190675,9.4924508,9.4924508,r15,-0.4126295000000013,inference_e2e_ms,on,observed_amplification,3dssd+vit-upernet,4.209374990913739,vit-upernet,0.3995728499999913,1.0420937499091374
37.583622500000004,6.483495699999999,6.483495699999999,clear,37.6625225,5.842193550000005,5.842193550000005,r15,-0.0788999999999973,gpu_kernel_active_ms,on,observed_amplification,3dssd+vit-upernet,10.97707812162425,vit-upernet,0.6413021499999942,1.1097707812162425
328.0,0.0,0.0,clear,328.0,0.0,0.0,r15,0.0,kernel_count,on,not_defined_zero_clear_width,3dssd+vit-upernet,,vit-upernet,0.0,
38.7994135,9.9563597,9.9563597,clear,39.279796,9.522899700000004,9.522899700000004,r15,-0.4803824999999975,kernel_span_ms,on,observed_amplification,3dssd+vit-upernet,4.551764836922478,vit-upernet,0.4334599999999966,1.0455176483692248
0.024026,0.21105004999999977,0.21105004999999977,clear,0.023847,0.1269306499999998,0.1269306499999998,r15,0.0001789999999999986,waiting_ms,on,observed_amplification,3dssd+vit-upernet,66.27193668353553,vit-upernet,0.08411939999999996,1.6627193668353553
39.566099,9.218296610000003,9.218296610000003,clear,39.6190675,9.4924508,9.4924508,r25,-0.05296849999999864,inference_e2e_ms,on,observed_damping,3dssd+vit-upernet,-2.8881286379698445,vit-upernet,-0.2741541899999973,0.9711187136203016
37.6146945,6.111983249999994,6.111983249999994,clear,37.6625225,5.842193550000005,5.842193550000005,r25,-0.047828000000002646,gpu_kernel_active_ms,on,observed_amplification,3dssd+vit-upernet,4.617952104650658,vit-upernet,0.2697896999999898,1.0461795210465066
328.0,0.0,0.0,clear,328.0,0.0,0.0,r25,0.0,kernel_count,on,not_defined_zero_clear_width,3dssd+vit-upernet,,vit-upernet,0.0,
39.1913305,9.231590260000004,9.231590260000004,clear,39.279796,9.522899700000004,9.522899700000004,r25,-0.08846549999999809,kernel_span_ms,on,observed_damping,3dssd+vit-upernet,-3.0590413548091777,vit-upernet,-0.29130943999999914,0.9694095864519082
0.023687,0.10384903999999985,0.10384903999999985,clear,0.023847,0.1269306499999998,0.1269306499999998,r25,-0.00016000000000000042,waiting_ms,on,observed_damping,3dssd+vit-upernet,-18.184425905011903,vit-upernet,-0.02308160999999996,0.818155740949881
39.872791,9.653911879999995,9.653911879999995,clear,39.6190675,9.4924508,9.4924508,r50,0.25372349999999955,inference_e2e_ms,on,observed_amplification,3dssd+vit-upernet,1.700941973805059,vit-upernet,0.16146107999999515,1.0170094197380506
37.823994,6.611713960000003,6.611713960000003,clear,37.6625225,5.842193550000005,5.842193550000005,r50,0.16147149999999755,gpu_kernel_active_ms,on,observed_amplification,3dssd+vit-upernet,13.171771928028608,vit-upernet,0.7695204099999984,1.131717719280286
328.0,0.0,0.0,clear,328.0,0.0,0.0,r50,0.0,kernel_count,on,not_defined_zero_clear_width,3dssd+vit-upernet,,vit-upernet,0.0,
39.461288,9.738070559999997,9.738070559999997,clear,39.279796,9.522899700000004,9.522899700000004,r50,0.18149200000000576,kernel_span_ms,on,observed_amplification,3dssd+vit-upernet,2.259509884368449,vit-upernet,0.21517085999999352,1.0225950988436845
0.023621,0.36126692,0.36126692,clear,0.023847,0.1269306499999998,0.1269306499999998,r50,-0.0002260000000000005,waiting_ms,on,observed_amplification,3dssd+vit-upernet,184.61756084917278,vit-upernet,0.23433627000000018,2.846175608491728
39.3418725,9.021018700000006,9.021018700000006,clear,39.6190675,9.4924508,9.4924508,r7p5,-0.27719499999999897,inference_e2e_ms,on,observed_damping,3dssd+vit-upernet,-4.966389712549201,vit-upernet,-0.47143209999999414,0.950336102874508
37.2153965,6.087060959999995,6.087060959999995,clear,37.6625225,5.842193550000005,5.842193550000005,r7p5,-0.44712600000000435,gpu_kernel_active_ms,on,observed_amplification,3dssd+vit-upernet,4.191360794610954,vit-upernet,0.24486740999999057,1.0419136079461095
328.0,0.0,0.0,clear,328.0,0.0,0.0,r7p5,0.0,kernel_count,on,not_defined_zero_clear_width,3dssd+vit-upernet,,vit-upernet,0.0,
39.002212,9.111584420000007,9.111584420000007,clear,39.279796,9.522899700000004,9.522899700000004,r7p5,-0.2775839999999974,kernel_span_ms,on,observed_damping,3dssd+vit-upernet,-4.319223061857902,vit-upernet,-0.4113152799999966,0.956807769381421
0.02445,0.3381311000000001,0.3381311000000001,clear,0.023847,0.1269306499999998,0.1269306499999998,r7p5,0.0006029999999999994,waiting_ms,on,observed_amplification,3dssd+vit-upernet,166.39042658333554,vit-upernet,0.21120045000000026,2.6639042658333554
41.744383,4.988562049999999,4.988562049999999,clear,42.129271,4.1234508000000005,4.1234508000000005,r15,-0.38488800000000367,inference_e2e_ms,on,observed_amplification,3dssd+yolov3,20.980273367151558,3dssd,0.8651112499999982,1.2098027336715156
37.129923,4.746546700000003,4.746546700000003,clear,37.531777,3.5507723999999925,3.5507723999999925,r15,-0.40185400000000016,gpu_kernel_active_ms,on,observed_amplification,3dssd+yolov3,33.67645586070269,3dssd,1.1957743000000107,1.336764558607027
481.0,5.0,5.0,clear,481.0,5.0,5.0,r15,0.0,kernel_count,on,observed_unchanged,3dssd+yolov3,0.0,3dssd,0.0,1.0
41.046040000000005,4.947932250000001,4.947932250000001,clear,41.411959,4.006934199999996,4.006934199999996,r15,-0.3659189999999981,kernel_span_ms,on,observed_amplification,3dssd+yolov3,23.484240145495903,3dssd,0.9409980500000046,1.234842401454959
29.6701915,22.213406950000007,22.213406950000007,clear,29.790704,7.255808999999996,7.255808999999996,r15,-0.12051250000000024,waiting_ms,on,observed_amplification,3dssd+yolov3,206.14652273785072,3dssd,14.957597950000011,3.0614652273785072
33159.0,658.9000000000015,658.9000000000015,clear,34720.0,256.0,256.0,r15,-1561.0,input_point_count,on,observed_amplification,3dssd+yolov3,157.38281250000057,3dssd,402.90000000000146,2.5738281250000057
512.0,0.0,0.0,clear,512.0,0.0,0.0,r15,0.0,sampled_point_count,on,not_defined_zero_clear_width,3dssd+yolov3,,3dssd,0.0,
42.228582,4.516842159999996,4.516842159999996,clear,42.129271,4.1234508000000005,4.1234508000000005,r25,0.09931100000000015,inference_e2e_ms,on,observed_amplification,3dssd+yolov3,9.540343248426675,3dssd,0.3933913599999954,1.0954034324842667
37.487366,4.058646259999996,4.058646259999996,clear,37.531777,3.5507723999999925,3.5507723999999925,r25,-0.04441099999999665,gpu_kernel_active_ms,on,observed_amplification,3dssd+yolov3,14.303193862834028,3dssd,0.5078738600000037,1.1430319386283403
481.0,5.0,5.0,clear,481.0,5.0,5.0,r25,0.0,kernel_count,on,observed_unchanged,3dssd+yolov3,0.0,3dssd,0.0,1.0
41.480842,4.514693399999999,4.514693399999999,clear,41.411959,4.006934199999996,4.006934199999996,r25,0.06888299999999958,kernel_span_ms,on,observed_amplification,3dssd+yolov3,12.6720124328471,3dssd,0.5077592000000024,1.126720124328471
29.761844,8.745573200000003,8.745573200000003,clear,29.790704,7.255808999999996,7.255808999999996,r25,-0.028860000000001662,waiting_ms,on,observed_amplification,3dssd+yolov3,20.53202061961674,3dssd,1.4897642000000069,1.2053202061961674
33093.0,677.2200000000012,677.2200000000012,clear,34720.0,256.0,256.0,r25,-1627.0,input_point_count,on,observed_amplification,3dssd+yolov3,164.53906250000045,3dssd,421.22000000000116,2.6453906250000045
512.0,0.0,0.0,clear,512.0,0.0,0.0,r25,0.0,sampled_point_count,on,not_defined_zero_clear_width,3dssd+yolov3,,3dssd,0.0,
41.932058,4.691335559999999,4.691335559999999,clear,42.129271,4.1234508000000005,4.1234508000000005,r50,-0.19721300000000497,inference_e2e_ms,on,observed_amplification,3dssd+yolov3,13.772075563506124,3dssd,0.5678847599999983,1.1377207556350613
37.171347,4.034696199999999,4.034696199999999,clear,37.531777,3.5507723999999925,3.5507723999999925,r50,-0.3604300000000009,gpu_kernel_active_ms,on,observed_amplification,3dssd+yolov3,13.628691041983076,3dssd,0.48392380000000657,1.1362869104198308
481.0,5.0,5.0,clear,481.0,5.0,5.0,r50,0.0,kernel_count,on,observed_unchanged,3dssd+yolov3,0.0,3dssd,0.0,1.0
41.186244,4.693874119999997,4.693874119999997,clear,41.411959,4.006934199999996,4.006934199999996,r50,-0.225715000000001,kernel_span_ms,on,observed_amplification,3dssd+yolov3,17.143778402949582,3dssd,0.6869399200000004,1.1714377840294958
29.338568,8.19016492,8.19016492,clear,29.790704,7.255808999999996,7.255808999999996,r50,-0.452136000000003,waiting_ms,on,observed_amplification,3dssd+yolov3,12.87734999639607,3dssd,0.9343559200000051,1.1287734999639607
32838.0,804.9599999999991,804.9599999999991,clear,34720.0,256.0,256.0,r50,-1882.0,input_point_count,on,observed_amplification,3dssd+yolov3,214.43749999999966,3dssd,548.9599999999991,3.1443749999999966
512.0,0.0,0.0,clear,512.0,0.0,0.0,r50,0.0,sampled_point_count,on,not_defined_zero_clear_width,3dssd+yolov3,,3dssd,0.0,
42.191264000000004,4.416866150000004,4.416866150000004,clear,42.129271,4.1234508000000005,4.1234508000000005,r7p5,0.061993000000001075,inference_e2e_ms,on,observed_amplification,3dssd+yolov3,7.115771819079386,3dssd,0.2934153500000036,1.0711577181907939
37.387722,3.939542100000004,3.939542100000004,clear,37.531777,3.5507723999999925,3.5507723999999925,r7p5,-0.1440550000000016,gpu_kernel_active_ms,on,observed_amplification,3dssd+yolov3,10.948876926046069,3dssd,0.38876970000001165,1.1094887692604607
481.0,5.0,5.0,clear,481.0,5.0,5.0,r7p5,0.0,kernel_count,on,observed_unchanged,3dssd+yolov3,0.0,3dssd,0.0,1.0
41.4540055,4.353006350000001,4.353006350000001,clear,41.411959,4.006934199999996,4.006934199999996,r7p5,0.04204649999999788,kernel_span_ms,on,observed_amplification,3dssd+yolov3,8.63683137097697,3dssd,0.3460721500000048,1.0863683137097697
29.8316575,17.610381500000006,17.610381500000006,clear,29.790704,7.255808999999996,7.255808999999996,r7p5,0.04095349999999698,waiting_ms,on,observed_amplification,3dssd+yolov3,142.70734662392596,3dssd,10.35457250000001,2.4270734662392597
33187.0,650.0,650.0,clear,34720.0,256.0,256.0,r7p5,-1533.0,input_point_count,on,observed_amplification,3dssd+yolov3,153.90625,3dssd,394.0,2.5390625
512.0,0.0,0.0,clear,512.0,0.0,0.0,r7p5,0.0,sampled_point_count,on,not_defined_zero_clear_width,3dssd+yolov3,,3dssd,0.0,
10.800405,7.969516799999999,7.969516799999999,clear,10.338475,7.226235279999999,7.226235279999999,r15,0.46192999999999884,inference_e2e_ms,on,observed_amplification,3dssd+yolov3,10.285874887815716,yolov3,0.74328152,1.1028587488781572
6.692917,2.963954519999999,2.963954519999999,clear,6.419862,2.55134392,2.55134392,r15,0.2730549999999994,gpu_kernel_active_ms,on,observed_amplification,3dssd+yolov3,16.172284605205213,yolov3,0.41261059999999894,1.1617228460520521
468.0,0.0,0.0,clear,468.0,0.0,0.0,r15,0.0,kernel_count,on,not_defined_zero_clear_width,3dssd+yolov3,,yolov3,0.0,
10.228833,7.775076439999999,7.775076439999999,clear,9.724055,7.096782920000001,7.096782920000001,r15,0.504778,kernel_span_ms,on,observed_amplification,3dssd+yolov3,9.557760574702744,yolov3,0.6782935199999987,1.0955776057470274
1.18463,4.78898052,4.78898052,clear,0.802456,4.10313504,4.10313504,r15,0.3821740000000001,waiting_ms,on,observed_amplification,3dssd+yolov3,16.715157393406187,yolov3,0.6858454800000002,1.1671515739340619
10.628046,7.120555999999997,7.120555999999997,clear,10.338475,7.226235279999999,7.226235279999999,r25,0.2895709999999987,inference_e2e_ms,on,observed_damping,3dssd+yolov3,-1.4624389589485087,yolov3,-0.10567928000000215,0.9853756104105149
6.760496,2.8319209600000006,2.8319209600000006,clear,6.419862,2.55134392,2.55134392,r25,0.34063399999999966,gpu_kernel_active_ms,on,observed_amplification,3dssd+yolov3,10.997225336833495,yolov3,0.2805770400000007,1.109972253368335
468.0,0.0,0.0,clear,468.0,0.0,0.0,r25,0.0,kernel_count,on,not_defined_zero_clear_width,3dssd+yolov3,,yolov3,0.0,
10.068674,6.935238199999999,6.935238199999999,clear,9.724055,7.096782920000001,7.096782920000001,r25,0.3446189999999998,kernel_span_ms,on,observed_damping,3dssd+yolov3,-2.2763091646038625,yolov3,-0.16154472000000197,0.9772369083539614
1.253973,4.14935428,4.14935428,clear,0.802456,4.10313504,4.10313504,r25,0.45151700000000006,waiting_ms,on,observed_amplification,3dssd+yolov3,1.1264372132387956,yolov3,0.046219240000000106,1.011264372132388
10.874513499999999,8.05162575,8.05162575,clear,10.338475,7.226235279999999,7.226235279999999,r50,0.5360384999999983,inference_e2e_ms,on,observed_amplification,3dssd+yolov3,11.422136673081052,yolov3,0.8253904700000003,1.1142213667308105
6.829453,3.0549760999999958,3.0549760999999958,clear,6.419862,2.55134392,2.55134392,r50,0.4095909999999998,gpu_kernel_active_ms,on,observed_amplification,3dssd+yolov3,19.73987811098379,yolov3,0.5036321799999959,1.1973987811098379
468.0,0.0,0.0,clear,468.0,0.0,0.0,r50,0.0,kernel_count,on,not_defined_zero_clear_width,3dssd+yolov3,,yolov3,0.0,
10.3047765,7.839565049999997,7.839565049999997,clear,9.724055,7.096782920000001,7.096782920000001,r50,0.5807214999999992,kernel_span_ms,on,observed_amplification,3dssd+yolov3,10.466462598238756,yolov3,0.7427821299999966,1.1046646259823876
1.155338,4.396264449999999,4.396264449999999,clear,0.802456,4.10313504,4.10313504,r50,0.35288200000000003,waiting_ms,on,observed_amplification,3dssd+yolov3,7.144035161952655,yolov3,0.2931294099999997,1.0714403516195266
10.884283,7.584923120000001,7.584923120000001,clear,10.338475,7.226235279999999,7.226235279999999,r7p5,0.5458079999999992,inference_e2e_ms,on,observed_amplification,3dssd+yolov3,4.963688921017284,yolov3,0.35868784000000176,1.0496368892101728
6.465437,2.7207152399999996,2.7207152399999996,clear,6.419862,2.55134392,2.55134392,r7p5,0.04557499999999948,gpu_kernel_active_ms,on,observed_amplification,3dssd+yolov3,6.6385138699764035,yolov3,0.16937131999999977,1.066385138699764
468.0,0.0,0.0,clear,468.0,0.0,0.0,r7p5,0.0,kernel_count,on,not_defined_zero_clear_width,3dssd+yolov3,,yolov3,0.0,
10.280457,7.46658564,7.46658564,clear,9.724055,7.096782920000001,7.096782920000001,r7p5,0.5564020000000003,kernel_span_ms,on,observed_amplification,3dssd+yolov3,5.21085010164013,yolov3,0.36980271999999914,1.0521085010164013
0.859103,4.81911704,4.81911704,clear,0.802456,4.10313504,4.10313504,r7p5,0.056647,waiting_ms,on,observed_amplification,3dssd+yolov3,17.449632854394203,yolov3,0.7159820000000003,1.174496328543942
195.03914650000002,107.51057444999998,107.51057444999998,clear,208.30632250000002,108.905045,108.905045,r15,-13.267176000000006,inference_e2e_ms,on,observed_damping,centerpoint+deeplabv3plus,-1.2804462364438884,centerpoint,-1.3944705500000225,0.9871955376355611
149.791415,58.81382176000001,58.81382176000001,clear,157.31681550000002,58.19776150000001,58.19776150000001,r15,-7.525400500000018,gpu_kernel_active_ms,on,observed_amplification,centerpoint+deeplabv3plus,1.0585634981854053,centerpoint,0.6160602599999976,1.010585634981854
1509.0,36.0,36.0,clear,1521.0,46.0,46.0,r15,-12.0,kernel_count,on,observed_damping,centerpoint+deeplabv3plus,-21.739130434782606,centerpoint,-10.0,0.782608695652174
193.645785,107.10896962000001,107.10896962000001,clear,207.162895,108.80628149999998,108.80628149999998,r15,-13.517110000000002,kernel_span_ms,on,observed_damping,centerpoint+deeplabv3plus,-1.559939239353536,centerpoint,-1.6973118799999725,0.9844006076064646
43.7316175,63.977681419999996,63.977681419999996,clear,50.013346999999996,64.21945975000001,64.21945975000001,r15,-6.281729499999997,waiting_ms,on,observed_damping,centerpoint+deeplabv3plus,-0.3764876424392827,centerpoint,-0.2417783300000167,0.9962351235756072
33157.0,647.6500000000015,647.6500000000015,clear,34720.0,256.0,256.0,r15,-1563.0,input_point_count,on,observed_amplification,centerpoint+deeplabv3plus,152.98828125000057,centerpoint,391.65000000000146,2.5298828125000057
17039.0,2885.130000000001,2885.130000000001,clear,17626.5,2752.5,2752.5,r15,-587.5,occupied_voxel_count,on,observed_amplification,centerpoint+deeplabv3plus,4.818528610354256,centerpoint,132.63000000000102,1.0481852861035426
201.129374,97.93968135999998,97.93968135999998,clear,208.30632250000002,108.905045,108.905045,r25,-7.176948500000009,inference_e2e_ms,on,observed_damping,centerpoint+deeplabv3plus,-10.068737990971876,centerpoint,-10.965363640000021,0.8993126200902812
151.66371,55.4764665,55.4764665,clear,157.31681550000002,58.19776150000001,58.19776150000001,r25,-5.653105500000009,gpu_kernel_active_ms,on,observed_damping,centerpoint+deeplabv3plus,-4.675944451918501,centerpoint,-2.721295000000012,0.953240555480815
1509.0,46.0,46.0,clear,1521.0,46.0,46.0,r25,-12.0,kernel_count,on,observed_unchanged,centerpoint+deeplabv3plus,0.0,centerpoint,0.0,1.0
199.975541,98.22134162,98.22134162,clear,207.162895,108.80628149999998,108.80628149999998,r25,-7.187353999999999,kernel_span_ms,on,observed_damping,centerpoint+deeplabv3plus,-9.728243382713142,centerpoint,-10.584939879999979,0.9027175661728686
47.939869,66.97130306000001,66.97130306000001,clear,50.013346999999996,64.21945975000001,64.21945975000001,r25,-2.0734779999999944,waiting_ms,on,observed_amplification,centerpoint+deeplabv3plus,4.285061445101923,centerpoint,2.751843309999998,1.0428506144510192
33096.0,682.0800000000017,682.0800000000017,clear,34720.0,256.0,256.0,r25,-1624.0,input_point_count,on,observed_amplification,centerpoint+deeplabv3plus,166.43750000000068,centerpoint,426.08000000000175,2.664375000000007
17153.0,2892.540000000001,2892.540000000001,clear,17626.5,2752.5,2752.5,r25,-473.5,occupied_voxel_count,on,observed_amplification,centerpoint+deeplabv3plus,5.087738419618559,centerpoint,140.04000000000087,1.0508773841961856
198.776445,105.94779485999993,105.94779485999993,clear,208.30632250000002,108.905045,108.905045,r50,-9.529877500000026,inference_e2e_ms,on,observed_damping,centerpoint+deeplabv3plus,-2.715439068961467,centerpoint,-2.9572501400000704,0.9728456093103853
149.8518215,56.483626469999976,56.483626469999976,clear,157.31681550000002,58.19776150000001,58.19776150000001,r50,-7.464994000000019,gpu_kernel_active_ms,on,observed_damping,centerpoint+deeplabv3plus,-2.9453624775585885,centerpoint,-1.7141350300000369,0.9705463752244141
1509.0,24.0,24.0,clear,1521.0,46.0,46.0,r50,-12.0,kernel_count,on,observed_damping,centerpoint+deeplabv3plus,-47.82608695652174,centerpoint,-22.0,0.5217391304347826
197.546641,105.99446843999993,105.99446843999993,clear,207.162895,108.80628149999998,108.80628149999998,r50,-9.616253999999998,kernel_span_ms,on,observed_damping,centerpoint+deeplabv3plus,-2.5842378043220315,centerpoint,-2.8118130600000484,0.9741576219567797
49.6126875,62.92311212999999,62.92311212999999,clear,50.013346999999996,64.21945975000001,64.21945975000001,r50,-0.40065949999999617,waiting_ms,on,observed_damping,centerpoint+deeplabv3plus,-2.018621185924907,centerpoint,-1.2963476200000201,0.9798137881407509
32840.5,794.3600000000006,794.3600000000006,clear,34720.0,256.0,256.0,r50,-1879.5,input_point_count,on,observed_amplification,centerpoint+deeplabv3plus,210.29687500000023,centerpoint,538.3600000000006,3.1029687500000023
17008.0,2953.91,2953.91,clear,17626.5,2752.5,2752.5,r50,-618.5,occupied_voxel_count,on,observed_amplification,centerpoint+deeplabv3plus,7.31734786557674,centerpoint,201.40999999999985,1.0731734786557674
199.441995,110.23759051999997,110.23759051999997,clear,208.30632250000002,108.905045,108.905045,r7p5,-8.86432750000003,inference_e2e_ms,on,observed_amplification,centerpoint+deeplabv3plus,1.2235847476119943,centerpoint,1.332545519999968,1.01223584747612
149.1495635,58.92448205999999,58.92448205999999,clear,157.31681550000002,58.19776150000001,58.19776150000001,r7p5,-8.167252000000019,gpu_kernel_active_ms,on,observed_amplification,centerpoint+deeplabv3plus,1.248708784099839,centerpoint,0.7267205599999755,1.0124870878409984
1509.0,36.0,36.0,clear,1521.0,46.0,46.0,r7p5,-12.0,kernel_count,on,observed_damping,centerpoint+deeplabv3plus,-21.739130434782606,centerpoint,-10.0,0.782608695652174
198.071734,110.23030699999998,110.23030699999998,clear,207.162895,108.80628149999998,108.80628149999998,r7p5,-9.091161,kernel_span_ms,on,observed_amplification,centerpoint+deeplabv3plus,1.3087714058126254,centerpoint,1.424025499999999,1.0130877140581263
51.144624,67.20694438000001,67.20694438000001,clear,50.013346999999996,64.21945975000001,64.21945975000001,r7p5,1.1312770000000043,waiting_ms,on,observed_amplification,centerpoint+deeplabv3plus,4.6519927785596105,centerpoint,2.9874846299999973,1.046519927785596
33186.0,640.0400000000009,640.0400000000009,clear,34720.0,256.0,256.0,r7p5,-1534.0,input_point_count,on,observed_amplification,centerpoint+deeplabv3plus,150.01562500000034,centerpoint,384.0400000000009,2.5001562500000034
17002.0,2939.869999999999,2939.869999999999,clear,17626.5,2752.5,2752.5,r7p5,-624.5,occupied_voxel_count,on,observed_amplification,centerpoint+deeplabv3plus,6.8072661217075,centerpoint,187.36999999999898,1.068072661217075
52.641344000000004,45.316987819999994,45.316987819999994,clear,49.682826,49.208495,49.208495,r15,2.958518000000005,inference_e2e_ms,on,observed_damping,centerpoint+deeplabv3plus,-7.908201988294916,deeplabv3plus,-3.891507180000005,0.9209179801170508
43.86263,19.23583799,19.23583799,clear,43.68218,20.826172919999998,20.826172919999998,r15,0.18045000000000044,gpu_kernel_active_ms,on,observed_damping,centerpoint+deeplabv3plus,-7.636232235797635,deeplabv3plus,-1.5903349299999974,0.9236376776420236
290.0,0.0,0.0,clear,290.0,0.0,0.0,r15,0.0,kernel_count,on,not_defined_zero_clear_width,centerpoint+deeplabv3plus,,deeplabv3plus,0.0,
46.7465735,45.162488759999995,45.162488759999995,clear,46.506354,49.104518199999994,49.104518199999994,r15,0.24021949999999492,kernel_span_ms,on,observed_damping,centerpoint+deeplabv3plus,-8.027834473284779,deeplabv3plus,-3.942029439999999,0.9197216552671522
0.040473499999999996,0.24457431000000013,0.24457431000000013,clear,0.042755,0.3507912799999999,0.3507912799999999,r15,-0.0022815000000000057,waiting_ms,on,observed_damping,centerpoint+deeplabv3plus,-30.27925038501522,deeplabv3plus,-0.1062169699999998,0.6972074961498478
51.139858,45.964214000000005,45.964214000000005,clear,49.682826,49.208495,49.208495,r25,1.457031999999998,inference_e2e_ms,on,observed_damping,centerpoint+deeplabv3plus,-6.592928720945423,deeplabv3plus,-3.2442809999999938,0.9340707127905458
43.956199,19.107825320000003,19.107825320000003,clear,43.68218,20.826172919999998,20.826172919999998,r25,0.27401899999999557,gpu_kernel_active_ms,on,observed_damping,centerpoint+deeplabv3plus,-8.250904314492724,deeplabv3plus,-1.7183475999999942,0.9174909568550728
290.0,0.0,0.0,clear,290.0,0.0,0.0,r25,0.0,kernel_count,on,not_defined_zero_clear_width,centerpoint+deeplabv3plus,,deeplabv3plus,0.0,
47.396921,45.984711159999996,45.984711159999996,clear,46.506354,49.104518199999994,49.104518199999994,r25,0.8905669999999972,kernel_span_ms,on,observed_damping,centerpoint+deeplabv3plus,-6.353401182541285,deeplabv3plus,-3.1198070399999978,0.9364659881745871
0.041694,0.16377215999999997,0.16377215999999997,clear,0.042755,0.3507912799999999,0.3507912799999999,r25,-0.0010609999999999994,waiting_ms,on,observed_damping,centerpoint+deeplabv3plus,-53.313503117865416,deeplabv3plus,-0.18701911999999996,0.46686496882134587
49.824706,45.324422039999995,45.324422039999995,clear,49.682826,49.208495,49.208495,r50,0.14188000000000045,inference_e2e_ms,on,observed_damping,centerpoint+deeplabv3plus,-7.893094393559497,deeplabv3plus,-3.8840729600000046,0.921069056064405
43.583902,20.71608656,20.71608656,clear,43.68218,20.826172919999998,20.826172919999998,r50,-0.09827800000000053,gpu_kernel_active_ms,on,observed_damping,centerpoint+deeplabv3plus,-0.5285962064315641,deeplabv3plus,-0.11008635999999683,0.9947140379356844
290.0,0.0,0.0,clear,290.0,0.0,0.0,r50,0.0,kernel_count,on,not_defined_zero_clear_width,centerpoint+deeplabv3plus,,deeplabv3plus,0.0,
46.814752,45.114162959999994,45.114162959999994,clear,46.506354,49.104518199999994,49.104518199999994,r50,0.30839799999999684,kernel_span_ms,on,observed_damping,centerpoint+deeplabv3plus,-8.126248635100142,deeplabv3plus,-3.9903552399999995,0.9187375136489986
0.043365,0.21279591999999997,0.21279591999999997,clear,0.042755,0.3507912799999999,0.3507912799999999,r50,0.0006099999999999994,waiting_ms,on,observed_damping,centerpoint+deeplabv3plus,-39.3383096637978,deeplabv3plus,-0.13799535999999996,0.606616903362022
51.42196250000001,45.47683357,45.47683357,clear,49.682826,49.208495,49.208495,r7p5,1.7391365000000079,inference_e2e_ms,on,observed_damping,centerpoint+deeplabv3plus,-7.583368339145514,deeplabv3plus,-3.7316614300000026,0.9241663166085449
43.7053345,19.27661354,19.27661354,clear,43.68218,20.826172919999998,20.826172919999998,r7p5,0.023154499999996858,gpu_kernel_active_ms,on,observed_damping,centerpoint+deeplabv3plus,-7.440442302828998,deeplabv3plus,-1.549559379999998,0.92559557697171
290.0,0.0,0.0,clear,290.0,0.0,0.0,r7p5,0.0,kernel_count,on,not_defined_zero_clear_width,centerpoint+deeplabv3plus,,deeplabv3plus,0.0,
47.787668,45.35117405000001,45.35117405000001,clear,46.506354,49.104518199999994,49.104518199999994,r7p5,1.2813139999999947,kernel_span_ms,on,observed_damping,centerpoint+deeplabv3plus,-7.643582072657384,deeplabv3plus,-3.7533441499999824,0.9235641792734262
0.0413645,0.2578590000000003,0.2578590000000003,clear,0.042755,0.3507912799999999,0.3507912799999999,r7p5,-0.0013905000000000028,waiting_ms,on,observed_damping,centerpoint+deeplabv3plus,-26.492186464840195,deeplabv3plus,-0.09293227999999965,0.735078135351598
162.134494,51.24384119999999,51.24384119999999,clear,169.86771,53.758135899999985,53.758135899999985,r15,-7.733215999999999,inference_e2e_ms,on,observed_damping,centerpoint+detr,-4.677049637057806,centerpoint,-2.5142946999999936,0.9532295036294219
134.323182,42.06821920000003,42.06821920000003,clear,143.72369,41.909465100000006,41.909465100000006,r15,-9.400508000000002,gpu_kernel_active_ms,on,observed_amplification,centerpoint+detr,0.3788024963363723,centerpoint,0.15875410000002432,1.0037880249633637
1509.0,36.0,36.0,clear,1521.0,46.0,46.0,r15,-12.0,kernel_count,on,observed_damping,centerpoint+detr,-21.739130434782606,centerpoint,-10.0,0.782608695652174
160.978092,51.17446240000001,51.17446240000001,clear,168.574023,53.609566599999994,53.609566599999994,r15,-7.595931000000007,kernel_span_ms,on,observed_damping,centerpoint+detr,-4.542294135987257,centerpoint,-2.4351041999999836,0.9545770586401274
29.12262,27.30673180000003,27.30673180000003,clear,29.043482,24.137259300000004,24.137259300000004,r15,0.07913800000000037,waiting_ms,on,observed_amplification,centerpoint+detr,13.131037209348895,centerpoint,3.169472500000026,1.131310372093489
33158.0,648.0,648.0,clear,34720.0,128.0,128.0,r15,-1562.0,input_point_count,on,observed_amplification,centerpoint+detr,406.25,centerpoint,520.0,5.0625
17039.0,2896.4000000000015,2896.4000000000015,clear,17630.0,2795.4000000000015,2795.4000000000015,r15,-591.0,occupied_voxel_count,on,observed_amplification,centerpoint+detr,3.6130786291765027,centerpoint,101.0,1.036130786291765
163.4907495,52.84312843000001,52.84312843000001,clear,169.86771,53.758135899999985,53.758135899999985,r25,-6.376960499999996,inference_e2e_ms,on,observed_damping,centerpoint+detr,-1.7020818424620554,centerpoint,-0.9150074699999777,0.9829791815753794
135.9320695,42.44355653000002,42.44355653000002,clear,143.72369,41.909465100000006,41.909465100000006,r25,-7.791620499999993,gpu_kernel_active_ms,on,observed_amplification,centerpoint+detr,1.2743933350750858,centerpoint,0.5340914300000179,1.0127439333507509
1509.0,36.0,36.0,clear,1521.0,46.0,46.0,r25,-12.0,kernel_count,on,observed_damping,centerpoint+detr,-21.739130434782606,centerpoint,-10.0,0.782608695652174
162.4250855,52.77850712999998,52.77850712999998,clear,168.574023,53.609566599999994,53.609566599999994,r25,-6.148937500000017,kernel_span_ms,on,observed_damping,centerpoint+detr,-1.5502074027213153,centerpoint,-0.8310594700000138,0.9844979259727868
29.2916965,23.093001119999993,23.093001119999993,clear,29.043482,24.137259300000004,24.137259300000004,r25,0.24821449999999956,waiting_ms,on,observed_damping,centerpoint+detr,-4.3263328575171345,centerpoint,-1.0442581800000106,0.9567366714248287
33094.0,679.0999999999985,679.0999999999985,clear,34720.0,128.0,128.0,r25,-1626.0,input_point_count,on,observed_amplification,centerpoint+detr,430.54687499999886,centerpoint,551.0999999999985,5.305468749999989
17077.5,2891.4300000000003,2891.4300000000003,clear,17630.0,2795.4000000000015,2795.4000000000015,r25,-552.5,occupied_voxel_count,on,observed_amplification,centerpoint+detr,3.4352865421763967,centerpoint,96.02999999999884,1.034352865421764
159.305177,47.52755579999999,47.52755579999999,clear,169.86771,53.758135899999985,53.758135899999985,r50,-10.562533000000002,inference_e2e_ms,on,observed_damping,centerpoint+detr,-11.59002259972336,centerpoint,-6.230580099999997,0.8840997740027664
133.044207,40.05111456,40.05111456,clear,143.72369,41.909465100000006,41.909465100000006,r50,-10.679483000000005,gpu_kernel_active_ms,on,observed_damping,centerpoint+detr,-4.434202478045957,centerpoint,-1.8583505400000035,0.9556579752195404
1509.0,24.0,24.0,clear,1521.0,46.0,46.0,r50,-12.0,kernel_count,on,observed_damping,centerpoint+detr,-47.82608695652174,centerpoint,-22.0,0.5217391304347826
158.072748,47.386330439999966,47.386330439999966,clear,168.574023,53.609566599999994,53.609566599999994,r50,-10.501275000000021,kernel_span_ms,on,observed_damping,centerpoint+detr,-11.608443333321084,centerpoint,-6.223236160000027,0.8839155666667892
27.514946,24.393999079999993,24.393999079999993,clear,29.043482,24.137259300000004,24.137259300000004,r50,-1.5285360000000026,waiting_ms,on,observed_amplification,centerpoint+detr,1.063665832184979,centerpoint,0.25673977999998954,1.0106366583218498
32840.0,799.0800000000017,799.0800000000017,clear,34720.0,128.0,128.0,r50,-1880.0,input_point_count,on,observed_amplification,centerpoint+detr,524.2812500000014,centerpoint,671.0800000000017,6.242812500000014
17057.0,2938.5600000000013,2938.5600000000013,clear,17630.0,2795.4000000000015,2795.4000000000015,r50,-573.0,occupied_voxel_count,on,observed_amplification,centerpoint+detr,5.121270658939681,centerpoint,143.15999999999985,1.0512127065893968
160.4180585,49.61068260000002,49.61068260000002,clear,169.86771,53.758135899999985,53.758135899999985,r7p5,-9.449651499999987,inference_e2e_ms,on,observed_damping,centerpoint+detr,-7.715024396893133,centerpoint,-4.147453299999967,0.9228497560310687
133.525248,39.3678697,39.3678697,clear,143.72369,41.909465100000006,41.909465100000006,r7p5,-10.198442,gpu_kernel_active_ms,on,observed_damping,centerpoint+detr,-6.064490190785099,centerpoint,-2.5415954000000056,0.939355098092149
1509.0,36.0,36.0,clear,1521.0,46.0,46.0,r7p5,-12.0,kernel_count,on,observed_damping,centerpoint+detr,-21.739130434782606,centerpoint,-10.0,0.782608695652174
159.30789449999997,49.65132497000002,49.65132497000002,clear,168.574023,53.609566599999994,53.609566599999994,r7p5,-9.266128500000036,kernel_span_ms,on,observed_damping,centerpoint+detr,-7.38346135034782,centerpoint,-3.958241629999975,0.9261653864965218
28.2495915,25.16232057000003,25.16232057000003,clear,29.043482,24.137259300000004,24.137259300000004,r7p5,-0.7938904999999998,waiting_ms,on,observed_amplification,centerpoint+detr,4.2468005884994,centerpoint,1.0250612700000268,1.042468005884994
33179.0,647.239999999998,647.239999999998,clear,34720.0,128.0,128.0,r7p5,-1541.0,input_point_count,on,observed_amplification,centerpoint+detr,405.6562499999984,centerpoint,519.239999999998,5.056562499999984
17134.5,2962.0,2962.0,clear,17630.0,2795.4000000000015,2795.4000000000015,r7p5,-495.5,occupied_voxel_count,on,observed_amplification,centerpoint+detr,5.959791085354449,centerpoint,166.59999999999854,1.0595979108535445
30.866775,44.651939399999996,44.651939399999996,clear,32.546961,49.91522612,49.91522612,r15,-1.6801860000000026,inference_e2e_ms,on,observed_damping,centerpoint+detr,-10.544451321019089,detr,-5.2632867200000035,0.8945554867898091
25.136775,17.189883719999997,17.189883719999997,clear,25.77614,16.07210852,16.07210852,r15,-0.6393650000000015,gpu_kernel_active_ms,on,observed_amplification,centerpoint+detr,6.954751447882823,detr,1.117775199999997,1.0695475144788282
661.0,0.0,0.0,clear,661.0,0.0,0.0,r15,0.0,kernel_count,on,not_defined_zero_clear_width,centerpoint+detr,,detr,0.0,
28.122729,44.416671120000004,44.416671120000004,clear,28.456525,49.56862964,49.56862964,r15,-0.33379599999999954,kernel_span_ms,on,observed_damping,centerpoint+detr,-10.393586745118654,detr,-5.151958519999994,0.8960641325488135
15.059534,50.3546194,50.3546194,clear,17.047669,57.529737680000004,57.529737680000004,r15,-1.9881349999999998,waiting_ms,on,observed_damping,centerpoint+detr,-12.472016333379543,detr,-7.175118280000007,0.8752798366662046
29.921965,47.59873891999999,47.59873891999999,clear,32.546961,49.91522612,49.91522612,r25,-2.624996000000003,inference_e2e_ms,on,observed_damping,centerpoint+detr,-4.640842845088988,detr,-2.3164872000000116,0.9535915715491101
25.096114,17.96713416,17.96713416,clear,25.77614,16.07210852,16.07210852,r25,-0.6800260000000016,gpu_kernel_active_ms,on,observed_amplification,centerpoint+detr,11.790771805963395,detr,1.89502564,1.117907718059634
661.0,0.0,0.0,clear,661.0,0.0,0.0,r25,0.0,kernel_count,on,not_defined_zero_clear_width,centerpoint+detr,,detr,0.0,
28.075652,47.26959944000001,47.26959944000001,clear,28.456525,49.56862964,49.56862964,r25,-0.3808729999999976,kernel_span_ms,on,observed_damping,centerpoint+detr,-4.638074961315375,detr,-2.29903019999999,0.9536192503868463
14.122996,53.62475352,53.62475352,clear,17.047669,57.529737680000004,57.529737680000004,r25,-2.9246729999999985,waiting_ms,on,observed_damping,centerpoint+detr,-6.787766323081213,detr,-3.904984160000005,0.9321223367691879
27.753538,45.03720935999999,45.03720935999999,clear,32.546961,49.91522612,49.91522612,r50,-4.793423000000004,inference_e2e_ms,on,observed_damping,centerpoint+detr,-9.772602749054737,detr,-4.878016760000008,0.9022739725094526
23.860085,15.709708639999995,15.709708639999995,clear,25.77614,16.07210852,16.07210852,r50,-1.916055,gpu_kernel_active_ms,on,observed_damping,centerpoint+detr,-2.2548371892153307,detr,-0.3623998800000052,0.9774516281078467
661.0,0.0,0.0,clear,661.0,0.0,0.0,r50,0.0,kernel_count,on,not_defined_zero_clear_width,centerpoint+detr,,detr,0.0,
26.760023,44.48391380000001,44.48391380000001,clear,28.456525,49.56862964,49.56862964,r50,-1.6965019999999988,kernel_span_ms,on,observed_damping,centerpoint+detr,-10.257931028008116,detr,-5.084715839999987,0.8974206897199188
11.761616,51.499278319999995,51.499278319999995,clear,17.047669,57.529737680000004,57.529737680000004,r50,-5.286052999999999,waiting_ms,on,observed_damping,centerpoint+detr,-10.482334186092556,detr,-6.030459360000009,0.8951766581390744
29.4240915,45.8374001,45.8374001,clear,32.546961,49.91522612,49.91522612,r7p5,-3.1228695000000037,inference_e2e_ms,on,observed_damping,centerpoint+detr,-8.169503249763089,detr,-4.077826019999996,0.9183049675023691
24.666507000000003,16.839339400000004,16.839339400000004,clear,25.77614,16.07210852,16.07210852,r7p5,-1.1096329999999988,gpu_kernel_active_ms,on,observed_amplification,centerpoint+detr,4.773679066721503,detr,0.7672308800000032,1.047736790667215
661.0,0.0,0.0,clear,661.0,0.0,0.0,r7p5,0.0,kernel_count,on,not_defined_zero_clear_width,centerpoint+detr,,detr,0.0,
27.5423435,45.47421809,45.47421809,clear,28.456525,49.56862964,49.56862964,r7p5,-0.914181499999998,kernel_span_ms,on,observed_damping,centerpoint+detr,-8.260086227390806,detr,-4.094411549999997,0.9173991377260919
13.748771,52.352190140000005,52.352190140000005,clear,17.047669,57.529737680000004,57.529737680000004,r7p5,-3.2988979999999994,waiting_ms,on,observed_damping,centerpoint+detr,-8.999776026790318,detr,-5.177547539999999,0.9100022397320968
226.807404,136.12376953999998,136.12376953999998,clear,245.8935465,140.64156696999999,140.64156696999999,r15,-19.086142500000022,inference_e2e_ms,on,observed_damping,centerpoint+dino,-3.2122775132075176,centerpoint,-4.517797430000002,0.9678772248679248
167.740022,89.46680213999991,89.46680213999991,clear,182.37590749999998,96.42563775999997,96.42563775999997,r15,-14.635885499999972,gpu_kernel_active_ms,on,observed_damping,centerpoint+dino,-7.216789830646864,centerpoint,-6.958835620000059,0.9278321016935314
1509.0,36.0,36.0,clear,1521.0,36.0,36.0,r15,-12.0,kernel_count,on,observed_unchanged,centerpoint+dino,0.0,centerpoint,0.0,1.0
225.139547,135.98058048000001,135.98058048000001,clear,244.25403799999998,140.61521892,140.61521892,r15,-19.114490999999987,kernel_span_ms,on,observed_damping,centerpoint+dino,-3.295972139855463,centerpoint,-4.634638439999975,0.9670402786014454
66.13154,60.641496239999974,60.641496239999974,clear,69.516533,60.131078269999975,60.131078269999975,r15,-3.3849929999999944,waiting_ms,on,observed_amplification,centerpoint+dino,0.8488422038735566,centerpoint,0.5104179699999989,1.0084884220387356
33157.0,635.1800000000003,635.1800000000003,clear,34720.0,224.0,224.0,r15,-1563.0,input_point_count,on,observed_amplification,centerpoint+dino,183.5625000000001,centerpoint,411.1800000000003,2.835625000000001
17082.0,2859.66,2859.66,clear,17716.5,2829.869999999999,2829.869999999999,r15,-634.5,occupied_voxel_count,on,observed_amplification,centerpoint+dino,1.0526985338549455,centerpoint,29.790000000000873,1.0105269853385495
227.090683,140.62046916,140.62046916,clear,245.8935465,140.64156696999999,140.64156696999999,r25,-18.8028635,inference_e2e_ms,on,observed_damping,centerpoint+dino,-0.015001119835711396,centerpoint,-0.02109780999998634,0.9998499888016429
168.018624,90.77876088,90.77876088,clear,182.37590749999998,96.42563775999997,96.42563775999997,r25,-14.357283499999994,gpu_kernel_active_ms,on,observed_damping,centerpoint+dino,-5.856198632623888,centerpoint,-5.646876879999979,0.9414380136737611
1509.0,36.0,36.0,clear,1521.0,36.0,36.0,r25,-12.0,kernel_count,on,observed_unchanged,centerpoint+dino,0.0,centerpoint,0.0,1.0
226.056658,140.47454432,140.47454432,clear,244.25403799999998,140.61521892,140.61521892,r25,-18.19737999999998,kernel_span_ms,on,observed_damping,centerpoint+dino,-0.10004222948301056,centerpoint,-0.14067459999998277,0.9989995777051699
67.85656,60.48997711999999,60.48997711999999,clear,69.516533,60.131078269999975,60.131078269999975,r25,-1.6599729999999937,waiting_ms,on,observed_amplification,centerpoint+dino,0.5968608252599372,centerpoint,0.358898850000017,1.0059686082525994
33091.0,675.4000000000015,675.4000000000015,clear,34720.0,224.0,224.0,r25,-1629.0,input_point_count,on,observed_amplification,centerpoint+dino,201.5178571428578,centerpoint,451.40000000000146,3.015178571428578
17153.0,2867.880000000001,2867.880000000001,clear,17716.5,2829.869999999999,2829.869999999999,r25,-563.5,occupied_voxel_count,on,observed_amplification,centerpoint+dino,1.3431712410818086,centerpoint,38.01000000000204,1.013431712410818
225.444937,135.91434437999996,135.91434437999996,clear,245.8935465,140.64156696999999,140.64156696999999,r50,-20.448609500000003,inference_e2e_ms,on,observed_damping,centerpoint+dino,-3.361184528759109,centerpoint,-4.727222590000025,0.9663881547124089
164.859968,89.50629931999987,89.50629931999987,clear,182.37590749999998,96.42563775999997,96.42563775999997,r50,-17.515939499999973,gpu_kernel_active_ms,on,observed_damping,centerpoint+dino,-7.175828545953822,centerpoint,-6.919338440000104,0.9282417145404618
1509.0,24.0,24.0,clear,1521.0,36.0,36.0,r50,-12.0,kernel_count,on,observed_damping,centerpoint+dino,-33.333333333333336,centerpoint,-12.0,0.6666666666666666
224.312494,135.93604408,135.93604408,clear,244.25403799999998,140.61521892,140.61521892,r50,-19.941543999999993,kernel_span_ms,on,observed_damping,centerpoint+dino,-3.327644671706631,centerpoint,-4.679174840000002,0.9667235532829337
66.296566,59.13233541999999,59.13233541999999,clear,69.516533,60.131078269999975,60.131078269999975,r50,-3.219966999999997,waiting_ms,on,observed_damping,centerpoint+dino,-1.6609428580599217,centerpoint,-0.9987428499999851,0.9833905714194008
32839.0,812.5199999999968,812.5199999999968,clear,34720.0,224.0,224.0,r50,-1881.0,input_point_count,on,observed_amplification,centerpoint+dino,262.7321428571414,centerpoint,588.5199999999968,3.627321428571414
17094.0,2928.720000000001,2928.720000000001,clear,17716.5,2829.869999999999,2829.869999999999,r50,-622.5,occupied_voxel_count,on,observed_amplification,centerpoint+dino,3.4930933223081606,centerpoint,98.85000000000218,1.0349309332230816
230.13842449999999,139.06794440000002,139.06794440000002,clear,245.8935465,140.64156696999999,140.64156696999999,r7p5,-15.755122000000028,inference_e2e_ms,on,observed_damping,centerpoint+dino,-1.1188886784343377,centerpoint,-1.5736225699999693,0.9888111132156566
171.793288,91.06160229999996,91.06160229999996,clear,182.37590749999998,96.42563775999997,96.42563775999997,r7p5,-10.582619499999993,gpu_kernel_active_ms,on,observed_damping,centerpoint+dino,-5.562872680552977,centerpoint,-5.364035460000011,0.9443712731944702
1509.0,36.0,36.0,clear,1521.0,36.0,36.0,r7p5,-12.0,kernel_count,on,observed_unchanged,centerpoint+dino,0.0,centerpoint,0.0,1.0
229.0152155,139.09387785,139.09387785,clear,244.25403799999998,140.61521892,140.61521892,r7p5,-15.23882249999997,kernel_span_ms,on,observed_damping,centerpoint+dino,-1.0819177907517297,centerpoint,-1.521341069999977,0.9891808220924827
67.905654,60.3020284,60.3020284,clear,69.516533,60.131078269999975,60.131078269999975,r7p5,-1.610878999999997,waiting_ms,on,observed_amplification,centerpoint+dino,0.284295799972889,centerpoint,0.17095013000002268,1.002842957999729
33183.0,643.4000000000015,643.4000000000015,clear,34720.0,224.0,224.0,r7p5,-1537.0,input_point_count,on,observed_amplification,centerpoint+dino,187.23214285714351,centerpoint,419.40000000000146,2.872321428571435
17137.0,2921.649999999998,2921.649999999998,clear,17716.5,2829.869999999999,2829.869999999999,r7p5,-579.5,occupied_voxel_count,on,observed_amplification,centerpoint+dino,3.24325852424312,centerpoint,91.77999999999884,1.0324325852424312
90.142504,61.054322060000004,61.054322060000004,clear,90.870797,64.51761079999999,64.51761079999999,r15,-0.7282929999999936,inference_e2e_ms,on,observed_damping,centerpoint+dino,-5.3679742585879815,dino,-3.4632887399999817,0.9463202574141202
64.686922,20.096059980000007,20.096059980000007,clear,65.106162,19.25075945999999,19.25075945999999,r15,-0.41924000000000206,gpu_kernel_active_ms,on,observed_amplification,centerpoint+dino,4.390998296749893,dino,0.8453005200000163,1.043909982967499
1280.0,0.0,0.0,clear,1280.0,0.0,0.0,r15,0.0,kernel_count,on,not_defined_zero_clear_width,centerpoint+dino,,dino,0.0,
87.209374,60.29751086000002,60.29751086000002,clear,84.089717,63.81377549999999,63.81377549999999,r15,3.1196570000000037,kernel_span_ms,on,observed_damping,centerpoint+dino,-5.510196838298609,dino,-3.5162646399999744,0.9448980316170139
62.595093,66.03820791999999,66.03820791999999,clear,63.461086,72.59009663999998,72.59009663999998,r15,-0.8659930000000031,waiting_ms,on,observed_damping,centerpoint+dino,-9.025871328554825,dino,-6.551888719999994,0.9097412867144518
91.148499,60.95570737,60.95570737,clear,90.870797,64.51761079999999,64.51761079999999,r25,0.277702000000005,inference_e2e_ms,on,observed_damping,centerpoint+dino,-5.52082351753792,dino,-3.5619034299999868,0.9447917648246208
65.6656615,19.54421337,19.54421337,clear,65.106162,19.25075945999999,19.25075945999999,r25,0.5594995000000011,gpu_kernel_active_ms,on,observed_amplification,centerpoint+dino,1.5243757557189541,dino,0.29345391000001086,1.0152437575571895
1280.0,0.0,0.0,clear,1280.0,0.0,0.0,r25,0.0,kernel_count,on,not_defined_zero_clear_width,centerpoint+dino,,dino,0.0,
87.3338735,60.45395816,60.45395816,clear,84.089717,63.81377549999999,63.81377549999999,r25,3.2441565000000026,kernel_span_ms,on,observed_damping,centerpoint+dino,-5.265034569220861,dino,-3.359817339999992,0.9473496543077914
63.7429585,67.40543657999999,67.40543657999999,clear,63.461086,72.59009663999998,72.59009663999998,r25,0.28187249999999864,waiting_ms,on,observed_damping,centerpoint+dino,-7.142379332696813,dino,-5.184660059999999,0.9285762066730319
90.314422,60.549626599999996,60.549626599999996,clear,90.870797,64.51761079999999,64.51761079999999,r50,-0.5563750000000027,inference_e2e_ms,on,observed_damping,centerpoint+dino,-6.150234255109755,dino,-3.9679841999999894,0.9384976574489025
64.800931,18.859236399999986,18.859236399999986,clear,65.106162,19.25075945999999,19.25075945999999,r50,-0.30523099999999204,gpu_kernel_active_ms,on,observed_damping,centerpoint+dino,-2.0338057873172555,dino,-0.39152306000000436,0.9796619421268274
1280.0,0.0,0.0,clear,1280.0,0.0,0.0,r50,0.0,kernel_count,on,not_defined_zero_clear_width,centerpoint+dino,,dino,0.0,
87.491941,59.35244999999999,59.35244999999999,clear,84.089717,63.81377549999999,63.81377549999999,r50,3.402224000000004,kernel_span_ms,on,observed_damping,centerpoint+dino,-6.991163686906443,dino,-4.461325500000001,0.9300883631309356
62.975138,67.55552159999999,67.55552159999999,clear,63.461086,72.59009663999998,72.59009663999998,r50,-0.4859480000000005,waiting_ms,on,observed_damping,centerpoint+dino,-6.935622451321743,dino,-5.034575039999993,0.9306437754867826
91.384758,64.43443066,64.43443066,clear,90.870797,64.51761079999999,64.51761079999999,r7p5,0.513961000000009,inference_e2e_ms,on,observed_damping,centerpoint+dino,-0.12892625589908668,dino,-0.08318013999998186,0.9987107374410091
65.558364,19.61023244000001,19.61023244000001,clear,65.106162,19.25075945999999,19.25075945999999,r7p5,0.45220199999999977,gpu_kernel_active_ms,on,observed_amplification,centerpoint+dino,1.8673184335763482,dino,0.3594729800000209,1.0186731843357635
1280.0,0.0,0.0,clear,1280.0,0.0,0.0,r7p5,0.0,kernel_count,on,not_defined_zero_clear_width,centerpoint+dino,,dino,0.0,
88.029504,64.26282574000001,64.26282574000001,clear,84.089717,63.81377549999999,63.81377549999999,r7p5,3.9397870000000097,kernel_span_ms,on,observed_amplification,centerpoint+dino,0.7036885632946355,dino,0.4490502400000196,1.0070368856329464
63.868821,71.2047705,71.2047705,clear,63.461086,72.59009663999998,72.59009663999998,r7p5,0.4077349999999953,waiting_ms,on,observed_damping,centerpoint+dino,-1.908423055103936,dino,-1.3853261399999894,0.9809157694489606
178.452168,76.16837154000001,76.16837154000001,clear,184.4044,71.27079061999999,71.27079061999999,r15,-5.952232000000009,inference_e2e_ms,on,observed_amplification,centerpoint+faster-rcnn,6.871792605911775,centerpoint,4.897580920000024,1.0687179260591178
141.456604,52.281784959999996,52.281784959999996,clear,149.515503,47.7278737,47.7278737,r15,-8.058898999999997,gpu_kernel_active_ms,on,observed_amplification,centerpoint+faster-rcnn,9.541408210690916,centerpoint,4.5539112599999925,1.0954140821069092
1509.0,36.0,36.0,clear,1521.0,36.0,36.0,r15,-12.0,kernel_count,on,observed_unchanged,centerpoint+faster-rcnn,0.0,centerpoint,0.0,1.0
177.197683,76.10213004000002,76.10213004000002,clear,183.023556,71.14275229999998,71.14275229999998,r15,-5.825873000000001,kernel_span_ms,on,observed_amplification,centerpoint+faster-rcnn,6.971023160710699,centerpoint,4.959377740000036,1.069710231607107
39.659271,40.013482759999974,40.013482759999974,clear,40.010651,41.825446,41.825446,r15,-0.351380000000006,waiting_ms,on,observed_damping,centerpoint+faster-rcnn,-4.332203032575011,centerpoint,-1.8119632400000256,0.9566779696742499
33158.0,660.0,660.0,clear,34720.0,128.0,128.0,r15,-1562.0,input_point_count,on,observed_amplification,centerpoint+faster-rcnn,415.625,centerpoint,532.0,5.15625
17082.0,2885.9000000000015,2885.9000000000015,clear,17677.0,2850.459999999999,2850.459999999999,r15,-595.0,occupied_voxel_count,on,observed_amplification,centerpoint+faster-rcnn,1.243308097640461,centerpoint,35.44000000000233,1.0124330809764046
177.97358,72.70458099999999,72.70458099999999,clear,184.4044,71.27079061999999,71.27079061999999,r25,-6.430820000000011,inference_e2e_ms,on,observed_amplification,centerpoint+faster-rcnn,2.0117503503569223,centerpoint,1.433790380000005,1.0201175035035692
140.510026,49.248830999999996,49.248830999999996,clear,149.515503,47.7278737,47.7278737,r25,-9.005476999999985,gpu_kernel_active_ms,on,observed_amplification,centerpoint+faster-rcnn,3.18672754952416,centerpoint,1.520957299999992,1.0318672754952416
1509.0,36.0,36.0,clear,1521.0,36.0,36.0,r25,-12.0,kernel_count,on,observed_unchanged,centerpoint+faster-rcnn,0.0,centerpoint,0.0,1.0
176.912695,72.982606,72.982606,clear,183.023556,71.14275229999998,71.14275229999998,r25,-6.110861,kernel_span_ms,on,observed_amplification,centerpoint+faster-rcnn,2.586143550142106,centerpoint,1.8398537000000204,1.025861435501421
42.864508,39.068424,39.068424,clear,40.010651,41.825446,41.825446,r25,2.853856999999998,waiting_ms,on,observed_damping,centerpoint+faster-rcnn,-6.591733654197018,centerpoint,-2.757021999999999,0.9340826634580298
33093.0,681.0,681.0,clear,34720.0,128.0,128.0,r25,-1627.0,input_point_count,on,observed_amplification,centerpoint+faster-rcnn,432.03125,centerpoint,553.0,5.3203125
17114.0,2886.0,2886.0,clear,17677.0,2850.459999999999,2850.459999999999,r25,-563.0,occupied_voxel_count,on,observed_amplification,centerpoint+faster-rcnn,1.24681630333352,centerpoint,35.54000000000087,1.0124681630333352
179.1022715,73.00114517,73.00114517,clear,184.4044,71.27079061999999,71.27079061999999,r50,-5.302128500000009,inference_e2e_ms,on,observed_amplification,centerpoint+faster-rcnn,2.4278593445467456,centerpoint,1.7303545500000155,1.0242785934454675
141.1509145,50.598777360000014,50.598777360000014,clear,149.515503,47.7278737,47.7278737,r50,-8.364588499999996,gpu_kernel_active_ms,on,observed_amplification,centerpoint+faster-rcnn,6.015150974555161,centerpoint,2.8709036600000104,1.0601515097455516
1509.0,24.0,24.0,clear,1521.0,36.0,36.0,r50,-12.0,kernel_count,on,observed_damping,centerpoint+faster-rcnn,-33.333333333333336,centerpoint,-12.0,0.6666666666666666
178.010876,72.97037093,72.97037093,clear,183.023556,71.14275229999998,71.14275229999998,r50,-5.012680000000017,kernel_span_ms,on,observed_amplification,centerpoint+faster-rcnn,2.5689456352393947,centerpoint,1.8276186300000177,1.025689456352394
42.302467500000006,40.39188505999998,40.39188505999998,clear,40.010651,41.825446,41.825446,r50,2.291816500000003,waiting_ms,on,observed_damping,centerpoint+faster-rcnn,-3.4274851247253157,centerpoint,-1.4335609400000209,0.9657251487527468
32836.0,784.7699999999968,784.7699999999968,clear,34720.0,128.0,128.0,r50,-1884.0,input_point_count,on,observed_amplification,centerpoint+faster-rcnn,513.1015624999975,centerpoint,656.7699999999968,6.131015624999975
17092.5,2972.0099999999984,2972.0099999999984,clear,17677.0,2850.459999999999,2850.459999999999,r50,-584.5,occupied_voxel_count,on,observed_amplification,centerpoint+faster-rcnn,4.264224019982721,centerpoint,121.54999999999927,1.0426422401998272
178.3114435,71.45155290999998,71.45155290999998,clear,184.4044,71.27079061999999,71.27079061999999,r7p5,-6.092956500000014,inference_e2e_ms,on,observed_amplification,centerpoint+faster-rcnn,0.25362745162147426,centerpoint,0.1807622899999899,1.0025362745162147
141.71267699999999,48.90065238999999,48.90065238999999,clear,149.515503,47.7278737,47.7278737,r7p5,-7.80282600000001,gpu_kernel_active_ms,on,observed_amplification,centerpoint+faster-rcnn,2.457219647729647,centerpoint,1.172778689999987,1.0245721964772965
1509.0,36.0,36.0,clear,1521.0,36.0,36.0,r7p5,-12.0,kernel_count,on,observed_unchanged,centerpoint+faster-rcnn,0.0,centerpoint,0.0,1.0
177.3273995,71.45722866,71.45722866,clear,183.023556,71.14275229999998,71.14275229999998,r7p5,-5.696156500000001,kernel_span_ms,on,observed_amplification,centerpoint+faster-rcnn,0.4420356956024163,centerpoint,0.31447636000001467,1.0044203569560242
41.386496,41.711540940000006,41.711540940000006,clear,40.010651,41.825446,41.825446,r7p5,1.3758449999999982,waiting_ms,on,observed_damping,centerpoint+faster-rcnn,-0.2723343583712068,centerpoint,-0.11390505999999334,0.9972766564162879
33187.0,649.9800000000032,649.9800000000032,clear,34720.0,128.0,128.0,r7p5,-1533.0,input_point_count,on,observed_amplification,centerpoint+faster-rcnn,407.7968750000025,centerpoint,521.9800000000032,5.077968750000025
17026.5,2931.5699999999997,2931.5699999999997,clear,17677.0,2850.459999999999,2850.459999999999,r7p5,-650.5,occupied_voxel_count,on,observed_amplification,centerpoint+faster-rcnn,2.845505637686574,centerpoint,81.11000000000058,1.0284550563768657
48.5099785,47.449377139999996,47.449377139999996,clear,51.568411,51.433404040000006,51.433404040000006,r15,-3.058432499999995,inference_e2e_ms,on,observed_damping,centerpoint+faster-rcnn,-7.745991101233773,faster-rcnn,-3.9840269000000106,0.9225400889876623
34.7245305,16.217844869999997,16.217844869999997,clear,34.681459,17.0760342,17.0760342,r15,0.04307150000000348,gpu_kernel_active_ms,on,observed_damping,centerpoint+faster-rcnn,-5.02569460770933,faster-rcnn,-0.8581893300000019,0.9497430539229067
568.0,0.0,0.0,clear,568.0,0.0,0.0,r15,0.0,kernel_count,on,not_defined_zero_clear_width,centerpoint+faster-rcnn,,faster-rcnn,0.0,
42.519009499999996,47.3090059,47.3090059,clear,41.582669,51.27000812000001,51.27000812000001,r15,0.9363404999999929,kernel_span_ms,on,observed_damping,centerpoint+faster-rcnn,-7.725768661337207,faster-rcnn,-3.9610022200000046,0.9227423133866279
36.7100095,49.763264379999995,49.763264379999995,clear,39.706872,54.472018399999996,54.472018399999996,r15,-2.996862499999999,waiting_ms,on,observed_damping,centerpoint+faster-rcnn,-8.64435385048996,faster-rcnn,-4.708754020000001,0.9135564614951004
1000.0,0.0,0.0,clear,1000.0,0.0,0.0,r15,0.0,proposal_count,on,not_defined_zero_clear_width,centerpoint+faster-rcnn,,faster-rcnn,0.0,
49.1331795,46.959282449999996,46.959282449999996,clear,51.568411,51.433404040000006,51.433404040000006,r25,-2.4352315000000004,inference_e2e_ms,on,observed_damping,centerpoint+faster-rcnn,-8.698863459475604,faster-rcnn,-4.47412159000001,0.913011365405244
35.134236,18.8422551,18.8422551,clear,34.681459,17.0760342,17.0760342,r25,0.45277700000000465,gpu_kernel_active_ms,on,observed_amplification,centerpoint+faster-rcnn,10.343273381356898,faster-rcnn,1.7662209000000004,1.103432733813569
568.0,0.0,0.0,clear,568.0,0.0,0.0,r25,0.0,kernel_count,on,not_defined_zero_clear_width,centerpoint+faster-rcnn,,faster-rcnn,0.0,
42.468472500000004,46.77213969999999,46.77213969999999,clear,41.582669,51.27000812000001,51.27000812000001,r25,0.8858035000000015,kernel_span_ms,on,observed_damping,centerpoint+faster-rcnn,-8.772903662259102,faster-rcnn,-4.497868420000017,0.912270963377409
37.306636499999996,49.47159229999999,49.47159229999999,clear,39.706872,54.472018399999996,54.472018399999996,r25,-2.400235500000001,waiting_ms,on,observed_damping,centerpoint+faster-rcnn,-9.179806893294785,faster-rcnn,-5.000426100000006,0.9082019310670522
1000.0,0.0,0.0,clear,1000.0,0.0,0.0,r25,0.0,proposal_count,on,not_defined_zero_clear_width,centerpoint+faster-rcnn,,faster-rcnn,0.0,
50.249165,48.63101884,48.63101884,clear,51.568411,51.433404040000006,51.433404040000006,r50,-1.3192459999999997,inference_e2e_ms,on,observed_damping,centerpoint+faster-rcnn,-5.448570345102133,faster-rcnn,-2.8023852000000034,0.9455142965489787
35.312018,16.699739679999997,16.699739679999997,clear,34.681459,17.0760342,17.0760342,r50,0.6305590000000052,gpu_kernel_active_ms,on,observed_damping,centerpoint+faster-rcnn,-2.203641170969317,faster-rcnn,-0.37629452000000185,0.9779635882903068
568.0,0.0,0.0,clear,568.0,0.0,0.0,r50,0.0,kernel_count,on,not_defined_zero_clear_width,centerpoint+faster-rcnn,,faster-rcnn,0.0,
43.096527,48.33698508,48.33698508,clear,41.582669,51.27000812000001,51.27000812000001,r50,1.513857999999999,kernel_span_ms,on,observed_damping,centerpoint+faster-rcnn,-5.720738395701286,faster-rcnn,-2.933023040000009,0.9427926160429871
38.407923,50.3380006,50.3380006,clear,39.706872,54.472018399999996,54.472018399999996,r50,-1.2989490000000004,waiting_ms,on,observed_damping,centerpoint+faster-rcnn,-7.589250263581193,faster-rcnn,-4.134017799999995,0.9241074973641881
1000.0,0.0,0.0,clear,1000.0,0.0,0.0,r50,0.0,proposal_count,on,not_defined_zero_clear_width,centerpoint+faster-rcnn,,faster-rcnn,0.0,
48.020168,48.02817257,48.02817257,clear,51.568411,51.433404040000006,51.433404040000006,r7p5,-3.5482429999999994,inference_e2e_ms,on,observed_damping,centerpoint+faster-rcnn,-6.620661287267204,faster-rcnn,-3.405231470000004,0.933793387127328
35.025346,18.925180750000003,18.925180750000003,clear,34.681459,17.0760342,17.0760342,r7p5,0.3438870000000023,gpu_kernel_active_ms,on,observed_amplification,centerpoint+faster-rcnn,10.828899311996022,faster-rcnn,1.849146550000004,1.1082889931199602
568.0,0.0,0.0,clear,568.0,0.0,0.0,r7p5,0.0,kernel_count,on,not_defined_zero_clear_width,centerpoint+faster-rcnn,,faster-rcnn,0.0,
42.240872,47.724368569999996,47.724368569999996,clear,41.582669,51.27000812000001,51.27000812000001,r7p5,0.6582030000000003,kernel_span_ms,on,observed_damping,centerpoint+faster-rcnn,-6.915621198462196,faster-rcnn,-3.5456395500000113,0.930843788015378
36.284747499999995,49.4494093,49.4494093,clear,39.706872,54.472018399999996,54.472018399999996,r7p5,-3.4221245000000025,waiting_ms,on,observed_damping,centerpoint+faster-rcnn,-9.220530554087192,faster-rcnn,-5.022609099999997,0.9077946944591281
1000.0,0.0,0.0,clear,1000.0,0.0,0.0,r7p5,0.0,proposal_count,on,not_defined_zero_clear_width,centerpoint+faster-rcnn,,faster-rcnn,0.0,
219.093647,113.94889863,113.94889863,clear,229.05648,112.21134239999998,112.21134239999998,r15,-9.96283299999999,inference_e2e_ms,on,observed_amplification,centerpoint+mask-rcnn,1.5484675549162885,centerpoint,1.737556230000024,1.0154846755491629
161.3613545,66.23205177999999,66.23205177999999,clear,168.349212,60.01448620000001,60.01448620000001,r15,-6.98785749999999,gpu_kernel_active_ms,on,observed_amplification,centerpoint+mask-rcnn,10.360107990060552,centerpoint,6.2175655799999845,1.1036010799006055
1509.0,36.0,36.0,clear,1521.0,36.0,36.0,r15,-12.0,kernel_count,on,observed_unchanged,centerpoint+mask-rcnn,0.0,centerpoint,0.0,1.0
217.8844535,114.03715126,114.03715126,clear,228.066933,111.66696879999998,111.66696879999998,r15,-10.1824795,kernel_span_ms,on,observed_amplification,centerpoint+mask-rcnn,2.122545713804702,centerpoint,2.3701824600000236,1.021225457138047
61.064874,57.529877840000005,57.529877840000005,clear,61.770973,58.926778800000015,58.926778800000015,r15,-0.7060989999999947,waiting_ms,on,observed_damping,centerpoint+mask-rcnn,-2.370570712410991,centerpoint,-1.3969009600000106,0.9762942928758901
33163.5,631.989999999998,631.989999999998,clear,34720.0,256.0,256.0,r15,-1556.5,input_point_count,on,observed_amplification,centerpoint+mask-rcnn,146.8710937499992,centerpoint,375.98999999999796,2.468710937499992
17028.5,2875.4799999999996,2875.4799999999996,clear,17630.0,2802.2000000000007,2802.2000000000007,r15,-601.5,occupied_voxel_count,on,observed_amplification,centerpoint+mask-rcnn,2.6150881450288654,centerpoint,73.27999999999884,1.0261508814502887
221.458302,112.37085717000002,112.37085717000002,clear,229.05648,112.21134239999998,112.21134239999998,r25,-7.59817799999999,inference_e2e_ms,on,observed_amplification,centerpoint+mask-rcnn,0.14215565609350111,centerpoint,0.15951477000004388,1.001421556560935
160.1299155,64.25039081999999,64.25039081999999,clear,168.349212,60.01448620000001,60.01448620000001,r25,-8.219296499999984,gpu_kernel_active_ms,on,observed_amplification,centerpoint+mask-rcnn,7.058136940277571,centerpoint,4.235904619999985,1.0705813694027757
1509.0,46.0,46.0,clear,1521.0,36.0,36.0,r25,-12.0,kernel_count,on,observed_amplification,centerpoint+mask-rcnn,27.777777777777768,centerpoint,10.0,1.2777777777777777
220.34511550000002,112.2455497,112.2455497,clear,228.066933,111.66696879999998,111.66696879999998,r25,-7.721817499999986,kernel_span_ms,on,observed_amplification,centerpoint+mask-rcnn,0.5181307473620889,centerpoint,0.5785809000000199,1.0051813074736209
61.129475,55.82285292000001,55.82285292000001,clear,61.770973,58.926778800000015,58.926778800000015,r25,-0.6414979999999986,waiting_ms,on,observed_damping,centerpoint+mask-rcnn,-5.267428397087281,centerpoint,-3.1039258800000056,0.9473257160291272
33093.0,667.3899999999994,667.3899999999994,clear,34720.0,256.0,256.0,r25,-1627.0,input_point_count,on,observed_amplification,centerpoint+mask-rcnn,160.69921874999977,centerpoint,411.3899999999994,2.6069921874999977
17050.0,2880.2700000000004,2880.2700000000004,clear,17630.0,2802.2000000000007,2802.2000000000007,r25,-580.0,occupied_voxel_count,on,observed_amplification,centerpoint+mask-rcnn,2.786025265862535,centerpoint,78.06999999999971,1.0278602526586254
220.8934035,109.92771542,109.92771542,clear,229.05648,112.21134239999998,112.21134239999998,r50,-8.163076499999988,inference_e2e_ms,on,observed_damping,centerpoint+mask-rcnn,-2.03511243262694,centerpoint,-2.2836269799999798,0.9796488756737306
160.892797,65.20474012,65.20474012,clear,168.349212,60.01448620000001,60.01448620000001,r50,-7.456414999999993,gpu_kernel_active_ms,on,observed_amplification,centerpoint+mask-rcnn,8.648335174783162,centerpoint,5.190253919999989,1.0864833517478316
1509.0,34.0,34.0,clear,1521.0,36.0,36.0,r50,-12.0,kernel_count,on,observed_damping,centerpoint+mask-rcnn,-5.555555555555558,centerpoint,-2.0,0.9444444444444444
219.3700695,109.97268476000002,109.97268476000002,clear,228.066933,111.66696879999998,111.66696879999998,r50,-8.696863500000006,kernel_span_ms,on,observed_damping,centerpoint+mask-rcnn,-1.5172651843308183,centerpoint,-1.6942840399999568,0.9848273481566918
60.5629305,56.491332050000004,56.491332050000004,clear,61.770973,58.926778800000015,58.926778800000015,r50,-1.2080424999999977,waiting_ms,on,observed_damping,centerpoint+mask-rcnn,-4.1330050608502145,centerpoint,-2.435446750000011,0.9586699493914979
32838.5,795.4800000000032,795.4800000000032,clear,34720.0,256.0,256.0,r50,-1881.5,input_point_count,on,observed_amplification,centerpoint+mask-rcnn,210.73437500000125,centerpoint,539.4800000000032,3.1073437500000125
17045.5,2904.8600000000006,2904.8600000000006,clear,17630.0,2802.2000000000007,2802.2000000000007,r50,-584.5,occupied_voxel_count,on,observed_amplification,centerpoint+mask-rcnn,3.6635500678038557,centerpoint,102.65999999999985,1.0366355006780386
214.961771,115.32822563999997,115.32822563999997,clear,229.05648,112.21134239999998,112.21134239999998,r7p5,-14.094708999999995,inference_e2e_ms,on,observed_amplification,centerpoint+mask-rcnn,2.7776900029314655,centerpoint,3.116883239999993,1.0277769000293147
158.457336,63.38499636,63.38499636,clear,168.349212,60.01448620000001,60.01448620000001,r7p5,-9.891875999999996,gpu_kernel_active_ms,on,observed_amplification,centerpoint+mask-rcnn,5.616160986145369,centerpoint,3.370510159999995,1.0561616098614537
1509.0,36.0,36.0,clear,1521.0,36.0,36.0,r7p5,-12.0,kernel_count,on,observed_unchanged,centerpoint+mask-rcnn,0.0,centerpoint,0.0,1.0
213.99398150000002,114.98101804999999,114.98101804999999,clear,228.066933,111.66696879999998,111.66696879999998,r7p5,-14.072951499999988,kernel_span_ms,on,observed_amplification,centerpoint+mask-rcnn,2.967797268622574,centerpoint,3.3140492500000107,1.0296779726862257
58.180625,52.70120377,52.70120377,clear,61.770973,58.926778800000015,58.926778800000015,r7p5,-3.5903479999999988,waiting_ms,on,observed_damping,centerpoint+mask-rcnn,-10.564933561241963,centerpoint,-6.225575030000016,0.8943506643875804
33187.5,653.4800000000032,653.4800000000032,clear,34720.0,256.0,256.0,r7p5,-1532.5,input_point_count,on,observed_amplification,centerpoint+mask-rcnn,155.26562500000125,centerpoint,397.4800000000032,2.5526562500000125
17079.5,2938.5800000000017,2938.5800000000017,clear,17630.0,2802.2000000000007,2802.2000000000007,r7p5,-550.5,occupied_voxel_count,on,observed_amplification,centerpoint+mask-rcnn,4.866890300478222,centerpoint,136.38000000000102,1.0486689030047822
70.096968,53.636387879999994,53.636387879999994,clear,70.365675,57.09089535999999,57.09089535999999,r15,-0.26870699999999204,inference_e2e_ms,on,observed_damping,centerpoint+mask-rcnn,-6.050890353386107,mask-rcnn,-3.4545074799999966,0.9394910964661389
49.445471,24.259129539999996,24.259129539999996,clear,49.622775,26.205006279999992,26.205006279999992,r15,-0.17730399999999946,gpu_kernel_active_ms,on,observed_damping,centerpoint+mask-rcnn,-7.42559158051076,mask-rcnn,-1.9458767399999957,0.9257440841948924
673.0,4.0,4.0,clear,673.0,4.0,4.0,r15,0.0,kernel_count,on,observed_unchanged,centerpoint+mask-rcnn,0.0,mask-rcnn,0.0,1.0
58.746118,53.45412851999999,53.45412851999999,clear,60.56567,56.86018021999999,56.86018021999999,r15,-1.8195519999999945,kernel_span_ms,on,observed_damping,centerpoint+mask-rcnn,-5.990223187512789,mask-rcnn,-3.406051699999999,0.9400977681248721
46.083577,52.731377339999995,52.731377339999995,clear,45.215608,60.929630419999995,60.929630419999995,r15,0.8679689999999951,waiting_ms,on,observed_damping,centerpoint+mask-rcnn,-13.455281155470367,mask-rcnn,-8.19825308,0.8654471884452963
1000.0,0.0,0.0,clear,1000.0,0.0,0.0,r15,0.0,proposal_count,on,not_defined_zero_clear_width,centerpoint+mask-rcnn,,mask-rcnn,0.0,
69.12976499999999,54.46546175999998,54.46546175999998,clear,70.365675,57.09089535999999,57.09089535999999,r25,-1.235910000000004,inference_e2e_ms,on,observed_damping,centerpoint+mask-rcnn,-4.598690532780614,mask-rcnn,-2.625433600000008,0.9540130946721939
49.3364525,24.403491749999972,24.403491749999972,clear,49.622775,26.205006279999992,26.205006279999992,r25,-0.28632249999999715,gpu_kernel_active_ms,on,observed_damping,centerpoint+mask-rcnn,-6.87469604376687,mask-rcnn,-1.80151453000002,0.9312530395623313
673.0,4.0,4.0,clear,673.0,4.0,4.0,r25,0.0,kernel_count,on,observed_unchanged,centerpoint+mask-rcnn,0.0,mask-rcnn,0.0,1.0
58.084217499999994,54.355895299999986,54.355895299999986,clear,60.56567,56.86018021999999,56.86018021999999,r25,-2.481452500000003,kernel_span_ms,on,observed_damping,centerpoint+mask-rcnn,-4.40428593492067,mask-rcnn,-2.5042849200000035,0.9559571406507933
44.677060499999996,50.352651359999996,50.352651359999996,clear,45.215608,60.929630419999995,60.929630419999995,r25,-0.5385475000000071,waiting_ms,on,observed_damping,centerpoint+mask-rcnn,-17.359335658350115,mask-rcnn,-10.57697906,0.8264066434164988
1000.0,0.0,0.0,clear,1000.0,0.0,0.0,r25,0.0,proposal_count,on,not_defined_zero_clear_width,centerpoint+mask-rcnn,,mask-rcnn,0.0,
69.25155,55.53903219999996,55.53903219999996,clear,70.365675,57.09089535999999,57.09089535999999,r50,-1.1141250000000014,inference_e2e_ms,on,observed_damping,centerpoint+mask-rcnn,-2.718232303442425,mask-rcnn,-1.5518631600000319,0.9728176769655758
49.126432,25.957001560000002,25.957001560000002,clear,49.622775,26.205006279999992,26.205006279999992,r50,-0.496342999999996,gpu_kernel_active_ms,on,observed_damping,centerpoint+mask-rcnn,-0.9464020628351055,mask-rcnn,-0.2480047199999902,0.990535979371649
673.0,4.0,4.0,clear,673.0,4.0,4.0,r50,0.0,kernel_count,on,observed_unchanged,centerpoint+mask-rcnn,0.0,mask-rcnn,0.0,1.0
59.305521,55.82989605999996,55.82989605999996,clear,60.56567,56.86018021999999,56.86018021999999,r50,-1.2601489999999984,kernel_span_ms,on,observed_damping,centerpoint+mask-rcnn,-1.8119607711648444,mask-rcnn,-1.0302841600000292,0.9818803922883516
44.735022,52.948108499999975,52.948108499999975,clear,45.215608,60.929630419999995,60.929630419999995,r50,-0.4805860000000024,waiting_ms,on,observed_damping,centerpoint+mask-rcnn,-13.099573828007504,mask-rcnn,-7.98152192000002,0.869004261719925
1000.0,0.0,0.0,clear,1000.0,0.0,0.0,r50,0.0,proposal_count,on,not_defined_zero_clear_width,centerpoint+mask-rcnn,,mask-rcnn,0.0,
68.2437985,54.52071049999999,54.52071049999999,clear,70.365675,57.09089535999999,57.09089535999999,r7p5,-2.121876499999999,inference_e2e_ms,on,observed_damping,centerpoint+mask-rcnn,-4.501917238805064,mask-rcnn,-2.5701848599999977,0.9549808276119494
48.9645575,22.815705349999995,22.815705349999995,clear,49.622775,26.205006279999992,26.205006279999992,r7p5,-0.6582174999999992,gpu_kernel_active_ms,on,observed_damping,centerpoint+mask-rcnn,-12.933791710581488,mask-rcnn,-3.3893009299999974,0.8706620828941851
673.0,4.0,4.0,clear,673.0,4.0,4.0,r7p5,0.0,kernel_count,on,observed_unchanged,centerpoint+mask-rcnn,0.0,mask-rcnn,0.0,1.0
57.4356415,54.24042279999999,54.24042279999999,clear,60.56567,56.86018021999999,56.86018021999999,r7p5,-3.1300284999999946,kernel_span_ms,on,observed_damping,centerpoint+mask-rcnn,-4.607367422797104,mask-rcnn,-2.619757419999999,0.953926325772029
43.647875,50.8220105,50.8220105,clear,45.215608,60.929630419999995,60.929630419999995,r7p5,-1.567733000000004,waiting_ms,on,observed_damping,centerpoint+mask-rcnn,-16.589005792955202,mask-rcnn,-10.107619919999998,0.834109942070448
1000.0,0.0,0.0,clear,1000.0,0.0,0.0,r7p5,0.0,proposal_count,on,not_defined_zero_clear_width,centerpoint+mask-rcnn,,mask-rcnn,0.0,
172.98299400000002,76.76505554999997,76.76505554999997,clear,183.8031105,70.22529079999998,70.22529079999998,r15,-10.820116499999983,inference_e2e_ms,on,observed_amplification,centerpoint+vit-upernet,9.31254919061153,centerpoint,6.539764749999989,1.0931254919061153
137.104903,45.8827507,45.8827507,clear,148.8856715,47.131628650000025,47.131628650000025,r15,-11.780768499999994,gpu_kernel_active_ms,on,observed_damping,centerpoint+vit-upernet,-2.64976616716176,centerpoint,-1.248877950000022,0.9735023383283824
1509.0,36.0,36.0,clear,1521.0,36.0,36.0,r15,-12.0,kernel_count,on,observed_unchanged,centerpoint+vit-upernet,0.0,centerpoint,0.0,1.0
171.90567950000002,76.60205804999995,76.60205804999995,clear,182.36668550000002,69.87529365,69.87529365,r15,-10.461005999999998,kernel_span_ms,on,observed_amplification,centerpoint+vit-upernet,9.626813782985732,centerpoint,6.726764399999951,1.0962681378298573
35.882177,44.55730564999999,44.55730564999999,clear,39.5966995,40.94462905000003,40.94462905000003,r15,-3.714522500000001,waiting_ms,on,observed_amplification,centerpoint+vit-upernet,8.823322335118222,centerpoint,3.6126765999999577,1.0882332233511822
33157.0,650.6500000000015,650.6500000000015,clear,34720.0,256.0,256.0,r15,-1563.0,input_point_count,on,observed_amplification,centerpoint+vit-upernet,154.16015625000057,centerpoint,394.65000000000146,2.5416015625000057
17060.5,2885.75,2885.75,clear,17748.0,2812.850000000002,2812.850000000002,r15,-687.5,occupied_voxel_count,on,observed_amplification,centerpoint+vit-upernet,2.5916774801357345,centerpoint,72.89999999999782,1.0259167748013573
177.77730350000002,74.95585011,74.95585011,clear,183.8031105,70.22529079999998,70.22529079999998,r25,-6.025806999999986,inference_e2e_ms,on,observed_amplification,centerpoint+vit-upernet,6.736261617588091,centerpoint,4.730559310000018,1.067362616175881
139.973464,48.62146179999998,48.62146179999998,clear,148.8856715,47.131628650000025,47.131628650000025,r25,-8.912207499999994,gpu_kernel_active_ms,on,observed_amplification,centerpoint+vit-upernet,3.1610050250193256,centerpoint,1.4898331499999529,1.0316100502501933
1509.0,36.0,36.0,clear,1521.0,36.0,36.0,r25,-12.0,kernel_count,on,observed_unchanged,centerpoint+vit-upernet,0.0,centerpoint,0.0,1.0
176.499599,74.88005042,74.88005042,clear,182.36668550000002,69.87529365,69.87529365,r25,-5.867086500000028,kernel_span_ms,on,observed_amplification,centerpoint+vit-upernet,7.162412504580584,centerpoint,5.00475677,1.0716241250458058
41.437276,41.25431666,41.25431666,clear,39.5966995,40.94462905000003,40.94462905000003,r25,1.8405764999999974,waiting_ms,on,observed_amplification,centerpoint+vit-upernet,0.7563571027149552,centerpoint,0.309687609999969,1.0075635710271496
33090.0,671.0,671.0,clear,34720.0,256.0,256.0,r25,-1630.0,input_point_count,on,observed_amplification,centerpoint+vit-upernet,162.109375,centerpoint,415.0,2.62109375
17059.0,2886.8499999999985,2886.8499999999985,clear,17748.0,2812.850000000002,2812.850000000002,r25,-689.0,occupied_voxel_count,on,observed_amplification,centerpoint+vit-upernet,2.6307837246918986,centerpoint,73.99999999999636,1.026307837246919
176.641075,71.46603333000002,71.46603333000002,clear,183.8031105,70.22529079999998,70.22529079999998,r50,-7.162035500000002,inference_e2e_ms,on,observed_amplification,centerpoint+vit-upernet,1.76680297919114,centerpoint,1.240742530000034,1.0176680297919114
139.7576995,46.50939756000001,46.50939756000001,clear,148.8856715,47.131628650000025,47.131628650000025,r50,-9.127972,gpu_kernel_active_ms,on,observed_damping,centerpoint+vit-upernet,-1.320198575399778,centerpoint,-0.6222310900000139,0.9867980142460022
1509.0,24.0,24.0,clear,1521.0,36.0,36.0,r50,-12.0,kernel_count,on,observed_damping,centerpoint+vit-upernet,-33.333333333333336,centerpoint,-12.0,0.6666666666666666
175.27763149999998,71.44189548,71.44189548,clear,182.36668550000002,69.87529365,69.87529365,r50,-7.089054000000033,kernel_span_ms,on,observed_amplification,centerpoint+vit-upernet,2.2419967747784764,centerpoint,1.5666018299999962,1.0224199677477848
40.7079755,42.11814496,42.11814496,clear,39.5966995,40.94462905000003,40.94462905000003,r50,1.1112760000000037,waiting_ms,on,observed_amplification,centerpoint+vit-upernet,2.8661046325927586,centerpoint,1.1735159099999706,1.0286610463259276
32839.0,809.7699999999968,809.7699999999968,clear,34720.0,256.0,256.0,r50,-1881.0,input_point_count,on,observed_amplification,centerpoint+vit-upernet,216.31640624999875,centerpoint,553.7699999999968,3.1631640624999875
17037.5,2911.9799999999996,2911.9799999999996,clear,17748.0,2812.850000000002,2812.850000000002,r50,-710.5,occupied_voxel_count,on,observed_amplification,centerpoint+vit-upernet,3.524183657144797,centerpoint,99.12999999999738,1.035241836571448
175.771379,70.71254504000001,70.71254504000001,clear,183.8031105,70.22529079999998,70.22529079999998,r7p5,-8.031731500000006,inference_e2e_ms,on,observed_amplification,centerpoint+vit-upernet,0.6938443891784107,centerpoint,0.48725424000002704,1.006938443891784
139.210575,47.62665907999998,47.62665907999998,clear,148.8856715,47.131628650000025,47.131628650000025,r7p5,-9.675096499999995,gpu_kernel_active_ms,on,observed_amplification,centerpoint+vit-upernet,1.0503147126021517,centerpoint,0.4950304299999573,1.0105031471260215
1509.0,36.0,36.0,clear,1521.0,36.0,36.0,r7p5,-12.0,kernel_count,on,observed_unchanged,centerpoint+vit-upernet,0.0,centerpoint,0.0,1.0
174.676323,70.82140028,70.82140028,clear,182.36668550000002,69.87529365,69.87529365,r7p5,-7.69036250000002,kernel_span_ms,on,observed_amplification,centerpoint+vit-upernet,1.353993064757586,centerpoint,0.9461066300000027,1.0135399306475759
39.337858,41.467515399999996,41.467515399999996,clear,39.5966995,40.94462905000003,40.94462905000003,r7p5,-0.2588415000000026,waiting_ms,on,observed_amplification,centerpoint+vit-upernet,1.2770572407956982,centerpoint,0.5228863499999648,1.012770572407957
33187.0,647.1999999999971,647.1999999999971,clear,34720.0,256.0,256.0,r7p5,-1533.0,input_point_count,on,observed_amplification,centerpoint+vit-upernet,152.81249999999886,centerpoint,391.1999999999971,2.5281249999999886
17022.0,2901.4799999999996,2901.4799999999996,clear,17748.0,2812.850000000002,2812.850000000002,r7p5,-726.0,occupied_voxel_count,on,observed_amplification,centerpoint+vit-upernet,3.1508967772898355,centerpoint,88.62999999999738,1.0315089677728984
49.550927,46.65992756,46.65992756,clear,53.261283,49.71696955999999,49.71696955999999,r15,-3.7103559999999973,inference_e2e_ms,on,observed_damping,centerpoint+vit-upernet,-6.1488904634677155,vit-upernet,-3.0570419999999885,0.9385110953653228
38.916417,18.458458519999994,18.458458519999994,clear,38.553224,19.938570839999997,19.938570839999997,r15,0.36319300000000254,gpu_kernel_active_ms,on,observed_damping,centerpoint+vit-upernet,-7.423362145047319,vit-upernet,-1.4801123200000035,0.9257663785495268
328.0,0.0,0.0,clear,328.0,0.0,0.0,r15,0.0,kernel_count,on,not_defined_zero_clear_width,centerpoint+vit-upernet,,vit-upernet,0.0,
40.151668,46.509172080000006,46.509172080000006,clear,39.279339,49.778546,49.778546,r15,0.8723290000000006,kernel_span_ms,on,observed_damping,centerpoint+vit-upernet,-6.567837316903535,vit-upernet,-3.2693739199999925,0.9343216268309646
0.023304,0.15368535999999988,0.15368535999999988,clear,0.023621,0.25503744,0.25503744,r15,-0.0003170000000000013,waiting_ms,on,observed_damping,centerpoint+vit-upernet,-39.740078946840164,vit-upernet,-0.10135208000000012,0.6025992105315984
51.347511,47.314420680000005,47.314420680000005,clear,53.261283,49.71696955999999,49.71696955999999,r25,-1.9137720000000016,inference_e2e_ms,on,observed_damping,centerpoint+vit-upernet,-4.832452382481822,vit-upernet,-2.4025488799999835,0.9516754761751818
39.77149,20.319386799999997,20.319386799999997,clear,38.553224,19.938570839999997,19.938570839999997,r25,1.2182659999999998,gpu_kernel_active_ms,on,observed_amplification,centerpoint+vit-upernet,1.9099461192876532,vit-upernet,0.3808159599999996,1.0190994611928765
328.0,0.0,0.0,clear,328.0,0.0,0.0,r25,0.0,kernel_count,on,not_defined_zero_clear_width,centerpoint+vit-upernet,,vit-upernet,0.0,
40.937627,47.32832772,47.32832772,clear,39.279339,49.778546,49.778546,r25,1.6582879999999989,kernel_span_ms,on,observed_damping,centerpoint+vit-upernet,-4.9222375438607635,vit-upernet,-2.4502182800000014,0.9507776245613924
0.023131,0.33226479999999997,0.33226479999999997,clear,0.023621,0.25503744,0.25503744,r25,-0.0004900000000000009,waiting_ms,on,observed_amplification,centerpoint+vit-upernet,30.28079328274309,vit-upernet,0.07722735999999997,1.302807932827431
51.06169,47.268167440000006,47.268167440000006,clear,53.261283,49.71696955999999,49.71696955999999,r50,-2.199593,inference_e2e_ms,on,observed_damping,centerpoint+vit-upernet,-4.925485486489056,vit-upernet,-2.448802119999982,0.9507451451351094
39.630144,19.241745359999996,19.241745359999996,clear,38.553224,19.938570839999997,19.938570839999997,r50,1.0769200000000012,gpu_kernel_active_ms,on,observed_damping,centerpoint+vit-upernet,-3.4948617209918376,vit-upernet,-0.6968254800000011,0.9650513827900816
328.0,0.0,0.0,clear,328.0,0.0,0.0,r50,0.0,kernel_count,on,not_defined_zero_clear_width,centerpoint+vit-upernet,,vit-upernet,0.0,
40.574668,47.32556499999999,47.32556499999999,clear,39.279339,49.778546,49.778546,r50,1.2953290000000024,kernel_span_ms,on,observed_damping,centerpoint+vit-upernet,-4.927787565349961,vit-upernet,-2.4529810000000083,0.9507221243465004
0.023575,0.2186399599999999,0.2186399599999999,clear,0.023621,0.25503744,0.25503744,r50,-4.60000000000009e-05,waiting_ms,on,observed_damping,centerpoint+vit-upernet,-14.271426187464908,vit-upernet,-0.03639748000000009,0.8572857381253509
51.115781999999996,45.70628296,45.70628296,clear,53.261283,49.71696955999999,49.71696955999999,r7p5,-2.145501000000003,inference_e2e_ms,on,observed_damping,centerpoint+vit-upernet,-8.067037543709832,vit-upernet,-4.0106865999999854,0.9193296245629017
39.459365,18.609516040000003,18.609516040000003,clear,38.553224,19.938570839999997,19.938570839999997,r7p5,0.9061409999999981,gpu_kernel_active_ms,on,observed_damping,centerpoint+vit-upernet,-6.665747563680425,vit-upernet,-1.3290547999999944,0.9333425243631958
328.0,0.0,0.0,clear,328.0,0.0,0.0,r7p5,0.0,kernel_count,on,not_defined_zero_clear_width,centerpoint+vit-upernet,,vit-upernet,0.0,
40.4955675,45.714312650000004,45.714312650000004,clear,39.279339,49.778546,49.778546,r7p5,1.2162284999999997,kernel_span_ms,on,observed_damping,centerpoint+vit-upernet,-8.164628492764725,vit-upernet,-4.064233349999995,0.9183537150723527
0.0233855,0.19227796000000003,0.19227796000000003,clear,0.023621,0.25503744,0.25503744,r7p5,-0.0002354999999999996,waiting_ms,on,observed_damping,centerpoint+vit-upernet,-24.607947758572223,vit-upernet,-0.06275947999999998,0.7539205224142778
139.116388,19.231948249999988,19.231948249999988,clear,145.534027,20.636912019999983,20.636912019999983,r15,-6.417639000000008,inference_e2e_ms,on,observed_damping,centerpoint+yolov3,-6.808013566363003,centerpoint,-1.4049637699999948,0.93191986433637
118.43299350000001,17.862042149999994,17.862042149999994,clear,124.575526,18.022440059999965,18.022440059999965,r15,-6.142532499999987,gpu_kernel_active_ms,on,observed_damping,centerpoint+yolov3,-0.889989976196226,centerpoint,-0.16039790999997194,0.9911001002380377
1509.0,36.0,36.0,clear,1521.0,36.0,36.0,r15,-12.0,kernel_count,on,observed_unchanged,centerpoint+yolov3,0.0,centerpoint,0.0,1.0
138.009293,19.299866260000016,19.299866260000016,clear,144.337265,20.57078813999999,20.57078813999999,r15,-6.327971999999988,kernel_span_ms,on,observed_damping,centerpoint+yolov3,-6.178284815099822,centerpoint,-1.2709218799999746,0.9382171518490018
21.9950565,8.545145089999998,8.545145089999998,clear,21.845064,8.016433459999998,8.016433459999998,r15,0.14999249999999975,waiting_ms,on,observed_amplification,centerpoint+yolov3,6.59534732793754,centerpoint,0.5287116300000001,1.0659534732793754
33160.0,661.4700000000012,661.4700000000012,clear,34720.0,256.0,256.0,r15,-1560.0,input_point_count,on,observed_amplification,centerpoint+yolov3,158.38671875000045,centerpoint,405.47000000000116,2.5838671875000045
17167.0,2886.0,2886.0,clear,17677.0,2800.0600000000013,2800.0600000000013,r15,-510.0,occupied_voxel_count,on,observed_amplification,centerpoint+yolov3,3.0692199452868385,centerpoint,85.93999999999869,1.0306921994528684
139.743898,17.11267989000001,17.11267989000001,clear,145.534027,20.636912019999983,20.636912019999983,r25,-5.790129000000007,inference_e2e_ms,on,observed_damping,centerpoint+yolov3,-17.07732303449524,centerpoint,-3.524232129999973,0.8292267696550476
118.319193,16.446983490000008,16.446983490000008,clear,124.575526,18.022440059999965,18.022440059999965,r25,-6.256332999999998,gpu_kernel_active_ms,on,observed_damping,centerpoint+yolov3,-8.741638561454367,centerpoint,-1.5754565699999574,0.9125836143854563
1509.0,36.0,36.0,clear,1521.0,36.0,36.0,r25,-12.0,kernel_count,on,observed_unchanged,centerpoint+yolov3,0.0,centerpoint,0.0,1.0
138.47133250000002,17.16558587,17.16558587,clear,144.337265,20.57078813999999,20.57078813999999,r25,-5.865932499999985,kernel_span_ms,on,observed_damping,centerpoint+yolov3,-16.55358193777009,centerpoint,-3.4052022699999895,0.8344641806222991
21.9893335,12.592353959999999,12.592353959999999,clear,21.845064,8.016433459999998,8.016433459999998,r25,0.14426950000000005,waiting_ms,on,observed_amplification,centerpoint+yolov3,57.08174991824857,centerpoint,4.5759205000000005,1.5708174991824857
33087.0,674.0,674.0,clear,34720.0,256.0,256.0,r25,-1633.0,input_point_count,on,observed_amplification,centerpoint+yolov3,163.28125,centerpoint,418.0,2.6328125
17161.5,2864.959999999999,2864.959999999999,clear,17677.0,2800.0600000000013,2800.0600000000013,r25,-515.5,occupied_voxel_count,on,observed_amplification,centerpoint+yolov3,2.3178074755540123,centerpoint,64.89999999999782,1.0231780747555401
138.67873150000003,19.51656914,19.51656914,clear,145.534027,20.636912019999983,20.636912019999983,r50,-6.855295499999983,inference_e2e_ms,on,observed_damping,centerpoint+yolov3,-5.428830044505773,centerpoint,-1.1203428799999813,0.9457116995549423
117.7144665,19.667222870000003,19.667222870000003,clear,124.575526,18.022440059999965,18.022440059999965,r50,-6.861059499999996,gpu_kernel_active_ms,on,observed_amplification,centerpoint+yolov3,9.126304787388717,centerpoint,1.644782810000038,1.0912630478738872
1509.0,24.0,24.0,clear,1521.0,36.0,36.0,r50,-12.0,kernel_count,on,observed_damping,centerpoint+yolov3,-33.333333333333336,centerpoint,-12.0,0.6666666666666666
137.5535715,19.31922764000001,19.31922764000001,clear,144.337265,20.57078813999999,20.57078813999999,r50,-6.783693499999998,kernel_span_ms,on,observed_damping,centerpoint+yolov3,-6.08416406548039,centerpoint,-1.2515604999999823,0.9391583593451961
21.906016,10.27270378,10.27270378,clear,21.845064,8.016433459999998,8.016433459999998,r50,0.06095200000000034,waiting_ms,on,observed_amplification,centerpoint+yolov3,28.145562877284867,centerpoint,2.2562703200000023,1.2814556287728487
32838.0,796.760000000002,796.760000000002,clear,34720.0,256.0,256.0,r50,-1882.0,input_point_count,on,observed_amplification,centerpoint+yolov3,211.2343750000008,centerpoint,540.760000000002,3.112343750000008
17094.0,2947.279999999999,2947.279999999999,clear,17677.0,2800.0600000000013,2800.0600000000013,r50,-583.0,occupied_voxel_count,on,observed_amplification,centerpoint+yolov3,5.257744476903969,centerpoint,147.21999999999753,1.0525774447690397
139.419591,19.093053999999967,19.093053999999967,clear,145.534027,20.636912019999983,20.636912019999983,r7p5,-6.114436000000012,inference_e2e_ms,on,observed_damping,centerpoint+yolov3,-7.48105151828824,centerpoint,-1.543858020000016,0.9251894848171176
118.941893,17.03136751999999,17.03136751999999,clear,124.575526,18.022440059999965,18.022440059999965,r7p5,-5.633633000000003,gpu_kernel_active_ms,on,observed_damping,centerpoint+yolov3,-5.49910298883235,centerpoint,-0.9910725399999762,0.9450089701116765
1509.0,36.0,36.0,clear,1521.0,36.0,36.0,r7p5,-12.0,kernel_count,on,observed_unchanged,centerpoint+yolov3,0.0,centerpoint,0.0,1.0
138.370783,18.838271919999954,18.838271919999954,clear,144.337265,20.57078813999999,20.57078813999999,r7p5,-5.966482000000013,kernel_span_ms,on,observed_damping,centerpoint+yolov3,-8.422216048354269,centerpoint,-1.7325162200000364,0.9157778395164573
21.954747,7.2067443999999945,7.2067443999999945,clear,21.845064,8.016433459999998,8.016433459999998,r7p5,0.10968300000000042,waiting_ms,on,observed_damping,centerpoint+yolov3,-10.100365256446652,centerpoint,-0.8096890600000037,0.8989963474355335
33186.0,648.9599999999991,648.9599999999991,clear,34720.0,256.0,256.0,r7p5,-1534.0,input_point_count,on,observed_amplification,centerpoint+yolov3,153.49999999999966,centerpoint,392.9599999999991,2.5349999999999966
17137.0,2926.4000000000015,2926.4000000000015,clear,17677.0,2800.0600000000013,2800.0600000000013,r7p5,-540.0,occupied_voxel_count,on,observed_amplification,centerpoint+yolov3,4.51204617043921,centerpoint,126.34000000000015,1.045120461704392
12.745152,44.572296120000004,44.572296120000004,clear,12.37675,47.234117680000004,47.234117680000004,r15,0.3684019999999997,inference_e2e_ms,on,observed_damping,centerpoint+yolov3,-5.635379024190124,yolov3,-2.66182156,0.9436462097580988
6.836502,10.2688886,10.2688886,clear,6.855379,10.759706359999996,10.759706359999996,r15,-0.01887699999999981,gpu_kernel_active_ms,on,observed_damping,centerpoint+yolov3,-4.561627832378834,yolov3,-0.4908177599999952,0.9543837216762117
468.0,0.0,0.0,clear,468.0,0.0,0.0,r15,0.0,kernel_count,on,not_defined_zero_clear_width,centerpoint+yolov3,,yolov3,0.0,
12.096856,44.430309199999996,44.430309199999996,clear,11.686767,47.126669199999995,47.126669199999995,r15,0.41008900000000104,kernel_span_ms,on,observed_damping,centerpoint+yolov3,-5.721516172842533,yolov3,-2.6963599999999985,0.9427848382715747
2.794481,43.2125316,43.2125316,clear,2.230658,45.21191056,45.21191056,r15,0.5638230000000002,waiting_ms,on,observed_damping,centerpoint+yolov3,-4.422239483435808,yolov3,-1.9993789600000014,0.9557776051656419
13.80476,42.88776556,42.88776556,clear,12.37675,47.234117680000004,47.234117680000004,r25,1.4280100000000004,inference_e2e_ms,on,observed_damping,centerpoint+yolov3,-9.201721834724463,yolov3,-4.346352120000006,0.9079827816527554
6.957173,10.3052834,10.3052834,clear,6.855379,10.759706359999996,10.759706359999996,r25,0.10179399999999994,gpu_kernel_active_ms,on,observed_damping,centerpoint+yolov3,-4.223376965837522,yolov3,-0.45442295999999516,0.9577662303416248
468.0,0.0,0.0,clear,468.0,0.0,0.0,r25,0.0,kernel_count,on,not_defined_zero_clear_width,centerpoint+yolov3,,yolov3,0.0,
12.825066,42.908175119999996,42.908175119999996,clear,11.686767,47.126669199999995,47.126669199999995,r25,1.138299,kernel_span_ms,on,observed_damping,centerpoint+yolov3,-8.951394511029864,yolov3,-4.218494079999999,0.9104860548897014
2.786108,41.55268336,41.55268336,clear,2.230658,45.21191056,45.21191056,r25,0.55545,waiting_ms,on,observed_damping,centerpoint+yolov3,-8.093502695808208,yolov3,-3.6592271999999966,0.9190649730419179
12.501185,43.66866768,43.66866768,clear,12.37675,47.234117680000004,47.234117680000004,r50,0.12443500000000007,inference_e2e_ms,on,observed_damping,centerpoint+yolov3,-7.548463219224477,yolov3,-3.5654500000000056,0.9245153678077552
6.834678,10.31471556,10.31471556,clear,6.855379,10.759706359999996,10.759706359999996,r50,-0.02070099999999986,gpu_kernel_active_ms,on,observed_damping,centerpoint+yolov3,-4.135715093994408,yolov3,-0.4449907999999958,0.9586428490600559
468.0,0.0,0.0,clear,468.0,0.0,0.0,r50,0.0,kernel_count,on,not_defined_zero_clear_width,centerpoint+yolov3,,yolov3,0.0,
11.72683,43.42486364,43.42486364,clear,11.686767,47.126669199999995,47.126669199999995,r50,0.04006299999999996,kernel_span_ms,on,observed_damping,centerpoint+yolov3,-7.855012083052115,yolov3,-3.701805559999997,0.9214498791694788
2.675931,42.48737932,42.48737932,clear,2.230658,45.21191056,45.21191056,r50,0.4452729999999998,waiting_ms,on,observed_damping,centerpoint+yolov3,-6.026136047456598,yolov3,-2.7245312399999975,0.939738639525434
13.124049,44.28819272,44.28819272,clear,12.37675,47.234117680000004,47.234117680000004,r7p5,0.7472989999999999,inference_e2e_ms,on,observed_damping,centerpoint+yolov3,-6.236858238695076,yolov3,-2.9459249600000064,0.9376314176130492
7.161182,10.027818400000001,10.027818400000001,clear,6.855379,10.759706359999996,10.759706359999996,r7p5,0.30580300000000005,gpu_kernel_active_ms,on,observed_damping,centerpoint+yolov3,-6.802118343311325,yolov3,-0.7318879599999946,0.9319788165668867
468.0,0.0,0.0,clear,468.0,0.0,0.0,r7p5,0.0,kernel_count,on,not_defined_zero_clear_width,centerpoint+yolov3,,yolov3,0.0,
12.611102,44.075200280000004,44.075200280000004,clear,11.686767,47.126669199999995,47.126669199999995,r7p5,0.924335000000001,kernel_span_ms,on,observed_damping,centerpoint+yolov3,-6.4750362624821145,yolov3,-3.0514689199999907,0.9352496373751789
3.272862,42.33705284,42.33705284,clear,2.230658,45.21191056,45.21191056,r7p5,1.042204,waiting_ms,on,observed_damping,centerpoint+yolov3,-6.358629140842931,yolov3,-2.8748577200000014,0.9364137085915707
48.476895999999996,12.682726899999999,12.682726899999999,clear,48.557274,12.382364680000002,12.382364680000002,r15,-0.08037800000000317,inference_e2e_ms,on,observed_amplification,pointpillars+deeplabv3plus,2.4257258428605377,deeplabv3plus,0.3003622199999967,1.0242572584286054
42.5057685,6.667778899999995,6.667778899999995,clear,42.393505,6.565833120000001,6.565833120000001,r15,0.11226350000000451,gpu_kernel_active_ms,on,observed_amplification,pointpillars+deeplabv3plus,1.5526708970025505,deeplabv3plus,0.1019457799999941,1.0155267089700255
290.0,0.0,0.0,clear,290.0,0.0,0.0,r15,0.0,kernel_count,on,not_defined_zero_clear_width,pointpillars+deeplabv3plus,,deeplabv3plus,0.0,
47.9298705,12.348606999999994,12.348606999999994,clear,48.094756,12.315168119999996,12.315168119999996,r15,-0.1648854999999969,kernel_span_ms,on,observed_amplification,pointpillars+deeplabv3plus,0.271525972476927,deeplabv3plus,0.033438879999998505,1.0027152597247693
0.04256,0.31726094999999943,0.31726094999999943,clear,0.043239,0.29238991999999997,0.29238991999999997,r15,-0.000678999999999999,waiting_ms,on,observed_amplification,pointpillars+deeplabv3plus,8.506117447550675,deeplabv3plus,0.02487102999999946,1.0850611744755068
48.243262,12.413940920000002,12.413940920000002,clear,48.557274,12.382364680000002,12.382364680000002,r25,-0.3140119999999982,inference_e2e_ms,on,observed_amplification,pointpillars+deeplabv3plus,0.2550097724952405,deeplabv3plus,0.0315762399999997,1.0025500977249524
42.44534,6.480980119999998,6.480980119999998,clear,42.393505,6.565833120000001,6.565833120000001,r25,0.05183500000000407,gpu_kernel_active_ms,on,observed_damping,pointpillars+deeplabv3plus,-1.2923417097144063,deeplabv3plus,-0.08485300000000251,0.9870765829028559
290.0,0.0,0.0,clear,290.0,0.0,0.0,r25,0.0,kernel_count,on,not_defined_zero_clear_width,pointpillars+deeplabv3plus,,deeplabv3plus,0.0,
47.776148,12.445245999999997,12.445245999999997,clear,48.094756,12.315168119999996,12.315168119999996,r25,-0.31860799999999756,kernel_span_ms,on,observed_amplification,pointpillars+deeplabv3plus,1.0562412037944835,deeplabv3plus,0.13007788000000176,1.0105624120379448
0.045483,0.23455736,0.23455736,clear,0.043239,0.29238991999999997,0.29238991999999997,r25,0.002244000000000003,waiting_ms,on,observed_damping,pointpillars+deeplabv3plus,-19.77925914819498,deeplabv3plus,-0.05783255999999998,0.8022074085180502
49.092829,12.13864632,12.13864632,clear,48.557274,12.382364680000002,12.382364680000002,r50,0.5355550000000022,inference_e2e_ms,on,observed_damping,pointpillars+deeplabv3plus,-1.9682699249979008,deeplabv3plus,-0.24371836000000258,0.980317300750021
42.975337,6.484144479999998,6.484144479999998,clear,42.393505,6.565833120000001,6.565833120000001,r50,0.5818320000000057,gpu_kernel_active_ms,on,observed_damping,pointpillars+deeplabv3plus,-1.244147368765336,deeplabv3plus,-0.08168864000000298,0.9875585263123466
290.0,0.0,0.0,clear,290.0,0.0,0.0,r50,0.0,kernel_count,on,not_defined_zero_clear_width,pointpillars+deeplabv3plus,,deeplabv3plus,0.0,
48.552862,12.02439312,12.02439312,clear,48.094756,12.315168119999996,12.315168119999996,r50,0.4581060000000008,kernel_span_ms,on,observed_damping,pointpillars+deeplabv3plus,-2.3611127121177855,deeplabv3plus,-0.29077499999999645,0.9763888728788221
0.043132,0.2870537999999999,0.2870537999999999,clear,0.043239,0.29238991999999997,0.29238991999999997,r50,-0.00010700000000000293,waiting_ms,on,observed_damping,pointpillars+deeplabv3plus,-1.8250013543558707,deeplabv3plus,-0.005336120000000055,0.9817499864564413
48.4331325,13.084623370000003,13.084623370000003,clear,48.557274,12.382364680000002,12.382364680000002,r7p5,-0.12414150000000035,inference_e2e_ms,on,observed_amplification,pointpillars+deeplabv3plus,5.671442476042476,deeplabv3plus,0.7022586900000007,1.0567144247604248
42.2329245,6.970347780000004,6.970347780000004,clear,42.393505,6.565833120000001,6.565833120000001,r7p5,-0.16058049999999469,gpu_kernel_active_ms,on,observed_amplification,pointpillars+deeplabv3plus,6.160903766619086,deeplabv3plus,0.4045146600000038,1.0616090376661909
290.0,0.0,0.0,clear,290.0,0.0,0.0,r7p5,0.0,kernel_count,on,not_defined_zero_clear_width,pointpillars+deeplabv3plus,,deeplabv3plus,0.0,
47.975742499999996,12.782441419999998,12.782441419999998,clear,48.094756,12.315168119999996,12.315168119999996,r7p5,-0.11901350000000122,kernel_span_ms,on,observed_amplification,pointpillars+deeplabv3plus,3.794290873229289,deeplabv3plus,0.4672733000000022,1.037942908732293
0.044455499999999995,0.25011282000000007,0.25011282000000007,clear,0.043239,0.29238991999999997,0.29238991999999997,r7p5,0.0012164999999999954,waiting_ms,on,observed_damping,pointpillars+deeplabv3plus,-14.459150985779502,deeplabv3plus,-0.0422770999999999,0.855408490142205
50.948108,52.694722709999986,52.694722709999986,clear,53.698931,55.680549189999994,55.680549189999994,r15,-2.750823000000004,inference_e2e_ms,on,observed_damping,pointpillars+deeplabv3plus,-5.362422827065528,pointpillars,-2.985826480000007,0.9463757717293447
23.345419999999997,15.076550709999996,15.076550709999996,clear,23.6261255,15.410940160000003,15.410940160000003,r15,-0.2807055000000034,gpu_kernel_active_ms,on,observed_damping,pointpillars+deeplabv3plus,-2.1698186257833485,pointpillars,-0.33438945000000686,0.9783018137421665
871.0,80.0,80.0,clear,871.0,80.0,80.0,r15,0.0,kernel_count,on,observed_unchanged,pointpillars+deeplabv3plus,0.0,pointpillars,0.0,1.0
49.98465,52.696454389999985,52.696454389999985,clear,52.855240499999994,55.82947924,55.82947924,r15,-2.8705904999999916,kernel_span_ms,on,observed_damping,pointpillars+deeplabv3plus,-5.61177516367608,pointpillars,-3.1330248500000124,0.9438822483632392
20.012681999999998,37.74856781,37.74856781,clear,20.280729,38.746670720000004,38.746670720000004,r15,-0.2680470000000028,waiting_ms,on,observed_damping,pointpillars+deeplabv3plus,-2.575970764592206,pointpillars,-0.9981029100000072,0.9742402923540779
33157.5,658.0,658.0,clear,34720.0,256.0,256.0,r15,-1562.5,input_point_count,on,observed_amplification,pointpillars+deeplabv3plus,157.03125,pointpillars,402.0,2.5703125
4233.5,1722.4300000000003,1722.4300000000003,clear,4274.0,1759.7399999999998,1759.7399999999998,r15,-40.5,occupied_voxel_count,on,observed_damping,pointpillars+deeplabv3plus,-2.120199574937176,pointpillars,-37.30999999999949,0.9787980042506282
49.109854,50.04352768000001,50.04352768000001,clear,53.698931,55.680549189999994,55.680549189999994,r25,-4.589077000000003,inference_e2e_ms,on,observed_damping,pointpillars+deeplabv3plus,-10.123861190313777,pointpillars,-5.6370215099999825,0.8987613880968622
23.557487,15.41490080000004,15.41490080000004,clear,23.6261255,15.410940160000003,15.410940160000003,r25,-0.06863850000000227,gpu_kernel_active_ms,on,observed_amplification,pointpillars+deeplabv3plus,0.025700184147869898,pointpillars,0.00396064000003804,1.0002570018414787
871.0,80.0,80.0,clear,871.0,80.0,80.0,r25,0.0,kernel_count,on,observed_unchanged,pointpillars+deeplabv3plus,0.0,pointpillars,0.0,1.0
48.374509,49.769073680000005,49.769073680000005,clear,52.855240499999994,55.82947924,55.82947924,r25,-4.48073149999999,kernel_span_ms,on,observed_damping,pointpillars+deeplabv3plus,-10.855207038467075,pointpillars,-6.060405559999992,0.8914479296153293
16.290035,36.27602572,36.27602572,clear,20.280729,38.746670720000004,38.746670720000004,r25,-3.9906940000000013,waiting_ms,on,observed_damping,pointpillars+deeplabv3plus,-6.376405905565252,pointpillars,-2.4706450000000046,0.9362359409443475
33093.0,679.8799999999974,679.8799999999974,clear,34720.0,256.0,256.0,r25,-1627.0,input_point_count,on,observed_amplification,pointpillars+deeplabv3plus,165.57812499999898,pointpillars,423.8799999999974,2.6557812499999898
4243.0,1733.7200000000003,1733.7200000000003,clear,4274.0,1759.7399999999998,1759.7399999999998,r25,-31.0,occupied_voxel_count,on,observed_damping,pointpillars+deeplabv3plus,-1.478627524520637,pointpillars,-26.019999999999527,0.9852137247547936
50.89468,52.22749186,52.22749186,clear,53.698931,55.680549189999994,55.680549189999994,r50,-2.8042510000000007,inference_e2e_ms,on,observed_damping,pointpillars+deeplabv3plus,-6.201550416137325,pointpillars,-3.453057329999993,0.9379844958386268
23.780081,14.90919396,14.90919396,clear,23.6261255,15.410940160000003,15.410940160000003,r50,0.15395549999999858,gpu_kernel_active_ms,on,observed_damping,pointpillars+deeplabv3plus,-3.255779302175965,pointpillars,-0.501746200000003,0.9674422069782403
871.0,80.0,80.0,clear,871.0,80.0,80.0,r50,0.0,kernel_count,on,observed_unchanged,pointpillars+deeplabv3plus,0.0,pointpillars,0.0,1.0
50.150716,52.26575842000001,52.26575842000001,clear,52.855240499999994,55.82947924,55.82947924,r50,-2.704524499999991,kernel_span_ms,on,observed_damping,pointpillars+deeplabv3plus,-6.38322418283761,pointpillars,-3.563720819999986,0.9361677581716239
21.002793,36.72434454,36.72434454,clear,20.280729,38.746670720000004,38.746670720000004,r50,0.7220639999999996,waiting_ms,on,observed_damping,pointpillars+deeplabv3plus,-5.219354701760571,pointpillars,-2.0223261800000074,0.9478064529823943
32838.0,801.0,801.0,clear,34720.0,256.0,256.0,r50,-1882.0,input_point_count,on,observed_amplification,pointpillars+deeplabv3plus,212.890625,pointpillars,545.0,3.12890625
4223.0,1725.0,1725.0,clear,4274.0,1759.7399999999998,1759.7399999999998,r50,-51.0,occupied_voxel_count,on,observed_damping,pointpillars+deeplabv3plus,-1.9741552729380385,pointpillars,-34.73999999999978,0.9802584472706196
51.7472765,53.50262906999998,53.50262906999998,clear,53.698931,55.680549189999994,55.680549189999994,r7p5,-1.9516545000000036,inference_e2e_ms,on,observed_damping,pointpillars+deeplabv3plus,-3.9114558884256745,pointpillars,-2.1779201200000102,0.9608854411157433
23.7328555,14.380030389999998,14.380030389999998,clear,23.6261255,15.410940160000003,15.410940160000003,r7p5,0.10672999999999888,gpu_kernel_active_ms,on,observed_damping,pointpillars+deeplabv3plus,-6.689467088294787,pointpillars,-1.0309097700000045,0.9331053291170521
871.0,80.0,80.0,clear,871.0,80.0,80.0,r7p5,0.0,kernel_count,on,observed_unchanged,pointpillars+deeplabv3plus,0.0,pointpillars,0.0,1.0
50.7622615,53.624947109999994,53.624947109999994,clear,52.855240499999994,55.82947924,55.82947924,r7p5,-2.0929789999999926,kernel_span_ms,on,observed_damping,pointpillars+deeplabv3plus,-3.948688327403438,pointpillars,-2.204532130000004,0.9605131167259656
20.493779,38.64454657,38.64454657,clear,20.280729,38.746670720000004,38.746670720000004,r7p5,0.21304999999999907,waiting_ms,on,observed_damping,pointpillars+deeplabv3plus,-0.2635688385667856,pointpillars,-0.10212415000000163,0.9973643116143321
33186.0,650.0,650.0,clear,34720.0,256.0,256.0,r7p5,-1534.0,input_point_count,on,observed_amplification,pointpillars+deeplabv3plus,153.90625,pointpillars,394.0,2.5390625
4205.0,1724.7799999999997,1724.7799999999997,clear,4274.0,1759.7399999999998,1759.7399999999998,r7p5,-69.0,occupied_voxel_count,on,observed_damping,pointpillars+deeplabv3plus,-1.9866571198017935,pointpillars,-34.960000000000036,0.9801334288019821
26.119044,12.917643119999997,12.917643119999997,clear,26.096032,12.787782999999997,12.787782999999997,r15,0.023011999999997812,inference_e2e_ms,on,observed_amplification,pointpillars+detr,1.0155014360190506,detr,0.12986012000000002,1.0101550143601905
23.639346,5.574374199999998,5.574374199999998,clear,23.453871,6.2479768199999945,6.2479768199999945,r15,0.18547500000000028,gpu_kernel_active_ms,on,observed_damping,pointpillars+detr,-10.781131867259353,detr,-0.6736026199999969,0.8921886813274065
661.0,0.0,0.0,clear,661.0,0.0,0.0,r15,0.0,kernel_count,on,not_defined_zero_clear_width,pointpillars+detr,,detr,0.0,
25.353546,12.982260120000003,12.982260120000003,clear,25.378869,12.94004108,12.94004108,r15,-0.025323000000000206,kernel_span_ms,on,observed_amplification,pointpillars+detr,0.32626666128019455,detr,0.04221904000000265,1.003262666612802
11.393578,21.4967322,21.4967322,clear,10.914578,21.49413168,21.49413168,r15,0.4789999999999992,waiting_ms,on,observed_amplification,pointpillars+detr,0.012098744153599128,detr,0.0026005200000014383,1.000120987441536
25.410975,13.098745319999995,13.098745319999995,clear,26.096032,12.787782999999997,12.787782999999997,r25,-0.6850570000000005,inference_e2e_ms,on,observed_amplification,pointpillars+detr,2.4317140821047634,detr,0.310962319999998,1.0243171408210476
23.097397,5.829479120000002,5.829479120000002,clear,23.453871,6.2479768199999945,6.2479768199999945,r25,-0.3564739999999986,gpu_kernel_active_ms,on,observed_damping,pointpillars+detr,-6.698131444091892,detr,-0.41849769999999253,0.9330186855590811
661.0,0.0,0.0,clear,661.0,0.0,0.0,r25,0.0,kernel_count,on,not_defined_zero_clear_width,pointpillars+detr,,detr,0.0,
24.550739,12.810226,12.810226,clear,25.378869,12.94004108,12.94004108,r25,-0.8281300000000016,kernel_span_ms,on,observed_damping,pointpillars+detr,-1.003204543149716,detr,-0.1298150800000002,0.9899679545685028
10.68247,19.38669872,19.38669872,clear,10.914578,21.49413168,21.49413168,r25,-0.2321080000000002,waiting_ms,on,observed_damping,pointpillars+detr,-9.804689909669339,detr,-2.1074329600000006,0.9019531009033066
25.554486,12.41913444,12.41913444,clear,26.096032,12.787782999999997,12.787782999999997,r50,-0.5415460000000003,inference_e2e_ms,on,observed_damping,pointpillars+detr,-2.8828183900211357,detr,-0.3686485599999969,0.9711718160997886
23.232594,5.942148679999999,5.942148679999999,clear,23.453871,6.2479768199999945,6.2479768199999945,r50,-0.2212770000000006,gpu_kernel_active_ms,on,observed_damping,pointpillars+detr,-4.894834741080167,detr,-0.3058281399999956,0.9510516525891983
661.0,0.0,0.0,clear,661.0,0.0,0.0,r50,0.0,kernel_count,on,not_defined_zero_clear_width,pointpillars+detr,,detr,0.0,
24.748408,12.582858600000002,12.582858600000002,clear,25.378869,12.94004108,12.94004108,r50,-0.6304610000000004,kernel_span_ms,on,observed_damping,pointpillars+detr,-2.76028860953198,detr,-0.35718247999999875,0.9723971139046802
10.734908,21.630522680000002,21.630522680000002,clear,10.914578,21.49413168,21.49413168,r50,-0.17966999999999977,waiting_ms,on,observed_amplification,pointpillars+detr,0.634549941493634,detr,0.13639100000000326,1.0063454994149363
26.057129,12.34758455,12.34758455,clear,26.096032,12.787782999999997,12.787782999999997,r7p5,-0.03890300000000124,inference_e2e_ms,on,observed_damping,pointpillars+detr,-3.442335938919183,detr,-0.4401984499999969,0.9655766406108082
23.845261,6.1917070500000015,6.1917070500000015,clear,23.453871,6.2479768199999945,6.2479768199999945,r7p5,0.39139000000000124,gpu_kernel_active_ms,on,observed_damping,pointpillars+detr,-0.900607854687796,detr,-0.056269769999993,0.990993921453122
661.0,0.0,0.0,clear,661.0,0.0,0.0,r7p5,0.0,kernel_count,on,not_defined_zero_clear_width,pointpillars+detr,,detr,0.0,
25.2912795,12.506091550000004,12.506091550000004,clear,25.378869,12.94004108,12.94004108,r7p5,-0.08758949999999999,kernel_span_ms,on,observed_damping,pointpillars+detr,-3.353540590150861,detr,-0.43394952999999603,0.9664645940984914
11.5261775,20.692015,20.692015,clear,10.914578,21.49413168,21.49413168,r7p5,0.6115994999999987,waiting_ms,on,observed_damping,pointpillars+detr,-3.731793830714991,detr,-0.8021166799999975,0.9626820616928501
41.562299,19.821039,19.821039,clear,41.271913,19.758164840000024,19.758164840000024,r15,0.29038600000000514,inference_e2e_ms,on,observed_amplification,pointpillars+detr,0.31821862257515043,pointpillars,0.06287415999997492,1.0031821862257515
22.321763,13.805743,13.805743,clear,21.944206,13.696976809999999,13.696976809999999,r15,0.3775569999999995,gpu_kernel_active_ms,on,observed_amplification,pointpillars+detr,0.7940890278838264,pointpillars,0.10876619000000076,1.0079408902788383
871.0,80.0,80.0,clear,871.0,80.0,80.0,r15,0.0,kernel_count,on,observed_unchanged,pointpillars+detr,0.0,pointpillars,0.0,1.0
40.853715,19.5823235,19.5823235,clear,40.508213999999995,19.557023530000016,19.557023530000016,r15,0.34550100000000583,kernel_span_ms,on,observed_amplification,pointpillars+detr,0.12936513555437124,pointpillars,0.02529996999998474,1.0012936513555437
13.233677,14.346684,14.346684,clear,13.659396999999998,15.602772900000005,15.602772900000005,r15,-0.4257199999999983,waiting_ms,on,observed_damping,pointpillars+detr,-8.05042096075118,pointpillars,-1.2560889000000053,0.9194957903924882
33159.0,659.0,659.0,clear,34720.0,256.0,256.0,r15,-1561.0,input_point_count,on,observed_amplification,pointpillars+detr,157.421875,pointpillars,403.0,2.57421875
4250.0,1725.0,1725.0,clear,4315.0,1758.9400000000005,1758.9400000000005,r15,-65.0,occupied_voxel_count,on,observed_damping,pointpillars+detr,-1.9295712190296688,pointpillars,-33.94000000000051,0.9807042878097033
40.817437,18.64964696,18.64964696,clear,41.271913,19.758164840000024,19.758164840000024,r25,-0.45447599999999966,inference_e2e_ms,on,observed_damping,pointpillars+detr,-5.610429354025093,pointpillars,-1.1085178800000257,0.9438957064597491
22.02171,13.09314148,13.09314148,clear,21.944206,13.696976809999999,13.696976809999999,r25,0.07750399999999757,gpu_kernel_active_ms,on,observed_damping,pointpillars+detr,-4.408529987136623,pointpillars,-0.603835329999999,0.9559147001286338
871.0,80.0,80.0,clear,871.0,80.0,80.0,r25,0.0,kernel_count,on,observed_unchanged,pointpillars+detr,0.0,pointpillars,0.0,1.0
40.025185,18.47825292,18.47825292,clear,40.508213999999995,19.557023530000016,19.557023530000016,r25,-0.4830289999999948,kernel_span_ms,on,observed_damping,pointpillars+detr,-5.516026548442854,pointpillars,-1.0787706100000172,0.9448397345155715
13.306654,16.048803199999988,16.048803199999988,clear,13.659396999999998,15.602772900000005,15.602772900000005,r25,-0.3527429999999985,waiting_ms,on,observed_amplification,pointpillars+detr,2.8586604628461965,pointpillars,0.44603029999998256,1.028586604628462
33093.0,677.0800000000017,677.0800000000017,clear,34720.0,256.0,256.0,r25,-1627.0,input_point_count,on,observed_amplification,pointpillars+detr,164.48437500000068,pointpillars,421.08000000000175,2.644843750000007
4285.0,1735.0,1735.0,clear,4315.0,1758.9400000000005,1758.9400000000005,r25,-30.0,occupied_voxel_count,on,observed_damping,pointpillars+detr,-1.361046994212456,pointpillars,-23.94000000000051,0.9863895300578754
40.641609,19.85883276,19.85883276,clear,41.271913,19.758164840000024,19.758164840000024,r50,-0.6303039999999953,inference_e2e_ms,on,observed_amplification,pointpillars+detr,0.5095003549933752,pointpillars,0.10066791999997449,1.0050950035499338
21.748859,13.487640780000014,13.487640780000014,clear,21.944206,13.696976809999999,13.696976809999999,r50,-0.1953470000000017,gpu_kernel_active_ms,on,observed_damping,pointpillars+detr,-1.5283374784364923,pointpillars,-0.20933602999998513,0.9847166252156351
871.0,80.0,80.0,clear,871.0,80.0,80.0,r50,0.0,kernel_count,on,observed_unchanged,pointpillars+detr,0.0,pointpillars,0.0,1.0
39.855536,19.662420380000004,19.662420380000004,clear,40.508213999999995,19.557023530000016,19.557023530000016,r50,-0.6526779999999945,kernel_span_ms,on,observed_amplification,pointpillars+detr,0.5389207096791138,pointpillars,0.10539684999998755,1.0053892070967911
12.729299,15.504438020000006,15.504438020000006,clear,13.659396999999998,15.602772900000005,15.602772900000005,r50,-0.9300979999999992,waiting_ms,on,observed_damping,pointpillars+detr,-0.6302397697527162,pointpillars,-0.09833487999999946,0.9936976023024728
32838.0,805.1399999999994,805.1399999999994,clear,34720.0,256.0,256.0,r50,-1882.0,input_point_count,on,observed_amplification,pointpillars+detr,214.50781249999977,pointpillars,549.1399999999994,3.1450781249999977
4260.0,1725.92,1725.92,clear,4315.0,1758.9400000000005,1758.9400000000005,r50,-55.0,occupied_voxel_count,on,observed_damping,pointpillars+detr,-1.8772669903464823,pointpillars,-33.02000000000044,0.9812273300965352
40.905064,19.113935540000003,19.113935540000003,clear,41.271913,19.758164840000024,19.758164840000024,r7p5,-0.3668489999999949,inference_e2e_ms,on,observed_damping,pointpillars+detr,-3.260572554267749,pointpillars,-0.6442293000000205,0.9673942744573225
21.937047,13.187987980000003,13.187987980000003,clear,21.944206,13.696976809999999,13.696976809999999,r7p5,-0.00715900000000147,gpu_kernel_active_ms,on,observed_damping,pointpillars+detr,-3.7160669617867015,pointpillars,-0.5089888299999963,0.962839330382133
871.0,80.0,80.0,clear,871.0,80.0,80.0,r7p5,0.0,kernel_count,on,observed_unchanged,pointpillars+detr,0.0,pointpillars,0.0,1.0
40.237702,19.05594608,19.05594608,clear,40.508213999999995,19.557023530000016,19.557023530000016,r7p5,-0.27051199999999653,kernel_span_ms,on,observed_damping,pointpillars+detr,-2.5621355378101174,pointpillars,-0.5010774500000181,0.9743786446218988
12.231288,14.028531180000003,14.028531180000003,clear,13.659396999999998,15.602772900000005,15.602772900000005,r7p5,-1.4281089999999992,waiting_ms,on,observed_damping,pointpillars+detr,-10.089499668357039,pointpillars,-1.5742417200000016,0.8991050033164296
33187.0,650.0,650.0,clear,34720.0,256.0,256.0,r7p5,-1533.0,input_point_count,on,observed_amplification,pointpillars+detr,153.90625,pointpillars,394.0,2.5390625
4237.0,1727.7600000000002,1727.7600000000002,clear,4315.0,1758.9400000000005,1758.9400000000005,r7p5,-78.0,occupied_voxel_count,on,observed_damping,pointpillars+detr,-1.7726585329801092,pointpillars,-31.18000000000029,0.9822734146701989
79.514701,18.714896800000005,18.714896800000005,clear,78.938241,20.570198880000007,20.570198880000007,r15,0.5764599999999973,inference_e2e_ms,on,observed_damping,pointpillars+dino,-9.019368703352082,dino,-1.8553020800000013,0.9098063129664792
62.432686,8.216337600000003,8.216337600000003,clear,61.771733,7.847228640000004,7.847228640000004,r15,0.6609529999999992,gpu_kernel_active_ms,on,observed_amplification,pointpillars+dino,4.703685554904369,dino,0.3691089599999984,1.0470368555490437
1280.0,0.0,0.0,clear,1280.0,0.0,0.0,r15,0.0,kernel_count,on,not_defined_zero_clear_width,pointpillars+dino,,dino,0.0,
78.655688,18.732638800000004,18.732638800000004,clear,78.038699,20.543625520000006,20.543625520000006,r15,0.6169890000000038,kernel_span_ms,on,observed_damping,pointpillars+dino,-8.815321902343564,dino,-1.8109867200000025,0.9118467809765644
52.720811,25.097233800000005,25.097233800000005,clear,52.534826,27.835945600000002,27.835945600000002,r15,0.18598499999999518,waiting_ms,on,observed_damping,pointpillars+dino,-9.838759707879285,dino,-2.7387117999999973,0.9016124029212071
79.449996,19.715256919999987,19.715256919999987,clear,78.938241,20.570198880000007,20.570198880000007,r25,0.5117549999999937,inference_e2e_ms,on,observed_damping,pointpillars+dino,-4.15621630586791,dino,-0.8549419600000192,0.9584378369413209
62.1772495,8.187899460000004,8.187899460000004,clear,61.771733,7.847228640000004,7.847228640000004,r25,0.4055165000000045,gpu_kernel_active_ms,on,observed_amplification,pointpillars+dino,4.341288315004421,dino,0.3406708199999997,1.0434128831500442
1280.0,0.0,0.0,clear,1280.0,0.0,0.0,r25,0.0,kernel_count,on,not_defined_zero_clear_width,pointpillars+dino,,dino,0.0,
78.62135549999999,19.93633727000001,19.93633727000001,clear,78.038699,20.543625520000006,20.543625520000006,r25,0.5826564999999988,kernel_span_ms,on,observed_damping,pointpillars+dino,-2.95609092664183,dino,-0.6072882499999963,0.9704390907335817
52.731748499999995,27.313817650000004,27.313817650000004,clear,52.534826,27.835945600000002,27.835945600000002,r25,0.19692249999999234,waiting_ms,on,observed_damping,pointpillars+dino,-1.8757327575751437,dino,-0.522127949999998,0.9812426724242486
80.316472,18.811225499999992,18.811225499999992,clear,78.938241,20.570198880000007,20.570198880000007,r50,1.3782309999999995,inference_e2e_ms,on,observed_damping,pointpillars+dino,-8.551076196498176,dino,-1.7589733800000147,0.9144892380350182
62.775906,9.612552720000004,9.612552720000004,clear,61.771733,7.847228640000004,7.847228640000004,r50,1.0041730000000015,gpu_kernel_active_ms,on,observed_amplification,pointpillars+dino,22.49614686899193,dino,1.7653240799999992,1.2249614686899193
1280.0,0.0,0.0,clear,1280.0,0.0,0.0,r50,0.0,kernel_count,on,not_defined_zero_clear_width,pointpillars+dino,,dino,0.0,
79.457316,18.84554446,18.84554446,clear,78.038699,20.543625520000006,20.543625520000006,r50,1.4186170000000118,kernel_span_ms,on,observed_damping,pointpillars+dino,-8.265732153007077,dino,-1.698081060000007,0.9173426784699292
53.324438,31.041412599999994,31.041412599999994,clear,52.534826,27.835945600000002,27.835945600000002,r50,0.7896119999999982,waiting_ms,on,observed_amplification,pointpillars+dino,11.515567123395986,dino,3.2054669999999916,1.1151556712339599
79.55322,19.532765719999986,19.532765719999986,clear,78.938241,20.570198880000007,20.570198880000007,r7p5,0.6149789999999911,inference_e2e_ms,on,observed_damping,pointpillars+dino,-5.04337933751674,dino,-1.0374331600000204,0.9495662066248326
62.08911,8.185987839999996,8.185987839999996,clear,61.771733,7.847228640000004,7.847228640000004,r7p5,0.31737700000000046,gpu_kernel_active_ms,on,observed_amplification,pointpillars+dino,4.316927867670639,dino,0.33875919999999127,1.0431692786767064
1280.0,0.0,0.0,clear,1280.0,0.0,0.0,r7p5,0.0,kernel_count,on,not_defined_zero_clear_width,pointpillars+dino,,dino,0.0,
78.704758,19.481491599999984,19.481491599999984,clear,78.038699,20.543625520000006,20.543625520000006,r7p5,0.6660590000000042,kernel_span_ms,on,observed_damping,pointpillars+dino,-5.170138634809096,dino,-1.0621339200000222,0.948298613651909
52.393019,26.57328487999998,26.57328487999998,clear,52.534826,27.835945600000002,27.835945600000002,r7p5,-0.14180700000000002,waiting_ms,on,observed_damping,pointpillars+dino,-4.536079852088881,dino,-1.2626607200000208,0.9546392014791112
64.956503,47.961644139999976,47.961644139999976,clear,66.065293,49.28952881999999,49.28952881999999,r15,-1.108789999999999,inference_e2e_ms,on,observed_damping,pointpillars+dino,-2.694050261363423,pointpillars,-1.327884680000011,0.9730594973863658
29.779078,22.751980919999994,22.751980919999994,clear,30.843195,24.677093699999997,24.677093699999997,r15,-1.064117000000003,gpu_kernel_active_ms,on,observed_damping,pointpillars+dino,-7.801213560250019,pointpillars,-1.9251127800000027,0.9219878643974998
871.0,80.0,80.0,clear,871.0,80.0,80.0,r15,0.0,kernel_count,on,observed_unchanged,pointpillars+dino,0.0,pointpillars,0.0,1.0
64.312254,47.897462739999995,47.897462739999995,clear,65.560371,49.25105943999999,49.25105943999999,r15,-1.2481170000000077,kernel_span_ms,on,observed_damping,pointpillars+dino,-2.748360574149711,pointpillars,-1.353596699999997,0.9725163942585029
29.492292,36.58550181999996,36.58550181999996,clear,30.939825,35.45500848,35.45500848,r15,-1.447533,waiting_ms,on,observed_amplification,pointpillars+dino,3.1885293177624563,pointpillars,1.1304933399999655,1.0318852931776246
33157.0,658.0,658.0,clear,34720.0,256.0,256.0,r15,-1563.0,input_point_count,on,observed_amplification,pointpillars+dino,157.03125,pointpillars,402.0,2.5703125
4260.0,1727.0,1727.0,clear,4286.0,1760.2799999999997,1760.2799999999997,r15,-26.0,occupied_voxel_count,on,observed_damping,pointpillars+dino,-1.890608312313935,pointpillars,-33.279999999999745,0.9810939168768606
64.119287,48.36625088000003,48.36625088000003,clear,66.065293,49.28952881999999,49.28952881999999,r25,-1.946005999999997,inference_e2e_ms,on,observed_damping,pointpillars+dino,-1.8731725827034529,pointpillars,-0.9232779399999558,0.9812682741729655
29.75334,23.463972360000007,23.463972360000007,clear,30.843195,24.677093699999997,24.677093699999997,r25,-1.089855,gpu_kernel_active_ms,on,observed_damping,pointpillars+dino,-4.915981414780579,pointpillars,-1.21312133999999,0.9508401858521942
871.0,80.0,80.0,clear,871.0,80.0,80.0,r25,0.0,kernel_count,on,observed_unchanged,pointpillars+dino,0.0,pointpillars,0.0,1.0
63.51583,48.19865960000001,48.19865960000001,clear,65.560371,49.25105943999999,49.25105943999999,r25,-2.0445410000000024,kernel_span_ms,on,observed_damping,pointpillars+dino,-2.1368065011516446,pointpillars,-1.0523998399999783,0.9786319349884836
28.575081,36.16663884,36.16663884,clear,30.939825,35.45500848,35.45500848,r25,-2.364743999999998,waiting_ms,on,observed_amplification,pointpillars+dino,2.007136341263127,pointpillars,0.7116303600000009,1.0200713634126313
33093.0,671.239999999998,671.239999999998,clear,34720.0,256.0,256.0,r25,-1627.0,input_point_count,on,observed_amplification,pointpillars+dino,162.2031249999992,pointpillars,415.23999999999796,2.622031249999992
4285.0,1735.0,1735.0,clear,4286.0,1760.2799999999997,1760.2799999999997,r25,-1.0,occupied_voxel_count,on,observed_damping,pointpillars+dino,-1.4361351603153882,pointpillars,-25.279999999999745,0.9856386483968461
64.9477525,48.56971195,48.56971195,clear,66.065293,49.28952881999999,49.28952881999999,r50,-1.1175404999999898,inference_e2e_ms,on,observed_damping,pointpillars+dino,-1.4603849686384285,pointpillars,-0.7198168699999883,0.9853961503136157
29.815432,23.512682569999996,23.512682569999996,clear,30.843195,24.677093699999997,24.677093699999997,r50,-1.0277630000000002,gpu_kernel_active_ms,on,observed_damping,pointpillars+dino,-4.71859103083927,pointpillars,-1.1644111300000013,0.9528140896916073
871.0,80.0,80.0,clear,871.0,80.0,80.0,r50,0.0,kernel_count,on,observed_unchanged,pointpillars+dino,0.0,pointpillars,0.0,1.0
64.270818,48.76362858,48.76362858,clear,65.560371,49.25105943999999,49.25105943999999,r50,-1.289552999999998,kernel_span_ms,on,observed_damping,pointpillars+dino,-0.9896860403455943,pointpillars,-0.48743085999998925,0.9901031395965441
28.589678499999998,36.454687959999994,36.454687959999994,clear,30.939825,35.45500848,35.45500848,r50,-2.350146500000001,waiting_ms,on,observed_amplification,pointpillars+dino,2.8195719670012442,pointpillars,0.9996794799999975,1.0281957196700124
32839.0,801.0,801.0,clear,34720.0,256.0,256.0,r50,-1881.0,input_point_count,on,observed_amplification,pointpillars+dino,212.890625,pointpillars,545.0,3.12890625
4223.0,1700.6399999999994,1700.6399999999994,clear,4286.0,1760.2799999999997,1760.2799999999997,r50,-63.0,occupied_voxel_count,on,observed_damping,pointpillars+dino,-3.388097348149177,pointpillars,-59.64000000000033,0.9661190265185082
63.8318995,49.09991647000001,49.09991647000001,clear,66.065293,49.28952881999999,49.28952881999999,r7p5,-2.2333934999999983,inference_e2e_ms,on,observed_damping,pointpillars+dino,-0.38469093647135466,pointpillars,-0.189612349999976,0.9961530906352865
29.875234499999998,23.459363850000003,23.459363850000003,clear,30.843195,24.677093699999997,24.677093699999997,r7p5,-0.9679605000000038,gpu_kernel_active_ms,on,observed_damping,pointpillars+dino,-4.93465666907118,pointpillars,-1.2177298499999942,0.9506534333092882
871.0,80.0,80.0,clear,871.0,80.0,80.0,r7p5,0.0,kernel_count,on,observed_unchanged,pointpillars+dino,0.0,pointpillars,0.0,1.0
63.228985,49.03445874,49.03445874,clear,65.560371,49.25105943999999,49.25105943999999,r7p5,-2.331386000000002,kernel_span_ms,on,observed_damping,pointpillars+dino,-0.43978891512753693,pointpillars,-0.21660069999999365,0.9956021108487246
27.42875,36.441834799999995,36.441834799999995,clear,30.939825,35.45500848,35.45500848,r7p5,-3.511074999999998,waiting_ms,on,observed_amplification,pointpillars+dino,2.783319937877504,pointpillars,0.9868263199999987,1.027833199378775
33186.0,650.0,650.0,clear,34720.0,256.0,256.0,r7p5,-1534.0,input_point_count,on,observed_amplification,pointpillars+dino,153.90625,pointpillars,394.0,2.5390625
4205.0,1731.0,1731.0,clear,4286.0,1760.2799999999997,1760.2799999999997,r7p5,-81.0,occupied_voxel_count,on,observed_damping,pointpillars+dino,-1.6633717363146672,pointpillars,-29.279999999999745,0.9833662826368533
42.027004,13.355206279999997,13.355206279999997,clear,44.561318,13.091695640000005,13.091695640000005,r15,-2.534314000000002,inference_e2e_ms,on,observed_amplification,pointpillars+faster-rcnn,2.0128075632530606,faster-rcnn,0.2635106399999927,1.0201280756325306
32.738448,5.849886919999999,5.849886919999999,clear,32.983645,5.61861992,5.61861992,r15,-0.24519700000000455,gpu_kernel_active_ms,on,observed_amplification,pointpillars+faster-rcnn,4.116081943481942,faster-rcnn,0.231266999999999,1.0411608194348194
568.0,0.0,0.0,clear,568.0,0.0,0.0,r15,0.0,kernel_count,on,not_defined_zero_clear_width,pointpillars+faster-rcnn,,faster-rcnn,0.0,
41.182492,12.98369632,12.98369632,clear,43.37057,13.012416519999995,13.012416519999995,r15,-2.1880779999999973,kernel_span_ms,on,observed_damping,pointpillars+faster-rcnn,-0.22071380789150385,faster-rcnn,-0.02872019999999509,0.997792861921085
30.19104,15.99496096,15.99496096,clear,32.60625,17.183376520000003,17.183376520000003,r15,-2.415210000000002,waiting_ms,on,observed_damping,pointpillars+faster-rcnn,-6.916077050495795,faster-rcnn,-1.1884155600000028,0.930839229495042
1000.0,0.0,0.0,clear,1000.0,0.0,0.0,r15,0.0,proposal_count,on,not_defined_zero_clear_width,pointpillars+faster-rcnn,,faster-rcnn,0.0,
41.535662,13.241158760000005,13.241158760000005,clear,44.561318,13.091695640000005,13.091695640000005,r25,-3.025655999999998,inference_e2e_ms,on,observed_amplification,pointpillars+faster-rcnn,1.1416635713966228,faster-rcnn,0.14946312000000006,1.0114166357139662
32.428956,5.980147919999997,5.980147919999997,clear,32.983645,5.61861992,5.61861992,r25,-0.5546890000000033,gpu_kernel_active_ms,on,observed_amplification,pointpillars+faster-rcnn,6.434462646478423,faster-rcnn,0.3615279999999963,1.0643446264647842
568.0,0.0,0.0,clear,568.0,0.0,0.0,r25,0.0,kernel_count,on,not_defined_zero_clear_width,pointpillars+faster-rcnn,,faster-rcnn,0.0,
40.648908,13.057464960000004,13.057464960000004,clear,43.37057,13.012416519999995,13.012416519999995,r25,-2.721662000000002,kernel_span_ms,on,observed_amplification,pointpillars+faster-rcnn,0.34619580406736183,faster-rcnn,0.04504844000000929,1.0034619580406736
29.471014,18.546760359999997,18.546760359999997,clear,32.60625,17.183376520000003,17.183376520000003,r25,-3.1352360000000026,waiting_ms,on,observed_amplification,pointpillars+faster-rcnn,7.934318603873525,faster-rcnn,1.3633838399999938,1.0793431860387352
1000.0,0.0,0.0,clear,1000.0,0.0,0.0,r25,0.0,proposal_count,on,not_defined_zero_clear_width,pointpillars+faster-rcnn,,faster-rcnn,0.0,
40.924388,12.58949784,12.58949784,clear,44.561318,13.091695640000005,13.091695640000005,r50,-3.6369299999999996,inference_e2e_ms,on,observed_damping,pointpillars+faster-rcnn,-3.8360027135492136,faster-rcnn,-0.5021978000000047,0.9616399728645079
32.386355,6.1676525600000005,6.1676525600000005,clear,32.983645,5.61861992,5.61861992,r50,-0.597290000000001,gpu_kernel_active_ms,on,observed_amplification,pointpillars+faster-rcnn,9.771663643694195,faster-rcnn,0.5490326400000001,1.097716636436942
568.0,0.0,0.0,clear,568.0,0.0,0.0,r50,0.0,kernel_count,on,not_defined_zero_clear_width,pointpillars+faster-rcnn,,faster-rcnn,0.0,
40.09177,12.422050840000004,12.422050840000004,clear,43.37057,13.012416519999995,13.012416519999995,r50,-3.278800000000004,kernel_span_ms,on,observed_damping,pointpillars+faster-rcnn,-4.536941152264862,faster-rcnn,-0.5903656799999908,0.9546305884773514
29.130034,16.34588816,16.34588816,clear,32.60625,17.183376520000003,17.183376520000003,r50,-3.4762160000000044,waiting_ms,on,observed_damping,pointpillars+faster-rcnn,-4.873828836988093,faster-rcnn,-0.8374883600000018,0.9512617116301191
1000.0,0.0,0.0,clear,1000.0,0.0,0.0,r50,0.0,proposal_count,on,not_defined_zero_clear_width,pointpillars+faster-rcnn,,faster-rcnn,0.0,
41.611245,13.5215362,13.5215362,clear,44.561318,13.091695640000005,13.091695640000005,r7p5,-2.9500730000000033,inference_e2e_ms,on,observed_amplification,pointpillars+faster-rcnn,3.2833070048365,faster-rcnn,0.42984055999999526,1.032833070048365
32.255368,5.780346720000001,5.780346720000001,clear,32.983645,5.61861992,5.61861992,r7p5,-0.7282770000000056,gpu_kernel_active_ms,on,observed_amplification,pointpillars+faster-rcnn,2.878407906260372,faster-rcnn,0.16172680000000028,1.0287840790626037
568.0,0.0,0.0,clear,568.0,0.0,0.0,r7p5,0.0,kernel_count,on,not_defined_zero_clear_width,pointpillars+faster-rcnn,,faster-rcnn,0.0,
40.675585,13.506287040000004,13.506287040000004,clear,43.37057,13.012416519999995,13.012416519999995,r7p5,-2.6949850000000026,kernel_span_ms,on,observed_amplification,pointpillars+faster-rcnn,3.795378969316987,faster-rcnn,0.49387052000000864,1.0379537896931699
29.856475,15.205806639999999,15.205806639999999,clear,32.60625,17.183376520000003,17.183376520000003,r7p5,-2.749775000000003,waiting_ms,on,observed_damping,pointpillars+faster-rcnn,-11.508622171540495,faster-rcnn,-1.9775698800000043,0.884913778284595
1000.0,0.0,0.0,clear,1000.0,0.0,0.0,r7p5,0.0,proposal_count,on,not_defined_zero_clear_width,pointpillars+faster-rcnn,,faster-rcnn,0.0,
48.982515,28.193362499999996,28.193362499999996,clear,49.997606000000005,28.426339499999994,28.426339499999994,r15,-1.0150910000000053,inference_e2e_ms,on,observed_damping,pointpillars+faster-rcnn,-0.8195814308064486,pointpillars,-0.2329769999999982,0.9918041856919355
22.170282,13.9617605,13.9617605,clear,22.995610499999998,14.794947099999987,14.794947099999987,r15,-0.8253284999999977,gpu_kernel_active_ms,on,observed_damping,pointpillars+faster-rcnn,-5.63156187290449,pointpillars,-0.833186599999987,0.9436843812709551
871.0,80.0,80.0,clear,871.0,80.0,80.0,r15,0.0,kernel_count,on,observed_unchanged,pointpillars+faster-rcnn,0.0,pointpillars,0.0,1.0
48.204843,28.120673,28.120673,clear,49.244935,28.460598009999995,28.460598009999995,r15,-1.0400920000000013,kernel_span_ms,on,observed_damping,pointpillars+faster-rcnn,-1.194370581674209,pointpillars,-0.33992500999999464,0.9880562941832579
19.241932,23.9445475,23.9445475,clear,20.63704,23.32009641999999,23.32009641999999,r15,-1.3951080000000005,waiting_ms,on,observed_amplification,pointpillars+faster-rcnn,2.677737985098805,pointpillars,0.6244510800000072,1.026777379850988
33159.0,659.0,659.0,clear,34720.0,256.0,256.0,r15,-1561.0,input_point_count,on,observed_amplification,pointpillars+faster-rcnn,157.421875,pointpillars,403.0,2.57421875
4250.0,1725.0,1725.0,clear,4314.0,1758.0,1758.0,r15,-64.0,occupied_voxel_count,on,observed_damping,pointpillars+faster-rcnn,-1.8771331058020424,pointpillars,-33.0,0.9812286689419796
48.404289,29.44162312,29.44162312,clear,49.997606000000005,28.426339499999994,28.426339499999994,r25,-1.593317000000006,inference_e2e_ms,on,observed_amplification,pointpillars+faster-rcnn,3.571629825922562,pointpillars,1.0152836200000053,1.0357162982592256
21.825293,13.867593959999994,13.867593959999994,clear,22.995610499999998,14.794947099999987,14.794947099999987,r25,-1.1703174999999995,gpu_kernel_active_ms,on,observed_damping,pointpillars+faster-rcnn,-6.268039579539931,pointpillars,-0.9273531399999939,0.9373196042046007
871.0,80.0,80.0,clear,871.0,80.0,80.0,r25,0.0,kernel_count,on,observed_unchanged,pointpillars+faster-rcnn,0.0,pointpillars,0.0,1.0
47.637238,29.200785399999997,29.200785399999997,clear,49.244935,28.460598009999995,28.460598009999995,r25,-1.6076969999999946,kernel_span_ms,on,observed_amplification,pointpillars+faster-rcnn,2.6007443334111535,pointpillars,0.7401873900000027,1.0260074433341115
19.011145,24.237511479999995,24.237511479999995,clear,20.63704,23.32009641999999,23.32009641999999,r25,-1.6258949999999999,waiting_ms,on,observed_amplification,pointpillars+faster-rcnn,3.934010578160385,pointpillars,0.9174150600000033,1.0393401057816039
33093.0,677.0800000000017,677.0800000000017,clear,34720.0,256.0,256.0,r25,-1627.0,input_point_count,on,observed_amplification,pointpillars+faster-rcnn,164.48437500000068,pointpillars,421.08000000000175,2.644843750000007
4290.0,1735.0,1735.0,clear,4314.0,1758.0,1758.0,r25,-24.0,occupied_voxel_count,on,observed_damping,pointpillars+faster-rcnn,-1.3083048919226403,pointpillars,-23.0,0.9869169510807736
48.539143,28.5891428,28.5891428,clear,49.997606000000005,28.426339499999994,28.426339499999994,r50,-1.4584630000000018,inference_e2e_ms,on,observed_amplification,pointpillars+faster-rcnn,0.572719888890405,pointpillars,0.1628033000000073,1.005727198888904
21.887848,14.532188960000003,14.532188960000003,clear,22.995610499999998,14.794947099999987,14.794947099999987,r50,-1.1077624999999962,gpu_kernel_active_ms,on,observed_damping,pointpillars+faster-rcnn,-1.7759991855596735,pointpillars,-0.26275813999998476,0.9822400081444033
871.0,80.0,80.0,clear,871.0,80.0,80.0,r50,0.0,kernel_count,on,observed_unchanged,pointpillars+faster-rcnn,0.0,pointpillars,0.0,1.0
47.783679,28.364290479999998,28.364290479999998,clear,49.244935,28.460598009999995,28.460598009999995,r50,-1.4612559999999988,kernel_span_ms,on,observed_damping,pointpillars+faster-rcnn,-0.3383889894588932,pointpillars,-0.09630752999999714,0.9966161101054111
18.804982,23.508733239999998,23.508733239999998,clear,20.63704,23.32009641999999,23.32009641999999,r50,-1.832058,waiting_ms,on,observed_amplification,pointpillars+faster-rcnn,0.808902401613687,pointpillars,0.18863682000000637,1.0080890240161369
32838.0,805.3199999999997,805.3199999999997,clear,34720.0,256.0,256.0,r50,-1882.0,input_point_count,on,observed_amplification,pointpillars+faster-rcnn,214.5781249999999,pointpillars,549.3199999999997,3.145781249999999
4260.0,1725.96,1725.96,clear,4314.0,1758.0,1758.0,r50,-54.0,occupied_voxel_count,on,observed_damping,pointpillars+faster-rcnn,-1.8225255972696197,pointpillars,-32.039999999999964,0.9817747440273038
48.731774,28.094666999999998,28.094666999999998,clear,49.997606000000005,28.426339499999994,28.426339499999994,r7p5,-1.2658320000000032,inference_e2e_ms,on,observed_damping,pointpillars+faster-rcnn,-1.1667787897910564,pointpillars,-0.33167249999999626,0.9883322121020894
22.122412,14.654131499999998,14.654131499999998,clear,22.995610499999998,14.794947099999987,14.794947099999987,r7p5,-0.8731984999999973,gpu_kernel_active_ms,on,observed_damping,pointpillars+faster-rcnn,-0.9517817066070466,pointpillars,-0.14081559999998916,0.9904821829339295
871.0,80.0,80.0,clear,871.0,80.0,80.0,r7p5,0.0,kernel_count,on,observed_unchanged,pointpillars+faster-rcnn,0.0,pointpillars,0.0,1.0
47.932294,28.116950999999997,28.116950999999997,clear,49.244935,28.460598009999995,28.460598009999995,r7p5,-1.3126409999999993,kernel_span_ms,on,observed_damping,pointpillars+faster-rcnn,-1.2074483110975143,pointpillars,-0.343647009999998,0.9879255168890249
18.791836,23.939327999999996,23.939327999999996,clear,20.63704,23.32009641999999,23.32009641999999,r7p5,-1.845203999999999,waiting_ms,on,observed_amplification,pointpillars+faster-rcnn,2.6553560021687295,pointpillars,0.6192315800000046,1.0265535600216873
33187.0,650.0,650.0,clear,34720.0,256.0,256.0,r7p5,-1533.0,input_point_count,on,observed_amplification,pointpillars+faster-rcnn,153.90625,pointpillars,394.0,2.5390625
4240.0,1725.0,1725.0,clear,4314.0,1758.0,1758.0,r7p5,-74.0,occupied_voxel_count,on,observed_damping,pointpillars+faster-rcnn,-1.8771331058020424,pointpillars,-33.0,0.9812286689419796
60.4337455,19.548044669999996,19.548044669999996,clear,61.430538999999996,20.179993099999997,20.179993099999997,r15,-0.9967934999999954,inference_e2e_ms,on,observed_damping,pointpillars+mask-rcnn,-3.131559197609446,mask-rcnn,-0.6319484300000013,0.9686844080239055
47.383782,13.065866619999994,13.065866619999994,clear,47.6519855,14.949509199999994,14.949509199999994,r15,-0.2682035000000056,gpu_kernel_active_ms,on,observed_damping,pointpillars+mask-rcnn,-12.600029571539384,mask-rcnn,-1.88364258,0.8739997042846062
673.0,4.0,4.0,clear,673.0,4.0,4.0,r15,0.0,kernel_count,on,observed_unchanged,pointpillars+mask-rcnn,0.0,mask-rcnn,0.0,1.0
59.539754,19.464752079999997,19.464752079999997,clear,60.4022335,20.218534749999996,20.218534749999996,r15,-0.8624794999999992,kernel_span_ms,on,observed_damping,pointpillars+mask-rcnn,-3.7281765435549175,mask-rcnn,-0.7537826699999997,0.9627182345644508
36.1101525,19.829091560000002,19.829091560000002,clear,37.465607500000004,21.0747366,21.0747366,r15,-1.3554550000000063,waiting_ms,on,observed_damping,pointpillars+mask-rcnn,-5.9106078697087945,mask-rcnn,-1.2456450399999994,0.940893921302912
1000.0,0.0,0.0,clear,1000.0,0.0,0.0,r15,0.0,proposal_count,on,not_defined_zero_clear_width,pointpillars+mask-rcnn,,mask-rcnn,0.0,
60.540567499999995,21.514551250000004,21.514551250000004,clear,61.430538999999996,20.179993099999997,20.179993099999997,r25,-0.8899715000000015,inference_e2e_ms,on,observed_amplification,pointpillars+mask-rcnn,6.6132735694543365,mask-rcnn,1.3345581500000065,1.0661327356945434
47.0871215,16.058389599999998,16.058389599999998,clear,47.6519855,14.949509199999994,14.949509199999994,r25,-0.564864,gpu_kernel_active_ms,on,observed_amplification,pointpillars+mask-rcnn,7.4175037130985055,mask-rcnn,1.1088804000000039,1.074175037130985
673.0,4.0,4.0,clear,673.0,4.0,4.0,r25,0.0,kernel_count,on,observed_unchanged,pointpillars+mask-rcnn,0.0,mask-rcnn,0.0,1.0
59.7285765,21.51068914999999,21.51068914999999,clear,60.4022335,20.218534749999996,20.218534749999996,r25,-0.6736569999999986,kernel_span_ms,on,observed_amplification,pointpillars+mask-rcnn,6.390939877579371,mask-rcnn,1.292154399999994,1.0639093987757937
36.4496045,20.186635099999997,20.186635099999997,clear,37.465607500000004,21.0747366,21.0747366,r25,-1.0160030000000049,waiting_ms,on,observed_damping,pointpillars+mask-rcnn,-4.214057413177841,mask-rcnn,-0.8881015000000048,0.9578594258682216
1000.0,0.0,0.0,clear,1000.0,0.0,0.0,r25,0.0,proposal_count,on,not_defined_zero_clear_width,pointpillars+mask-rcnn,,mask-rcnn,0.0,
59.929783,21.350669699999976,21.350669699999976,clear,61.430538999999996,20.179993099999997,20.179993099999997,r50,-1.5007559999999955,inference_e2e_ms,on,observed_amplification,pointpillars+mask-rcnn,5.801174431521372,mask-rcnn,1.1706765999999789,1.0580117443152137
46.471155499999995,14.49202665,14.49202665,clear,47.6519855,14.949509199999994,14.949509199999994,r50,-1.1808300000000074,gpu_kernel_active_ms,on,observed_damping,pointpillars+mask-rcnn,-3.060184410602551,mask-rcnn,-0.4574825499999946,0.9693981558939745
673.0,4.0,4.0,clear,673.0,4.0,4.0,r50,0.0,kernel_count,on,observed_unchanged,pointpillars+mask-rcnn,0.0,mask-rcnn,0.0,1.0
59.07955,20.476724149999995,20.476724149999995,clear,60.4022335,20.218534749999996,20.218534749999996,r50,-1.3226835000000037,kernel_span_ms,on,observed_amplification,pointpillars+mask-rcnn,1.2769936258610448,mask-rcnn,0.2581893999999991,1.0127699362586104
36.4373375,21.0322006,21.0322006,clear,37.465607500000004,21.0747366,21.0747366,r50,-1.0282700000000062,waiting_ms,on,observed_damping,pointpillars+mask-rcnn,-0.20183407654073005,mask-rcnn,-0.042536000000001906,0.9979816592345927
1000.0,0.0,0.0,clear,1000.0,0.0,0.0,r50,0.0,proposal_count,on,not_defined_zero_clear_width,pointpillars+mask-rcnn,,mask-rcnn,0.0,
59.928403,18.053333049999992,18.053333049999992,clear,61.430538999999996,20.179993099999997,20.179993099999997,r7p5,-1.502135999999993,inference_e2e_ms,on,observed_damping,pointpillars+mask-rcnn,-10.538457765875087,mask-rcnn,-2.1266600500000052,0.8946154223412491
46.744105,13.306738950000003,13.306738950000003,clear,47.6519855,14.949509199999994,14.949509199999994,r7p5,-0.9078805000000045,gpu_kernel_active_ms,on,observed_damping,pointpillars+mask-rcnn,-10.988790521631254,mask-rcnn,-1.642770249999991,0.8901120947836875
673.0,4.0,4.0,clear,673.0,4.0,4.0,r7p5,0.0,kernel_count,on,observed_unchanged,pointpillars+mask-rcnn,0.0,mask-rcnn,0.0,1.0
59.0883685,17.960997650000003,17.960997650000003,clear,60.4022335,20.218534749999996,20.218534749999996,r7p5,-1.3138649999999998,kernel_span_ms,on,observed_damping,pointpillars+mask-rcnn,-11.165681034329122,mask-rcnn,-2.2575370999999933,0.8883431896567088
36.11738750000001,23.567885399999998,23.567885399999998,clear,37.465607500000004,21.0747366,21.0747366,r7p5,-1.3482199999999978,waiting_ms,on,observed_amplification,pointpillars+mask-rcnn,11.830035398876571,mask-rcnn,2.4931487999999966,1.1183003539887657
1000.0,0.0,0.0,clear,1000.0,0.0,0.0,r7p5,0.0,proposal_count,on,not_defined_zero_clear_width,pointpillars+mask-rcnn,,mask-rcnn,0.0,
53.186792,41.57718369000001,41.57718369000001,clear,54.428413,41.81898111999999,41.81898111999999,r15,-1.241621000000002,inference_e2e_ms,on,observed_damping,pointpillars+mask-rcnn,-0.5782001940844439,pointpillars,-0.241797429999977,0.9942179980591556
26.5949625,18.196241920000006,18.196241920000006,clear,27.975852,19.48778914,19.48778914,r15,-1.3808894999999985,gpu_kernel_active_ms,on,observed_damping,pointpillars+mask-rcnn,-6.6274691845315985,pointpillars,-1.2915472199999947,0.933725308154684
871.0,80.0,80.0,clear,871.0,80.0,80.0,r15,0.0,kernel_count,on,observed_unchanged,pointpillars+mask-rcnn,0.0,pointpillars,0.0,1.0
52.3204255,41.40911788000001,41.40911788000001,clear,53.741267,41.884406479999996,41.884406479999996,r15,-1.4208415000000016,kernel_span_ms,on,observed_damping,pointpillars+mask-rcnn,-1.1347626478291795,pointpillars,-0.47528859999998474,0.9886523735217082
22.9572445,26.900426040000003,26.900426040000003,clear,23.63077,28.020131780000003,28.020131780000003,r15,-0.6735254999999967,waiting_ms,on,observed_damping,pointpillars+mask-rcnn,-3.996075924236786,pointpillars,-1.1197057400000006,0.9600392407576321
33159.5,658.0,658.0,clear,34720.0,256.0,256.0,r15,-1560.5,input_point_count,on,observed_amplification,pointpillars+mask-rcnn,157.03125,pointpillars,402.0,2.5703125
4221.0,1727.0,1727.0,clear,4286.0,1758.0,1758.0,r15,-65.0,occupied_voxel_count,on,observed_damping,pointpillars+mask-rcnn,-1.7633674630261664,pointpillars,-31.0,0.9823663253697383
53.6886665,42.18021929,42.18021929,clear,54.428413,41.81898111999999,41.81898111999999,r25,-0.7397465000000025,inference_e2e_ms,on,observed_amplification,pointpillars+mask-rcnn,0.8638138958082964,pointpillars,0.36123817000000713,1.008638138958083
26.507416,19.30558819000001,19.30558819000001,clear,27.975852,19.48778914,19.48778914,r25,-1.4684360000000005,gpu_kernel_active_ms,on,observed_damping,pointpillars+mask-rcnn,-0.9349493094935601,pointpillars,-0.18220094999999148,0.9906505069050644
871.0,80.0,80.0,clear,871.0,80.0,80.0,r25,0.0,kernel_count,on,observed_unchanged,pointpillars+mask-rcnn,0.0,pointpillars,0.0,1.0
52.8818385,42.06334507,42.06334507,clear,53.741267,41.884406479999996,41.884406479999996,r25,-0.8594284999999999,kernel_span_ms,on,observed_amplification,pointpillars+mask-rcnn,0.42722006836946047,pointpillars,0.17893859000000134,1.0042722006836946
23.409791499999997,27.615784060000003,27.615784060000003,clear,23.63077,28.020131780000003,28.020131780000003,r25,-0.22097850000000108,waiting_ms,on,observed_damping,pointpillars+mask-rcnn,-1.4430614501556804,pointpillars,-0.4043477200000005,0.9855693854984432
33095.0,674.6299999999974,674.6299999999974,clear,34720.0,256.0,256.0,r25,-1625.0,input_point_count,on,observed_amplification,pointpillars+mask-rcnn,163.52734374999898,pointpillars,418.6299999999974,2.6352734374999898
4260.5,1735.0,1735.0,clear,4286.0,1758.0,1758.0,r25,-25.5,occupied_voxel_count,on,observed_damping,pointpillars+mask-rcnn,-1.3083048919226403,pointpillars,-23.0,0.9869169510807736
53.476344,40.956466560000024,40.956466560000024,clear,54.428413,41.81898111999999,41.81898111999999,r50,-0.9520690000000016,inference_e2e_ms,on,observed_damping,pointpillars+mask-rcnn,-2.062495395392272,pointpillars,-0.8625145599999655,0.9793750460460773
26.349652,19.89065696000002,19.89065696000002,clear,27.975852,19.48778914,19.48778914,r50,-1.6262000000000008,gpu_kernel_active_ms,on,observed_amplification,pointpillars+mask-rcnn,2.067283349105553,pointpillars,0.40286782000001864,1.0206728334910555
871.0,80.0,80.0,clear,871.0,80.0,80.0,r50,0.0,kernel_count,on,observed_unchanged,pointpillars+mask-rcnn,0.0,pointpillars,0.0,1.0
52.677358,41.168971879999994,41.168971879999994,clear,53.741267,41.884406479999996,41.884406479999996,r50,-1.0639090000000024,kernel_span_ms,on,observed_damping,pointpillars+mask-rcnn,-1.7081168389997958,pointpillars,-0.7154346000000018,0.982918831610002
23.225337,28.238003000000006,28.238003000000006,clear,23.63077,28.020131780000003,28.020131780000003,r50,-0.4054329999999986,waiting_ms,on,observed_amplification,pointpillars+mask-rcnn,0.7775524459007421,pointpillars,0.2178712200000028,1.0077755244590074
32838.0,810.0,810.0,clear,34720.0,256.0,256.0,r50,-1882.0,input_point_count,on,observed_amplification,pointpillars+mask-rcnn,216.40625,pointpillars,554.0,3.1640625
4229.0,1725.1599999999999,1725.1599999999999,clear,4286.0,1758.0,1758.0,r50,-57.0,occupied_voxel_count,on,observed_damping,pointpillars+mask-rcnn,-1.8680318543799812,pointpillars,-32.840000000000146,0.9813196814562002
53.5071,41.25690271,41.25690271,clear,54.428413,41.81898111999999,41.81898111999999,r7p5,-0.9213129999999978,inference_e2e_ms,on,observed_damping,pointpillars+mask-rcnn,-1.3440748553559922,pointpillars,-0.5620784099999909,0.9865592514464401
26.176681000000002,18.57945502,18.57945502,clear,27.975852,19.48778914,19.48778914,r7p5,-1.7991709999999976,gpu_kernel_active_ms,on,observed_damping,pointpillars+mask-rcnn,-4.661042427514683,pointpillars,-0.9083341199999992,0.9533895757248532
871.0,80.0,80.0,clear,871.0,80.0,80.0,r7p5,0.0,kernel_count,on,observed_unchanged,pointpillars+mask-rcnn,0.0,pointpillars,0.0,1.0
52.747953,41.14314571,41.14314571,clear,53.741267,41.884406479999996,41.884406479999996,r7p5,-0.993313999999998,kernel_span_ms,on,observed_damping,pointpillars+mask-rcnn,-1.7697774238580988,pointpillars,-0.7412607699999967,0.982302225761419
23.2206395,26.693117750000006,26.693117750000006,clear,23.63077,28.020131780000003,28.020131780000003,r7p5,-0.4101304999999975,waiting_ms,on,observed_damping,pointpillars+mask-rcnn,-4.735930724448567,pointpillars,-1.3270140299999973,0.9526406927555143
33187.0,650.0,650.0,clear,34720.0,256.0,256.0,r7p5,-1533.0,input_point_count,on,observed_amplification,pointpillars+mask-rcnn,153.90625,pointpillars,394.0,2.5390625
4205.0,1725.6599999999999,1725.6599999999999,clear,4286.0,1758.0,1758.0,r7p5,-81.0,occupied_voxel_count,on,observed_damping,pointpillars+mask-rcnn,-1.8395904436860122,pointpillars,-32.340000000000146,0.9816040955631399
40.449914,30.311285919999982,30.311285919999982,clear,45.5231885,30.176819550000054,30.176819550000054,r15,-5.073274500000004,inference_e2e_ms,on,observed_amplification,pointpillars+vit-upernet,0.44559490365487786,pointpillars,0.13446636999992734,1.0044559490365488
22.937796,12.174254640000001,12.174254640000001,clear,23.720985,12.831535700000007,12.831535700000007,r15,-0.7831890000000001,gpu_kernel_active_ms,on,observed_damping,pointpillars+vit-upernet,-5.122388117581322,pointpillars,-0.6572810600000061,0.9487761188241868
871.0,80.0,80.0,clear,871.0,80.0,80.0,r15,0.0,kernel_count,on,observed_unchanged,pointpillars+vit-upernet,0.0,pointpillars,0.0,1.0
39.903224,29.39100057999999,29.39100057999999,clear,44.3805095,29.882964900000015,29.882964900000015,r15,-4.477285500000001,kernel_span_ms,on,observed_damping,pointpillars+vit-upernet,-1.6463035767914191,pointpillars,-0.4919643200000259,0.9835369642320858
11.492721,23.067436739999994,23.067436739999994,clear,13.682223,23.988577250000002,23.988577250000002,r15,-2.189502000000001,waiting_ms,on,observed_damping,pointpillars+vit-upernet,-3.839913056953004,pointpillars,-0.9211405100000079,0.96160086943047
33159.0,658.8399999999965,658.8399999999965,clear,34720.0,256.0,256.0,r15,-1561.0,input_point_count,on,observed_amplification,pointpillars+vit-upernet,157.35937499999864,pointpillars,402.8399999999965,2.5735937499999864
4260.0,1724.6800000000003,1724.6800000000003,clear,4315.0,1758.8999999999996,1758.8999999999996,r15,-55.0,occupied_voxel_count,on,observed_damping,pointpillars+vit-upernet,-1.9455341406560578,pointpillars,-34.219999999999345,0.9805446585934394
40.652706,31.161127559999997,31.161127559999997,clear,45.5231885,30.176819550000054,30.176819550000054,r25,-4.870482500000001,inference_e2e_ms,on,observed_amplification,pointpillars+vit-upernet,3.2618016897673296,pointpillars,0.9843080099999426,1.0326180168976733
23.211935,11.919866240000001,11.919866240000001,clear,23.720985,12.831535700000007,12.831535700000007,r25,-0.5090499999999984,gpu_kernel_active_ms,on,observed_damping,pointpillars+vit-upernet,-7.1049130931382205,pointpillars,-0.9116694600000059,0.9289508690686178
871.0,80.0,80.0,clear,871.0,80.0,80.0,r25,0.0,kernel_count,on,observed_unchanged,pointpillars+vit-upernet,0.0,pointpillars,0.0,1.0
40.019458,29.797021119999993,29.797021119999993,clear,44.3805095,29.882964900000015,29.882964900000015,r25,-4.361051500000002,kernel_span_ms,on,observed_damping,pointpillars+vit-upernet,-0.28760124802751363,pointpillars,-0.08594378000002223,0.9971239875197249
11.39908,23.631052399999994,23.631052399999994,clear,13.682223,23.988577250000002,23.988577250000002,r25,-2.283143000000001,waiting_ms,on,observed_damping,pointpillars+vit-upernet,-1.4903962259787962,pointpillars,-0.3575248500000079,0.985096037740212
33093.0,674.0,674.0,clear,34720.0,256.0,256.0,r25,-1627.0,input_point_count,on,observed_amplification,pointpillars+vit-upernet,163.28125,pointpillars,418.0,2.6328125
4285.0,1735.0,1735.0,clear,4315.0,1758.8999999999996,1758.8999999999996,r25,-30.0,occupied_voxel_count,on,observed_damping,pointpillars+vit-upernet,-1.3588037978281675,pointpillars,-23.899999999999636,0.9864119620217183
39.0375985,30.582410700000025,30.582410700000025,clear,45.5231885,30.176819550000054,30.176819550000054,r50,-6.485590000000002,inference_e2e_ms,on,observed_amplification,pointpillars+vit-upernet,1.344048697139688,pointpillars,0.4055911499999709,1.0134404869713969
22.5765025,11.536229900000006,11.536229900000006,clear,23.720985,12.831535700000007,12.831535700000007,r50,-1.1444824999999987,gpu_kernel_active_ms,on,observed_damping,pointpillars+vit-upernet,-10.094705967267814,pointpillars,-1.2953058000000013,0.8990529403273219
871.0,80.0,80.0,clear,871.0,80.0,80.0,r50,0.0,kernel_count,on,observed_unchanged,pointpillars+vit-upernet,0.0,pointpillars,0.0,1.0
38.42755,29.840148200000005,29.840148200000005,clear,44.3805095,29.882964900000015,29.882964900000015,r50,-5.952959500000006,kernel_span_ms,on,observed_damping,pointpillars+vit-upernet,-0.14328129803482526,pointpillars,-0.042816700000010144,0.9985671870196517
10.753577,23.4507599,23.4507599,clear,13.682223,23.988577250000002,23.988577250000002,r50,-2.9286460000000005,waiting_ms,on,observed_damping,pointpillars+vit-upernet,-2.2419726872297097,pointpillars,-0.537817350000001,0.9775802731277029
32838.0,805.0500000000029,805.0500000000029,clear,34720.0,256.0,256.0,r50,-1882.0,input_point_count,on,observed_amplification,pointpillars+vit-upernet,214.47265625000114,pointpillars,549.0500000000029,3.1447265625000114
4259.0,1725.8999999999996,1725.8999999999996,clear,4315.0,1758.8999999999996,1758.8999999999996,r50,-56.0,occupied_voxel_count,on,observed_damping,pointpillars+vit-upernet,-1.8761726078799223,pointpillars,-33.0,0.9812382739212008
39.0201305,30.107591039999996,30.107591039999996,clear,45.5231885,30.176819550000054,30.176819550000054,r7p5,-6.503058000000003,inference_e2e_ms,on,observed_damping,pointpillars+vit-upernet,-0.22940956347422548,pointpillars,-0.06922851000005892,0.9977059043652577
22.520122999999998,12.094598349999998,12.094598349999998,clear,23.720985,12.831535700000007,12.831535700000007,r7p5,-1.2008620000000008,gpu_kernel_active_ms,on,observed_damping,pointpillars+vit-upernet,-5.74317343792301,pointpillars,-0.7369373500000087,0.9425682656207699
871.0,80.0,80.0,clear,871.0,80.0,80.0,r7p5,0.0,kernel_count,on,observed_unchanged,pointpillars+vit-upernet,0.0,pointpillars,0.0,1.0
38.336721499999996,29.87911225999998,29.87911225999998,clear,44.3805095,29.882964900000015,29.882964900000015,r7p5,-6.043788000000006,kernel_span_ms,on,observed_damping,pointpillars+vit-upernet,-0.012892428890254326,pointpillars,-0.0038526400000336025,0.9998710757110975
11.1610245,22.300253119999994,22.300253119999994,clear,13.682223,23.988577250000002,23.988577250000002,r7p5,-2.5211985000000006,waiting_ms,on,observed_damping,pointpillars+vit-upernet,-7.038033612435301,pointpillars,-1.6883241300000087,0.929619663875647
33187.0,650.0,650.0,clear,34720.0,256.0,256.0,r7p5,-1533.0,input_point_count,on,observed_amplification,pointpillars+vit-upernet,153.90625,pointpillars,394.0,2.5390625
4238.5,1727.46,1727.46,clear,4315.0,1758.8999999999996,1758.8999999999996,r7p5,-76.5,occupied_voxel_count,on,observed_damping,pointpillars+vit-upernet,-1.787480811871034,pointpillars,-31.4399999999996,0.9821251918812897
41.382631,11.946857800000004,11.946857800000004,clear,43.197837,12.118616920000001,12.118616920000001,r15,-1.8152059999999963,inference_e2e_ms,on,observed_damping,pointpillars+vit-upernet,-1.4173161932079403,vit-upernet,-0.17175911999999727,0.9858268380679206
37.4217185,5.956900520000005,5.956900520000005,clear,38.016263,6.165581039999999,6.165581039999999,r15,-0.5945445000000049,gpu_kernel_active_ms,on,observed_damping,pointpillars+vit-upernet,-3.3846042837836765,vit-upernet,-0.20868051999999437,0.9661539571621632
328.0,0.0,0.0,clear,328.0,0.0,0.0,r15,0.0,kernel_count,on,not_defined_zero_clear_width,pointpillars+vit-upernet,,vit-upernet,0.0,
41.036643,11.993307630000004,11.993307630000004,clear,42.786779,12.140065919999998,12.140065919999998,r15,-1.7501360000000048,kernel_span_ms,on,observed_damping,pointpillars+vit-upernet,-1.2088755610314972,vit-upernet,-0.14675828999999396,0.987911244389685
0.024993,0.2127862800000001,0.2127862800000001,clear,0.024303,0.18944527999999994,0.18944527999999994,r15,0.0006899999999999996,waiting_ms,on,observed_amplification,pointpillars+vit-upernet,12.320708122155466,vit-upernet,0.023341000000000167,1.1232070812215547
40.886714,11.659111959999997,11.659111959999997,clear,43.197837,12.118616920000001,12.118616920000001,r25,-2.311123000000002,inference_e2e_ms,on,observed_damping,pointpillars+vit-upernet,-3.791727744456208,vit-upernet,-0.45950496000000385,0.9620827225554379
37.357211,6.161109600000003,6.161109600000003,clear,38.016263,6.165581039999999,6.165581039999999,r25,-0.6590520000000026,gpu_kernel_active_ms,on,observed_damping,pointpillars+vit-upernet,-0.07252260526602328,vit-upernet,-0.004471439999996107,0.9992747739473398
328.0,0.0,0.0,clear,328.0,0.0,0.0,r25,0.0,kernel_count,on,not_defined_zero_clear_width,pointpillars+vit-upernet,,vit-upernet,0.0,
40.253771,11.564310079999998,11.564310079999998,clear,42.786779,12.140065919999998,12.140065919999998,r25,-2.5330080000000024,kernel_span_ms,on,observed_damping,pointpillars+vit-upernet,-4.742608844087726,vit-upernet,-0.5757558399999994,0.9525739115591227
0.025817,0.2358797599999999,0.2358797599999999,clear,0.024303,0.18944527999999994,0.18944527999999994,r25,0.001513999999999998,waiting_ms,on,observed_amplification,pointpillars+vit-upernet,24.510761102097646,vit-upernet,0.04643447999999997,1.2451076110209764
40.191037,12.096548120000001,12.096548120000001,clear,43.197837,12.118616920000001,12.118616920000001,r50,-3.0067999999999984,inference_e2e_ms,on,observed_damping,pointpillars+vit-upernet,-0.1821065897675056,vit-upernet,-0.022068799999999555,0.9981789341023249
37.176781,5.949934119999995,5.949934119999995,clear,38.016263,6.165581039999999,6.165581039999999,r50,-0.8394820000000038,gpu_kernel_active_ms,on,observed_damping,pointpillars+vit-upernet,-3.49759282379013,vit-upernet,-0.21564692000000463,0.9650240717620987
328.0,0.0,0.0,clear,328.0,0.0,0.0,r50,0.0,kernel_count,on,not_defined_zero_clear_width,pointpillars+vit-upernet,,vit-upernet,0.0,
39.646369,11.85869504,11.85869504,clear,42.786779,12.140065919999998,12.140065919999998,r50,-3.140410000000003,kernel_span_ms,on,observed_damping,pointpillars+vit-upernet,-2.3177047130893746,vit-upernet,-0.2813708799999972,0.9768229528691063
0.026132,0.31861264,0.31861264,clear,0.024303,0.18944527999999994,0.18944527999999994,r50,0.0018289999999999973,waiting_ms,on,observed_amplification,pointpillars+vit-upernet,68.18188344412704,vit-upernet,0.12916736000000006,1.6818188344412703
39.449881500000004,11.960973890000005,11.960973890000005,clear,43.197837,12.118616920000001,12.118616920000001,r7p5,-3.747955499999996,inference_e2e_ms,on,observed_damping,pointpillars+vit-upernet,-1.3008335112881464,vit-upernet,-0.15764302999999558,0.9869916648871185
36.4051265,6.514665219999998,6.514665219999998,clear,38.016263,6.165581039999999,6.165581039999999,r7p5,-1.6111365000000006,gpu_kernel_active_ms,on,observed_amplification,pointpillars+vit-upernet,5.661821290406688,vit-upernet,0.3490841799999984,1.0566182129040669
328.0,0.0,0.0,clear,328.0,0.0,0.0,r7p5,0.0,kernel_count,on,not_defined_zero_clear_width,pointpillars+vit-upernet,,vit-upernet,0.0,
38.9479805,11.880895440000003,11.880895440000003,clear,42.786779,12.140065919999998,12.140065919999998,r7p5,-3.838798500000003,kernel_span_ms,on,observed_damping,pointpillars+vit-upernet,-2.134835854334427,vit-upernet,-0.25917047999999454,0.9786516414566557
0.025189,0.06364232,0.06364232,clear,0.024303,0.18944527999999994,0.18944527999999994,r7p5,0.0008859999999999979,waiting_ms,on,observed_damping,pointpillars+vit-upernet,-66.40596165816324,vit-upernet,-0.12580295999999994,0.3359403834183677
31.195569,8.879972999999993,8.879972999999993,clear,31.869285,8.301104199999997,8.301104199999997,r15,-0.6737160000000024,inference_e2e_ms,on,observed_amplification,pointpillars+yolov3,6.97339517795712,pointpillars,0.5788687999999951,1.0697339517795712
19.290387,5.95292886,5.95292886,clear,19.784403,6.448973800000001,6.448973800000001,r15,-0.494016000000002,gpu_kernel_active_ms,on,observed_damping,pointpillars+yolov3,-7.6918430029906615,pointpillars,-0.4960449400000009,0.9230815699700934
871.0,80.0,80.0,clear,871.0,80.0,80.0,r15,0.0,kernel_count,on,observed_unchanged,pointpillars+yolov3,0.0,pointpillars,0.0,1.0
30.445742,8.799657819999993,8.799657819999993,clear,31.111797,8.158613599999995,8.158613599999995,r15,-0.6660550000000001,kernel_span_ms,on,observed_amplification,pointpillars+yolov3,7.857269034042713,pointpillars,0.6410442199999977,1.0785726903404271
8.410153,5.262909139999999,5.262909139999999,clear,8.627152,5.4419994,5.4419994,r15,-0.21699900000000127,waiting_ms,on,observed_damping,pointpillars+yolov3,-3.2908908442731866,pointpillars,-0.1790902600000015,0.9670910915572681
33159.0,658.8399999999965,658.8399999999965,clear,34720.0,256.0,256.0,r15,-1561.0,input_point_count,on,observed_amplification,pointpillars+yolov3,157.35937499999864,pointpillars,402.8399999999965,2.5735937499999864
4260.0,1724.6800000000003,1724.6800000000003,clear,4318.0,1758.8000000000002,1758.8000000000002,r15,-58.0,occupied_voxel_count,on,observed_damping,pointpillars+yolov3,-1.9399590629974872,pointpillars,-34.11999999999989,0.9806004093700251
31.1859555,9.627545209999997,9.627545209999997,clear,31.869285,8.301104199999997,8.301104199999997,r25,-0.6833295000000028,inference_e2e_ms,on,observed_amplification,pointpillars+yolov3,15.979091191265859,pointpillars,1.32644101,1.1597909119126586
19.192814,6.254569660000005,6.254569660000005,clear,19.784403,6.448973800000001,6.448973800000001,r25,-0.5915890000000026,gpu_kernel_active_ms,on,observed_damping,pointpillars+yolov3,-3.014497283273132,pointpillars,-0.19440413999999606,0.9698550271672687
871.0,80.0,80.0,clear,871.0,80.0,80.0,r25,0.0,kernel_count,on,observed_unchanged,pointpillars+yolov3,0.0,pointpillars,0.0,1.0
30.430664999999998,9.59578509,9.59578509,clear,31.111797,8.158613599999995,8.158613599999995,r25,-0.6811320000000016,kernel_span_ms,on,observed_amplification,pointpillars+yolov3,17.61538859984746,pointpillars,1.4371714900000043,1.1761538859984746
8.079906000000001,6.591147620000002,6.591147620000002,clear,8.627152,5.4419994,5.4419994,r25,-0.5472459999999995,waiting_ms,on,observed_amplification,pointpillars+yolov3,21.11628714990306,pointpillars,1.1491482200000016,1.2111628714990306
33093.0,677.2900000000009,677.2900000000009,clear,34720.0,256.0,256.0,r25,-1627.0,input_point_count,on,observed_amplification,pointpillars+yolov3,164.56640625000034,pointpillars,421.2900000000009,2.6456640625000034
4285.0,1735.0,1735.0,clear,4318.0,1758.8000000000002,1758.8000000000002,r25,-33.0,occupied_voxel_count,on,observed_damping,pointpillars+yolov3,-1.3531953604730584,pointpillars,-23.800000000000182,0.9864680463952694
31.577972,9.453742759999994,9.453742759999994,clear,31.869285,8.301104199999997,8.301104199999997,r50,-0.2913130000000024,inference_e2e_ms,on,observed_amplification,pointpillars+yolov3,13.885364310931037,pointpillars,1.1526385599999962,1.1388536431093104
19.695699,6.63594732,6.63594732,clear,19.784403,6.448973800000001,6.448973800000001,r50,-0.0887039999999999,gpu_kernel_active_ms,on,observed_amplification,pointpillars+yolov3,2.899275540551871,pointpillars,0.18697351999999867,1.0289927554055187
871.0,80.0,80.0,clear,871.0,80.0,80.0,r50,0.0,kernel_count,on,observed_unchanged,pointpillars+yolov3,0.0,pointpillars,0.0,1.0
30.774389,9.30902202,9.30902202,clear,31.111797,8.158613599999995,8.158613599999995,r50,-0.33740799999999993,kernel_span_ms,on,observed_amplification,pointpillars+yolov3,14.100538111034044,pointpillars,1.150408420000005,1.1410053811103404
8.440687,5.168748839999993,5.168748839999993,clear,8.627152,5.4419994,5.4419994,r50,-0.1864650000000001,waiting_ms,on,observed_damping,pointpillars+yolov3,-5.021142780721499,pointpillars,-0.27325056000000725,0.949788572192785
32838.0,804.7799999999988,804.7799999999988,clear,34720.0,256.0,256.0,r50,-1882.0,input_point_count,on,observed_amplification,pointpillars+yolov3,214.36718749999955,pointpillars,548.7799999999988,3.1436718749999955
4260.0,1725.8400000000001,1725.8400000000001,clear,4318.0,1758.8000000000002,1758.8000000000002,r50,-58.0,occupied_voxel_count,on,observed_damping,pointpillars+yolov3,-1.8740050034114164,pointpillars,-32.960000000000036,0.9812599499658858
31.233207,10.092000080000002,10.092000080000002,clear,31.869285,8.301104199999997,8.301104199999997,r7p5,-0.6360780000000013,inference_e2e_ms,on,observed_amplification,pointpillars+yolov3,21.574188648300606,pointpillars,1.7908958800000043,1.215741886483006
19.480646,6.850888580000003,6.850888580000003,clear,19.784403,6.448973800000001,6.448973800000001,r7p5,-0.30375700000000094,gpu_kernel_active_ms,on,observed_amplification,pointpillars+yolov3,6.232228451602673,pointpillars,0.401914780000002,1.0623222845160267
871.0,80.0,80.0,clear,871.0,80.0,80.0,r7p5,0.0,kernel_count,on,observed_unchanged,pointpillars+yolov3,0.0,pointpillars,0.0,1.0
30.472176,10.022857000000005,10.022857000000005,clear,31.111797,8.158613599999995,8.158613599999995,r7p5,-0.6396209999999982,kernel_span_ms,on,observed_amplification,pointpillars+yolov3,22.850002358243948,pointpillars,1.86424340000001,1.2285000235824395
7.870491,6.236801840000003,6.236801840000003,clear,8.627152,5.4419994,5.4419994,r7p5,-0.7566610000000003,waiting_ms,on,observed_amplification,pointpillars+yolov3,14.604971106759068,pointpillars,0.7948024400000024,1.1460497110675907
33187.0,650.0,650.0,clear,34720.0,256.0,256.0,r7p5,-1533.0,input_point_count,on,observed_amplification,pointpillars+yolov3,153.90625,pointpillars,394.0,2.5390625
4237.0,1727.7600000000002,1727.7600000000002,clear,4318.0,1758.8000000000002,1758.8000000000002,r7p5,-81.0,occupied_voxel_count,on,observed_damping,pointpillars+yolov3,-1.7648396634068697,pointpillars,-31.039999999999964,0.9823516033659313
11.359732,11.443346039999998,11.443346039999998,clear,12.052623,12.528916239999996,12.528916239999996,r15,-0.6928910000000013,inference_e2e_ms,on,observed_damping,pointpillars+yolov3,-8.664517977494256,yolov3,-1.0855701999999976,0.9133548202250574
5.95675,3.0717529599999995,3.0717529599999995,clear,6.47595,2.18459876,2.18459876,r15,-0.5191999999999997,gpu_kernel_active_ms,on,observed_amplification,pointpillars+yolov3,40.609480159184905,yolov3,0.8871541999999994,1.406094801591849
468.0,0.0,0.0,clear,468.0,0.0,0.0,r15,0.0,kernel_count,on,not_defined_zero_clear_width,pointpillars+yolov3,,yolov3,0.0,
10.687648,11.416828919999999,11.416828919999999,clear,11.465197,12.126226599999997,12.126226599999997,r15,-0.7775490000000005,kernel_span_ms,on,observed_damping,pointpillars+yolov3,-5.8501107013784415,yolov3,-0.7093976799999986,0.9414988929862156
0.920478,7.973360959999999,7.973360959999999,clear,2.026968,7.14570388,7.14570388,r15,-1.10649,waiting_ms,on,observed_amplification,pointpillars+yolov3,11.582582960322707,yolov3,0.8276570799999989,1.115825829603227
11.089404,12.597111839999998,12.597111839999998,clear,12.052623,12.528916239999996,12.528916239999996,r25,-0.9632190000000005,inference_e2e_ms,on,observed_amplification,pointpillars+yolov3,0.5443056581564631,yolov3,0.0681956000000028,1.0054430565815646
6.294204,2.5558053999999997,2.5558053999999997,clear,6.47595,2.18459876,2.18459876,r25,-0.1817460000000004,gpu_kernel_active_ms,on,observed_amplification,pointpillars+yolov3,16.99198254603054,yolov3,0.3712066399999996,1.1699198254603054
468.0,0.0,0.0,clear,468.0,0.0,0.0,r25,0.0,kernel_count,on,not_defined_zero_clear_width,pointpillars+yolov3,,yolov3,0.0,
10.427179,12.317954320000002,12.317954320000002,clear,11.465197,12.126226599999997,12.126226599999997,r25,-1.0380179999999992,kernel_span_ms,on,observed_amplification,pointpillars+yolov3,1.5810995977924902,yolov3,0.1917277200000047,1.015810995977925
1.430253,8.89097692,8.89097692,clear,2.026968,7.14570388,7.14570388,r25,-0.5967150000000001,waiting_ms,on,observed_amplification,pointpillars+yolov3,24.424088505609888,yolov3,1.7452730399999998,1.2442408850560989
11.688253,12.01311332,12.01311332,clear,12.052623,12.528916239999996,12.528916239999996,r50,-0.36437000000000097,inference_e2e_ms,on,observed_damping,pointpillars+yolov3,-4.116899739126955,yolov3,-0.5158029199999952,0.9588310026087304
6.261551,2.16587804,2.16587804,clear,6.47595,2.18459876,2.18459876,r50,-0.21439900000000023,gpu_kernel_active_ms,on,observed_damping,pointpillars+yolov3,-0.8569408873966511,yolov3,-0.018720720000000135,0.9914305911260335
468.0,0.0,0.0,clear,468.0,0.0,0.0,r50,0.0,kernel_count,on,not_defined_zero_clear_width,pointpillars+yolov3,,yolov3,0.0,
11.050339,11.624002319999999,11.624002319999999,clear,11.465197,12.126226599999997,12.126226599999997,r50,-0.4148580000000006,kernel_span_ms,on,observed_damping,pointpillars+yolov3,-4.141636937577919,yolov3,-0.5022242799999983,0.9585836306242208
1.609514,8.019119759999999,8.019119759999999,clear,2.026968,7.14570388,7.14570388,r50,-0.4174540000000002,waiting_ms,on,observed_amplification,pointpillars+yolov3,12.222950946016509,yolov3,0.8734158799999987,1.122229509460165
11.456329,11.653315639999997,11.653315639999997,clear,12.052623,12.528916239999996,12.528916239999996,r7p5,-0.5962940000000003,inference_e2e_ms,on,observed_damping,pointpillars+yolov3,-6.988637989330182,yolov3,-0.8756005999999985,0.9301136201066982
6.196043,2.933682919999998,2.933682919999998,clear,6.47595,2.18459876,2.18459876,r7p5,-0.2799069999999997,gpu_kernel_active_ms,on,observed_amplification,pointpillars+yolov3,34.28932459890246,yolov3,0.749084159999998,1.3428932459890246
468.0,0.0,0.0,clear,468.0,0.0,0.0,r7p5,0.0,kernel_count,on,not_defined_zero_clear_width,pointpillars+yolov3,,yolov3,0.0,
10.746052,11.50187736,11.50187736,clear,11.465197,12.126226599999997,12.126226599999997,r7p5,-0.7191449999999993,kernel_span_ms,on,observed_damping,pointpillars+yolov3,-5.1487512199384184,yolov3,-0.6243492399999973,0.9485124878006158
1.328096,7.42716484,7.42716484,clear,2.026968,7.14570388,7.14570388,r7p5,-0.6988720000000002,waiting_ms,on,observed_amplification,pointpillars+yolov3,3.938883624715772,yolov3,0.28146095999999954,1.0393888362471577
