adverse_median_ms,adverse_p0_p99_range_ms,adverse_width_ms,clear_baseline_id,clear_median_ms,clear_p0_p99_range_ms,clear_width_ms,condition_id,median_change_ms,module,mps_mode,observed_label,pair_id,percentage_change,target_model,variation_change_ms,variation_factor
7.971983,4.10906868,4.10906868,clear,8.353199499999999,4.01411272,4.01411272,r15,-0.38121649999999896,backbone,off,observed_amplification,3dssd+deeplabv3plus,2.3655529035567335,3dssd,0.09495596000000006,1.0236555290355673
8.244259,4.105665519999999,4.105665519999999,clear,8.353199499999999,4.01411272,4.01411272,r25,-0.10894049999999922,backbone,off,observed_amplification,3dssd+deeplabv3plus,2.2807730222383693,3dssd,0.09155279999999877,1.0228077302223837
8.275629,4.156955220000003,4.156955220000003,clear,8.353199499999999,4.01411272,4.01411272,r50,-0.07757049999999843,backbone,off,observed_amplification,3dssd+deeplabv3plus,3.558507445202075,3dssd,0.1428425000000031,1.0355850744520207
8.057071,4.08817076,4.08817076,clear,8.353199499999999,4.01411272,4.01411272,r7p5,-0.29612849999999824,backbone,off,observed_amplification,3dssd+deeplabv3plus,1.8449417135451007,3dssd,0.07405803999999971,1.018449417135451
72.517854,64.51185080000002,64.51185080000002,clear,71.9115885,66.54556560999998,66.54556560999998,r15,0.6062655000000063,bbox_head,off,observed_damping,3dssd+deeplabv3plus,-3.0561237121626506,3dssd,-2.033714809999964,0.9694387628783735
72.111074,63.06129674,63.06129674,clear,71.9115885,66.54556560999998,66.54556560999998,r25,0.19948550000000864,bbox_head,off,observed_damping,3dssd+deeplabv3plus,-5.23591442654503,3dssd,-3.4842688699999798,0.9476408557345497
72.983875,65.10213482,65.10213482,clear,71.9115885,66.54556560999998,66.54556560999998,r50,1.0722865000000041,bbox_head,off,observed_damping,3dssd+deeplabv3plus,-2.1690863647615743,3dssd,-1.4434307899999794,0.9783091363523843
72.290174,61.92930048,61.92930048,clear,71.9115885,66.54556560999998,66.54556560999998,r7p5,0.3785854999999998,bbox_head,off,observed_damping,3dssd+deeplabv3plus,-6.936998863386745,3dssd,-4.616265129999981,0.9306300113661325
0.262392,0.11757812000000009,0.11757812000000009,clear,0.2676365,0.11749255,0.11749255,r15,-0.005244499999999985,data_preprocessor,off,observed_amplification,3dssd+deeplabv3plus,0.07283014965637769,3dssd,8.55700000000903e-05,1.0007283014965638
0.269264,0.14555267999999988,0.14555267999999988,clear,0.2676365,0.11749255,0.11749255,r25,0.001627500000000004,data_preprocessor,off,observed_amplification,3dssd+deeplabv3plus,23.88247595273052,3dssd,0.028060129999999878,1.2388247595273052
0.266668,0.1383451800000001,0.1383451800000001,clear,0.2676365,0.11749255,0.11749255,r50,-0.0009684999999999833,data_preprocessor,off,observed_amplification,3dssd+deeplabv3plus,17.748044450477995,3dssd,0.020852630000000094,1.17748044450478
0.262435,0.11860988000000006,0.11860988000000006,clear,0.2676365,0.11749255,0.11749255,r7p5,-0.0052015000000000255,data_preprocessor,off,observed_amplification,3dssd+deeplabv3plus,0.9509794450797582,3dssd,0.0011173300000000552,1.0095097944507976
4.913129,1.92809076,1.92809076,clear,4.855239,2.490781759999999,2.490781759999999,r15,0.05788999999999955,backbone,off,observed_damping,3dssd+deeplabv3plus,-22.59093948078371,deeplabv3plus,-0.5626909999999992,0.7740906051921629
4.963869,2.360545919999999,2.360545919999999,clear,4.855239,2.490781759999999,2.490781759999999,r25,0.10862999999999978,backbone,off,observed_damping,3dssd+deeplabv3plus,-5.2287134140568075,deeplabv3plus,-0.1302358400000001,0.9477128658594319
5.137525500000001,2.1078134399999993,2.1078134399999993,clear,4.855239,2.490781759999999,2.490781759999999,r50,0.28228650000000055,backbone,off,observed_damping,3dssd+deeplabv3plus,-15.37542654881172,deeplabv3plus,-0.3829683199999998,0.8462457345118828
5.258392,2.6818228799999995,2.6818228799999995,clear,4.855239,2.490781759999999,2.490781759999999,r7p5,0.40315299999999965,backbone,off,observed_amplification,3dssd+deeplabv3plus,7.669926087783807,deeplabv3plus,0.1910411200000004,1.076699260877838
0.617445,2.3776417199999997,2.3776417199999997,clear,0.593971,2.3254298799999997,2.3254298799999997,r15,0.023473999999999995,data_preprocessor,off,observed_amplification,3dssd+deeplabv3plus,2.2452554019818383,deeplabv3plus,0.05221184000000001,1.0224525540198184
0.595839,2.4769562,2.4769562,clear,0.593971,2.3254298799999997,2.3254298799999997,r25,0.0018679999999999808,data_preprocessor,off,observed_amplification,3dssd+deeplabv3plus,6.5160562914931,deeplabv3plus,0.15152632000000033,1.065160562914931
0.59641,2.213690609999999,2.213690609999999,clear,0.593971,2.3254298799999997,2.3254298799999997,r50,0.002438999999999969,data_preprocessor,off,observed_damping,3dssd+deeplabv3plus,-4.805101670061996,deeplabv3plus,-0.11173927000000061,0.95194898329938
0.610373,2.40976128,2.40976128,clear,0.593971,2.3254298799999997,2.3254298799999997,r7p5,0.016402000000000028,data_preprocessor,off,observed_amplification,3dssd+deeplabv3plus,3.6264864713960066,deeplabv3plus,0.08433140000000039,1.03626486471396
1.421013,0.6089250799999999,0.6089250799999999,clear,1.415235,0.6415154399999998,0.6415154399999998,r15,0.005778000000000061,decode_head,off,observed_damping,3dssd+deeplabv3plus,-5.080214437239416,deeplabv3plus,-0.03259035999999993,0.9491978556276058
1.415523,0.591459,0.591459,clear,1.415235,0.6415154399999998,0.6415154399999998,r25,0.000288000000000066,decode_head,off,observed_damping,3dssd+deeplabv3plus,-7.802842594092496,deeplabv3plus,-0.05005643999999987,0.921971574059075
1.4512369999999999,0.5791396199999992,0.5791396199999992,clear,1.415235,0.6415154399999998,0.6415154399999998,r50,0.03600199999999987,decode_head,off,observed_damping,3dssd+deeplabv3plus,-9.723198556218794,deeplabv3plus,-0.06237582000000064,0.9027680144378121
1.472036,0.8341789199999996,0.8341789199999996,clear,1.415235,0.6415154399999998,0.6415154399999998,r7p5,0.05680099999999988,decode_head,off,observed_amplification,3dssd+deeplabv3plus,30.03255541285177,deeplabv3plus,0.19266347999999978,1.3003255541285177
7.744567,3.872707600000001,3.872707600000001,clear,7.627169,3.8915253200000013,3.8915253200000013,r15,0.11739799999999967,backbone,off,observed_damping,3dssd+detr,-0.483556406617458,3dssd,-0.01881772000000037,0.9951644359338254
7.667778,3.965107660000001,3.965107660000001,clear,7.627169,3.8915253200000013,3.8915253200000013,r25,0.040608999999999895,backbone,off,observed_amplification,3dssd+detr,1.8908354423863738,3dssd,0.07358233999999975,1.0189083544238637
7.5847014999999995,3.8902300100000007,3.8902300100000007,clear,7.627169,3.8915253200000013,3.8915253200000013,r50,-0.04246750000000077,backbone,off,observed_damping,3dssd+detr,-0.03328540593950935,3dssd,-0.0012953100000006046,0.9996671459406049
7.686325999999999,3.7696258200000017,3.7696258200000017,clear,7.627169,3.8915253200000013,3.8915253200000013,r7p5,0.059156999999999016,backbone,off,observed_damping,3dssd+detr,-3.132434970254794,3dssd,-0.1218994999999996,0.9686756502974521
55.608686,46.88191476,46.88191476,clear,55.608575,51.02306928,51.02306928,r15,0.00011099999999686361,bbox_head,off,observed_damping,3dssd+detr,-8.11623953328744,3dssd,-4.141154520000001,0.9188376046671256
55.894669,45.94161944,45.94161944,clear,55.608575,51.02306928,51.02306928,r25,0.2860939999999985,bbox_head,off,observed_damping,3dssd+detr,-9.959122239617656,3dssd,-5.081449840000005,0.9004087776038234
56.056829,45.56902057,45.56902057,clear,55.608575,51.02306928,51.02306928,r50,0.4482539999999986,bbox_head,off,observed_damping,3dssd+detr,-10.689377936222822,3dssd,-5.454048710000002,0.8931062206377718
55.499561,44.214161530000005,44.214161530000005,clear,55.608575,51.02306928,51.02306928,r7p5,-0.10901400000000194,bbox_head,off,observed_damping,3dssd+detr,-13.344763155337947,3dssd,-6.808907749999996,0.8665523684466205
0.264781,0.10631602000000004,0.10631602000000004,clear,0.252982,0.13362904000000014,0.13362904000000014,r15,0.011799000000000004,data_preprocessor,off,observed_damping,3dssd+detr,-20.4394344223382,3dssd,-0.027313020000000104,0.795605655776618
0.255178,0.12229726000000005,0.12229726000000005,clear,0.252982,0.13362904000000014,0.13362904000000014,r25,0.0021960000000000313,data_preprocessor,off,observed_damping,3dssd+detr,-8.480027993915161,3dssd,-0.011331780000000097,0.9151997200608484
0.255571,0.12812632999999982,0.12812632999999982,clear,0.252982,0.13362904000000014,0.13362904000000014,r50,0.002589000000000008,data_preprocessor,off,observed_damping,3dssd+detr,-4.117899821775506,3dssd,-0.005502710000000327,0.9588210017822449
0.25906799999999996,0.13006789,0.13006789,clear,0.252982,0.13362904000000014,0.13362904000000014,r7p5,0.00608599999999998,data_preprocessor,off,observed_damping,3dssd+detr,-2.6649521690795264,3dssd,-0.0035611500000001517,0.9733504783092047
3.7605665000000004,2.4890083999999977,2.4890083999999977,clear,3.8374870000000003,2.186210399999999,2.186210399999999,r15,-0.07692049999999995,backbone,off,observed_amplification,3dssd+detr,13.850359507941178,detr,0.3027979999999988,1.1385035950794118
3.753067,1.4715226799999996,1.4715226799999996,clear,3.8374870000000003,2.186210399999999,2.186210399999999,r25,-0.08442000000000016,backbone,off,observed_damping,3dssd+detr,-32.69071083002806,detr,-0.7146877199999992,0.6730928916997194
3.6943355,2.2178140999999982,2.2178140999999982,clear,3.8374870000000003,2.186210399999999,2.186210399999999,r50,-0.1431515000000001,backbone,off,observed_amplification,3dssd+detr,1.4455927938134217,detr,0.031603699999999346,1.0144559279381342
3.91599,2.23948856,2.23948856,clear,3.8374870000000003,2.186210399999999,2.186210399999999,r7p5,0.07850299999999955,backbone,off,observed_amplification,3dssd+detr,2.4370097223945564,detr,0.05327816000000096,1.0243700972239456
28.8785005,33.91771369999999,33.91771369999999,clear,28.597403,35.3317787,35.3317787,r15,0.28109750000000133,bbox_head,off,observed_damping,3dssd+detr,-4.0022468498026935,detr,-1.414065000000008,0.9599775315019731
28.870908,33.20078524,33.20078524,clear,28.597403,35.3317787,35.3317787,r25,0.2735050000000001,bbox_head,off,observed_damping,3dssd+detr,-6.03137894102116,detr,-2.130993459999999,0.9396862105897884
28.952021000000002,34.2444729,34.2444729,clear,28.597403,35.3317787,35.3317787,r50,0.3546180000000021,bbox_head,off,observed_damping,3dssd+detr,-3.0774159694371805,detr,-1.0873058000000029,0.9692258403056282
28.948709,34.84715712,34.84715712,clear,28.597403,35.3317787,35.3317787,r7p5,0.351306000000001,bbox_head,off,observed_damping,3dssd+detr,-1.37163085989781,detr,-0.48462158000000244,0.9862836914010219
1.9915915,2.5491627499999994,2.5491627499999994,clear,1.9263485,2.60848035,2.60848035,r15,0.06524299999999994,data_preprocessor,off,observed_damping,3dssd+detr,-2.2740290146329944,detr,-0.059317600000000414,0.97725970985367
1.873019,2.46356116,2.46356116,clear,1.9263485,2.60848035,2.60848035,r25,-0.05332950000000003,data_preprocessor,off,observed_damping,3dssd+detr,-5.555694141993439,detr,-0.14491918999999998,0.9444430585800656
1.6297570000000001,2.45057745,2.45057745,clear,1.9263485,2.60848035,2.60848035,r50,-0.2965914999999999,data_preprocessor,off,observed_damping,3dssd+detr,-6.053444105875661,detr,-0.15790289999999985,0.9394655589412434
1.953769,2.67531164,2.67531164,clear,1.9263485,2.60848035,2.60848035,r7p5,0.02742050000000007,data_preprocessor,off,observed_amplification,3dssd+detr,2.5620775713338206,detr,0.0668312900000001,1.0256207757133382
4.9361619999999995,2.775065549999998,2.775065549999998,clear,5.0646629999999995,2.7710941,2.7710941,r15,-0.12850099999999998,decoder,off,observed_amplification,3dssd+detr,0.1433170385660265,detr,0.0039714499999981,1.0014331703856603
4.971766,1.8875555999999998,1.8875555999999998,clear,5.0646629999999995,2.7710941,2.7710941,r25,-0.09289699999999979,decoder,off,observed_damping,3dssd+detr,-31.88410310570111,detr,-0.8835385000000002,0.6811589689429889
5.0290045,2.421094349999998,2.421094349999998,clear,5.0646629999999995,2.7710941,2.7710941,r50,-0.03565849999999937,decoder,off,observed_damping,3dssd+detr,-12.630381263487301,detr,-0.34999975000000205,0.873696187365127
5.031894,2.5622127199999998,2.5622127199999998,clear,5.0646629999999995,2.7710941,2.7710941,r7p5,-0.03276899999999916,decoder,off,observed_damping,3dssd+detr,-7.537866722028685,detr,-0.20888138000000023,0.9246213327797131
3.31752,1.9674441499999995,1.9674441499999995,clear,3.4033505,1.6453494499999994,1.6453494499999994,r15,-0.08583050000000014,encoder,off,observed_amplification,3dssd+detr,19.576066348701794,detr,0.32209470000000007,1.195760663487018
3.306366,1.2028947999999997,1.2028947999999997,clear,3.4033505,1.6453494499999994,1.6453494499999994,r25,-0.09698450000000003,encoder,off,observed_damping,3dssd+detr,-26.891226663126176,detr,-0.4424546499999997,0.7310877333687382
3.2958815,1.7003187499999988,1.7003187499999988,clear,3.4033505,1.6453494499999994,1.6453494499999994,r50,-0.10746900000000004,encoder,off,observed_amplification,3dssd+detr,3.340889073746567,detr,0.05496929999999933,1.0334088907374657
3.39418,1.7737281599999997,1.7737281599999997,clear,3.4033505,1.6453494499999994,1.6453494499999994,r7p5,-0.009170500000000192,encoder,off,observed_amplification,3dssd+detr,7.8025193979309515,detr,0.12837871000000023,1.0780251939793095
0.0801425,0.043281650000000005,0.043281650000000005,clear,0.0818745,0.047900549999999986,0.047900549999999986,r15,-0.0017319999999999974,neck,off,observed_damping,3dssd+detr,-9.642686774995246,detr,-0.004618899999999981,0.9035731322500475
0.079911,0.03767376,0.03767376,clear,0.0818745,0.047900549999999986,0.047900549999999986,r25,-0.001963500000000007,neck,off,observed_damping,3dssd+detr,-21.350047128895156,detr,-0.010226789999999986,0.7864995287110484
0.0795365,0.03995434999999997,0.03995434999999997,clear,0.0818745,0.047900549999999986,0.047900549999999986,r50,-0.0023380000000000067,neck,off,observed_damping,3dssd+detr,-16.588953571514352,detr,-0.007946200000000014,0.8341104642848565
0.085785,0.04391063999999999,0.04391063999999999,clear,0.0818745,0.047900549999999986,0.047900549999999986,r7p5,0.003910499999999997,neck,off,observed_damping,3dssd+detr,-8.329570328524415,detr,-0.003989909999999999,0.9167042967147558
0.469197,0.2584450499999999,0.2584450499999999,clear,0.47334149999999997,0.29094334999999966,0.29094334999999966,r15,-0.004144499999999995,positional_encoding,off,observed_damping,3dssd+detr,-11.169975185890923,detr,-0.03249829999999976,0.8883002481410908
0.453717,0.21237604,0.21237604,clear,0.47334149999999997,0.29094334999999966,0.29094334999999966,r25,-0.01962449999999999,positional_encoding,off,observed_damping,3dssd+detr,-27.004332630389992,detr,-0.07856730999999967,0.7299566736961001
0.462368,0.22366859999999988,0.22366859999999988,clear,0.47334149999999997,0.29094334999999966,0.29094334999999966,r50,-0.01097349999999997,positional_encoding,off,observed_damping,3dssd+detr,-23.122972221224458,detr,-0.06727474999999977,0.7687702777877554
0.495794,0.26418444,0.26418444,clear,0.47334149999999997,0.29094334999999966,0.29094334999999966,r7p5,0.022452500000000042,positional_encoding,off,observed_damping,3dssd+detr,-9.197292187637096,detr,-0.026758909999999636,0.908027078123629
8.166616,4.044007880000001,4.044007880000001,clear,8.178035000000001,4.065118709999999,4.065118709999999,r15,-0.011419000000001844,backbone,off,observed_damping,3dssd+dino,-0.5193164457428012,3dssd,-0.021110829999997804,0.994806835542572
8.151615,4.078767,4.078767,clear,8.178035000000001,4.065118709999999,4.065118709999999,r25,-0.026420000000001664,backbone,off,observed_amplification,3dssd+dino,0.33574148687038896,3dssd,0.013648290000000785,1.003357414868704
8.259649,4.02788764,4.02788764,clear,8.178035000000001,4.065118709999999,4.065118709999999,r50,0.0816139999999983,backbone,off,observed_damping,3dssd+dino,-0.9158667349224547,3dssd,-0.03723106999999892,0.9908413326507755
8.005364499999999,4.072830139999998,4.072830139999998,clear,8.178035000000001,4.065118709999999,4.065118709999999,r7p5,-0.1726705000000024,backbone,off,observed_amplification,3dssd+dino,0.18969753530269085,3dssd,0.007711429999998742,1.001896975353027
65.428845,33.615829120000015,33.615829120000015,clear,66.1067065,33.81059067999999,33.81059067999999,r15,-0.6778615000000059,bbox_head,off,observed_damping,3dssd+dino,-0.5760371412711907,3dssd,-0.19476155999997502,0.9942396285872881
65.612162,34.313862,34.313862,clear,66.1067065,33.81059067999999,33.81059067999999,r25,-0.4945445000000035,bbox_head,off,observed_amplification,3dssd+dino,1.4885020044849817,3dssd,0.5032713200000103,1.0148850200448498
67.027438,34.77934818000001,34.77934818000001,clear,66.1067065,33.81059067999999,33.81059067999999,r50,0.9207315000000023,bbox_head,off,observed_amplification,3dssd+dino,2.8652486706571167,3dssd,0.9687575000000166,1.0286524867065712
66.33787050000001,35.937891220000004,35.937891220000004,clear,66.1067065,33.81059067999999,33.81059067999999,r7p5,0.2311640000000068,bbox_head,off,observed_amplification,3dssd+dino,6.291817141362088,3dssd,2.1273005400000145,1.0629181714136209
0.265567,0.11433372000000006,0.11433372000000006,clear,0.273488,0.1334460199999998,0.1334460199999998,r15,-0.007921000000000011,data_preprocessor,off,observed_damping,3dssd+dino,-14.32212065972427,3dssd,-0.01911229999999975,0.8567787934027573
0.269186,0.11624499999999999,0.11624499999999999,clear,0.273488,0.1334460199999998,0.1334460199999998,r25,-0.004302000000000028,data_preprocessor,off,observed_damping,3dssd+dino,-12.889871125418239,3dssd,-0.017201019999999817,0.8711012887458176
0.268311,0.2137808,0.2137808,clear,0.273488,0.1334460199999998,0.1334460199999998,r50,-0.005176999999999987,data_preprocessor,off,observed_amplification,3dssd+dino,60.20020679522724,3dssd,0.08033478000000019,1.6020020679522724
0.2652185,0.13406263,0.13406263,clear,0.273488,0.1334460199999998,0.1334460199999998,r7p5,-0.008269499999999985,data_preprocessor,off,observed_amplification,3dssd+dino,0.4620669840885272,3dssd,0.000616610000000184,1.0046206698408853
3.7072395,2.4177397499999964,2.4177397499999964,clear,3.8150560000000002,3.3466363999999915,3.3466363999999915,r15,-0.1078165000000002,backbone,off,observed_damping,3dssd+dino,-27.756127017562992,dino,-0.9288966499999951,0.7224387298243701
3.6646635,2.1576893199999994,2.1576893199999994,clear,3.8150560000000002,3.3466363999999915,3.3466363999999915,r25,-0.15039250000000015,backbone,off,observed_damping,3dssd+dino,-35.52662846791469,dino,-1.1889470799999922,0.6447337153208531
4.450634,2.336502599999985,2.336502599999985,clear,3.8150560000000002,3.3466363999999915,3.3466363999999915,r50,0.6355779999999998,backbone,off,observed_damping,3dssd+dino,-30.18355385126418,dino,-1.0101338000000064,0.6981644614873582
3.7292895,2.0761982199999967,2.0761982199999967,clear,3.8150560000000002,3.3466363999999915,3.3466363999999915,r7p5,-0.08576650000000008,backbone,off,observed_damping,3dssd+dino,-37.961643517652476,dino,-1.2704381799999949,0.6203835648234752
2.583531,2.35420949,2.35420949,clear,2.5725985,2.2134801999999985,2.2134801999999985,r15,0.010932500000000012,bbox_head,off,observed_amplification,3dssd+dino,6.357829177780849,dino,0.14072929000000167,1.0635782917778085
2.63137,2.4217652099999993,2.4217652099999993,clear,2.5725985,2.2134801999999985,2.2134801999999985,r25,0.0587715000000002,bbox_head,off,observed_amplification,3dssd+dino,9.409842925181856,dino,0.20828501000000088,1.0940984292518185
2.7166495,2.408787319999999,2.408787319999999,clear,2.5725985,2.2134801999999985,2.2134801999999985,r50,0.14405100000000015,bbox_head,off,observed_amplification,3dssd+dino,8.823531378324546,dino,0.19530712000000072,1.0882353137832455
2.6069575,2.538166819999997,2.538166819999997,clear,2.5725985,2.2134801999999985,2.2134801999999985,r7p5,0.03435900000000025,bbox_head,off,observed_amplification,3dssd+dino,14.668602863490676,dino,0.3246866199999987,1.1466860286349068
1.215684,2.4838414699999998,2.4838414699999998,clear,1.3001455,2.3402847999999987,2.3402847999999987,r15,-0.08446149999999997,data_preprocessor,off,observed_amplification,3dssd+dino,6.1341538431562315,dino,0.14355667000000105,1.0613415384315623
1.1926904999999999,2.5930030200000003,2.5930030200000003,clear,1.3001455,2.3402847999999987,2.3402847999999987,r25,-0.10745500000000008,data_preprocessor,off,observed_amplification,3dssd+dino,10.7986096393055,dino,0.25271822000000155,1.107986096393055
1.6036519999999999,2.8130685399999997,2.8130685399999997,clear,1.3001455,2.3402847999999987,2.3402847999999987,r50,0.3035064999999999,data_preprocessor,off,observed_amplification,3dssd+dino,20.20197456309596,dino,0.472783740000001,1.2020197456309596
1.2445300000000001,2.7777970699999996,2.7777970699999996,clear,1.3001455,2.3402847999999987,2.3402847999999987,r7p5,-0.05561549999999982,data_preprocessor,off,observed_amplification,3dssd+dino,18.694830218954593,dino,0.4375122700000009,1.186948302189546
20.800123,11.578611460000003,11.578611460000003,clear,20.7364685,11.278599799999995,11.278599799999995,r15,0.06365449999999839,decoder,off,observed_amplification,3dssd+dino,2.660008026882976,dino,0.300011660000008,1.0266000802688298
20.850731000000003,11.20858488,11.20858488,clear,20.7364685,11.278599799999995,11.278599799999995,r25,0.11426250000000238,decoder,off,observed_damping,3dssd+dino,-0.6207767031506384,dino,-0.07001491999999487,0.9937922329684936
21.043561,11.899183279999999,11.899183279999999,clear,20.7364685,11.278599799999995,11.278599799999995,r50,0.30709249999999955,decoder,off,observed_amplification,3dssd+dino,5.502309604069855,dino,0.6205834800000041,1.0550230960406985
20.801745,11.374740760000002,11.374740760000002,clear,20.7364685,11.278599799999995,11.278599799999995,r7p5,0.06527649999999952,decoder,off,observed_amplification,3dssd+dino,0.852419287011208,dino,0.09614096000000671,1.008524192870112
44.990603500000006,33.03836443,33.03836443,clear,46.0230405,31.843835049999992,31.843835049999992,r15,-1.0324369999999945,encoder,off,observed_amplification,3dssd+dino,3.7512108014766676,dino,1.1945293800000094,1.0375121080147667
44.479361499999996,33.172169229999994,33.172169229999994,clear,46.0230405,31.843835049999992,31.843835049999992,r25,-1.5436790000000045,encoder,off,observed_amplification,3dssd+dino,4.1714013965789665,dino,1.3283341800000024,1.0417140139657897
44.9037495,30.335691449999974,30.335691449999974,clear,46.0230405,31.843835049999992,31.843835049999992,r50,-1.119290999999997,encoder,off,observed_damping,3dssd+dino,-4.736061462546792,dino,-1.5081436000000181,0.9526393853745321
44.844464,34.03087447,34.03087447,clear,46.0230405,31.843835049999992,31.843835049999992,r7p5,-1.1785764999999984,encoder,off,observed_amplification,3dssd+dino,6.868015163895946,dino,2.1870394200000085,1.0686801516389595
0.3618865,0.23453794999999988,0.23453794999999988,clear,0.37063650000000004,0.18395204999999992,0.18395204999999992,r15,-0.008750000000000036,neck,off,observed_amplification,3dssd+dino,27.499503267291647,dino,0.05058589999999996,1.2749950326729165
0.359922,0.18907547999999996,0.18907547999999996,clear,0.37063650000000004,0.18395204999999992,0.18395204999999992,r25,-0.010714500000000016,neck,off,observed_amplification,3dssd+dino,2.7851986427985143,dino,0.00512343000000004,1.0278519864279851
0.4237845,0.18238146,0.18238146,clear,0.37063650000000004,0.18395204999999992,0.18395204999999992,r50,0.05314799999999997,neck,off,observed_damping,3dssd+dino,-0.8538040212109244,dino,-0.0015705899999999273,0.9914619597878908
0.362382,0.15514094999999994,0.15514094999999994,clear,0.37063650000000004,0.18395204999999992,0.18395204999999992,r7p5,-0.008254500000000053,neck,off,observed_damping,3dssd+dino,-15.662288079964314,dino,-0.02881109999999998,0.8433771192003569
0.346485,0.3254214700000001,0.3254214700000001,clear,0.3444475,0.31137905,0.31137905,r15,0.00203749999999997,positional_encoding,off,observed_amplification,3dssd+dino,4.509751057433098,dino,0.014042420000000111,1.045097510574331
0.33922050000000004,0.32752455,0.32752455,clear,0.3444475,0.31137905,0.31137905,r25,-0.005226999999999982,positional_encoding,off,observed_amplification,3dssd+dino,5.185159374081216,dino,0.016145500000000035,1.0518515937408122
0.397337,0.3232176899999997,0.3232176899999997,clear,0.3444475,0.31137905,0.31137905,r50,0.05288949999999998,positional_encoding,off,observed_amplification,3dssd+dino,3.8020027358936836,dino,0.011838639999999734,1.0380200273589368
0.340827,0.31019184000000005,0.31019184000000005,clear,0.3444475,0.31137905,0.31137905,r7p5,-0.0036205000000000265,positional_encoding,off,observed_damping,3dssd+dino,-0.3812748481312189,dino,-0.0011872099999999386,0.9961872515186878
7.863153,3.6871342200000026,3.6871342200000026,clear,7.82155,3.737446599999995,3.737446599999995,r15,0.04160299999999939,backbone,off,observed_damping,3dssd+faster-rcnn,-1.3461698690221402,3dssd,-0.050312379999992274,0.9865383013097786
7.8194465,3.5642346599999994,3.5642346599999994,clear,7.82155,3.737446599999995,3.737446599999995,r25,-0.00210350000000048,backbone,off,observed_damping,3dssd+faster-rcnn,-4.634499393248737,3dssd,-0.1732119399999954,0.9536550060675126
7.8291815,3.908718829999998,3.908718829999998,clear,7.82155,3.737446599999995,3.737446599999995,r50,0.007631499999999569,backbone,off,observed_amplification,3dssd+faster-rcnn,4.582600056412933,3dssd,0.17127223000000313,1.0458260005641293
7.80198,3.5976260000000035,3.5976260000000035,clear,7.82155,3.737446599999995,3.737446599999995,r7p5,-0.019569999999999865,backbone,off,observed_damping,3dssd+faster-rcnn,-3.7410728490406164,3dssd,-0.1398205999999913,0.9625892715095938
62.145535,34.69665438,34.69665438,clear,62.992944,36.1460682,36.1460682,r15,-0.847408999999999,bbox_head,off,observed_damping,3dssd+faster-rcnn,-4.009879613960344,3dssd,-1.4494138200000037,0.9599012038603966
62.705018499999994,35.42726157,35.42726157,clear,62.992944,36.1460682,36.1460682,r25,-0.28792550000000716,bbox_head,off,observed_damping,3dssd+faster-rcnn,-1.9886163718354388,3dssd,-0.7188066300000031,0.9801138362816456
62.8898145,35.068676800000006,35.068676800000006,clear,62.992944,36.1460682,36.1460682,r50,-0.10312950000000143,bbox_head,off,observed_damping,3dssd+faster-rcnn,-2.9806600099315794,3dssd,-1.0773913999999962,0.9701933999006842
62.046942,35.06854440000001,35.06854440000001,clear,62.992944,36.1460682,36.1460682,r7p5,-0.946002,bbox_head,off,observed_damping,3dssd+faster-rcnn,-2.981026301499634,3dssd,-1.0775237999999945,0.9701897369850037
0.262132,0.14579104000000026,0.14579104000000026,clear,0.259439,0.12468456,0.12468456,r15,0.002693000000000001,data_preprocessor,off,observed_amplification,3dssd+faster-rcnn,16.927901899000375,3dssd,0.02110648000000026,1.1692790189900037
0.259919,0.12808392000000005,0.12808392000000005,clear,0.259439,0.12468456,0.12468456,r25,0.00048000000000003595,data_preprocessor,off,observed_amplification,3dssd+faster-rcnn,2.726368044287164,3dssd,0.0033993600000000457,1.0272636804428716
0.267153,0.14400186999999995,0.14400186999999995,clear,0.259439,0.12468456,0.12468456,r50,0.007713999999999999,data_preprocessor,off,observed_amplification,3dssd+faster-rcnn,15.49294475595049,3dssd,0.01931730999999995,1.1549294475595049
0.264036,0.13525360000000022,0.13525360000000022,clear,0.259439,0.12468456,0.12468456,r7p5,0.004597000000000018,data_preprocessor,off,observed_amplification,3dssd+faster-rcnn,8.476622927490162,3dssd,0.010569040000000224,1.0847662292749016
3.62516,2.2503743599999995,2.2503743599999995,clear,3.7567785000000002,1.8536702999999997,1.8536702999999997,r15,-0.13161850000000008,backbone,off,observed_amplification,3dssd+faster-rcnn,21.401004267047917,faster-rcnn,0.3967040599999998,1.2140100426704792
3.626392,2.2271444399999996,2.2271444399999996,clear,3.7567785000000002,1.8536702999999997,1.8536702999999997,r25,-0.13038650000000018,backbone,off,observed_amplification,3dssd+faster-rcnn,20.147819167194946,faster-rcnn,0.3734741399999999,1.2014781916719495
3.7662245,2.445159799999998,2.445159799999998,clear,3.7567785000000002,1.8536702999999997,1.8536702999999997,r50,0.009445999999999621,backbone,off,observed_amplification,3dssd+faster-rcnn,31.909099476859424,faster-rcnn,0.5914894999999984,1.3190909947685943
3.654287,1.9226484399999988,1.9226484399999988,clear,3.7567785000000002,1.8536702999999997,1.8536702999999997,r7p5,-0.10249150000000018,backbone,off,observed_amplification,3dssd+faster-rcnn,3.7211655168666757,faster-rcnn,0.06897813999999913,1.0372116551686668
2.214098,2.4981972800000003,2.4981972800000003,clear,2.0262635,2.6015547999999997,2.6015547999999997,r15,0.18783449999999968,data_preprocessor,off,observed_damping,3dssd+faster-rcnn,-3.972913428538938,faster-rcnn,-0.10335751999999943,0.9602708657146106
2.247385,2.4671710399999998,2.4671710399999998,clear,2.0262635,2.6015547999999997,2.6015547999999997,r25,0.22112149999999975,data_preprocessor,off,observed_damping,3dssd+faster-rcnn,-5.165517174575762,faster-rcnn,-0.13438375999999996,0.9483448282542424
2.261937,2.5799182499999995,2.5799182499999995,clear,2.0262635,2.6015547999999997,2.6015547999999997,r50,0.23567349999999987,data_preprocessor,off,observed_damping,3dssd+faster-rcnn,-0.8316776567612649,faster-rcnn,-0.0216365500000002,0.9916832234323874
2.263997,2.59605104,2.59605104,clear,2.0262635,2.6015547999999997,2.6015547999999997,r7p5,0.2377334999999996,data_preprocessor,off,observed_damping,3dssd+faster-rcnn,-0.21155656609654905,faster-rcnn,-0.005503759999999858,0.9978844343390345
0.455662,0.36313392,0.36313392,clear,0.465017,0.21997229999999973,0.21997229999999973,r15,-0.009355000000000002,neck,off,observed_amplification,3dssd+faster-rcnn,65.08165800875858,faster-rcnn,0.14316162000000027,1.6508165800875858
0.453218,0.2555873999999999,0.2555873999999999,clear,0.465017,0.21997229999999973,0.21997229999999973,r25,-0.011799000000000004,neck,off,observed_amplification,3dssd+faster-rcnn,16.190720377065748,faster-rcnn,0.03561510000000018,1.1619072037706575
0.4757315,0.3083618499999997,0.3083618499999997,clear,0.465017,0.21997229999999973,0.21997229999999973,r50,0.01071449999999996,neck,off,observed_amplification,3dssd+faster-rcnn,40.182127476959636,faster-rcnn,0.08838954999999998,1.4018212747695964
0.460153,0.24127903999999994,0.24127903999999994,clear,0.465017,0.21997229999999973,0.21997229999999973,r7p5,-0.004864000000000035,neck,off,observed_amplification,3dssd+faster-rcnn,9.686101386401935,faster-rcnn,0.021306740000000213,1.0968610138640194
5.182063,12.035010879999998,12.035010879999998,clear,5.2994255,11.942913299999994,11.942913299999994,r15,-0.11736249999999959,roi_head,off,observed_amplification,3dssd+faster-rcnn,0.771148359588314,faster-rcnn,0.09209758000000434,1.0077114835958831
5.235898,12.164508960000003,12.164508960000003,clear,5.2994255,11.942913299999994,11.942913299999994,r25,-0.06352750000000018,roi_head,off,observed_amplification,3dssd+faster-rcnn,1.85545732798722,faster-rcnn,0.22159566000000908,1.0185545732798722
5.326579499999999,22.646919049999997,22.646919049999997,clear,5.2994255,11.942913299999994,11.942913299999994,r50,0.027153999999999456,roi_head,off,observed_amplification,3dssd+faster-rcnn,89.62642096715221,faster-rcnn,10.704005750000004,1.896264209671522
5.297058,12.5997018,12.5997018,clear,5.2994255,11.942913299999994,11.942913299999994,r7p5,-0.002367500000000078,roi_head,off,observed_amplification,3dssd+faster-rcnn,5.499399380216619,faster-rcnn,0.6567885000000064,1.0549939938021662
54.321788,41.39641748,41.39641748,clear,56.367039,41.2171936,41.2171936,r15,-2.0452510000000004,rpn_head,off,observed_amplification,3dssd+faster-rcnn,0.43482795490470405,faster-rcnn,0.179223879999995,1.004348279549047
55.394241,42.210969559999995,42.210969559999995,clear,56.367039,41.2171936,41.2171936,r25,-0.9727979999999974,rpn_head,off,observed_amplification,3dssd+faster-rcnn,2.4110713835693964,faster-rcnn,0.9937759599999936,1.024110713835694
53.704147000000006,41.790542349999996,41.790542349999996,clear,56.367039,41.2171936,41.2171936,r50,-2.6628919999999923,rpn_head,off,observed_amplification,3dssd+faster-rcnn,1.3910426691447375,faster-rcnn,0.5733487499999939,1.0139104266914474
52.713317,41.97934720000001,41.97934720000001,clear,56.367039,41.2171936,41.2171936,r7p5,-3.653721999999995,rpn_head,off,observed_amplification,3dssd+faster-rcnn,1.8491157049566942,faster-rcnn,0.7621536000000049,1.018491157049567
8.122957,4.34936,4.34936,clear,8.197257,4.574972,4.574972,r15,-0.07430000000000092,backbone,off,observed_damping,3dssd+mask-rcnn,-4.931440017556388,3dssd,-0.22561199999999992,0.9506855998244361
8.048791999999999,4.17358105,4.17358105,clear,8.197257,4.574972,4.574972,r25,-0.14846500000000162,backbone,off,observed_damping,3dssd+mask-rcnn,-8.773626374106769,3dssd,-0.4013909499999997,0.9122637362589323
8.111985,4.164629999999999,4.164629999999999,clear,8.197257,4.574972,4.574972,r50,-0.08527199999999979,backbone,off,observed_damping,3dssd+mask-rcnn,-8.96927893766346,3dssd,-0.4103420000000009,0.9103072106233654
8.117852,4.046333880000002,4.046333880000002,clear,8.197257,4.574972,4.574972,r7p5,-0.07940500000000128,backbone,off,observed_damping,3dssd+mask-rcnn,-11.55500230383918,3dssd,-0.5286381199999974,0.8844499769616082
64.596481,38.062001,38.062001,clear,64.435334,46.30094,46.30094,r15,0.1611469999999997,bbox_head,off,observed_damping,3dssd+mask-rcnn,-17.794323398185863,3dssd,-8.238938999999995,0.8220567660181414
65.061395,46.19298762000001,46.19298762000001,clear,64.435334,46.30094,46.30094,r25,0.6260610000000071,bbox_head,off,observed_damping,3dssd+mask-rcnn,-0.23315375454577847,3dssd,-0.10795237999998619,0.9976684624545422
65.590381,37.251951,37.251951,clear,64.435334,46.30094,46.30094,r50,1.1550469999999962,bbox_head,off,observed_damping,3dssd+mask-rcnn,-19.54385591307649,3dssd,-9.048988999999999,0.8045614408692351
64.496706,45.5061958,45.5061958,clear,64.435334,46.30094,46.30094,r7p5,0.061372000000005755,bbox_head,off,observed_damping,3dssd+mask-rcnn,-1.7164753026612356,3dssd,-0.7947441999999967,0.9828352469733876
0.260469,0.188731,0.188731,clear,0.260632,0.13524199999999997,0.13524199999999997,r15,-0.00016299999999996873,data_preprocessor,off,observed_amplification,3dssd+mask-rcnn,39.550583398648385,3dssd,0.053489000000000037,1.3955058339864839
0.257003,0.14989615,0.14989615,clear,0.260632,0.13524199999999997,0.13524199999999997,r25,-0.0036289999999999933,data_preprocessor,off,observed_amplification,3dssd+mask-rcnn,10.835502284793218,3dssd,0.014654150000000032,1.1083550228479322
0.263242,0.17528600000000003,0.17528600000000003,clear,0.260632,0.13524199999999997,0.13524199999999997,r50,0.002610000000000001,data_preprocessor,off,observed_amplification,3dssd+mask-rcnn,29.609145088064402,3dssd,0.04004400000000005,1.296091450880644
0.261456,0.11539156,0.11539156,clear,0.260632,0.13524199999999997,0.13524199999999997,r7p5,0.0008240000000000469,data_preprocessor,off,observed_damping,3dssd+mask-rcnn,-14.677718460241618,3dssd,-0.01985043999999997,0.8532228153975838
3.6661935,1.4531115399999983,1.4531115399999983,clear,3.732043,1.6687682000000001,1.6687682000000001,r15,-0.06584950000000012,backbone,off,observed_damping,3dssd+mask-rcnn,-12.923104598949198,mask-rcnn,-0.21565666000000183,0.870768954010508
3.698225,1.4443097599999963,1.4443097599999963,clear,3.732043,1.6687682000000001,1.6687682000000001,r25,-0.033818000000000126,backbone,off,observed_damping,3dssd+mask-rcnn,-13.450546337112835,mask-rcnn,-0.2244584400000038,0.8654945366288717
3.6718710000000003,1.7133045400000002,1.7133045400000002,clear,3.732043,1.6687682000000001,1.6687682000000001,r50,-0.06017199999999967,backbone,off,observed_amplification,3dssd+mask-rcnn,2.6688152374907403,mask-rcnn,0.04453634000000006,1.0266881523749074
3.5992395,1.22548558,1.22548558,clear,3.732043,1.6687682000000001,1.6687682000000001,r7p5,-0.13280350000000007,backbone,off,observed_damping,3dssd+mask-rcnn,-26.563462798488136,mask-rcnn,-0.4432826200000002,0.7343653720151186
2.211405,2.293482739999999,2.293482739999999,clear,1.657601,2.5109028,2.5109028,r15,0.553804,data_preprocessor,off,observed_damping,3dssd+mask-rcnn,-8.65903929056916,mask-rcnn,-0.21742006000000114,0.9134096070943084
2.0962725,2.4961832999999984,2.4961832999999984,clear,1.657601,2.5109028,2.5109028,r25,0.4386714999999999,data_preprocessor,off,observed_damping,3dssd+mask-rcnn,-0.5862234093650165,mask-rcnn,-0.014719500000001773,0.9941377659063498
1.934062,2.2417557000000006,2.2417557000000006,clear,1.657601,2.5109028,2.5109028,r50,0.27646099999999985,data_preprocessor,off,observed_damping,3dssd+mask-rcnn,-10.719136559169062,mask-rcnn,-0.26914709999999964,0.8928086344083094
2.1548974999999997,2.52239578,2.52239578,clear,1.657601,2.5109028,2.5109028,r7p5,0.4972964999999996,data_preprocessor,off,observed_amplification,3dssd+mask-rcnn,0.4577230150047962,mask-rcnn,0.011492979999999875,1.004577230150048
0.45602,0.20775152999999963,0.20775152999999963,clear,0.465126,0.24724470000000037,0.24724470000000037,r15,-0.009106000000000003,neck,off,observed_damping,3dssd+mask-rcnn,-15.973313078096595,mask-rcnn,-0.039493170000000744,0.840266869219034
0.45885299999999996,0.2453000099999999,0.2453000099999999,clear,0.465126,0.24724470000000037,0.24724470000000037,r25,-0.0062730000000000286,neck,off,observed_damping,3dssd+mask-rcnn,-0.7865446660739184,mask-rcnn,-0.0019446900000004708,0.9921345533392608
0.45728599999999997,0.25458202000000013,0.25458202000000013,clear,0.465126,0.24724470000000037,0.24724470000000037,r50,-0.007840000000000014,neck,off,observed_amplification,3dssd+mask-rcnn,2.9676348977348166,mask-rcnn,0.0073373199999997585,1.0296763489773482
0.44631149999999997,0.28609997,0.28609997,clear,0.465126,0.24724470000000037,0.24724470000000037,r7p5,-0.018814500000000012,neck,off,observed_amplification,3dssd+mask-rcnn,15.715309569830849,mask-rcnn,0.03885526999999961,1.1571530956983085
20.476878,35.89679062999999,35.89679062999999,clear,20.703855,31.525221300000002,31.525221300000002,r15,-0.22697700000000154,roi_head,off,observed_amplification,3dssd+mask-rcnn,13.866894980369215,mask-rcnn,4.371569329999989,1.1386689498036922
20.6838505,33.81655925,33.81655925,clear,20.703855,31.525221300000002,31.525221300000002,r25,-0.020004500000002423,roi_head,off,observed_amplification,3dssd+mask-rcnn,7.268269200064248,mask-rcnn,2.2913379499999955,1.0726826920006425
20.091112000000003,36.22221415,36.22221415,clear,20.703855,31.525221300000002,31.525221300000002,r50,-0.6127429999999983,roi_head,off,observed_amplification,3dssd+mask-rcnn,14.899159010820329,mask-rcnn,4.696992849999997,1.1489915901082033
20.292530499999998,35.516002490000005,35.516002490000005,clear,20.703855,31.525221300000002,31.525221300000002,r7p5,-0.41132450000000276,roi_head,off,observed_amplification,3dssd+mask-rcnn,12.659010866324994,mask-rcnn,3.9907811900000034,1.12659010866325
48.281152500000005,42.875077909999995,42.875077909999995,clear,48.149732,41.171039400000005,41.171039400000005,r15,0.13142050000000438,rpn_head,off,observed_amplification,3dssd+mask-rcnn,4.138925163983087,mask-rcnn,1.7040385099999895,1.0413892516398309
47.6059285,41.879019529999994,41.879019529999994,clear,48.149732,41.171039400000005,41.171039400000005,r25,-0.5438035000000028,rpn_head,off,observed_amplification,3dssd+mask-rcnn,1.719607132386325,mask-rcnn,0.7079801299999886,1.0171960713238632
48.8131925,43.818903299999995,43.818903299999995,clear,48.149732,41.171039400000005,41.171039400000005,r50,0.6634604999999993,rpn_head,off,observed_amplification,3dssd+mask-rcnn,6.4313749144744525,mask-rcnn,2.64786389999999,1.0643137491447445
48.075894000000005,41.01047164,41.01047164,clear,48.149732,41.171039400000005,41.171039400000005,r7p5,-0.07383799999999496,rpn_head,off,observed_damping,3dssd+mask-rcnn,-0.39000171562344477,mask-rcnn,-0.1605677600000064,0.9960999828437656
7.723645,4.068297159999999,4.068297159999999,clear,7.683886,4.095162279999998,4.095162279999998,r15,0.0397590000000001,backbone,off,observed_damping,3dssd+vit-upernet,-0.6560208891159824,3dssd,-0.0268651199999983,0.9934397911088402
7.774807,3.872708639999999,3.872708639999999,clear,7.683886,4.095162279999998,4.095162279999998,r25,0.09092099999999981,backbone,off,observed_damping,3dssd+vit-upernet,-5.432108053114781,3dssd,-0.22245363999999856,0.9456789194688522
7.667671,4.0203194999999985,4.0203194999999985,clear,7.683886,4.095162279999998,4.095162279999998,r50,-0.01621499999999987,backbone,off,observed_damping,3dssd+vit-upernet,-1.827590090031772,3dssd,-0.07484277999999911,0.9817240990996823
7.82591,3.8939343000000015,3.8939343000000015,clear,7.683886,4.095162279999998,4.095162279999998,r7p5,0.14202400000000015,backbone,off,observed_damping,3dssd+vit-upernet,-4.913797457618607,3dssd,-0.2012279799999961,0.9508620254238139
68.567249,67.16045754000001,67.16045754000001,clear,69.05994749999999,69.75761925,69.75761925,r15,-0.4926984999999888,bbox_head,off,observed_damping,3dssd+vit-upernet,-3.7231226322277267,3dssd,-2.5971617099999946,0.9627687736777227
69.16731,67.52197444,67.52197444,clear,69.05994749999999,69.75761925,69.75761925,r25,0.1073625000000078,bbox_head,off,observed_damping,3dssd+vit-upernet,-3.2048754444841676,3dssd,-2.235644810000011,0.9679512455551583
69.9872,67.35255861999998,67.35255861999998,clear,69.05994749999999,69.75761925,69.75761925,r50,0.9272525000000087,bbox_head,off,observed_damping,3dssd+vit-upernet,-3.4477389794234203,3dssd,-2.4050606300000226,0.9655226102057658
68.885548,66.93336900000001,66.93336900000001,clear,69.05994749999999,69.75761925,69.75761925,r7p5,-0.1743994999999927,bbox_head,off,observed_damping,3dssd+vit-upernet,-4.048662039164974,3dssd,-2.8242502499999915,0.9595133796083503
0.26593,0.12075704000000001,0.12075704000000001,clear,0.260104,0.13307097999999978,0.13307097999999978,r15,0.005825999999999998,data_preprocessor,off,observed_damping,3dssd+vit-upernet,-9.253662969942656,3dssd,-0.012313939999999773,0.9074633703005734
0.258223,0.11413575999999973,0.11413575999999973,clear,0.260104,0.13307097999999978,0.13307097999999978,r25,-0.0018810000000000215,data_preprocessor,off,observed_damping,3dssd+vit-upernet,-14.229413505484134,3dssd,-0.018935220000000058,0.8577058649451587
0.260852,0.11989155999999979,0.11989155999999979,clear,0.260104,0.13307097999999978,0.13307097999999978,r50,0.0007479999999999709,data_preprocessor,off,observed_damping,3dssd+vit-upernet,-9.904052709313493,3dssd,-0.013179419999999997,0.9009594729068651
0.267057,0.1167692000000001,0.1167692000000001,clear,0.260104,0.13307097999999978,0.13307097999999978,r7p5,0.006952999999999987,data_preprocessor,off,observed_damping,3dssd+vit-upernet,-12.250439577434324,3dssd,-0.016301779999999683,0.8774956042256568
7.532099,2.7075893200000003,2.7075893200000003,clear,7.571991,2.624745259999999,2.624745259999999,r15,-0.03989200000000004,backbone,off,observed_amplification,3dssd+vit-upernet,3.1562704869881886,vit-upernet,0.08284406000000111,1.0315627048698819
7.607364,3.4224383200000004,3.4224383200000004,clear,7.571991,2.624745259999999,2.624745259999999,r25,0.03537299999999988,backbone,off,observed_amplification,3dssd+vit-upernet,30.391256330909666,vit-upernet,0.7976930600000012,1.3039125633090967
7.615896,3.4857814000000005,3.4857814000000005,clear,7.571991,2.624745259999999,2.624745259999999,r50,0.04390500000000053,backbone,off,observed_amplification,3dssd+vit-upernet,32.804560241400395,vit-upernet,0.8610361400000013,1.328045602414004
6.703728,2.6731776400000005,2.6731776400000005,clear,7.571991,2.624745259999999,2.624745259999999,r7p5,-0.8682629999999998,backbone,off,observed_amplification,3dssd+vit-upernet,1.8452221150025538,vit-upernet,0.048432380000001274,1.0184522211500255
0.774552,2.1982955200000003,2.1982955200000003,clear,0.990244,2.4549509799999996,2.4549509799999996,r15,-0.215692,data_preprocessor,off,observed_damping,3dssd+vit-upernet,-10.454606307454629,vit-upernet,-0.2566554599999993,0.8954539369254537
0.896853,2.5858305199999996,2.5858305199999996,clear,0.990244,2.4549509799999996,2.4549509799999996,r25,-0.093391,data_preprocessor,off,observed_amplification,3dssd+vit-upernet,5.331248610104633,vit-upernet,0.13087954000000002,1.0533124861010463
0.86876,2.72131072,2.72131072,clear,0.990244,2.4549509799999996,2.4549509799999996,r50,-0.12148400000000004,data_preprocessor,off,observed_amplification,3dssd+vit-upernet,10.849900554837166,vit-upernet,0.2663597400000004,1.1084990055483717
0.889232,2.37418152,2.37418152,clear,0.990244,2.4549509799999996,2.4549509799999996,r7p5,-0.10101199999999999,data_preprocessor,off,observed_damping,3dssd+vit-upernet,-3.2900640647415047,vit-upernet,-0.08076945999999952,0.967099359352585
1.91256,0.8706336399999999,0.8706336399999999,clear,1.906573,0.6653744199999989,0.6653744199999989,r15,0.005986999999999965,decode_head,off,observed_amplification,3dssd+vit-upernet,30.848679154212345,vit-upernet,0.20525922000000096,1.3084867915421234
1.920842,0.9321284000000001,0.9321284000000001,clear,1.906573,0.6653744199999989,0.6653744199999989,r25,0.014268999999999865,decode_head,off,observed_amplification,3dssd+vit-upernet,40.090807819152644,vit-upernet,0.26675398000000117,1.4009080781915264
1.922526,0.9704369199999998,0.9704369199999998,clear,1.906573,0.6653744199999989,0.6653744199999989,r50,0.015952999999999884,decode_head,off,observed_amplification,3dssd+vit-upernet,45.84824586433627,vit-upernet,0.3050625000000009,1.4584824586433627
1.712838,0.54803096,0.54803096,clear,1.906573,0.6653744199999989,0.6653744199999989,r7p5,-0.193735,decode_head,off,observed_damping,3dssd+vit-upernet,-17.635703518629274,vit-upernet,-0.11734345999999896,0.8236429648137072
0.552017,0.2658289599999999,0.2658289599999999,clear,0.554311,0.24881789999999976,0.24881789999999976,r15,-0.0022940000000000182,neck,off,observed_amplification,3dssd+vit-upernet,6.83675089292215,vit-upernet,0.017011060000000133,1.0683675089292215
0.569329,0.31919691999999994,0.31919691999999994,clear,0.554311,0.24881789999999976,0.24881789999999976,r25,0.015017999999999976,neck,off,observed_amplification,3dssd+vit-upernet,28.285352460574686,vit-upernet,0.07037902000000018,1.2828535246057469
0.572968,0.30994915999999995,0.30994915999999995,clear,0.554311,0.24881789999999976,0.24881789999999976,r50,0.018657000000000035,neck,off,observed_amplification,3dssd+vit-upernet,24.568674520603317,vit-upernet,0.06113126000000019,1.2456867452060332
0.513923,0.2933072,0.2933072,clear,0.554311,0.24881789999999976,0.24881789999999976,r7p5,-0.04038799999999998,neck,off,observed_amplification,3dssd+vit-upernet,17.88026504524003,vit-upernet,0.04448930000000023,1.1788026504524003
7.544359,3.06737165,3.06737165,clear,7.639642,2.7769714999999984,2.7769714999999984,r15,-0.09528300000000023,backbone,off,observed_amplification,3dssd+yolov3,10.457440776759942,3dssd,0.29040015000000174,1.1045744077675994
7.529808,2.9455706400000032,2.9455706400000032,clear,7.639642,2.7769714999999984,2.7769714999999984,r25,-0.10983400000000021,backbone,off,observed_amplification,3dssd+yolov3,6.07133130462465,3dssd,0.16859914000000487,1.0607133130462465
7.562811,2.8869949999999998,2.8869949999999998,clear,7.639642,2.7769714999999984,2.7769714999999984,r50,-0.07683100000000032,backbone,off,observed_amplification,3dssd+yolov3,3.96199600896161,3dssd,0.11002350000000138,1.039619960089616
7.645933,2.32855202,2.32855202,clear,7.639642,2.7769714999999984,2.7769714999999984,r7p5,0.0062910000000000466,backbone,off,observed_damping,3dssd+yolov3,-16.147788337042655,3dssd,-0.4484194799999983,0.8385221166295734
39.6364585,11.481222400000004,11.481222400000004,clear,39.40558,13.595799579999998,13.595799579999998,r15,0.23087850000000287,bbox_head,off,observed_damping,3dssd+yolov3,-15.55316528136107,3dssd,-2.114577179999994,0.8444683471863893
39.991542,11.345901010000002,11.345901010000002,clear,39.40558,13.595799579999998,13.595799579999998,r25,0.5859620000000021,bbox_head,off,observed_damping,3dssd+yolov3,-16.54848291019009,3dssd,-2.2498985699999956,0.8345151708980991
40.538804,10.8230635,10.8230635,clear,39.40558,13.595799579999998,13.595799579999998,r50,1.1332239999999985,bbox_head,off,observed_damping,3dssd+yolov3,-20.39406409078589,3dssd,-2.772736079999998,0.7960593590921411
39.551735,11.423673540000003,11.423673540000003,clear,39.40558,13.595799579999998,13.595799579999998,r7p5,0.14615500000000026,bbox_head,off,observed_damping,3dssd+yolov3,-15.976449396880533,3dssd,-2.172126039999995,0.8402355060311947
0.262237,0.11154215000000003,0.11154215000000003,clear,0.269666,0.14773473999999995,0.14773473999999995,r15,-0.007429000000000019,data_preprocessor,off,observed_damping,3dssd+yolov3,-24.498361048998984,3dssd,-0.03619258999999991,0.7550163895100102
0.25955700000000004,0.10910803000000002,0.10910803000000002,clear,0.269666,0.14773473999999995,0.14773473999999995,r25,-0.010108999999999979,data_preprocessor,off,observed_damping,3dssd+yolov3,-26.14598976516961,3dssd,-0.038626709999999925,0.7385401023483039
0.250616,0.12498600000000001,0.12498600000000001,clear,0.269666,0.14773473999999995,0.14773473999999995,r50,-0.01905000000000001,data_preprocessor,off,observed_damping,3dssd+yolov3,-15.398368724918686,3dssd,-0.022748739999999934,0.8460163127508131
0.257829,0.09820786000000001,0.09820786000000001,clear,0.269666,0.14773473999999995,0.14773473999999995,r7p5,-0.011837000000000042,data_preprocessor,off,observed_damping,3dssd+yolov3,-33.52419342938564,3dssd,-0.04952687999999994,0.6647580657061436
4.1342675,2.7128704999999993,2.7128704999999993,clear,4.129748,1.4935807999999997,1.4935807999999997,r15,0.004519499999999788,backbone,off,observed_amplification,3dssd+yolov3,81.63533569794149,yolov3,1.2192896999999996,1.8163533569794148
4.2374480000000005,2.7511100999999987,2.7511100999999987,clear,4.129748,1.4935807999999997,1.4935807999999997,r25,0.10770000000000035,backbone,off,observed_amplification,3dssd+yolov3,84.1955989257494,yolov3,1.257529299999999,1.841955989257494
4.0131625,2.577778899999999,2.577778899999999,clear,4.129748,1.4935807999999997,1.4935807999999997,r50,-0.11658550000000023,backbone,off,observed_amplification,3dssd+yolov3,72.59052205277408,yolov3,1.0841980999999992,1.7259052205277408
4.275357,2.4819155999999998,2.4819155999999998,clear,4.129748,1.4935807999999997,1.4935807999999997,r7p5,0.14560899999999943,backbone,off,observed_amplification,3dssd+yolov3,66.17216825497492,yolov3,0.9883348000000001,1.6617216825497492
26.231218,36.4555861,36.4555861,clear,26.9495525,36.311714499999994,36.311714499999994,r15,-0.718334500000001,bbox_head,off,observed_amplification,3dssd+yolov3,0.39621263270288587,yolov3,0.1438716000000042,1.0039621263270289
26.1890505,36.036371100000004,36.036371100000004,clear,26.9495525,36.311714499999994,36.311714499999994,r25,-0.7605019999999989,bbox_head,off,observed_damping,3dssd+yolov3,-0.7582770568434372,yolov3,-0.2753433999999899,0.9924172294315656
28.7016615,37.173342950000006,37.173342950000006,clear,26.9495525,36.311714499999994,36.311714499999994,r50,1.7521090000000008,bbox_head,off,observed_amplification,3dssd+yolov3,2.3728663376663572,yolov3,0.861628450000012,1.0237286633766636
25.735012,36.03285948,36.03285948,clear,26.9495525,36.311714499999994,36.311714499999994,r7p5,-1.2145404999999982,bbox_head,off,observed_damping,3dssd+yolov3,-0.767947820255066,yolov3,-0.2788550199999946,0.9923205217974493
2.0472085,2.4460263999999996,2.4460263999999996,clear,1.9566835,2.4137456999999998,2.4137456999999998,r15,0.09052499999999997,data_preprocessor,off,observed_amplification,3dssd+yolov3,1.337369549741707,yolov3,0.03228069999999983,1.013373695497417
2.1076639999999998,2.596699,2.596699,clear,1.9566835,2.4137456999999998,2.4137456999999998,r25,0.15098049999999974,data_preprocessor,off,observed_amplification,3dssd+yolov3,7.579642710497647,yolov3,0.18295330000000032,1.0757964271049765
1.809678,2.2921153999999992,2.2921153999999992,clear,1.9566835,2.4137456999999998,2.4137456999999998,r50,-0.14700550000000012,data_preprocessor,off,observed_damping,3dssd+yolov3,-5.039068531535884,yolov3,-0.12163030000000052,0.9496093146846412
2.009605,2.7088972399999998,2.7088972399999998,clear,1.9566835,2.4137456999999998,2.4137456999999998,r7p5,0.052921500000000066,data_preprocessor,off,observed_amplification,3dssd+yolov3,12.227946796549439,yolov3,0.29515154,1.1222794679654944
1.255677,0.7573714999999994,0.7573714999999994,clear,1.2429465,0.6355263999999994,0.6355263999999994,r15,0.012730499999999978,neck,off,observed_amplification,3dssd+yolov3,19.172311331205137,yolov3,0.12184510000000004,1.1917231133120514
1.2987465,0.8935422499999999,0.8935422499999999,clear,1.2429465,0.6355263999999994,0.6355263999999994,r25,0.05580000000000007,neck,off,observed_amplification,3dssd+yolov3,40.5987619082387,yolov3,0.2580158500000005,1.405987619082387
1.2441615000000001,0.8647086000000002,0.8647086000000002,clear,1.2429465,0.6355263999999994,0.6355263999999994,r50,0.0012150000000001882,neck,off,observed_amplification,3dssd+yolov3,36.06179066676081,yolov3,0.22918220000000078,1.360617906667608
1.326356,0.74465392,0.74465392,clear,1.2429465,0.6355263999999994,0.6355263999999994,r7p5,0.08340950000000014,neck,off,observed_amplification,3dssd+yolov3,17.17120169988229,yolov3,0.10912752000000059,1.1717120169988229
164.25632,110.1450626,110.1450626,clear,174.726922,116.64608679999999,116.64608679999999,r15,-10.470602000000014,data_preprocessor,off,observed_damping,centerpoint+deeplabv3plus,-5.5732895790551185,centerpoint,-6.501024199999989,0.9442671042094488
164.1547845,113.93157432999999,113.93157432999999,clear,174.726922,116.64608679999999,116.64608679999999,r25,-10.572137499999997,data_preprocessor,off,observed_damping,centerpoint+deeplabv3plus,-2.3271354783245046,centerpoint,-2.7145124700000025,0.976728645216755
163.63630799999999,111.42115337000001,111.42115337000001,clear,174.726922,116.64608679999999,116.64608679999999,r50,-11.090614000000016,data_preprocessor,off,observed_damping,centerpoint+deeplabv3plus,-4.479304512768256,centerpoint,-5.224933429999979,0.9552069548723174
163.682716,121.34158658999999,121.34158658999999,clear,174.726922,116.64608679999999,116.64608679999999,r7p5,-11.044206000000003,data_preprocessor,off,observed_amplification,centerpoint+deeplabv3plus,4.025424185940207,centerpoint,4.6954997899999995,1.040254241859402
0.937141,0.12807712000000016,0.12807712000000016,clear,0.930901,0.13136565999999994,0.13136565999999994,r15,0.006240000000000023,pts_backbone,off,observed_damping,centerpoint+deeplabv3plus,-2.503348287520335,centerpoint,-0.0032885399999997844,0.9749665171247966
0.940393,0.18135321999999987,0.18135321999999987,clear,0.930901,0.13136565999999994,0.13136565999999994,r25,0.009492000000000056,pts_backbone,off,observed_amplification,centerpoint+deeplabv3plus,38.05222765218852,centerpoint,0.04998755999999993,1.3805222765218852
0.921,0.17091924999999997,0.17091924999999997,clear,0.930901,0.13136565999999994,0.13136565999999994,r50,-0.009900999999999938,pts_backbone,off,observed_amplification,centerpoint+deeplabv3plus,30.10953547525286,centerpoint,0.03955359000000003,1.3010953547525286
0.9374865,0.20716124999999985,0.20716124999999985,clear,0.930901,0.13136565999999994,0.13136565999999994,r7p5,0.006585500000000022,pts_backbone,off,observed_amplification,centerpoint+deeplabv3plus,57.698176220482544,centerpoint,0.07579558999999991,1.5769817622048254
69.141124,43.59584516,43.59584516,clear,69.398453,43.148511879999994,43.148511879999994,r15,-0.2573289999999986,pts_bbox_head,off,observed_amplification,centerpoint+deeplabv3plus,1.0367293343605644,centerpoint,0.4473332800000094,1.0103672933436056
69.05237249999999,45.184604019999995,45.184604019999995,clear,69.398453,43.148511879999994,43.148511879999994,r25,-0.34608050000001356,pts_bbox_head,off,observed_amplification,centerpoint+deeplabv3plus,4.71880037407213,centerpoint,2.036092140000001,1.0471880037407213
69.594787,53.10547409999998,53.10547409999998,clear,69.398453,43.148511879999994,43.148511879999994,r50,0.19633399999999313,pts_bbox_head,off,observed_amplification,centerpoint+deeplabv3plus,23.076026926933714,centerpoint,9.956962219999987,1.2307602692693371
69.2828955,50.78218762999998,50.78218762999998,clear,69.398453,43.148511879999994,43.148511879999994,r7p5,-0.11555750000000842,pts_bbox_head,off,observed_amplification,centerpoint+deeplabv3plus,17.691631570585663,centerpoint,7.633675749999988,1.1769163157058566
61.710443,89.09164136,89.09164136,clear,62.472856,95.94806998,95.94806998,r15,-0.7624130000000022,pts_middle_encoder,off,observed_damping,centerpoint+deeplabv3plus,-7.145978675161679,centerpoint,-6.856428620000003,0.9285402132483832
64.2001505,87.76618909,87.76618909,clear,62.472856,95.94806998,95.94806998,r25,1.7272945000000064,pts_middle_encoder,off,observed_damping,centerpoint+deeplabv3plus,-8.527405388879094,centerpoint,-8.181880890000002,0.914725946111209
64.488231,97.53929808,97.53929808,clear,62.472856,95.94806998,95.94806998,r50,2.015374999999999,pts_middle_encoder,off,observed_amplification,centerpoint+deeplabv3plus,1.6584263761967089,centerpoint,1.591228099999995,1.016584263761967
61.246529,98.51100736000001,98.51100736000001,clear,62.472856,95.94806998,95.94806998,r7p5,-1.2263269999999977,pts_middle_encoder,off,observed_amplification,centerpoint+deeplabv3plus,2.671171374822068,centerpoint,2.562937380000008,1.0267117137482207
0.250944,0.054521200000000075,0.054521200000000075,clear,0.258988,0.13789453999999973,0.13789453999999973,r15,-0.008043999999999996,pts_neck,off,observed_damping,centerpoint+deeplabv3plus,-60.46166875062625,centerpoint,-0.08337333999999966,0.3953833124937375
0.257843,0.046881619999999985,0.046881619999999985,clear,0.258988,0.13789453999999973,0.13789453999999973,r25,-0.0011450000000000071,pts_neck,off,observed_damping,centerpoint+deeplabv3plus,-66.00183009421544,centerpoint,-0.09101291999999975,0.33998169905784575
0.2508415,0.06441460000000002,0.06441460000000002,clear,0.258988,0.13789453999999973,0.13789453999999973,r50,-0.008146500000000001,pts_neck,off,observed_damping,centerpoint+deeplabv3plus,-53.28705545556761,centerpoint,-0.07347993999999972,0.4671294454443239
0.25339,0.09870915999999996,0.09870915999999996,clear,0.258988,0.13789453999999973,0.13789453999999973,r7p5,-0.005597999999999992,pts_neck,off,observed_damping,centerpoint+deeplabv3plus,-28.416919190563927,centerpoint,-0.03918537999999977,0.7158308080943607
0.09689,0.030777760000000015,0.030777760000000015,clear,0.096935,0.03615481999999999,0.03615481999999999,r15,-4.499999999998949e-05,pts_voxel_encoder,off,observed_damping,centerpoint+deeplabv3plus,-14.872318545632302,centerpoint,-0.005377059999999975,0.851276814543677
0.097219,0.028955090000000003,0.028955090000000003,clear,0.096935,0.03615481999999999,0.03615481999999999,r25,0.00028400000000000647,pts_voxel_encoder,off,observed_damping,centerpoint+deeplabv3plus,-19.913610412110994,centerpoint,-0.0071997299999999875,0.8008638958788901
0.0962565,0.034275369999999986,0.034275369999999986,clear,0.096935,0.03615481999999999,0.03615481999999999,r50,-0.0006784999999999985,pts_voxel_encoder,off,observed_damping,centerpoint+deeplabv3plus,-5.198338700068216,centerpoint,-0.0018794500000000047,0.9480166129993178
0.0963595,0.034092639999999994,0.034092639999999994,clear,0.096935,0.03615481999999999,0.03615481999999999,r7p5,-0.0005754999999999927,pts_voxel_encoder,off,observed_damping,centerpoint+deeplabv3plus,-5.703748490519378,centerpoint,-0.002062179999999997,0.9429625150948062
5.274836,2.25990116,2.25990116,clear,4.981328,2.0834851199999997,2.0834851199999997,r15,0.2935079999999992,backbone,off,observed_amplification,centerpoint+deeplabv3plus,8.467353008981426,deeplabv3plus,0.17641604000000033,1.0846735300898143
5.365079,2.9723715199999994,2.9723715199999994,clear,4.981328,2.0834851199999997,2.0834851199999997,r25,0.3837509999999993,backbone,off,observed_amplification,centerpoint+deeplabv3plus,42.663438844238044,deeplabv3plus,0.8888863999999996,1.4266343884423804
5.537882,3.0370697999999994,3.0370697999999994,clear,4.981328,2.0834851199999997,2.0834851199999997,r50,0.5565539999999993,backbone,off,observed_amplification,centerpoint+deeplabv3plus,45.76873004017421,deeplabv3plus,0.9535846799999996,1.457687300401742
5.493622,2.619235279999999,2.619235279999999,clear,4.981328,2.0834851199999997,2.0834851199999997,r7p5,0.5122939999999998,backbone,off,observed_amplification,centerpoint+deeplabv3plus,25.714134209895345,deeplabv3plus,0.5357501599999992,1.2571413420989535
0.874875,2.53556336,2.53556336,clear,1.031241,2.463704,2.463704,r15,-0.15636600000000012,data_preprocessor,off,observed_amplification,centerpoint+deeplabv3plus,2.916720515126814,deeplabv3plus,0.07185935999999993,1.0291672051512681
0.819479,2.4706742800000003,2.4706742800000003,clear,1.031241,2.463704,2.463704,r25,-0.21176200000000012,data_preprocessor,off,observed_amplification,centerpoint+deeplabv3plus,0.2829187272497258,deeplabv3plus,0.0069702800000004395,1.0028291872724973
0.911215,2.53566628,2.53566628,clear,1.031241,2.463704,2.463704,r50,-0.12002600000000008,data_preprocessor,off,observed_amplification,centerpoint+deeplabv3plus,2.92089796501529,deeplabv3plus,0.07196228000000016,1.029208979650153
0.853016,2.51937304,2.51937304,clear,1.031241,2.463704,2.463704,r7p5,-0.17822500000000008,data_preprocessor,off,observed_amplification,centerpoint+deeplabv3plus,2.259566896023224,deeplabv3plus,0.05566904000000017,1.0225956689602322
1.53291,0.6567601199999997,0.6567601199999997,clear,1.437267,0.7190971599999998,0.7190971599999998,r15,0.09564299999999992,decode_head,off,observed_damping,centerpoint+deeplabv3plus,-8.668792406300152,deeplabv3plus,-0.062337040000000066,0.9133120759369985
1.554735,0.8148985999999998,0.8148985999999998,clear,1.437267,0.7190971599999998,0.7190971599999998,r25,0.1174679999999999,decode_head,off,observed_amplification,centerpoint+deeplabv3plus,13.322461181740742,deeplabv3plus,0.09580144000000002,1.1332246118174074
1.54388,0.78718968,0.78718968,clear,1.437267,0.7190971599999998,0.7190971599999998,r50,0.10661299999999985,decode_head,off,observed_amplification,centerpoint+deeplabv3plus,9.469168255371807,deeplabv3plus,0.06809252000000021,1.094691682553718
1.616521,0.7267229999999998,0.7267229999999998,clear,1.437267,0.7190971599999998,0.7190971599999998,r7p5,0.17925400000000002,decode_head,off,observed_amplification,centerpoint+deeplabv3plus,1.0604742202013462,deeplabv3plus,0.007625839999999995,1.0106047422020135
122.813343,69.26842385999996,69.26842385999996,clear,131.049439,84.84690239999998,84.84690239999998,r15,-8.236096000000003,data_preprocessor,off,observed_damping,centerpoint+detr,-18.36069214001149,centerpoint,-15.57847854000002,0.8163930785998851
126.990272,81.19419854999991,81.19419854999991,clear,131.049439,84.84690239999998,84.84690239999998,r25,-4.059167000000002,data_preprocessor,off,observed_damping,centerpoint+detr,-4.305052685105526,centerpoint,-3.6527038500000657,0.9569494731489447
126.952752,76.02849097999997,76.02849097999997,clear,131.049439,84.84690239999998,84.84690239999998,r50,-4.096687000000003,data_preprocessor,off,observed_damping,centerpoint+detr,-10.393321583417059,centerpoint,-8.818411420000004,0.8960667841658294
121.6409295,76.48349861999998,76.48349861999998,clear,131.049439,84.84690239999998,84.84690239999998,r7p5,-9.408509500000008,data_preprocessor,off,observed_damping,centerpoint+detr,-9.857052577561154,centerpoint,-8.363403779999999,0.9014294742243885
0.93624,0.18424768000000002,0.18424768000000002,clear,0.908634,0.18299260000000006,0.18299260000000006,r15,0.02760599999999991,pts_backbone,off,observed_amplification,centerpoint+detr,0.6858637999569206,centerpoint,0.001255079999999964,1.0068586379995692
0.9439005,0.23116998999999983,0.23116998999999983,clear,0.908634,0.18299260000000006,0.18299260000000006,r25,0.03526649999999998,pts_backbone,off,observed_amplification,centerpoint+detr,26.327507232532767,centerpoint,0.048177389999999765,1.2632750723253277
0.912265,0.1781081200000001,0.1781081200000001,clear,0.908634,0.18299260000000006,0.18299260000000006,r50,0.00363099999999994,pts_backbone,off,observed_damping,centerpoint+detr,-2.669222689879247,centerpoint,-0.004884479999999969,0.9733077731012075
0.9075725,0.20764298999999997,0.20764298999999997,clear,0.908634,0.18299260000000006,0.18299260000000006,r7p5,-0.0010615000000000485,pts_backbone,off,observed_amplification,centerpoint+detr,13.470703186904775,centerpoint,0.02465038999999991,1.1347070318690478
29.793646,26.24446114,26.24446114,clear,29.862315,26.720862199999992,26.720862199999992,r15,-0.06866899999999987,pts_bbox_head,off,observed_damping,centerpoint+detr,-1.7828805688762328,centerpoint,-0.4764010599999935,0.9821711943112377
30.3702075,26.1790406,26.1790406,clear,29.862315,26.720862199999992,26.720862199999992,r25,0.5078925000000005,pts_bbox_head,off,observed_damping,centerpoint+detr,-2.0277100190277286,centerpoint,-0.5418215999999916,0.9797228998097227
30.125576,27.11099766,27.11099766,clear,29.862315,26.720862199999992,26.720862199999992,r50,0.26326099999999997,pts_bbox_head,off,observed_amplification,centerpoint+detr,1.4600406868607863,centerpoint,0.3901354600000069,1.0146004068686079
30.021998500000002,26.41895421,26.41895421,clear,29.862315,26.720862199999992,26.720862199999992,r7p5,0.15968350000000342,pts_bbox_head,off,observed_damping,centerpoint+detr,-1.1298587139152771,centerpoint,-0.301907989999993,0.9887014128608472
25.649141,33.92539675999999,33.92539675999999,clear,23.462852,34.133194599999925,34.133194599999925,r15,2.1862889999999986,pts_middle_encoder,off,observed_damping,centerpoint+detr,-0.6087852087537482,centerpoint,-0.20779783999993384,0.9939121479124625
23.496112,37.39579529999987,37.39579529999987,clear,23.462852,34.133194599999925,34.133194599999925,r25,0.03325999999999851,pts_middle_encoder,off,observed_amplification,centerpoint+detr,9.558439338109736,centerpoint,3.2626006999999433,1.0955843933810974
20.807392,41.57688943999987,41.57688943999987,clear,23.462852,34.133194599999925,34.133194599999925,r50,-2.6554600000000015,pts_middle_encoder,off,observed_amplification,centerpoint+detr,21.807788363295934,centerpoint,7.443694839999942,1.2180778836329593
23.982837500000002,40.73678201,40.73678201,clear,23.462852,34.133194599999925,34.133194599999925,r7p5,0.5199855000000007,pts_middle_encoder,off,observed_amplification,centerpoint+detr,19.346526123283205,centerpoint,6.603587410000074,1.193465261232832
0.258674,0.09458383999999948,0.09458383999999948,clear,0.25374,0.07100679999999998,0.07100679999999998,r15,0.004933999999999994,pts_neck,off,observed_amplification,centerpoint+detr,33.20391849794597,centerpoint,0.023577039999999494,1.3320391849794597
0.25934,0.09645337999999981,0.09645337999999981,clear,0.25374,0.07100679999999998,0.07100679999999998,r25,0.005599999999999994,pts_neck,off,observed_amplification,centerpoint+detr,35.83682126218874,centerpoint,0.02544657999999983,1.3583682126218874
0.248828,0.04982061999999993,0.04982061999999993,clear,0.25374,0.07100679999999998,0.07100679999999998,r50,-0.0049120000000000275,pts_neck,off,observed_damping,centerpoint+detr,-29.83683252871564,centerpoint,-0.021186180000000054,0.7016316747128436
0.24876500000000001,0.10398392999999978,0.10398392999999978,clear,0.25374,0.07100679999999998,0.07100679999999998,r7p5,-0.004975000000000007,pts_neck,off,observed_amplification,centerpoint+detr,46.44221398513919,centerpoint,0.0329771299999998,1.464422139851392
0.095485,0.040480639999999915,0.040480639999999915,clear,0.095025,0.036173599999999945,0.036173599999999945,r15,0.0004600000000000021,pts_voxel_encoder,off,observed_amplification,centerpoint+detr,11.90658380697518,centerpoint,0.00430703999999997,1.1190658380697518
0.095072,0.037037679999999795,0.037037679999999795,clear,0.095025,0.036173599999999945,0.036173599999999945,r25,4.700000000000537e-05,pts_voxel_encoder,off,observed_amplification,centerpoint+detr,2.388703363778699,centerpoint,0.0008640799999998505,1.023887033637787
0.096567,0.06337868,0.06337868,clear,0.095025,0.036173599999999945,0.036173599999999945,r50,0.0015420000000000017,pts_voxel_encoder,off,observed_amplification,centerpoint+detr,75.20700179136195,centerpoint,0.027205080000000062,1.7520700179136195
0.096371,0.03298948999999998,0.03298948999999998,clear,0.095025,0.036173599999999945,0.036173599999999945,r7p5,0.001346,pts_voxel_encoder,off,observed_damping,centerpoint+detr,-8.802303337240325,centerpoint,-0.0031841099999999622,0.9119769666275968
3.844008,2.1820986,2.1820986,clear,3.768974,1.7286318799999996,1.7286318799999996,r15,0.07503400000000005,backbone,off,observed_amplification,centerpoint+detr,26.232694493636256,detr,0.45346672000000066,1.2623269449363625
3.997996,2.411892359999999,2.411892359999999,clear,3.768974,1.7286318799999996,1.7286318799999996,r25,0.22902200000000006,backbone,off,observed_amplification,centerpoint+detr,39.526083482852336,detr,0.6832604799999995,1.3952608348285234
3.837993,2.2288588799999998,2.2288588799999998,clear,3.768974,1.7286318799999996,1.7286318799999996,r50,0.06901899999999994,backbone,off,observed_amplification,centerpoint+detr,28.937740058340268,detr,0.5002270000000002,1.2893774005834027
3.897772,2.214474999999999,2.214474999999999,clear,3.768974,1.7286318799999996,1.7286318799999996,r7p5,0.12879799999999975,backbone,off,observed_amplification,centerpoint+detr,28.105643869069418,detr,0.4858431199999993,1.2810564386906942
26.843933,35.50549039999999,35.50549039999999,clear,28.448034,32.38689136,32.38689136,r15,-1.604101,bbox_head,off,observed_amplification,centerpoint+detr,9.629201535074383,detr,3.1185990399999923,1.0962920153507438
26.559989,34.4933454,34.4933454,clear,28.448034,32.38689136,32.38689136,r25,-1.8880449999999982,bbox_head,off,observed_amplification,centerpoint+detr,6.504032809402682,detr,2.1064540400000027,1.0650403280940268
27.569097,35.68265076,35.68265076,clear,28.448034,32.38689136,32.38689136,r50,-0.8789370000000005,bbox_head,off,observed_amplification,centerpoint+detr,10.176214084166425,detr,3.2957594000000014,1.1017621408416642
27.332277,34.456029799999996,34.456029799999996,clear,28.448034,32.38689136,32.38689136,r7p5,-1.1157569999999986,bbox_head,off,observed_amplification,centerpoint+detr,6.3888145885947045,detr,2.069138439999996,1.063888145885947
1.598616,2.33463124,2.33463124,clear,1.916452,2.75060364,2.75060364,r15,-0.317836,data_preprocessor,off,observed_damping,centerpoint+detr,-15.122949521000406,detr,-0.4159723999999998,0.8487705047899959
1.640782,2.49388712,2.49388712,clear,1.916452,2.75060364,2.75060364,r25,-0.2756700000000001,data_preprocessor,off,observed_damping,centerpoint+detr,-9.333097516005607,detr,-0.2567165199999999,0.9066690248399439
1.640359,2.66365976,2.66365976,clear,1.916452,2.75060364,2.75060364,r50,-0.27609300000000014,data_preprocessor,off,observed_damping,centerpoint+detr,-3.1609018011770074,detr,-0.0869438800000002,0.9683909819882299
1.779896,2.3254456400000003,2.3254456400000003,clear,1.916452,2.75060364,2.75060364,r7p5,-0.13655600000000012,data_preprocessor,off,observed_damping,centerpoint+detr,-15.456898035661714,detr,-0.4251579999999997,0.8454310196433829
5.203266,2.4166326399999996,2.4166326399999996,clear,4.870211,2.4114524399999997,2.4114524399999997,r15,0.3330549999999999,decoder,off,observed_amplification,centerpoint+detr,0.2148165941020963,detr,0.005180199999999857,1.002148165941021
5.207929,2.96449052,2.96449052,clear,4.870211,2.4114524399999997,2.4114524399999997,r25,0.33771799999999974,decoder,off,observed_amplification,centerpoint+detr,22.933816600587843,detr,0.5530380800000003,1.2293381660058784
4.986829,2.3386692799999995,2.3386692799999995,clear,4.870211,2.4114524399999997,2.4114524399999997,r50,0.11661799999999989,decoder,off,observed_damping,centerpoint+detr,-3.018229129992722,detr,-0.07278316000000018,0.9698177087000728
5.041661,2.21268476,2.21268476,clear,4.870211,2.4114524399999997,2.4114524399999997,r7p5,0.1714500000000001,decoder,off,observed_damping,centerpoint+detr,-8.242653958375378,detr,-0.19876767999999956,0.9175734604162462
3.477806,1.7205936799999995,1.7205936799999995,clear,3.308863,1.5221498799999993,1.5221498799999993,r15,0.16894300000000007,encoder,off,observed_amplification,centerpoint+detr,13.03707358962576,detr,0.19844380000000017,1.1303707358962576
3.612074,1.8056679199999994,1.8056679199999994,clear,3.308863,1.5221498799999993,1.5221498799999993,r25,0.3032109999999997,encoder,off,observed_amplification,centerpoint+detr,18.626157891889083,detr,0.28351804000000014,1.1862615789188908
3.337699,1.83417108,1.83417108,clear,3.308863,1.5221498799999993,1.5221498799999993,r50,0.028836000000000084,encoder,off,observed_amplification,centerpoint+detr,20.49871724852752,detr,0.31202120000000066,1.2049871724852752
3.592065,1.6699299599999993,1.6699299599999993,clear,3.308863,1.5221498799999993,1.5221498799999993,r7p5,0.28320199999999973,encoder,off,observed_amplification,centerpoint+detr,9.708641832301046,detr,0.14778007999999998,1.0970864183230105
0.084718,0.05176952,0.05176952,clear,0.079911,0.051887639999999985,0.051887639999999985,r15,0.004807000000000006,neck,off,observed_damping,centerpoint+detr,-0.22764573605580374,detr,-0.00011811999999998546,0.997723542639442
0.086722,0.061673519999999996,0.061673519999999996,clear,0.079911,0.051887639999999985,0.051887639999999985,r25,0.006810999999999998,neck,off,observed_amplification,centerpoint+detr,18.859751570894367,detr,0.00978588000000001,1.1885975157089437
0.083383,0.05177296000000001,0.05177296000000001,clear,0.079911,0.051887639999999985,0.051887639999999985,r50,0.003472000000000003,neck,off,observed_damping,centerpoint+detr,-0.22101602616726446,detr,-0.00011467999999997813,0.9977898397383274
0.084539,0.05890492,0.05890492,clear,0.079911,0.051887639999999985,0.051887639999999985,r7p5,0.004628000000000007,neck,off,observed_amplification,centerpoint+detr,13.523991455383232,detr,0.007017280000000015,1.1352399145538323
0.500606,0.30061588,0.30061588,clear,0.476639,0.27938436000000005,0.27938436000000005,r15,0.023967000000000016,positional_encoding,off,observed_amplification,centerpoint+detr,7.599394611781407,detr,0.021231519999999948,1.075993946117814
0.541537,0.29363167999999995,0.29363167999999995,clear,0.476639,0.27938436000000005,0.27938436000000005,r25,0.06489800000000007,positional_encoding,off,observed_amplification,centerpoint+detr,5.099541005087005,detr,0.014247319999999897,1.05099541005087
0.489454,0.28728588,0.28728588,clear,0.476639,0.27938436000000005,0.27938436000000005,r50,0.01281500000000002,positional_encoding,off,observed_amplification,centerpoint+detr,2.8281898099091762,detr,0.00790151999999994,1.0282818980990918
0.529354,0.31624139999999995,0.31624139999999995,clear,0.476639,0.27938436000000005,0.27938436000000005,r7p5,0.05271500000000001,positional_encoding,off,observed_amplification,centerpoint+detr,13.192234525941204,detr,0.0368570399999999,1.131922345259412
143.66355,43.564507960000014,43.564507960000014,clear,154.0545965,76.61993548000001,76.61993548000001,r15,-10.391046500000016,data_preprocessor,off,observed_damping,centerpoint+dino,-43.14207172443836,centerpoint,-33.055427519999995,0.5685792827556164
146.756696,30.03796780000002,30.03796780000002,clear,154.0545965,76.61993548000001,76.61993548000001,r25,-7.297900499999997,data_preprocessor,off,observed_damping,centerpoint+dino,-60.7961457917949,centerpoint,-46.58196767999999,0.392038542082051
144.970867,73.62798909999998,73.62798909999998,clear,154.0545965,76.61993548000001,76.61993548000001,r50,-9.083729500000004,data_preprocessor,off,observed_damping,centerpoint+dino,-3.9049189499526737,centerpoint,-2.99194638000003,0.9609508105004733
143.0195865,72.99498784999999,72.99498784999999,clear,154.0545965,76.61993548000001,76.61993548000001,r7p5,-11.03501,data_preprocessor,off,observed_damping,centerpoint+dino,-4.731076327969808,centerpoint,-3.6249476300000225,0.9526892367203019
0.9891235,0.16048770999999995,0.16048770999999995,clear,0.9629845,0.16524090000000002,0.16524090000000002,r15,0.026139000000000023,pts_backbone,off,observed_damping,centerpoint+dino,-2.8765214907447656,centerpoint,-0.004753190000000074,0.9712347850925523
0.973266,0.19958752000000002,0.19958752000000002,clear,0.9629845,0.16524090000000002,0.16524090000000002,r25,0.010281499999999943,pts_backbone,off,observed_amplification,centerpoint+dino,20.785786085648272,centerpoint,0.034346619999999994,1.2078578608564827
0.977756,0.2966158999999985,0.2966158999999985,clear,0.9629845,0.16524090000000002,0.16524090000000002,r50,0.014771499999999937,pts_backbone,off,observed_amplification,centerpoint+dino,79.50513462465918,centerpoint,0.13137499999999847,1.7950513462465918
0.982032,0.19710239999999946,0.19710239999999946,clear,0.9629845,0.16524090000000002,0.16524090000000002,r7p5,0.019047499999999995,pts_backbone,off,observed_amplification,centerpoint+dino,19.281848501187927,centerpoint,0.03186149999999943,1.1928184850118793
57.884324,62.38597891,62.38597891,clear,83.312489,62.86902622000001,62.86902622000001,r15,-25.428165,pts_bbox_head,off,observed_damping,centerpoint+dino,-0.7683390996222283,centerpoint,-0.48304731000001055,0.9923166090037777
57.835677,63.66507908,63.66507908,clear,83.312489,62.86902622000001,62.86902622000001,r25,-25.476812000000002,pts_bbox_head,off,observed_amplification,centerpoint+dino,1.2662083506977284,centerpoint,0.796052859999989,1.0126620835069773
58.566848,63.03172389999999,63.03172389999999,clear,83.312489,62.86902622000001,62.86902622000001,r50,-24.745641,pts_bbox_head,off,observed_amplification,centerpoint+dino,0.25878829334917697,centerpoint,0.16269767999997953,1.0025878829334918
58.827426,63.2249556,63.2249556,clear,83.312489,62.86902622000001,62.86902622000001,r7p5,-24.485062999999997,pts_bbox_head,off,observed_amplification,centerpoint+dino,0.5661442548107409,centerpoint,0.3559293799999921,1.0056614425481074
78.7795875,74.0851845,74.0851845,clear,83.2998935,97.52631045,97.52631045,r15,-4.520305999999991,pts_middle_encoder,off,observed_damping,centerpoint+dino,-24.03569441091268,centerpoint,-23.44112595,0.7596430558908732
79.471164,67.46038536,67.46038536,clear,83.2998935,97.52631045,97.52631045,r25,-3.8287294999999943,pts_middle_encoder,off,observed_damping,centerpoint+dino,-30.82852714438967,centerpoint,-30.065925089999993,0.6917147285561033
79.030493,77.3461183,77.3461183,clear,83.2998935,97.52631045,97.52631045,r50,-4.269400499999989,pts_middle_encoder,off,observed_damping,centerpoint+dino,-20.69204920896297,centerpoint,-20.180192149999996,0.7930795079103703
81.056029,91.85370727999998,91.85370727999998,clear,83.2998935,97.52631045,97.52631045,r7p5,-2.243864500000001,pts_middle_encoder,off,observed_damping,centerpoint+dino,-5.816484950395262,centerpoint,-5.672603170000016,0.9418351504960474
0.262073,0.04537174000000002,0.04537174000000002,clear,0.2552355,0.05412186000000005,0.05412186000000005,r15,0.006837499999999996,pts_neck,off,observed_damping,centerpoint+dino,-16.16744139983367,centerpoint,-0.008750120000000028,0.8383255860016633
0.264408,0.10747103999999996,0.10747103999999996,clear,0.2552355,0.05412186000000005,0.05412186000000005,r25,0.009172499999999972,pts_neck,off,observed_amplification,centerpoint+dino,98.57233287991185,centerpoint,0.05334917999999991,1.9857233287991185
0.257678,0.09095029999999957,0.09095029999999957,clear,0.2552355,0.05412186000000005,0.05412186000000005,r50,0.002442500000000014,pts_neck,off,observed_amplification,centerpoint+dino,68.04725484305136,centerpoint,0.03682843999999952,1.6804725484305136
0.2620835,0.04224781999999999,0.04224781999999999,clear,0.2552355,0.05412186000000005,0.05412186000000005,r7p5,0.006848000000000021,pts_neck,off,observed_damping,centerpoint+dino,-21.9394529308491,centerpoint,-0.011874040000000058,0.780605470691509
0.09300649999999999,0.03563794999999996,0.03563794999999996,clear,0.090428,0.04340661000000001,0.04340661000000001,r15,0.0025784999999999975,pts_voxel_encoder,off,observed_damping,centerpoint+dino,-17.89741239871082,centerpoint,-0.007768660000000052,0.8210258760128918
0.090376,0.029588799999999985,0.029588799999999985,clear,0.090428,0.04340661000000001,0.04340661000000001,r25,-5.1999999999996493e-05,pts_voxel_encoder,off,observed_damping,centerpoint+dino,-31.833423526969796,centerpoint,-0.013817810000000028,0.681665764730302
0.088953,0.026510499999999992,0.026510499999999992,clear,0.090428,0.04340661000000001,0.04340661000000001,r50,-0.0014749999999999902,pts_voxel_encoder,off,observed_damping,centerpoint+dino,-38.925200562771465,centerpoint,-0.01689611000000002,0.6107479943722853
0.09109,0.04215131999999998,0.04215131999999998,clear,0.090428,0.04340661000000001,0.04340661000000001,r7p5,0.0006620000000000098,pts_voxel_encoder,off,observed_damping,centerpoint+dino,-2.891932818527021,centerpoint,-0.0012552900000000339,0.9710806718147298
3.9574404999999997,1.8031541499999997,1.8031541499999997,clear,3.701763,2.094110740000002,2.094110740000002,r15,0.25567749999999956,backbone,off,observed_damping,centerpoint+dino,-13.894040293208276,dino,-0.2909565900000022,0.8610595970679172
3.801595,2.195261719999976,2.195261719999976,clear,3.701763,2.094110740000002,2.094110740000002,r25,0.0998319999999997,backbone,off,observed_amplification,centerpoint+dino,4.830259358680045,dino,0.10115097999997413,1.0483025935868004
3.8602675,2.126880259999998,2.126880259999998,clear,3.701763,2.094110740000002,2.094110740000002,r50,0.15850449999999983,backbone,off,observed_amplification,centerpoint+dino,1.564841790553828,dino,0.032769519999996,1.0156484179055383
3.7877039999999997,2.339459599999997,2.339459599999997,clear,3.701763,2.094110740000002,2.094110740000002,r7p5,0.0859409999999996,backbone,off,observed_amplification,centerpoint+dino,11.716135890692915,dino,0.24534885999999512,1.1171613589069291
1.87924,2.4892206399999965,2.4892206399999965,clear,1.949607,1.961715740000001,1.961715740000001,r15,-0.07036700000000007,bbox_head,off,observed_amplification,centerpoint+dino,26.889976424412822,dino,0.5275048999999956,1.2688997642441282
1.92977,2.5382326799999997,2.5382326799999997,clear,1.949607,1.961715740000001,1.961715740000001,r25,-0.019837000000000105,bbox_head,off,observed_amplification,centerpoint+dino,29.388403643027218,dino,0.5765169399999988,1.2938840364302722
1.911495,2.9018133299999995,2.9018133299999995,clear,1.949607,1.961715740000001,1.961715740000001,r50,-0.038112000000000146,bbox_head,off,observed_amplification,centerpoint+dino,47.92221272588648,dino,0.9400975899999986,1.4792221272588648
1.9129355000000001,2.346128199999999,2.346128199999999,clear,1.949607,1.961715740000001,1.961715740000001,r7p5,-0.03667149999999997,bbox_head,off,observed_amplification,centerpoint+dino,19.595726952774406,dino,0.38441245999999807,1.195957269527744
1.1996205,2.656703629999999,2.656703629999999,clear,1.256243,2.5321113800000004,2.5321113800000004,r15,-0.05662250000000002,data_preprocessor,off,observed_amplification,centerpoint+dino,4.920488529220957,dino,0.12459224999999874,1.0492048852922096
1.163446,2.52383294,2.52383294,clear,1.256243,2.5321113800000004,2.5321113800000004,r25,-0.09279700000000002,data_preprocessor,off,observed_damping,centerpoint+dino,-0.32693822496860925,dino,-0.00827844000000022,0.9967306177503139
1.1807455,2.68162346,2.68162346,clear,1.256243,2.5321113800000004,2.5321113800000004,r50,-0.0754975,data_preprocessor,off,observed_amplification,centerpoint+dino,5.90464073503747,dino,0.1495120799999996,1.0590464073503747
1.145332,2.288671849999999,2.288671849999999,clear,1.256243,2.5321113800000004,2.5321113800000004,r7p5,-0.11091099999999998,data_preprocessor,off,observed_damping,centerpoint+dino,-9.614092489091108,dino,-0.24343953000000118,0.9038590751090889
12.056058499999999,11.506958249999993,11.506958249999993,clear,11.978306,11.392651140000003,11.392651140000003,r15,0.077752499999999,decoder,off,observed_amplification,centerpoint+dino,1.003340737773084,dino,0.11430710999998972,1.0100334073777308
11.848885,11.656717139999998,11.656717139999998,clear,11.978306,11.392651140000003,11.392651140000003,r25,-0.12942100000000067,decoder,off,observed_amplification,centerpoint+dino,2.317862600679921,dino,0.26406599999999436,1.0231786260067992
11.9632075,11.584175309999997,11.584175309999997,clear,11.978306,11.392651140000003,11.392651140000003,r50,-0.01509850000000057,decoder,off,observed_amplification,centerpoint+dino,1.6811202910229195,dino,0.1915241699999939,1.0168112029102292
11.7563145,11.592748250000001,11.592748250000001,clear,11.978306,11.392651140000003,11.392651140000003,r7p5,-0.22199149999999968,decoder,off,observed_amplification,centerpoint+dino,1.756370027845855,dino,0.20009710999999797,1.0175637002784585
42.877167,55.42791935,55.42791935,clear,33.227053,55.02462818,55.02462818,r15,9.650114000000002,encoder,off,observed_amplification,centerpoint+dino,0.7329284782819911,dino,0.4032911700000028,1.00732928478282
43.937869,57.00720210000001,57.00720210000001,clear,33.227053,55.02462818,55.02462818,r25,10.710816000000001,encoder,off,observed_amplification,centerpoint+dino,3.603066455105308,dino,1.9825739200000072,1.036030664551053
46.148356,56.41869015999999,56.41869015999999,clear,33.227053,55.02462818,55.02462818,r50,12.921303000000002,encoder,off,observed_amplification,centerpoint+dino,2.5335236713270426,dino,1.3940619799999894,1.0253352367132704
43.367981,56.513511199999996,56.513511199999996,clear,33.227053,55.02462818,55.02462818,r7p5,10.140928000000002,encoder,off,observed_amplification,centerpoint+dino,2.7058483977928427,dino,1.4888830199999958,1.0270584839779284
0.384703,0.26981447999999975,0.26981447999999975,clear,0.361808,0.20002266000000007,0.20002266000000007,r15,0.022895,neck,off,observed_amplification,centerpoint+dino,34.89195674130103,dino,0.06979181999999967,1.3489195674130103
0.376009,0.2487306999999997,0.2487306999999997,clear,0.361808,0.20002266000000007,0.20002266000000007,r25,0.014200999999999964,neck,off,observed_amplification,centerpoint+dino,24.351261002128254,dino,0.04870803999999962,1.2435126100212825
0.38131349999999997,0.2101877199999998,0.2101877199999998,clear,0.361808,0.20002266000000007,0.20002266000000007,r50,0.019505499999999953,neck,off,observed_amplification,centerpoint+dino,5.0819542145873475,dino,0.010165059999999726,1.0508195421458735
0.3709405,0.2663776499999997,0.2663776499999997,clear,0.361808,0.20002266000000007,0.20002266000000007,r7p5,0.009132499999999988,neck,off,observed_amplification,centerpoint+dino,33.1737364156639,dino,0.06635498999999961,1.331737364156639
0.39125350000000003,0.4046939999999995,0.4046939999999995,clear,0.35898949999999996,0.34329969000000016,0.34329969000000016,r15,0.03226400000000007,positional_encoding,off,observed_amplification,centerpoint+dino,17.883590282298044,dino,0.06139430999999934,1.1788359028229805
0.3376305,0.3872235499999993,0.3872235499999993,clear,0.35898949999999996,0.34329969000000016,0.34329969000000016,r25,-0.02135899999999996,positional_encoding,off,observed_amplification,centerpoint+dino,12.794611029214487,dino,0.04392385999999915,1.1279461102921449
0.3364455,0.38019451,0.38019451,clear,0.35898949999999996,0.34329969000000016,0.34329969000000016,r50,-0.022543999999999953,positional_encoding,off,observed_amplification,centerpoint+dino,10.747117190813604,dino,0.03689481999999983,1.107471171908136
0.344602,0.3934625299999999,0.3934625299999999,clear,0.35898949999999996,0.34329969000000016,0.34329969000000016,r7p5,-0.014387499999999942,positional_encoding,off,observed_amplification,centerpoint+dino,14.611967753306088,dino,0.050162839999999764,1.1461196775330609
127.3783865,76.56330676000002,76.56330676000002,clear,145.08457349999998,75.38046471999998,75.38046471999998,r15,-17.70618699999997,data_preprocessor,off,observed_amplification,centerpoint+faster-rcnn,1.5691625733453618,centerpoint,1.1828420400000397,1.0156916257334536
131.8705405,72.39050999999998,72.39050999999998,clear,145.08457349999998,75.38046471999998,75.38046471999998,r25,-13.214032999999972,data_preprocessor,off,observed_damping,centerpoint+faster-rcnn,-3.9664848593148894,centerpoint,-2.98995472,0.9603351514068511
133.3491855,70.71879830000002,70.71879830000002,clear,145.08457349999998,75.38046471999998,75.38046471999998,r50,-11.735387999999972,data_preprocessor,off,observed_damping,centerpoint+faster-rcnn,-6.184183710349456,centerpoint,-4.6616664199999605,0.9381581628965054
127.2271875,71.08621692999999,71.08621692999999,clear,145.08457349999998,75.38046471999998,75.38046471999998,r7p5,-17.857385999999977,data_preprocessor,off,observed_damping,centerpoint+faster-rcnn,-5.696764812940502,centerpoint,-4.294247789999986,0.943032351870595
0.95055,0.18690026000000015,0.18690026000000015,clear,0.949891,0.2055588399999999,0.2055588399999999,r15,0.0006589999999999652,pts_backbone,off,observed_damping,centerpoint+faster-rcnn,-9.077001991254551,centerpoint,-0.018658579999999758,0.9092299800874545
0.952041,0.18298159999999986,0.18298159999999986,clear,0.949891,0.2055588399999999,0.2055588399999999,r25,0.0021499999999999853,pts_backbone,off,observed_damping,centerpoint+faster-rcnn,-10.983346666093297,centerpoint,-0.022577240000000054,0.890166533339067
0.967665,0.27882349999999834,0.27882349999999834,clear,0.949891,0.2055588399999999,0.2055588399999999,r50,0.017773999999999957,pts_backbone,off,observed_amplification,centerpoint+faster-rcnn,35.64169753049708,centerpoint,0.07326465999999843,1.3564169753049709
0.9442045,0.14471944000000003,0.14471944000000003,clear,0.949891,0.2055588399999999,0.2055588399999999,r7p5,-0.005686500000000039,pts_backbone,off,observed_damping,centerpoint+faster-rcnn,-29.597073032714093,centerpoint,-0.06083939999999988,0.7040292696728591
60.610271,35.01286579,35.01286579,clear,31.382510500000002,34.69528605,34.69528605,r15,29.227760499999995,pts_bbox_head,off,observed_amplification,centerpoint+faster-rcnn,0.9153397367651861,centerpoint,0.31757973999999933,1.0091533973676519
30.867877,35.5626202,35.5626202,clear,31.382510500000002,34.69528605,34.69528605,r25,-0.5146335000000022,pts_bbox_head,off,observed_amplification,centerpoint+faster-rcnn,2.499861649072632,centerpoint,0.8673341499999978,1.0249986164907263
30.3689,35.68109954999999,35.68109954999999,clear,31.382510500000002,34.69528605,34.69528605,r50,-1.0136105000000022,pts_bbox_head,off,observed_amplification,centerpoint+faster-rcnn,2.841347088418056,centerpoint,0.9858134999999919,1.0284134708841806
57.437903000000006,35.43834595,35.43834595,clear,31.382510500000002,34.69528605,34.69528605,r7p5,26.055392500000004,pts_bbox_head,off,observed_amplification,centerpoint+faster-rcnn,2.1416739407456253,centerpoint,0.7430598999999987,1.0214167394074563
51.705145,64.46783363000002,64.46783363000002,clear,56.523936000000006,67.85188306,67.85188306,r15,-4.8187910000000045,pts_middle_encoder,off,observed_damping,centerpoint+faster-rcnn,-4.987406800497407,centerpoint,-3.3840494299999904,0.9501259319950259
56.8635065,66.92272264999998,66.92272264999998,clear,56.523936000000006,67.85188306,67.85188306,r25,0.33957049999999356,pts_middle_encoder,off,observed_damping,centerpoint+faster-rcnn,-1.369395170917198,centerpoint,-0.9291604100000228,0.986306048290828
57.6059105,68.45298035,68.45298035,clear,56.523936000000006,67.85188306,67.85188306,r50,1.081974499999994,pts_middle_encoder,off,observed_amplification,centerpoint+faster-rcnn,0.8858962535622794,centerpoint,0.6010972899999985,1.0088589625356228
54.369044,67.70734858,67.70734858,clear,56.523936000000006,67.85188306,67.85188306,r7p5,-2.154892000000004,pts_middle_encoder,off,observed_damping,centerpoint+faster-rcnn,-0.21301469241788995,centerpoint,-0.14453448000000435,0.9978698530758211
0.25615299999999996,0.10612163000000005,0.10612163000000005,clear,0.2549395,0.11159257,0.11159257,r15,0.0012134999999999785,pts_neck,off,observed_damping,centerpoint+faster-rcnn,-4.902602386520849,centerpoint,-0.005470939999999952,0.9509739761347915
0.253734,0.14408914999999983,0.14408914999999983,clear,0.2549395,0.11159257,0.11159257,r25,-0.0012054999999999705,pts_neck,off,observed_amplification,centerpoint+faster-rcnn,29.120738056305928,centerpoint,0.03249657999999983,1.2912073805630593
0.261157,0.07529690000000003,0.07529690000000003,clear,0.2549395,0.11159257,0.11159257,r50,0.006217499999999987,pts_neck,off,observed_damping,centerpoint+faster-rcnn,-32.525167222154636,centerpoint,-0.036295669999999974,0.6747483277784536
0.25524,0.06763041000000009,0.06763041000000009,clear,0.2549395,0.11159257,0.11159257,r7p5,0.00030050000000003685,pts_neck,off,observed_damping,centerpoint+faster-rcnn,-39.39523930670287,centerpoint,-0.04396215999999992,0.6060476069329713
0.0957365,0.03570083000000002,0.03570083000000002,clear,0.0959525,0.035951989999999975,0.035951989999999975,r15,-0.00021599999999999397,pts_voxel_encoder,off,observed_damping,centerpoint+faster-rcnn,-0.6985983251551864,centerpoint,-0.00025115999999995864,0.9930140167484481
0.09505949999999999,0.04369979999999987,0.04369979999999987,clear,0.0959525,0.035951989999999975,0.035951989999999975,r25,-0.0008930000000000049,pts_voxel_encoder,off,observed_amplification,centerpoint+faster-rcnn,21.55043434313344,centerpoint,0.007747809999999897,1.2155043434313344
0.0984135,0.03553974999999995,0.03553974999999995,clear,0.0959525,0.035951989999999975,0.035951989999999975,r50,0.002461000000000005,pts_voxel_encoder,off,observed_damping,centerpoint+faster-rcnn,-1.1466402833334777,centerpoint,-0.00041224000000002203,0.9885335971666652
0.09182950000000001,0.028019729999999993,0.028019729999999993,clear,0.0959525,0.035951989999999975,0.035951989999999975,r7p5,-0.004122999999999988,pts_voxel_encoder,off,observed_damping,centerpoint+faster-rcnn,-22.06347965717611,centerpoint,-0.007932259999999983,0.7793652034282389
3.704854,2.190739410000001,2.190739410000001,clear,3.8772304999999996,2.0018608599999923,2.0018608599999923,r15,-0.1723764999999995,backbone,off,observed_amplification,centerpoint+faster-rcnn,9.435148754544764,faster-rcnn,0.18887855000000853,1.0943514875454476
3.7941405,2.056745129999996,2.056745129999996,clear,3.8772304999999996,2.0018608599999923,2.0018608599999923,r25,-0.08308999999999944,backbone,off,observed_amplification,centerpoint+faster-rcnn,2.7416625748906354,faster-rcnn,0.05488427000000362,1.0274166257489064
3.711798,1.8849439699999957,1.8849439699999957,clear,3.8772304999999996,2.0018608599999923,2.0018608599999923,r50,-0.16543249999999965,backbone,off,observed_damping,centerpoint+faster-rcnn,-5.840410406944918,faster-rcnn,-0.11691688999999661,0.9415958959305508
3.963803,2.36334824,2.36334824,clear,3.8772304999999996,2.0018608599999923,2.0018608599999923,r7p5,0.08657250000000039,backbone,off,observed_amplification,centerpoint+faster-rcnn,18.05756769728788,faster-rcnn,0.3614873800000078,1.1805756769728788
1.614864,2.77995632,2.77995632,clear,1.381167,2.59447753,2.59447753,r15,0.23369700000000004,data_preprocessor,off,observed_amplification,centerpoint+faster-rcnn,7.148984250405133,faster-rcnn,0.18547879000000034,1.0714898425040513
1.5975709999999999,2.5575797199999997,2.5575797199999997,clear,1.381167,2.59447753,2.59447753,r25,0.21640399999999982,data_preprocessor,off,observed_damping,centerpoint+faster-rcnn,-1.4221672600109203,faster-rcnn,-0.03689781000000014,0.9857783273998908
1.5342645,2.6459398199999997,2.6459398199999997,clear,1.381167,2.59447753,2.59447753,r50,0.1530974999999999,data_preprocessor,off,observed_amplification,centerpoint+faster-rcnn,1.9835319213575842,faster-rcnn,0.05146228999999991,1.0198353192135758
1.554467,2.7193560000000003,2.7193560000000003,clear,1.381167,2.59447753,2.59447753,r7p5,0.1733,data_preprocessor,off,observed_amplification,centerpoint+faster-rcnn,4.813241531523316,faster-rcnn,0.12487847000000052,1.0481324153152332
0.462387,0.29910219000000005,0.29910219000000005,clear,0.4879975,0.2869426699999998,0.2869426699999998,r15,-0.02561049999999998,neck,off,observed_amplification,centerpoint+faster-rcnn,4.23761303956649,faster-rcnn,0.012159520000000257,1.042376130395665
0.481591,0.28819829999999996,0.28819829999999996,clear,0.4879975,0.2869426699999998,0.2869426699999998,r25,-0.006406499999999982,neck,off,observed_amplification,centerpoint+faster-rcnn,0.43758915326193026,faster-rcnn,0.001255630000000174,1.0043758915326193
0.474512,0.2658767599999988,0.2658767599999988,clear,0.4879975,0.2869426699999998,0.2869426699999998,r50,-0.013485499999999984,neck,off,observed_damping,centerpoint+faster-rcnn,-7.341504837883117,faster-rcnn,-0.021065910000000965,0.9265849516211688
0.507518,0.32853476000000004,0.32853476000000004,clear,0.4879975,0.2869426699999998,0.2869426699999998,r7p5,0.01952050000000005,neck,off,observed_amplification,centerpoint+faster-rcnn,14.494912868832044,faster-rcnn,0.04159209000000025,1.1449491286883204
6.191407,22.43992066,22.43992066,clear,6.1559885,22.40135655,22.40135655,r15,0.035418499999999575,roi_head,off,observed_amplification,centerpoint+faster-rcnn,0.1721507798597921,faster-rcnn,0.038564109999999374,1.001721507798598
6.041942000000001,22.178222160000004,22.178222160000004,clear,6.1559885,22.40135655,22.40135655,r25,-0.11404649999999972,roi_head,off,observed_damping,centerpoint+faster-rcnn,-0.9960753470530159,faster-rcnn,-0.2231343899999949,0.9900392465294698
6.061037000000001,22.26689771,22.26689771,clear,6.1559885,22.40135655,22.40135655,r50,-0.09495149999999963,roi_head,off,observed_damping,centerpoint+faster-rcnn,-0.6002263287041898,faster-rcnn,-0.13445884000000063,0.9939977367129581
6.135518,22.416796400000003,22.416796400000003,clear,6.1559885,22.40135655,22.40135655,r7p5,-0.020470500000000058,roi_head,off,observed_amplification,centerpoint+faster-rcnn,0.06892372774631728,faster-rcnn,0.015439850000003474,1.0006892372774632
42.903005,51.395602600000004,51.395602600000004,clear,49.0616075,50.41796713999999,50.41796713999999,r15,-6.158602500000001,rpn_head,off,observed_amplification,centerpoint+faster-rcnn,1.939061639048889,faster-rcnn,0.9776354600000161,1.019390616390489
44.16997,51.58382064,51.58382064,clear,49.0616075,50.41796713999999,50.41796713999999,r25,-4.891637500000002,rpn_head,off,observed_amplification,centerpoint+faster-rcnn,2.312377047576475,faster-rcnn,1.1658535000000114,1.0231237704757647
43.6734855,52.09030225,52.09030225,clear,49.0616075,50.41796713999999,50.41796713999999,r50,-5.388122000000003,rpn_head,off,observed_amplification,centerpoint+faster-rcnn,3.3169427584343047,faster-rcnn,1.672335110000013,1.033169427584343
44.145857,51.805418759999995,51.805418759999995,clear,49.0616075,50.41796713999999,50.41796713999999,r7p5,-4.9157505000000015,rpn_head,off,observed_amplification,centerpoint+faster-rcnn,2.7518991714746255,faster-rcnn,1.3874516200000073,1.0275189917147463
130.516971,66.72509152999997,66.72509152999997,clear,140.002229,73.59629856999996,73.59629856999996,r15,-9.485257999999988,data_preprocessor,off,observed_damping,centerpoint+mask-rcnn,-9.336348666318518,centerpoint,-6.871207039999987,0.9066365133368148
133.3048265,68.73893835000001,68.73893835000001,clear,140.002229,73.59629856999996,73.59629856999996,r25,-6.69740250000001,data_preprocessor,off,observed_damping,centerpoint+mask-rcnn,-6.600006133976899,centerpoint,-4.857360219999947,0.933999938660231
129.69356549999998,64.06798362999999,64.06798362999999,clear,140.002229,73.59629856999996,73.59629856999996,r50,-10.308663500000023,data_preprocessor,off,observed_damping,centerpoint+mask-rcnn,-12.946731187761118,centerpoint,-9.528314939999973,0.8705326881223888
130.632715,66.74624720000001,66.74624720000001,clear,140.002229,73.59629856999996,73.59629856999996,r7p5,-9.36951400000001,data_preprocessor,off,observed_damping,centerpoint+mask-rcnn,-9.307603103822714,centerpoint,-6.850051369999946,0.9069239689617729
0.973053,0.17082014000000012,0.17082014000000012,clear,0.9650920000000001,0.14889707000000008,0.14889707000000008,r15,0.007960999999999885,pts_backbone,off,observed_amplification,centerpoint+mask-rcnn,14.723640968892159,centerpoint,0.021923070000000044,1.1472364096889216
0.9629995,0.2004396500000002,0.2004396500000002,clear,0.9650920000000001,0.14889707000000008,0.14889707000000008,r25,-0.0020925000000000527,pts_backbone,off,observed_amplification,centerpoint+mask-rcnn,34.61624866090387,centerpoint,0.051542580000000116,1.3461624866090387
0.950234,0.19054388999999983,0.19054388999999983,clear,0.9650920000000001,0.14889707000000008,0.14889707000000008,r50,-0.014858000000000038,pts_backbone,off,observed_amplification,centerpoint+mask-rcnn,27.97020787581632,centerpoint,0.04164681999999975,1.2797020787581632
0.979574,0.16322335999999993,0.16322335999999993,clear,0.9650920000000001,0.14889707000000008,0.14889707000000008,r7p5,0.014481999999999884,pts_backbone,off,observed_amplification,centerpoint+mask-rcnn,9.621606388896598,centerpoint,0.014326289999999853,1.096216063888966
62.796268,43.58268062999999,43.58268062999999,clear,58.72786,48.22845592999998,48.22845592999998,r15,4.068407999999998,pts_bbox_head,off,observed_damping,centerpoint+mask-rcnn,-9.63285100137352,centerpoint,-4.64577529999999,0.9036714899862648
64.358638,45.18617995000001,45.18617995000001,clear,58.72786,48.22845592999998,48.22845592999998,r25,5.630777999999999,pts_bbox_head,off,observed_damping,centerpoint+mask-rcnn,-6.308051795014147,centerpoint,-3.042275979999971,0.9369194820498585
63.134919,44.938035139999926,44.938035139999926,clear,58.72786,48.22845592999998,48.22845592999998,r50,4.407058999999997,pts_bbox_head,off,observed_damping,centerpoint+mask-rcnn,-6.822571294374125,centerpoint,-3.2904207900000557,0.9317742870562588
65.175869,46.19069604000001,46.19069604000001,clear,58.72786,48.22845592999998,48.22845592999998,r7p5,6.448009000000006,pts_bbox_head,off,observed_damping,centerpoint+mask-rcnn,-4.225223160695057,centerpoint,-2.0377598899999683,0.9577477683930494
74.63759350000001,82.81673194,82.81673194,clear,79.700729,85.29302558999998,85.29302558999998,r15,-5.063135499999987,pts_middle_encoder,off,observed_damping,centerpoint+mask-rcnn,-2.903278002944143,centerpoint,-2.476293649999988,0.9709672199705586
74.7884245,81.639265,81.639265,clear,79.700729,85.29302558999998,85.29302558999998,r25,-4.9123044999999905,pts_middle_encoder,off,observed_damping,centerpoint+mask-rcnn,-4.283774159406029,centerpoint,-3.6537605899999903,0.9571622584059397
73.1796835,79.70746644999998,79.70746644999998,clear,79.700729,85.29302558999998,85.29302558999998,r50,-6.5210455,pts_middle_encoder,off,observed_damping,centerpoint+mask-rcnn,-6.548670423358594,centerpoint,-5.585559140000001,0.9345132957664141
72.461962,77.6929462,77.6929462,clear,79.700729,85.29302558999998,85.29302558999998,r7p5,-7.238766999999996,pts_middle_encoder,off,observed_damping,centerpoint+mask-rcnn,-8.910551991124404,centerpoint,-7.6000793899999906,0.910894480088756
0.2663895,0.12323353999999989,0.12323353999999989,clear,0.2616735,0.1360466499999998,0.1360466499999998,r15,0.004715999999999998,pts_neck,off,observed_damping,centerpoint+mask-rcnn,-9.418173839635102,centerpoint,-0.012813109999999905,0.905818261603649
0.262863,0.10311210000000001,0.10311210000000001,clear,0.2616735,0.1360466499999998,0.1360466499999998,r25,0.00118950000000001,pts_neck,off,observed_damping,centerpoint+mask-rcnn,-24.208277087307795,centerpoint,-0.032934549999999785,0.757917229126922
0.25690999999999997,0.12692891999999922,0.12692891999999922,clear,0.2616735,0.1360466499999998,0.1360466499999998,r50,-0.004763500000000032,pts_neck,off,observed_damping,centerpoint+mask-rcnn,-6.701914380104612,centerpoint,-0.009117730000000573,0.9329808561989539
0.266403,0.07480444,0.07480444,clear,0.2616735,0.1360466499999998,0.1360466499999998,r7p5,0.004729499999999998,pts_neck,off,observed_damping,centerpoint+mask-rcnn,-45.015595753368345,centerpoint,-0.0612422099999998,0.5498440424663166
0.0932465,0.03624000999999999,0.03624000999999999,clear,0.095733,0.05060663999999984,0.05060663999999984,r15,-0.0024865000000000026,pts_voxel_encoder,off,observed_damping,centerpoint+mask-rcnn,-28.38882407525949,centerpoint,-0.014366629999999853,0.7161117592474051
0.095904,0.034492800000000004,0.034492800000000004,clear,0.095733,0.05060663999999984,0.05060663999999984,r25,0.00017100000000000448,pts_voxel_encoder,off,observed_damping,centerpoint+mask-rcnn,-31.84135520556174,centerpoint,-0.016113839999999838,0.6815864479443826
0.092601,0.035852729999999916,0.035852729999999916,clear,0.095733,0.05060663999999984,0.05060663999999984,r50,-0.003131999999999996,pts_voxel_encoder,off,observed_damping,centerpoint+mask-rcnn,-29.15409914588277,centerpoint,-0.014753909999999926,0.7084590085411723
0.092651,0.029403020000000002,0.029403020000000002,clear,0.095733,0.05060663999999984,0.05060663999999984,r7p5,-0.0030820000000000014,pts_voxel_encoder,off,observed_damping,centerpoint+mask-rcnn,-41.89888915762814,centerpoint,-0.02120361999999984,0.5810111084237186
3.784948,1.6549503999999993,1.6549503999999993,clear,3.6874495,1.5166852399999993,1.5166852399999993,r15,0.09749849999999993,backbone,off,observed_amplification,centerpoint+mask-rcnn,9.116272536548188,mask-rcnn,0.13826516,1.0911627253654819
3.595549,1.3641314400000004,1.3641314400000004,clear,3.6874495,1.5166852399999993,1.5166852399999993,r25,-0.09190049999999994,backbone,off,observed_damping,centerpoint+mask-rcnn,-10.058369131356415,mask-rcnn,-0.15255379999999885,0.8994163086864359
3.687658,1.5598341999999987,1.5598341999999987,clear,3.6874495,1.5166852399999993,1.5166852399999993,r50,0.00020849999999983382,backbone,off,observed_amplification,centerpoint+mask-rcnn,2.8449515339121767,mask-rcnn,0.04314895999999946,1.0284495153391218
3.629773,1.593301539999998,1.593301539999998,clear,3.6874495,1.5166852399999993,1.5166852399999993,r7p5,-0.05767649999999991,backbone,off,observed_amplification,centerpoint+mask-rcnn,5.051562313614832,mask-rcnn,0.07661629999999864,1.0505156231361483
1.384235,2.5237191,2.5237191,clear,1.3144719999999999,2.58030893,2.58030893,r15,0.06976300000000024,data_preprocessor,off,observed_damping,centerpoint+mask-rcnn,-2.1931416561039474,mask-rcnn,-0.05658983000000006,0.9780685834389605
1.393724,2.4946454599999988,2.4946454599999988,clear,1.3144719999999999,2.58030893,2.58030893,r25,0.0792520000000001,data_preprocessor,off,observed_damping,centerpoint+mask-rcnn,-3.3198920099850704,mask-rcnn,-0.08566347000000141,0.9668010799001493
1.419559,2.67969216,2.67969216,clear,1.3144719999999999,2.58030893,2.58030893,r50,0.10508700000000015,data_preprocessor,off,observed_amplification,centerpoint+mask-rcnn,3.85160198627843,mask-rcnn,0.09938322999999993,1.0385160198627843
1.397784,2.61020682,2.61020682,clear,1.3144719999999999,2.58030893,2.58030893,r7p5,0.08331200000000005,data_preprocessor,off,observed_amplification,centerpoint+mask-rcnn,1.1586942033332326,mask-rcnn,0.029897889999999983,1.0115869420333323
0.477046,0.25674511999999927,0.25674511999999927,clear,0.4716325,0.29056530999999997,0.29056530999999997,r15,0.0054135000000000155,neck,off,observed_damping,centerpoint+mask-rcnn,-11.639445190480824,mask-rcnn,-0.033820190000000694,0.8836055480951918
0.456216,0.24268423999999994,0.24268423999999994,clear,0.4716325,0.29056530999999997,0.29056530999999997,r25,-0.0154165,neck,off,observed_damping,centerpoint+mask-rcnn,-16.478591336316107,mask-rcnn,-0.047881070000000026,0.8352140866368389
0.46341,0.23682879999999973,0.23682879999999973,clear,0.4716325,0.29056530999999997,0.29056530999999997,r50,-0.008222500000000021,neck,off,observed_damping,centerpoint+mask-rcnn,-18.493780279552386,mask-rcnn,-0.05373651000000024,0.8150621972044761
0.457104,0.340710759999999,0.340710759999999,clear,0.4716325,0.29056530999999997,0.29056530999999997,r7p5,-0.0145285,neck,off,observed_amplification,centerpoint+mask-rcnn,17.25789289850157,mask-rcnn,0.05014544999999904,1.1725789289850157
13.314052,42.85263595999999,42.85263595999999,clear,13.689519,44.03368429999999,44.03368429999999,r15,-0.37546700000000044,roi_head,off,observed_damping,centerpoint+mask-rcnn,-2.6821474486521613,mask-rcnn,-1.1810483399999967,0.9731785255134784
13.385366,40.96982109999999,40.96982109999999,clear,13.689519,44.03368429999999,44.03368429999999,r25,-0.30415300000000123,roi_head,off,observed_damping,centerpoint+mask-rcnn,-6.95799874279428,mask-rcnn,-3.0638632,0.9304200125720572
13.009605,41.63388587999999,41.63388587999999,clear,13.689519,44.03368429999999,44.03368429999999,r50,-0.6799140000000001,roi_head,off,observed_damping,centerpoint+mask-rcnn,-5.44991512327303,mask-rcnn,-2.3997984200000033,0.9455008487672697
13.093396,43.35472804,43.35472804,clear,13.689519,44.03368429999999,44.03368429999999,r7p5,-0.5961230000000004,roi_head,off,observed_damping,centerpoint+mask-rcnn,-1.541902002508544,mask-rcnn,-0.6789562599999925,0.9845809799749146
44.132464,51.42080030000001,51.42080030000001,clear,36.2450545,52.16538021999999,52.16538021999999,r15,7.887409499999997,rpn_head,off,observed_damping,centerpoint+mask-rcnn,-1.4273449495811552,mask-rcnn,-0.7445799199999783,0.9857265505041884
45.104949,51.328394200000005,51.328394200000005,clear,36.2450545,52.16538021999999,52.16538021999999,r25,8.859894499999996,rpn_head,off,observed_damping,centerpoint+mask-rcnn,-1.60448561185621,mask-rcnn,-0.8369860199999835,0.9839551438814379
44.310832,51.49788496,51.49788496,clear,36.2450545,52.16538021999999,52.16538021999999,r50,8.065777499999996,rpn_head,off,observed_damping,centerpoint+mask-rcnn,-1.279575184125803,mask-rcnn,-0.6674952599999884,0.987204248158742
44.307017,52.48833842,52.48833842,clear,36.2450545,52.16538021999999,52.16538021999999,r7p5,8.0619625,rpn_head,off,observed_amplification,centerpoint+mask-rcnn,0.6191044685919689,mask-rcnn,0.3229582000000093,1.0061910446859197
151.204134,106.61785752,106.61785752,clear,159.0408235,114.51978153000002,114.51978153000002,r15,-7.836689499999977,data_preprocessor,off,observed_damping,centerpoint+vit-upernet,-6.900051593208811,centerpoint,-7.901924010000016,0.9309994840679119
153.234319,113.95895364,113.95895364,clear,159.0408235,114.51978153000002,114.51978153000002,r25,-5.806504499999988,data_preprocessor,off,observed_damping,centerpoint+vit-upernet,-0.48972141101499833,centerpoint,-0.560827890000013,0.99510278588985
154.6745745,107.45230504999998,107.45230504999998,clear,159.0408235,114.51978153000002,114.51978153000002,r50,-4.366248999999982,data_preprocessor,off,observed_damping,centerpoint+vit-upernet,-6.17140234252771,centerpoint,-7.067476480000039,0.9382859765747229
150.109024,108.11862448000004,108.11862448000004,clear,159.0408235,114.51978153000002,114.51978153000002,r7p5,-8.931799499999983,data_preprocessor,off,observed_damping,centerpoint+vit-upernet,-5.589564496613287,centerpoint,-6.401157049999981,0.9441043550338671
0.918174,0.15326771999999989,0.15326771999999989,clear,0.9267405,0.2237975700000001,0.2237975700000001,r15,-0.008566499999999921,pts_backbone,off,observed_damping,centerpoint+vit-upernet,-31.51502047140199,centerpoint,-0.07052985000000023,0.6848497952859801
0.93517,0.13119880000000006,0.13119880000000006,clear,0.9267405,0.2237975700000001,0.2237975700000001,r25,0.008429499999999979,pts_backbone,off,observed_damping,centerpoint+vit-upernet,-41.37612843606837,centerpoint,-0.09259877000000005,0.5862387156393163
0.9165194999999999,0.1687254500000004,0.1687254500000004,clear,0.9267405,0.2237975700000001,0.2237975700000001,r50,-0.010221000000000036,pts_backbone,off,observed_damping,centerpoint+vit-upernet,-24.60800624421422,centerpoint,-0.055072119999999725,0.7539199375578578
0.939729,0.2569843200000004,0.2569843200000004,clear,0.9267405,0.2237975700000001,0.2237975700000001,r7p5,0.01298850000000007,pts_backbone,off,observed_amplification,centerpoint+vit-upernet,14.82891436220699,centerpoint,0.033186750000000265,1.14828914362207
64.906284,39.93106881999998,39.93106881999998,clear,64.76430350000001,46.143627090000024,46.143627090000024,r15,0.1419804999999883,pts_bbox_head,off,observed_damping,centerpoint+vit-upernet,-13.463523918227905,centerpoint,-6.212558270000045,0.865364760817721
48.98333,49.39397924000003,49.39397924000003,clear,64.76430350000001,46.143627090000024,46.143627090000024,r25,-15.780973500000009,pts_bbox_head,off,observed_amplification,centerpoint+vit-upernet,7.043989289486086,centerpoint,3.2503521500000048,1.0704398928948609
51.258832,40.04715825,40.04715825,clear,64.76430350000001,46.143627090000024,46.143627090000024,r50,-13.505471500000013,pts_bbox_head,off,observed_damping,centerpoint+vit-upernet,-13.211941116178993,centerpoint,-6.096468840000021,0.8678805888382101
58.715484,45.29129820000012,45.29129820000012,clear,64.76430350000001,46.143627090000024,46.143627090000024,r7p5,-6.048819500000015,pts_bbox_head,off,observed_damping,centerpoint+vit-upernet,-1.8471215718207312,centerpoint,-0.8523288899999031,0.9815287842817927
53.924149,75.24269903999999,75.24269903999999,clear,53.606735,76.50670044,76.50670044,r15,0.3174139999999994,pts_middle_encoder,off,observed_damping,centerpoint+vit-upernet,-1.6521447046213944,centerpoint,-1.2640014000000122,0.9834785529537861
53.975245,80.26539680000002,80.26539680000002,clear,53.606735,76.50670044,76.50670044,r25,0.36851000000000056,pts_middle_encoder,off,observed_amplification,centerpoint+vit-upernet,4.91289826692729,centerpoint,3.758696360000016,1.049128982669273
53.6289975,78.9262899,78.9262899,clear,53.606735,76.50670044,76.50670044,r50,0.02226249999999652,pts_middle_encoder,off,observed_amplification,centerpoint+vit-upernet,3.1625850364538355,centerpoint,2.4195894599999974,1.0316258503645384
53.968893,80.06492212000008,80.06492212000008,clear,53.606735,76.50670044,76.50670044,r7p5,0.36215800000000087,pts_middle_encoder,off,observed_amplification,centerpoint+vit-upernet,4.650862812716117,centerpoint,3.5582216800000737,1.0465086281271612
0.251244,0.07834373999999988,0.07834373999999988,clear,0.258069,0.1440038300000001,0.1440038300000001,r15,-0.00682499999999997,pts_neck,off,observed_damping,centerpoint+vit-upernet,-45.596071993363076,centerpoint,-0.06566009000000023,0.5440392800663693
0.259717,0.12244220000000014,0.12244220000000014,clear,0.258069,0.1440038300000001,0.1440038300000001,r25,0.0016479999999999828,pts_neck,off,observed_damping,centerpoint+vit-upernet,-14.972955927630505,centerpoint,-0.02156162999999997,0.850270440723695
0.2497545,0.057683850000000036,0.057683850000000036,clear,0.258069,0.1440038300000001,0.1440038300000001,r50,-0.008314500000000002,pts_neck,off,observed_damping,centerpoint+vit-upernet,-59.94283624261938,centerpoint,-0.08631998000000007,0.40057163757380615
0.257749,0.050011320000000165,0.050011320000000165,clear,0.258069,0.1440038300000001,0.1440038300000001,r7p5,-0.00031999999999998696,pts_neck,off,observed_damping,centerpoint+vit-upernet,-65.27084036584296,centerpoint,-0.09399250999999995,0.3472915963415704
0.096846,0.032573559999999946,0.032573559999999946,clear,0.097111,0.04275018000000004,0.04275018000000004,r15,-0.00026500000000000135,pts_voxel_encoder,off,observed_damping,centerpoint+vit-upernet,-23.804858833343122,centerpoint,-0.010176620000000094,0.7619514116665688
0.095719,0.029869120000000013,0.029869120000000013,clear,0.097111,0.04275018000000004,0.04275018000000004,r25,-0.0013920000000000043,pts_voxel_encoder,off,observed_damping,centerpoint+vit-upernet,-30.131007635523442,centerpoint,-0.012881060000000027,0.6986899236447656
0.0956855,0.043598150000000044,0.043598150000000044,clear,0.097111,0.04275018000000004,0.04275018000000004,r50,-0.0014254999999999962,pts_voxel_encoder,off,observed_amplification,centerpoint+vit-upernet,1.983547203777869,centerpoint,0.0008479700000000034,1.0198354720377787
0.098067,0.029851040000000023,0.029851040000000023,clear,0.097111,0.04275018000000004,0.04275018000000004,r7p5,0.0009559999999999985,pts_voxel_encoder,off,observed_damping,centerpoint+vit-upernet,-30.173299855111736,centerpoint,-0.012899140000000017,0.6982670014488827
7.5796025,3.935068040000001,3.935068040000001,clear,7.655788,2.5633231500000004,2.5633231500000004,r15,-0.07618550000000024,backbone,off,observed_amplification,centerpoint+vit-upernet,53.51431753737332,vit-upernet,1.3717448900000004,1.5351431753737332
7.411832,3.0160512400000004,3.0160512400000004,clear,7.655788,2.5633231500000004,2.5633231500000004,r25,-0.24395599999999984,backbone,off,observed_amplification,centerpoint+vit-upernet,17.661764182951334,vit-upernet,0.4527280899999999,1.1766176418295133
7.561282,3.2453932799999983,3.2453932799999983,clear,7.655788,2.5633231500000004,2.5633231500000004,r50,-0.09450599999999998,backbone,off,observed_amplification,centerpoint+vit-upernet,26.6088233939602,vit-upernet,0.6820701299999978,1.266088233939602
7.5330639999999995,2.719958160000001,2.719958160000001,clear,7.655788,2.5633231500000004,2.5633231500000004,r7p5,-0.12272400000000072,backbone,off,observed_amplification,centerpoint+vit-upernet,6.110622845192215,vit-upernet,0.15663501000000046,1.0611062284519222
0.8354600000000001,2.4164974,2.4164974,clear,1.071908,2.64031303,2.64031303,r15,-0.236448,data_preprocessor,off,observed_damping,centerpoint+vit-upernet,-8.476859654781165,vit-upernet,-0.22381563000000027,0.9152314034521883
0.824319,2.30724876,2.30724876,clear,1.071908,2.64031303,2.64031303,r25,-0.24758900000000006,data_preprocessor,off,observed_damping,centerpoint+vit-upernet,-12.614575098317049,vit-upernet,-0.3330642700000004,0.8738542490168295
0.882473,2.52318564,2.52318564,clear,1.071908,2.64031303,2.64031303,r50,-0.18943500000000013,data_preprocessor,off,observed_damping,centerpoint+vit-upernet,-4.436117561409003,vit-upernet,-0.11712739000000028,0.95563882438591
0.8723135,2.47230486,2.47230486,clear,1.071908,2.64031303,2.64031303,r7p5,-0.19959450000000012,data_preprocessor,off,observed_damping,centerpoint+vit-upernet,-6.363191337202934,vit-upernet,-0.16800817000000023,0.9363680866279707
1.9251925,0.8535933400000004,0.8535933400000004,clear,1.956257,0.8708556800000002,0.8708556800000002,r15,-0.03106449999999983,decode_head,off,observed_damping,centerpoint+vit-upernet,-1.9822274110906424,vit-upernet,-0.01726233999999982,0.9801777258890936
1.878978,0.7335953999999998,0.7335953999999998,clear,1.956257,0.8708556800000002,0.8708556800000002,r25,-0.07727899999999988,decode_head,off,observed_damping,centerpoint+vit-upernet,-15.761541567943894,vit-upernet,-0.13726028000000046,0.8423845843205611
1.91542,0.8450082399999999,0.8450082399999999,clear,1.956257,0.8708556800000002,0.8708556800000002,r50,-0.04083700000000001,decode_head,off,observed_damping,centerpoint+vit-upernet,-2.968050917460907,vit-upernet,-0.025847440000000388,0.9703194908253909
1.9238404999999998,0.8699483600000002,0.8699483600000002,clear,1.956257,0.8708556800000002,0.8708556800000002,r7p5,-0.03241650000000007,decode_head,off,observed_damping,centerpoint+vit-upernet,-0.10418718288661699,vit-upernet,-0.0009073200000000448,0.9989581281711338
0.5684545,0.35455913000000006,0.35455913000000006,clear,0.5793335,0.34580328000000005,0.34580328000000005,r15,-0.010878999999999972,neck,off,observed_amplification,centerpoint+vit-upernet,2.5320320848315925,vit-upernet,0.00875585000000001,1.025320320848316
0.559332,0.30903272,0.30903272,clear,0.5793335,0.34580328000000005,0.34580328000000005,r25,-0.020001499999999894,neck,off,observed_damping,centerpoint+vit-upernet,-10.633375137448109,vit-upernet,-0.03677056000000006,0.8936662486255189
0.57159,0.32384744,0.32384744,clear,0.5793335,0.34580328000000005,0.34580328000000005,r50,-0.007743499999999903,neck,off,observed_damping,centerpoint+vit-upernet,-6.349228382102123,vit-upernet,-0.02195584000000006,0.9365077161789788
0.5626315,0.30200436,0.30200436,clear,0.5793335,0.34580328000000005,0.34580328000000005,r7p5,-0.016701999999999995,neck,off,observed_damping,centerpoint+vit-upernet,-12.665848629313182,vit-upernet,-0.04379892000000002,0.8733415137068682
93.620038,26.163333739999985,26.163333739999985,clear,99.7663455,29.832730600000005,29.832730600000005,r15,-6.146307500000006,data_preprocessor,off,observed_damping,centerpoint+yolov3,-12.299902778594529,centerpoint,-3.6693968600000204,0.8770009722140547
95.098162,28.829292599999988,28.829292599999988,clear,99.7663455,29.832730600000005,29.832730600000005,r25,-4.668183499999998,data_preprocessor,off,observed_damping,centerpoint+yolov3,-3.363547284538604,centerpoint,-1.003438000000017,0.966364527154614
93.767271,21.551776779999997,21.551776779999997,clear,99.7663455,29.832730600000005,29.832730600000005,r50,-5.999074500000006,data_preprocessor,off,observed_damping,centerpoint+yolov3,-27.757947909736448,centerpoint,-8.280953820000008,0.7224205209026355
93.975299,27.285936399999997,27.285936399999997,clear,99.7663455,29.832730600000005,29.832730600000005,r7p5,-5.791046499999993,data_preprocessor,off,observed_damping,centerpoint+yolov3,-8.53691280944966,centerpoint,-2.546794200000008,0.9146308719055034
0.908194,0.1956348999999995,0.1956348999999995,clear,0.9260284999999999,0.20210147000000023,0.20210147000000023,r15,-0.017834499999999975,pts_backbone,off,observed_damping,centerpoint+yolov3,-3.1996649999630034,centerpoint,-0.0064665700000007265,0.96800335000037
0.912246,0.15224846000000014,0.15224846000000014,clear,0.9260284999999999,0.20210147000000023,0.20210147000000023,r25,-0.01378249999999992,pts_backbone,off,observed_damping,centerpoint+yolov3,-24.667316868105928,centerpoint,-0.049853010000000086,0.7533268313189407
0.929464,0.20370406000000008,0.20370406000000008,clear,0.9260284999999999,0.20210147000000023,0.20210147000000023,r50,0.0034355000000000357,pts_backbone,off,observed_amplification,centerpoint+yolov3,0.792963059595686,centerpoint,0.0016025899999998483,1.0079296305959569
0.91163,0.14076999999999995,0.14076999999999995,clear,0.9260284999999999,0.20210147000000023,0.20210147000000023,r7p5,-0.01439849999999987,pts_backbone,off,observed_damping,centerpoint+yolov3,-30.346869817423993,centerpoint,-0.06133147000000028,0.6965313018257601
29.805769,9.770031459999995,9.770031459999995,clear,29.914412,9.909917130000007,9.909917130000007,r15,-0.10864299999999716,pts_bbox_head,off,observed_damping,centerpoint+yolov3,-1.4115725506577692,centerpoint,-0.1398856700000124,0.9858842744934223
29.792868,9.93313956,9.93313956,clear,29.914412,9.909917130000007,9.909917130000007,r25,-0.1215440000000001,pts_bbox_head,off,observed_amplification,centerpoint+yolov3,0.23433525926965793,centerpoint,0.023222429999993466,1.0023433525926966
29.840983,9.601560839999998,9.601560839999998,clear,29.914412,9.909917130000007,9.909917130000007,r50,-0.0734289999999973,pts_bbox_head,off,observed_damping,centerpoint+yolov3,-3.1115930229782762,centerpoint,-0.30835629000000964,0.9688840697702172
29.776218,10.775455599999997,10.775455599999997,clear,29.914412,9.909917130000007,9.909917130000007,r7p5,-0.1381939999999986,pts_bbox_head,off,observed_amplification,centerpoint+yolov3,8.73406365205387,centerpoint,0.86553846999999,1.0873406365205387
17.492944,12.675717379999977,12.675717379999977,clear,17.6116295,11.724771890000007,11.724771890000007,r15,-0.118685499999998,pts_middle_encoder,off,observed_amplification,centerpoint+yolov3,8.110567087544162,centerpoint,0.9509454899999703,1.0811056708754416
17.439065,11.035317619999999,11.035317619999999,clear,17.6116295,11.724771890000007,11.724771890000007,r25,-0.1725645,pts_middle_encoder,off,observed_damping,centerpoint+yolov3,-5.88032139531891,centerpoint,-0.6894542700000077,0.9411967860468109
18.980399,11.709708900000003,11.709708900000003,clear,17.6116295,11.724771890000007,11.724771890000007,r50,1.368769499999999,pts_middle_encoder,off,observed_damping,centerpoint+yolov3,-0.12847149728218987,centerpoint,-0.015062990000004106,0.9987152850271781
17.205407,11.4300708,11.4300708,clear,17.6116295,11.724771890000007,11.724771890000007,r7p5,-0.4062224999999984,pts_middle_encoder,off,observed_damping,centerpoint+yolov3,-2.513491032191051,centerpoint,-0.2947010900000073,0.9748650896780895
0.249507,0.08614475999999949,0.08614475999999949,clear,0.25838,0.05804326999999998,0.05804326999999998,r15,-0.008872999999999992,pts_neck,off,observed_amplification,centerpoint+yolov3,48.41472577268564,centerpoint,0.028101489999999507,1.4841472577268564
0.248657,0.05911123999999998,0.05911123999999998,clear,0.25838,0.05804326999999998,0.05804326999999998,r25,-0.00972300000000001,pts_neck,off,observed_amplification,centerpoint+yolov3,1.83995491639255,centerpoint,0.0010679700000000014,1.0183995491639255
0.253911,0.07405578000000004,0.07405578000000004,clear,0.25838,0.05804326999999998,0.05804326999999998,r50,-0.004469000000000001,pts_neck,off,observed_amplification,centerpoint+yolov3,27.587194863418386,centerpoint,0.016012510000000063,1.2758719486341839
0.249025,0.071935,0.071935,clear,0.25838,0.05804326999999998,0.05804326999999998,r7p5,-0.009355000000000002,pts_neck,off,observed_amplification,centerpoint+yolov3,23.93340347640651,centerpoint,0.013891730000000019,1.2393340347640651
0.092399,0.029137299999999935,0.029137299999999935,clear,0.09297649999999999,0.02478385000000001,0.02478385000000001,r15,-0.0005774999999999947,pts_voxel_encoder,off,observed_amplification,centerpoint+yolov3,17.565672807089783,centerpoint,0.0043534499999999254,1.1756567280708978
0.092263,0.03128048,0.03128048,clear,0.09297649999999999,0.02478385000000001,0.02478385000000001,r25,-0.0007134999999999919,pts_voxel_encoder,off,observed_amplification,centerpoint+yolov3,26.21315897247598,centerpoint,0.006496629999999989,1.2621315897247598
0.092966,0.031199539999999998,0.031199539999999998,clear,0.09297649999999999,0.02478385000000001,0.02478385000000001,r50,-1.0499999999996623e-05,pts_voxel_encoder,off,observed_amplification,centerpoint+yolov3,25.88657533030576,centerpoint,0.006415689999999988,1.2588657533030576
0.091394,0.026682799999999993,0.026682799999999993,clear,0.09297649999999999,0.02478385000000001,0.02478385000000001,r7p5,-0.0015824999999999867,pts_voxel_encoder,off,observed_amplification,centerpoint+yolov3,7.662046050149529,centerpoint,0.0018989499999999826,1.0766204605014953
4.045425,2.7116174799999997,2.7116174799999997,clear,4.071429,2.09145852,2.09145852,r15,-0.02600400000000036,backbone,off,observed_amplification,centerpoint+yolov3,29.651984682918766,yolov3,0.6201589599999995,1.2965198468291876
4.200233,2.832873799999999,2.832873799999999,clear,4.071429,2.09145852,2.09145852,r25,0.1288039999999997,backbone,off,observed_amplification,centerpoint+yolov3,35.44967652526041,yolov3,0.7414152799999987,1.354496765252604
4.339106,2.28138828,2.28138828,clear,4.071429,2.09145852,2.09145852,r50,0.26767699999999994,backbone,off,observed_amplification,centerpoint+yolov3,9.08121094364327,yolov3,0.18992975999999961,1.0908121094364327
4.0221865,2.70978097,2.70978097,clear,4.071429,2.09145852,2.09145852,r7p5,-0.04924250000000008,backbone,off,observed_amplification,centerpoint+yolov3,29.564174669837584,yolov3,0.61832245,1.2956417466983758
22.242746,38.153042,38.153042,clear,23.82569,38.170492679999995,38.170492679999995,r15,-1.5829440000000012,bbox_head,off,observed_damping,centerpoint+yolov3,-0.04571772270872687,yolov3,-0.017450679999996055,0.9995428227729127
25.406453,38.41307348,38.41307348,clear,23.82569,38.170492679999995,38.170492679999995,r25,1.5807629999999975,bbox_head,off,observed_amplification,centerpoint+yolov3,0.6355191745458066,yolov3,0.24258080000000604,1.006355191745458
20.589827,38.02206224,38.02206224,clear,23.82569,38.170492679999995,38.170492679999995,r50,-3.235863000000002,bbox_head,off,observed_damping,centerpoint+yolov3,-0.3888617347550527,yolov3,-0.1484304399999985,0.9961113826524495
25.859431999999998,38.093182559999995,38.093182559999995,clear,23.82569,38.170492679999995,38.170492679999995,r7p5,2.0337419999999966,bbox_head,off,observed_damping,centerpoint+yolov3,-0.20253896287932838,yolov3,-0.07731011999999993,0.9979746103712067
1.358305,2.47249236,2.47249236,clear,1.369622,2.5590626,2.5590626,r15,-0.0113169999999998,data_preprocessor,off,observed_damping,centerpoint+yolov3,-3.382888718705046,yolov3,-0.08657023999999991,0.9661711128129495
1.420087,2.550248,2.550248,clear,1.369622,2.5590626,2.5590626,r25,0.050465000000000204,data_preprocessor,off,observed_damping,centerpoint+yolov3,-0.34444643909844475,yolov3,-0.008814600000000006,0.9965555356090156
1.108247,2.60634132,2.60634132,clear,1.369622,2.5590626,2.5590626,r50,-0.2613749999999999,data_preprocessor,off,observed_amplification,centerpoint+yolov3,1.8475015030894548,yolov3,0.047278719999999996,1.0184750150308945
1.489053,2.50039106,2.50039106,clear,1.369622,2.5590626,2.5590626,r7p5,0.11943100000000006,data_preprocessor,off,observed_damping,centerpoint+yolov3,-2.2926965522453324,yolov3,-0.058671539999999744,0.9770730344775467
1.232451,0.8951383599999998,0.8951383599999998,clear,1.254949,0.7130833999999999,0.7130833999999999,r15,-0.02249800000000013,neck,off,observed_amplification,centerpoint+yolov3,25.530668642686095,yolov3,0.18205495999999988,1.255306686426861
1.284574,0.9032190400000002,0.9032190400000002,clear,1.254949,0.7130833999999999,0.7130833999999999,r25,0.029625000000000012,neck,off,observed_amplification,centerpoint+yolov3,26.663871294718167,yolov3,0.19013564000000027,1.2666387129471817
1.391432,0.8482179999999997,0.8482179999999997,clear,1.254949,0.7130833999999999,0.7130833999999999,r50,0.1364829999999999,neck,off,observed_amplification,centerpoint+yolov3,18.950742648054874,yolov3,0.13513459999999977,1.1895074264805487
1.2417265,0.8402291700000002,0.8402291700000002,clear,1.254949,0.7130833999999999,0.7130833999999999,r7p5,-0.013222500000000137,neck,off,observed_amplification,centerpoint+yolov3,17.830420677300896,yolov3,0.12714577000000027,1.178304206773009
5.765382,2.417618159999998,2.417618159999998,clear,4.963571,3.312587559999999,3.312587559999999,r15,0.8018109999999998,backbone,off,observed_damping,pointpillars+deeplabv3plus,-27.01722999889552,deeplabv3plus,-0.8949694000000008,0.7298277000110448
5.117119,2.9958475999999976,2.9958475999999976,clear,4.963571,3.312587559999999,3.312587559999999,r25,0.1535479999999998,backbone,off,observed_damping,pointpillars+deeplabv3plus,-9.561708309983551,deeplabv3plus,-0.3167399600000014,0.9043829169001645
5.185448,3.0379269199999994,3.0379269199999994,clear,4.963571,3.312587559999999,3.312587559999999,r50,0.2218770000000001,backbone,off,observed_damping,pointpillars+deeplabv3plus,-8.291422793364578,deeplabv3plus,-0.27466063999999957,0.9170857720663542
5.84816,2.3791728799999996,2.3791728799999996,clear,4.963571,3.312587559999999,3.312587559999999,r7p5,0.8845890000000001,backbone,off,observed_damping,pointpillars+deeplabv3plus,-28.17781154741762,deeplabv3plus,-0.9334146799999994,0.7182218845258238
0.684325,2.23879132,2.23879132,clear,0.675324,2.42741004,2.42741004,r15,0.009000999999999926,data_preprocessor,off,observed_damping,pointpillars+deeplabv3plus,-7.7703691132463115,deeplabv3plus,-0.18861872000000002,0.9222963088675369
0.627203,2.2837533,2.2837533,clear,0.675324,2.42741004,2.42741004,r25,-0.04812100000000008,data_preprocessor,off,observed_damping,pointpillars+deeplabv3plus,-5.918107679903972,deeplabv3plus,-0.14365673999999995,0.9408189232009603
0.628516,2.1405764400000002,2.1405764400000002,clear,0.675324,2.42741004,2.42741004,r50,-0.04680800000000007,data_preprocessor,off,observed_damping,pointpillars+deeplabv3plus,-11.816446141089521,deeplabv3plus,-0.2868335999999996,0.8818355385891048
0.613426,2.1158517999999997,2.1158517999999997,clear,0.675324,2.42741004,2.42741004,r7p5,-0.06189800000000001,data_preprocessor,off,observed_damping,pointpillars+deeplabv3plus,-12.835006647661395,deeplabv3plus,-0.3115582400000001,0.871649933523386
1.622404,0.8386892800000003,0.8386892800000003,clear,1.482139,1.02304276,1.02304276,r15,0.14026499999999986,decode_head,off,observed_damping,pointpillars+deeplabv3plus,-18.020114819052115,deeplabv3plus,-0.18435347999999974,0.8197988518094789
1.455069,0.9045887799999996,0.9045887799999996,clear,1.482139,1.02304276,1.02304276,r25,-0.02707000000000015,decode_head,off,observed_damping,pointpillars+deeplabv3plus,-11.578595209451503,deeplabv3plus,-0.1184539800000004,0.884214047905485
1.505553,0.8632630799999998,0.8632630799999998,clear,1.482139,1.02304276,1.02304276,r50,0.023413999999999824,decode_head,off,observed_damping,pointpillars+deeplabv3plus,-15.618084233351126,deeplabv3plus,-0.1597796800000002,0.8438191576664887
1.664723,0.6480802400000001,0.6480802400000001,clear,1.482139,1.02304276,1.02304276,r7p5,0.18258399999999986,decode_head,off,observed_damping,pointpillars+deeplabv3plus,-36.65169577076133,deeplabv3plus,-0.37496251999999997,0.6334830422923867
7.245578999999999,17.928901399999997,17.928901399999997,clear,7.507347,17.81332616,17.81332616,r15,-0.2617680000000009,data_preprocessor,off,observed_amplification,pointpillars+deeplabv3plus,0.6488133600760282,pointpillars,0.1155752399999983,1.0064881336007603
7.468598,18.484605440000003,18.484605440000003,clear,7.507347,17.81332616,17.81332616,r25,-0.038749000000000144,data_preprocessor,off,observed_amplification,pointpillars+deeplabv3plus,3.768410649255216,pointpillars,0.6712792800000038,1.0376841064925522
7.585551,18.34664006,18.34664006,clear,7.507347,17.81332616,17.81332616,r50,0.0782039999999995,data_preprocessor,off,observed_amplification,pointpillars+deeplabv3plus,2.993904087365573,pointpillars,0.5333138999999996,1.0299390408736557
7.292635000000001,18.07036082,18.07036082,clear,7.507347,17.81332616,17.81332616,r7p5,-0.21471199999999957,data_preprocessor,off,observed_amplification,pointpillars+deeplabv3plus,1.4429346753733974,pointpillars,0.2570346600000022,1.014429346753734
1.270014,0.4658520099999992,0.4658520099999992,clear,1.247332,1.5070796199999978,1.5070796199999978,r15,0.02268199999999987,pts_backbone,off,observed_damping,pointpillars+deeplabv3plus,-69.08909099308238,pointpillars,-1.0412276099999986,0.3091090900691762
1.272453,0.4268483200000004,0.4268483200000004,clear,1.247332,1.5070796199999978,1.5070796199999978,r25,0.02512099999999995,pts_backbone,off,observed_damping,pointpillars+deeplabv3plus,-71.6771221416954,pointpillars,-1.0802312999999975,0.28322877858304596
1.275942,0.42537764,0.42537764,clear,1.247332,1.5070796199999978,1.5070796199999978,r50,0.028609999999999802,pts_backbone,off,observed_damping,pointpillars+deeplabv3plus,-71.7747068996925,pointpillars,-1.0817019799999978,0.2822529310030751
1.258748,0.4005597299999999,0.4005597299999999,clear,1.247332,1.5070796199999978,1.5070796199999978,r7p5,0.01141599999999987,pts_backbone,off,observed_damping,pointpillars+deeplabv3plus,-73.42146196628944,pointpillars,-1.106519889999998,0.2657853803371055
32.696726,84.05289033,84.05289033,clear,30.477582,83.84992654,83.84992654,r15,2.2191439999999965,pts_bbox_head,off,observed_amplification,pointpillars+deeplabv3plus,0.2420560140898642,pointpillars,0.2029637899999983,1.0024205601408986
32.868375,85.60392356,85.60392356,clear,30.477582,83.84992654,83.84992654,r25,2.3907929999999986,pts_bbox_head,off,observed_amplification,pointpillars+deeplabv3plus,2.0918289286315117,pointpillars,1.75399702,1.0209182892863151
32.381024,85.53181052,85.53181052,clear,30.477582,83.84992654,83.84992654,r50,1.9034419999999947,pts_bbox_head,off,observed_amplification,pointpillars+deeplabv3plus,2.005826420369816,pointpillars,1.681883979999995,1.0200582642036982
32.4160585,83.83967072,83.83967072,clear,30.477582,83.84992654,83.84992654,r7p5,1.9384764999999966,pts_bbox_head,off,observed_damping,pointpillars+deeplabv3plus,-0.012231161580211758,pointpillars,-0.010255819999997584,0.9998776883841979
5.3225940000000005,15.746861430000001,15.746861430000001,clear,5.549895,16.1153896,16.1153896,r15,-0.22730099999999975,pts_middle_encoder,off,observed_damping,pointpillars+deeplabv3plus,-2.2868089394500246,pointpillars,-0.3685281699999994,0.9771319106054998
5.517996,15.919864360000002,15.919864360000002,clear,5.549895,16.1153896,16.1153896,r25,-0.03189900000000012,pts_middle_encoder,off,observed_damping,pointpillars+deeplabv3plus,-1.213282736893917,pointpillars,-0.1955252399999985,0.9878671726310608
5.320183,15.835801839999998,15.835801839999998,clear,5.549895,16.1153896,16.1153896,r50,-0.22971200000000014,pts_middle_encoder,off,observed_damping,pointpillars+deeplabv3plus,-1.7349115779366708,pointpillars,-0.27958776000000185,0.9826508842206333
5.294608500000001,15.96944034,15.96944034,clear,5.549895,16.1153896,16.1153896,r7p5,-0.2552864999999995,pts_middle_encoder,off,observed_damping,pointpillars+deeplabv3plus,-0.9056514525717763,pointpillars,-0.14594926000000008,0.9909434854742822
0.330468,0.10683415999999962,0.10683415999999962,clear,0.324475,0.16398891999999998,0.16398891999999998,r15,0.005992999999999971,pts_neck,off,observed_damping,pointpillars+deeplabv3plus,-34.85281810502829,pointpillars,-0.05715476000000036,0.6514718189497171
0.331685,0.09571928000000007,0.09571928000000007,clear,0.324475,0.16398891999999998,0.16398891999999998,r25,0.007209999999999994,pts_neck,off,observed_damping,pointpillars+deeplabv3plus,-41.63064187507297,pointpillars,-0.06826963999999991,0.5836935812492703
0.331524,0.11481720000000001,0.11481720000000001,clear,0.324475,0.16398891999999998,0.16398891999999998,r50,0.007048999999999972,pts_neck,off,observed_damping,pointpillars+deeplabv3plus,-29.98478189867948,pointpillars,-0.049171719999999974,0.7001521810132052
0.331542,0.10587971000000002,0.10587971000000002,clear,0.324475,0.16398891999999998,0.16398891999999998,r7p5,0.00706699999999999,pts_neck,off,observed_damping,pointpillars+deeplabv3plus,-35.43483913425369,pointpillars,-0.05810920999999997,0.6456516086574631
1.0062980000000001,0.6810404499999974,0.6810404499999974,clear,1.006258,0.7188008199999995,0.7188008199999995,r15,4.0000000000040004e-05,pts_voxel_encoder,off,observed_damping,pointpillars+deeplabv3plus,-5.253245259236361,pointpillars,-0.0377603700000021,0.9474675474076364
1.003828,0.5767015200000025,0.5767015200000025,clear,1.006258,0.7188008199999995,0.7188008199999995,r25,-0.0024300000000001543,pts_voxel_encoder,off,observed_damping,pointpillars+deeplabv3plus,-19.76893960694105,pointpillars,-0.14209929999999693,0.8023106039305895
1.02325,0.7066256999999986,0.7066256999999986,clear,1.006258,0.7188008199999995,0.7188008199999995,r50,0.016991999999999896,pts_voxel_encoder,off,observed_damping,pointpillars+deeplabv3plus,-1.693809976455074,pointpillars,-0.012175120000000872,0.9830619002354493
0.9923230000000001,0.6324651799999993,0.6324651799999993,clear,1.006258,0.7188008199999995,0.7188008199999995,r7p5,-0.01393500000000003,pts_voxel_encoder,off,observed_damping,pointpillars+deeplabv3plus,-12.01106587496662,pointpillars,-0.08633564000000016,0.8798893412503338
4.276754,2.4488379999999994,2.4488379999999994,clear,4.373179,2.3085622800000003,2.3085622800000003,r15,-0.09642499999999998,backbone,off,observed_amplification,pointpillars+detr,6.076323832164454,detr,0.1402757199999991,1.0607632383216445
4.244787,3.8203225999999977,3.8203225999999977,clear,4.373179,2.3085622800000003,2.3085622800000003,r25,-0.12839200000000073,backbone,off,observed_amplification,pointpillars+detr,65.48492683506883,detr,1.5117603199999974,1.6548492683506884
3.768668,2.8432878000000006,2.8432878000000006,clear,4.373179,2.3085622800000003,2.3085622800000003,r50,-0.6045110000000005,backbone,off,observed_amplification,pointpillars+detr,23.162707137361704,detr,0.5347255200000003,1.231627071373617
3.775908,2.417359559999999,2.417359559999999,clear,4.373179,2.3085622800000003,2.3085622800000003,r7p5,-0.5972710000000006,backbone,off,observed_amplification,pointpillars+detr,4.71277214145589,detr,0.10879727999999877,1.047127721414559
13.157421,18.95151248,18.95151248,clear,15.942643,24.28403756,24.28403756,r15,-2.785222000000001,bbox_head,off,observed_damping,pointpillars+detr,-21.9589722953797,detr,-5.33252508,0.780410277046203
13.800076,21.900870999999995,21.900870999999995,clear,15.942643,24.28403756,24.28403756,r25,-2.1425669999999997,bbox_head,off,observed_damping,pointpillars+detr,-9.813716331609912,detr,-2.3831665600000065,0.9018628366839009
13.546976,20.71297996,20.71297996,clear,15.942643,24.28403756,24.28403756,r50,-2.3956669999999995,bbox_head,off,observed_damping,pointpillars+detr,-14.70537010650219,detr,-3.571057600000003,0.8529462989349781
13.229665,21.92826228,21.92826228,clear,15.942643,24.28403756,24.28403756,r7p5,-2.7129779999999997,bbox_head,off,observed_damping,pointpillars+detr,-9.700920920499524,detr,-2.355775280000003,0.9029907907950048
1.376394,2.25619428,2.25619428,clear,1.445509,2.4537524399999997,2.4537524399999997,r15,-0.06911500000000004,data_preprocessor,off,observed_damping,pointpillars+detr,-8.051266981114026,detr,-0.19755815999999982,0.9194873301888598
1.235449,2.37968848,2.37968848,clear,1.445509,2.4537524399999997,2.4537524399999997,r25,-0.2100599999999999,data_preprocessor,off,observed_damping,pointpillars+detr,-3.0183957758998625,detr,-0.0740639599999997,0.9698160422410014
1.309852,2.5241514400000002,2.5241514400000002,clear,1.445509,2.4537524399999997,2.4537524399999997,r50,-0.13565699999999992,data_preprocessor,off,observed_amplification,pointpillars+detr,2.869034335020393,detr,0.07039900000000054,1.028690343350204
1.335942,2.5325848,2.5325848,clear,1.445509,2.4537524399999997,2.4537524399999997,r7p5,-0.10956699999999997,data_preprocessor,off,observed_amplification,pointpillars+detr,3.212726708485736,detr,0.07883236000000027,1.0321272670848574
5.383558,2.3721078,2.3721078,clear,5.633305,2.7073206799999996,2.7073206799999996,r15,-0.24974700000000016,decoder,off,observed_damping,pointpillars+detr,-12.381720513433947,detr,-0.3352128799999994,0.8761827948656605
5.364632,3.13374184,3.13374184,clear,5.633305,2.7073206799999996,2.7073206799999996,r25,-0.2686729999999997,decoder,off,observed_amplification,pointpillars+detr,15.750670511629238,detr,0.4264211600000003,1.1575067051162924
4.90201,2.6695348799999987,2.6695348799999987,clear,5.633305,2.7073206799999996,2.7073206799999996,r50,-0.7312950000000003,decoder,off,observed_damping,pointpillars+detr,-1.3956898523007966,detr,-0.03778580000000087,0.986043101476992
5.208458,2.7500123199999997,2.7500123199999997,clear,5.633305,2.7073206799999996,2.7073206799999996,r7p5,-0.42484699999999975,decoder,off,observed_amplification,pointpillars+detr,1.5768963135907477,detr,0.04269164000000014,1.0157689631359075
3.577091,1.7955744399999998,1.7955744399999998,clear,3.729868,1.9512151199999992,1.9512151199999992,r15,-0.15277700000000038,encoder,off,observed_damping,pointpillars+detr,-7.976602805332888,detr,-0.15564067999999942,0.9202339719466711
3.586295,2.486816759999999,2.486816759999999,clear,3.729868,1.9512151199999992,1.9512151199999992,r25,-0.1435730000000004,encoder,off,observed_amplification,pointpillars+detr,27.449645839152794,detr,0.5356016399999999,1.274496458391528
3.317582,2.1606431999999995,2.1606431999999995,clear,3.729868,1.9512151199999992,1.9512151199999992,r50,-0.4122860000000004,encoder,off,observed_amplification,pointpillars+detr,10.733213260463081,detr,0.20942808000000035,1.1073321326046308
3.35393,1.9045648800000001,1.9045648800000001,clear,3.729868,1.9512151199999992,1.9512151199999992,r7p5,-0.3759380000000001,encoder,off,observed_damping,pointpillars+detr,-2.3908301817586963,detr,-0.046650239999999066,0.976091698182413
0.084384,0.046403919999999974,0.046403919999999974,clear,0.084677,0.049743159999999995,0.049743159999999995,r15,-0.0002930000000000016,neck,off,observed_damping,pointpillars+detr,-6.712963149104367,detr,-0.003339240000000021,0.9328703685089563
0.084383,0.08909499999999998,0.08909499999999998,clear,0.084677,0.049743159999999995,0.049743159999999995,r25,-0.0002940000000000026,neck,off,observed_amplification,pointpillars+detr,79.11005251777328,detr,0.039351839999999985,1.7911005251777328
0.080111,0.054129479999999994,0.054129479999999994,clear,0.084677,0.049743159999999995,0.049743159999999995,r50,-0.004566000000000001,neck,off,observed_amplification,pointpillars+detr,8.817935973508728,detr,0.004386319999999999,1.0881793597350873
0.080152,0.05410888,0.05410888,clear,0.084677,0.049743159999999995,0.049743159999999995,r7p5,-0.004525000000000001,neck,off,observed_amplification,pointpillars+detr,8.776523244602874,detr,0.0043657200000000035,1.0877652324460287
0.504241,0.29326319999999995,0.29326319999999995,clear,0.536453,0.26517648,0.26517648,r15,-0.03221199999999991,positional_encoding,off,observed_amplification,pointpillars+detr,10.591708585919823,detr,0.028086719999999954,1.1059170858591982
0.513172,0.4244482,0.4244482,clear,0.536453,0.26517648,0.26517648,r25,-0.023280999999999996,positional_encoding,off,observed_amplification,pointpillars+detr,60.06253646628088,detr,0.15927172,1.6006253646628088
0.464581,0.29917499999999986,0.29917499999999986,clear,0.536453,0.26517648,0.26517648,r50,-0.07187199999999994,positional_encoding,off,observed_amplification,pointpillars+detr,12.821091825338303,detr,0.033998519999999866,1.128210918253383
0.466302,0.26501143999999993,0.26501143999999993,clear,0.536453,0.26517648,0.26517648,r7p5,-0.07015099999999996,positional_encoding,off,observed_damping,pointpillars+detr,-0.062237797258668515,detr,-0.0001650400000000607,0.9993776220274133
6.91816,12.94257118,12.94257118,clear,7.300012,17.310755599999993,17.310755599999993,r15,-0.3818519999999994,data_preprocessor,off,observed_damping,pointpillars+detr,-25.233932711752892,pointpillars,-4.368184419999993,0.7476606728824711
7.181756,16.415210449999996,16.415210449999996,clear,7.300012,17.310755599999993,17.310755599999993,r25,-0.1182559999999997,data_preprocessor,off,observed_damping,pointpillars+detr,-5.173345235143845,pointpillars,-0.8955451499999967,0.9482665476485616
7.447553,13.114368700000004,13.114368700000004,clear,7.300012,17.310755599999993,17.310755599999993,r50,0.14754100000000037,data_preprocessor,off,observed_damping,pointpillars+detr,-24.241500469222675,pointpillars,-4.19638689999999,0.7575849953077732
7.017852,12.752874799999983,12.752874799999983,clear,7.300012,17.310755599999993,17.310755599999993,r7p5,-0.2821599999999993,data_preprocessor,off,observed_damping,pointpillars+detr,-26.329762289521387,pointpillars,-4.55788080000001,0.7367023771047861
1.246321,0.44227256000000015,0.44227256000000015,clear,1.290961,0.4503399999999995,0.4503399999999995,r15,-0.04464000000000001,pts_backbone,off,observed_damping,pointpillars+detr,-1.7914109339608686,pointpillars,-0.00806743999999937,0.9820858906603913
1.2616085,0.7278105499999972,0.7278105499999972,clear,1.290961,0.4503399999999995,0.4503399999999995,r25,-0.029352500000000115,pts_backbone,off,observed_amplification,pointpillars+detr,61.61356974730159,pointpillars,0.27747054999999765,1.6161356974730159
1.266457,0.5061470000000006,0.5061470000000006,clear,1.290961,0.4503399999999995,0.4503399999999995,r50,-0.02450400000000008,pts_backbone,off,observed_amplification,pointpillars+detr,12.392192565617343,pointpillars,0.05580700000000105,1.1239219256561734
1.306983,0.5133375199999992,0.5133375199999992,clear,1.290961,0.4503399999999995,0.4503399999999995,r7p5,0.01602199999999998,pts_backbone,off,observed_amplification,pointpillars+detr,13.988879513256602,pointpillars,0.0629975199999997,1.139888795132566
20.283091,35.82318786000002,35.82318786000002,clear,16.163284,30.104192400000002,30.104192400000002,r15,4.119806999999998,pts_bbox_head,off,observed_amplification,pointpillars+detr,18.997338922136354,pointpillars,5.718995460000016,1.1899733892213635
17.31986,36.323655249999995,36.323655249999995,clear,16.163284,30.104192400000002,30.104192400000002,r25,1.1565759999999976,pts_bbox_head,off,observed_amplification,pointpillars+detr,20.659789730815014,pointpillars,6.219462849999992,1.2065978973081501
18.200783,36.27300554000002,36.27300554000002,clear,16.163284,30.104192400000002,30.104192400000002,r50,2.0374990000000004,pts_bbox_head,off,observed_amplification,pointpillars+detr,20.491541703008842,pointpillars,6.168813140000019,1.2049154170300884
18.266171,32.17099911999996,32.17099911999996,clear,16.163284,30.104192400000002,30.104192400000002,r7p5,2.102886999999999,pts_bbox_head,off,observed_amplification,pointpillars+detr,6.865511263474255,pointpillars,2.06680671999996,1.0686551126347426
5.08719,15.77376942,15.77376942,clear,5.302262,15.703074199999998,15.703074199999998,r15,-0.21507200000000015,pts_middle_encoder,off,observed_amplification,pointpillars+detr,0.45019987232819414,pointpillars,0.07069522000000283,1.004501998723282
5.035209,17.1895372,17.1895372,clear,5.302262,15.703074199999998,15.703074199999998,r25,-0.26705299999999976,pts_middle_encoder,off,observed_amplification,pointpillars+detr,9.46606365777729,pointpillars,1.4864630000000023,1.094660636577773
4.948022,15.575823279999998,15.575823279999998,clear,5.302262,15.703074199999998,15.703074199999998,r50,-0.3542399999999999,pts_middle_encoder,off,observed_damping,pointpillars+detr,-0.8103567389371458,pointpillars,-0.12725091999999982,0.9918964326106285
5.024457,15.44031324,15.44031324,clear,5.302262,15.703074199999998,15.703074199999998,r7p5,-0.27780499999999986,pts_middle_encoder,off,observed_damping,pointpillars+detr,-1.6733090390669947,pointpillars,-0.2627609599999978,0.98326690960933
0.327683,0.1407782000000002,0.1407782000000002,clear,0.331937,0.16497959999999912,0.16497959999999912,r15,-0.00425399999999998,pts_neck,off,observed_damping,pointpillars+detr,-14.669328813986127,pointpillars,-0.02420139999999893,0.8533067118601387
0.337406,0.20045084999999868,0.20045084999999868,clear,0.331937,0.16497959999999912,0.16497959999999912,r25,0.005469000000000002,pts_neck,off,observed_amplification,pointpillars+detr,21.500385502207408,pointpillars,0.035471249999999566,1.215003855022074
0.326666,0.15930924000000057,0.15930924000000057,clear,0.331937,0.16497959999999912,0.16497959999999912,r50,-0.00527099999999997,pts_neck,off,observed_damping,pointpillars+detr,-3.437006757198202,pointpillars,-0.005670359999998542,0.965629932428018
0.330623,0.13841991999999975,0.13841991999999975,clear,0.331937,0.16497959999999912,0.16497959999999912,r7p5,-0.0013139999999999818,pts_neck,off,observed_damping,pointpillars+detr,-16.098766150481335,pointpillars,-0.026559679999999364,0.8390123384951866
0.961425,0.5807738400000023,0.5807738400000023,clear,1.029839,0.6749537999999999,0.6749537999999999,r15,-0.06841399999999997,pts_voxel_encoder,off,observed_damping,pointpillars+detr,-13.953541709076623,pointpillars,-0.09417995999999762,0.8604645829092338
0.966295,0.7139652499999998,0.7139652499999998,clear,1.029839,0.6749537999999999,0.6749537999999999,r25,-0.06354399999999993,pts_voxel_encoder,off,observed_amplification,pointpillars+detr,5.779869674042848,pointpillars,0.03901144999999984,1.0577986967404285
1.032704,0.6107964200000002,0.6107964200000002,clear,1.029839,0.6749537999999999,0.6749537999999999,r50,0.0028650000000001175,pts_voxel_encoder,off,observed_damping,pointpillars+detr,-9.505447632119369,pointpillars,-0.06415737999999971,0.9049455236788063
1.027859,0.6383026799999967,0.6383026799999967,clear,1.029839,0.6749537999999999,0.6749537999999999,r7p5,-0.0019799999999998708,pts_voxel_encoder,off,observed_damping,pointpillars+detr,-5.43016722033467,pointpillars,-0.03665112000000326,0.9456983277966533
3.746699,1.972016880000004,1.972016880000004,clear,3.720593,2.185050400000002,2.185050400000002,r15,0.026105999999999963,backbone,off,observed_damping,pointpillars+dino,-9.749592961333875,dino,-0.21303351999999798,0.9025040703866613
3.7704335,2.1276431999999956,2.1276431999999956,clear,3.720593,2.185050400000002,2.185050400000002,r25,0.049840500000000176,backbone,off,observed_damping,pointpillars+dino,-2.6272712061930603,dino,-0.05740720000000632,0.9737272879380694
3.7916755,2.3434229499999786,2.3434229499999786,clear,3.720593,2.185050400000002,2.185050400000002,r50,0.07108250000000016,backbone,off,observed_amplification,pointpillars+dino,7.2480044396219245,dino,0.15837254999997663,1.0724800443962192
3.693576,2.3297211600000036,2.3297211600000036,clear,3.720593,2.185050400000002,2.185050400000002,r7p5,-0.027016999999999847,backbone,off,observed_amplification,pointpillars+dino,6.62093469331424,dino,0.14467076000000167,1.0662093469331424
1.839347,1.0570527600000024,1.0570527600000024,clear,1.858564,1.0196166000000004,1.0196166000000004,r15,-0.01921700000000004,bbox_head,off,observed_amplification,pointpillars+dino,3.671591851290179,dino,0.03743616000000194,1.0367159185129018
1.854169,0.8420905099999991,0.8420905099999991,clear,1.858564,1.0196166000000004,1.0196166000000004,r25,-0.004395000000000149,bbox_head,off,observed_damping,pointpillars+dino,-17.41106313883093,dino,-0.1775260900000013,0.8258893686116907
1.877604,1.048738799999999,1.048738799999999,clear,1.858564,1.0196166000000004,1.0196166000000004,r50,0.019039999999999946,bbox_head,off,observed_amplification,pointpillars+dino,2.8561912389420296,dino,0.029122199999998655,1.0285619123894203
1.826882,1.1436482000000006,1.1436482000000006,clear,1.858564,1.0196166000000004,1.0196166000000004,r7p5,-0.03168200000000021,bbox_head,off,observed_amplification,pointpillars+dino,12.164533217682028,dino,0.12403160000000013,1.1216453321768203
1.088391,2.7467812,2.7467812,clear,1.069669,2.41544092,2.41544092,r15,0.018722000000000127,data_preprocessor,off,observed_amplification,pointpillars+dino,13.717589913149265,dino,0.33134028000000004,1.1371758991314926
1.0965075,2.51421889,2.51421889,clear,1.069669,2.41544092,2.41544092,r25,0.026838499999999987,data_preprocessor,off,observed_amplification,pointpillars+dino,4.089438461612227,dino,0.09877796999999999,1.0408943846161223
1.0972485,2.45183555,2.45183555,clear,1.069669,2.41544092,2.41544092,r50,0.02757950000000009,data_preprocessor,off,observed_amplification,pointpillars+dino,1.5067489210210283,dino,0.036394630000000205,1.0150674892102103
1.053355,2.3651296000000004,2.3651296000000004,clear,1.069669,2.41544092,2.41544092,r7p5,-0.01631399999999994,data_preprocessor,off,observed_damping,pointpillars+dino,-2.0829041846322505,dino,-0.050311319999999604,0.9791709581536775
11.894991,4.873330520000007,4.873330520000007,clear,11.855584,3.3319108800000006,3.3319108800000006,r15,0.03940699999999886,decoder,off,observed_amplification,pointpillars+dino,46.26233100208268,dino,1.5414196400000062,1.4626233100208268
12.01145,3.7666533699999984,3.7666533699999984,clear,11.855584,3.3319108800000006,3.3319108800000006,r25,0.15586599999999962,decoder,off,observed_amplification,pointpillars+dino,13.04784268419561,dino,0.43474248999999787,1.130478426841956
12.2013555,2.905933699999979,2.905933699999979,clear,11.855584,3.3319108800000006,3.3319108800000006,r50,0.3457714999999997,decoder,off,observed_damping,pointpillars+dino,-12.784771122090199,dino,-0.4259771800000216,0.872152288779098
12.003343,3.898758800000003,3.898758800000003,clear,11.855584,3.3319108800000006,3.3319108800000006,r7p5,0.14775899999999886,decoder,off,observed_amplification,pointpillars+dino,17.012697530493437,dino,0.5668479200000025,1.1701269753049344
35.667624,12.717602960000004,12.717602960000004,clear,35.572111,14.110692200000006,14.110692200000006,r15,0.09551300000000396,encoder,off,observed_damping,pointpillars+dino,-9.872579036200657,dino,-1.393089240000002,0.9012742096379934
36.111274,12.54682172,12.54682172,clear,35.572111,14.110692200000006,14.110692200000006,r25,0.5391630000000021,encoder,off,observed_damping,pointpillars+dino,-11.082875721716935,dino,-1.5638704800000056,0.8891712427828307
36.1331305,11.125976699999992,11.125976699999992,clear,35.572111,14.110692200000006,14.110692200000006,r50,0.5610195000000004,encoder,off,observed_damping,pointpillars+dino,-21.152155101221847,dino,-2.9847155000000143,0.7884784489877815
35.748809,11.58541516,11.58541516,clear,35.572111,14.110692200000006,14.110692200000006,r7p5,0.1766980000000018,encoder,off,observed_damping,pointpillars+dino,-17.896195340438403,dino,-2.525277040000006,0.821038046595616
0.370299,0.23213900000000015,0.23213900000000015,clear,0.362157,0.23367783999999997,0.23367783999999997,r15,0.008141999999999983,neck,off,observed_damping,pointpillars+dino,-0.6585305649863149,dino,-0.0015388399999998192,0.9934146943501369
0.36743899999999996,0.15368694999999977,0.15368694999999977,clear,0.362157,0.23367783999999997,0.23367783999999997,r25,0.005281999999999953,neck,off,observed_damping,pointpillars+dino,-34.231268998378376,dino,-0.0799908900000002,0.6576873100162163
0.3641505,0.18941329999999995,0.18941329999999995,clear,0.362157,0.23367783999999997,0.23367783999999997,r50,0.0019934999999999814,neck,off,observed_damping,pointpillars+dino,-18.942549280667787,dino,-0.04426454000000002,0.8105745071933221
0.36499,0.2065226400000002,0.2065226400000002,clear,0.362157,0.23367783999999997,0.23367783999999997,r7p5,0.0028329999999999744,neck,off,observed_damping,pointpillars+dino,-11.62078526573156,dino,-0.02715519999999977,0.8837921473426844
0.39073599999999997,0.33906635000000007,0.33906635000000007,clear,0.3880835,0.3304537500000001,0.3304537500000001,r15,0.0026524999999999466,positional_encoding,off,observed_amplification,pointpillars+dino,2.6062951320721783,dino,0.00861259999999997,1.0260629513207218
0.3377445,0.32606448,0.32606448,clear,0.3880835,0.3304537500000001,0.3304537500000001,r25,-0.05033900000000002,positional_encoding,off,observed_damping,pointpillars+dino,-1.3282554669148405,dino,-0.004389270000000112,0.9867174453308516
0.3350615,0.33400642999999985,0.33400642999999985,clear,0.3880835,0.3304537500000001,0.3304537500000001,r50,-0.053022000000000014,positional_encoding,off,observed_amplification,pointpillars+dino,1.075091446231058,dino,0.0035526799999997527,1.0107509144623106
0.34177650000000004,0.3261725500000001,0.3261725500000001,clear,0.3880835,0.3304537500000001,0.3304537500000001,r7p5,-0.04630699999999999,positional_encoding,off,observed_damping,pointpillars+dino,-1.2955519494028955,dino,-0.004281199999999985,0.987044480505971
23.467405,18.60054292,18.60054292,clear,23.604582,18.49567528,18.49567528,r15,-0.13717700000000121,data_preprocessor,off,observed_amplification,pointpillars+dino,0.5669846513438381,pointpillars,0.10486763999999837,1.0056698465134384
23.7068375,18.31073855,18.31073855,clear,23.604582,18.49567528,18.49567528,r25,0.10225549999999828,data_preprocessor,off,observed_damping,pointpillars+dino,-0.999891743341641,pointpillars,-0.18493673000000044,0.9900010825665836
23.46105,18.358518749999998,18.358518749999998,clear,23.604582,18.49567528,18.49567528,r50,-0.14353200000000044,data_preprocessor,off,observed_damping,pointpillars+dino,-0.7415600021282498,pointpillars,-0.13715653000000216,0.9925843999787175
23.498581,18.623451640000003,18.623451640000003,clear,23.604582,18.49567528,18.49567528,r7p5,-0.10600099999999912,data_preprocessor,off,observed_amplification,pointpillars+dino,0.6908445248180239,pointpillars,0.12777636000000214,1.0069084452481802
1.238964,0.3142338800000002,0.3142338800000002,clear,1.225486,0.4014055999999999,0.4014055999999999,r15,0.013477999999999879,pts_backbone,off,observed_damping,pointpillars+dino,-21.716617805033056,pointpillars,-0.08717171999999973,0.7828338219496694
1.207544,0.3192734300000002,0.3192734300000002,clear,1.225486,0.4014055999999999,0.4014055999999999,r25,-0.017942000000000125,pts_backbone,off,observed_damping,pointpillars+dino,-20.461142046847314,pointpillars,-0.08213216999999973,0.7953885795315269
1.2399525,0.23938484999999865,0.23938484999999865,clear,1.225486,0.4014055999999999,0.4014055999999999,r50,0.014466499999999938,pts_backbone,off,observed_damping,pointpillars+dino,-40.36335068569081,pointpillars,-0.16202075000000127,0.5963664931430919
1.218535,0.34568288,0.34568288,clear,1.225486,0.4014055999999999,0.4014055999999999,r7p5,-0.0069510000000001515,pts_backbone,off,observed_damping,pointpillars+dino,-13.881899006889764,pointpillars,-0.05572271999999989,0.8611810099311024
61.435547,66.91402819999999,66.91402819999999,clear,61.203952,66.33477696,66.33477696,r15,0.23159499999999866,pts_bbox_head,off,observed_amplification,pointpillars+dino,0.8732240712127304,pointpillars,0.5792512399999907,1.0087322407121273
62.0020075,51.18599357,51.18599357,clear,61.203952,66.33477696,66.33477696,r25,0.7980554999999967,pts_bbox_head,off,observed_damping,pointpillars+dino,-22.836864890847142,pointpillars,-15.148783389999998,0.7716313510915286
61.923154,56.297657499999936,56.297657499999936,clear,61.203952,66.33477696,66.33477696,r50,0.7192019999999957,pts_bbox_head,off,observed_damping,pointpillars+dino,-15.13100656998133,pointpillars,-10.037119460000063,0.8486899343001867
61.501478,65.91154584,65.91154584,clear,61.203952,66.33477696,66.33477696,r7p5,0.29752599999999774,pts_bbox_head,off,observed_damping,pointpillars+dino,-0.6380229788896519,pointpillars,-0.42323111999999696,0.9936197702111035
7.275686,13.4724508,13.4724508,clear,7.122119,13.028670960000003,13.028670960000003,r15,0.15356700000000068,pts_middle_encoder,off,observed_amplification,pointpillars+dino,3.4061788908666735,pointpillars,0.4437798399999977,1.0340617889086667
7.951809,14.85572053,14.85572053,clear,7.122119,13.028670960000003,13.028670960000003,r25,0.8296900000000003,pts_middle_encoder,off,observed_amplification,pointpillars+dino,14.023299656651966,pointpillars,1.8270495699999962,1.1402329965665197
8.1839575,12.75607984999999,12.75607984999999,clear,7.122119,13.028670960000003,13.028670960000003,r50,1.0618385000000004,pts_middle_encoder,off,observed_damping,pointpillars+dino,-2.09224034313944,pointpillars,-0.2725911100000129,0.9790775965686056
7.212396,13.80551295999999,13.80551295999999,clear,7.122119,13.028670960000003,13.028670960000003,r7p5,0.09027700000000038,pts_middle_encoder,off,observed_amplification,pointpillars+dino,5.96255751937409,pointpillars,0.7768419999999878,1.059625575193741
0.331361,0.09425591999999999,0.09425591999999999,clear,0.331653,0.1022789400000001,0.1022789400000001,r15,-0.00029199999999995896,pts_neck,off,observed_damping,pointpillars+dino,-7.844254154374397,pointpillars,-0.008023020000000103,0.921557458456256
0.3191565,0.1501037500000001,0.1501037500000001,clear,0.331653,0.1022789400000001,0.1022789400000001,r25,-0.012496499999999966,pts_neck,off,observed_amplification,pointpillars+dino,46.75919597915266,pointpillars,0.047824809999999995,1.4675919597915266
0.33418800000000004,0.13394749999999978,0.13394749999999978,clear,0.331653,0.1022789400000001,0.1022789400000001,r50,0.002535000000000065,pts_neck,off,observed_amplification,pointpillars+dino,30.962933327232033,pointpillars,0.03166855999999968,1.3096293332723203
0.326104,0.05846035999999999,0.05846035999999999,clear,0.331653,0.1022789400000001,0.1022789400000001,r7p5,-0.005548999999999971,pts_neck,off,observed_damping,pointpillars+dino,-42.84223125503653,pointpillars,-0.04381858000000011,0.5715776874496347
0.955042,0.6816542800000004,0.6816542800000004,clear,0.941463,0.5487464000000003,0.5487464000000003,r15,0.013578999999999897,pts_voxel_encoder,off,observed_amplification,pointpillars+dino,24.220273700201034,pointpillars,0.1329078800000001,1.2422027370020103
0.939465,0.7314951499999999,0.7314951499999999,clear,0.941463,0.5487464000000003,0.5487464000000003,r25,-0.0019980000000000553,pts_voxel_encoder,off,observed_amplification,pointpillars+dino,33.30295196469617,pointpillars,0.18274874999999957,1.3330295196469617
0.946828,0.5645709499999974,0.5645709499999974,clear,0.941463,0.5487464000000003,0.5487464000000003,r50,0.005364999999999953,pts_voxel_encoder,off,observed_amplification,pointpillars+dino,2.883763793256233,pointpillars,0.01582454999999705,1.0288376379325623
0.944517,0.5172985199999995,0.5172985199999995,clear,0.941463,0.5487464000000003,0.5487464000000003,r7p5,0.003054000000000001,pts_voxel_encoder,off,observed_damping,pointpillars+dino,-5.7308585532407585,pointpillars,-0.03144788000000076,0.9426914144675924
3.681965,2.2998275199999996,2.2998275199999996,clear,3.830381,2.3463833999999992,2.3463833999999992,r15,-0.1484160000000001,backbone,off,observed_damping,pointpillars+faster-rcnn,-1.9841548486918104,faster-rcnn,-0.04655587999999966,0.9801584515130819
3.723737,2.470776,2.470776,clear,3.830381,2.3463833999999992,2.3463833999999992,r25,-0.10664400000000018,backbone,off,observed_amplification,pointpillars+faster-rcnn,5.301460963285054,faster-rcnn,0.12439260000000063,1.0530146096328505
3.778929,2.5432650399999996,2.5432650399999996,clear,3.830381,2.3463833999999992,2.3463833999999992,r50,-0.05145199999999983,backbone,off,observed_amplification,pointpillars+faster-rcnn,8.390855475707859,faster-rcnn,0.1968816400000004,1.0839085547570786
3.902202,2.7270994,2.7270994,clear,3.830381,2.3463833999999992,2.3463833999999992,r7p5,0.07182099999999991,backbone,off,observed_amplification,pointpillars+faster-rcnn,16.225651783932715,faster-rcnn,0.38071600000000094,1.1622565178393272
1.217213,2.30707388,2.30707388,clear,1.288747,2.6231965199999996,2.6231965199999996,r15,-0.07153399999999999,data_preprocessor,off,observed_damping,pointpillars+faster-rcnn,-12.051046789281338,faster-rcnn,-0.3161226399999997,0.8794895321071866
1.249154,2.52394412,2.52394412,clear,1.288747,2.6231965199999996,2.6231965199999996,r25,-0.03959299999999999,data_preprocessor,off,observed_damping,pointpillars+faster-rcnn,-3.783643323833008,faster-rcnn,-0.09925239999999969,0.9621635667616699
1.21506,2.42682768,2.42682768,clear,1.288747,2.6231965199999996,2.6231965199999996,r50,-0.07368700000000006,data_preprocessor,off,observed_damping,pointpillars+faster-rcnn,-7.4858608000897835,faster-rcnn,-0.19636883999999943,0.9251413919991022
1.199888,2.3408558800000003,2.3408558800000003,clear,1.288747,2.6231965199999996,2.6231965199999996,r7p5,-0.08885900000000002,data_preprocessor,off,observed_damping,pointpillars+faster-rcnn,-10.763228673389646,faster-rcnn,-0.28234063999999925,0.8923677132661035
0.473657,0.30891596000000004,0.30891596000000004,clear,0.470739,0.2949025599999999,0.2949025599999999,r15,0.002917999999999976,neck,off,observed_amplification,pointpillars+faster-rcnn,4.751874653105803,faster-rcnn,0.01401340000000012,1.047518746531058
0.457518,0.27820019999999995,0.27820019999999995,clear,0.470739,0.2949025599999999,0.2949025599999999,r25,-0.013221000000000038,neck,off,observed_damping,pointpillars+faster-rcnn,-5.663687693996278,faster-rcnn,-0.01670235999999997,0.9433631230600372
0.476457,0.2817706399999999,0.2817706399999999,clear,0.470739,0.2949025599999999,0.2949025599999999,r50,0.005718000000000001,neck,off,observed_damping,pointpillars+faster-rcnn,-4.452969143435048,faster-rcnn,-0.01313192000000002,0.9554703085656495
0.498514,0.31262387999999997,0.31262387999999997,clear,0.470739,0.2949025599999999,0.2949025599999999,r7p5,0.027774999999999994,neck,off,observed_amplification,pointpillars+faster-rcnn,6.009211991920327,faster-rcnn,0.01772132000000004,1.0600921199192033
5.736328,9.171786879999999,9.171786879999999,clear,6.038285,7.740579320000001,7.740579320000001,r15,-0.3019569999999998,roi_head,off,observed_amplification,pointpillars+faster-rcnn,18.489669840370524,faster-rcnn,1.431207559999998,1.1848966984037053
6.216305,10.156579959999998,10.156579959999998,clear,6.038285,7.740579320000001,7.740579320000001,r25,0.17802000000000007,roi_head,off,observed_amplification,pointpillars+faster-rcnn,31.2121424007318,faster-rcnn,2.4160006399999974,1.312121424007318
5.909758,11.222596279999998,11.222596279999998,clear,6.038285,7.740579320000001,7.740579320000001,r50,-0.12852700000000006,roi_head,off,observed_amplification,pointpillars+faster-rcnn,44.983932287900075,faster-rcnn,3.4820169599999966,1.4498393228790007
5.780889,8.73237784,8.73237784,clear,6.038285,7.740579320000001,7.740579320000001,r7p5,-0.25739599999999996,roi_head,off,observed_amplification,pointpillars+faster-rcnn,12.81297534717336,faster-rcnn,0.9917985199999988,1.1281297534717336
35.470869,22.678486879999998,22.678486879999998,clear,31.81108,24.913647960000002,24.913647960000002,r15,3.659789,rpn_head,off,observed_damping,pointpillars+faster-rcnn,-8.971633072718443,faster-rcnn,-2.2351610800000046,0.9102836692728156
35.270222,24.1951292,24.1951292,clear,31.81108,24.913647960000002,24.913647960000002,r25,3.4591419999999964,rpn_head,off,observed_damping,pointpillars+faster-rcnn,-2.884036738231255,faster-rcnn,-0.718518760000002,0.9711596326176875
34.301189,23.361255319999998,23.361255319999998,clear,31.81108,24.913647960000002,24.913647960000002,r50,2.4901090000000003,rpn_head,off,observed_damping,pointpillars+faster-rcnn,-6.2310932645931345,faster-rcnn,-1.5523926400000043,0.9376890673540687
34.955777,24.633165359999996,24.633165359999996,clear,31.81108,24.913647960000002,24.913647960000002,r7p5,3.144696999999997,rpn_head,off,observed_damping,pointpillars+faster-rcnn,-1.1258190709378835,faster-rcnn,-0.28048260000000624,0.9887418092906212
6.932133,17.77583612,17.77583612,clear,7.743763,18.397740800000005,18.397740800000005,r15,-0.8116300000000001,data_preprocessor,off,observed_damping,pointpillars+faster-rcnn,-3.3803317850852888,pointpillars,-0.6219046800000037,0.9661966821491471
7.574599,18.2143364,18.2143364,clear,7.743763,18.397740800000005,18.397740800000005,r25,-0.16916400000000031,data_preprocessor,off,observed_damping,pointpillars+faster-rcnn,-0.996885443673623,pointpillars,-0.18340440000000413,0.9900311455632638
7.753724,18.2427794,18.2427794,clear,7.743763,18.397740800000005,18.397740800000005,r50,0.009960999999999665,data_preprocessor,off,observed_damping,pointpillars+faster-rcnn,-0.8422849396813148,pointpillars,-0.1549614000000048,0.9915771506031869
7.4571755,18.05035659,18.05035659,clear,7.743763,18.397740800000005,18.397740800000005,r7p5,-0.28658750000000044,data_preprocessor,off,observed_damping,pointpillars+faster-rcnn,-1.888189499876014,pointpillars,-0.34738421000000486,0.9811181050012399
1.259085,0.4094493399999999,0.4094493399999999,clear,1.268183,0.44872040000000024,0.44872040000000024,r15,-0.00909800000000005,pts_backbone,off,observed_damping,pointpillars+faster-rcnn,-8.751788418801631,pointpillars,-0.03927106000000036,0.9124821158119837
1.266634,0.5396266000000036,0.5396266000000036,clear,1.268183,0.44872040000000024,0.44872040000000024,r25,-0.0015490000000000226,pts_backbone,off,observed_amplification,pointpillars+faster-rcnn,20.25898532805803,pointpillars,0.09090620000000338,1.2025898532805803
1.257725,0.4363028000000002,0.4363028000000002,clear,1.268183,0.44872040000000024,0.44872040000000024,r50,-0.010458000000000078,pts_backbone,off,observed_damping,pointpillars+faster-rcnn,-2.7673357395830545,pointpillars,-0.012417600000000029,0.9723266426041695
1.250578,0.45259742999999975,0.45259742999999975,clear,1.268183,0.44872040000000024,0.44872040000000024,r7p5,-0.017605000000000093,pts_backbone,off,observed_amplification,pointpillars+faster-rcnn,0.864019108558356,pointpillars,0.003877029999999504,1.0086401910855836
22.341163,45.2003184,45.2003184,clear,21.409112,45.01297360000007,45.01297360000007,r15,0.9320510000000013,pts_bbox_head,off,observed_amplification,pointpillars+faster-rcnn,0.4162017858778455,pointpillars,0.18734479999992715,1.0041620178587785
22.154482,44.90003260000001,44.90003260000001,clear,21.409112,45.01297360000007,45.01297360000007,r25,0.7453700000000012,pts_bbox_head,off,observed_damping,pointpillars+faster-rcnn,-0.25090766276338883,pointpillars,-0.11294100000006324,0.9974909233723661
21.95779,48.235031000000006,48.235031000000006,clear,21.409112,45.01297360000007,45.01297360000007,r50,0.5486779999999989,pts_bbox_head,off,observed_amplification,pointpillars+faster-rcnn,7.1580638698349075,pointpillars,3.222057399999933,1.071580638698349
21.855068,45.338542350000004,45.338542350000004,clear,21.409112,45.01297360000007,45.01297360000007,r7p5,0.4459559999999989,pts_bbox_head,off,observed_amplification,pointpillars+faster-rcnn,0.7232775885748888,pointpillars,0.32556874999993113,1.0072327758857489
5.712373,15.158553959999999,15.158553959999999,clear,5.287516,15.8897966,15.8897966,r15,0.42485700000000026,pts_middle_encoder,off,observed_damping,pointpillars+faster-rcnn,-4.601963501534067,pointpillars,-0.7312426400000014,0.9539803649846593
5.354124,15.5439042,15.5439042,clear,5.287516,15.8897966,15.8897966,r25,0.06660799999999956,pts_middle_encoder,off,observed_damping,pointpillars+faster-rcnn,-2.176820815944236,pointpillars,-0.3458924000000003,0.9782317918405576
5.466291,15.89166,15.89166,clear,5.287516,15.8897966,15.8897966,r50,0.1787749999999999,pts_middle_encoder,off,observed_amplification,pointpillars+faster-rcnn,0.011727022358476447,pointpillars,0.0018633999999995154,1.0001172702235848
5.26793,15.17976366,15.17976366,clear,5.287516,15.8897966,15.8897966,r7p5,-0.019586000000000325,pts_middle_encoder,off,observed_damping,pointpillars+faster-rcnn,-4.468483504691301,pointpillars,-0.7100329399999996,0.955315164953087
0.336106,0.12731722,0.12731722,clear,0.335194,0.1439174000000003,0.1439174000000003,r15,0.0009120000000000239,pts_neck,off,observed_damping,pointpillars+faster-rcnn,-11.53451910609854,pointpillars,-0.016600180000000297,0.8846548089390146
0.329542,0.12716120000000014,0.12716120000000014,clear,0.335194,0.1439174000000003,0.1439174000000003,r25,-0.00565199999999999,pts_neck,off,observed_damping,pointpillars+faster-rcnn,-11.64292851316111,pointpillars,-0.016756200000000165,0.8835707148683889
0.332926,0.15174100000000024,0.15174100000000024,clear,0.335194,0.1439174000000003,0.1439174000000003,r50,-0.0022679999999999922,pts_neck,off,observed_amplification,pointpillars+faster-rcnn,5.43617380525212,pointpillars,0.00782359999999993,1.0543617380525212
0.3298055,0.11945866999999993,0.11945866999999993,clear,0.335194,0.1439174000000003,0.1439174000000003,r7p5,-0.005388500000000018,pts_neck,off,observed_damping,pointpillars+faster-rcnn,-16.994977674694177,pointpillars,-0.024458730000000373,0.8300502232530582
0.94687,0.5452472999999985,0.5452472999999985,clear,1.014865,0.8282662000000037,0.8282662000000037,r15,-0.06799499999999992,pts_voxel_encoder,off,observed_damping,pointpillars+faster-rcnn,-34.17004098440862,pointpillars,-0.2830189000000052,0.6582995901559138
1.009145,0.5366072000000011,0.5366072000000011,clear,1.014865,0.8282662000000037,0.8282662000000037,r25,-0.005719999999999947,pts_voxel_encoder,off,observed_damping,pointpillars+faster-rcnn,-35.21319595077058,pointpillars,-0.29165900000000267,0.6478680404922942
0.976531,0.4554730000000027,0.4554730000000027,clear,1.014865,0.8282662000000037,0.8282662000000037,r50,-0.03833399999999987,pts_voxel_encoder,off,observed_damping,pointpillars+faster-rcnn,-45.00886309256605,pointpillars,-0.37279320000000105,0.5499113690743395
0.977743,0.5680651299999997,0.5680651299999997,clear,1.014865,0.8282662000000037,0.8282662000000037,r7p5,-0.03712199999999988,pts_voxel_encoder,off,observed_damping,pointpillars+faster-rcnn,-31.41515010512356,pointpillars,-0.26020107000000403,0.6858484989487644
3.7744505,1.4832717,1.4832717,clear,3.7608365,1.6187517999999987,1.6187517999999987,r15,0.013614000000000015,backbone,off,observed_damping,pointpillars+mask-rcnn,-8.369417720492967,mask-rcnn,-0.13548009999999877,0.9163058227950703
3.6968055,1.5447404999999979,1.5447404999999979,clear,3.7608365,1.6187517999999987,1.6187517999999987,r25,-0.06403099999999995,backbone,off,observed_damping,pointpillars+mask-rcnn,-4.572121556868747,mask-rcnn,-0.07401130000000089,0.9542787844313125
3.8484049999999996,1.6269522000000003,1.6269522000000003,clear,3.7608365,1.6187517999999987,1.6187517999999987,r50,0.08756849999999972,backbone,off,observed_amplification,pointpillars+mask-rcnn,0.5065878536784751,mask-rcnn,0.008200400000001551,1.0050658785367848
3.7430044999999996,1.9228477499999994,1.9228477499999994,clear,3.7608365,1.6187517999999987,1.6187517999999987,r7p5,-0.017832000000000292,backbone,off,observed_amplification,pointpillars+mask-rcnn,18.785829303788315,mask-rcnn,0.30409595000000067,1.1878582930378832
1.192768,2.4242328000000004,2.4242328000000004,clear,1.1654895,2.2557381499999996,2.2557381499999996,r15,0.027278499999999983,data_preprocessor,off,observed_amplification,pointpillars+mask-rcnn,7.4696014694791035,mask-rcnn,0.16849465000000086,1.074696014694791
1.1643905,2.3340423999999995,2.3340423999999995,clear,1.1654895,2.2557381499999996,2.2557381499999996,r25,-0.0010989999999999611,data_preprocessor,off,observed_amplification,pointpillars+mask-rcnn,3.471335979311241,mask-rcnn,0.07830424999999996,1.0347133597931124
1.186992,2.59202215,2.59202215,clear,1.1654895,2.2557381499999996,2.2557381499999996,r50,0.02150249999999998,data_preprocessor,off,observed_amplification,pointpillars+mask-rcnn,14.907936011987942,mask-rcnn,0.33628400000000047,1.1490793601198794
1.1511285,2.2539197,2.2539197,clear,1.1654895,2.2557381499999996,2.2557381499999996,r7p5,-0.014361000000000068,data_preprocessor,off,observed_damping,pointpillars+mask-rcnn,-0.08061440996596225,mask-rcnn,-0.001818449999999583,0.9991938559003404
0.47106000000000003,0.26348600000000005,0.26348600000000005,clear,0.4699985,0.2638277499999999,0.2638277499999999,r15,0.0010615000000000485,neck,off,observed_damping,pointpillars+mask-rcnn,-0.12953527443563262,mask-rcnn,-0.000341749999999863,0.9987046472556437
0.4655705,0.22967219999999972,0.22967219999999972,clear,0.4699985,0.2638277499999999,0.2638277499999999,r25,-0.0044279999999999875,neck,off,observed_damping,pointpillars+mask-rcnn,-12.946155209222765,mask-rcnn,-0.0341555500000002,0.8705384479077724
0.47608649999999997,0.21263945,0.21263945,clear,0.4699985,0.2638277499999999,0.2638277499999999,r50,0.006087999999999982,neck,off,observed_damping,pointpillars+mask-rcnn,-19.402166754634386,mask-rcnn,-0.05118829999999991,0.8059783324536561
0.4657325,0.2649336999999998,0.2649336999999998,clear,0.4699985,0.2638277499999999,0.2638277499999999,r7p5,-0.004265999999999992,neck,off,observed_amplification,pointpillars+mask-rcnn,0.4191939627275376,mask-rcnn,0.0011059499999999112,1.0041919396272754
12.722190000000001,18.99419135,18.99419135,clear,12.829084,19.23265705,19.23265705,r15,-0.10689399999999871,roi_head,off,observed_damping,pointpillars+mask-rcnn,-1.2398999232401953,mask-rcnn,-0.238465699999999,0.987601000767598
12.825222499999999,18.11789345,18.11789345,clear,12.829084,19.23265705,19.23265705,r25,-0.0038615000000010724,roi_head,off,observed_damping,pointpillars+mask-rcnn,-5.796201726583583,mask-rcnn,-1.1147635999999999,0.9420379827341642
12.5558295,17.94419289999999,17.94419289999999,clear,12.829084,19.23265705,19.23265705,r50,-0.2732545000000002,roi_head,off,observed_damping,pointpillars+mask-rcnn,-6.699355927006511,mask-rcnn,-1.28846415000001,0.9330064407299349
12.8478075,18.58500554999999,18.58500554999999,clear,12.829084,19.23265705,19.23265705,r7p5,0.018723500000000115,roi_head,off,observed_damping,pointpillars+mask-rcnn,-3.3674572281733095,mask-rcnn,-0.6476515000000092,0.9663254277182669
40.4239095,23.6004504,23.6004504,clear,37.976951,22.990295249999996,22.990295249999996,r15,2.446958500000001,rpn_head,off,observed_amplification,pointpillars+mask-rcnn,2.6539683086497234,mask-rcnn,0.6101551500000042,1.0265396830864972
40.8887645,23.30752605,23.30752605,clear,37.976951,22.990295249999996,22.990295249999996,r25,2.911813500000001,rpn_head,off,observed_amplification,pointpillars+mask-rcnn,1.3798465680861849,mask-rcnn,0.31723080000000436,1.0137984656808618
41.930832,23.7747861,23.7747861,clear,37.976951,22.990295249999996,22.990295249999996,r50,3.9538810000000026,rpn_head,off,observed_amplification,pointpillars+mask-rcnn,3.4122695749198906,mask-rcnn,0.7844908500000045,1.034122695749199
39.8292955,25.7009529,25.7009529,clear,37.976951,22.990295249999996,22.990295249999996,r7p5,1.852344500000001,rpn_head,off,observed_amplification,pointpillars+mask-rcnn,11.790442969626525,mask-rcnn,2.7106576500000052,1.1179044296962652
16.804178,18.1311748,18.1311748,clear,14.663084,18.44953304,18.44953304,r15,2.1410940000000007,data_preprocessor,off,observed_damping,pointpillars+mask-rcnn,-1.7255625890897797,pointpillars,-0.31835823999999846,0.9827443741091022
17.578176,18.478679480000004,18.478679480000004,clear,14.663084,18.44953304,18.44953304,r25,2.9150919999999996,data_preprocessor,off,observed_amplification,pointpillars+mask-rcnn,0.15797928292717867,pointpillars,0.029146440000005214,1.0015797928292718
17.407122,18.456994020000003,18.456994020000003,clear,14.663084,18.44953304,18.44953304,r50,2.7440380000000015,data_preprocessor,off,observed_amplification,pointpillars+mask-rcnn,0.04043993950322289,pointpillars,0.007460980000004724,1.0004043993950322
16.385632,18.311710859999998,18.311710859999998,clear,14.663084,18.44953304,18.44953304,r7p5,1.7225480000000015,data_preprocessor,off,observed_damping,pointpillars+mask-rcnn,-0.747022592394031,pointpillars,-0.13782218000000057,0.9925297740760597
1.255261,0.5131995199999997,0.5131995199999997,clear,1.232987,0.3651069600000001,0.3651069600000001,r15,0.022273999999999905,pts_backbone,off,observed_amplification,pointpillars+mask-rcnn,40.561417947222786,pointpillars,0.1480925599999996,1.4056141794722279
1.243338,0.4056923199999998,0.4056923199999998,clear,1.232987,0.3651069600000001,0.3651069600000001,r25,0.010350999999999999,pts_backbone,off,observed_amplification,pointpillars+mask-rcnn,11.116019261862231,pointpillars,0.04058535999999968,1.1111601926186223
1.237125,0.44471189999999927,0.44471189999999927,clear,1.232987,0.3651069600000001,0.3651069600000001,r50,0.004137999999999975,pts_backbone,off,observed_amplification,pointpillars+mask-rcnn,21.803183373989675,pointpillars,0.07960493999999918,1.2180318337398968
1.231951,0.4219345699999997,0.4219345699999997,clear,1.232987,0.3651069600000001,0.3651069600000001,r7p5,-0.0010360000000000369,pts_backbone,off,observed_amplification,pointpillars+mask-rcnn,15.564647137923515,pointpillars,0.056827609999999584,1.1556464713792352
40.279727,56.53595503999999,56.53595503999999,clear,43.620727,55.64792871999999,55.64792871999999,r15,-3.341000000000001,pts_bbox_head,off,observed_amplification,pointpillars+mask-rcnn,1.5957940222145917,pointpillars,0.8880263200000016,1.015957940222146
41.46995,56.09964207999998,56.09964207999998,clear,43.620727,55.64792871999999,55.64792871999999,r25,-2.150777000000005,pts_bbox_head,off,observed_amplification,pointpillars+mask-rcnn,0.8117343635067664,pointpillars,0.4517133599999923,1.0081173436350677
40.075015,55.13447749999998,55.13447749999998,clear,43.620727,55.64792871999999,55.64792871999999,r50,-3.5457120000000018,pts_bbox_head,off,observed_damping,pointpillars+mask-rcnn,-0.9226780435683479,pointpillars,-0.5134512200000074,0.9907732195643165
41.4407225,56.44103287,56.44103287,clear,43.620727,55.64792871999999,55.64792871999999,r7p5,-2.1800045000000026,pts_bbox_head,off,observed_amplification,pointpillars+mask-rcnn,1.4252177362981788,pointpillars,0.793104150000012,1.0142521773629818
12.484594,17.079693080000002,17.079693080000002,clear,10.871589,15.36323816,15.36323816,r15,1.6130049999999994,pts_middle_encoder,off,observed_amplification,pointpillars+mask-rcnn,11.172481361832908,pointpillars,1.716454920000002,1.111724813618329
12.640014,15.620348679999994,15.620348679999994,clear,10.871589,15.36323816,15.36323816,r25,1.7684250000000006,pts_middle_encoder,off,observed_amplification,pointpillars+mask-rcnn,1.673543801914179,pointpillars,0.2571105199999941,1.0167354380191418
12.910186,15.45551468,15.45551468,clear,10.871589,15.36323816,15.36323816,r50,2.0385969999999993,pts_middle_encoder,off,observed_amplification,pointpillars+mask-rcnn,0.6006319698945495,pointpillars,0.09227652000000042,1.0060063196989455
12.281735,15.275651820000002,15.275651820000002,clear,10.871589,15.36323816,15.36323816,r7p5,1.4101459999999992,pts_middle_encoder,off,observed_damping,pointpillars+mask-rcnn,-0.5701033798202748,pointpillars,-0.08758633999999788,0.9942989662017973
0.336067,0.13717551999999983,0.13717551999999983,clear,0.32681,0.11420019999999997,0.11420019999999997,r15,0.009257000000000015,pts_neck,off,observed_amplification,pointpillars+mask-rcnn,20.118458636674763,pointpillars,0.022975319999999855,1.2011845863667476
0.332936,0.12830027999999993,0.12830027999999993,clear,0.32681,0.11420019999999997,0.11420019999999997,r25,0.00612600000000002,pts_neck,off,observed_amplification,pointpillars+mask-rcnn,12.346808499459684,pointpillars,0.01410007999999996,1.1234680849945968
0.330096,0.1364250599999997,0.1364250599999997,clear,0.32681,0.11420019999999997,0.11420019999999997,r50,0.003286000000000011,pts_neck,off,observed_amplification,pointpillars+mask-rcnn,19.461314428520904,pointpillars,0.022224859999999735,1.194613144285209
0.3225615,0.10555132999999989,0.10555132999999989,clear,0.32681,0.11420019999999997,0.11420019999999997,r7p5,-0.004248499999999988,pts_neck,off,observed_damping,pointpillars+mask-rcnn,-7.573428067551625,pointpillars,-0.008648870000000086,0.9242657193244838
0.960978,0.49180931999999955,0.49180931999999955,clear,0.944195,0.5514615200000003,0.5514615200000003,r15,0.016782999999999992,pts_voxel_encoder,off,observed_damping,pointpillars+mask-rcnn,-10.817110140341379,pointpillars,-0.05965220000000071,0.8918288985965862
0.953869,0.6682405199999989,0.6682405199999989,clear,0.944195,0.5514615200000003,0.5514615200000003,r25,0.00967399999999996,pts_voxel_encoder,off,observed_amplification,pointpillars+mask-rcnn,21.17627355032834,pointpillars,0.11677899999999863,1.2117627355032834
0.947391,0.6581692399999932,0.6581692399999932,clear,0.944195,0.5514615200000003,0.5514615200000003,r50,0.0031959999999999766,pts_voxel_encoder,off,observed_amplification,pointpillars+mask-rcnn,19.349984745987882,pointpillars,0.10670771999999296,1.1934998474598788
0.9427004999999999,0.7264964499999992,0.7264964499999992,clear,0.944195,0.5514615200000003,0.5514615200000003,r7p5,-0.0014945000000000652,pts_voxel_encoder,off,observed_amplification,pointpillars+mask-rcnn,31.740189233874162,pointpillars,0.17503492999999892,1.3174018923387416
7.184697,18.02063816,18.02063816,clear,7.33638,17.51406768,17.51406768,r15,-0.15168300000000023,data_preprocessor,off,observed_amplification,pointpillars+vit-upernet,2.89236338042973,pointpillars,0.5065704800000006,1.0289236338042973
7.421759,18.158321199999996,18.158321199999996,clear,7.33638,17.51406768,17.51406768,r25,0.08537899999999965,data_preprocessor,off,observed_amplification,pointpillars+vit-upernet,3.6784916660776323,pointpillars,0.6442535199999959,1.0367849166607763
7.36245,17.92897676,17.92897676,clear,7.33638,17.51406768,17.51406768,r50,0.026069999999999816,data_preprocessor,off,observed_amplification,pointpillars+vit-upernet,2.3690046628848105,pointpillars,0.41490908000000104,1.023690046628848
7.188124,18.193947689999995,18.193947689999995,clear,7.33638,17.51406768,17.51406768,r7p5,-0.14825599999999994,data_preprocessor,off,observed_amplification,pointpillars+vit-upernet,3.881908089097852,pointpillars,0.6798800099999944,1.0388190808909785
1.275107,0.4718226000000003,0.4718226000000003,clear,1.23529,0.37801967999999997,0.37801967999999997,r15,0.03981699999999999,pts_backbone,off,observed_amplification,pointpillars+vit-upernet,24.814295382716665,pointpillars,0.09380292000000034,1.2481429538271667
1.264709,0.42438699999999985,0.42438699999999985,clear,1.23529,0.37801967999999997,0.37801967999999997,r25,0.029419000000000084,pts_backbone,off,observed_amplification,pointpillars+vit-upernet,12.265848169597904,pointpillars,0.04636731999999988,1.122658481695979
1.248828,0.47123479999999973,0.47123479999999973,clear,1.23529,0.37801967999999997,0.37801967999999997,r50,0.01353800000000005,pts_backbone,off,observed_amplification,pointpillars+vit-upernet,24.65880083280314,pointpillars,0.09321511999999976,1.2465880083280314
1.2862055,0.41209169999999995,0.41209169999999995,clear,1.23529,0.37801967999999997,0.37801967999999997,r7p5,0.05091549999999989,pts_backbone,off,observed_amplification,pointpillars+vit-upernet,9.013292641271997,pointpillars,0.03407201999999998,1.09013292641272
21.247536,75.21075968,75.21075968,clear,26.643801,74.18286354,74.18286354,r15,-5.396265,pts_bbox_head,off,observed_amplification,pointpillars+vit-upernet,1.3856247803722743,pointpillars,1.0278961399999957,1.0138562478037227
24.451017,76.19457139999999,76.19457139999999,clear,26.643801,74.18286354,74.18286354,r25,-2.1927839999999996,pts_bbox_head,off,observed_amplification,pointpillars+vit-upernet,2.711822871215075,pointpillars,2.011707859999987,1.0271182287121507
31.257986,70.00495452,70.00495452,clear,26.643801,74.18286354,74.18286354,r50,4.614184999999999,pts_bbox_head,off,observed_damping,pointpillars+vit-upernet,-5.63190583462344,pointpillars,-4.177909020000001,0.9436809416537656
21.3603075,74.16866045999994,74.16866045999994,clear,26.643801,74.18286354,74.18286354,r7p5,-5.283493499999999,pts_bbox_head,off,observed_damping,pointpillars+vit-upernet,-0.019146039020723205,pointpillars,-0.014203080000058321,0.9998085396097928
5.107789,15.683294999999998,15.683294999999998,clear,5.417291,15.575990979999998,15.575990979999998,r15,-0.3095019999999993,pts_middle_encoder,off,observed_amplification,pointpillars+vit-upernet,0.6889065365907054,pointpillars,0.10730401999999906,1.006889065365907
5.266841,15.927579999999999,15.927579999999999,clear,5.417291,15.575990979999998,15.575990979999998,r25,-0.1504499999999993,pts_middle_encoder,off,observed_amplification,pointpillars+vit-upernet,2.25724976633237,pointpillars,0.3515890200000005,1.0225724976633237
5.334933,15.967243599999998,15.967243599999998,clear,5.417291,15.575990979999998,15.575990979999998,r50,-0.08235799999999927,pts_middle_encoder,off,observed_amplification,pointpillars+vit-upernet,2.511895522425367,pointpillars,0.3912526199999995,1.0251189552242537
5.3448899999999995,15.736122299999998,15.736122299999998,clear,5.417291,15.575990979999998,15.575990979999998,r7p5,-0.07240100000000016,pts_middle_encoder,off,observed_amplification,pointpillars+vit-upernet,1.0280650534891356,pointpillars,0.16013131999999963,1.0102806505348914
0.332908,0.10856288000000003,0.10856288000000003,clear,0.327409,0.10696692000000002,0.10696692000000002,r15,0.005498999999999976,pts_neck,off,observed_amplification,pointpillars+vit-upernet,1.4920126708331871,pointpillars,0.0015959600000000074,1.0149201267083319
0.338125,0.128052,0.128052,clear,0.327409,0.10696692000000002,0.10696692000000002,r25,0.010716000000000003,pts_neck,off,observed_amplification,pointpillars+vit-upernet,19.71177631364909,pointpillars,0.02108507999999998,1.1971177631364909
0.3278,0.12413296000000001,0.12413296000000001,clear,0.327409,0.10696692000000002,0.10696692000000002,r50,0.0003909999999999747,pts_neck,off,observed_amplification,pointpillars+vit-upernet,16.047989415793218,pointpillars,0.017166039999999994,1.1604798941579322
0.33572749999999996,0.10982431999999964,0.10982431999999964,clear,0.327409,0.10696692000000002,0.10696692000000002,r7p5,0.008318499999999951,pts_neck,off,observed_amplification,pointpillars+vit-upernet,2.671293143711728,pointpillars,0.0028573999999996214,1.0267129314371173
1.012404,0.57843992,0.57843992,clear,0.925619,0.6504163200000004,0.6504163200000004,r15,0.08678500000000011,pts_voxel_encoder,off,observed_damping,pointpillars+vit-upernet,-11.066204488841901,pointpillars,-0.07197640000000038,0.889337955111581
0.955258,0.5624949999999962,0.5624949999999962,clear,0.925619,0.6504163200000004,0.6504163200000004,r25,0.029639000000000082,pts_voxel_encoder,off,observed_damping,pointpillars+vit-upernet,-13.517698940888224,pointpillars,-0.08792132000000419,0.8648230105911178
0.998978,0.7259155199999997,0.7259155199999997,clear,0.925619,0.6504163200000004,0.6504163200000004,r50,0.07335900000000006,pts_voxel_encoder,off,observed_amplification,pointpillars+vit-upernet,11.607826814677601,pointpillars,0.07549919999999932,1.116078268146776
1.0007115,0.5493678299999998,0.5493678299999998,clear,0.925619,0.6504163200000004,0.6504163200000004,r7p5,0.0750925,pts_voxel_encoder,off,observed_damping,pointpillars+vit-upernet,-15.535970868627736,pointpillars,-0.1010484900000006,0.8446402913137226
7.611412,2.897661479999999,2.897661479999999,clear,7.617039,4.05169976,4.05169976,r15,-0.005627000000000493,backbone,off,observed_damping,pointpillars+vit-upernet,-28.48281828266567,vit-upernet,-1.1540382800000009,0.7151718171733433
7.555957,3.5277377999999997,3.5277377999999997,clear,7.617039,4.05169976,4.05169976,r25,-0.06108199999999986,backbone,off,observed_damping,pointpillars+vit-upernet,-12.931904905016955,vit-upernet,-0.5239619600000003,0.8706809509498304
7.728096,4.006630080000001,4.006630080000001,clear,7.617039,4.05169976,4.05169976,r50,0.11105699999999974,backbone,off,observed_damping,pointpillars+vit-upernet,-1.1123647523181512,vit-upernet,-0.045069679999999224,0.9888763524768185
7.256373,3.9231541599999993,3.9231541599999993,clear,7.617039,4.05169976,4.05169976,r7p5,-0.36066600000000015,backbone,off,observed_damping,pointpillars+vit-upernet,-3.1726338972362766,vit-upernet,-0.1285456000000007,0.9682736610276372
0.573473,2.2538654,2.2538654,clear,0.633562,2.1740941199999995,2.1740941199999995,r15,-0.06008899999999995,data_preprocessor,off,observed_amplification,pointpillars+vit-upernet,3.669173255479885,vit-upernet,0.07977128000000056,1.0366917325547989
0.654241,2.4502851999999997,2.4502851999999997,clear,0.633562,2.1740941199999995,2.1740941199999995,r25,0.020679000000000003,data_preprocessor,off,observed_amplification,pointpillars+vit-upernet,12.703731520142302,vit-upernet,0.27619108000000026,1.127037315201423
0.628689,2.2149913199999998,2.2149913199999998,clear,0.633562,2.1740941199999995,2.1740941199999995,r50,-0.004872999999999905,data_preprocessor,off,observed_amplification,pointpillars+vit-upernet,1.881114512190507,vit-upernet,0.0408972000000003,1.018811145121905
0.549846,2.2710197599999997,2.2710197599999997,clear,0.633562,2.1740941199999995,2.1740941199999995,r7p5,-0.08371600000000001,data_preprocessor,off,observed_amplification,pointpillars+vit-upernet,4.458208092665283,vit-upernet,0.09692564000000026,1.0445820809266528
1.949759,0.6423119599999998,0.6423119599999998,clear,1.934857,1.0917032800000002,1.0917032800000002,r15,0.01490199999999997,decode_head,off,observed_damping,pointpillars+vit-upernet,-41.16423649473695,vit-upernet,-0.44939132000000037,0.5883576350526305
1.892154,0.7245156400000001,0.7245156400000001,clear,1.934857,1.0917032800000002,1.0917032800000002,r25,-0.04270300000000016,decode_head,off,observed_damping,pointpillars+vit-upernet,-33.63438094644178,vit-upernet,-0.36718764000000004,0.6636561905355822
1.95405,0.9558648399999998,0.9558648399999998,clear,1.934857,1.0917032800000002,1.0917032800000002,r50,0.019193000000000016,decode_head,off,observed_damping,pointpillars+vit-upernet,-12.442798559696577,vit-upernet,-0.13583844000000034,0.8755720144030342
1.900176,0.7849884800000002,0.7849884800000002,clear,1.934857,1.0917032800000002,1.0917032800000002,r7p5,-0.03468099999999996,decode_head,off,observed_damping,pointpillars+vit-upernet,-28.095069935120087,vit-upernet,-0.30671479999999995,0.7190493006487991
0.575425,0.28924824000000005,0.28924824000000005,clear,0.574683,0.3843202,0.3843202,r15,0.0007419999999999094,neck,off,observed_damping,pointpillars+vit-upernet,-24.73769528637838,vit-upernet,-0.09507195999999996,0.7526230471362162
0.54836,0.25751356,0.25751356,clear,0.574683,0.3843202,0.3843202,r25,-0.026323000000000096,neck,off,observed_damping,pointpillars+vit-upernet,-32.99504944054463,vit-upernet,-0.12680664000000003,0.6700495055945537
0.572917,0.34084767999999993,0.34084767999999993,clear,0.574683,0.3843202,0.3843202,r50,-0.0017660000000000453,neck,off,observed_damping,pointpillars+vit-upernet,-11.311536578092973,vit-upernet,-0.04347252000000007,0.8868846342190703
0.560054,0.3485589599999999,0.3485589599999999,clear,0.574683,0.3843202,0.3843202,r7p5,-0.014629000000000003,neck,off,observed_damping,pointpillars+vit-upernet,-9.305063850403927,vit-upernet,-0.03576124000000008,0.9069493614959607
6.9168565,7.356607089999999,7.356607089999999,clear,7.381065,7.613651739999999,7.613651739999999,r15,-0.4642085000000007,data_preprocessor,off,observed_damping,pointpillars+yolov3,-3.3761020175057332,pointpillars,-0.2570446500000001,0.9662389798249427
7.6185,7.528421460000001,7.528421460000001,clear,7.381065,7.613651739999999,7.613651739999999,r25,0.23743499999999962,data_preprocessor,off,observed_damping,pointpillars+yolov3,-1.1194402227806433,pointpillars,-0.08523027999999844,0.9888055977721936
7.2080785,7.304953269999999,7.304953269999999,clear,7.381065,7.613651739999999,7.613651739999999,r50,-0.17298650000000038,data_preprocessor,off,observed_damping,pointpillars+yolov3,-4.054538880182623,pointpillars,-0.3086984700000004,0.9594546111981738
7.128885,7.3231714000000006,7.3231714000000006,clear,7.381065,7.613651739999999,7.613651739999999,r7p5,-0.25218000000000007,data_preprocessor,off,observed_damping,pointpillars+yolov3,-3.8152564619405416,pointpillars,-0.29048033999999845,0.9618474353805946
1.2420805000000001,0.7050178999999983,0.7050178999999983,clear,1.244865,0.872963219999999,0.872963219999999,r15,-0.0027844999999999676,pts_backbone,off,observed_damping,pointpillars+yolov3,-19.23853332560803,pointpillars,-0.16794532000000073,0.8076146667439197
1.20718,0.7282182199999998,0.7282182199999998,clear,1.244865,0.872963219999999,0.872963219999999,r25,-0.03768500000000019,pts_backbone,off,observed_damping,pointpillars+yolov3,-16.580881838297767,pointpillars,-0.14474499999999924,0.8341911816170223
1.228439,0.6362271599999993,0.6362271599999993,clear,1.244865,0.872963219999999,0.872963219999999,r50,-0.01642600000000005,pts_backbone,off,observed_damping,pointpillars+yolov3,-27.118675171675612,pointpillars,-0.2367360599999997,0.7288132482832439
1.2712385,0.5990103500000021,0.5990103500000021,clear,1.244865,0.872963219999999,0.872963219999999,r7p5,0.026373499999999828,pts_backbone,off,observed_damping,pointpillars+yolov3,-31.381948714860776,pointpillars,-0.2739528699999969,0.6861805128513923
17.351362,11.552585169999999,11.552585169999999,clear,16.671879,12.390350839999996,12.390350839999996,r15,0.6794830000000012,pts_bbox_head,off,observed_damping,pointpillars+yolov3,-6.761436224190065,pointpillars,-0.8377656699999978,0.9323856377580994
17.491768,12.37009966,12.37009966,clear,16.671879,12.390350839999996,12.390350839999996,r25,0.8198889999999999,pts_bbox_head,off,observed_damping,pointpillars+yolov3,-0.16344315234900764,pointpillars,-0.02025117999999715,0.9983655684765099
16.9064225,12.750030559999997,12.750030559999997,clear,16.671879,12.390350839999996,12.390350839999996,r50,0.2345435000000009,pts_bbox_head,off,observed_amplification,pointpillars+yolov3,2.902901819687309,pointpillars,0.3596797200000008,1.029029018196873
17.503804,13.100929050000001,13.100929050000001,clear,16.671879,12.390350839999996,12.390350839999996,r7p5,0.8319249999999982,pts_bbox_head,off,observed_amplification,pointpillars+yolov3,5.734932119161895,pointpillars,0.7105782100000049,1.057349321191619
4.775655499999999,6.360042649999986,6.360042649999986,clear,4.447569,6.576386019999999,6.576386019999999,r15,0.3280864999999995,pts_middle_encoder,off,observed_damping,pointpillars+yolov3,-3.289699986315786,pointpillars,-0.21634337000001302,0.9671030001368421
4.555056,7.719801259999999,7.719801259999999,clear,4.447569,6.576386019999999,6.576386019999999,r25,0.10748700000000078,pts_middle_encoder,off,observed_amplification,pointpillars+yolov3,17.386680716774585,pointpillars,1.1434152399999995,1.1738668071677458
4.742883,6.375576639999999,6.375576639999999,clear,4.447569,6.576386019999999,6.576386019999999,r50,0.2953140000000003,pts_middle_encoder,off,observed_damping,pointpillars+yolov3,-3.0534913764079796,pointpillars,-0.20080937999999993,0.9694650862359202
4.580946,6.6572599,6.6572599,clear,4.447569,6.576386019999999,6.576386019999999,r7p5,0.1333770000000003,pts_middle_encoder,off,observed_amplification,pointpillars+yolov3,1.2297617529452909,pointpillars,0.0808738800000004,1.012297617529453
0.32808950000000003,0.17491195999999937,0.17491195999999937,clear,0.33308,0.22300925999999993,0.22300925999999993,r15,-0.004990499999999953,pts_neck,off,observed_damping,pointpillars+yolov3,-21.56740038507844,pointpillars,-0.048097300000000565,0.7843259961492156
0.320045,0.20312125999999991,0.20312125999999991,clear,0.33308,0.22300925999999993,0.22300925999999993,r25,-0.013034999999999963,pts_neck,off,observed_damping,pointpillars+yolov3,-8.918015332636875,pointpillars,-0.019888000000000017,0.9108198466736313
0.323353,0.2068693399999994,0.2068693399999994,clear,0.33308,0.22300925999999993,0.22300925999999993,r50,-0.009726999999999986,pts_neck,off,observed_damping,pointpillars+yolov3,-7.237331759228538,pointpillars,-0.01613992000000053,0.9276266824077146
0.334581,0.1503653000000008,0.1503653000000008,clear,0.33308,0.22300925999999993,0.22300925999999993,r7p5,0.00150100000000003,pts_neck,off,observed_damping,pointpillars+yolov3,-32.574414174550036,pointpillars,-0.07264395999999912,0.6742558582544996
1.0161695000000002,0.8016994499999994,0.8016994499999994,clear,0.907727,0.9074974599999999,0.9074974599999999,r15,0.10844250000000022,pts_voxel_encoder,off,observed_damping,pointpillars+yolov3,-11.65821555026727,pointpillars,-0.10579801000000044,0.8834178444973273
0.967134,0.8056663399999999,0.8056663399999999,clear,0.907727,0.9074974599999999,0.9074974599999999,r25,0.0594070000000001,pts_voxel_encoder,off,observed_damping,pointpillars+yolov3,-11.221091461787669,pointpillars,-0.10183111999999994,0.8877890853821233
1.008607,0.8767327999999991,0.8767327999999991,clear,0.907727,0.9074974599999999,0.9074974599999999,r50,0.10088000000000008,pts_voxel_encoder,off,observed_damping,pointpillars+yolov3,-3.390054667480924,pointpillars,-0.030764660000000776,0.9660994533251908
1.024845,0.6369401000000016,0.6369401000000016,clear,0.907727,0.9074974599999999,0.9074974599999999,r7p5,0.11711800000000006,pts_voxel_encoder,off,observed_damping,pointpillars+yolov3,-29.813566640726286,pointpillars,-0.2705573599999983,0.7018643335927371
4.00231,3.661932319999998,3.661932319999998,clear,4.071448,5.254800319999999,5.254800319999999,r15,-0.06913800000000059,backbone,off,observed_damping,pointpillars+yolov3,-30.31262660804591,yolov3,-1.5928680000000015,0.6968737339195409
4.143113,3.84231756,3.84231756,clear,4.071448,5.254800319999999,5.254800319999999,r25,0.07166499999999942,backbone,off,observed_damping,pointpillars+yolov3,-26.879856017059833,yolov3,-1.4124827599999992,0.7312014398294017
4.098686,4.682588599999999,4.682588599999999,clear,4.071448,5.254800319999999,5.254800319999999,r50,0.02723799999999965,backbone,off,observed_damping,pointpillars+yolov3,-10.88931424895705,yolov3,-0.5722117200000003,0.8911068575104295
4.0938695,3.0533416299999976,3.0533416299999976,clear,4.071448,5.254800319999999,5.254800319999999,r7p5,0.022421500000000094,backbone,off,observed_damping,pointpillars+yolov3,-41.89424061692989,yolov3,-2.2014586900000017,0.5810575938307011
4.980542,14.177871159999999,14.177871159999999,clear,5.039028,15.347639679999999,15.347639679999999,r15,-0.05848600000000026,bbox_head,off,observed_damping,pointpillars+yolov3,-7.621813805834665,yolov3,-1.1697685199999999,0.9237818619416533
4.807445,13.192852,13.192852,clear,5.039028,15.347639679999999,15.347639679999999,r25,-0.23158299999999965,bbox_head,off,observed_damping,pointpillars+yolov3,-14.039863620254067,yolov3,-2.1547876799999983,0.8596013637974593
4.76668,14.540812840000001,14.540812840000001,clear,5.039028,15.347639679999999,15.347639679999999,r50,-0.27234800000000003,bbox_head,off,observed_damping,pointpillars+yolov3,-5.25700926541427,yolov3,-0.8068268399999976,0.9474299073458573
4.6734100000000005,13.813293860000002,13.813293860000002,clear,5.039028,15.347639679999999,15.347639679999999,r7p5,-0.36561799999999955,bbox_head,off,observed_damping,pointpillars+yolov3,-9.997275489855628,yolov3,-1.5343458199999969,0.9000272451014437
1.161871,2.368359,2.368359,clear,1.318082,2.5123778,2.5123778,r15,-0.15621099999999988,data_preprocessor,off,observed_damping,pointpillars+yolov3,-5.732370346529891,yolov3,-0.1440188,0.9426762965347011
1.355406,2.2707732,2.2707732,clear,1.318082,2.5123778,2.5123778,r25,0.037324000000000135,data_preprocessor,off,observed_damping,pointpillars+yolov3,-9.616571201990409,yolov3,-0.24160460000000006,0.9038342879800959
1.17012,2.4323542799999998,2.4323542799999998,clear,1.318082,2.5123778,2.5123778,r50,-0.14796199999999993,data_preprocessor,off,observed_damping,pointpillars+yolov3,-3.185170637951029,yolov3,-0.08002352000000013,0.9681482936204897
1.1446125,2.534227969999994,2.534227969999994,clear,1.318082,2.5123778,2.5123778,r7p5,-0.17346949999999994,data_preprocessor,off,observed_amplification,pointpillars+yolov3,0.8697008069405099,yolov3,0.02185016999999423,1.008697008069405
1.250895,0.9982233999999996,0.9982233999999996,clear,1.251051,1.4587242799999998,1.4587242799999998,r15,-0.00015599999999982295,neck,off,observed_damping,pointpillars+yolov3,-31.56874032425101,yolov3,-0.4605008800000001,0.6843125967574899
1.273138,1.0251426,1.0251426,clear,1.251051,1.4587242799999998,1.4587242799999998,r25,0.02208700000000019,neck,off,observed_damping,pointpillars+yolov3,-29.72334703306645,yolov3,-0.43358167999999986,0.7027665296693355
1.243177,1.4235118399999995,1.4235118399999995,clear,1.251051,1.4587242799999998,1.4587242799999998,r50,-0.007873999999999937,neck,off,observed_damping,pointpillars+yolov3,-2.4139201960771017,yolov3,-0.035212440000000234,0.975860798039229
1.2495085,0.9431854399999999,0.9431854399999999,clear,1.251051,1.4587242799999998,1.4587242799999998,r7p5,-0.0015425000000000022,neck,off,observed_damping,pointpillars+yolov3,-35.34176040450906,yolov3,-0.5155388399999998,0.6465823959549094
