adverse_median_ms,adverse_p0_p99_range_ms,adverse_width_ms,clear_baseline_id,clear_median_ms,clear_p0_p99_range_ms,clear_width_ms,condition_id,median_change_ms,module,mps_mode,observed_label,pair_id,percentage_change,target_model,variation_change_ms,variation_factor
7.5836,2.888009700000004,2.888009700000004,clear,7.658703,3.37508756,3.37508756,r15,-0.07510300000000036,backbone,on,observed_damping,3dssd+deeplabv3plus,-14.431562184419178,3dssd,-0.48707785999999587,0.8556843781558082
7.490782,2.9500767799999768,2.9500767799999768,clear,7.658703,3.37508756,3.37508756,r25,-0.16792099999999976,backbone,on,observed_damping,3dssd+deeplabv3plus,-12.592585301698755,3dssd,-0.4250107800000231,0.8740741469830124
7.6219325,2.781590659999998,2.781590659999998,clear,7.658703,3.37508756,3.37508756,r50,-0.03677050000000026,backbone,on,observed_damping,3dssd+deeplabv3plus,-17.58463712271814,3dssd,-0.5934969000000017,0.8241536287728186
7.613984500000001,2.8438316399999986,2.8438316399999986,clear,7.658703,3.37508756,3.37508756,r7p5,-0.04471849999999922,backbone,on,observed_damping,3dssd+deeplabv3plus,-15.740507781078172,3dssd,-0.5312559200000013,0.8425949221892183
49.835203,52.418556349999996,52.418556349999996,clear,50.604881,52.18847868,52.18847868,r15,-0.769677999999999,bbox_head,on,observed_amplification,3dssd+deeplabv3plus,0.44085912411959693,3dssd,0.2300776699999929,1.004408591241196
48.903009,51.91251239999999,51.91251239999999,clear,50.604881,52.18847868,52.18847868,r25,-1.7018720000000016,bbox_head,on,observed_damping,3dssd+deeplabv3plus,-0.5287877458397205,3dssd,-0.2759662800000129,0.9947121225416028
48.734286,51.69160261999999,51.69160261999999,clear,50.604881,52.18847868,52.18847868,r50,-1.8705950000000016,bbox_head,on,observed_damping,3dssd+deeplabv3plus,-0.9520799850224915,3dssd,-0.4968760600000124,0.9904792001497751
49.266059,53.316755839999985,53.316755839999985,clear,50.604881,52.18847868,52.18847868,r7p5,-1.3388220000000004,bbox_head,on,observed_amplification,3dssd+deeplabv3plus,2.161927667825214,3dssd,1.128277159999982,1.0216192766782521
0.25295100000000004,0.12794160000000004,0.12794160000000004,clear,0.258933,0.10013363999999997,0.10013363999999997,r15,-0.005981999999999987,data_preprocessor,on,observed_amplification,3dssd+deeplabv3plus,27.770847040015802,3dssd,0.027807960000000076,1.277708470400158
0.256082,0.11168343999999994,0.11168343999999994,clear,0.258933,0.10013363999999997,0.10013363999999997,r25,-0.002851000000000048,data_preprocessor,on,observed_amplification,3dssd+deeplabv3plus,11.53438544728822,3dssd,0.011549799999999971,1.1153438544728822
0.2576175,0.12627173999999958,0.12627173999999958,clear,0.258933,0.10013363999999997,0.10013363999999997,r50,-0.001315500000000025,data_preprocessor,on,observed_amplification,3dssd+deeplabv3plus,26.10321566258813,3dssd,0.02613809999999961,1.2610321566258813
0.25384450000000003,0.10494134999999996,0.10494134999999996,clear,0.258933,0.10013363999999997,0.10013363999999997,r7p5,-0.005088499999999996,data_preprocessor,on,observed_amplification,3dssd+deeplabv3plus,4.801293551298036,3dssd,0.004807709999999993,1.0480129355129804
6.072064,3.5520134999999993,3.5520134999999993,clear,5.114107,2.870266919999998,2.870266919999998,r15,0.9579570000000004,backbone,on,observed_amplification,3dssd+deeplabv3plus,23.752027215643135,deeplabv3plus,0.6817465800000013,1.2375202721564313
5.145599,3.2984457199999992,3.2984457199999992,clear,5.114107,2.870266919999998,2.870266919999998,r25,0.031492000000000075,backbone,on,observed_amplification,3dssd+deeplabv3plus,14.917734549928262,deeplabv3plus,0.4281788000000013,1.1491773454992826
5.222943,3.27651276,3.27651276,clear,5.114107,2.870266919999998,2.870266919999998,r50,0.10883600000000015,backbone,on,observed_amplification,3dssd+deeplabv3plus,14.153590983796116,deeplabv3plus,0.4062458400000022,1.1415359098379612
5.1129955,2.40924811,2.40924811,clear,5.114107,2.870266919999998,2.870266919999998,r7p5,-0.001111499999999488,backbone,on,observed_damping,3dssd+deeplabv3plus,-16.06187935998643,deeplabv3plus,-0.4610188099999979,0.8393812064001357
0.5241979999999999,0.42024489999999987,0.42024489999999987,clear,0.518091,0.48966843999999976,0.48966843999999976,r15,0.0061069999999999736,data_preprocessor,on,observed_damping,3dssd+deeplabv3plus,-14.177662746653619,deeplabv3plus,-0.0694235399999999,0.8582233725334638
0.527933,0.4560771599999999,0.4560771599999999,clear,0.518091,0.48966843999999976,0.48966843999999976,r25,0.009842000000000017,data_preprocessor,on,observed_damping,3dssd+deeplabv3plus,-6.860005108762957,deeplabv3plus,-0.033591279999999835,0.9313999489123704
0.508768,0.3167099199999999,0.3167099199999999,clear,0.518091,0.48966843999999976,0.48966843999999976,r50,-0.00932299999999997,data_preprocessor,on,observed_damping,3dssd+deeplabv3plus,-35.32155758292282,deeplabv3plus,-0.17295851999999984,0.6467844241707718
0.5076095,0.4483643000000001,0.4483643000000001,clear,0.518091,0.48966843999999976,0.48966843999999976,r7p5,-0.010481499999999921,data_preprocessor,on,observed_damping,3dssd+deeplabv3plus,-8.435123978992742,deeplabv3plus,-0.041304139999999656,0.9156487602100726
1.6963430000000002,0.9101513499999994,0.9101513499999994,clear,1.467227,0.86598172,0.86598172,r15,0.2291160000000001,decode_head,on,observed_amplification,3dssd+deeplabv3plus,5.100526833291519,deeplabv3plus,0.044169629999999405,1.0510052683329152
1.499814,0.8285930799999999,0.8285930799999999,clear,1.467227,0.86598172,0.86598172,r25,0.03258699999999992,decode_head,on,observed_damping,3dssd+deeplabv3plus,-4.317486055017428,deeplabv3plus,-0.037388640000000084,0.9568251394498257
1.523665,0.9191929600000002,0.9191929600000002,clear,1.467227,0.86598172,0.86598172,r50,0.05643799999999999,decode_head,on,observed_amplification,3dssd+deeplabv3plus,6.1446146923286316,deeplabv3plus,0.053211240000000215,1.0614461469232863
1.4672995,0.7478300400000002,0.7478300400000002,clear,1.467227,0.86598172,0.86598172,r7p5,7.249999999991985e-05,decode_head,on,observed_damping,3dssd+deeplabv3plus,-13.643669060358432,deeplabv3plus,-0.11815167999999976,0.8635633093964157
7.635297,2.7371529799999967,2.7371529799999967,clear,7.566344,3.1085779999999996,3.1085779999999996,r15,0.0689529999999996,backbone,on,observed_damping,3dssd+detr,-11.948389906896429,3dssd,-0.3714250200000029,0.8805161009310357
7.627092,2.7462240800000117,2.7462240800000117,clear,7.566344,3.1085779999999996,3.1085779999999996,r25,0.060748000000000246,backbone,on,observed_damping,3dssd+detr,-11.656581240682652,3dssd,-0.3623539199999879,0.8834341875931735
7.575906,2.458870919999998,2.458870919999998,clear,7.566344,3.1085779999999996,3.1085779999999996,r50,0.009561999999999848,backbone,on,observed_damping,3dssd+detr,-20.900459309690856,3dssd,-0.6497070800000015,0.7909954069030914
7.63581,2.8127971000000107,2.8127971000000107,clear,7.566344,3.1085779999999996,3.1085779999999996,r7p5,0.06946600000000025,backbone,on,observed_damping,3dssd+detr,-9.514990455442618,3dssd,-0.2957808999999889,0.9048500954455738
38.190336,25.91031343999999,25.91031343999999,clear,38.416895,23.3296485,23.3296485,r15,-0.22655899999999463,bbox_head,on,observed_amplification,3dssd+detr,11.061739485702017,3dssd,2.5806649399999877,1.1106173948570202
38.787754,25.389268940000004,25.389268940000004,clear,38.416895,23.3296485,23.3296485,r25,0.37085900000000294,bbox_head,on,observed_amplification,3dssd+detr,8.828338926752387,3dssd,2.0596204400000033,1.0882833892675239
38.86616,23.819630159999985,23.819630159999985,clear,38.416895,23.3296485,23.3296485,r50,0.449265000000004,bbox_head,on,observed_amplification,3dssd+detr,2.1002530749658854,3dssd,0.4899816599999838,1.0210025307496589
38.248102,24.719068120000017,24.719068120000017,clear,38.416895,23.3296485,23.3296485,r7p5,-0.16879299999999375,bbox_head,on,observed_amplification,3dssd+detr,5.955596030518917,3dssd,1.389419620000016,1.0595559603051892
0.261079,0.14732019999999998,0.14732019999999998,clear,0.255096,0.15630899999999998,0.15630899999999998,r15,0.005983000000000016,data_preprocessor,on,observed_damping,3dssd+detr,-5.750660550576104,3dssd,-0.008988799999999991,0.942493394494239
0.257027,0.12433570000000019,0.12433570000000019,clear,0.255096,0.15630899999999998,0.15630899999999998,r25,0.001931000000000016,data_preprocessor,on,observed_damping,3dssd+detr,-20.455188120965396,3dssd,-0.03197329999999979,0.795448118790346
0.258275,0.12297167999999997,0.12297167999999997,clear,0.255096,0.15630899999999998,0.15630899999999998,r50,0.0031789999999999874,data_preprocessor,on,observed_damping,3dssd+detr,-21.327831410859265,3dssd,-0.033337320000000004,0.7867216858914073
0.2625195,0.15589515000000007,0.15589515000000007,clear,0.255096,0.15630899999999998,0.15630899999999998,r7p5,0.007423500000000027,data_preprocessor,on,observed_damping,3dssd+detr,-0.2647640251040584,3dssd,-0.0004138499999999101,0.9973523597489594
4.500545,2.5444254799999997,2.5444254799999997,clear,3.695722,2.5277724399999997,2.5277724399999997,r15,0.8048229999999998,backbone,on,observed_amplification,3dssd+detr,0.6588029735777878,detr,0.016653040000000008,1.0065880297357779
4.067154,2.75962888,2.75962888,clear,3.695722,2.5277724399999997,2.5277724399999997,r25,0.37143200000000043,backbone,on,observed_amplification,3dssd+detr,9.172362050121908,detr,0.2318564400000005,1.091723620501219
3.821017,2.6313682799999993,2.6313682799999993,clear,3.695722,2.5277724399999997,2.5277724399999997,r50,0.12529499999999993,backbone,on,observed_amplification,3dssd+detr,4.098305621213272,detr,0.10359583999999966,1.0409830562121327
3.85903,2.6487348,2.6487348,clear,3.695722,2.5277724399999997,2.5277724399999997,r7p5,0.16330800000000023,backbone,on,observed_amplification,3dssd+detr,4.785334236811312,detr,0.12096236000000049,1.0478533423681131
10.101931,19.33705536,19.33705536,clear,10.798951,17.714665840000002,17.714665840000002,r15,-0.6970200000000002,bbox_head,on,observed_amplification,3dssd+detr,9.158453987523817,detr,1.6223895199999987,1.0915845398752382
10.831784,19.07102776,19.07102776,clear,10.798951,17.714665840000002,17.714665840000002,r25,0.03283300000000011,bbox_head,on,observed_amplification,3dssd+detr,7.656717503173627,detr,1.3563619199999977,1.0765671750317363
9.910006,18.894873360000002,18.894873360000002,clear,10.798951,17.714665840000002,17.714665840000002,r50,-0.8889450000000014,bbox_head,on,observed_amplification,3dssd+detr,6.662318841685799,detr,1.1802075199999997,1.066623188416858
10.573514,19.113444159999997,19.113444159999997,clear,10.798951,17.714665840000002,17.714665840000002,r7p5,-0.22543700000000122,bbox_head,on,observed_amplification,3dssd+detr,7.896159784406032,detr,1.3987783199999946,1.0789615978440603
1.034713,0.70704048,0.70704048,clear,0.982644,0.5241308000000001,0.5241308000000001,r15,0.05206900000000003,data_preprocessor,on,observed_amplification,3dssd+detr,34.89771637156218,detr,0.18290967999999985,1.3489771637156218
1.003069,0.87801204,0.87801204,clear,0.982644,0.5241308000000001,0.5241308000000001,r25,0.020425000000000026,data_preprocessor,on,observed_amplification,3dssd+detr,67.51773412285631,detr,0.3538812399999999,1.675177341228563
0.984041,0.55050332,0.55050332,clear,0.982644,0.5241308000000001,0.5241308000000001,r50,0.0013970000000000926,data_preprocessor,on,observed_amplification,3dssd+detr,5.031667667689033,detr,0.0263725199999999,1.0503166766768903
1.004172,0.6695300399999999,0.6695300399999999,clear,0.982644,0.5241308000000001,0.5241308000000001,r7p5,0.021528000000000103,data_preprocessor,on,observed_amplification,3dssd+detr,27.74102189758736,detr,0.14539923999999982,1.2774102189758736
5.906896,3.2882148399999993,3.2882148399999993,clear,5.155499,2.9252484800000005,2.9252484800000005,r15,0.7513969999999999,decoder,on,observed_amplification,3dssd+detr,12.408052255444591,detr,0.3629663599999988,1.124080522554446
5.210677,2.8182658799999984,2.8182658799999984,clear,5.155499,2.9252484800000005,2.9252484800000005,r25,0.05517799999999973,decoder,on,observed_damping,3dssd+detr,-3.657214104423767,detr,-0.10698260000000204,0.9634278589557623
5.328934,2.816681279999999,2.816681279999999,clear,5.155499,2.9252484800000005,2.9252484800000005,r50,0.17343500000000045,decoder,on,observed_damping,3dssd+detr,-3.711383861654083,detr,-0.10856720000000131,0.9628861613834592
4.990362,3.17326496,3.17326496,clear,5.155499,2.9252484800000005,2.9252484800000005,r7p5,-0.16513699999999965,decoder,on,observed_amplification,3dssd+detr,8.478475647306372,detr,0.24801647999999954,1.0847847564730637
3.901512,2.11761408,2.11761408,clear,3.347464,2.05565676,2.05565676,r15,0.5540479999999999,encoder,on,observed_amplification,3dssd+detr,3.013991499242308,detr,0.06195731999999987,1.030139914992423
3.662743,1.9280688799999997,1.9280688799999997,clear,3.347464,2.05565676,2.05565676,r25,0.31527899999999986,encoder,on,observed_damping,3dssd+detr,-6.206672362948396,detr,-0.12758788000000054,0.937933276370516
3.489741,2.2691535599999995,2.2691535599999995,clear,3.347464,2.05565676,2.05565676,r50,0.142277,encoder,on,observed_amplification,3dssd+detr,10.385819469199674,detr,0.21349679999999926,1.1038581946919968
3.342595,1.7600524800000001,1.7600524800000001,clear,3.347464,2.05565676,2.05565676,r7p5,-0.00486899999999979,encoder,on,observed_damping,3dssd+detr,-14.380040761279622,detr,-0.29560428000000005,0.8561995923872038
0.088153,0.06027503999999999,0.06027503999999999,clear,0.078686,0.05070036,0.05070036,r15,0.00946699999999999,neck,on,observed_amplification,3dssd+detr,18.884836320688827,detr,0.009574679999999988,1.1888483632068882
0.086626,0.05141348,0.05141348,clear,0.078686,0.05070036,0.05070036,r25,0.007939999999999989,neck,on,observed_amplification,3dssd+detr,1.4065383362169337,detr,0.0007131199999999976,1.0140653833621693
0.083371,0.05294819999999997,0.05294819999999997,clear,0.078686,0.05070036,0.05070036,r50,0.004684999999999995,neck,on,observed_amplification,3dssd+detr,4.43357798642845,detr,0.002247839999999973,1.0443357798642845
0.084859,0.05364587999999999,0.05364587999999999,clear,0.078686,0.05070036,0.05070036,r7p5,0.006172999999999998,neck,on,observed_amplification,3dssd+detr,5.809662889967626,detr,0.002945519999999993,1.0580966288996763
0.54882,0.3422578,0.3422578,clear,0.458688,0.25342059999999994,0.25342059999999994,r15,0.09013199999999999,positional_encoding,on,observed_amplification,3dssd+detr,35.055240181737425,detr,0.08883720000000006,1.3505524018173742
0.516797,0.29342008,0.29342008,clear,0.458688,0.25342059999999994,0.25342059999999994,r25,0.058108999999999966,positional_encoding,on,observed_amplification,3dssd+detr,15.78383130653156,detr,0.03999948000000009,1.1578383130653156
0.464641,0.2701668,0.2701668,clear,0.458688,0.25342059999999994,0.25342059999999994,r50,0.005953000000000042,positional_encoding,on,observed_amplification,3dssd+detr,6.608065800491381,detr,0.016746200000000044,1.0660806580049138
0.488346,0.2507666,0.2507666,clear,0.458688,0.25342059999999994,0.25342059999999994,r7p5,0.029658000000000018,positional_encoding,on,observed_damping,3dssd+detr,-1.0472708217090232,detr,-0.002653999999999934,0.9895272917829098
7.7307485,3.0208637300000047,3.0208637300000047,clear,7.811249,2.6841269199999997,2.6841269199999997,r15,-0.08050050000000031,backbone,on,observed_amplification,3dssd+dino,12.545487603097595,3dssd,0.336736810000005,1.125454876030976
7.826817500000001,2.8825046999999975,2.8825046999999975,clear,7.811249,2.6841269199999997,2.6841269199999997,r25,0.01556850000000054,backbone,on,observed_amplification,3dssd+dino,7.390774948898393,3dssd,0.19837777999999773,1.073907749488984
7.069518,3.6906362999999995,3.6906362999999995,clear,7.811249,2.6841269199999997,2.6841269199999997,r50,-0.7417309999999997,backbone,on,observed_amplification,3dssd+dino,37.498576259575685,3dssd,1.0065093799999998,1.3749857625957569
7.82822,3.171007339999999,3.171007339999999,clear,7.811249,2.6841269199999997,2.6841269199999997,r7p5,0.016970999999999847,backbone,on,observed_amplification,3dssd+dino,18.139247305041728,3dssd,0.4868804199999994,1.1813924730504173
72.6106285,46.484663489999996,46.484663489999996,clear,71.414013,45.40142508,45.40142508,r15,1.1966155000000072,bbox_head,on,observed_amplification,3dssd+dino,2.385912794788414,3dssd,1.0832384099999928,1.0238591279478841
72.469761,47.93545279,47.93545279,clear,71.414013,45.40142508,45.40142508,r25,1.0557480000000083,bbox_head,on,observed_amplification,3dssd+dino,5.581383636163162,3dssd,2.5340277099999966,1.0558138363616316
72.612303,47.171167319999995,47.171167319999995,clear,71.414013,45.40142508,45.40142508,r50,1.19829,bbox_head,on,observed_amplification,3dssd+dino,3.897988305172362,3dssd,1.7697422399999923,1.0389798830517236
72.048969,47.168461679999986,47.168461679999986,clear,71.414013,45.40142508,45.40142508,r7p5,0.6349560000000025,bbox_head,on,observed_amplification,3dssd+dino,3.8920289327622593,3dssd,1.767036599999983,1.0389202893276226
0.25241800000000003,0.1398186200000001,0.1398186200000001,clear,0.261135,0.14410251999999996,0.14410251999999996,r15,-0.008716999999999975,data_preprocessor,on,observed_damping,3dssd+dino,-2.9728140770889144,3dssd,-0.004283899999999868,0.9702718592291109
0.25820299999999996,0.12676282,0.12676282,clear,0.261135,0.14410251999999996,0.14410251999999996,r25,-0.0029320000000000457,data_preprocessor,on,observed_damping,3dssd+dino,-12.032891583020177,3dssd,-0.017339699999999958,0.8796710841697982
0.259061,0.12256443999999997,0.12256443999999997,clear,0.261135,0.14410251999999996,0.14410251999999996,r50,-0.0020740000000000203,data_preprocessor,on,observed_damping,3dssd+dino,-14.946359022729094,3dssd,-0.021538079999999987,0.8505364097727091
0.258315,0.11289205999999993,0.11289205999999993,clear,0.261135,0.14410251999999996,0.14410251999999996,r7p5,-0.002819999999999989,data_preprocessor,on,observed_damping,3dssd+dino,-21.658510899046068,3dssd,-0.031210460000000023,0.7834148910095393
3.7253844999999997,2.6525775999999928,2.6525775999999928,clear,3.718204,2.026013980000002,2.026013980000002,r15,0.00718049999999959,backbone,on,observed_amplification,3dssd+dino,30.92592776679608,dino,0.6265636199999909,1.3092592776679608
3.795783,2.489298409999999,2.489298409999999,clear,3.718204,2.026013980000002,2.026013980000002,r25,0.07757900000000006,backbone,on,observed_amplification,3dssd+dino,22.866793347595603,dino,0.4632844299999972,1.228667933475956
3.781466,1.7222939500000005,1.7222939500000005,clear,3.718204,2.026013980000002,2.026013980000002,r50,0.06326199999999993,backbone,on,observed_damping,3dssd+dino,-14.991013536836562,dino,-0.30372003000000136,0.8500898646316344
3.7324245,2.6101228499999913,2.6101228499999913,clear,3.718204,2.026013980000002,2.026013980000002,r7p5,0.01422049999999997,backbone,on,observed_amplification,3dssd+dino,28.83044617490689,dino,0.5841088699999895,1.2883044617490689
1.777511,1.9318030999999989,1.9318030999999989,clear,1.7823765,1.04637742,1.04637742,r15,-0.004865499999999967,bbox_head,on,observed_amplification,3dssd+dino,84.6181944560691,dino,0.8854256799999989,1.846181944560691
1.8028460000000002,1.59243034,1.59243034,clear,1.7823765,1.04637742,1.04637742,r25,0.02046950000000014,bbox_head,on,observed_amplification,3dssd+dino,52.18508251066809,dino,0.5460529199999999,1.521850825106681
1.7765520000000001,1.93294895,1.93294895,clear,1.7823765,1.04637742,1.04637742,r50,-0.005824499999999899,bbox_head,on,observed_amplification,3dssd+dino,84.72770083284101,dino,0.8865715300000001,1.84727700832841
1.774875,1.5478074499999979,1.5478074499999979,clear,1.7823765,1.04637742,1.04637742,r7p5,-0.00750150000000005,bbox_head,on,observed_amplification,3dssd+dino,47.920570571945056,dino,0.5014300299999979,1.4792057057194505
0.9419390000000001,0.697217349999999,0.697217349999999,clear,0.9370134999999999,0.5450004100000001,0.5450004100000001,r15,0.004925500000000138,data_preprocessor,on,observed_amplification,3dssd+dino,27.92969275013919,dino,0.15221693999999886,1.279296927501392
0.939249,0.6695620400000001,0.6695620400000001,clear,0.9370134999999999,0.5450004100000001,0.5450004100000001,r25,0.002235500000000057,data_preprocessor,on,observed_amplification,3dssd+dino,22.85532776021213,dino,0.12456162999999998,1.2285532776021213
0.9423345,0.8862953200000036,0.8862953200000036,clear,0.9370134999999999,0.5450004100000001,0.5450004100000001,r50,0.00532100000000002,data_preprocessor,on,observed_amplification,3dssd+dino,62.62287215527111,dino,0.34129491000000345,1.6262287215527111
0.930446,0.5435313999999996,0.5435313999999996,clear,0.9370134999999999,0.5450004100000001,0.5450004100000001,r7p5,-0.006567499999999948,data_preprocessor,on,observed_damping,3dssd+dino,-0.26954291649075035,dino,-0.001469010000000548,0.9973045708350925
12.8462,5.4819242999999975,5.4819242999999975,clear,12.9496805,4.1720699,4.1720699,r15,-0.10348049999999986,decoder,on,observed_amplification,3dssd+dino,31.3957922900572,dino,1.3098543999999972,1.313957922900572
12.83938,5.272509479999998,5.272509479999998,clear,12.9496805,4.1720699,4.1720699,r25,-0.11030049999999925,decoder,on,observed_amplification,3dssd+dino,26.376345707918226,dino,1.100439579999998,1.2637634570791823
12.870414,4.3195166700000005,4.3195166700000005,clear,12.9496805,4.1720699,4.1720699,r50,-0.07926649999999924,decoder,on,observed_amplification,3dssd+dino,3.5341394927251857,dino,0.14744677000000017,1.0353413949272519
12.948187,4.8526029499999925,4.8526029499999925,clear,12.9496805,4.1720699,4.1720699,r7p5,-0.0014934999999987042,decoder,on,observed_amplification,3dssd+dino,16.311640655876648,dino,0.6805330499999922,1.1631164065587665
34.51571250000001,8.022020699999995,8.022020699999995,clear,34.617153,6.756543829999998,6.756543829999998,r15,-0.10144049999999538,encoder,on,observed_amplification,3dssd+dino,18.72964790639118,dino,1.265476869999997,1.1872964790639118
34.9064845,7.468081730000005,7.468081730000005,clear,34.617153,6.756543829999998,6.756543829999998,r25,0.28933149999999586,encoder,on,observed_amplification,3dssd+dino,10.531092788012097,dino,0.7115379000000068,1.105310927880121
34.664865500000005,8.107661100000005,8.107661100000005,clear,34.617153,6.756543829999998,6.756543829999998,r50,0.04771250000000293,encoder,on,observed_amplification,3dssd+dino,19.99716576988455,dino,1.3511172700000067,1.1999716576988455
34.7624195,7.602203849999999,7.602203849999999,clear,34.617153,6.756543829999998,6.756543829999998,r7p5,0.1452664999999982,encoder,on,observed_amplification,3dssd+dino,12.516162719838375,dino,0.8456600200000004,1.1251616271983838
0.3662165,0.19130254999999985,0.19130254999999985,clear,0.36218649999999997,0.1890037200000001,0.1890037200000001,r15,0.0040300000000000336,neck,on,observed_amplification,3dssd+dino,1.2162882296706812,dino,0.002298829999999752,1.0121628822967068
0.377468,0.27489898999999995,0.27489898999999995,clear,0.36218649999999997,0.1890037200000001,0.1890037200000001,r25,0.015281500000000059,neck,on,observed_amplification,3dssd+dino,45.44633830487559,dino,0.08589526999999986,1.4544633830487559
0.3710335,0.1915555000000002,0.1915555000000002,clear,0.36218649999999997,0.1890037200000001,0.1890037200000001,r50,0.00884700000000005,neck,on,observed_amplification,3dssd+dino,1.3501215743267458,dino,0.0025517800000001145,1.0135012157432675
0.362512,0.17800189999999955,0.17800189999999955,clear,0.36218649999999997,0.1890037200000001,0.1890037200000001,r7p5,0.0003255000000000341,neck,on,observed_damping,3dssd+dino,-5.820954211906804,dino,-0.01100182000000055,0.941790457880932
0.3475555,0.33376588,0.33376588,clear,0.3324475,0.32583982,0.32583982,r15,0.01510800000000001,positional_encoding,on,observed_amplification,3dssd+dino,2.4325019575569318,dino,0.007926060000000013,1.0243250195755693
0.38387649999999995,0.35990056,0.35990056,clear,0.3324475,0.32583982,0.32583982,r25,0.05142899999999995,positional_encoding,on,observed_amplification,3dssd+dino,10.453215939046355,dino,0.03406073999999998,1.1045321593904636
0.34640150000000003,0.3362410500000003,0.3362410500000003,clear,0.3324475,0.32583982,0.32583982,r50,0.013954000000000022,positional_encoding,on,observed_amplification,3dssd+dino,3.192129801692234,dino,0.010401230000000317,1.0319212980169223
0.334708,0.31333185999999996,0.31333185999999996,clear,0.3324475,0.32583982,0.32583982,r7p5,0.0022604999999999986,positional_encoding,on,observed_damping,3dssd+dino,-3.8386836820619497,dino,-0.01250796000000004,0.9616131631793805
7.484722,3.494367200000001,3.494367200000001,clear,7.555597,2.933178800000002,2.933178800000002,r15,-0.07087500000000002,backbone,on,observed_amplification,3dssd+faster-rcnn,19.132430658506006,3dssd,0.5611883999999989,1.19132430658506
7.590208,2.6262281599999895,2.6262281599999895,clear,7.555597,2.933178800000002,2.933178800000002,r25,0.03461099999999995,backbone,on,observed_damping,3dssd+faster-rcnn,-10.464777667151159,3dssd,-0.3069506400000126,0.8953522233284884
7.517555,3.3228512999999955,3.3228512999999955,clear,7.555597,2.933178800000002,2.933178800000002,r50,-0.03804199999999991,backbone,on,observed_amplification,3dssd+faster-rcnn,13.284989650136335,3dssd,0.3896724999999934,1.1328498965013634
7.612598,2.835353359999999,2.835353359999999,clear,7.555597,2.933178800000002,2.933178800000002,r7p5,0.057001000000000523,backbone,on,observed_damping,3dssd+faster-rcnn,-3.3351338827350974,3dssd,-0.09782544000000293,0.966648661172649
42.381611,30.708763559999998,30.708763559999998,clear,42.962506,29.235475400000002,29.235475400000002,r15,-0.5808949999999982,bbox_head,on,observed_amplification,3dssd+faster-rcnn,5.0393849932058865,3dssd,1.4732881599999956,1.0503938499320589
42.608023,31.41325447999998,31.41325447999998,clear,42.962506,29.235475400000002,29.235475400000002,r25,-0.3544829999999948,bbox_head,on,observed_amplification,3dssd+faster-rcnn,7.449097544006356,3dssd,2.177779079999979,1.0744909754400636
42.405827,31.285326380000004,31.285326380000004,clear,42.962506,29.235475400000002,29.235475400000002,r50,-0.5566789999999955,bbox_head,on,observed_amplification,3dssd+faster-rcnn,7.011519231187191,3dssd,2.049850980000002,1.070115192311872
42.216046,27.848515919999997,27.848515919999997,clear,42.962506,29.235475400000002,29.235475400000002,r7p5,-0.746459999999999,bbox_head,on,observed_damping,3dssd+faster-rcnn,-4.744097576740636,3dssd,-1.3869594800000051,0.9525590242325936
0.252235,0.18301044,0.18301044,clear,0.250054,0.11305660000000037,0.11305660000000037,r15,0.0021809999999999885,data_preprocessor,on,observed_amplification,3dssd+faster-rcnn,61.87506081024849,3dssd,0.06995383999999963,1.618750608102485
0.25332,0.1336043199999999,0.1336043199999999,clear,0.250054,0.11305660000000037,0.11305660000000037,r25,0.003265999999999991,data_preprocessor,on,observed_amplification,3dssd+faster-rcnn,18.174719565243834,3dssd,0.02054771999999952,1.1817471956524384
0.251546,0.10513488000000001,0.10513488000000001,clear,0.250054,0.11305660000000037,0.11305660000000037,r50,0.0014919999999999933,data_preprocessor,on,observed_damping,3dssd+faster-rcnn,-7.006862049628526,3dssd,-0.007921720000000354,0.9299313795037147
0.250021,0.13672921999999998,0.13672921999999998,clear,0.250054,0.11305660000000037,0.11305660000000037,r7p5,-3.300000000000525e-05,data_preprocessor,on,observed_amplification,3dssd+faster-rcnn,20.93873334241392,3dssd,0.023672619999999617,1.2093873334241392
3.782608,2.5203195599999986,2.5203195599999986,clear,3.861024,2.5635008,2.5635008,r15,-0.07841599999999982,backbone,on,observed_damping,3dssd+faster-rcnn,-1.6844636834129845,faster-rcnn,-0.04318124000000134,0.9831553631658702
3.7150075,2.366125190000003,2.366125190000003,clear,3.861024,2.5635008,2.5635008,r25,-0.1460165,backbone,on,observed_damping,3dssd+faster-rcnn,-7.699455759873253,faster-rcnn,-0.19737560999999681,0.9230054424012675
3.7250855,2.9241328999999956,2.9241328999999956,clear,3.861024,2.5635008,2.5635008,r50,-0.13593849999999996,backbone,on,observed_amplification,3dssd+faster-rcnn,14.067953479866112,faster-rcnn,0.3606320999999957,1.1406795347986611
4.0032485,2.4863679499999995,2.4863679499999995,clear,3.861024,2.5635008,2.5635008,r7p5,0.14222449999999975,backbone,on,observed_damping,3dssd+faster-rcnn,-3.008887299742613,faster-rcnn,-0.07713285000000036,0.9699111270025739
1.10165,0.6384523599999998,0.6384523599999998,clear,1.126231,0.7299549999999998,0.7299549999999998,r15,-0.024580999999999964,data_preprocessor,on,observed_damping,3dssd+faster-rcnn,-12.53538094814064,faster-rcnn,-0.09150263999999997,0.8746461905185936
1.0721985,0.5033279399999999,0.5033279399999999,clear,1.126231,0.7299549999999998,0.7299549999999998,r25,-0.05403249999999993,data_preprocessor,on,observed_damping,3dssd+faster-rcnn,-31.046716578419208,faster-rcnn,-0.22662705999999988,0.6895328342158079
1.0565375000000001,0.6792956999999993,0.6792956999999993,clear,1.126231,0.7299549999999998,0.7299549999999998,r50,-0.06969349999999985,data_preprocessor,on,observed_damping,3dssd+faster-rcnn,-6.940057948777733,faster-rcnn,-0.05065930000000052,0.9305994205122227
1.1041175,0.7416405799999999,0.7416405799999999,clear,1.126231,0.7299549999999998,0.7299549999999998,r7p5,-0.022113499999999897,data_preprocessor,on,observed_amplification,3dssd+faster-rcnn,1.6008630669013924,faster-rcnn,0.011685580000000084,1.016008630669014
0.471167,0.27701819999999994,0.27701819999999994,clear,0.462448,0.30814507999999996,0.30814507999999996,r15,0.008718999999999977,neck,on,observed_damping,3dssd+faster-rcnn,-10.101371730484887,faster-rcnn,-0.031126880000000023,0.8989862826951511
0.47023349999999997,0.2618909100000002,0.2618909100000002,clear,0.462448,0.30814507999999996,0.30814507999999996,r25,0.007785499999999945,neck,on,observed_damping,3dssd+faster-rcnn,-15.010517123946865,faster-rcnn,-0.04625416999999976,0.8498948287605314
0.46231,0.33155554999999953,0.33155554999999953,clear,0.462448,0.30814507999999996,0.30814507999999996,r50,-0.000138000000000027,neck,on,observed_amplification,3dssd+faster-rcnn,7.5972233598536,faster-rcnn,0.023410469999999572,1.075972233598536
0.482318,0.27726524,0.27726524,clear,0.462448,0.30814507999999996,0.30814507999999996,r7p5,0.01987,neck,on,observed_damping,3dssd+faster-rcnn,-10.021201701484229,faster-rcnn,-0.030879839999999936,0.8997879829851577
5.468904,4.02570324,4.02570324,clear,5.288191,4.086241760000001,4.086241760000001,r15,0.1807129999999999,roi_head,on,observed_damping,3dssd+faster-rcnn,-1.4815207605337721,faster-rcnn,-0.060538520000000595,0.9851847923946623
5.096314,3.56469406,3.56469406,clear,5.288191,4.086241760000001,4.086241760000001,r25,-0.19187700000000074,roi_head,on,observed_damping,3dssd+faster-rcnn,-12.76350570114092,faster-rcnn,-0.5215477000000011,0.8723649429885908
5.330586,4.363009099999999,4.363009099999999,clear,5.288191,4.086241760000001,4.086241760000001,r50,0.04239499999999996,roi_head,on,observed_amplification,3dssd+faster-rcnn,6.7731513761436934,faster-rcnn,0.27676733999999836,1.067731513761437
5.461930499999999,3.9212370399999994,3.9212370399999994,clear,5.288191,4.086241760000001,4.086241760000001,r7p5,0.17373949999999905,roi_head,on,observed_damping,3dssd+faster-rcnn,-4.038055741469426,faster-rcnn,-0.16500472000000155,0.9596194425853057
27.067084,12.472498080000005,12.472498080000005,clear,28.626114,13.448948039999998,13.448948039999998,r15,-1.55903,rpn_head,on,observed_damping,3dssd+faster-rcnn,-7.26041886023967,faster-rcnn,-0.976449959999993,0.9273958113976033
27.931966,11.753343690000005,11.753343690000005,clear,28.626114,13.448948039999998,13.448948039999998,r25,-0.694148000000002,rpn_head,on,observed_damping,3dssd+faster-rcnn,-12.607709874087615,faster-rcnn,-1.6956043499999929,0.8739229012591239
27.058799,12.938070449999998,12.938070449999998,clear,28.626114,13.448948039999998,13.448948039999998,r50,-1.5673150000000007,rpn_head,on,observed_damping,3dssd+faster-rcnn,-3.7986434959860205,faster-rcnn,-0.5108775899999998,0.9620135650401398
27.599345,14.410546650000004,14.410546650000004,clear,28.626114,13.448948039999998,13.448948039999998,r7p5,-1.0267690000000016,rpn_head,on,observed_amplification,3dssd+faster-rcnn,7.149991264298228,faster-rcnn,0.9615986100000065,1.0714999126429823
7.675356,4.484599399999987,4.484599399999987,clear,7.6936095,4.32230962,4.32230962,r15,-0.018253500000000145,backbone,on,observed_amplification,3dssd+mask-rcnn,3.7547004788608174,3dssd,0.16228977999998673,1.0375470047886082
7.645611,4.6268756,4.6268756,clear,7.6936095,4.32230962,4.32230962,r25,-0.04799850000000028,backbone,on,observed_amplification,3dssd+mask-rcnn,7.046371194481882,3dssd,0.30456597999999957,1.0704637119448188
7.6095635,4.558597820000008,4.558597820000008,clear,7.6936095,4.32230962,4.32230962,r50,-0.08404599999999984,backbone,on,observed_amplification,3dssd+mask-rcnn,5.466711567969718,3dssd,0.23628820000000772,1.0546671156796972
8.2339295,3.9246790799999927,3.9246790799999927,clear,7.6936095,4.32230962,4.32230962,r7p5,0.5403200000000004,backbone,on,observed_damping,3dssd+mask-rcnn,-9.199492284405297,3dssd,-0.39763054000000775,0.908005077155947
55.182682,41.30730795999999,41.30730795999999,clear,55.919303,43.835645119999995,43.835645119999995,r15,-0.7366209999999995,bbox_head,on,observed_damping,3dssd+mask-rcnn,-5.767765372401135,3dssd,-2.5283371600000066,0.9423223462759887
56.239269,44.32793539999999,44.32793539999999,clear,55.919303,43.835645119999995,43.835645119999995,r25,0.31996600000000086,bbox_head,on,observed_amplification,3dssd+mask-rcnn,1.1230364664472248,3dssd,0.49229027999999175,1.0112303646644722
55.1565795,43.28254675000002,43.28254675000002,clear,55.919303,43.835645119999995,43.835645119999995,r50,-0.7627234999999999,bbox_head,on,observed_damping,3dssd+mask-rcnn,-1.2617548309962534,3dssd,-0.5530983699999723,0.9873824516900375
56.482338999999996,43.39410725999999,43.39410725999999,clear,55.919303,43.835645119999995,43.835645119999995,r7p5,0.5630359999999968,bbox_head,on,observed_damping,3dssd+mask-rcnn,-1.007257584076371,3dssd,-0.44153786000000395,0.9899274241592363
0.26305,0.16035199999999863,0.16035199999999863,clear,0.25853899999999996,0.13954400000000006,0.13954400000000006,r15,0.004511000000000043,data_preprocessor,on,observed_amplification,3dssd+mask-rcnn,14.911425786847566,3dssd,0.020807999999998578,1.1491142578684757
0.265089,0.1778737999999997,0.1778737999999997,clear,0.25853899999999996,0.13954400000000006,0.13954400000000006,r25,0.006550000000000056,data_preprocessor,on,observed_amplification,3dssd+mask-rcnn,27.46789543083159,3dssd,0.038329799999999636,1.274678954308316
0.255749,0.13106115000000038,0.13106115000000038,clear,0.25853899999999996,0.13954400000000006,0.13954400000000006,r50,-0.002789999999999959,data_preprocessor,on,observed_damping,3dssd+mask-rcnn,-6.0789786733931095,3dssd,-0.008482849999999681,0.9392102132660689
0.25553000000000003,0.16935882999999993,0.16935882999999993,clear,0.25853899999999996,0.13954400000000006,0.13954400000000006,r7p5,-0.0030089999999999284,data_preprocessor,on,observed_amplification,3dssd+mask-rcnn,21.365898927936612,3dssd,0.029814829999999876,1.213658989279366
3.802263,2.6107971600000037,2.6107971600000037,clear,3.7715794999999996,1.553180199999999,1.553180199999999,r15,0.030683500000000308,backbone,on,observed_amplification,3dssd+mask-rcnn,68.09364167789451,mask-rcnn,1.0576169600000047,1.6809364167789451
3.760318,2.252196849999994,2.252196849999994,clear,3.7715794999999996,1.553180199999999,1.553180199999999,r25,-0.011261499999999813,backbone,on,observed_amplification,3dssd+mask-rcnn,45.005508697573894,mask-rcnn,0.699016649999995,1.450055086975739
3.9929930000000002,2.21097935,2.21097935,clear,3.7715794999999996,1.553180199999999,1.553180199999999,r50,0.2214135000000006,backbone,on,observed_amplification,3dssd+mask-rcnn,42.351759956764944,mask-rcnn,0.6577991500000011,1.4235175995676494
3.690979,2.1673225799999956,2.1673225799999956,clear,3.7715794999999996,1.553180199999999,1.553180199999999,r7p5,-0.08060049999999963,backbone,on,observed_amplification,3dssd+mask-rcnn,39.54096118402725,mask-rcnn,0.6141423799999965,1.3954096118402726
1.062265,0.8099759200000028,0.8099759200000028,clear,1.079263,0.5667774999999995,0.5667774999999995,r15,-0.01699800000000007,data_preprocessor,on,observed_amplification,3dssd+mask-rcnn,42.90897574445061,mask-rcnn,0.24319842000000336,1.429089757444506
1.084632,0.5946987499999999,0.5946987499999999,clear,1.079263,0.5667774999999995,0.5667774999999995,r25,0.005368999999999957,data_preprocessor,on,observed_amplification,3dssd+mask-rcnn,4.926315882334853,mask-rcnn,0.027921250000000453,1.0492631588233485
1.100031,0.8173236999999994,0.8173236999999994,clear,1.079263,0.5667774999999995,0.5667774999999995,r50,0.020767999999999898,data_preprocessor,on,observed_amplification,3dssd+mask-rcnn,44.20538924004573,mask-rcnn,0.25054619999999994,1.4420538924004573
1.066387,0.6427376999999997,0.6427376999999997,clear,1.079263,0.5667774999999995,0.5667774999999995,r7p5,-0.01287600000000011,data_preprocessor,on,observed_amplification,3dssd+mask-rcnn,13.402119879494222,mask-rcnn,0.07596020000000026,1.1340211987949422
0.480386,0.40162092000000105,0.40162092000000105,clear,0.4721525,0.20001354999999998,0.20001354999999998,r15,0.008233500000000005,neck,on,observed_amplification,3dssd+mask-rcnn,100.79685601300565,mask-rcnn,0.20160737000000106,2.0079685601300565
0.481781,0.3306409999999999,0.3306409999999999,clear,0.4721525,0.20001354999999998,0.20001354999999998,r25,0.00962850000000004,neck,on,observed_amplification,3dssd+mask-rcnn,65.30930029490499,mask-rcnn,0.13062744999999992,1.6530930029490498
0.5041455,0.28027319999999944,0.28027319999999944,clear,0.4721525,0.20001354999999998,0.20001354999999998,r50,0.03199300000000005,neck,on,observed_amplification,3dssd+mask-rcnn,40.12710638854191,mask-rcnn,0.08025964999999946,1.401271063885419
0.478045,0.2268107799999997,0.2268107799999997,clear,0.4721525,0.20001354999999998,0.20001354999999998,r7p5,0.005892500000000023,neck,on,observed_amplification,3dssd+mask-rcnn,13.39770730532992,mask-rcnn,0.026797229999999728,1.1339770730532992
12.131048,7.285907560000002,7.285907560000002,clear,11.941794999999999,7.650145599999998,7.650145599999998,r15,0.18925300000000078,roi_head,on,observed_damping,3dssd+mask-rcnn,-4.76119095040487,mask-rcnn,-0.3642380399999965,0.9523880904959513
11.879354500000002,8.438788049999994,8.438788049999994,clear,11.941794999999999,7.650145599999998,7.650145599999998,r25,-0.062440499999997456,roi_head,on,observed_amplification,3dssd+mask-rcnn,10.308855428843033,mask-rcnn,0.7886424499999958,1.1030885542884303
11.721718,7.520033749999994,7.520033749999994,clear,11.941794999999999,7.650145599999998,7.650145599999998,r50,-0.22007699999999986,roi_head,on,observed_damping,3dssd+mask-rcnn,-1.7007761264047572,mask-rcnn,-0.13011185000000403,0.9829922387359524
11.931403,7.61272342,7.61272342,clear,11.941794999999999,7.650145599999998,7.650145599999998,r7p5,-0.010391999999999513,roi_head,on,observed_damping,3dssd+mask-rcnn,-0.489169513322707,mask-rcnn,-0.037422179999998306,0.9951083048667729
30.496706,15.261006079999998,15.261006079999998,clear,31.0442575,14.109945499999995,14.109945499999995,r15,-0.5475515000000009,rpn_head,on,observed_amplification,3dssd+mask-rcnn,8.157796073698531,mask-rcnn,1.1510605800000029,1.0815779607369853
31.1721655,13.006772349999999,13.006772349999999,clear,31.0442575,14.109945499999995,14.109945499999995,r25,0.1279079999999979,rpn_head,on,observed_damping,3dssd+mask-rcnn,-7.818408299309143,mask-rcnn,-1.1031731499999964,0.9218159170069086
30.440331,11.742520200000005,11.742520200000005,clear,31.0442575,14.109945499999995,14.109945499999995,r50,-0.6039265,rpn_head,on,observed_damping,3dssd+mask-rcnn,-16.77841562180372,mask-rcnn,-2.36742529999999,0.8322158437819628
30.92974,14.126179379999993,14.126179379999993,clear,31.0442575,14.109945499999995,14.109945499999995,r7p5,-0.1145175000000016,rpn_head,on,observed_amplification,3dssd+mask-rcnn,0.11505274772320995,mask-rcnn,0.016233879999997924,1.001150527477232
7.631818,4.35116035,4.35116035,clear,7.601801,5.053350139999999,5.053350139999999,r15,0.03001699999999996,backbone,on,observed_damping,3dssd+vit-upernet,-13.895530104707909,3dssd,-0.7021897899999994,0.8610446989529209
7.481885,4.308438800000002,4.308438800000002,clear,7.601801,5.053350139999999,5.053350139999999,r25,-0.11991599999999991,backbone,on,observed_damping,3dssd+vit-upernet,-14.740940551568372,3dssd,-0.7449113399999971,0.8525905944843163
7.579098,5.825833999999999,5.825833999999999,clear,7.601801,5.053350139999999,5.053350139999999,r50,-0.022702999999999918,backbone,on,observed_amplification,3dssd+vit-upernet,15.286569079893585,3dssd,0.7724838599999995,1.1528656907989359
7.533003,4.234650779999998,4.234650779999998,clear,7.601801,5.053350139999999,5.053350139999999,r7p5,-0.06879800000000014,backbone,on,observed_damping,3dssd+vit-upernet,-16.201120787565316,3dssd,-0.818699360000001,0.8379887921243468
42.130210000000005,33.63283196000003,33.63283196000003,clear,41.920315,34.91882606,34.91882606,r15,0.20989500000000305,bbox_head,on,observed_damping,3dssd+vit-upernet,-3.6828102347721603,3dssd,-1.285994099999968,0.9631718976522784
42.225634,34.45130300000001,34.45130300000001,clear,41.920315,34.91882606,34.91882606,r25,0.30531899999999723,bbox_head,on,observed_damping,3dssd+vit-upernet,-1.33888538863437,3dssd,-0.46752305999999066,0.9866111461136563
42.075714,31.680336999999994,31.680336999999994,clear,41.920315,34.91882606,34.91882606,r50,0.15539899999999562,bbox_head,on,observed_damping,3dssd+vit-upernet,-9.274335438526492,3dssd,-3.2384890600000062,0.9072566456147351
42.066523,32.058069479999986,32.058069479999986,clear,41.920315,34.91882606,34.91882606,r7p5,0.14620799999999434,bbox_head,on,observed_damping,3dssd+vit-upernet,-8.192590939582157,3dssd,-2.8607565800000145,0.9180740906041784
0.25382150000000003,0.11242361000000003,0.11242361000000003,clear,0.256794,0.1258497799999997,0.1258497799999997,r15,-0.002972499999999989,data_preprocessor,on,observed_damping,3dssd+vit-upernet,-10.668409591180605,3dssd,-0.013426169999999654,0.893315904088194
0.252509,0.11969630000000003,0.11969630000000003,clear,0.256794,0.1258497799999997,0.1258497799999997,r25,-0.004285000000000039,data_preprocessor,on,observed_damping,3dssd+vit-upernet,-4.889543708379684,3dssd,-0.006153479999999656,0.9511045629162032
0.256216,0.11677451999999997,0.11677451999999997,clear,0.256794,0.1258497799999997,0.1258497799999997,r50,-0.0005780000000000229,data_preprocessor,on,observed_damping,3dssd+vit-upernet,-7.211184636158874,3dssd,-0.009075259999999724,0.9278881536384113
0.25189,0.10641363999999992,0.10641363999999992,clear,0.256794,0.1258497799999997,0.1258497799999997,r7p5,-0.0049040000000000195,data_preprocessor,on,observed_damping,3dssd+vit-upernet,-15.443920521752052,3dssd,-0.01943613999999977,0.8455607947824795
7.538007,3.4233420500000005,3.4233420500000005,clear,7.64926,2.247423649999999,2.247423649999999,r15,-0.1112529999999996,backbone,on,observed_amplification,3dssd+vit-upernet,52.32295210562556,vit-upernet,1.1759184000000014,1.5232295210562556
7.6514775,3.637783939999996,3.637783939999996,clear,7.64926,2.247423649999999,2.247423649999999,r25,0.0022175000000004275,backbone,on,observed_amplification,3dssd+vit-upernet,61.864628415741606,vit-upernet,1.3903602899999967,1.618646284157416
7.672032,2.642767760000001,2.642767760000001,clear,7.64926,2.247423649999999,2.247423649999999,r50,0.022771999999999792,backbone,on,observed_amplification,3dssd+vit-upernet,17.590991800767153,vit-upernet,0.3953441100000017,1.1759099180076715
7.682084,3.6315621200000017,3.6315621200000017,clear,7.64926,2.247423649999999,2.247423649999999,r7p5,0.03282399999999974,backbone,on,observed_amplification,3dssd+vit-upernet,61.587786085636466,vit-upernet,1.3841384700000026,1.6158778608563646
0.41123699999999996,0.3419131499999999,0.3419131499999999,clear,0.421157,0.21816189999999996,0.21816189999999996,r15,-0.00992000000000004,data_preprocessor,on,observed_amplification,3dssd+vit-upernet,56.72450139093945,vit-upernet,0.12375124999999992,1.5672450139093945
0.4256395,0.21828912999999983,0.21828912999999983,clear,0.421157,0.21816189999999996,0.21816189999999996,r25,0.0044825,data_preprocessor,on,observed_amplification,3dssd+vit-upernet,0.05831907404540981,vit-upernet,0.00012722999999986717,1.000583190740454
0.425997,0.47720887999999995,0.47720887999999995,clear,0.421157,0.21816189999999996,0.21816189999999996,r50,0.004840000000000011,data_preprocessor,on,observed_amplification,3dssd+vit-upernet,118.74070587027342,vit-upernet,0.25904698,2.187407058702734
0.436604,0.40207652000000005,0.40207652000000005,clear,0.421157,0.21816189999999996,0.21816189999999996,r7p5,0.015446999999999989,data_preprocessor,on,observed_amplification,3dssd+vit-upernet,84.301896894004,vit-upernet,0.18391462000000008,1.84301896894004
1.9018195000000002,0.8991372499999997,0.8991372499999997,clear,1.9436594999999999,0.5947734499999999,0.5947734499999999,r15,-0.041839999999999655,decode_head,on,observed_amplification,3dssd+vit-upernet,51.17306429868378,vit-upernet,0.30436379999999974,1.5117306429868378
1.90622,0.985179919999998,0.985179919999998,clear,1.9436594999999999,0.5947734499999999,0.5947734499999999,r25,-0.03743949999999985,decode_head,on,observed_amplification,3dssd+vit-upernet,65.63952543611322,vit-upernet,0.39040646999999806,1.6563952543611322
1.927864,0.7598832399999997,0.7598832399999997,clear,1.9436594999999999,0.5947734499999999,0.5947734499999999,r50,-0.01579549999999985,decode_head,on,observed_amplification,3dssd+vit-upernet,27.760114376322598,vit-upernet,0.1651097899999998,1.277601143763226
1.9424545,0.6436421900000007,0.6436421900000007,clear,1.9436594999999999,0.5947734499999999,0.5947734499999999,r7p5,-0.0012049999999999006,decode_head,on,observed_amplification,3dssd+vit-upernet,8.216362045077963,vit-upernet,0.04886874000000074,1.0821636204507796
0.563852,0.29591665,0.29591665,clear,0.571725,0.24527404999999997,0.24527404999999997,r15,-0.007873000000000019,neck,on,observed_amplification,3dssd+vit-upernet,20.647353439958295,vit-upernet,0.05064260000000004,1.206473534399583
0.57005,0.31632538999999965,0.31632538999999965,clear,0.571725,0.24527404999999997,0.24527404999999997,r25,-0.001675000000000093,neck,on,observed_amplification,3dssd+vit-upernet,28.96814400055763,vit-upernet,0.07105133999999969,1.2896814400055763
0.58341,0.2600184,0.2600184,clear,0.571725,0.24527404999999997,0.24527404999999997,r50,0.011684999999999945,neck,on,observed_amplification,3dssd+vit-upernet,6.011377885267533,vit-upernet,0.014744350000000017,1.0601137788526753
0.5755295,0.3019940200000004,0.3019940200000004,clear,0.571725,0.24527404999999997,0.24527404999999997,r7p5,0.0038044999999999884,neck,on,observed_amplification,3dssd+vit-upernet,23.1251410412151,vit-upernet,0.05671997000000045,1.231251410412151
6.459277,2.704032300000012,2.704032300000012,clear,6.458469,2.3580359999999967,2.3580359999999967,r15,0.0008080000000001419,backbone,on,observed_amplification,3dssd+yolov3,14.673071149041661,3dssd,0.34599630000001547,1.1467307114904166
7.553224,3.6820784200000167,3.6820784200000167,clear,6.458469,2.3580359999999967,2.3580359999999967,r25,1.0947550000000001,backbone,on,observed_amplification,3dssd+yolov3,56.150220776952594,3dssd,1.32404242000002,1.561502207769526
7.735047,2.586436919999965,2.586436919999965,clear,6.458469,2.3580359999999967,2.3580359999999967,r50,1.2765779999999998,backbone,on,observed_amplification,3dssd+yolov3,9.686065861588578,3dssd,0.22840091999996837,1.0968606586158858
7.470965,3.6586525000000067,3.6586525000000067,clear,6.458469,2.3580359999999967,2.3580359999999967,r7p5,1.0124959999999996,backbone,on,observed_amplification,3dssd+yolov3,55.15677029528015,3dssd,1.30061650000001,1.5515677029528014
34.097084,16.1408057,16.1408057,clear,34.237595,6.437858199999997,6.437858199999997,r15,-0.1405109999999965,bbox_head,on,observed_amplification,3dssd+yolov3,150.71701175400244,3dssd,9.702947500000004,2.5071701175400243
34.195012,7.290996340000003,7.290996340000003,clear,34.237595,6.437858199999997,6.437858199999997,r25,-0.04258300000000048,bbox_head,on,observed_amplification,3dssd+yolov3,13.251893929568158,3dssd,0.8531381400000058,1.1325189392956816
33.787321,7.552994999999996,7.552994999999996,clear,34.237595,6.437858199999997,6.437858199999997,r50,-0.4502740000000003,bbox_head,on,observed_amplification,3dssd+yolov3,17.32154957995189,3dssd,1.1151367999999984,1.173215495799519
34.2698125,17.037241650000006,17.037241650000006,clear,34.237595,6.437858199999997,6.437858199999997,r7p5,0.032217500000001564,bbox_head,on,observed_amplification,3dssd+yolov3,164.64145560087067,3dssd,10.599383450000008,2.6464145560087067
0.2557435,0.11624465000000003,0.11624465000000003,clear,0.256334,0.13218999999999992,0.13218999999999992,r15,-0.0005904999999999938,data_preprocessor,on,observed_damping,3dssd+yolov3,-12.06244799152727,3dssd,-0.015945349999999886,0.8793755200847273
0.26911,0.12123334,0.12123334,clear,0.256334,0.13218999999999992,0.13218999999999992,r25,0.01277600000000001,data_preprocessor,on,observed_damping,3dssd+yolov3,-8.288569483319408,3dssd,-0.010956659999999924,0.9171143051668059
0.270985,0.10494195999999989,0.10494195999999989,clear,0.256334,0.13218999999999992,0.13218999999999992,r50,0.01465099999999997,data_preprocessor,on,observed_damping,3dssd+yolov3,-20.61278462818673,3dssd,-0.02724804000000003,0.7938721537181327
0.2701785,0.11958875000000002,0.11958875000000002,clear,0.256334,0.13218999999999992,0.13218999999999992,r7p5,0.013844499999999982,data_preprocessor,on,observed_damping,3dssd+yolov3,-9.532680232997881,3dssd,-0.012601249999999897,0.9046731976700212
4.14328,3.15694756,3.15694756,clear,4.170844,3.0445075199999994,3.0445075199999994,r15,-0.027563999999999922,backbone,on,observed_amplification,3dssd+yolov3,3.693209468571146,yolov3,0.11244004000000052,1.0369320946857115
4.157641,2.9429287199999994,2.9429287199999994,clear,4.170844,3.0445075199999994,3.0445075199999994,r25,-0.013202999999999854,backbone,on,observed_damping,3dssd+yolov3,-3.336460801384389,yolov3,-0.10157879999999997,0.9666353919861561
4.320958,2.9086814999999997,2.9086814999999997,clear,4.170844,3.0445075199999994,3.0445075199999994,r50,0.1501140000000003,backbone,on,observed_damping,3dssd+yolov3,-4.4613461818612805,yolov3,-0.13582601999999966,0.9553865381813872
4.297121,2.99087652,2.99087652,clear,4.170844,3.0445075199999994,3.0445075199999994,r7p5,0.12627699999999997,backbone,on,observed_damping,3dssd+yolov3,-1.7615656932257862,yolov3,-0.05363099999999932,0.9823843430677421
3.898639,5.0380119599999995,5.0380119599999995,clear,3.545578,4.340363999999999,4.340363999999999,r15,0.3530610000000003,bbox_head,on,observed_amplification,3dssd+yolov3,16.073489688883246,yolov3,0.6976479600000003,1.1607348968888325
3.934619,4.590508079999999,4.590508079999999,clear,3.545578,4.340363999999999,4.340363999999999,r25,0.3890410000000002,bbox_head,on,observed_amplification,3dssd+yolov3,5.763205113672498,yolov3,0.2501440800000001,1.057632051136725
3.801126,4.602168149999999,4.602168149999999,clear,3.545578,4.340363999999999,4.340363999999999,r50,0.2555480000000001,bbox_head,on,observed_amplification,3dssd+yolov3,6.031847789724543,yolov3,0.2618041499999997,1.0603184778972454
3.711425,5.13364072,5.13364072,clear,3.545578,4.340363999999999,4.340363999999999,r7p5,0.1658470000000003,bbox_head,on,observed_amplification,3dssd+yolov3,18.27673255054185,yolov3,0.7932767200000006,1.1827673255054185
0.795161,0.55647556,0.55647556,clear,0.818732,0.5689089599999999,0.5689089599999999,r15,-0.02357100000000001,data_preprocessor,on,observed_damping,3dssd+yolov3,-2.1854814872312667,yolov3,-0.012433399999999928,0.9781451851276873
0.764182,0.7036925199999995,0.7036925199999995,clear,0.818732,0.5689089599999999,0.5689089599999999,r25,-0.05454999999999999,data_preprocessor,on,observed_amplification,3dssd+yolov3,23.691586787453577,yolov3,0.13478355999999958,1.2369158678745358
0.8062705,0.8289332499999961,0.8289332499999961,clear,0.818732,0.5689089599999999,0.5689089599999999,r50,-0.012461500000000014,data_preprocessor,on,observed_amplification,3dssd+yolov3,45.70578216943466,yolov3,0.26002428999999616,1.4570578216943466
0.821156,0.44926699999999975,0.44926699999999975,clear,0.818732,0.5689089599999999,0.5689089599999999,r7p5,0.0024239999999999817,data_preprocessor,on,observed_damping,3dssd+yolov3,-21.030071314046484,yolov3,-0.11964196000000016,0.7896992868595352
1.267682,0.95729672,0.95729672,clear,1.266144,0.8723596799999997,0.8723596799999997,r15,0.0015380000000000393,neck,on,observed_amplification,3dssd+yolov3,9.736470167901423,yolov3,0.08493704000000024,1.0973647016790142
1.298692,0.9750537600000002,0.9750537600000002,clear,1.266144,0.8723596799999997,0.8723596799999997,r25,0.03254800000000002,neck,on,observed_amplification,3dssd+yolov3,11.77198836149791,yolov3,0.10269408000000046,1.117719883614979
1.3267415,0.8971934499999996,0.8971934499999996,clear,1.266144,0.8723596799999997,0.8723596799999997,r50,0.06059750000000008,neck,on,observed_amplification,3dssd+yolov3,2.8467351906956484,yolov3,0.024833769999999866,1.0284673519069565
1.297469,0.8907390399999997,0.8907390399999997,clear,1.266144,0.8723596799999997,0.8723596799999997,r7p5,0.03132500000000005,neck,on,observed_amplification,3dssd+yolov3,2.106855740971425,yolov3,0.018379359999999956,1.0210685574097143
119.43372,52.65951556,52.65951556,clear,126.70407900000001,53.009863249999995,53.009863249999995,r15,-7.270359000000013,data_preprocessor,on,observed_damping,centerpoint+deeplabv3plus,-0.6609103825597873,centerpoint,-0.35034768999999244,0.9933908961744021
121.930766,50.247145939999996,50.247145939999996,clear,126.70407900000001,53.009863249999995,53.009863249999995,r25,-4.773313000000002,data_preprocessor,on,observed_damping,centerpoint+deeplabv3plus,-5.211704276562157,centerpoint,-2.7627173099999993,0.9478829572343784
119.6056905,52.86325676999999,52.86325676999999,clear,126.70407900000001,53.009863249999995,53.009863249999995,r50,-7.098388500000013,data_preprocessor,on,observed_damping,centerpoint+deeplabv3plus,-0.27656453160158634,centerpoint,-0.14660648000000265,0.9972343546839841
118.52074400000001,53.37654444999998,53.37654444999998,clear,126.70407900000001,53.009863249999995,53.009863249999995,r7p5,-8.183335,data_preprocessor,on,observed_amplification,centerpoint+deeplabv3plus,0.6917225918329217,centerpoint,0.36668119999998794,1.0069172259183292
0.9216709999999999,0.1319395499999998,0.1319395499999998,clear,0.929703,0.24213874999999985,0.24213874999999985,r15,-0.008032000000000039,pts_backbone,on,observed_damping,centerpoint+deeplabv3plus,-45.51076603806706,centerpoint,-0.11019920000000005,0.5448923396193294
0.92924,0.23690186000000035,0.23690186000000035,clear,0.929703,0.24213874999999985,0.24213874999999985,r25,-0.0004629999999999912,pts_backbone,on,observed_damping,centerpoint+deeplabv3plus,-2.1627641176802492,centerpoint,-0.0052368899999994944,0.9783723588231975
0.925377,0.16735623999999938,0.16735623999999938,clear,0.929703,0.24213874999999985,0.24213874999999985,r50,-0.004325999999999941,pts_backbone,on,observed_damping,centerpoint+deeplabv3plus,-30.884156294686626,centerpoint,-0.07478251000000047,0.6911584370531337
0.940954,0.24546393999999994,0.24546393999999994,clear,0.929703,0.24213874999999985,0.24213874999999985,r7p5,0.011251000000000011,pts_backbone,on,observed_amplification,centerpoint+deeplabv3plus,1.3732581009855194,centerpoint,0.003325190000000089,1.0137325810098552
39.7514475,44.946277229999936,44.946277229999936,clear,50.875825,53.78130125,53.78130125,r15,-11.124377500000001,pts_bbox_head,on,observed_damping,centerpoint+deeplabv3plus,-16.42768734607377,centerpoint,-8.835024020000063,0.8357231265392623
48.284953,60.12434468000002,60.12434468000002,clear,50.875825,53.78130125,53.78130125,r25,-2.5908719999999974,pts_bbox_head,on,observed_amplification,centerpoint+deeplabv3plus,11.794142727255075,centerpoint,6.343043430000023,1.1179414272725507
48.429421500000004,56.65560044999999,56.65560044999999,clear,50.875825,53.78130125,53.78130125,r50,-2.4464034999999953,pts_bbox_head,on,observed_amplification,centerpoint+deeplabv3plus,5.344421077948525,centerpoint,2.8742991999999887,1.0534442107794852
50.661232,52.48365036999998,52.48365036999998,clear,50.875825,53.78130125,53.78130125,r7p5,-0.2145930000000007,pts_bbox_head,on,observed_damping,centerpoint+deeplabv3plus,-2.412829087135593,centerpoint,-1.2976508800000204,0.9758717091286441
18.790892499999998,34.37022556999999,34.37022556999999,clear,20.0372845,34.77664125,34.77664125,r15,-1.2463920000000002,pts_middle_encoder,on,observed_damping,centerpoint+deeplabv3plus,-1.1686455775829385,centerpoint,-0.40641568000000916,0.9883135442241706
22.107475,34.28909656,34.28909656,clear,20.0372845,34.77664125,34.77664125,r25,2.0701905000000025,pts_middle_encoder,on,observed_damping,centerpoint+deeplabv3plus,-1.4019315048143133,centerpoint,-0.48754469,0.9859806849518569
21.430659,34.39206856,34.39206856,clear,20.0372845,34.77664125,34.77664125,r50,1.3933745000000002,pts_middle_encoder,on,observed_damping,centerpoint+deeplabv3plus,-1.1058362055018756,centerpoint,-0.38457268999999883,0.9889416379449812
19.700435,35.46990294,35.46990294,clear,20.0372845,34.77664125,34.77664125,r7p5,-0.3368494999999996,pts_middle_encoder,on,observed_amplification,centerpoint+deeplabv3plus,1.9934693664529712,centerpoint,0.6932616899999999,1.0199346936645297
0.2514505,0.06104221999999976,0.06104221999999976,clear,0.25505350000000004,0.09699925000000001,0.09699925000000001,r15,-0.003603000000000023,pts_neck,on,observed_damping,centerpoint+deeplabv3plus,-37.06938971177638,centerpoint,-0.03595703000000025,0.6293061028822362
0.254532,0.0635568200000001,0.0635568200000001,clear,0.25505350000000004,0.09699925000000001,0.09699925000000001,r25,-0.0005215000000000636,pts_neck,on,observed_damping,centerpoint+deeplabv3plus,-34.47699853349372,centerpoint,-0.03344242999999991,0.6552300146650628
0.2600025,0.05765202999999994,0.05765202999999994,clear,0.25505350000000004,0.09699925000000001,0.09699925000000001,r50,0.004948999999999981,pts_neck,on,observed_damping,centerpoint+deeplabv3plus,-40.564457972613255,centerpoint,-0.03934722000000007,0.5943554202738675
0.260458,0.09602937999999991,0.09602937999999991,clear,0.25505350000000004,0.09699925000000001,0.09699925000000001,r7p5,0.005404499999999979,pts_neck,on,observed_damping,centerpoint+deeplabv3plus,-0.9998737103638411,centerpoint,-0.0009698700000000948,0.9900012628963616
0.091297,0.020614030000000005,0.020614030000000005,clear,0.092714,0.04123299999999999,0.04123299999999999,r15,-0.0014170000000000016,pts_voxel_encoder,on,observed_damping,centerpoint+deeplabv3plus,-50.00599034753714,centerpoint,-0.020618969999999986,0.49994009652462856
0.092458,0.041806060000000186,0.041806060000000186,clear,0.092714,0.04123299999999999,0.04123299999999999,r25,-0.0002560000000000062,pts_voxel_encoder,on,observed_amplification,centerpoint+deeplabv3plus,1.3898091334615392,centerpoint,0.0005730600000001945,1.0138980913346154
0.0949015,0.023765889999999956,0.023765889999999956,clear,0.092714,0.04123299999999999,0.04123299999999999,r50,0.002187499999999995,pts_voxel_encoder,on,observed_damping,centerpoint+deeplabv3plus,-42.36196735624388,centerpoint,-0.017467110000000036,0.5763803264375612
0.094549,0.0397885199999998,0.0397885199999998,clear,0.092714,0.04123299999999999,0.04123299999999999,r7p5,0.0018349999999999894,pts_voxel_encoder,on,observed_damping,centerpoint+deeplabv3plus,-3.503213445541664,centerpoint,-0.0014444800000001923,0.9649678655445834
5.0661995,3.1557639900000014,3.1557639900000014,clear,5.282576,1.9404318800000002,1.9404318800000002,r15,-0.21637649999999997,backbone,on,observed_amplification,centerpoint+deeplabv3plus,62.6320419967539,deeplabv3plus,1.2153321100000012,1.626320419967539
5.150124,2.408513159999999,2.408513159999999,clear,5.282576,1.9404318800000002,1.9404318800000002,r25,-0.1324519999999998,backbone,on,observed_amplification,centerpoint+deeplabv3plus,24.122530907913074,deeplabv3plus,0.46808127999999893,1.2412253090791308
5.016019,2.6229650400000004,2.6229650400000004,clear,5.282576,1.9404318800000002,1.9404318800000002,r50,-0.2665569999999997,backbone,on,observed_amplification,centerpoint+deeplabv3plus,35.17429119954472,deeplabv3plus,0.6825331600000002,1.3517429119954472
5.2639815,3.39969099,3.39969099,clear,5.282576,1.9404318800000002,1.9404318800000002,r7p5,-0.018594499999999847,backbone,on,observed_amplification,centerpoint+deeplabv3plus,75.20280021373384,deeplabv3plus,1.4592591099999996,1.7520280021373384
0.5224195,0.5043343600000002,0.5043343600000002,clear,0.533999,0.44042839999999994,0.44042839999999994,r15,-0.011579499999999965,data_preprocessor,on,observed_amplification,centerpoint+deeplabv3plus,14.509954398944359,deeplabv3plus,0.06390596000000026,1.1450995439894436
0.537397,0.47639623999999997,0.47639623999999997,clear,0.533999,0.44042839999999994,0.44042839999999994,r25,0.003398000000000012,data_preprocessor,on,observed_amplification,centerpoint+deeplabv3plus,8.16655783323692,deeplabv3plus,0.03596784000000003,1.0816655783323692
0.52548,0.37299131999999996,0.37299131999999996,clear,0.533999,0.44042839999999994,0.44042839999999994,r50,-0.008519000000000054,data_preprocessor,on,observed_damping,centerpoint+deeplabv3plus,-15.311701061966032,deeplabv3plus,-0.06743707999999998,0.8468829893803397
0.5320590000000001,0.43914412,0.43914412,clear,0.533999,0.44042839999999994,0.44042839999999994,r7p5,-0.0019399999999999418,data_preprocessor,on,observed_damping,centerpoint+deeplabv3plus,-0.2915979078551456,deeplabv3plus,-0.0012842799999999155,0.9970840209214485
1.5062929999999999,0.9845016799999999,0.9845016799999999,clear,1.558163,0.7894985599999997,0.7894985599999997,r15,-0.05187000000000008,decode_head,on,observed_amplification,centerpoint+deeplabv3plus,24.699616931536927,deeplabv3plus,0.1950031200000002,1.2469961693153693
1.485282,0.86701224,0.86701224,clear,1.558163,0.7894985599999997,0.7894985599999997,r25,-0.07288099999999997,decode_head,on,observed_amplification,centerpoint+deeplabv3plus,9.818090105192878,deeplabv3plus,0.07751368000000025,1.0981809010519288
1.483371,0.65931044,0.65931044,clear,1.558163,0.7894985599999997,0.7894985599999997,r50,-0.07479199999999997,decode_head,on,observed_damping,centerpoint+deeplabv3plus,-16.48997561186175,deeplabv3plus,-0.13018811999999969,0.8351002438813825
1.53259,1.1185516500000001,1.1185516500000001,clear,1.558163,0.7894985599999997,0.7894985599999997,r7p5,-0.025573000000000068,decode_head,on,observed_amplification,centerpoint+deeplabv3plus,41.67874479720399,deeplabv3plus,0.3290530900000004,1.41678744797204
101.904985,38.064732199999995,38.064732199999995,clear,111.563195,35.17100149999999,35.17100149999999,r15,-9.658209999999997,data_preprocessor,on,observed_amplification,centerpoint+detr,8.227603925353133,centerpoint,2.893730700000006,1.0822760392535313
102.8180025,38.73755726000002,38.73755726000002,clear,111.563195,35.17100149999999,35.17100149999999,r25,-8.745192499999987,data_preprocessor,on,observed_amplification,centerpoint+detr,10.140614733419028,centerpoint,3.5665557600000284,1.1014061473341903
101.726884,37.3698634,37.3698634,clear,111.563195,35.17100149999999,35.17100149999999,r50,-9.836310999999995,data_preprocessor,on,observed_amplification,centerpoint+detr,6.251917222203662,centerpoint,2.1988619000000114,1.0625191722220366
102.1570395,38.44979717000001,38.44979717000001,clear,111.563195,35.17100149999999,35.17100149999999,r7p5,-9.406155499999997,data_preprocessor,on,observed_amplification,centerpoint+detr,9.322440448561075,centerpoint,3.2787956700000223,1.0932244044856108
0.927179,0.19692900000000024,0.19692900000000024,clear,0.916425,0.31538990000000044,0.31538990000000044,r15,0.01075399999999993,pts_backbone,on,observed_damping,centerpoint+detr,-37.56014380929764,centerpoint,-0.1184609000000002,0.6243985619070236
0.930383,0.22655190000000025,0.22655190000000025,clear,0.916425,0.31538990000000044,0.31538990000000044,r25,0.013957999999999915,pts_backbone,on,observed_damping,centerpoint+detr,-28.167674361163776,centerpoint,-0.0888380000000002,0.7183232563883623
0.912979,0.18056523999999985,0.18056523999999985,clear,0.916425,0.31538990000000044,0.31538990000000044,r50,-0.00344600000000006,pts_backbone,on,observed_damping,centerpoint+detr,-42.748566139879685,centerpoint,-0.1348246600000006,0.5725143386012032
0.9245540000000001,0.18639705000000018,0.18639705000000018,clear,0.916425,0.31538990000000044,0.31538990000000044,r7p5,0.008129000000000053,pts_backbone,on,observed_damping,centerpoint+detr,-40.89948663543128,centerpoint,-0.12899285000000027,0.5910051336456872
35.295856,22.370919400000005,22.370919400000005,clear,33.496482,22.517080100000005,22.517080100000005,r15,1.7993740000000003,pts_bbox_head,on,observed_damping,centerpoint+detr,-0.6491103613385452,centerpoint,-0.14616069999999937,0.9935088963866145
34.095181,22.124644430000004,22.124644430000004,clear,33.496482,22.517080100000005,22.517080100000005,r25,0.5986989999999963,pts_bbox_head,on,observed_damping,centerpoint+detr,-1.7428355197794954,centerpoint,-0.3924356700000011,0.982571644802205
30.520529,21.443435639999997,21.443435639999997,clear,33.496482,22.517080100000005,22.517080100000005,r50,-2.9759530000000005,pts_bbox_head,on,observed_damping,centerpoint+detr,-4.768133591175561,centerpoint,-1.0736444600000077,0.9523186640882444
33.992343500000004,21.767012450000006,21.767012450000006,clear,33.496482,22.517080100000005,22.517080100000005,r7p5,0.49586150000000373,pts_bbox_head,on,observed_damping,centerpoint+detr,-3.331105306144899,centerpoint,-0.7500676499999983,0.966688946938551
17.008288,14.969526600000002,14.969526600000002,clear,17.072844,14.3940633,14.3940633,r15,-0.06455599999999961,pts_middle_encoder,on,observed_amplification,centerpoint+detr,3.99792114294788,centerpoint,0.5754633000000027,1.0399792114294788
17.021237499999998,14.801407460000002,14.801407460000002,clear,17.072844,14.3940633,14.3940633,r25,-0.05160650000000189,pts_middle_encoder,on,observed_amplification,centerpoint+detr,2.8299455929167827,centerpoint,0.40734416000000273,1.0282994559291678
16.693477,14.377662639999999,14.377662639999999,clear,17.072844,14.3940633,14.3940633,r50,-0.37936699999999846,pts_middle_encoder,on,observed_damping,centerpoint+detr,-0.11394044654506885,centerpoint,-0.0164006600000004,0.9988605955345493
16.790022999999998,14.390721700000002,14.390721700000002,clear,17.072844,14.3940633,14.3940633,r7p5,-0.282821000000002,pts_middle_encoder,on,observed_damping,centerpoint+detr,-0.02321512647507351,centerpoint,-0.003341599999997058,0.9997678487352493
0.257749,0.09183500000000014,0.09183500000000014,clear,0.251411,0.16704590000000052,0.16704590000000052,r15,0.00633800000000001,pts_neck,on,observed_damping,centerpoint+detr,-45.02409218065223,centerpoint,-0.07521090000000039,0.5497590781934777
0.2537395,0.10492501000000004,0.10492501000000004,clear,0.251411,0.16704590000000052,0.16704590000000052,r25,0.002328500000000011,pts_neck,on,observed_damping,centerpoint+detr,-37.18791661453545,centerpoint,-0.062120890000000484,0.6281208338546455
0.247593,0.09861248,0.09861248,clear,0.251411,0.16704590000000052,0.16704590000000052,r50,-0.003817999999999988,pts_neck,on,observed_damping,centerpoint+detr,-40.96683606122647,centerpoint,-0.06843342000000052,0.5903316393877353
0.2534995,0.0763548000000002,0.0763548000000002,clear,0.251411,0.16704590000000052,0.16704590000000052,r7p5,0.002088499999999993,pts_neck,on,observed_damping,centerpoint+detr,-54.29112597196342,centerpoint,-0.09069110000000033,0.4570887402803658
0.091817,0.03766940000000003,0.03766940000000003,clear,0.0935,0.03459060000000001,0.03459060000000001,r15,-0.001683000000000004,pts_voxel_encoder,on,observed_amplification,centerpoint+detr,8.900684000855774,centerpoint,0.0030788000000000204,1.0890068400085577
0.094203,0.04916658000000003,0.04916658000000003,clear,0.0935,0.03459060000000001,0.03459060000000001,r25,0.0007029999999999953,pts_voxel_encoder,on,observed_amplification,centerpoint+detr,42.13855787410456,centerpoint,0.014575980000000016,1.4213855787410457
0.091858,0.0431302399999999,0.0431302399999999,clear,0.0935,0.03459060000000001,0.03459060000000001,r50,-0.0016420000000000046,pts_voxel_encoder,on,observed_amplification,centerpoint+detr,24.687747538348237,centerpoint,0.00853963999999989,1.2468774753834824
0.091053,0.03082337000000003,0.03082337000000003,clear,0.0935,0.03459060000000001,0.03459060000000001,r7p5,-0.0024470000000000047,pts_voxel_encoder,on,observed_damping,centerpoint+detr,-10.890906778141984,centerpoint,-0.0037672299999999825,0.8910909322185802
3.779465,2.27897632,2.27897632,clear,3.829849,2.33446396,2.33446396,r15,-0.05038399999999976,backbone,on,observed_damping,centerpoint+detr,-2.376889982058239,detr,-0.05548763999999995,0.9762311001794176
3.759482,2.095952199999999,2.095952199999999,clear,3.829849,2.33446396,2.33446396,r25,-0.07036699999999962,backbone,on,observed_damping,centerpoint+detr,-10.2169818890672,detr,-0.23851176000000107,0.897830181109328
3.995413,2.2964365599999996,2.2964365599999996,clear,3.829849,2.33446396,2.33446396,r50,0.16556400000000027,backbone,on,observed_damping,centerpoint+detr,-1.6289563964825726,detr,-0.03802740000000027,0.9837104360351743
3.863085,2.1078114100000005,2.1078114100000005,clear,3.829849,2.33446396,2.33446396,r7p5,0.03323600000000004,backbone,on,observed_damping,centerpoint+detr,-9.708976188263762,detr,-0.2266525499999994,0.9029102381173624
15.879314,50.58339624,50.58339624,clear,17.781527,57.449993559999996,57.449993559999996,r15,-1.9022129999999997,bbox_head,on,observed_damping,centerpoint+detr,-11.952303028247712,detr,-6.866597319999997,0.8804769697175229
14.907921,53.8687992,53.8687992,clear,17.781527,57.449993559999996,57.449993559999996,r25,-2.8736060000000005,bbox_head,on,observed_damping,centerpoint+detr,-6.233585311475876,detr,-3.581194359999998,0.9376641468852412
12.488149,51.70089704,51.70089704,clear,17.781527,57.449993559999996,57.449993559999996,r50,-5.293378000000001,bbox_head,on,observed_damping,centerpoint+detr,-10.007131704889948,detr,-5.749096519999995,0.8999286829511005
14.473196999999999,52.56128057,52.56128057,clear,17.781527,57.449993559999996,57.449993559999996,r7p5,-3.3083300000000015,bbox_head,on,observed_damping,centerpoint+detr,-8.509510074869354,detr,-4.888712989999995,0.9149048992513065
1.005149,0.74301128,0.74301128,clear,1.006671,0.76566004,0.76566004,r15,-0.0015220000000000233,data_preprocessor,on,observed_damping,centerpoint+detr,-2.958070007153557,detr,-0.022648759999999935,0.9704192999284644
0.946924,0.7614414399999999,0.7614414399999999,clear,1.006671,0.76566004,0.76566004,r25,-0.059747000000000106,data_preprocessor,on,observed_damping,centerpoint+detr,-0.5509756000848687,detr,-0.004218600000000072,0.9944902439991513
0.99471,0.74195492,0.74195492,clear,1.006671,0.76566004,0.76566004,r50,-0.01196100000000011,data_preprocessor,on,observed_damping,centerpoint+detr,-3.0960372438922135,detr,-0.023705120000000024,0.9690396275610779
0.9752075,0.6954676800000003,0.6954676800000003,clear,1.006671,0.76566004,0.76566004,r7p5,-0.03146350000000009,data_preprocessor,on,observed_damping,centerpoint+detr,-9.167562146772045,detr,-0.07019235999999973,0.9083243785322795
5.101595,2.623277559999999,2.623277559999999,clear,5.292646,2.99667572,2.99667572,r15,-0.19105100000000075,decoder,on,observed_damping,centerpoint+detr,-12.460412633503125,detr,-0.3733981600000007,0.8753958736649687
5.083533,2.5963170799999995,2.5963170799999995,clear,5.292646,2.99667572,2.99667572,r25,-0.20911300000000033,decoder,on,observed_damping,centerpoint+detr,-13.360092229131826,detr,-0.4003586400000003,0.8663990777086817
5.340945,3.0086966399999993,3.0086966399999993,clear,5.292646,2.99667572,2.99667572,r50,0.048298999999999204,decoder,on,observed_amplification,centerpoint+detr,0.40114183592743213,detr,0.012020919999999435,1.0040114183592743
5.121446,1.9602057400000046,1.9602057400000046,clear,5.292646,2.99667572,2.99667572,r7p5,-0.17120000000000068,decoder,on,observed_damping,centerpoint+detr,-34.587325317935814,detr,-1.0364699799999952,0.6541267468206419
3.31607,1.6664305599999998,1.6664305599999998,clear,3.477085,1.8537869200000001,1.8537869200000001,r15,-0.16101500000000035,encoder,on,observed_damping,centerpoint+detr,-10.106682595430128,detr,-0.18735636000000033,0.8989331740456987
3.398916,1.7263739999999994,1.7263739999999994,clear,3.477085,1.8537869200000001,1.8537869200000001,r25,-0.07816900000000038,encoder,on,observed_damping,centerpoint+detr,-6.873115708465605,detr,-0.1274129200000007,0.931268842915344
3.776481,1.9074806,1.9074806,clear,3.477085,1.8537869200000001,1.8537869200000001,r50,0.2993959999999998,encoder,on,observed_amplification,centerpoint+detr,2.8964321314771,detr,0.053693679999999855,1.028964321314771
3.4706650000000003,1.571009800000001,1.571009800000001,clear,3.477085,1.8537869200000001,1.8537869200000001,r7p5,-0.00641999999999987,encoder,on,observed_damping,centerpoint+detr,-15.254024987941929,detr,-0.2827771199999991,0.8474597501205807
0.083368,0.06075663999999997,0.06075663999999997,clear,0.082508,0.06194076,0.06194076,r15,0.0008599999999999997,neck,on,observed_damping,centerpoint+detr,-1.9116975639304812,detr,-0.0011841200000000246,0.9808830243606952
0.082215,0.058787400000000004,0.058787400000000004,clear,0.082508,0.06194076,0.06194076,r25,-0.0002930000000000016,neck,on,observed_damping,centerpoint+detr,-5.090928816501439,detr,-0.003153359999999994,0.9490907118349856
0.08642,0.06823147999999998,0.06823147999999998,clear,0.082508,0.06194076,0.06194076,r50,0.003911999999999999,neck,on,observed_amplification,centerpoint+detr,10.156026500159165,detr,0.006290719999999986,1.1015602650015917
0.0842175,0.05279704000000006,0.05279704000000006,clear,0.082508,0.06194076,0.06194076,r7p5,0.0017095000000000027,neck,on,observed_damping,centerpoint+detr,-14.762040375352093,detr,-0.009143719999999939,0.8523795962464791
0.473131,0.28987272000000003,0.28987272000000003,clear,0.492977,0.32280667999999996,0.32280667999999996,r15,-0.019845999999999975,positional_encoding,on,observed_damping,centerpoint+detr,-10.20237871161772,detr,-0.03293395999999993,0.8979762128838228
0.474889,0.27203252000000006,0.27203252000000006,clear,0.492977,0.32280667999999996,0.32280667999999996,r25,-0.018087999999999993,positional_encoding,on,observed_damping,centerpoint+detr,-15.728968186160186,detr,-0.0507741599999999,0.8427103181383981
0.539627,0.30053164,0.30053164,clear,0.492977,0.32280667999999996,0.32280667999999996,r50,0.04664999999999997,positional_encoding,on,observed_damping,centerpoint+detr,-6.9004272154467134,detr,-0.022275039999999968,0.9309957278455329
0.4820805,0.31549076000000015,0.31549076000000015,clear,0.492977,0.32280667999999996,0.32280667999999996,r7p5,-0.010896499999999976,positional_encoding,on,observed_damping,centerpoint+detr,-2.266347152419468,detr,-0.007315919999999809,0.9773365284758053
132.188528,82.49078463999999,82.49078463999999,clear,146.9389085,87.05151923999999,87.05151923999999,r15,-14.750380500000006,data_preprocessor,on,observed_damping,centerpoint+dino,-5.239121200660623,centerpoint,-4.5607346000000035,0.9476087879933938
131.638096,82.60552907999998,82.60552907999998,clear,146.9389085,87.05151923999999,87.05151923999999,r25,-15.300812500000006,data_preprocessor,on,observed_damping,centerpoint+dino,-5.1073090955971345,centerpoint,-4.445990160000008,0.9489269090440287
128.942259,77.78798369999986,77.78798369999986,clear,146.9389085,87.05151923999999,87.05151923999999,r50,-17.99664949999999,data_preprocessor,on,observed_damping,centerpoint+dino,-10.641440403194657,centerpoint,-9.263535540000134,0.8935855959680534
136.658994,83.98983585,83.98983585,clear,146.9389085,87.05151923999999,87.05151923999999,r7p5,-10.27991449999999,data_preprocessor,on,observed_damping,centerpoint+dino,-3.517093574850727,centerpoint,-3.0616833899999847,0.9648290642514927
0.939682,0.2355359799999991,0.2355359799999991,clear,0.924148,0.20888234999999988,0.20888234999999988,r15,0.015534000000000048,pts_backbone,on,observed_amplification,centerpoint+dino,12.760115921713444,centerpoint,0.026653629999999207,1.1276011592171344
0.93883,0.24543475999999997,0.24543475999999997,clear,0.924148,0.20888234999999988,0.20888234999999988,r25,0.014682000000000084,pts_backbone,on,observed_amplification,centerpoint+dino,17.499041924796476,centerpoint,0.03655241000000009,1.1749904192479648
0.939931,0.4089514799999996,0.4089514799999996,clear,0.924148,0.20888234999999988,0.20888234999999988,r50,0.01578299999999999,pts_backbone,on,observed_amplification,centerpoint+dino,95.78077324388576,centerpoint,0.2000691299999997,1.9578077324388576
0.9491815,0.12235584999999993,0.12235584999999993,clear,0.924148,0.20888234999999988,0.20888234999999988,r7p5,0.025033500000000042,pts_backbone,on,observed_damping,centerpoint+dino,-41.423557327845074,centerpoint,-0.08652649999999995,0.5857644267215493
68.003114,50.84022643999998,50.84022643999998,clear,70.71142449999999,50.742474429999994,50.742474429999994,r15,-2.708310499999996,pts_bbox_head,on,observed_amplification,centerpoint+dino,0.19264336455415698,centerpoint,0.09775200999998646,1.0019264336455416
66.711484,49.674112199999996,49.674112199999996,clear,70.71142449999999,50.742474429999994,50.742474429999994,r25,-3.999940499999994,pts_bbox_head,on,observed_damping,centerpoint+dino,-2.10545946369608,centerpoint,-1.0683622299999982,0.9789454053630392
65.706347,50.30637324,50.30637324,clear,70.71142449999999,50.742474429999994,50.742474429999994,r50,-5.005077499999999,pts_bbox_head,on,observed_damping,centerpoint+dino,-0.8594401335346835,centerpoint,-0.43610118999999514,0.9914055986646532
68.7752595,50.304248799999996,50.304248799999996,clear,70.71142449999999,50.742474429999994,50.742474429999994,r7p5,-1.9361649999999884,pts_bbox_head,on,observed_damping,centerpoint+dino,-0.8636268430396221,centerpoint,-0.43822562999999803,0.9913637315696038
34.180361,42.54754258,42.54754258,clear,33.3375425,42.72398559,42.72398559,r15,0.8428184999999999,pts_middle_encoder,on,observed_damping,centerpoint+dino,-0.4129834975913349,centerpoint,-0.17644300999999984,0.9958701650240867
34.742413,41.99374156,41.99374156,clear,33.3375425,42.72398559,42.72398559,r25,1.4048705000000012,pts_middle_encoder,on,observed_damping,centerpoint+dino,-1.7092132672447136,centerpoint,-0.7302440300000015,0.9829078673275529
37.382854,41.0767852,41.0767852,clear,33.3375425,42.72398559,42.72398559,r50,4.045311500000004,pts_middle_encoder,on,observed_damping,centerpoint+dino,-3.855446459998668,centerpoint,-1.6472003899999947,0.9614455354000133
36.010664,42.8451292,42.8451292,clear,33.3375425,42.72398559,42.72398559,r7p5,2.6731215000000006,pts_middle_encoder,on,observed_amplification,centerpoint+dino,0.28354941217927365,centerpoint,0.12114361000000429,1.0028354941217927
0.251806,0.0843342999999997,0.0843342999999997,clear,0.2510135,0.0988977299999999,0.0988977299999999,r15,0.0007924999999999738,pts_neck,on,observed_damping,centerpoint+dino,-14.725747496934682,centerpoint,-0.01456343000000021,0.8527425250306532
0.250747,0.15695415999999987,0.15695415999999987,clear,0.2510135,0.0988977299999999,0.0988977299999999,r25,-0.00026650000000000285,pts_neck,on,observed_amplification,centerpoint+dino,58.70350108136964,centerpoint,0.058056429999999964,1.5870350108136964
0.250065,0.14425659999999982,0.14425659999999982,clear,0.2510135,0.0988977299999999,0.0988977299999999,r50,-0.0009485000000000188,pts_neck,on,observed_amplification,centerpoint+dino,45.864419739462114,centerpoint,0.04535886999999991,1.4586441973946211
0.24960300000000002,0.12301184999999981,0.12301184999999981,clear,0.2510135,0.0988977299999999,0.0988977299999999,r7p5,-0.0014104999999999812,pts_neck,on,observed_amplification,centerpoint+dino,24.382885229013773,centerpoint,0.024114119999999906,1.2438288522901377
0.090456,0.04192279999999994,0.04192279999999994,clear,0.089031,0.050517679999999815,0.050517679999999815,r15,0.0014249999999999957,pts_voxel_encoder,on,observed_damping,centerpoint+dino,-17.013607909151617,centerpoint,-0.008594879999999874,0.8298639209084838
0.0871,0.04397775999999999,0.04397775999999999,clear,0.089031,0.050517679999999815,0.050517679999999815,r25,-0.0019310000000000022,pts_voxel_encoder,on,observed_damping,centerpoint+dino,-12.94580432038812,centerpoint,-0.006539919999999824,0.8705419567961188
0.090047,0.056802519999999884,0.056802519999999884,clear,0.089031,0.050517679999999815,0.050517679999999815,r50,0.001016000000000003,pts_voxel_encoder,on,observed_amplification,centerpoint+dino,12.440872185737927,centerpoint,0.006284840000000069,1.1244087218573793
0.0900435,0.041319749999999975,0.041319749999999975,clear,0.089031,0.050517679999999815,0.050517679999999815,r7p5,0.0010124999999999995,pts_voxel_encoder,on,observed_damping,centerpoint+dino,-18.207348397630042,centerpoint,-0.00919792999999984,0.8179265160236996
3.82268,2.3361998200000027,2.3361998200000027,clear,3.783722,2.2907958199999756,2.2907958199999756,r15,0.03895800000000005,backbone,on,observed_amplification,centerpoint+dino,1.9820186331590106,dino,0.04540400000002709,1.01982018633159
3.7663254999999998,1.8848275900000049,1.8848275900000049,clear,3.783722,2.2907958199999756,2.2907958199999756,r25,-0.01739650000000026,backbone,on,observed_damping,centerpoint+dino,-17.721711662629758,dino,-0.40596822999997073,0.8227828833737024
4.105179,2.2296015999999943,2.2296015999999943,clear,3.783722,2.2907958199999756,2.2907958199999756,r50,0.32145699999999966,backbone,on,observed_damping,centerpoint+dino,-2.6713083490776612,dino,-0.061194219999981314,0.9732869165092234
3.696196,3.134399940000008,3.134399940000008,clear,3.783722,2.2907958199999756,2.2907958199999756,r7p5,-0.08752599999999999,backbone,on,observed_amplification,centerpoint+dino,36.825810167579306,dino,0.8436041200000326,1.368258101675793
1.802481,5.802633860000003,5.802633860000003,clear,1.812296,40.83308955999997,40.83308955999997,r15,-0.009814999999999907,bbox_head,on,observed_damping,centerpoint+dino,-85.78938326115725,dino,-35.03045569999997,0.1421061673884274
1.8141235,37.65313203,37.65313203,clear,1.812296,40.83308955999997,40.83308955999997,r25,0.001827500000000093,bbox_head,on,observed_damping,centerpoint+dino,-7.787697586114206,dino,-3.1799575299999674,0.9221230241388579
1.780416,6.372624199999999,6.372624199999999,clear,1.812296,40.83308955999997,40.83308955999997,r50,-0.03187999999999991,bbox_head,on,observed_damping,centerpoint+dino,-84.39348021746899,dino,-34.46046535999997,0.1560651978253101
1.791128,9.971313740000143,9.971313740000143,clear,1.812296,40.83308955999997,40.83308955999997,r7p5,-0.021167999999999854,bbox_head,on,observed_damping,centerpoint+dino,-75.58031036238799,dino,-30.861775819999828,0.24419689637612008
0.96061,0.8092171800000002,0.8092171800000002,clear,0.96951,0.74211004,0.74211004,r15,-0.008900000000000019,data_preprocessor,on,observed_amplification,centerpoint+dino,9.042747892212887,dino,0.06710714000000018,1.0904274789221289
0.9548300000000001,0.7079542900000008,0.7079542900000008,clear,0.96951,0.74211004,0.74211004,r25,-0.014679999999999915,data_preprocessor,on,observed_damping,centerpoint+dino,-4.602518246485287,dino,-0.03415574999999926,0.9539748175351471
0.990997,0.6718081999999997,0.6718081999999997,clear,0.96951,0.74211004,0.74211004,r50,0.021487000000000034,data_preprocessor,on,observed_damping,centerpoint+dino,-9.473236610570623,dino,-0.07030184000000028,0.9052676338942938
0.949394,0.7492778800000006,0.7492778800000006,clear,0.96951,0.74211004,0.74211004,r7p5,-0.020116000000000023,data_preprocessor,on,observed_amplification,centerpoint+dino,0.9658729317286507,dino,0.0071678400000005915,1.0096587293172865
11.426455,43.28988798,43.28988798,clear,11.363091,45.65486071999999,45.65486071999999,r15,0.06336399999999998,decoder,on,observed_damping,centerpoint+dino,-5.180111608497285,dino,-2.3649727399999847,0.9481988839150272
11.3516435,44.26540134000002,44.26540134000002,clear,11.363091,45.65486071999999,45.65486071999999,r25,-0.011447500000000943,decoder,on,observed_damping,centerpoint+dino,-3.043398573749867,dino,-1.3894593799999697,0.9695660142625013
11.351382,44.550392599999995,44.550392599999995,clear,11.363091,45.65486071999999,45.65486071999999,r50,-0.011709000000001524,decoder,on,observed_damping,centerpoint+dino,-2.4191687425653696,dino,-1.1044681199999928,0.9758083125743463
11.233035,45.04857332,45.04857332,clear,11.363091,45.65486071999999,45.65486071999999,r7p5,-0.1300560000000015,decoder,on,observed_damping,centerpoint+dino,-1.327979957530323,dino,-0.6062873999999852,0.9867202004246968
29.866786,36.81602478000005,36.81602478000005,clear,30.349556,47.48923235999996,47.48923235999996,r15,-0.4827699999999986,encoder,on,observed_damping,centerpoint+dino,-22.475005489854837,dino,-10.67320757999991,0.7752499451014516
30.2831525,41.84097612000001,41.84097612000001,clear,30.349556,47.48923235999996,47.48923235999996,r25,-0.06640349999999984,encoder,on,observed_damping,centerpoint+dino,-11.893761931509895,dino,-5.648256239999952,0.8810623806849011
29.918497,37.05148939999994,37.05148939999994,clear,30.349556,47.48923235999996,47.48923235999996,r50,-0.4310590000000012,encoder,on,observed_damping,centerpoint+dino,-21.979178102680187,dino,-10.437742960000023,0.7802082189731981
30.233832,41.67662756000003,41.67662756000003,clear,30.349556,47.48923235999996,47.48923235999996,r7p5,-0.11572400000000016,encoder,on,observed_damping,centerpoint+dino,-12.23983735078411,dino,-5.8126047999999315,0.8776016264921589
0.375112,0.22680916,0.22680916,clear,0.374126,0.2551896199999997,0.2551896199999997,r15,0.0009859999999999869,neck,on,observed_damping,centerpoint+dino,-11.121322254408195,dino,-0.028380459999999663,0.888786777455918
0.3727545,0.22556025000000007,0.22556025000000007,clear,0.374126,0.2551896199999997,0.2551896199999997,r25,-0.0013715000000000255,neck,on,observed_damping,centerpoint+dino,-11.61072695668407,dino,-0.0296293699999996,0.8838927304331593
0.413664,0.24126059999999988,0.24126059999999988,clear,0.374126,0.2551896199999997,0.2551896199999997,r50,0.03953799999999996,neck,on,observed_damping,centerpoint+dino,-5.458301948174782,dino,-0.013929019999999792,0.9454169805182522
0.363243,0.2665687400000003,0.2665687400000003,clear,0.374126,0.2551896199999997,0.2551896199999997,r7p5,-0.010883000000000032,neck,on,observed_amplification,centerpoint+dino,4.4590841900233436,dino,0.011379120000000631,1.0445908419002334
0.342465,0.35903844000000035,0.35903844000000035,clear,0.390168,0.34391599999999994,0.34391599999999994,r15,-0.047702999999999995,positional_encoding,on,observed_amplification,centerpoint+dino,4.397131857779346,dino,0.015122440000000403,1.0439713185777935
0.363733,0.34653496999999994,0.34653496999999994,clear,0.390168,0.34391599999999994,0.34391599999999994,r25,-0.026435000000000042,positional_encoding,on,observed_amplification,centerpoint+dino,0.7615144395724638,dino,0.0026189699999999982,1.0076151443957246
0.39699799999999996,0.37574354,0.37574354,clear,0.390168,0.34391599999999994,0.34391599999999994,r50,0.006829999999999947,positional_encoding,on,observed_amplification,centerpoint+dino,9.254451668430686,dino,0.03182754000000004,1.0925445166843069
0.33053750000000004,0.3577381400000001,0.3577381400000001,clear,0.390168,0.34391599999999994,0.34391599999999994,r7p5,-0.059630499999999975,positional_encoding,on,observed_amplification,centerpoint+dino,4.019045348282768,dino,0.01382214000000015,1.0401904534828277
108.894328,45.33221538000002,45.33221538000002,clear,118.500601,45.29229608,45.29229608,r15,-9.606273000000002,data_preprocessor,on,observed_amplification,centerpoint+faster-rcnn,0.08813706403736354,centerpoint,0.03991930000002242,1.0008813706403736
108.452677,43.58216300000001,43.58216300000001,clear,118.500601,45.29229608,45.29229608,r25,-10.047924000000009,data_preprocessor,on,observed_damping,centerpoint+faster-rcnn,-3.7757703362606643,centerpoint,-1.7101330799999914,0.9622422966373934
109.3169345,47.02459028000001,47.02459028000001,clear,118.500601,45.29229608,45.29229608,r50,-9.183666500000001,data_preprocessor,on,observed_amplification,centerpoint+faster-rcnn,3.824699452066316,centerpoint,1.7322942000000126,1.0382469945206632
109.95114749999999,42.82898505,42.82898505,clear,118.500601,45.29229608,45.29229608,r7p5,-8.549453500000013,data_preprocessor,on,observed_damping,centerpoint+faster-rcnn,-5.438697622326416,centerpoint,-2.46331103,0.9456130237767358
0.911517,0.13928699999999994,0.13928699999999994,clear,0.920196,0.29035778,0.29035778,r15,-0.008678999999999992,pts_backbone,on,observed_damping,centerpoint+faster-rcnn,-52.02918275515127,centerpoint,-0.15107078000000007,0.4797081724484873
0.937009,0.21660400000000013,0.21660400000000013,clear,0.920196,0.29035778,0.29035778,r25,0.016812999999999967,pts_backbone,on,observed_damping,centerpoint+faster-rcnn,-25.401000104078452,centerpoint,-0.07375377999999988,0.7459899989592155
0.917576,0.1693422699999998,0.1693422699999998,clear,0.920196,0.29035778,0.29035778,r50,-0.0026200000000000667,pts_backbone,on,observed_damping,centerpoint+faster-rcnn,-41.67806696965386,centerpoint,-0.12101551000000021,0.5832193303034614
0.932021,0.22639321000000023,0.22639321000000023,clear,0.920196,0.29035778,0.29035778,r7p5,0.011824999999999974,pts_backbone,on,observed_damping,centerpoint+faster-rcnn,-22.029569863772814,centerpoint,-0.06396456999999978,0.7797043013622719
40.366241,30.422601940000003,30.422601940000003,clear,42.476984,30.42679484,30.42679484,r15,-2.1107429999999994,pts_bbox_head,on,observed_damping,centerpoint+faster-rcnn,-0.013780288137621444,centerpoint,-0.004192899999996058,0.9998621971186238
46.165727,31.072604000000002,31.072604000000002,clear,42.476984,30.42679484,30.42679484,r25,3.688742999999995,pts_bbox_head,on,observed_amplification,centerpoint+faster-rcnn,2.1225014445195534,centerpoint,0.6458091600000024,1.0212250144451955
45.7128265,31.048638540000002,31.048638540000002,clear,42.476984,30.42679484,30.42679484,r50,3.235842499999997,pts_bbox_head,on,observed_amplification,centerpoint+faster-rcnn,2.043737118122313,centerpoint,0.621843700000003,1.0204373711812231
47.2447195,30.310539790000004,30.310539790000004,clear,42.476984,30.42679484,30.42679484,r7p5,4.767735500000001,pts_bbox_head,on,observed_damping,centerpoint+faster-rcnn,-0.38208115777993434,centerpoint,-0.11625504999999592,0.9961791884222007
18.096423,24.318384299999995,24.318384299999995,clear,19.1914,24.175483999999997,24.175483999999997,r15,-1.094977,pts_middle_encoder,on,observed_amplification,centerpoint+faster-rcnn,0.5910959218024203,centerpoint,0.14290029999999732,1.0059109592180242
17.870852,23.849711,23.849711,clear,19.1914,24.175483999999997,24.175483999999997,r25,-1.3205480000000023,pts_middle_encoder,on,observed_damping,centerpoint+faster-rcnn,-1.347534551945262,centerpoint,-0.3257729999999981,0.9865246544805474
19.023043,23.30736911,23.30736911,clear,19.1914,24.175483999999997,24.175483999999997,r50,-0.1683570000000003,pts_middle_encoder,on,observed_damping,centerpoint+faster-rcnn,-3.590889390259977,centerpoint,-0.8681148899999975,0.9640911060974002
18.027745000000003,23.09735274,23.09735274,clear,19.1914,24.175483999999997,24.175483999999997,r7p5,-1.1636549999999986,pts_middle_encoder,on,observed_damping,centerpoint+faster-rcnn,-4.45960568979713,centerpoint,-1.0781312599999957,0.9554039431020287
0.247514,0.10462059999999965,0.10462059999999965,clear,0.250277,0.15072596000000008,0.15072596000000008,r15,-0.0027630000000000154,pts_neck,on,observed_damping,centerpoint+faster-rcnn,-30.588864718460187,centerpoint,-0.04610536000000043,0.6941113528153982
0.253804,0.08368099999999998,0.08368099999999998,clear,0.250277,0.15072596000000008,0.15072596000000008,r25,0.003526999999999947,pts_neck,on,observed_damping,centerpoint+faster-rcnn,-44.481362069281275,centerpoint,-0.0670449600000001,0.5551863793071873
0.2514385,0.08756950999999999,0.08756950999999999,clear,0.250277,0.15072596000000008,0.15072596000000008,r50,0.001161499999999982,pts_neck,on,observed_damping,centerpoint+faster-rcnn,-41.90150787561748,centerpoint,-0.06315645000000009,0.5809849212438252
0.25233300000000003,0.09997144000000016,0.09997144000000016,clear,0.250277,0.15072596000000008,0.15072596000000008,r7p5,0.0020560000000000023,pts_neck,on,observed_damping,centerpoint+faster-rcnn,-33.67337650395452,centerpoint,-0.050754519999999914,0.6632662349604548
0.091224,0.028187659999999976,0.028187659999999976,clear,0.092611,0.027106779999999997,0.027106779999999997,r15,-0.0013869999999999993,pts_voxel_encoder,on,observed_amplification,centerpoint+faster-rcnn,3.9874894768024083,centerpoint,0.0010808799999999785,1.039874894768024
0.092646,0.039382,0.039382,clear,0.092611,0.027106779999999997,0.027106779999999997,r25,3.500000000000725e-05,pts_voxel_encoder,on,observed_amplification,centerpoint+faster-rcnn,45.28468523373122,centerpoint,0.012275220000000003,1.4528468523373121
0.0915435,0.031430169999999924,0.031430169999999924,clear,0.092611,0.027106779999999997,0.027106779999999997,r50,-0.001067499999999999,pts_voxel_encoder,on,observed_amplification,centerpoint+faster-rcnn,15.949478322397304,centerpoint,0.004323389999999927,1.159494783223973
0.092286,0.03617598000000001,0.03617598000000001,clear,0.092611,0.027106779999999997,0.027106779999999997,r7p5,-0.00032499999999999196,pts_voxel_encoder,on,observed_amplification,centerpoint+faster-rcnn,33.45731215585184,centerpoint,0.009069200000000013,1.3345731215585184
3.8597995000000003,2.291338479999999,2.291338479999999,clear,3.853367,2.68522756,2.68522756,r15,0.006432500000000285,backbone,on,observed_damping,centerpoint+faster-rcnn,-14.668741147584562,faster-rcnn,-0.393889080000001,0.8533125885241544
3.792766,1.85030245,1.85030245,clear,3.853367,2.68522756,2.68522756,r25,-0.06060100000000013,backbone,on,observed_damping,centerpoint+faster-rcnn,-31.093272035387564,faster-rcnn,-0.8349251099999999,0.6890672796461244
3.873152,1.983477559999999,1.983477559999999,clear,3.853367,2.68522756,2.68522756,r50,0.019785000000000164,backbone,on,observed_damping,centerpoint+faster-rcnn,-26.133725515613328,faster-rcnn,-0.701750000000001,0.7386627448438667
3.830924,1.987058460000001,1.987058460000001,clear,3.853367,2.68522756,2.68522756,r7p5,-0.02244299999999999,backbone,on,observed_damping,centerpoint+faster-rcnn,-26.00036996492018,faster-rcnn,-0.698169099999999,0.7399963003507982
1.1253285,0.7027496099999986,0.7027496099999986,clear,1.105504,0.8066461199999996,0.8066461199999996,r15,0.01982449999999991,data_preprocessor,on,observed_damping,centerpoint+faster-rcnn,-12.880060713612684,faster-rcnn,-0.103896510000001,0.8711993928638732
1.0982859999999999,0.7535009499999996,0.7535009499999996,clear,1.105504,0.8066461199999996,0.8066461199999996,r25,-0.007218000000000169,data_preprocessor,on,observed_damping,centerpoint+faster-rcnn,-6.5884120288088655,faster-rcnn,-0.053145169999999964,0.9341158797119113
1.096203,0.79320756,0.79320756,clear,1.105504,0.8066461199999996,0.8066461199999996,r50,-0.009301000000000004,data_preprocessor,on,observed_damping,centerpoint+faster-rcnn,-1.6659796243735148,faster-rcnn,-0.013438559999999544,0.9833402037562649
1.069072,0.7213872,0.7213872,clear,1.105504,0.8066461199999996,0.8066461199999996,r7p5,-0.03643200000000002,data_preprocessor,on,observed_damping,centerpoint+faster-rcnn,-10.569556821273697,faster-rcnn,-0.08525891999999957,0.894304431787263
0.485881,0.28933603999999935,0.28933603999999935,clear,0.478556,0.31770396,0.31770396,r15,0.007325000000000026,neck,on,observed_damping,centerpoint+faster-rcnn,-8.929041992426113,faster-rcnn,-0.028367920000000657,0.9107095800757389
0.4920405,0.23981004999999994,0.23981004999999994,clear,0.478556,0.31770396,0.31770396,r25,0.01348450000000001,neck,on,observed_damping,centerpoint+faster-rcnn,-24.517764902898932,faster-rcnn,-0.07789391000000007,0.7548223509710107
0.503304,0.31771595999999996,0.31771595999999996,clear,0.478556,0.31770396,0.31770396,r50,0.024747999999999992,neck,on,observed_amplification,centerpoint+faster-rcnn,0.0037771011730303172,faster-rcnn,1.199999999995649e-05,1.0000377710117303
0.48152700000000004,0.2728672800000003,0.2728672800000003,clear,0.478556,0.31770396,0.31770396,r7p5,0.002971000000000057,neck,on,observed_damping,centerpoint+faster-rcnn,-14.112723051988297,faster-rcnn,-0.044836679999999685,0.858872769480117
5.092165,6.702728139999985,6.702728139999985,clear,5.172976,44.41305416,44.41305416,r15,-0.08081100000000063,roi_head,on,observed_damping,centerpoint+faster-rcnn,-84.90820262922448,faster-rcnn,-37.71032602000002,0.15091797370775514
5.0844225000000005,36.10906849999996,36.10906849999996,clear,5.172976,44.41305416,44.41305416,r25,-0.08855349999999973,roi_head,on,observed_damping,centerpoint+faster-rcnn,-18.69717320066431,faster-rcnn,-8.303985660000045,0.8130282679933569
5.080439,17.791281719999997,17.791281719999997,clear,5.172976,44.41305416,44.41305416,r50,-0.09253700000000009,roi_head,on,observed_damping,centerpoint+faster-rcnn,-59.94132343183129,faster-rcnn,-26.621772440000004,0.40058676568168705
5.0626305,10.901553260000053,10.901553260000053,clear,5.172976,44.41305416,44.41305416,r7p5,-0.11034550000000021,roi_head,on,observed_damping,centerpoint+faster-rcnn,-75.45416890104715,faster-rcnn,-33.511500899999945,0.2454583109895285
36.6861525,49.11449717,49.11449717,clear,38.41082,54.01718524,54.01718524,r15,-1.7246675000000025,rpn_head,on,observed_damping,centerpoint+faster-rcnn,-9.07616353613616,faster-rcnn,-4.9026880700000035,0.9092383646386384
37.447250499999996,49.76393765,49.76393765,clear,38.41082,54.01718524,54.01718524,r25,-0.9635695000000055,rpn_head,on,observed_damping,centerpoint+faster-rcnn,-7.873878601972118,faster-rcnn,-4.253247590000001,0.9212612139802788
38.465309,49.56003092,49.56003092,clear,38.41082,54.01718524,54.01718524,r50,0.05448899999999668,rpn_head,on,observed_damping,centerpoint+faster-rcnn,-8.251363524768507,faster-rcnn,-4.457154320000001,0.9174863647523149
36.673103999999995,49.50694962,49.50694962,clear,38.41082,54.01718524,54.01718524,r7p5,-1.737716000000006,rpn_head,on,observed_damping,centerpoint+faster-rcnn,-8.349630955335584,faster-rcnn,-4.510235620000003,0.9165036904466441
127.0216605,60.50166503999999,60.50166503999999,clear,133.867295,55.22916280000001,55.22916280000001,r15,-6.845634500000017,data_preprocessor,on,observed_amplification,centerpoint+mask-rcnn,9.546590918086451,centerpoint,5.27250223999998,1.0954659091808645
127.015942,59.230837760000014,59.230837760000014,clear,133.867295,55.22916280000001,55.22916280000001,r25,-6.851353000000017,data_preprocessor,on,observed_amplification,centerpoint+mask-rcnn,7.24558323379112,centerpoint,4.001674960000003,1.0724558323379112
126.2916005,57.439434399999996,57.439434399999996,clear,133.867295,55.22916280000001,55.22916280000001,r50,-7.5756945000000115,data_preprocessor,on,observed_amplification,centerpoint+mask-rcnn,4.0020009139084545,centerpoint,2.2102715999999845,1.0400200091390845
125.130196,57.34092769999998,57.34092769999998,clear,133.867295,55.22916280000001,55.22916280000001,r7p5,-8.737099000000015,data_preprocessor,on,observed_amplification,centerpoint+mask-rcnn,3.8236409768644286,centerpoint,2.1117648999999687,1.0382364097686443
0.934697,0.1876789299999999,0.1876789299999999,clear,0.941379,0.17897560000000023,0.17897560000000023,r15,-0.006681999999999966,pts_backbone,on,observed_amplification,centerpoint+mask-rcnn,4.862858400809755,centerpoint,0.008703329999999676,1.0486285840080976
0.935002,0.40757047000000013,0.40757047000000013,clear,0.941379,0.17897560000000023,0.17897560000000023,r25,-0.006376999999999966,pts_backbone,on,observed_amplification,centerpoint+mask-rcnn,127.72404171294833,centerpoint,0.2285948699999999,2.2772404171294833
0.938851,0.21879126000000004,0.21879126000000004,clear,0.941379,0.17897560000000023,0.17897560000000023,r50,-0.0025279999999999747,pts_backbone,on,observed_amplification,centerpoint+mask-rcnn,22.246417947474264,centerpoint,0.03981565999999981,1.2224641794747426
0.931711,0.1890888699999994,0.1890888699999994,clear,0.941379,0.17897560000000023,0.17897560000000023,r7p5,-0.00966800000000001,pts_backbone,on,observed_amplification,centerpoint+mask-rcnn,5.650641763457798,centerpoint,0.010113269999999175,1.056506417634578
57.7709385,41.91175791,41.91175791,clear,58.01715,41.3470566,41.3470566,r15,-0.24621150000000114,pts_bbox_head,on,observed_amplification,centerpoint+mask-rcnn,1.3657593948295688,centerpoint,0.5647013099999967,1.0136575939482957
58.023505,41.69704846000001,41.69704846000001,clear,58.01715,41.3470566,41.3470566,r25,0.006354999999999222,pts_bbox_head,on,observed_amplification,centerpoint+mask-rcnn,0.8464734585242661,centerpoint,0.34999186000001004,1.0084647345852427
58.635208500000005,42.63999622000001,42.63999622000001,clear,58.01715,41.3470566,41.3470566,r50,0.6180585000000036,pts_bbox_head,on,observed_amplification,centerpoint+mask-rcnn,3.127041502635053,centerpoint,1.2929396200000056,1.0312704150263505
57.380700000000004,38.54537570999999,38.54537570999999,clear,58.01715,41.3470566,41.3470566,r7p5,-0.6364499999999964,pts_bbox_head,on,observed_damping,centerpoint+mask-rcnn,-6.776010483899874,centerpoint,-2.8016808900000143,0.9322398951610013
35.209481,29.295245970000003,29.295245970000003,clear,37.328983,30.505439800000005,30.505439800000005,r15,-2.119502000000004,pts_middle_encoder,on,observed_damping,centerpoint+mask-rcnn,-3.9671410670827356,centerpoint,-1.2101938300000015,0.9603285893291726
34.1233115,28.930343109999995,28.930343109999995,clear,37.328983,30.505439800000005,30.505439800000005,r25,-3.205671500000001,pts_middle_encoder,on,observed_damping,centerpoint+mask-rcnn,-5.163330541459721,centerpoint,-1.5750966900000094,0.9483666945854028
35.256817999999996,28.64323253,28.64323253,clear,37.328983,30.505439800000005,30.505439800000005,r50,-2.0721650000000054,pts_middle_encoder,on,observed_damping,centerpoint+mask-rcnn,-6.104508842386879,centerpoint,-1.862207270000006,0.9389549115761312
34.2406515,31.491977299999984,31.491977299999984,clear,37.328983,30.505439800000005,30.505439800000005,r7p5,-3.0883315000000024,pts_middle_encoder,on,observed_amplification,centerpoint+mask-rcnn,3.233972388098394,centerpoint,0.9865374999999794,1.032339723880984
0.249558,0.13216860000000002,0.13216860000000002,clear,0.259239,0.08330580000000004,0.08330580000000004,r15,-0.009680999999999995,pts_neck,on,observed_amplification,centerpoint+mask-rcnn,58.65473952593931,centerpoint,0.048862799999999984,1.5865473952593931
0.256563,0.10540683000000012,0.10540683000000012,clear,0.259239,0.08330580000000004,0.08330580000000004,r25,-0.0026760000000000117,pts_neck,on,observed_amplification,centerpoint+mask-rcnn,26.5300015124998,centerpoint,0.022101030000000077,1.265300015124998
0.25729,0.11210805000000004,0.11210805000000004,clear,0.259239,0.08330580000000004,0.08330580000000004,r50,-0.0019489999999999785,pts_neck,on,observed_amplification,centerpoint+mask-rcnn,34.57412329033511,centerpoint,0.02880225,1.3457412329033511
0.2568855,0.1141424999999997,0.1141424999999997,clear,0.259239,0.08330580000000004,0.08330580000000004,r7p5,-0.0023535000000000084,pts_neck,on,observed_amplification,centerpoint+mask-rcnn,37.016270175665625,centerpoint,0.03083669999999966,1.3701627017566562
0.091021,0.05505231999999999,0.05505231999999999,clear,0.094426,0.061577800000000044,0.061577800000000044,r15,-0.0034049999999999914,pts_voxel_encoder,on,observed_damping,centerpoint+mask-rcnn,-10.597130784146314,centerpoint,-0.006525480000000056,0.8940286921585369
0.0924625,0.03522492000000001,0.03522492000000001,clear,0.094426,0.061577800000000044,0.061577800000000044,r25,-0.001963499999999993,pts_voxel_encoder,on,observed_damping,centerpoint+mask-rcnn,-42.796072610583714,centerpoint,-0.026352880000000037,0.5720392738941629
0.09231,0.029649359999999986,0.029649359999999986,clear,0.094426,0.061577800000000044,0.061577800000000044,r50,-0.002115999999999993,pts_voxel_encoder,on,observed_damping,centerpoint+mask-rcnn,-51.85056952343221,centerpoint,-0.03192844000000006,0.48149430476567795
0.0942065,0.05696023999999997,0.05696023999999997,clear,0.094426,0.061577800000000044,0.061577800000000044,r7p5,-0.00021949999999999747,pts_voxel_encoder,on,observed_damping,centerpoint+mask-rcnn,-7.498741429541289,centerpoint,-0.004617560000000076,0.9250125857045871
3.682217,2.3026081599999975,2.3026081599999975,clear,3.966165,2.375298639999988,2.375298639999988,r15,-0.2839480000000001,backbone,on,observed_damping,centerpoint+mask-rcnn,-3.0602669818390105,mask-rcnn,-0.07269047999999056,0.9693973301816099
3.7364800000000002,1.9216202599999948,1.9216202599999948,clear,3.966165,2.375298639999988,2.375298639999988,r25,-0.22968499999999992,backbone,on,observed_damping,centerpoint+mask-rcnn,-19.099845904007907,mask-rcnn,-0.4536783799999933,0.8090015409599209
3.932987,1.8216974199999991,1.8216974199999991,clear,3.966165,2.375298639999988,2.375298639999988,r50,-0.033178000000000374,backbone,on,observed_damping,centerpoint+mask-rcnn,-23.30659440785061,mask-rcnn,-0.5536012199999889,0.7669340559214939
3.789775,1.8860813999999997,1.8860813999999997,clear,3.966165,2.375298639999988,2.375298639999988,r7p5,-0.17639000000000005,backbone,on,observed_damping,centerpoint+mask-rcnn,-20.596030821622957,mask-rcnn,-0.48921723999998834,0.7940396917837704
1.082861,0.9310726399999953,0.9310726399999953,clear,1.094723,0.8572417199999999,0.8572417199999999,r15,-0.011861999999999817,data_preprocessor,on,observed_amplification,centerpoint+mask-rcnn,8.612613954439308,mask-rcnn,0.07383091999999547,1.086126139544393
1.063854,0.8317536199999991,0.8317536199999991,clear,1.094723,0.8572417199999999,0.8572417199999999,r25,-0.030868999999999813,data_preprocessor,on,observed_damping,centerpoint+mask-rcnn,-2.9732687298514637,mask-rcnn,-0.02548810000000079,0.9702673127014854
1.115028,0.948780379999998,0.948780379999998,clear,1.094723,0.8572417199999999,0.8572417199999999,r50,0.020305000000000017,data_preprocessor,on,observed_amplification,centerpoint+mask-rcnn,10.678278700667775,mask-rcnn,0.0915386599999981,1.1067827870066778
1.0881285,0.8195855999999999,0.8195855999999999,clear,1.094723,0.8572417199999999,0.8572417199999999,r7p5,-0.006594499999999837,data_preprocessor,on,observed_damping,centerpoint+mask-rcnn,-4.392707345134806,mask-rcnn,-0.03765611999999996,0.956072926548652
0.473592,0.32963768,0.32963768,clear,0.500134,0.30460315999999993,0.30460315999999993,r15,-0.026541999999999955,neck,on,observed_amplification,centerpoint+mask-rcnn,8.218732858844957,mask-rcnn,0.02503452000000006,1.0821873285884496
0.47355899999999995,0.28611298999999973,0.28611298999999973,clear,0.500134,0.30460315999999993,0.30460315999999993,r25,-0.026575000000000015,neck,on,observed_damping,centerpoint+mask-rcnn,-6.070248910090159,mask-rcnn,-0.018490170000000195,0.9392975108990984
0.498819,0.2972901599999997,0.2972901599999997,clear,0.500134,0.30460315999999993,0.30460315999999993,r50,-0.001314999999999955,neck,on,observed_damping,centerpoint+mask-rcnn,-2.400828671639599,mask-rcnn,-0.007313000000000236,0.975991713283604
0.476956,0.28211474999999975,0.28211474999999975,clear,0.500134,0.30460315999999993,0.30460315999999993,r7p5,-0.023177999999999976,neck,on,observed_damping,centerpoint+mask-rcnn,-7.38285512205461,mask-rcnn,-0.02248841000000018,0.9261714487794539
10.942391,41.27934263999998,41.27934263999998,clear,11.244154,44.83419798,44.83419798,r15,-0.30176299999999934,roi_head,on,observed_damping,centerpoint+mask-rcnn,-7.928892453001602,mask-rcnn,-3.5548553400000173,0.920711075469984
10.9449105,44.38408422,44.38408422,clear,11.244154,44.83419798,44.83419798,r25,-0.29924349999999933,roi_head,on,observed_damping,centerpoint+mask-rcnn,-1.0039518498820676,mask-rcnn,-0.4501137600000007,0.9899604815011793
10.859304,42.28898643999998,42.28898643999998,clear,11.244154,44.83419798,44.83419798,r50,-0.38485000000000014,roi_head,on,observed_damping,centerpoint+mask-rcnn,-5.676942277712671,mask-rcnn,-2.545211540000018,0.9432305772228733
10.912695,41.8462563,41.8462563,clear,11.244154,44.83419798,44.83419798,r7p5,-0.3314590000000006,roi_head,on,observed_damping,centerpoint+mask-rcnn,-6.664425404314988,mask-rcnn,-2.9879416799999987,0.9333557459568501
40.251687,49.444630419999996,49.444630419999996,clear,39.660912,55.624680780000006,55.624680780000006,r15,0.5907749999999936,rpn_head,on,observed_damping,centerpoint+mask-rcnn,-11.110266653830514,mask-rcnn,-6.18005036000001,0.8888973334616949
39.281744,47.701262689999986,47.701262689999986,clear,39.660912,55.624680780000006,55.624680780000006,r25,-0.37916799999999995,rpn_head,on,observed_damping,centerpoint+mask-rcnn,-14.244428873826287,mask-rcnn,-7.92341809000002,0.8575557112617371
39.337677,49.76337397999998,49.76337397999998,clear,39.660912,55.624680780000006,55.624680780000006,r50,-0.32323500000000394,rpn_head,on,observed_damping,centerpoint+mask-rcnn,-10.53724123502291,mask-rcnn,-5.861306800000023,0.8946275876497709
37.6060375,48.366452150000015,48.366452150000015,clear,39.660912,55.624680780000006,55.624680780000006,r7p5,-2.054874500000004,rpn_head,on,observed_damping,centerpoint+mask-rcnn,-13.048575790855965,mask-rcnn,-7.258228629999991,0.8695142420914403
106.279717,41.987046899999996,41.987046899999996,clear,118.0046775,47.3515335,47.3515335,r15,-11.724960499999995,data_preprocessor,on,observed_damping,centerpoint+vit-upernet,-11.329066248720343,centerpoint,-5.364486600000006,0.8867093375127966
108.248464,45.90588466999999,45.90588466999999,clear,118.0046775,47.3515335,47.3515335,r25,-9.756213500000001,data_preprocessor,on,observed_damping,centerpoint+vit-upernet,-3.0530137529759416,centerpoint,-1.4456488300000103,0.9694698624702406
107.61083049999999,42.13830054,42.13830054,clear,118.0046775,47.3515335,47.3515335,r50,-10.393847000000008,data_preprocessor,on,observed_damping,centerpoint+vit-upernet,-11.009639128160442,centerpoint,-5.213232959999999,0.8899036087183956
107.590636,43.69973732000001,43.69973732000001,clear,118.0046775,47.3515335,47.3515335,r7p5,-10.414041499999996,data_preprocessor,on,observed_damping,centerpoint+vit-upernet,-7.7120969693621255,centerpoint,-3.651796179999991,0.9228790303063787
0.9318200000000001,0.1683675,0.1683675,clear,0.9311404999999999,0.6802143000000002,0.6802143000000002,r15,0.0006795000000001661,pts_backbone,on,observed_damping,centerpoint+vit-upernet,-75.24787408909222,centerpoint,-0.5118468000000002,0.24752125910907777
0.9186755,0.22281931999999982,0.22281931999999982,clear,0.9311404999999999,0.6802143000000002,0.6802143000000002,r25,-0.012464999999999948,pts_backbone,on,observed_damping,centerpoint+vit-upernet,-67.24277628388586,centerpoint,-0.45739498000000034,0.32757223716114137
0.9225215,0.2583257100000004,0.2583257100000004,clear,0.9311404999999999,0.6802143000000002,0.6802143000000002,r50,-0.008618999999999932,pts_backbone,on,observed_damping,centerpoint+vit-upernet,-62.022893373455936,centerpoint,-0.4218885899999998,0.37977106626544066
0.918349,0.1881551600000001,0.1881551600000001,clear,0.9311404999999999,0.6802143000000002,0.6802143000000002,r7p5,-0.012791499999999956,pts_backbone,on,observed_damping,centerpoint+vit-upernet,-72.33884086235763,centerpoint,-0.49205914000000006,0.27661159137642366
41.9306915,31.355158149999998,31.355158149999998,clear,40.697845,31.522501100000003,31.522501100000003,r15,1.2328465000000008,pts_bbox_head,on,observed_damping,centerpoint+vit-upernet,-0.5308682501719564,centerpoint,-0.16734295000000543,0.9946913174982804
47.192176,33.335761680000005,33.335761680000005,clear,40.697845,31.522501100000003,31.522501100000003,r25,6.4943310000000025,pts_bbox_head,on,observed_amplification,centerpoint+vit-upernet,5.752273825759335,centerpoint,1.8132605800000015,1.0575227382575934
43.6553835,32.259690230000004,32.259690230000004,clear,40.697845,31.522501100000003,31.522501100000003,r50,2.9575384999999983,pts_bbox_head,on,observed_amplification,centerpoint+vit-upernet,2.338612433262788,centerpoint,0.7371891300000009,1.0233861243326279
44.209966,32.23322256000001,32.23322256000001,clear,40.697845,31.522501100000003,31.522501100000003,r7p5,3.5121210000000005,pts_bbox_head,on,observed_amplification,centerpoint+vit-upernet,2.254648061539788,centerpoint,0.7107214600000056,1.0225464806153979
18.8479145,23.95407255,23.95407255,clear,19.313467,24.681602550000008,24.681602550000008,r15,-0.4655524999999976,pts_middle_encoder,on,observed_damping,centerpoint+vit-upernet,-2.9476611112514983,centerpoint,-0.7275300000000087,0.970523388887485
18.1943155,23.533201430000002,23.533201430000002,clear,19.313467,24.681602550000008,24.681602550000008,r25,-1.119151500000001,pts_middle_encoder,on,observed_damping,centerpoint+vit-upernet,-4.652862866880603,centerpoint,-1.1484011200000062,0.953471371331194
17.870035,24.545307369999996,24.545307369999996,clear,19.313467,24.681602550000008,24.681602550000008,r50,-1.4434319999999978,pts_middle_encoder,on,observed_damping,centerpoint+vit-upernet,-0.5522136568073543,centerpoint,-0.13629518000001184,0.9944778634319265
17.695223,24.043799,24.043799,clear,19.313467,24.681602550000008,24.681602550000008,r7p5,-1.6182440000000007,pts_middle_encoder,on,observed_damping,centerpoint+vit-upernet,-2.584125356965561,centerpoint,-0.6378035500000081,0.9741587464303444
0.25619000000000003,0.09651054999999986,0.09651054999999986,clear,0.25477799999999995,0.2017204000000003,0.2017204000000003,r15,0.0014120000000000799,pts_neck,on,observed_damping,centerpoint+vit-upernet,-52.15627670776,centerpoint,-0.10520985000000044,0.4784372329224001
0.252316,0.08459670000000002,0.08459670000000002,clear,0.25477799999999995,0.2017204000000003,0.2017204000000003,r25,-0.0024619999999999642,pts_neck,on,observed_damping,centerpoint+vit-upernet,-58.06239725878002,centerpoint,-0.11712370000000027,0.41937602741219976
0.25250649999999997,0.15327045000000006,0.15327045000000006,clear,0.25477799999999995,0.2017204000000003,0.2017204000000003,r50,-0.002271499999999982,pts_neck,on,observed_damping,centerpoint+vit-upernet,-24.018368989948545,centerpoint,-0.04844995000000024,0.7598163101005145
0.254157,0.0714573200000001,0.0714573200000001,clear,0.25477799999999995,0.2017204000000003,0.2017204000000003,r7p5,-0.0006209999999999272,pts_neck,on,observed_damping,centerpoint+vit-upernet,-64.5760567597526,centerpoint,-0.1302630800000002,0.3542394324024739
0.0952065,0.0273607,0.0273607,clear,0.09338250000000001,0.039108050000000005,0.039108050000000005,r15,0.0018239999999999923,pts_voxel_encoder,on,observed_damping,centerpoint+vit-upernet,-30.038189068491018,centerpoint,-0.011747350000000004,0.6996181093150898
0.09576499999999999,0.02982720000000004,0.02982720000000004,clear,0.09338250000000001,0.039108050000000005,0.039108050000000005,r25,0.002382499999999982,pts_voxel_encoder,on,observed_damping,centerpoint+vit-upernet,-23.73130340172922,centerpoint,-0.009280849999999966,0.7626869659827078
0.093467,0.03015961000000003,0.03015961000000003,clear,0.09338250000000001,0.039108050000000005,0.039108050000000005,r50,8.449999999998736e-05,pts_voxel_encoder,on,observed_damping,centerpoint+vit-upernet,-22.881324944608515,centerpoint,-0.008948439999999974,0.7711867505539148
0.095041,0.03200284000000002,0.03200284000000002,clear,0.09338250000000001,0.039108050000000005,0.039108050000000005,r7p5,0.0016584999999999933,pts_voxel_encoder,on,observed_damping,centerpoint+vit-upernet,-18.168152081221088,centerpoint,-0.007105209999999987,0.8183184791877891
7.502929,2.9262069199999994,2.9262069199999994,clear,7.525408,3.034836959999999,3.034836959999999,r15,-0.022478999999999694,backbone,on,observed_damping,centerpoint+vit-upernet,-3.579435779640683,vit-upernet,-0.10863003999999954,0.9642056422035932
7.613889,3.6332324799999984,3.6332324799999984,clear,7.525408,3.034836959999999,3.034836959999999,r25,0.0884810000000007,backbone,on,observed_amplification,centerpoint+vit-upernet,19.717550823553953,vit-upernet,0.5983955199999995,1.1971755082355395
7.677086,3.470061239999999,3.470061239999999,clear,7.525408,3.034836959999999,3.034836959999999,r50,0.15167800000000042,backbone,on,observed_amplification,centerpoint+vit-upernet,14.340944364932206,vit-upernet,0.4352242799999999,1.143409443649322
7.5190339999999996,3.2065300300000015,3.2065300300000015,clear,7.525408,3.034836959999999,3.034836959999999,r7p5,-0.006374000000000102,backbone,on,observed_amplification,centerpoint+vit-upernet,5.657406716175051,vit-upernet,0.17169307000000256,1.0565740671617505
0.424843,0.3349727599999999,0.3349727599999999,clear,0.426652,0.37143072,0.37143072,r15,-0.0018089999999999495,data_preprocessor,on,observed_damping,centerpoint+vit-upernet,-9.815547836215611,vit-upernet,-0.03645796000000007,0.9018445216378439
0.431059,0.43564055999999995,0.43564055999999995,clear,0.426652,0.37143072,0.37143072,r25,0.00440700000000005,data_preprocessor,on,observed_amplification,centerpoint+vit-upernet,17.28716461578621,vit-upernet,0.06420983999999996,1.172871646157862
0.432008,0.3764260399999999,0.3764260399999999,clear,0.426652,0.37143072,0.37143072,r50,0.005356000000000027,data_preprocessor,on,observed_amplification,centerpoint+vit-upernet,1.344886066505202,vit-upernet,0.004995319999999914,1.013448860665052
0.420957,0.3672751600000001,0.3672751600000001,clear,0.426652,0.37143072,0.37143072,r7p5,-0.00569499999999995,data_preprocessor,on,observed_damping,centerpoint+vit-upernet,-1.1187981435676342,vit-upernet,-0.0041555599999998916,0.9888120185643237
1.893942,0.80696776,0.80696776,clear,1.944274,0.8095716399999999,0.8095716399999999,r15,-0.05033200000000004,decode_head,on,observed_damping,centerpoint+vit-upernet,-0.32163676089245197,vit-upernet,-0.002603879999999892,0.9967836323910755
1.947793,0.9765592399999994,0.9765592399999994,clear,1.944274,0.8095716399999999,0.8095716399999999,r25,0.00351900000000005,decode_head,on,observed_amplification,centerpoint+vit-upernet,20.626661279784877,vit-upernet,0.16698759999999946,1.2062666127978487
1.951117,0.8197165199999998,0.8197165199999998,clear,1.944274,0.8095716399999999,0.8095716399999999,r50,0.0068429999999999325,decode_head,on,observed_amplification,centerpoint+vit-upernet,1.25311701877302,vit-upernet,0.010144879999999912,1.0125311701877302
1.9150144999999998,0.7594451799999999,0.7594451799999999,clear,1.944274,0.8095716399999999,0.8095716399999999,r7p5,-0.029259500000000216,decode_head,on,observed_damping,centerpoint+vit-upernet,-6.19172628132082,vit-upernet,-0.050126459999999984,0.9380827371867918
0.558107,0.33611476,0.33611476,clear,0.557077,0.32932004,0.32932004,r15,0.0010299999999999754,neck,on,observed_amplification,centerpoint+vit-upernet,2.0632573711578672,vit-upernet,0.006794720000000032,1.0206325737115787
0.570876,0.31622704,0.31622704,clear,0.557077,0.32932004,0.32932004,r25,0.013799000000000006,neck,on,observed_damping,centerpoint+vit-upernet,-3.9757677668203706,vit-upernet,-0.013092999999999966,0.9602423223317963
0.583834,0.3491085999999999,0.3491085999999999,clear,0.557077,0.32932004,0.32932004,r50,0.02675699999999992,neck,on,observed_amplification,centerpoint+vit-upernet,6.008914610844784,vit-upernet,0.0197885599999999,1.0600891461084478
0.5545635,0.31530317,0.31530317,clear,0.557077,0.32932004,0.32932004,r7p5,-0.0025135000000000574,neck,on,observed_damping,centerpoint+vit-upernet,-4.256306418522227,vit-upernet,-0.014016869999999959,0.9574369358147777
89.577875,18.00748018,18.00748018,clear,95.112727,15.847066659999996,15.847066659999996,r15,-5.534852000000001,data_preprocessor,on,observed_amplification,centerpoint+yolov3,13.632892233949923,centerpoint,2.160413520000006,1.1363289223394992
88.9973495,16.21865251,16.21865251,clear,95.112727,15.847066659999996,15.847066659999996,r25,-6.115377500000008,data_preprocessor,on,observed_amplification,centerpoint+yolov3,2.344824174545379,centerpoint,0.37158585000000244,1.0234482417454538
88.843782,18.102440209999983,18.102440209999983,clear,95.112727,15.847066659999996,15.847066659999996,r50,-6.268945000000002,data_preprocessor,on,observed_amplification,centerpoint+yolov3,14.232120040820151,centerpoint,2.2553735499999874,1.1423212004082015
89.734966,15.536080720000001,15.536080720000001,clear,95.112727,15.847066659999996,15.847066659999996,r7p5,-5.377761000000007,data_preprocessor,on,observed_damping,centerpoint+yolov3,-1.9624195863639726,centerpoint,-0.3109859399999948,0.9803758041363603
0.9108835,0.11357306000000011,0.11357306000000011,clear,0.941637,0.17417579999999966,0.17417579999999966,r15,-0.03075349999999999,pts_backbone,on,observed_damping,centerpoint+yolov3,-34.794006974562286,centerpoint,-0.060602739999999544,0.6520599302543771
0.91838,0.1805530700000002,0.1805530700000002,clear,0.941637,0.17417579999999966,0.17417579999999966,r25,-0.023256999999999972,pts_backbone,on,observed_amplification,centerpoint+yolov3,3.6613984261881116,centerpoint,0.0063772700000005456,1.0366139842618811
0.9147190000000001,0.24052639999999992,0.24052639999999992,clear,0.941637,0.17417579999999966,0.17417579999999966,r50,-0.026917999999999886,pts_backbone,on,observed_amplification,centerpoint+yolov3,38.094040618731405,centerpoint,0.06635060000000026,1.380940406187314
0.928531,0.16366387999999987,0.16366387999999987,clear,0.941637,0.17417579999999966,0.17417579999999966,r7p5,-0.013105999999999951,pts_backbone,on,observed_damping,centerpoint+yolov3,-6.0352356641966365,centerpoint,-0.010511919999999786,0.9396476433580336
29.8747565,7.142552130000009,7.142552130000009,clear,29.820794,7.09067924,7.09067924,r15,0.0539625000000008,pts_bbox_head,on,observed_amplification,centerpoint+yolov3,0.7315644699788848,centerpoint,0.051872890000009164,1.0073156446997888
29.8982295,6.882555490000001,6.882555490000001,clear,29.820794,7.09067924,7.09067924,r25,0.07743549999999999,pts_bbox_head,on,observed_damping,centerpoint+yolov3,-2.9351736689191776,centerpoint,-0.2081237499999986,0.9706482633108082
29.9220085,8.423547689999996,8.423547689999996,clear,29.820794,7.09067924,7.09067924,r50,0.1012145000000011,pts_bbox_head,on,observed_amplification,centerpoint+yolov3,18.797472074057552,centerpoint,1.3328684499999959,1.1879747207405755
29.907729,6.8213054,6.8213054,clear,29.820794,7.09067924,7.09067924,r7p5,0.08693500000000043,pts_bbox_head,on,observed_damping,centerpoint+yolov3,-3.7989849897652417,centerpoint,-0.2693738400000001,0.9620101501023476
16.801476,4.28004516,4.28004516,clear,17.09542,3.871569560000001,3.871569560000001,r15,-0.29394399999999976,pts_middle_encoder,on,observed_amplification,centerpoint+yolov3,10.550646027912226,centerpoint,0.40847559999999916,1.1055064602791222
17.005859,4.211907500000002,4.211907500000002,clear,17.09542,3.871569560000001,3.871569560000001,r25,-0.08956099999999978,pts_middle_encoder,on,observed_amplification,centerpoint+yolov3,8.790696763304462,centerpoint,0.3403379400000013,1.0879069676330446
16.9495495,4.173136660000003,4.173136660000003,clear,17.09542,3.871569560000001,3.871569560000001,r50,-0.1458705000000009,pts_middle_encoder,on,observed_amplification,centerpoint+yolov3,7.789272421079829,centerpoint,0.30156710000000153,1.0778927242107983
17.110737,4.214588279999996,4.214588279999996,clear,17.09542,3.871569560000001,3.871569560000001,r7p5,0.015316999999999581,pts_middle_encoder,on,observed_amplification,centerpoint+yolov3,8.859939481495305,centerpoint,0.34301871999999456,1.088599394814953
0.2512855,0.04820017000000004,0.04820017000000004,clear,0.257349,0.07763115999999967,0.07763115999999967,r15,-0.0060634999999999994,pts_neck,on,observed_damping,centerpoint+yolov3,-37.91131035527455,centerpoint,-0.02943098999999963,0.6208868964472545
0.2510305,0.07949021000000012,0.07949021000000012,clear,0.257349,0.07763115999999967,0.07763115999999967,r25,-0.006318500000000005,pts_neck,on,observed_amplification,centerpoint+yolov3,2.3947213979547133,centerpoint,0.001859050000000445,1.0239472139795471
0.2476805,0.08298768999999998,0.08298768999999998,clear,0.257349,0.07763115999999967,0.07763115999999967,r50,-0.009668499999999997,pts_neck,on,observed_amplification,centerpoint+yolov3,6.899974185623825,centerpoint,0.0053565300000003035,1.0689997418562383
0.253954,0.05742204000000001,0.05742204000000001,clear,0.257349,0.07763115999999967,0.07763115999999967,r7p5,-0.0033949999999999814,pts_neck,on,observed_damping,centerpoint+yolov3,-26.032227265443087,centerpoint,-0.020209119999999664,0.7396777273455691
0.09281600000000001,0.030911660000000035,0.030911660000000035,clear,0.092147,0.036268959999999906,0.036268959999999906,r15,0.0006690000000000029,pts_voxel_encoder,on,observed_damping,centerpoint+yolov3,-14.771032861156986,centerpoint,-0.0053572999999998705,0.8522896713884301
0.093645,0.03279255000000006,0.03279255000000006,clear,0.092147,0.036268959999999906,0.036268959999999906,r25,0.0014979999999999993,pts_voxel_encoder,on,observed_damping,centerpoint+yolov3,-9.58508322267817,centerpoint,-0.0034764099999998466,0.9041491677732183
0.092875,0.04325788999999998,0.04325788999999998,clear,0.092147,0.036268959999999906,0.036268959999999906,r50,0.0007279999999999925,pts_voxel_encoder,on,observed_amplification,centerpoint+yolov3,19.2697281642487,centerpoint,0.006988930000000074,1.192697281642487
0.094824,0.034495319999999996,0.034495319999999996,clear,0.092147,0.036268959999999906,0.036268959999999906,r7p5,0.002676999999999999,pts_voxel_encoder,on,observed_damping,centerpoint+yolov3,-4.890242234681985,centerpoint,-0.0017736399999999097,0.9510975776531801
4.048259,2.81286364,2.81286364,clear,4.172895,2.9952450799999992,2.9952450799999992,r15,-0.12463599999999975,backbone,on,observed_damping,centerpoint+yolov3,-6.089032287134211,yolov3,-0.182381439999999,0.9391096771286579
4.174581,2.4335927199999987,2.4335927199999987,clear,4.172895,2.9952450799999992,2.9952450799999992,r25,0.0016860000000002984,backbone,on,observed_damping,centerpoint+yolov3,-18.751465906756472,yolov3,-0.5616523600000005,0.8124853409324353
4.114327,3.159847239999999,3.159847239999999,clear,4.172895,2.9952450799999992,2.9952450799999992,r50,-0.05856799999999929,backbone,on,observed_amplification,centerpoint+yolov3,5.49544880647963,yolov3,0.16460215999999983,1.0549544880647963
4.23447,2.7989151199999998,2.7989151199999998,clear,4.172895,2.9952450799999992,2.9952450799999992,r7p5,0.06157500000000038,backbone,on,observed_damping,centerpoint+yolov3,-6.554721058084489,yolov3,-0.19632995999999947,0.9344527894191551
5.71319,44.0564742,44.0564742,clear,5.216119,45.53926836,45.53926836,r15,0.49707100000000004,bbox_head,on,observed_damping,centerpoint+yolov3,-3.25607813519998,yolov3,-1.4827941600000045,0.9674392186480002
5.706827,42.0623734,42.0623734,clear,5.216119,45.53926836,45.53926836,r25,0.4907079999999997,bbox_head,on,observed_damping,centerpoint+yolov3,-7.634938120907487,yolov3,-3.4768949600000028,0.9236506187909251
5.23957,42.76260436,42.76260436,clear,5.216119,45.53926836,45.53926836,r50,0.023450999999999667,bbox_head,on,observed_damping,centerpoint+yolov3,-6.097296026035681,yolov3,-2.776664000000004,0.9390270397396432
5.865425,42.61666484,42.61666484,clear,5.216119,45.53926836,45.53926836,r7p5,0.6493060000000002,bbox_head,on,observed_damping,centerpoint+yolov3,-6.417765645455797,yolov3,-2.9226035200000027,0.935822343545442
0.768495,0.5032684399999998,0.5032684399999998,clear,0.783675,0.6707174399999997,0.6707174399999997,r15,-0.015179999999999971,data_preprocessor,on,observed_damping,centerpoint+yolov3,-24.965654687613302,yolov3,-0.16744899999999985,0.750343453123867
0.812488,0.56048264,0.56048264,clear,0.783675,0.6707174399999997,0.6707174399999997,r25,0.028812999999999978,data_preprocessor,on,observed_damping,centerpoint+yolov3,-16.43535614639746,yolov3,-0.11023479999999963,0.8356464385360254
0.799446,0.5938573999999999,0.5938573999999999,clear,0.783675,0.6707174399999997,0.6707174399999997,r50,0.01577099999999998,data_preprocessor,on,observed_damping,centerpoint+yolov3,-11.459376991896885,yolov3,-0.0768600399999998,0.8854062300810311
0.783788,0.5649126800000001,0.5649126800000001,clear,0.783675,0.6707174399999997,0.6707174399999997,r7p5,0.00011300000000002974,data_preprocessor,on,observed_damping,centerpoint+yolov3,-15.774863405967142,yolov3,-0.10580475999999961,0.8422513659403286
1.264111,0.9197730799999999,0.9197730799999999,clear,1.374184,0.8822231199999999,0.8822231199999999,r15,-0.11007300000000009,neck,on,observed_amplification,centerpoint+yolov3,4.256288363877836,yolov3,0.03754995999999999,1.0425628836387784
1.266854,0.7537910399999996,0.7537910399999996,clear,1.374184,0.8822231199999999,0.8822231199999999,r25,-0.10733000000000015,neck,on,observed_damping,centerpoint+yolov3,-14.557777628861091,yolov3,-0.12843208000000028,0.8544222237113891
1.261171,0.9657984,0.9657984,clear,1.374184,0.8822231199999999,0.8822231199999999,r50,-0.11301300000000003,neck,on,observed_amplification,centerpoint+yolov3,9.473258873560253,yolov3,0.08357528000000003,1.0947325887356025
1.328279,0.8920059999999999,0.8920059999999999,clear,1.374184,0.8822231199999999,0.8822231199999999,r7p5,-0.045905000000000085,neck,on,observed_amplification,centerpoint+yolov3,1.108889551658998,yolov3,0.009782879999999938,1.01108889551659
5.369159,3.5185611499999956,3.5185611499999956,clear,6.04789,3.19456568,3.19456568,r15,-0.678731,backbone,on,observed_amplification,pointpillars+deeplabv3plus,10.142081974661266,deeplabv3plus,0.3239954699999954,1.1014208197466127
4.948236,3.032201719999999,3.032201719999999,clear,6.04789,3.19456568,3.19456568,r25,-1.0996540000000001,backbone,on,observed_damping,pointpillars+deeplabv3plus,-5.082504987031644,deeplabv3plus,-0.1623639600000013,0.9491749501296836
5.346502,3.5485494000000006,3.5485494000000006,clear,6.04789,3.19456568,3.19456568,r50,-0.7013879999999997,backbone,on,observed_amplification,pointpillars+deeplabv3plus,11.080808956790666,deeplabv3plus,0.35398372000000045,1.1108080895679067
5.277457500000001,2.048915440000001,2.048915440000001,clear,6.04789,3.19456568,3.19456568,r7p5,-0.7704324999999992,backbone,on,observed_damping,pointpillars+deeplabv3plus,-35.86247254744186,deeplabv3plus,-1.1456502399999993,0.6413752745255814
0.5055769999999999,0.4262670999999998,0.4262670999999998,clear,0.508384,0.4011785199999999,0.4011785199999999,r15,-0.002807000000000004,data_preprocessor,on,observed_amplification,pointpillars+deeplabv3plus,6.253719665748769,deeplabv3plus,0.02508857999999986,1.0625371966574877
0.50555,0.31381840000000005,0.31381840000000005,clear,0.508384,0.4011785199999999,0.4011785199999999,r25,-0.002833999999999892,data_preprocessor,on,observed_damping,pointpillars+deeplabv3plus,-21.7758717490657,deeplabv3plus,-0.08736011999999987,0.782241282509343
0.519504,0.42435339999999994,0.42435339999999994,clear,0.508384,0.4011785199999999,0.4011785199999999,r50,0.011120000000000019,data_preprocessor,on,observed_amplification,pointpillars+deeplabv3plus,5.776700108470423,deeplabv3plus,0.02317488000000001,1.0577670010847042
0.520688,0.38369978000000005,0.38369978000000005,clear,0.508384,0.4011785199999999,0.4011785199999999,r7p5,0.012304000000000093,data_preprocessor,on,observed_damping,pointpillars+deeplabv3plus,-4.356848417507464,deeplabv3plus,-0.01747873999999988,0.9564315158249254
1.528054,0.8868179999999999,0.8868179999999999,clear,1.708428,0.9089327199999999,0.9089327199999999,r15,-0.18037400000000003,decode_head,on,observed_damping,pointpillars+deeplabv3plus,-2.433042568871324,deeplabv3plus,-0.022114720000000032,0.9756695743112868
1.443376,0.8149889199999998,0.8149889199999998,clear,1.708428,0.9089327199999999,0.9089327199999999,r25,-0.26505200000000007,decode_head,on,observed_damping,pointpillars+deeplabv3plus,-10.335616479952458,deeplabv3plus,-0.09394380000000013,0.8966438352004754
1.554058,0.9897310400000001,0.9897310400000001,clear,1.708428,0.9089327199999999,0.9089327199999999,r50,-0.15437000000000012,decode_head,on,observed_amplification,pointpillars+deeplabv3plus,8.889362020106418,deeplabv3plus,0.0807983200000002,1.0888936202010642
1.480829,0.8213370900000001,0.8213370900000001,clear,1.708428,0.9089327199999999,0.9089327199999999,r7p5,-0.2275990000000001,decode_head,on,observed_damping,pointpillars+deeplabv3plus,-9.637196249244917,deeplabv3plus,-0.08759562999999981,0.9036280375075508
8.293615500000001,14.725141169999992,14.725141169999992,clear,8.280888999999998,14.374909870000002,14.374909870000002,r15,0.012726500000002972,data_preprocessor,on,observed_amplification,pointpillars+deeplabv3plus,2.4364069282334144,pointpillars,0.35023129999999014,1.0243640692823341
8.801861,14.991559400000003,14.991559400000003,clear,8.280888999999998,14.374909870000002,14.374909870000002,r25,0.5209720000000022,data_preprocessor,on,observed_amplification,pointpillars+deeplabv3plus,4.289762757309035,pointpillars,0.6166495300000019,1.0428976275730903
8.008278,14.931148160000003,14.931148160000003,clear,8.280888999999998,14.374909870000002,14.374909870000002,r50,-0.2726109999999977,data_preprocessor,on,observed_amplification,pointpillars+deeplabv3plus,3.869508018000545,pointpillars,0.5562382900000014,1.0386950801800054
8.7942945,14.227536129999997,14.227536129999997,clear,8.280888999999998,14.374909870000002,14.374909870000002,r7p5,0.5134055000000011,data_preprocessor,on,observed_damping,pointpillars+deeplabv3plus,-1.025215054096229,pointpillars,-0.14737374000000436,0.9897478494590377
1.2418885,0.4318073499999997,0.4318073499999997,clear,1.227816,0.39268568000000004,0.39268568000000004,r15,0.014072499999999932,pts_backbone,on,observed_amplification,pointpillars+deeplabv3plus,9.962591454824544,pointpillars,0.039121669999999664,1.0996259145482454
1.223435,0.40464568,0.40464568,clear,1.227816,0.39268568000000004,0.39268568000000004,r25,-0.004380999999999968,pts_backbone,on,observed_amplification,pointpillars+deeplabv3plus,3.045692931812538,pointpillars,0.01195999999999997,1.0304569293181254
1.23001,0.49230148000000007,0.49230148000000007,clear,1.227816,0.39268568000000004,0.39268568000000004,r50,0.0021940000000000293,pts_backbone,on,observed_amplification,pointpillars+deeplabv3plus,25.367820899402304,pointpillars,0.09961580000000003,1.253678208994023
1.2423965,0.4987162299999994,0.4987162299999994,clear,1.227816,0.39268568000000004,0.39268568000000004,r7p5,0.014580499999999885,pts_backbone,on,observed_amplification,pointpillars+deeplabv3plus,27.00137932200619,pointpillars,0.10603054999999939,1.270013793220062
22.168072000000002,37.84764550999996,37.84764550999996,clear,24.9862385,40.01110370000001,40.01110370000001,r15,-2.8181664999999967,pts_bbox_head,on,observed_damping,pointpillars+deeplabv3plus,-5.407144492242666,pointpillars,-2.16345819000005,0.9459285550775733
20.007567,37.035141320000015,37.035141320000015,clear,24.9862385,40.01110370000001,40.01110370000001,r25,-4.978671499999997,pts_bbox_head,on,observed_damping,pointpillars+deeplabv3plus,-7.437841261049716,pointpillars,-2.9759623799999915,0.9256215873895028
22.075386,36.22110592,36.22110592,clear,24.9862385,40.01110370000001,40.01110370000001,r50,-2.910852499999997,pts_bbox_head,on,observed_damping,pointpillars+deeplabv3plus,-9.472364992520832,pointpillars,-3.7899977800000073,0.9052763500747917
25.613145000000003,38.95175972999999,38.95175972999999,clear,24.9862385,40.01110370000001,40.01110370000001,r7p5,0.626906500000004,pts_bbox_head,on,observed_damping,pointpillars+deeplabv3plus,-2.6476249641671723,pointpillars,-1.0593439700000147,0.9735237503583283
5.436539,11.706477699999986,11.706477699999986,clear,5.6690625,11.484550859999999,11.484550859999999,r15,-0.2325235000000001,pts_middle_encoder,on,observed_amplification,pointpillars+deeplabv3plus,1.9323945943149123,pointpillars,0.22192683999998764,1.0193239459431491
5.5647,11.83214648,11.83214648,clear,5.6690625,11.484550859999999,11.484550859999999,r25,-0.10436249999999969,pts_middle_encoder,on,observed_amplification,pointpillars+deeplabv3plus,3.026636602835353,pointpillars,0.34759562000000166,1.0302663660283535
5.767601,12.299938820000001,12.299938820000001,clear,5.6690625,11.484550859999999,11.484550859999999,r50,0.09853850000000008,pts_middle_encoder,on,observed_amplification,pointpillars+deeplabv3plus,7.09986807442291,pointpillars,0.8153879600000025,1.070998680744229
5.4181495,11.807988879999995,11.807988879999995,clear,5.6690625,11.484550859999999,11.484550859999999,r7p5,-0.2509129999999997,pts_middle_encoder,on,observed_amplification,pointpillars+deeplabv3plus,2.816287932743733,pointpillars,0.3234380199999958,1.0281628793274373
0.324542,0.11970586999999916,0.11970586999999916,clear,0.3263165,0.09812876000000004,0.09812876000000004,r15,-0.0017745000000000122,pts_neck,on,observed_amplification,pointpillars+deeplabv3plus,21.98856889662022,pointpillars,0.021577109999999122,1.2198856889662022
0.325031,0.12417624000000016,0.12417624000000016,clear,0.3263165,0.09812876000000004,0.09812876000000004,r25,-0.001285499999999995,pts_neck,on,observed_amplification,pointpillars+deeplabv3plus,26.544185415162815,pointpillars,0.026047480000000123,1.2654418541516281
0.329078,0.1774437400000004,0.1774437400000004,clear,0.3263165,0.09812876000000004,0.09812876000000004,r50,0.0027614999999999723,pts_neck,on,observed_amplification,pointpillars+deeplabv3plus,80.82745568169855,pointpillars,0.07931498000000037,1.8082745568169856
0.33071150000000005,0.23996695999999912,0.23996695999999912,clear,0.3263165,0.09812876000000004,0.09812876000000004,r7p5,0.004395000000000038,pts_neck,on,observed_amplification,pointpillars+deeplabv3plus,144.5429454117213,pointpillars,0.14183819999999908,2.445429454117213
1.0158445,0.6523249199999962,0.6523249199999962,clear,0.964768,0.49836042000000014,0.49836042000000014,r15,0.05107650000000008,pts_voxel_encoder,on,observed_amplification,pointpillars+deeplabv3plus,30.89420704798267,pointpillars,0.15396449999999606,1.3089420704798267
0.972751,0.5867705200000006,0.5867705200000006,clear,0.964768,0.49836042000000014,0.49836042000000014,r25,0.007983000000000073,pts_voxel_encoder,on,observed_amplification,pointpillars+deeplabv3plus,17.74019293105189,pointpillars,0.08841010000000049,1.177401929310519
0.966306,0.73095918,0.73095918,clear,0.964768,0.49836042000000014,0.49836042000000014,r50,0.0015380000000000393,pts_voxel_encoder,on,observed_amplification,pointpillars+deeplabv3plus,46.6727995774624,pointpillars,0.2325987599999999,1.466727995774624
0.9391375,0.6402269099999996,0.6402269099999996,clear,0.964768,0.49836042000000014,0.49836042000000014,r7p5,-0.0256305,pts_voxel_encoder,on,observed_amplification,pointpillars+deeplabv3plus,28.466644682577225,pointpillars,0.1418664899999995,1.2846664468257722
4.454963,4.3957973599999995,4.3957973599999995,clear,3.924747,5.4074757399999855,5.4074757399999855,r15,0.5302160000000002,backbone,on,observed_damping,pointpillars+detr,-18.708884304675376,detr,-1.011678379999986,0.8129111569532462
3.840986,3.48125968,3.48125968,clear,3.924747,5.4074757399999855,5.4074757399999855,r25,-0.08376099999999997,backbone,on,observed_damping,pointpillars+detr,-35.62135370763569,detr,-1.9262160599999856,0.643786462923643
3.782548,2.87906052,2.87906052,clear,3.924747,5.4074757399999855,5.4074757399999855,r50,-0.1421990000000002,backbone,on,observed_damping,pointpillars+detr,-46.75777278660509,detr,-2.5284152199999856,0.5324222721339491
3.7849519999999997,3.014428899999997,3.014428899999997,clear,3.924747,5.4074757399999855,5.4074757399999855,r7p5,-0.13979500000000034,backbone,on,observed_damping,pointpillars+detr,-44.25441657182534,detr,-2.3930468399999887,0.5574558342817466
12.041819,21.556238240000003,21.556238240000003,clear,11.580328,21.5394096,21.5394096,r15,0.46149100000000054,bbox_head,on,observed_amplification,pointpillars+detr,0.07812953238979237,detr,0.016828640000003503,1.000781295323898
11.336277,19.443958520000002,19.443958520000002,clear,11.580328,21.5394096,21.5394096,r25,-0.2440509999999989,bbox_head,on,observed_damping,pointpillars+detr,-9.72845179563323,detr,-2.0954510799999966,0.9027154820436677
11.419112,21.77096488,21.77096488,clear,11.580328,21.5394096,21.5394096,r50,-0.16121599999999958,bbox_head,on,observed_amplification,pointpillars+detr,1.075030765931495,detr,0.23155528000000203,1.010750307659315
12.1970295,20.6538728,20.6538728,clear,11.580328,21.5394096,21.5394096,r7p5,0.6167014999999996,bbox_head,on,observed_damping,pointpillars+detr,-4.111239892109209,detr,-0.8855368000000006,0.9588876010789079
0.989683,0.9982467199999999,0.9982467199999999,clear,0.963361,1.6707669599999977,1.6707669599999977,r15,0.026321999999999957,data_preprocessor,on,observed_damping,pointpillars+detr,-40.252186935753066,detr,-0.6725202399999978,0.5974781306424694
0.971187,0.9161098,0.9161098,clear,0.963361,1.6707669599999977,1.6707669599999977,r25,0.007826,data_preprocessor,on,observed_damping,pointpillars+detr,-45.16830761364821,detr,-0.7546571599999977,0.5483169238635179
0.990036,0.8732947999999993,0.8732947999999993,clear,0.963361,1.6707669599999977,1.6707669599999977,r50,0.026675000000000004,data_preprocessor,on,observed_damping,pointpillars+detr,-47.730903177544256,detr,-0.7974721599999984,0.5226909682245574
0.9588245,0.81691165,0.81691165,clear,0.963361,1.6707669599999977,1.6707669599999977,r7p5,-0.004536500000000054,data_preprocessor,on,observed_damping,pointpillars+detr,-51.10558985437436,detr,-0.8538553099999977,0.48894410145625644
5.731266,2.6317424799999998,2.6317424799999998,clear,5.245899,3.0366594399999975,3.0366594399999975,r15,0.4853670000000001,decoder,on,observed_damping,pointpillars+detr,-13.33428947172285,detr,-0.40491695999999777,0.8666571052827715
5.014631,2.9681542800000003,2.9681542800000003,clear,5.245899,3.0366594399999975,3.0366594399999975,r25,-0.23126800000000003,decoder,on,observed_damping,pointpillars+detr,-2.2559381897628072,detr,-0.06850515999999729,0.9774406181023719
5.026418,2.867750319999999,2.867750319999999,clear,5.245899,3.0366594399999975,3.0366594399999975,r50,-0.21948100000000004,decoder,on,observed_damping,pointpillars+detr,-5.562333325069824,detr,-0.16890911999999858,0.9443766667493018
4.9300275,2.77019575,2.77019575,clear,5.245899,3.0366594399999975,3.0366594399999975,r7p5,-0.3158715000000001,decoder,on,observed_damping,pointpillars+detr,-8.77489541599692,detr,-0.2664636899999975,0.9122510458400308
3.877501,2.6766884399999995,2.6766884399999995,clear,3.403296,3.246831859999992,3.246831859999992,r15,0.474205,encoder,on,observed_damping,pointpillars+detr,-17.55999215801689,detr,-0.5701434199999924,0.8244000784198311
3.298288,2.4001299599999997,2.4001299599999997,clear,3.403296,3.246831859999992,3.246831859999992,r25,-0.10500800000000021,encoder,on,observed_damping,pointpillars+detr,-26.07778710167007,detr,-0.8467018999999922,0.7392221289832993
3.393673,2.2076116800000003,2.2076116800000003,clear,3.403296,3.246831859999992,3.246831859999992,r50,-0.009622999999999937,encoder,on,observed_damping,pointpillars+detr,-32.00720655734831,detr,-1.0392201799999916,0.6799279344265169
3.2642415,2.599916749999997,2.599916749999997,clear,3.403296,3.246831859999992,3.246831859999992,r7p5,-0.1390545000000003,encoder,on,observed_damping,pointpillars+detr,-19.9245029584007,detr,-0.6469151099999948,0.800754970415993
0.08509,0.09114863999999999,0.09114863999999999,clear,0.085214,0.10762647999999965,0.10762647999999965,r15,-0.0001239999999999991,neck,on,observed_damping,pointpillars+detr,-15.310209903733462,detr,-0.01647783999999966,0.8468979009626654
0.080618,0.0605822,0.0605822,clear,0.085214,0.10762647999999965,0.10762647999999965,r25,-0.004596000000000003,neck,on,observed_damping,pointpillars+detr,-43.710692758882196,detr,-0.04704427999999965,0.562893072411178
0.081325,0.05797304,0.05797304,clear,0.085214,0.10762647999999965,0.10762647999999965,r50,-0.0038890000000000036,neck,on,observed_damping,pointpillars+detr,-46.13496604181406,detr,-0.049653439999999646,0.5386503395818594
0.079599,0.05571324999999998,0.05571324999999998,clear,0.085214,0.10762647999999965,0.10762647999999965,r7p5,-0.005614999999999995,neck,on,observed_damping,pointpillars+detr,-48.23462590247293,detr,-0.05191322999999967,0.5176537409752707
0.539579,0.4373075999999998,0.4373075999999998,clear,0.48127,0.5615148399999987,0.5615148399999987,r15,0.058309000000000055,positional_encoding,on,observed_damping,pointpillars+detr,-22.12002802989129,detr,-0.12420723999999894,0.7787997197010871
0.456616,0.36171224,0.36171224,clear,0.48127,0.5615148399999987,0.5615148399999987,r25,-0.024653999999999954,positional_encoding,on,observed_damping,pointpillars+detr,-35.58278174802988,detr,-0.19980259999999872,0.6441721825197012
0.467488,0.33037839999999996,0.33037839999999996,clear,0.48127,0.5615148399999987,0.5615148399999987,r50,-0.013781999999999961,positional_encoding,on,observed_damping,pointpillars+detr,-41.163015388871884,detr,-0.23113643999999878,0.5883698461112812
0.4568635,0.35189179999999975,0.35189179999999975,clear,0.48127,0.5615148399999987,0.5615148399999987,r7p5,-0.024406499999999998,positional_encoding,on,observed_damping,pointpillars+detr,-37.331700797079456,detr,-0.20962303999999898,0.6266829920292054
7.597154,10.551421,10.551421,clear,7.1781705,10.96552128,10.96552128,r15,0.4189834999999995,data_preprocessor,on,observed_damping,pointpillars+detr,-3.7763848104082176,pointpillars,-0.4141002800000013,0.9622361518959178
7.25231,10.28059091999998,10.28059091999998,clear,7.1781705,10.96552128,10.96552128,r25,0.07413949999999936,data_preprocessor,on,observed_damping,pointpillars+detr,-6.246217963657264,pointpillars,-0.6849303600000205,0.9375378203634274
7.376769,10.78457028,10.78457028,clear,7.1781705,10.96552128,10.96552128,r50,0.19859850000000012,data_preprocessor,on,observed_damping,pointpillars+detr,-1.6501814677067572,pointpillars,-0.1809510000000003,0.9834981853229324
7.883797,10.29101324,10.29101324,clear,7.1781705,10.96552128,10.96552128,r7p5,0.7056265000000002,data_preprocessor,on,observed_damping,pointpillars+detr,-6.15117168419741,pointpillars,-0.674508040000001,0.9384882831580259
1.252159,1.1126875,1.1126875,clear,1.2465205,0.9232083300000016,0.9232083300000016,r15,0.005638500000000102,pts_backbone,on,observed_amplification,pointpillars+detr,20.52398833966307,pointpillars,0.18947916999999848,1.2052398833966307
1.241209,0.7332619999999981,0.7332619999999981,clear,1.2465205,0.9232083300000016,0.9232083300000016,r25,-0.0053114999999999135,pts_backbone,on,observed_damping,pointpillars+detr,-20.574590136118374,pointpillars,-0.1899463300000035,0.7942540986388162
1.252433,0.6157006200000006,0.6157006200000006,clear,1.2465205,0.9232083300000016,0.9232083300000016,r50,0.005912499999999987,pts_backbone,on,observed_damping,pointpillars+detr,-33.308593521897755,pointpillars,-0.307507710000001,0.6669140647810224
1.244905,0.5849793200000006,0.5849793200000006,clear,1.2465205,0.9232083300000016,0.9232083300000016,r7p5,-0.001615499999999992,pts_backbone,on,observed_damping,pointpillars+detr,-36.63626063685976,pointpillars,-0.33822901000000094,0.6336373936314024
22.130479,16.507845000000003,16.507845000000003,clear,20.988838,16.754515540000007,16.754515540000007,r15,1.141641,pts_bbox_head,on,observed_damping,pointpillars+detr,-1.472263041035704,pointpillars,-0.24667054000000377,0.985277369589643
21.840131,16.60533759999999,16.60533759999999,clear,20.988838,16.754515540000007,16.754515540000007,r25,0.8512929999999983,pts_bbox_head,on,observed_damping,pointpillars+detr,-0.8903745360100968,pointpillars,-0.1491779400000155,0.991096254639899
22.650121,16.96095072,16.96095072,clear,20.988838,16.754515540000007,16.754515540000007,r50,1.6612829999999974,pts_bbox_head,on,observed_amplification,pointpillars+detr,1.2321166762903069,pointpillars,0.2064351799999926,1.012321166762903
22.142004,16.16546494,16.16546494,clear,20.988838,16.754515540000007,16.754515540000007,r7p5,1.1531659999999988,pts_bbox_head,on,observed_damping,pointpillars+detr,-3.515772202387457,pointpillars,-0.5890506000000073,0.9648422779761254
4.75726,5.693389,5.693389,clear,5.2053835,5.126015990000008,5.126015990000008,r15,-0.44812350000000034,pts_middle_encoder,on,observed_amplification,pointpillars+detr,11.068498637281676,pointpillars,0.5673730099999919,1.1106849863728168
5.021339,7.023512519999999,7.023512519999999,clear,5.2053835,5.126015990000008,5.126015990000008,r25,-0.18404449999999972,pts_middle_encoder,on,observed_amplification,pointpillars+detr,37.0169842174056,pointpillars,1.8974965299999909,1.370169842174056
4.975763,6.025349200000004,6.025349200000004,clear,5.2053835,5.126015990000008,5.126015990000008,r50,-0.22962050000000023,pts_middle_encoder,on,observed_amplification,pointpillars+detr,17.54448701983067,pointpillars,0.8993332099999964,1.1754448701983067
4.323446,5.799752300000007,5.799752300000007,clear,5.2053835,5.126015990000008,5.126015990000008,r7p5,-0.8819375000000003,pts_middle_encoder,on,observed_amplification,pointpillars+detr,13.143468754571664,pointpillars,0.6737363099999989,1.1314346875457166
0.32441,0.2709209999999999,0.2709209999999999,clear,0.32616199999999995,0.23404296000000002,0.23404296000000002,r15,-0.0017519999999999758,pts_neck,on,observed_amplification,pointpillars+detr,15.756953338822877,pointpillars,0.03687803999999989,1.1575695333882288
0.326659,0.2234853999999974,0.2234853999999974,clear,0.32616199999999995,0.23404296000000002,0.23404296000000002,r25,0.0004970000000000252,pts_neck,on,observed_damping,pointpillars+detr,-4.51094961369598,pointpillars,-0.01055756000000263,0.9548905038630402
0.322894,0.15235176000000006,0.15235176000000006,clear,0.32616199999999995,0.23404296000000002,0.23404296000000002,r50,-0.0032679999999999376,pts_neck,on,observed_damping,pointpillars+detr,-34.90436114805588,pointpillars,-0.08169119999999996,0.6509563885194413
0.328467,0.20108720000000024,0.20108720000000024,clear,0.32616199999999995,0.23404296000000002,0.23404296000000002,r7p5,0.002305000000000057,pts_neck,on,observed_damping,pointpillars+detr,-14.081072979080322,pointpillars,-0.03295575999999978,0.8591892702091968
0.99275,1.1003224999999999,1.1003224999999999,clear,1.0106199999999999,0.8104588000000016,0.8104588000000016,r15,-0.01786999999999983,pts_voxel_encoder,on,observed_amplification,pointpillars+detr,35.765383755472534,pointpillars,0.2898636999999983,1.3576538375547254
0.986752,0.8847836799999973,0.8847836799999973,clear,1.0106199999999999,0.8104588000000016,0.8104588000000016,r25,-0.02386799999999989,pts_voxel_encoder,on,observed_amplification,pointpillars+detr,9.170716636057952,pointpillars,0.07432487999999571,1.0917071663605795
1.020226,0.6043207600000001,0.6043207600000001,clear,1.0106199999999999,0.8104588000000016,0.8104588000000016,r50,0.009606000000000225,pts_voxel_encoder,on,observed_damping,pointpillars+detr,-25.43473400498595,pointpillars,-0.20613804000000147,0.7456526599501405
0.917368,0.6216536000000009,0.6216536000000009,clear,1.0106199999999999,0.8104588000000016,0.8104588000000016,r7p5,-0.09325199999999989,pts_voxel_encoder,on,observed_damping,pointpillars+detr,-23.29608858587263,pointpillars,-0.18880520000000067,0.7670391141412737
3.776779,2.2222756000000006,2.2222756000000006,clear,3.693942,1.8381875999999973,1.8381875999999973,r15,0.08283700000000005,backbone,on,observed_amplification,pointpillars+dino,20.89492933147867,dino,0.3840880000000033,1.2089492933147867
3.696591,3.3125292500000016,3.3125292500000016,clear,3.693942,1.8381875999999973,1.8381875999999973,r25,0.0026490000000003455,backbone,on,observed_amplification,pointpillars+dino,80.2062667597152,dino,1.4743416500000044,1.802062667597152
3.72882,2.5385430199999997,2.5385430199999997,clear,3.693942,1.8381875999999973,1.8381875999999973,r50,0.034877999999999965,backbone,on,observed_amplification,pointpillars+dino,38.10032338375058,dino,0.7003554200000024,1.3810032338375058
4.00635,2.8099549999999995,2.8099549999999995,clear,3.693942,1.8381875999999973,1.8381875999999973,r7p5,0.31240800000000046,backbone,on,observed_amplification,pointpillars+dino,52.86551818758889,dino,0.9717674000000023,1.528655181875889
1.80376,5.262324200000004,5.262324200000004,clear,1.773414,5.383898079999994,5.383898079999994,r15,0.030345999999999984,bbox_head,on,observed_damping,pointpillars+dino,-2.2581014386511167,dino,-0.12157387999998992,0.9774189856134888
1.791416,5.18976449,5.18976449,clear,1.773414,5.383898079999994,5.383898079999994,r25,0.01800199999999985,bbox_head,on,observed_damping,pointpillars+dino,-3.605818444467912,dino,-0.19413358999999364,0.9639418155553209
1.846003,4.78713202,4.78713202,clear,1.773414,5.383898079999994,5.383898079999994,r50,0.07258900000000001,bbox_head,on,observed_damping,pointpillars+dino,-11.084274834563635,dino,-0.596766059999994,0.8891572516543637
1.804949,5.207381439999993,5.207381439999993,clear,1.773414,5.383898079999994,5.383898079999994,r7p5,0.03153499999999987,bbox_head,on,observed_damping,pointpillars+dino,-3.2786029263020766,dino,-0.1765166400000009,0.9672139707369792
0.94335,0.5887414000000002,0.5887414000000002,clear,0.938027,0.5132458799999998,0.5132458799999998,r15,0.005322999999999967,data_preprocessor,on,observed_amplification,pointpillars+dino,14.709425431724931,dino,0.07549552000000037,1.1470942543172493
0.9366540000000001,0.6895531600000001,0.6895531600000001,clear,0.938027,0.5132458799999998,0.5132458799999998,r25,-0.0013729999999999576,data_preprocessor,on,observed_amplification,pointpillars+dino,34.351426259866,dino,0.1763072800000003,1.34351426259866
0.933061,0.6857129000000001,0.6857129000000001,clear,0.938027,0.5132458799999998,0.5132458799999998,r50,-0.004966000000000026,data_preprocessor,on,observed_amplification,pointpillars+dino,33.60319619126808,dino,0.17246702000000025,1.3360319619126808
0.958558,0.6412334799999997,0.6412334799999997,clear,0.938027,0.5132458799999998,0.5132458799999998,r7p5,0.020530999999999966,data_preprocessor,on,observed_amplification,pointpillars+dino,24.936897691219627,dino,0.12798759999999987,1.2493689769121963
12.917078,8.4001068,8.4001068,clear,12.751035,8.68284948,8.68284948,r15,0.16604300000000016,decoder,on,observed_damping,pointpillars+dino,-3.256335154159551,dino,-0.28274268000000014,0.9674366484584045
12.757934500000001,8.587783520000002,8.587783520000002,clear,12.751035,8.68284948,8.68284948,r25,0.006899500000001169,decoder,on,observed_damping,pointpillars+dino,-1.094870528608971,dino,-0.09506595999999767,0.9890512947139103
12.95007,8.6134694,8.6134694,clear,12.751035,8.68284948,8.68284948,r50,0.1990350000000003,decoder,on,observed_damping,pointpillars+dino,-0.7990473652665475,dino,-0.06938008000000018,0.9920095263473345
12.880995,8.772591159999998,8.772591159999998,clear,12.751035,8.68284948,8.68284948,r7p5,0.12996000000000052,decoder,on,observed_amplification,pointpillars+dino,1.0335510273062676,dino,0.08974167999999771,1.0103355102730627
30.367194,10.751575400000004,10.751575400000004,clear,30.384531,10.508594919999993,10.508594919999993,r15,-0.017336999999997715,encoder,on,observed_amplification,pointpillars+dino,2.31220712045499,dino,0.2429804800000106,1.02312207120455
30.4986325,10.714314650000002,10.714314650000002,clear,30.384531,10.508594919999993,10.508594919999993,r25,0.1141015000000003,encoder,on,observed_amplification,pointpillars+dino,1.9576330762210992,dino,0.2057197300000091,1.019576330762211
30.662262,10.009339940000004,10.009339940000004,clear,30.384531,10.508594919999993,10.508594919999993,r50,0.2777309999999993,encoder,on,observed_damping,pointpillars+dino,-4.750920401830372,dino,-0.49925497999998925,0.9524907959816963
30.553939,10.561076,10.561076,clear,30.384531,10.508594919999993,10.508594919999993,r7p5,0.16940800000000067,encoder,on,observed_amplification,pointpillars+dino,0.4994110097452209,dino,0.05248108000000684,1.0049941100974522
0.369956,0.2538054,0.2538054,clear,0.361808,0.1824179599999997,0.1824179599999997,r15,0.008147999999999989,neck,on,observed_amplification,pointpillars+dino,39.13399755155711,dino,0.0713874400000003,1.391339975515571
0.368572,0.3016209,0.3016209,clear,0.361808,0.1824179599999997,0.1824179599999997,r25,0.006763999999999992,neck,on,observed_amplification,pointpillars+dino,65.34605474153999,dino,0.11920294000000031,1.6534605474153998
0.368884,0.2689443599999999,0.2689443599999999,clear,0.361808,0.1824179599999997,0.1824179599999997,r50,0.007075999999999971,neck,on,observed_amplification,pointpillars+dino,47.43304880725576,dino,0.08652640000000017,1.4743304880725576
0.396648,0.26738576000000003,0.26738576000000003,clear,0.361808,0.1824179599999997,0.1824179599999997,r7p5,0.03483999999999998,neck,on,observed_amplification,pointpillars+dino,46.57863732277263,dino,0.08496780000000032,1.4657863732277263
0.38926,0.3492527300000002,0.3492527300000002,clear,0.33765999999999996,0.33045119999999967,0.33045119999999967,r15,0.051600000000000035,positional_encoding,on,observed_amplification,pointpillars+dino,5.6896540245580995,dino,0.01880153000000051,1.056896540245581
0.3892935,0.35035935000000007,0.35035935000000007,clear,0.33765999999999996,0.33045119999999967,0.33045119999999967,r25,0.051633500000000054,positional_encoding,on,observed_amplification,pointpillars+dino,6.024535544128873,dino,0.019908150000000402,1.0602453554412887
0.34235899999999997,0.3676255,0.3676255,clear,0.33765999999999996,0.33045119999999967,0.33045119999999967,r50,0.004699000000000009,positional_encoding,on,observed_amplification,pointpillars+dino,11.249558179846343,dino,0.037174300000000327,1.1124955817984634
0.3991665,0.3607907399999999,0.3607907399999999,clear,0.33765999999999996,0.33045119999999967,0.33045119999999967,r7p5,0.06150650000000002,positional_encoding,on,observed_amplification,pointpillars+dino,9.18124673174141,dino,0.03033954000000022,1.091812467317414
12.958024,22.418292959999995,22.418292959999995,clear,13.5941,23.89679278,23.89679278,r15,-0.6360759999999992,data_preprocessor,on,observed_damping,pointpillars+dino,-6.18702197241049,pointpillars,-1.4784998200000032,0.9381297802758951
13.348274,24.106897280000034,24.106897280000034,clear,13.5941,23.89679278,23.89679278,r25,-0.2458259999999992,data_preprocessor,on,observed_amplification,pointpillars+dino,0.8792163113029883,pointpillars,0.21010450000003544,1.0087921631130299
13.331727,23.131940110000002,23.131940110000002,clear,13.5941,23.89679278,23.89679278,r50,-0.2623729999999984,data_preprocessor,on,observed_damping,pointpillars+dino,-3.200649882356288,pointpillars,-0.7648526699999962,0.9679935011764371
13.4275345,22.008148199999997,22.008148199999997,clear,13.5941,23.89679278,23.89679278,r7p5,-0.16656549999999903,data_preprocessor,on,observed_damping,pointpillars+dino,-7.903339152610755,pointpillars,-1.8886445800000011,0.9209666084738924
1.240579,0.3491241999999999,0.3491241999999999,clear,1.214465,0.35816401999999914,0.35816401999999914,r15,0.026114000000000193,pts_backbone,on,observed_damping,pointpillars+dino,-2.5239330293420514,pointpillars,-0.009039819999999255,0.9747606697065795
1.223772,0.42490468000000203,0.42490468000000203,clear,1.214465,0.35816401999999914,0.35816401999999914,r25,0.009307000000000176,pts_backbone,on,observed_amplification,pointpillars+dino,18.634105123122936,pointpillars,0.0667406600000029,1.1863410512312293
1.2555,0.5645888599999993,0.5645888599999993,clear,1.214465,0.35816401999999914,0.35816401999999914,r50,0.041035000000000155,pts_backbone,on,observed_amplification,pointpillars+dino,57.63416436972106,pointpillars,0.20642484000000016,1.5763416436972106
1.230205,0.33858047999999963,0.33858047999999963,clear,1.214465,0.35816401999999914,0.35816401999999914,r7p5,0.015740000000000087,pts_backbone,on,observed_damping,pointpillars+dino,-5.467757481614022,pointpillars,-0.01958353999999951,0.9453224251838598
40.674398,44.08424557999999,44.08424557999999,clear,41.468451,43.61704628,43.61704628,r15,-0.7940530000000052,pts_bbox_head,on,observed_amplification,pointpillars+dino,1.071139244507302,pointpillars,0.4671992999999901,1.010711392445073
36.957987,43.920807560000014,43.920807560000014,clear,41.468451,43.61704628,43.61704628,r25,-4.510463999999999,pts_bbox_head,on,observed_amplification,pointpillars+dino,0.6964279012614094,pointpillars,0.30376128000001756,1.006964279012614
37.5336265,44.2897455,44.2897455,clear,41.468451,43.61704628,43.61704628,r50,-3.934824500000005,pts_bbox_head,on,observed_amplification,pointpillars+dino,1.5422851324722986,pointpillars,0.6726992200000055,1.015422851324723
35.948328000000004,44.24929502,44.24929502,clear,41.468451,43.61704628,43.61704628,r7p5,-5.520122999999998,pts_bbox_head,on,observed_amplification,pointpillars+dino,1.4495450607573845,pointpillars,0.6322487400000014,1.0144954506075738
5.759768,10.986855759999989,10.986855759999989,clear,5.972672,11.05639272,11.05639272,r15,-0.21290399999999998,pts_middle_encoder,on,observed_damping,pointpillars+dino,-0.6289299029169415,pointpillars,-0.0695369600000113,0.9937107009708306
5.708581,12.275612640000006,12.275612640000006,clear,5.972672,11.05639272,11.05639272,r25,-0.2640910000000005,pts_middle_encoder,on,observed_amplification,pointpillars+dino,11.027284855706586,pointpillars,1.2192199200000058,1.1102728485570659
5.7283005,11.526551249999999,11.526551249999999,clear,5.972672,11.05639272,11.05639272,r50,-0.24437150000000063,pts_middle_encoder,on,observed_amplification,pointpillars+dino,4.2523682172534105,pointpillars,0.4701585299999991,1.042523682172534
5.854266,11.477832529999999,11.477832529999999,clear,5.972672,11.05639272,11.05639272,r7p5,-0.11840600000000023,pts_middle_encoder,on,observed_amplification,pointpillars+dino,3.81172974470827,pointpillars,0.42143980999999897,1.0381172974470827
0.330806,0.10857603999999937,0.10857603999999937,clear,0.323455,0.08248021999999999,0.08248021999999999,r15,0.007350999999999996,pts_neck,on,observed_amplification,pointpillars+dino,31.638882631495633,pointpillars,0.02609581999999938,1.3163888263149564
0.32667,0.19384228000000042,0.19384228000000042,clear,0.323455,0.08248021999999999,0.08248021999999999,r25,0.0032150000000000234,pts_neck,on,observed_amplification,pointpillars+dino,135.01668642493976,pointpillars,0.11136206000000043,2.3501668642493976
0.3353425,0.16579842999999989,0.16579842999999989,clear,0.323455,0.08248021999999999,0.08248021999999999,r50,0.011887499999999995,pts_neck,on,observed_amplification,pointpillars+dino,101.01598904561592,pointpillars,0.08331820999999989,2.0101598904561593
0.327975,0.10165521999999999,0.10165521999999999,clear,0.323455,0.08248021999999999,0.08248021999999999,r7p5,0.004520000000000024,pts_neck,on,observed_amplification,pointpillars+dino,23.24799812609617,pointpillars,0.019174999999999998,1.2324799812609617
0.991566,0.5891576599999998,0.5891576599999998,clear,0.955504,0.5575068799999997,0.5575068799999997,r15,0.03606199999999993,pts_voxel_encoder,on,observed_amplification,pointpillars+dino,5.677199893927787,pointpillars,0.0316507800000001,1.0567719989392779
0.944801,0.6350866400000033,0.6350866400000033,clear,0.955504,0.5575068799999997,0.5575068799999997,r25,-0.010703000000000018,pts_voxel_encoder,on,observed_amplification,pointpillars+dino,13.915480289678861,pointpillars,0.07757976000000355,1.1391548028967886
0.9435085,0.5926572299999997,0.5926572299999997,clear,0.955504,0.5575068799999997,0.5575068799999997,r50,-0.011995500000000048,pts_voxel_encoder,on,observed_amplification,pointpillars+dino,6.304917707921387,pointpillars,0.03515035,1.0630491770792139
0.9643735,0.6697100999999999,0.6697100999999999,clear,0.955504,0.5575068799999997,0.5575068799999997,r7p5,0.008869499999999975,pts_voxel_encoder,on,observed_amplification,pointpillars+dino,20.125889746867376,pointpillars,0.11220322000000016,1.2012588974686738
4.183948,3.900759199999999,3.900759199999999,clear,3.818221,3.0156209200000004,3.0156209200000004,r15,0.36572700000000014,backbone,on,observed_amplification,pointpillars+faster-rcnn,29.351775421427927,faster-rcnn,0.8851382799999987,1.2935177542142793
3.842459,3.859342639999998,3.859342639999998,clear,3.818221,3.0156209200000004,3.0156209200000004,r25,0.024237999999999982,backbone,on,observed_amplification,pointpillars+faster-rcnn,27.978374682451722,faster-rcnn,0.8437217199999978,1.2797837468245172
4.04291,3.3813511599999995,3.3813511599999995,clear,3.818221,3.0156209200000004,3.0156209200000004,r50,0.22468900000000014,backbone,on,observed_amplification,pointpillars+faster-rcnn,12.127858563867466,faster-rcnn,0.3657302399999991,1.1212785856386747
3.845755,3.0003282000000002,3.0003282000000002,clear,3.818221,3.0156209200000004,3.0156209200000004,r7p5,0.02753400000000017,backbone,on,observed_damping,pointpillars+faster-rcnn,-0.5071167897323203,faster-rcnn,-0.015292720000000148,0.9949288321026768
1.056669,1.1549315599999996,1.1549315599999996,clear,1.083477,0.8118885199999999,0.8118885199999999,r15,-0.026807999999999943,data_preprocessor,on,observed_amplification,pointpillars+faster-rcnn,42.25248067308549,faster-rcnn,0.34304303999999974,1.422524806730855
1.0973,0.9520442799999999,0.9520442799999999,clear,1.083477,0.8118885199999999,0.8118885199999999,r25,0.013822999999999919,data_preprocessor,on,observed_amplification,pointpillars+faster-rcnn,17.262931615291222,faster-rcnn,0.14015575999999996,1.1726293161529122
1.05422,0.7797432799999997,0.7797432799999997,clear,1.083477,0.8118885199999999,0.8118885199999999,r50,-0.02925700000000009,data_preprocessor,on,observed_damping,pointpillars+faster-rcnn,-3.9593169761779845,faster-rcnn,-0.032145240000000186,0.9604068302382202
1.089623,0.8433579199999997,0.8433579199999997,clear,1.083477,0.8118885199999999,0.8118885199999999,r7p5,0.006145999999999985,data_preprocessor,on,observed_amplification,pointpillars+faster-rcnn,3.8760740206056576,faster-rcnn,0.03146939999999976,1.0387607402060566
0.534642,0.5010188,0.5010188,clear,0.485117,0.33668947999999993,0.33668947999999993,r15,0.04952499999999993,neck,on,observed_amplification,pointpillars+faster-rcnn,48.80738180474189,faster-rcnn,0.16432932000000006,1.488073818047419
0.48124,0.5512245999999998,0.5512245999999998,clear,0.485117,0.33668947999999993,0.33668947999999993,r25,-0.0038770000000000193,neck,on,observed_amplification,pointpillars+faster-rcnn,63.71898522044703,faster-rcnn,0.2145351199999999,1.6371898522044703
0.508621,0.29399408000000005,0.29399408000000005,clear,0.485117,0.33668947999999993,0.33668947999999993,r50,0.02350399999999997,neck,on,observed_damping,pointpillars+faster-rcnn,-12.68094268938842,faster-rcnn,-0.04269539999999988,0.8731905731061158
0.471362,0.35466791999999997,0.35466791999999997,clear,0.485117,0.33668947999999993,0.33668947999999993,r7p5,-0.013755000000000017,neck,on,observed_amplification,pointpillars+faster-rcnn,5.339768857642957,faster-rcnn,0.01797844000000004,1.0533976885764296
5.173133,2.9595041600000007,2.9595041600000007,clear,5.083876,3.4682577599999993,3.4682577599999993,r15,0.08925699999999992,roi_head,on,observed_damping,pointpillars+faster-rcnn,-14.668852063636661,faster-rcnn,-0.5087535999999986,0.8533114793636334
5.18553,3.1360487999999993,3.1360487999999993,clear,5.083876,3.4682577599999993,3.4682577599999993,r25,0.10165399999999991,roi_head,on,observed_damping,pointpillars+faster-rcnn,-9.57855450743661,faster-rcnn,-0.33220896,0.9042144549256339
5.352126,3.3628989999999996,3.3628989999999996,clear,5.083876,3.4682577599999993,3.4682577599999993,r50,0.2682500000000001,roi_head,on,observed_damping,pointpillars+faster-rcnn,-3.037800742929775,faster-rcnn,-0.10535875999999966,0.9696219925707023
5.176615,3.3310884399999994,3.3310884399999994,clear,5.083876,3.4682577599999993,3.4682577599999993,r7p5,0.0927389999999999,roi_head,on,observed_damping,pointpillars+faster-rcnn,-3.954992088015974,faster-rcnn,-0.13716931999999993,0.9604500791198403
30.774806,15.642611120000002,15.642611120000002,clear,33.234984,16.643958439999995,16.643958439999995,r15,-2.4601779999999955,rpn_head,on,observed_damping,pointpillars+faster-rcnn,-6.016281064446072,faster-rcnn,-1.0013473199999936,0.9398371893555393
29.987792,16.770159680000003,16.770159680000003,clear,33.234984,16.643958439999995,16.643958439999995,r25,-3.2471919999999983,rpn_head,on,observed_amplification,pointpillars+faster-rcnn,0.7582405378801615,faster-rcnn,0.12620124000000743,1.0075824053788016
29.508908,16.61046736,16.61046736,clear,33.234984,16.643958439999995,16.643958439999995,r50,-3.7260759999999955,rpn_head,on,observed_damping,pointpillars+faster-rcnn,-0.20122064183665245,faster-rcnn,-0.0334910799999939,0.9979877935816335
30.614559,14.464861040000002,14.464861040000002,clear,33.234984,16.643958439999995,16.643958439999995,r7p5,-2.6204249999999973,rpn_head,on,observed_damping,pointpillars+faster-rcnn,-13.092422742194698,faster-rcnn,-2.1790973999999927,0.869075772578053
7.405517,11.1915515,11.1915515,clear,7.562248,12.073940359999987,12.073940359999987,r15,-0.15673100000000062,data_preprocessor,on,observed_damping,pointpillars+faster-rcnn,-7.308209529701449,pointpillars,-0.8823888599999883,0.9269179047029855
7.42322,9.961110199999998,9.961110199999998,clear,7.562248,12.073940359999987,12.073940359999987,r25,-0.1390280000000006,data_preprocessor,on,observed_damping,pointpillars+faster-rcnn,-17.499093891498994,pointpillars,-2.112830159999989,0.82500906108501
7.37468,9.956602320000005,9.956602320000005,clear,7.562248,12.073940359999987,12.073940359999987,r50,-0.18756800000000062,data_preprocessor,on,observed_damping,pointpillars+faster-rcnn,-17.5364295074254,pointpillars,-2.117338039999982,0.824635704925746
7.132616,11.053563500000001,11.053563500000001,clear,7.562248,12.073940359999987,12.073940359999987,r7p5,-0.4296320000000007,data_preprocessor,on,observed_damping,pointpillars+faster-rcnn,-8.451067585031435,pointpillars,-1.0203768599999865,0.9154893241496856
1.2315,0.7395849999999999,0.7395849999999999,clear,1.2073835000000002,0.4367195199999996,0.4367195199999996,r15,0.024116499999999874,pts_backbone,on,observed_amplification,pointpillars+faster-rcnn,69.35011285962227,pointpillars,0.30286548000000035,1.6935011285962227
1.228687,0.8445535599999938,0.8445535599999938,clear,1.2073835000000002,0.4367195199999996,0.4367195199999996,r25,0.02130349999999992,pts_backbone,on,observed_amplification,pointpillars+faster-rcnn,93.38580515017844,pointpillars,0.40783403999999424,1.9338580515017845
1.232514,0.4462477200000001,0.4462477200000001,clear,1.2073835000000002,0.4367195199999996,0.4367195199999996,r50,0.025130499999999945,pts_backbone,on,observed_amplification,pointpillars+faster-rcnn,2.1817664573364093,pointpillars,0.009528200000000542,1.021817664573364
1.250837,0.5448914999999999,0.5448914999999999,clear,1.2073835000000002,0.4367195199999996,0.4367195199999996,r7p5,0.04345349999999981,pts_backbone,on,observed_amplification,pointpillars+faster-rcnn,24.769211140367698,pointpillars,0.10817198000000028,1.247692111403677
29.111576,25.7719755,25.7719755,clear,28.597184,25.960825249999992,25.960825249999992,r15,0.5143920000000008,pts_bbox_head,on,observed_damping,pointpillars+faster-rcnn,-0.7274412434173039,pointpillars,-0.18884974999999216,0.992725587565827
29.600499,26.528712000000002,26.528712000000002,clear,28.597184,25.960825249999992,25.960825249999992,r25,1.0033150000000006,pts_bbox_head,on,observed_amplification,pointpillars+faster-rcnn,2.1874757236386877,pointpillars,0.5678867500000102,1.0218747572363869
29.584959,26.81048968,26.81048968,clear,28.597184,25.960825249999992,25.960825249999992,r50,0.9877750000000027,pts_bbox_head,on,observed_amplification,pointpillars+faster-rcnn,3.2728714199869557,pointpillars,0.8496644300000078,1.0327287141998696
29.152478,25.2247425,25.2247425,clear,28.597184,25.960825249999992,25.960825249999992,r7p5,0.555294,pts_bbox_head,on,observed_damping,pointpillars+faster-rcnn,-2.8353595962824496,pointpillars,-0.7360827499999907,0.9716464040371755
5.088963,7.0789075,7.0789075,clear,5.2769605,6.945988559999998,6.945988559999998,r15,-0.1879975000000007,pts_middle_encoder,on,observed_amplification,pointpillars+faster-rcnn,1.91360724037819,pointpillars,0.13291894000000148,1.019136072403782
5.088645,7.051759479999996,7.051759479999996,clear,5.2769605,6.945988559999998,6.945988559999998,r25,-0.18831550000000075,pts_middle_encoder,on,observed_amplification,pointpillars+faster-rcnn,1.5227626577029252,pointpillars,0.10577091999999766,1.0152276265770293
5.085275,6.329112759999999,6.329112759999999,clear,5.2769605,6.945988559999998,6.945988559999998,r50,-0.19168550000000018,pts_middle_encoder,on,observed_damping,pointpillars+faster-rcnn,-8.881036798022013,pointpillars,-0.616875799999999,0.9111896320197799
5.269125,7.05504,7.05504,clear,5.2769605,6.945988559999998,6.945988559999998,r7p5,-0.00783550000000055,pts_middle_encoder,on,observed_amplification,pointpillars+faster-rcnn,1.5699916442131645,pointpillars,0.10905144000000178,1.0156999164421316
0.32792,0.2600084999999999,0.2600084999999999,clear,0.32363050000000004,0.1253202899999999,0.1253202899999999,r15,0.004289499999999946,pts_neck,on,observed_amplification,pointpillars+faster-rcnn,107.47518219116805,pointpillars,0.13468821000000003,2.0747518219116805
0.322764,0.3525163999999967,0.3525163999999967,clear,0.32363050000000004,0.1253202899999999,0.1253202899999999,r25,-0.0008665000000000478,pts_neck,on,observed_amplification,pointpillars+faster-rcnn,181.2923589627801,pointpillars,0.2271961099999968,2.812923589627801
0.322356,0.12756952000000027,0.12756952000000027,clear,0.32363050000000004,0.1253202899999999,0.1253202899999999,r50,-0.0012745000000000672,pts_neck,on,observed_amplification,pointpillars+faster-rcnn,1.7947851860224517,pointpillars,0.0022492300000003795,1.0179478518602245
0.331392,0.15095400000000003,0.15095400000000003,clear,0.32363050000000004,0.1253202899999999,0.1253202899999999,r7p5,0.007761499999999977,pts_neck,on,observed_amplification,pointpillars+faster-rcnn,20.454556879815833,pointpillars,0.025633710000000143,1.2045455687981583
1.0133,1.363957,1.363957,clear,1.01871,0.6857034399999993,0.6857034399999993,r15,-0.005409999999999915,pts_voxel_encoder,on,observed_amplification,pointpillars+faster-rcnn,98.91354198252257,pointpillars,0.6782535600000008,1.9891354198252258
0.981891,0.9831819199999956,0.9831819199999956,clear,1.01871,0.6857034399999993,0.6857034399999993,r25,-0.036819000000000046,pts_voxel_encoder,on,observed_amplification,pointpillars+faster-rcnn,43.38296450722146,pointpillars,0.2974784799999963,1.4338296450722146
1.017136,0.6479369600000007,0.6479369600000007,clear,1.01871,0.6857034399999993,0.6857034399999993,r50,-0.0015739999999999643,pts_voxel_encoder,on,observed_damping,pointpillars+faster-rcnn,-5.507698780102177,pointpillars,-0.0377664799999986,0.9449230121989782
0.994467,0.6594005000000001,0.6594005000000001,clear,1.01871,0.6857034399999993,0.6857034399999993,r7p5,-0.024243000000000015,pts_voxel_encoder,on,observed_damping,pointpillars+faster-rcnn,-3.835906087914509,pointpillars,-0.02630293999999922,0.9616409391208549
3.832427,1.8963643699999997,1.8963643699999997,clear,3.845704,2.3184137999999987,2.3184137999999987,r15,-0.013276999999999983,backbone,on,observed_damping,pointpillars+mask-rcnn,-18.204232134919106,mask-rcnn,-0.42204942999999906,0.8179576786508089
3.70226,2.307871049999996,2.307871049999996,clear,3.845704,2.3184137999999987,2.3184137999999987,r25,-0.14344400000000013,backbone,on,observed_damping,pointpillars+mask-rcnn,-0.45473978803967086,mask-rcnn,-0.010542750000002599,0.9954526021196033
3.7480655,1.7617809999999987,1.7617809999999987,clear,3.845704,2.3184137999999987,2.3184137999999987,r50,-0.09763849999999996,backbone,on,observed_damping,pointpillars+mask-rcnn,-24.009208364788048,mask-rcnn,-0.5566328,0.7599079163521195
3.8538445,1.5996597999999995,1.5996597999999995,clear,3.845704,2.3184137999999987,2.3184137999999987,r7p5,0.008140500000000106,backbone,on,observed_damping,pointpillars+mask-rcnn,-31.00197212421698,mask-rcnn,-0.7187539999999992,0.6899802787578302
1.0651514999999998,0.9241855599999963,0.9241855599999963,clear,1.117118,0.6010193999999999,0.6010193999999999,r15,-0.05196650000000025,data_preprocessor,on,observed_amplification,pointpillars+mask-rcnn,53.76967199394835,mask-rcnn,0.3231661599999964,1.5376967199394835
1.0893055,0.8509875999999987,0.8509875999999987,clear,1.117118,0.6010193999999999,0.6010193999999999,r25,-0.027812500000000018,data_preprocessor,on,observed_amplification,pointpillars+mask-rcnn,41.59070406046774,mask-rcnn,0.24996819999999886,1.4159070406046774
1.0941565,0.62667955,0.62667955,clear,1.117118,0.6010193999999999,0.6010193999999999,r50,-0.02296150000000008,data_preprocessor,on,observed_amplification,pointpillars+mask-rcnn,4.269437891688699,mask-rcnn,0.025660150000000104,1.042694378916887
1.0968655,0.7479042499999999,0.7479042499999999,clear,1.117118,0.6010193999999999,0.6010193999999999,r7p5,-0.020252500000000007,data_preprocessor,on,observed_amplification,pointpillars+mask-rcnn,24.439285986442382,mask-rcnn,0.14688485000000007,1.2443928598644238
0.493383,0.36256564999999963,0.36256564999999963,clear,0.4764685,0.3258016,0.3258016,r15,0.0169145,neck,on,observed_amplification,pointpillars+mask-rcnn,11.284183380314762,mask-rcnn,0.036764049999999604,1.1128418338031476
0.46808,0.2987042499999999,0.2987042499999999,clear,0.4764685,0.3258016,0.3258016,r25,-0.008388500000000021,neck,on,observed_damping,pointpillars+mask-rcnn,-8.317132266999339,mask-rcnn,-0.02709735000000013,0.9168286773300066
0.4696205,0.22395269999999995,0.22395269999999995,clear,0.4764685,0.3258016,0.3258016,r50,-0.006848000000000021,neck,on,observed_damping,pointpillars+mask-rcnn,-31.26101897596576,mask-rcnn,-0.10184890000000008,0.6873898102403424
0.4712855,0.2115521999999999,0.2115521999999999,clear,0.4764685,0.3258016,0.3258016,r7p5,-0.005182999999999993,neck,on,observed_damping,pointpillars+mask-rcnn,-35.0671697131015,mask-rcnn,-0.11424940000000011,0.649328302868985
11.611814500000001,10.074131379999994,10.074131379999994,clear,11.7251345,9.604564049999999,9.604564049999999,r15,-0.11331999999999809,roi_head,on,observed_amplification,pointpillars+mask-rcnn,4.889002015661448,mask-rcnn,0.46956732999999495,1.0488900201566145
11.6126895,11.35045975,11.35045975,clear,11.7251345,9.604564049999999,9.604564049999999,r25,-0.11244499999999924,roi_head,on,observed_amplification,pointpillars+mask-rcnn,18.17777143148942,mask-rcnn,1.745895700000002,1.1817777143148942
11.506951,11.082995149999999,11.082995149999999,clear,11.7251345,9.604564049999999,9.604564049999999,r50,-0.21818349999999853,roi_head,on,observed_amplification,pointpillars+mask-rcnn,15.393005786660364,mask-rcnn,1.4784310999999999,1.1539300578666036
11.5593225,11.374960299999998,11.374960299999998,clear,11.7251345,9.604564049999999,9.604564049999999,r7p5,-0.16581199999999896,roi_head,on,observed_amplification,pointpillars+mask-rcnn,18.43286421729886,mask-rcnn,1.7703962499999992,1.1843286421729886
32.797858500000004,16.27831551,16.27831551,clear,34.2441835,17.3712479,17.3712479,r15,-1.4463249999999945,rpn_head,on,observed_damping,pointpillars+mask-rcnn,-6.291617023092522,mask-rcnn,-1.0929323900000014,0.9370838297690748
33.3122545,15.807223749999999,15.807223749999999,clear,34.2441835,17.3712479,17.3712479,r25,-0.9319289999999967,rpn_head,on,observed_damping,pointpillars+mask-rcnn,-9.003522136138542,mask-rcnn,-1.5640241500000016,0.9099647786386146
33.5878175,16.635146300000002,16.635146300000002,clear,34.2441835,17.3712479,17.3712479,r50,-0.6563659999999985,rpn_head,on,observed_damping,pointpillars+mask-rcnn,-4.237471045473928,mask-rcnn,-0.7361015999999978,0.9576252895452607
33.079741999999996,18.870804399999997,18.870804399999997,clear,34.2441835,17.3712479,17.3712479,r7p5,-1.1644415000000023,rpn_head,on,observed_amplification,pointpillars+mask-rcnn,8.632405159562516,mask-rcnn,1.499556499999997,1.0863240515956252
13.754821499999998,14.898750660000001,14.898750660000001,clear,15.093103,15.61705172,15.61705172,r15,-1.3382815000000008,data_preprocessor,on,observed_damping,pointpillars+mask-rcnn,-4.599466486238912,pointpillars,-0.7183010599999982,0.9540053351376109
13.8920475,15.209149720000003,15.209149720000003,clear,15.093103,15.61705172,15.61705172,r25,-1.201055499999999,data_preprocessor,on,observed_damping,pointpillars+mask-rcnn,-2.6119014479385805,pointpillars,-0.40790199999999643,0.9738809855206142
13.574978,14.082355,14.082355,clear,15.093103,15.61705172,15.61705172,r50,-1.5181249999999995,data_preprocessor,on,observed_damping,pointpillars+mask-rcnn,-9.827057933313931,pointpillars,-1.5346967199999995,0.9017294206668607
13.667229500000001,15.747254640000001,15.747254640000001,clear,15.093103,15.61705172,15.61705172,r7p5,-1.425873499999998,data_preprocessor,on,observed_amplification,pointpillars+mask-rcnn,0.8337227943815861,pointpillars,0.1302029200000021,1.0083372279438159
1.221525,0.5128708800000001,0.5128708800000001,clear,1.227584,0.3941197799999998,0.3941197799999998,r15,-0.006059000000000037,pts_backbone,on,observed_amplification,pointpillars+mask-rcnn,30.130713053782877,pointpillars,0.11875110000000033,1.3013071305378288
1.2231100000000001,0.5402560800000056,0.5402560800000056,clear,1.227584,0.3941197799999998,0.3941197799999998,r25,-0.004473999999999867,pts_backbone,on,observed_amplification,pointpillars+mask-rcnn,37.079159031299014,pointpillars,0.14613630000000577,1.3707915903129901
1.230724,0.5013391200000001,0.5013391200000001,clear,1.227584,0.3941197799999998,0.3941197799999998,r50,0.0031399999999999206,pts_backbone,on,observed_amplification,pointpillars+mask-rcnn,27.2047599336426,pointpillars,0.10721934000000033,1.272047599336426
1.21773,0.4429678300000004,0.4429678300000004,clear,1.227584,0.3941197799999998,0.3941197799999998,r7p5,-0.00985400000000003,pts_backbone,on,observed_amplification,pointpillars+mask-rcnn,12.394214266536085,pointpillars,0.04884805000000059,1.1239421426653609
32.3017765,31.728233020000005,31.728233020000005,clear,34.019046,32.26043481999999,32.26043481999999,r15,-1.7172695000000004,pts_bbox_head,on,observed_damping,pointpillars+mask-rcnn,-1.6497043606803707,pointpillars,-0.5322017999999886,0.9835029563931963
33.448608,32.26833409000001,32.26833409000001,clear,34.019046,32.26043481999999,32.26043481999999,r25,-0.5704380000000029,pts_bbox_head,on,observed_amplification,pointpillars+mask-rcnn,0.024485937787543932,pointpillars,0.007899270000017111,1.0002448593778754
32.826743,31.628958560000008,31.628958560000008,clear,34.019046,32.26043481999999,32.26043481999999,r50,-1.1923030000000026,pts_bbox_head,on,observed_damping,pointpillars+mask-rcnn,-1.9574325749896593,pointpillars,-0.6314762599999852,0.9804256742501034
33.332579499999994,31.965204130000004,31.965204130000004,clear,34.019046,32.26043481999999,32.26043481999999,r7p5,-0.6864665000000088,pts_bbox_head,on,observed_damping,pointpillars+mask-rcnn,-0.9151478944634639,pointpillars,-0.2952306899999897,0.9908485210553654
5.8336375,11.329353320000013,11.329353320000013,clear,5.83751,9.787749659999996,9.787749659999996,r15,-0.0038724999999999454,pts_middle_encoder,on,observed_amplification,pointpillars+mask-rcnn,15.750338060853286,pointpillars,1.5416036600000176,1.1575033806085329
5.674215,11.637580830000006,11.637580830000006,clear,5.83751,9.787749659999996,9.787749659999996,r25,-0.16329499999999975,pts_middle_encoder,on,observed_amplification,pointpillars+mask-rcnn,18.899453237548492,pointpillars,1.8498311700000105,1.188994532375485
5.795688,10.165179440000005,10.165179440000005,clear,5.83751,9.787749659999996,9.787749659999996,r50,-0.041821999999999804,pts_middle_encoder,on,observed_amplification,pointpillars+mask-rcnn,3.8561446002493005,pointpillars,0.3774297800000088,1.038561446002493
5.742697,11.695401990000004,11.695401990000004,clear,5.83751,9.787749659999996,9.787749659999996,r7p5,-0.09481300000000026,pts_middle_encoder,on,observed_amplification,pointpillars+mask-rcnn,19.490203532647456,pointpillars,1.9076523300000083,1.1949020353264745
0.3228555,0.17110440000000005,0.17110440000000005,clear,0.327917,0.10471385999999988,0.10471385999999988,r15,-0.0050614999999999966,pts_neck,on,observed_amplification,pointpillars+mask-rcnn,63.40186485342079,pointpillars,0.06639054000000016,1.6340186485342079
0.3262065,0.15282934000000037,0.15282934000000037,clear,0.327917,0.10471385999999988,0.10471385999999988,r25,-0.0017105000000000037,pts_neck,on,observed_amplification,pointpillars+mask-rcnn,45.949485579082406,pointpillars,0.04811548000000049,1.459494855790824
0.328931,0.10788744000000006,0.10788744000000006,clear,0.327917,0.10471385999999988,0.10471385999999988,r50,0.0010139999999999594,pts_neck,on,observed_amplification,pointpillars+mask-rcnn,3.0307162776734398,pointpillars,0.0031735800000001757,1.0303071627767344
0.328681,0.14072126000000007,0.14072126000000007,clear,0.327917,0.10471385999999988,0.10471385999999988,r7p5,0.0007639999999999869,pts_neck,on,observed_amplification,pointpillars+mask-rcnn,34.38646994772252,pointpillars,0.03600740000000019,1.3438646994772252
0.9408425,0.7010539000000002,0.7010539000000002,clear,0.945571,0.5174645599999996,0.5174645599999996,r15,-0.004728500000000024,pts_voxel_encoder,on,observed_amplification,pointpillars+mask-rcnn,35.478630652503185,pointpillars,0.1835893400000006,1.3547863065250318
0.9345415,0.6400337300000019,0.6400337300000019,clear,0.945571,0.5174645599999996,0.5174645599999996,r25,-0.011029500000000025,pts_voxel_encoder,on,observed_amplification,pointpillars+mask-rcnn,23.686485891903853,pointpillars,0.12256917000000223,1.2368648589190385
0.964346,0.6336569600000017,0.6336569600000017,clear,0.945571,0.5174645599999996,0.5174645599999996,r50,0.018774999999999986,pts_voxel_encoder,on,observed_amplification,pointpillars+mask-rcnn,22.45417541251562,pointpillars,0.11619240000000208,1.2245417541251562
0.9426895,0.6184508400000004,0.6184508400000004,clear,0.945571,0.5174645599999996,0.5174645599999996,r7p5,-0.0028815000000000923,pts_voxel_encoder,on,observed_amplification,pointpillars+mask-rcnn,19.51559349301155,pointpillars,0.10098628000000076,1.1951559349301155
7.546652,11.116910219999994,11.116910219999994,clear,7.7884435,11.596790900000006,11.596790900000006,r15,-0.24179149999999971,data_preprocessor,on,observed_damping,pointpillars+vit-upernet,-4.138047190279259,pointpillars,-0.4798806800000115,0.9586195280972074
8.093598,9.409095719999986,9.409095719999986,clear,7.7884435,11.596790900000006,11.596790900000006,r25,0.30515450000000044,data_preprocessor,on,observed_damping,pointpillars+vit-upernet,-18.86466005004901,pointpillars,-2.18769518000002,0.8113533994995099
7.4547715,9.393988050000024,9.393988050000024,clear,7.7884435,11.596790900000006,11.596790900000006,r50,-0.33367199999999997,data_preprocessor,on,observed_damping,pointpillars+vit-upernet,-18.994934624543248,pointpillars,-2.2028028499999817,0.8100506537545675
7.363652,11.315412839999997,11.315412839999997,clear,7.7884435,11.596790900000006,11.596790900000006,r7p5,-0.42479149999999954,data_preprocessor,on,observed_damping,pointpillars+vit-upernet,-2.4263441707827016,pointpillars,-0.28137806000000865,0.975736558292173
1.215918,0.6440924599999918,0.6440924599999918,clear,1.2142,0.507772950000001,0.507772950000001,r15,0.0017180000000001083,pts_backbone,on,observed_amplification,pointpillars+vit-upernet,26.846548245626423,pointpillars,0.13631950999999076,1.2684654824562642
1.218355,0.8461862799999924,0.8461862799999924,clear,1.2142,0.507772950000001,0.507772950000001,r25,0.004155000000000131,pts_backbone,on,observed_amplification,pointpillars+vit-upernet,66.64658485647783,pointpillars,0.3384133299999914,1.6664658485647783
1.2631285,0.725817050000011,0.725817050000011,clear,1.2142,0.507772950000001,0.507772950000001,r50,0.04892850000000015,pts_backbone,on,observed_amplification,pointpillars+vit-upernet,42.94125947433977,pointpillars,0.21804410000000995,1.4294125947433978
1.2144865,0.5134288399999984,0.5134288399999984,clear,1.2142,0.507772950000001,0.507772950000001,r7p5,0.00028650000000007836,pts_backbone,on,observed_amplification,pointpillars+vit-upernet,1.1138620125387577,pointpillars,0.005655889999997443,1.0111386201253876
24.703374,27.721969280000003,27.721969280000003,clear,27.2116975,27.711207450000003,27.711207450000003,r15,-2.5083234999999995,pts_bbox_head,on,observed_amplification,pointpillars+vit-upernet,0.03883565889151175,pointpillars,0.010761829999999861,1.0003883565889151
24.449594,28.08772499999997,28.08772499999997,clear,27.2116975,27.711207450000003,27.711207450000003,r25,-2.7621034999999985,pts_bbox_head,on,observed_amplification,pointpillars+vit-upernet,1.3587193942354414,pointpillars,0.3765175499999671,1.0135871939423544
24.174622499999998,27.586611950000012,27.586611950000012,clear,27.2116975,27.711207450000003,27.711207450000003,r50,-3.0370750000000015,pts_bbox_head,on,observed_damping,pointpillars+vit-upernet,-0.4496213318196274,pointpillars,-0.12459549999999098,0.9955037866818037
23.587467500000002,27.09870622999999,27.09870622999999,clear,27.2116975,27.711207450000003,27.711207450000003,r7p5,-3.624229999999997,pts_bbox_head,on,observed_damping,pointpillars+vit-upernet,-2.210301449711871,pointpillars,-0.6125012200000128,0.9778969855028813
4.905682,5.684299279999978,5.684299279999978,clear,5.0306999999999995,4.339868550000002,4.339868550000002,r15,-0.12501799999999985,pts_middle_encoder,on,observed_amplification,pointpillars+vit-upernet,30.978604870416525,pointpillars,1.344430729999976,1.3097860487041653
4.823226,6.030979639999995,6.030979639999995,clear,5.0306999999999995,4.339868550000002,4.339868550000002,r25,-0.2074739999999995,pts_middle_encoder,on,observed_amplification,pointpillars+vit-upernet,38.96687354735644,pointpillars,1.6911110899999926,1.3896687354735644
4.7325295,4.298555350000006,4.298555350000006,clear,5.0306999999999995,4.339868550000002,4.339868550000002,r50,-0.29817049999999945,pts_middle_encoder,on,observed_damping,pointpillars+vit-upernet,-0.9519458832456085,pointpillars,-0.04131319999999583,0.9904805411675439
4.823817,4.294911179999998,4.294911179999998,clear,5.0306999999999995,4.339868550000002,4.339868550000002,r7p5,-0.20688299999999948,pts_middle_encoder,on,observed_damping,pointpillars+vit-upernet,-1.035915477209648,pointpillars,-0.044957370000004104,0.9896408452279035
0.317669,0.26646019999999904,0.26646019999999904,clear,0.321501,0.12047395000000027,0.12047395000000027,r15,-0.003832000000000002,pts_neck,on,observed_amplification,pointpillars+vit-upernet,121.17661120930991,pointpillars,0.14598624999999876,2.211766112093099
0.324097,0.20201571999999568,0.20201571999999568,clear,0.321501,0.12047395000000027,0.12047395000000027,r25,0.0025960000000000427,pts_neck,on,observed_amplification,pointpillars+vit-upernet,67.68415080604167,pointpillars,0.0815417699999954,1.6768415080604167
0.330541,0.16338130000000034,0.16338130000000034,clear,0.321501,0.12047395000000027,0.12047395000000027,r50,0.009039999999999992,pts_neck,on,observed_amplification,pointpillars+vit-upernet,35.615458777602925,pointpillars,0.042907350000000066,1.3561545877760293
0.3183935,0.12634356999999963,0.12634356999999963,clear,0.321501,0.12047395000000027,0.12047395000000027,r7p5,-0.0031074999999999853,pts_neck,on,observed_amplification,pointpillars+vit-upernet,4.872107206578136,pointpillars,0.005869619999999354,1.0487210720657814
1.01966,0.6486201599999987,0.6486201599999987,clear,1.004087,0.6892834000000034,0.6892834000000034,r15,0.015573000000000059,pts_voxel_encoder,on,observed_damping,pointpillars+vit-upernet,-5.899349962584988,pointpillars,-0.04066324000000476,0.9410065003741501
0.995766,0.7520806399999985,0.7520806399999985,clear,1.004087,0.6892834000000034,0.6892834000000034,r25,-0.008320999999999912,pts_voxel_encoder,on,observed_amplification,pointpillars+vit-upernet,9.110511003165712,pointpillars,0.06279723999999509,1.091105110031657
1.0288335000000002,0.7160298500000005,0.7160298500000005,clear,1.004087,0.6892834000000034,0.6892834000000034,r50,0.024746500000000227,pts_voxel_encoder,on,observed_amplification,pointpillars+vit-upernet,3.880327017885099,pointpillars,0.02674644999999709,1.038803270178851
1.015851,0.8184764699999993,0.8184764699999993,clear,1.004087,0.6892834000000034,0.6892834000000034,r7p5,0.011764000000000108,pts_voxel_encoder,on,observed_amplification,pointpillars+vit-upernet,18.74309899237314,pointpillars,0.1291930699999959,1.1874309899237314
7.624575,4.910677010000003,4.910677010000003,clear,7.628292,5.233857679999998,5.233857679999998,r15,-0.0037169999999999703,backbone,on,observed_damping,pointpillars+vit-upernet,-6.174808138841003,vit-upernet,-0.32318066999999484,0.93825191861159
7.693301,4.604699439999996,4.604699439999996,clear,7.628292,5.233857679999998,5.233857679999998,r25,0.06500899999999987,backbone,on,observed_damping,pointpillars+vit-upernet,-12.020927554147832,vit-upernet,-0.6291582400000024,0.8797907244585217
7.558122,3.859888399999999,3.859888399999999,clear,7.628292,5.233857679999998,5.233857679999998,r50,-0.07017000000000007,backbone,on,observed_damping,pointpillars+vit-upernet,-26.251559824607217,vit-upernet,-1.373969279999999,0.7374844017539278
7.630085,5.870822370000004,5.870822370000004,clear,7.628292,5.233857679999998,5.233857679999998,r7p5,0.0017930000000001556,backbone,on,observed_amplification,pointpillars+vit-upernet,12.170080444373244,vit-upernet,0.6369646900000063,1.1217008044437324
0.4077045,0.4035422700000001,0.4035422700000001,clear,0.410539,0.40530908000000004,0.40530908000000004,r15,-0.002834499999999962,data_preprocessor,on,observed_damping,pointpillars+vit-upernet,-0.4359167083056614,vit-upernet,-0.001766809999999952,0.9956408329169434
0.405591,0.4335529599999999,0.4335529599999999,clear,0.410539,0.40530908000000004,0.40530908000000004,r25,-0.004948000000000008,data_preprocessor,on,observed_amplification,pointpillars+vit-upernet,6.9684794626362345,vit-upernet,0.028243879999999832,1.0696847946263623
0.428408,0.45064907999999987,0.45064907999999987,clear,0.410539,0.40530908000000004,0.40530908000000004,r50,0.017869000000000024,data_preprocessor,on,observed_amplification,pointpillars+vit-upernet,11.186524614745807,vit-upernet,0.045339999999999825,1.111865246147458
0.40048399999999995,0.3302016400000003,0.3302016400000003,clear,0.410539,0.40530908000000004,0.40530908000000004,r7p5,-0.010055000000000036,data_preprocessor,on,observed_damping,pointpillars+vit-upernet,-18.53090485907687,vit-upernet,-0.07510743999999975,0.8146909514092313
1.9119424999999999,1.0481885000000004,1.0481885000000004,clear,1.903397,1.0075091599999997,1.0075091599999997,r15,0.008545499999999873,decode_head,on,observed_amplification,pointpillars+vit-upernet,4.037614903670028,vit-upernet,0.04067934000000073,1.0403761490367003
1.945086,1.1792557599999993,1.1792557599999993,clear,1.903397,1.0075091599999997,1.0075091599999997,r25,0.04168900000000009,decode_head,on,observed_amplification,pointpillars+vit-upernet,17.046653948039502,vit-upernet,0.17174659999999964,1.170466539480395
1.870172,1.0613644000000002,1.0613644000000002,clear,1.903397,1.0075091599999997,1.0075091599999997,r50,-0.03322500000000006,decode_head,on,observed_amplification,pointpillars+vit-upernet,5.345384651391205,vit-upernet,0.053855240000000526,1.053453846513912
1.915315,1.1136386700000003,1.1136386700000003,clear,1.903397,1.0075091599999997,1.0075091599999997,r7p5,0.011918000000000095,decode_head,on,observed_amplification,pointpillars+vit-upernet,10.53385063020178,vit-upernet,0.1061295100000006,1.1053385063020178
0.552551,0.36083521000000035,0.36083521000000035,clear,0.554326,0.43472563999999986,0.43472563999999986,r15,-0.001774999999999971,neck,on,observed_damping,pointpillars+vit-upernet,-16.997025986320825,vit-upernet,-0.07389042999999951,0.8300297401367918
0.575208,0.37273392,0.37273392,clear,0.554326,0.43472563999999986,0.43472563999999986,r25,0.020882000000000067,neck,on,observed_damping,pointpillars+vit-upernet,-14.259964054570117,vit-upernet,-0.06199171999999986,0.8574003594542988
0.546528,0.3517428,0.3517428,clear,0.554326,0.43472563999999986,0.43472563999999986,r50,-0.007797999999999972,neck,on,observed_damping,pointpillars+vit-upernet,-19.088554335097385,vit-upernet,-0.08298283999999984,0.8091144566490261
0.581861,0.37136636000000023,0.37136636000000023,clear,0.554326,0.43472563999999986,0.43472563999999986,r7p5,0.027534999999999976,neck,on,observed_damping,pointpillars+vit-upernet,-14.574544073360762,vit-upernet,-0.06335927999999963,0.8542545592663924
6.653597,3.5311124400000002,3.5311124400000002,clear,7.359487,4.167734599999999,4.167734599999999,r15,-0.7058899999999992,data_preprocessor,on,observed_damping,pointpillars+yolov3,-15.275016792096096,pointpillars,-0.636622159999999,0.847249832079039
7.0190755,4.03940328,4.03940328,clear,7.359487,4.167734599999999,4.167734599999999,r25,-0.3404115000000001,data_preprocessor,on,observed_damping,pointpillars+yolov3,-3.079162478340136,pointpillars,-0.12833131999999914,0.9692083752165986
7.652545,4.1068500199999995,4.1068500199999995,clear,7.359487,4.167734599999999,4.167734599999999,r50,0.29305800000000026,data_preprocessor,on,observed_damping,pointpillars+yolov3,-1.4608554968927212,pointpillars,-0.060884579999999744,0.9853914450310728
7.113079,4.175075540000001,4.175075540000001,clear,7.359487,4.167734599999999,4.167734599999999,r7p5,-0.24640799999999974,data_preprocessor,on,observed_amplification,pointpillars+yolov3,0.1761374152759565,pointpillars,0.007340940000001517,1.0017613741527596
1.254699,0.9675804399999997,0.9675804399999997,clear,1.231427,0.586360199999999,0.586360199999999,r15,0.02327199999999996,pts_backbone,on,observed_amplification,pointpillars+yolov3,65.01468551242075,pointpillars,0.38122024000000065,1.6501468551242076
1.2951830000000002,1.105456430000002,1.105456430000002,clear,1.231427,0.586360199999999,0.586360199999999,r25,0.06375600000000015,pts_backbone,on,observed_amplification,pointpillars+yolov3,88.52855804333308,pointpillars,0.519096230000003,1.8852855804333308
1.229687,0.8572346599999991,0.8572346599999991,clear,1.231427,0.586360199999999,0.586360199999999,r50,-0.0017400000000000748,pts_backbone,on,observed_amplification,pointpillars+yolov3,46.195915070634165,pointpillars,0.27087446000000015,1.4619591507063416
1.241642,0.8192613000000006,0.8192613000000006,clear,1.231427,0.586360199999999,0.586360199999999,r7p5,0.010214999999999863,pts_backbone,on,observed_amplification,pointpillars+yolov3,39.71980021836441,pointpillars,0.23290110000000164,1.397198002183644
15.97713,7.482981599999999,7.482981599999999,clear,15.938928,6.556576799999997,6.556576799999997,r15,0.03820200000000007,pts_bbox_head,on,observed_amplification,pointpillars+yolov3,14.129397523415,pointpillars,0.926404800000002,1.14129397523415
16.088487,8.5550539,8.5550539,clear,15.938928,6.556576799999997,6.556576799999997,r25,0.149559,pts_bbox_head,on,observed_amplification,pointpillars+yolov3,30.48049555371646,pointpillars,1.9984771000000041,1.3048049555371646
15.737011,7.535142079999996,7.535142079999996,clear,15.938928,6.556576799999997,6.556576799999997,r50,-0.2019169999999999,pts_bbox_head,on,observed_amplification,pointpillars+yolov3,14.924941930063262,pointpillars,0.9785652799999998,1.1492494193006326
15.866376,7.252224320000005,7.252224320000005,clear,15.938928,6.556576799999997,6.556576799999997,r7p5,-0.07255199999999995,pts_bbox_head,on,observed_amplification,pointpillars+yolov3,10.609919493355257,pointpillars,0.6956475200000085,1.1060991949335526
4.803607,3.043674039999998,3.043674039999998,clear,4.864107,2.7443699999999995,2.7443699999999995,r15,-0.06049999999999933,pts_middle_encoder,on,observed_amplification,pointpillars+yolov3,10.906111056453716,pointpillars,0.29930403999999866,1.1090611105645372
4.391978,2.509016410000003,2.509016410000003,clear,4.864107,2.7443699999999995,2.7443699999999995,r25,-0.4721289999999998,pts_middle_encoder,on,observed_damping,pointpillars+yolov3,-8.575869507391365,pointpillars,-0.23535358999999634,0.9142413049260864
4.744682,2.710954899999999,2.710954899999999,clear,4.864107,2.7443699999999995,2.7443699999999995,r50,-0.11942499999999967,pts_middle_encoder,on,observed_damping,pointpillars+yolov3,-1.2175872786832853,pointpillars,-0.033415100000000475,0.9878241272131671
4.340236,2.3275134200000007,2.3275134200000007,clear,4.864107,2.7443699999999995,2.7443699999999995,r7p5,-0.5238709999999998,pts_middle_encoder,on,observed_damping,pointpillars+yolov3,-15.189518177213667,pointpillars,-0.4168565799999988,0.8481048182278633
0.332924,0.19146783999999933,0.19146783999999933,clear,0.329144,0.13499579999999967,0.13499579999999967,r15,0.0037800000000000056,pts_neck,on,observed_amplification,pointpillars+yolov3,41.83244219449775,pointpillars,0.05647203999999967,1.4183244219449775
0.335563,0.2822449500000017,0.2822449500000017,clear,0.329144,0.13499579999999967,0.13499579999999967,r25,0.006419000000000008,pts_neck,on,observed_amplification,pointpillars+yolov3,109.07683794607124,pointpillars,0.14724915000000205,2.0907683794607124
0.323553,0.25496983999999834,0.25496983999999834,clear,0.329144,0.13499579999999967,0.13499579999999967,r50,-0.005591000000000013,pts_neck,on,observed_amplification,pointpillars+yolov3,88.87242417912185,pointpillars,0.11997403999999867,1.8887242417912185
0.331898,0.20484456000000079,0.20484456000000079,clear,0.329144,0.13499579999999967,0.13499579999999967,r7p5,0.002754000000000034,pts_neck,on,observed_amplification,pointpillars+yolov3,51.74143195566181,pointpillars,0.06984876000000112,1.517414319556618
0.986641,0.8670329399999976,0.8670329399999976,clear,0.957557,0.7373649999999997,0.7373649999999997,r15,0.029084,pts_voxel_encoder,on,observed_amplification,pointpillars+yolov3,17.585312565689716,pointpillars,0.12966793999999793,1.1758531256568971
1.0206985,0.8676236100000025,0.8676236100000025,clear,0.957557,0.7373649999999997,0.7373649999999997,r25,0.06314149999999996,pts_voxel_encoder,on,observed_amplification,pointpillars+yolov3,17.66541807652966,pointpillars,0.13025861000000283,1.1766541807652966
1.010172,1.1114072599999936,1.1114072599999936,clear,0.957557,0.7373649999999997,0.7373649999999997,r50,0.05261500000000008,pts_voxel_encoder,on,observed_amplification,pointpillars+yolov3,50.72688017467524,pointpillars,0.37404225999999385,1.5072688017467524
0.915971,0.7641029399999999,0.7641029399999999,clear,0.957557,0.7373649999999997,0.7373649999999997,r7p5,-0.04158600000000001,pts_voxel_encoder,on,observed_amplification,pointpillars+yolov3,3.6261471591410244,pointpillars,0.026737940000000182,1.0362614715914102
4.340446,3.70734976,3.70734976,clear,4.264247,4.26743364,4.26743364,r15,0.0761989999999999,backbone,on,observed_damping,pointpillars+yolov3,-13.124606666408523,yolov3,-0.5600838800000001,0.8687539333359148
4.110372,5.38352228,5.38352228,clear,4.264247,4.26743364,4.26743364,r25,-0.1538750000000002,backbone,on,observed_amplification,pointpillars+yolov3,26.153626140511,yolov3,1.11608864,1.26153626140511
4.425227,4.700093800000001,4.700093800000001,clear,4.264247,4.26743364,4.26743364,r50,0.16097999999999946,backbone,on,observed_amplification,pointpillars+yolov3,10.1386499826158,yolov3,0.43266016000000107,1.101386499826158
4.157866,3.667781479999998,3.667781479999998,clear,4.264247,4.26743364,4.26743364,r7p5,-0.10638099999999984,backbone,on,observed_damping,pointpillars+yolov3,-14.051821553340005,yolov3,-0.599652160000002,0.8594817844666
3.794528,8.34523164,8.34523164,clear,4.734712,7.35832568,7.35832568,r15,-0.9401839999999999,bbox_head,on,observed_amplification,pointpillars+yolov3,13.412099476412397,yolov3,0.9869059599999996,1.134120994764124
4.08496,8.953729319999999,8.953729319999999,clear,4.734712,7.35832568,7.35832568,r25,-0.6497520000000003,bbox_head,on,observed_amplification,pointpillars+yolov3,21.681612222415225,yolov3,1.595403639999999,1.2168161222241523
4.347255,8.263933159999999,8.263933159999999,clear,4.734712,7.35832568,7.35832568,r50,-0.3874570000000004,bbox_head,on,observed_amplification,pointpillars+yolov3,12.30724922194526,yolov3,0.9056074799999987,1.1230724922194526
3.91411,7.919775639999999,7.919775639999999,clear,4.734712,7.35832568,7.35832568,r7p5,-0.820602,bbox_head,on,observed_amplification,pointpillars+yolov3,7.630131967738607,yolov3,0.5614499599999991,1.076301319677386
0.832396,0.6260424,0.6260424,clear,0.770927,0.8524276399999999,0.8524276399999999,r15,0.061468999999999996,data_preprocessor,on,observed_damping,pointpillars+yolov3,-26.55770758442323,yolov3,-0.22638523999999993,0.7344229241557677
0.7909,1.0004301999999996,1.0004301999999996,clear,0.770927,0.8524276399999999,0.8524276399999999,r25,0.01997300000000002,data_preprocessor,on,observed_amplification,pointpillars+yolov3,17.362477828616598,yolov3,0.14800255999999967,1.173624778286166
0.824805,1.0355176,1.0355176,clear,0.770927,0.8524276399999999,0.8524276399999999,r50,0.05387799999999998,data_preprocessor,on,observed_amplification,pointpillars+yolov3,21.47865125537225,yolov3,0.18308996,1.2147865125537225
0.804169,0.8974854799999998,0.8974854799999998,clear,0.770927,0.8524276399999999,0.8524276399999999,r7p5,0.033241999999999994,data_preprocessor,on,observed_amplification,pointpillars+yolov3,5.285825785752318,yolov3,0.045057839999999905,1.0528582578575232
1.328061,1.2244639599999996,1.2244639599999996,clear,1.324505,0.8214509999999995,0.8214509999999995,r15,0.0035559999999998926,neck,on,observed_amplification,pointpillars+yolov3,49.06110772279788,yolov3,0.4030129600000001,1.4906110772279788
1.273016,1.2708120399999991,1.2708120399999991,clear,1.324505,0.8214509999999995,0.8214509999999995,r25,-0.05148900000000012,neck,on,observed_amplification,pointpillars+yolov3,54.70332862215761,yolov3,0.44936103999999966,1.547033286221576
1.308471,1.18257044,1.18257044,clear,1.324505,0.8214509999999995,0.8214509999999995,r50,-0.016034000000000104,neck,on,observed_amplification,pointpillars+yolov3,43.96116627772084,yolov3,0.3611194400000004,1.4396116627772084
1.27727,1.23268828,1.23268828,clear,1.324505,0.8214509999999995,0.8214509999999995,r7p5,-0.04723500000000014,neck,on,observed_amplification,pointpillars+yolov3,50.06230195105987,yolov3,0.4112372800000006,1.5006230195105987
