scene,scene_token,lidar_token,sample_token,timestamp,is_key_frame,raw_point_count,centerpoint_point_count,centerpoint_point_density_per_m3,centerpoint_voxel_count,centerpoint_voxel_density_pct,centerpoint_points_per_voxel,pointpillars_point_count,pointpillars_point_density_per_m3,pointpillars_voxel_count,pointpillars_voxel_density_pct,pointpillars_points_per_voxel,threedssd_point_count,threedssd_point_density_per_m3,object_count,object_mean_nearest_neighbor_2d_m
scene-0184,93032908bafd484ea10a39b0d5d3fff6,fd795beecd1c496a8e772f2336737cd9,29ae188298984ad5972d04c9c467185e,1532662948948584,True,34720,33602,0.36010373799725653,16361,0.01972535686728395,2.053786443371432,33597,0.4199625,4460,2.7875,7.532959641255605,17703,0.39515625,1,
scene-0184,93032908bafd484ea10a39b0d5d3fff6,9cc5bc1c51814e22b7b9f5356d0bffc7,f57ce9dc83364d839b6238ed6aa57578,1532662948998361,False,34720,33626,0.36036093964334703,16413,0.019788049768518518,2.0487418509717905,33623,0.4202875,4424,2.765,7.600135623869801,17682,0.3946875,1,
scene-0184,93032908bafd484ea10a39b0d5d3fff6,9d7ebfb7262042c4b6df6aafd31a872a,f57ce9dc83364d839b6238ed6aa57578,1532662949048691,False,34720,33642,0.3605324074074074,16520,0.019917052469135804,2.0364406779661017,33635,0.4204375,4429,2.768125,7.594265071122149,17714,0.3954017857142857,1,
scene-0184,93032908bafd484ea10a39b0d5d3fff6,ea594cf1c50844ce9200b52d07d74e9f,f57ce9dc83364d839b6238ed6aa57578,1532662949098433,False,34720,33657,0.36069315843621397,16519,0.019915846836419754,2.037472001937163,33648,0.4206,4430,2.76875,7.59548532731377,17386,0.38808035714285716,1,
scene-0184,93032908bafd484ea10a39b0d5d3fff6,02ac6db1653b47359be92f69b07be278,f57ce9dc83364d839b6238ed6aa57578,1532662949148775,False,34720,33674,0.36087534293552814,16504,0.019897762345679013,2.0403538536112458,33666,0.420825,4429,2.768125,7.601264393768345,14653,0.32707589285714284,1,
scene-0184,93032908bafd484ea10a39b0d5d3fff6,0ec19f1dc6754a4f81ea4932e39e2a64,f57ce9dc83364d839b6238ed6aa57578,1532662949198525,False,34720,33717,0.36133616255144035,16560,0.019965277777777776,2.0360507246376813,33707,0.4213375,4470,2.79375,7.540715883668904,14604,0.32598214285714283,1,
scene-0184,93032908bafd484ea10a39b0d5d3fff6,a43c6a064500481b86b994875890a37c,f57ce9dc83364d839b6238ed6aa57578,1532662949248302,False,34720,33735,0.36152906378600824,16514,0.019909818672839506,2.04281215937992,33724,0.42155,4437,2.773125,7.600631057020509,14632,0.3266071428571429,1,
scene-0184,93032908bafd484ea10a39b0d5d3fff6,18635681f0fe4b44ab5dce1d12fa5bc9,f57ce9dc83364d839b6238ed6aa57578,1532662949298617,False,34720,33741,0.36159336419753085,16659,0.020084635416666666,2.0253916801728797,33729,0.4216125,4450,2.78125,7.5795505617977526,17795,0.3972098214285714,1,
scene-0184,93032908bafd484ea10a39b0d5d3fff6,6880eb4dc456437fa2e91f52e3e8836f,f57ce9dc83364d839b6238ed6aa57578,1532662949348375,False,34720,33759,0.36178626543209874,16679,0.020108748070987656,2.0240422087655134,33751,0.4218875,4418,2.76125,7.639429606156632,17824,0.39785714285714285,1,
scene-0184,93032908bafd484ea10a39b0d5d3fff6,ff7fb80042fb40bdbed5db4bc858d38b,f57ce9dc83364d839b6238ed6aa57578,1532662949398723,False,34720,33788,0.36209705075445814,16655,0.02007981288580247,2.0287000900630443,33773,0.4221625,4412,2.7575,7.654805077062557,17870,0.39888392857142857,1,
scene-0184,93032908bafd484ea10a39b0d5d3fff6,242a5522d0564401bab5bb1fe364c17d,f57ce9dc83364d839b6238ed6aa57578,1532662949448476,True,34720,33785,0.36206490054869683,16820,0.02027874228395062,2.0086206896551726,33776,0.4222,4387,2.741875,7.699111009801687,17830,0.39799107142857143,1,
scene-0184,93032908bafd484ea10a39b0d5d3fff6,387ce7716b3643b0bba98185f7069418,909355ac1e0b459e9fec8d0a4b80b7b5,1532662949498243,False,34720,33806,0.3622899519890261,16773,0.020222077546296298,2.0155011029630954,33794,0.422425,4389,2.743125,7.699703804966963,17928,0.40017857142857144,2,34.61634133733205
scene-0184,93032908bafd484ea10a39b0d5d3fff6,cc0dce8627454f4da40e8337117de44c,909355ac1e0b459e9fec8d0a4b80b7b5,1532662949548547,False,34720,33827,0.3625150034293553,16789,0.020241367669753086,2.0148311394365357,33814,0.422675,4379,2.736875,7.7218543046357615,17849,0.39841517857142855,2,33.98848764904186
scene-0184,93032908bafd484ea10a39b0d5d3fff6,c6b34c5e204a427db88adccbc7db7c8d,909355ac1e0b459e9fec8d0a4b80b7b5,1532662949598314,False,34720,33847,0.3627293381344307,16858,0.020324556327160494,2.007770791315696,33831,0.4228875,4388,2.7425,7.7098906107566085,17868,0.39883928571428573,2,33.367371802417935
scene-0184,93032908bafd484ea10a39b0d5d3fff6,4b07d0a70a284c0cba753b769d7ecc3d,909355ac1e0b459e9fec8d0a4b80b7b5,1532662949648652,False,34720,33884,0.3631258573388203,16912,0.02038966049382716,2.0035477767265846,33864,0.4233,4384,2.74,7.724452554744525,14712,0.32839285714285715,2,32.73916752275995
scene-0184,93032908bafd484ea10a39b0d5d3fff6,ff56e2402931476e944e1923c289a4e4,909355ac1e0b459e9fec8d0a4b80b7b5,1532662949698404,False,34688,33863,0.3629008058984911,16981,0.020472849151234568,1.994169954655203,33841,0.4230125,4381,2.738125,7.724492125085597,14680,0.32767857142857143,2,32.11831601416815
scene-0184,93032908bafd484ea10a39b0d5d3fff6,b0559194bff64341b0fb403212d7a74b,909355ac1e0b459e9fec8d0a4b80b7b5,1532662949748164,False,34720,33921,0.3635223765432099,17027,0.02052830825617284,1.9921888764902802,33894,0.423675,4392,2.745,7.717213114754099,14715,0.32845982142857144,2,31.497406446074425
scene-0184,93032908bafd484ea10a39b0d5d3fff6,bdfd61074cf94d6593a1230323bb3ddf,909355ac1e0b459e9fec8d0a4b80b7b5,1532662949798503,False,34688,33871,0.36298653978052126,17004,0.020500578703703705,1.9919430722183016,33843,0.4230375,4395,2.746875,7.700341296928328,14616,0.32625,2,30.869317148108994
scene-0184,93032908bafd484ea10a39b0d5d3fff6,96ab2e9e30c247139fbcb2da32f639e2,909355ac1e0b459e9fec8d0a4b80b7b5,1532662949848261,False,34720,33940,0.36372599451303156,17104,0.020621141975308642,1.984331150608045,33906,0.423825,4423,2.764375,7.66583766674203,14636,0.32669642857142855,2,30.248524413194374
scene-0184,93032908bafd484ea10a39b0d5d3fff6,dc0f47a64e6345b98d5f38436425c06f,909355ac1e0b459e9fec8d0a4b80b7b5,1532662949898579,False,34688,33892,0.3632115912208505,17100,0.020616319444444444,1.9819883040935673,33855,0.4231875,4486,2.80375,7.5468123049487295,14625,0.32645089285714285,2,29.62079585257072
scene-0184,93032908bafd484ea10a39b0d5d3fff6,2cec62e55fbf41e788cf709a3952d0f9,909355ac1e0b459e9fec8d0a4b80b7b5,1532662949948354,True,34720,33963,0.3639724794238683,17206,0.02074411651234568,1.9739044519353715,33926,0.424075,4446,2.77875,7.63067926225821,14639,0.32676339285714284,2,28.999894913602823
scene-0184,93032908bafd484ea10a39b0d5d3fff6,c6f6b3d806d14be4bb33fd963b2ee6d7,bbfa111fe496445bb32534c0680ddd32,1532662949998115,False,34720,33950,0.3638331618655693,17230,0.020773051697530864,1.9704004643064423,33931,0.4241375,4474,2.79625,7.584041126508717,14643,0.3268526785714286,2,27.92699516279223
scene-0184,93032908bafd484ea10a39b0d5d3fff6,135d173aa43640079dec90cca050da5f,bbfa111fe496445bb32534c0680ddd32,1532662950048425,False,34752,33993,0.36429398148148145,17331,0.02089482060185185,1.9613986498182447,33967,0.4245875,4485,2.803125,7.573467112597547,14624,0.3264285714285714,2,26.842629239615015
scene-0184,93032908bafd484ea10a39b0d5d3fff6,d3417699be7d4e2185bcd6fadfa8ec19,bbfa111fe496445bb32534c0680ddd32,1532662950098193,False,34720,33987,0.36422968106995884,17324,0.020886381172839506,1.9618448395289771,33948,0.42435,4529,2.830625,7.495694413777876,14590,0.32566964285714284,2,25.77035827015273
scene-0184,93032908bafd484ea10a39b0d5d3fff6,4b63ed4917d743de90d3d30f23f6c65c,bbfa111fe496445bb32534c0680ddd32,1532662950148528,False,34752,34006,0.3644332990397805,17390,0.020965952932098766,1.9554916618746405,33967,0.4245875,4561,2.850625,7.447270335452751,14666,0.32736607142857144,2,24.686343557618745
scene-0184,93032908bafd484ea10a39b0d5d3fff6,36b9b449bcc54c809c6e0760a680b112,bbfa111fe496445bb32534c0680ddd32,1532662950198310,False,34720,33996,0.3643261316872428,17479,0.02107325424382716,1.9449625264603239,33962,0.424525,4588,2.8675,7.402353966870096,14647,0.32694196428571426,2,23.6147695071311
scene-0184,93032908bafd484ea10a39b0d5d3fff6,6908a7648441409f959141b45ffe036f,bbfa111fe496445bb32534c0680ddd32,1532662950248594,False,34752,34049,0.3648941186556927,17557,0.021167293595679013,1.9393404340149227,34008,0.4251,4536,2.835,7.497354497354498,14690,0.3279017857142857,2,22.53300313469286
scene-0184,93032908bafd484ea10a39b0d5d3fff6,8088aee238c24cf48192fdcd15fe0f94,bbfa111fe496445bb32534c0680ddd32,1532662950298375,False,34752,34054,0.3649477023319616,17574,0.021187789351851852,1.9377489473085239,34011,0.4251375,4668,2.9175,7.28598971722365,14581,0.32546875,2,21.46275632929062
scene-0184,93032908bafd484ea10a39b0d5d3fff6,a8c29f0476f24efa893893793d102eb5,bbfa111fe496445bb32534c0680ddd32,1532662950348690,False,34720,34014,0.3645190329218107,17557,0.021167293595679013,1.9373469271515635,33981,0.4247625,4635,2.896875,7.331391585760517,14593,0.3257366071428571,2,20.381847191268836
scene-0184,93032908bafd484ea10a39b0d5d3fff6,7fa994048216498da61ee2b8c90f3c2d,bbfa111fe496445bb32534c0680ddd32,1532662950398444,False,34752,34086,0.3652906378600823,17807,0.02146870177469136,1.9141910484640872,34057,0.4257125,4744,2.965,7.178962900505902,14538,0.32450892857142855,2,19.31393359140909
scene-0184,93032908bafd484ea10a39b0d5d3fff6,fd9d1bd7852140ffa4890808191fc3f1,bbfa111fe496445bb32534c0680ddd32,1532662950448804,True,34720,34068,0.3650977366255144,17844,0.021513310185185184,1.9092131809011432,34049,0.4256125,4864,3.04,7.000205592105263,14648,0.3269642857142857,2,18.234137681831754
scene-0184,93032908bafd484ea10a39b0d5d3fff6,ffda81a90ea64d8387208583f149246a,b5c30698eead479b825ac15b117d7ef2,1532662950498535,False,34752,34108,0.3655264060356653,17970,0.02166521990740741,1.8980523094045632,34093,0.4261625,4866,3.04125,7.006370735717222,14640,0.3267857142857143,3,30.132147528430078
scene-0184,93032908bafd484ea10a39b0d5d3fff6,25712d9373ad4c0daece24cd35e2d902,b5c30698eead479b825ac15b117d7ef2,1532662950548311,False,34720,34078,0.3652049039780521,17917,0.02160132137345679,1.9019925210693756,34064,0.4258,4945,3.090625,6.8885743174924166,14638,0.32674107142857145,3,29.550783478611205
scene-0184,93032908bafd484ea10a39b0d5d3fff6,080a44b031364398a08f0922edcd92a8,b5c30698eead479b825ac15b117d7ef2,1532662950598663,False,34720,34075,0.3651727537722908,18114,0.02183883101851852,1.881141658385779,34062,0.425775,4950,3.09375,6.881212121212121,14641,0.32680803571428574,3,28.965639263518938
scene-0184,93032908bafd484ea10a39b0d5d3fff6,81155b525c4940e09b808f9af9a2cb18,b5c30698eead479b825ac15b117d7ef2,1532662950648393,False,34720,34093,0.3653656550068587,18238,0.02198832947530864,1.8693387432832547,34071,0.4258875,5029,3.143125,6.7749055478226285,15404,0.34383928571428574,3,28.39096276660273
scene-0184,93032908bafd484ea10a39b0d5d3fff6,03c27c15491a437ca2df6ecc5823bac7,b5c30698eead479b825ac15b117d7ef2,1532662950698702,False,34720,34082,0.36524777091906724,18438,0.022229456018518518,1.8484651263694545,34059,0.4257375,5149,3.218125,6.6146824626141,17822,0.3978125,3,27.81332806495463
scene-0184,93032908bafd484ea10a39b0d5d3fff6,d7054fe1821044adb396e6707af49d30,b5c30698eead479b825ac15b117d7ef2,1532662950748469,False,34720,34062,0.36503343621399176,18575,0.022394627700617283,1.8337550471063258,34041,0.4255125,5153,3.220625,6.606054725402678,17780,0.396875,3,27.24623472851999
scene-0184,93032908bafd484ea10a39b0d5d3fff6,e5884cd8dca9417ca34fc19638a9748b,b5c30698eead479b825ac15b117d7ef2,1532662950798793,False,34720,34079,0.3652156207133059,18652,0.022487461419753087,1.8270962899420973,34059,0.4257375,5212,3.2575,6.53472755180353,17790,0.3970982142857143,3,26.678058236947745
scene-0184,93032908bafd484ea10a39b0d5d3fff6,496e9a20523847b7b816bb804aa8e0e2,b5c30698eead479b825ac15b117d7ef2,1532662950848554,False,34688,34058,0.3649905692729767,18733,0.022585117669753088,1.818075054716276,34038,0.425475,5207,3.254375,6.536969464182831,17774,0.3967410714285714,3,26.12272275038583
scene-0184,93032908bafd484ea10a39b0d5d3fff6,02488e04f9c44c048252273c18b33c8a,b5c30698eead479b825ac15b117d7ef2,1532662950898321,False,34720,34077,0.36519418724279834,18896,0.022781635802469134,1.8033975444538526,34055,0.4256875,5223,3.264375,6.520199119280107,17051,0.3806026785714286,3,25.57566760776675
scene-0184,93032908bafd484ea10a39b0d5d3fff6,acfbd451192c497789c7176de2e5f6b8,b5c30698eead479b825ac15b117d7ef2,1532662950948647,True,34720,34077,0.36519418724279834,18895,0.022780430169753087,1.8034929875628474,34055,0.4256875,5229,3.268125,6.5127175368139225,14544,0.3246428571428571,3,25.033943266921778
scene-0184,93032908bafd484ea10a39b0d5d3fff6,d5e77eb4ca944c4080da4b4fbb20a6d3,47bfac3db8c343a184fc8c0afe5ccfa6,1532662950998411,False,34688,34038,0.36477623456790126,19062,0.022981770833333335,1.785646836638338,34013,0.4251625,5255,3.284375,6.472502378686965,14670,0.3274553571428571,3,24.52951601223634
scene-0184,93032908bafd484ea10a39b0d5d3fff6,aa5e7acb512d49309acb25f6bcba1591,47bfac3db8c343a184fc8c0afe5ccfa6,1532662951048188,False,34720,34088,0.36531207133058985,19093,0.023019145447530864,1.785366364636254,34066,0.425825,5354,3.34625,6.3627194620844225,14572,0.32526785714285716,3,24.045253460069386
scene-0184,93032908bafd484ea10a39b0d5d3fff6,052a1ec816fd4a4e887e90a82bcac94f,47bfac3db8c343a184fc8c0afe5ccfa6,1532662951098494,False,34720,34102,0.36546210562414266,19142,0.023078221450617283,1.7815275310834813,34082,0.426025,5407,3.379375,6.303310523395599,17865,0.39877232142857144,3,23.58800795615963
scene-0184,93032908bafd484ea10a39b0d5d3fff6,89eb9eee969b4d5c9c4b9b7617f398a4,47bfac3db8c343a184fc8c0afe5ccfa6,1532662951148269,False,34720,34114,0.36559070644718794,19238,0.023193962191358025,1.773261253768583,34091,0.4261375,5379,3.361875,6.337795129206172,17917,0.39993303571428573,3,23.188210152325315
scene-0184,93032908bafd484ea10a39b0d5d3fff6,786406bfbd61458f98e2e0468a863983,47bfac3db8c343a184fc8c0afe5ccfa6,1532662951198614,False,34720,34131,0.36577289094650206,19273,0.023236159336419752,1.7709230529756654,34105,0.4263125,5302,3.31375,6.432478310071671,17900,0.39955357142857145,3,22.73231299897184
scene-0184,93032908bafd484ea10a39b0d5d3fff6,deffb8a0a10f4307ae908c19a9cf7b3d,47bfac3db8c343a184fc8c0afe5ccfa6,1532662951248382,False,34752,34182,0.3663194444444444,19372,0.023355516975308643,1.7645054718149906,34157,0.4269625,5350,3.34375,6.384485981308411,17690,0.39486607142857144,3,22.3187469179306
scene-0184,93032908bafd484ea10a39b0d5d3fff6,191e0349903a453697f6306a6667c3df,47bfac3db8c343a184fc8c0afe5ccfa6,1532662951298664,False,34752,34196,0.36646947873799723,19430,0.023425443672839507,1.7599588265568709,34164,0.42705,5390,3.36875,6.338404452690167,17965,0.4010044642857143,3,22.135749862106575
scene-0184,93032908bafd484ea10a39b0d5d3fff6,072b2d274ec74a8ead56f2487649c646,47bfac3db8c343a184fc8c0afe5ccfa6,1532662951348471,False,34720,34148,0.3659550754458162,19544,0.023562885802469135,1.747237003683995,34114,0.426425,5343,3.339375,6.384802545386487,17937,0.4003794642857143,3,22.20816876229669
scene-0184,93032908bafd484ea10a39b0d5d3fff6,e0828ae6c5c2498a84db8a352423809c,47bfac3db8c343a184fc8c0afe5ccfa6,1532662951398751,False,34752,34193,0.36643732853223593,19398,0.023386863425925927,1.762707495618105,34153,0.4269125,5339,3.336875,6.396890803521258,18004,0.401875,3,22.476831967558365
scene-0184,93032908bafd484ea10a39b0d5d3fff6,f4d20a9c86b84f1f891875e115eab8e0,47bfac3db8c343a184fc8c0afe5ccfa6,1532662951448523,True,34752,34178,0.36627657750342935,19376,0.02336033950617284,1.763934764657308,34127,0.4265875,5315,3.321875,6.4208842897460014,18023,0.40229910714285716,3,22.86071713320972
scene-0184,93032908bafd484ea10a39b0d5d3fff6,3f905ed8511b408a8cf9eabbaf1c2dd5,ddc8197e86964fc8ab91a7c7c52ad0ad,1532662951498839,False,34720,34153,0.366008659122085,19310,0.02328076774691358,1.7686690833764889,34108,0.42635,5356,3.3475,6.368185212845407,18019,0.4022098214285714,3,25.06237484019295
scene-0184,93032908bafd484ea10a39b0d5d3fff6,32337d83f0f443b8b11a3c2f2647ad3d,ddc8197e86964fc8ab91a7c7c52ad0ad,1532662951548604,False,34720,34156,0.3660408093278464,19259,0.02321928047839506,1.7735084895373592,34118,0.426475,5341,3.338125,6.387942332896461,18070,0.40334821428571427,3,25.53537061735713
scene-0184,93032908bafd484ea10a39b0d5d3fff6,97b3ef403e3c41548ecbbf6f178be29e,ddc8197e86964fc8ab91a7c7c52ad0ad,1532662951598377,False,34752,34172,0.36621227709190673,19250,0.02320842978395062,1.7751688311688312,34128,0.4266,5288,3.305,6.453857791225416,18009,0.40198660714285717,3,26.033515301585993
scene-0184,93032908bafd484ea10a39b0d5d3fff6,572f88f958fa489a9180c6223b34e268,ddc8197e86964fc8ab91a7c7c52ad0ad,1532662951648692,False,34752,34185,0.3663515946502058,19252,0.023210841049382716,1.7756596717224185,34143,0.4267875,5297,3.310625,6.4457239947139895,18005,0.40189732142857143,3,26.553348747241774
scene-0184,93032908bafd484ea10a39b0d5d3fff6,20d5f199fa7b4f63a052cc699527cd85,ddc8197e86964fc8ab91a7c7c52ad0ad,1532662951698463,False,34752,34189,0.36639446159122085,19233,0.023187934027777777,1.777621795871679,34143,0.4267875,5291,3.306875,6.453033453033453,18023,0.40229910714285716,3,27.07835614955587
scene-0184,93032908bafd484ea10a39b0d5d3fff6,053b5fb01c4f445f84940f4ac207e37b,ddc8197e86964fc8ab91a7c7c52ad0ad,1532662951748796,False,34752,34187,0.3663730281207133,19158,0.023097511574074074,1.7844764589205553,34142,0.426775,5281,3.300625,6.465063434955501,18010,0.40200892857142856,3,27.616925810749716
scene-0184,93032908bafd484ea10a39b0d5d3fff6,d693b77889374d75a00a60db59e234e9,ddc8197e86964fc8ab91a7c7c52ad0ad,1532662951798554,False,34752,34176,0.3662551440329218,19212,0.02316261574074074,1.7788881948782012,34126,0.426575,5289,3.305625,6.452259406314993,18003,0.4018526785714286,3,28.154818178461127
scene-0184,93032908bafd484ea10a39b0d5d3fff6,4306cc239c3b4c638ca63d500cf47b35,ddc8197e86964fc8ab91a7c7c52ad0ad,1532662951848896,False,34784,34211,0.3666302297668038,19066,0.02298659336419753,1.794345956152313,34167,0.4270875,5353,3.345625,6.3827760134504015,18073,0.40341517857142856,3,28.70316183106758
scene-0184,93032908bafd484ea10a39b0d5d3fff6,da11c6f3780b4ec0a27bfd7836d04350,ddc8197e86964fc8ab91a7c7c52ad0ad,1532662951899195,False,34752,34177,0.3662658607681756,19108,0.023037229938271606,1.788622566464308,34147,0.4268375,5334,3.33375,6.401762279715036,18068,0.40330357142857143,3,29.25422371286969
scene-0184,93032908bafd484ea10a39b0d5d3fff6,1fc2d8cdc3324ec09329e51851e5991c,ddc8197e86964fc8ab91a7c7c52ad0ad,1532662951948945,True,34752,34152,0.36599794238683125,18930,0.022822627314814815,1.804120443740095,34119,0.4264875,5309,3.318125,6.426634017705783,18104,0.40410714285714283,3,29.801726283728385
scene-0184,93032908bafd484ea10a39b0d5d3fff6,d6b7921522684d76a5294870a63c4a5d,ca14cef58a674836b45d76ef7ace8559,1532662951999292,False,34752,34195,0.36645876200274347,18947,0.022843123070987653,1.80477120388452,34164,0.42705,5337,3.335625,6.401349072512647,18156,0.4052678571428571,2,59.572236969448284
scene-0184,93032908bafd484ea10a39b0d5d3fff6,5a40cde30da043b5bb39b1720dc6bb6f,ca14cef58a674836b45d76ef7ace8559,1532662952049058,False,34720,34150,0.3659765089163237,18857,0.02273461612654321,1.810998568170971,34130,0.426625,5297,3.310625,6.443269775344534,18167,0.4055133928571429,2,59.11166173594543
scene-0184,93032908bafd484ea10a39b0d5d3fff6,9b8f15515d904ee489f43238228b4018,ca14cef58a674836b45d76ef7ace8559,1532662952098842,False,34752,34171,0.36620156035665297,18847,0.022722559799382716,1.8130736987318936,34158,0.426975,5303,3.314375,6.441259664340939,18218,0.40665178571428573,2,58.651100506399146
scene-0184,93032908bafd484ea10a39b0d5d3fff6,1a14fe2535e744af8df3d96824b2ebf3,ca14cef58a674836b45d76ef7ace8559,1532662952149185,False,34752,34146,0.36593364197530864,18770,0.022629726080246913,1.8191795418220564,34135,0.4266875,5275,3.296875,6.471090047393365,18194,0.4061160714285714,2,58.18555591611054
scene-0184,93032908bafd484ea10a39b0d5d3fff6,1c55d6e071ea4ea0852fb8a912e9ac1e,ca14cef58a674836b45d76ef7ace8559,1532662952198907,False,34752,34140,0.36586934156378603,18810,0.022677951388888888,1.8149920255183414,34132,0.42665,5200,3.25,6.563846153846153,18122,0.40450892857142856,2,57.72594407034282
scene-0184,93032908bafd484ea10a39b0d5d3fff6,baf1a48938e24086a999ec0bcedabe8c,ca14cef58a674836b45d76ef7ace8559,1532662952249227,False,34752,34131,0.36577289094650206,18929,0.022821421682098764,1.8031063447620055,34123,0.4265375,5182,3.23875,6.58490930142802,18092,0.40383928571428573,2,57.261001518963205
scene-0184,93032908bafd484ea10a39b0d5d3fff6,6e823c74d4a04538bbfb04f1fda26734,ca14cef58a674836b45d76ef7ace8559,1532662952298973,False,34752,34125,0.36570859053497945,18829,0.022700858410493827,1.8123639067396038,34121,0.4265125,5160,3.225,6.6125968992248065,18191,0.40604910714285714,2,56.80156209683038
scene-0184,93032908bafd484ea10a39b0d5d3fff6,40ae3e650d3f4a83abcb949119829730,ca14cef58a674836b45d76ef7ace8559,1532662952349315,False,34720,34072,0.3651406035665295,18835,0.022708092206790122,1.8089726572869658,34066,0.425825,5251,3.281875,6.487526185488479,17932,0.4002678571428571,2,56.33682514075165
scene-0184,93032908bafd484ea10a39b0d5d3fff6,4d5f861916404d6f81deb11f3e4ee559,ca14cef58a674836b45d76ef7ace8559,1532662952399061,False,34752,34085,0.36527992112482854,18688,0.022530864197530864,1.8238976883561644,34076,0.42595,5255,3.284375,6.484490960989533,18101,0.4040401785714286,2,55.877799774120376
scene-0184,93032908bafd484ea10a39b0d5d3fff6,c8e90ce52fe2477b854ddb88c871fb96,ca14cef58a674836b45d76ef7ace8559,1532662952449397,True,34720,34056,0.36496913580246915,18892,0.02277681327160494,1.8026677958924413,34048,0.4256,5288,3.305,6.438729198184569,18089,0.40377232142857145,2,55.41354759442856
scene-0184,93032908bafd484ea10a39b0d5d3fff6,f48620dc13204bbd9f576d6064e8b705,e0b89fe6bd594a24855eba5078b9109d,1532662952499147,False,34752,34038,0.36477623456790126,18809,0.022676745756172838,1.8096655856239034,34027,0.4253375,5315,3.321875,6.402069614299154,17059,0.38078125,2,54.877063718951206
scene-0184,93032908bafd484ea10a39b0d5d3fff6,fe1537f61e2b4e75a93a2111a4bcbbc0,e0b89fe6bd594a24855eba5078b9109d,1532662952549496,False,34720,34000,0.3643689986282579,18867,0.022746672453703702,1.802088302326814,33979,0.4247375,5218,3.26125,6.511881947106171,15052,0.33598214285714284,2,54.33429742414723
scene-0184,93032908bafd484ea10a39b0d5d3fff6,197af4716b5f4d989c66fea0ec904771,e0b89fe6bd594a24855eba5078b9109d,1532662952599285,False,34752,34025,0.3646369170096022,18790,0.022653838734567902,1.810803618946248,34009,0.4251125,5233,3.270625,6.498948977641888,16704,0.37285714285714283,2,53.79774828678469
scene-0184,93032908bafd484ea10a39b0d5d3fff6,b5ca1f2603cb4ff08eafeb1a36f86909,e0b89fe6bd594a24855eba5078b9109d,1532662952649559,False,34720,33963,0.3639724794238683,18816,0.022685185185185187,1.8050063775510203,33954,0.424425,5278,3.29875,6.433118605532399,15100,0.33705357142857145,2,53.256160036111105
scene-0184,93032908bafd484ea10a39b0d5d3fff6,77439549bf52448291be00ef9e23e477,e0b89fe6bd594a24855eba5078b9109d,1532662952699319,False,34752,34005,0.36442258230452673,18671,0.022510368441358026,1.8212736329066466,33994,0.424925,5206,3.25375,6.5297733384556285,15006,0.3349553571428571,2,52.72030014688168
scene-0184,93032908bafd484ea10a39b0d5d3fff6,6ed0c83f069c47209b2378dac353935c,e0b89fe6bd594a24855eba5078b9109d,1532662952749641,False,34720,33938,0.363704561042524,18619,0.022447675540123457,1.8227616950426984,33931,0.4241375,5208,3.255,6.515168970814132,15020,0.3352678571428571,2,52.17858757468508
scene-0184,93032908bafd484ea10a39b0d5d3fff6,1a4695fc1d0b4fd2a96c222f6963b531,e0b89fe6bd594a24855eba5078b9109d,1532662952799409,False,34720,33947,0.36380101165980794,18614,0.02244164737654321,1.8237348232513162,33939,0.4242375,5246,3.27875,6.469500571864278,15078,0.3365625,2,51.64304218504346
scene-0184,93032908bafd484ea10a39b0d5d3fff6,15ff7eb141b2481aa007275f5c45c1cd,e0b89fe6bd594a24855eba5078b9109d,1532662952849177,False,34720,33924,0.3635545267489712,18713,0.0225610050154321,1.8128573718805108,33918,0.423975,5243,3.276875,6.4691970246042345,16251,0.3627455357142857,2,51.10770546621367
scene-0184,93032908bafd484ea10a39b0d5d3fff6,ce48cd9fcdad433caf42ccc668129d02,e0b89fe6bd594a24855eba5078b9109d,1532662952899490,False,34720,33918,0.36349022633744854,18642,0.022475405092592594,1.8194399742516898,33912,0.4239,5191,3.244375,6.532845309188981,18050,0.4029017857142857,2,50.56672524801437
scene-0184,93032908bafd484ea10a39b0d5d3fff6,58b5ff64f7694ac791d9dbf7e1649adf,e0b89fe6bd594a24855eba5078b9109d,1532662952949260,True,34720,33861,0.3628793724279835,18639,0.022471788194444446,1.8166747143087076,33849,0.4231125,5166,3.22875,6.552264808362369,18036,0.4025892857142857,2,50.03180701313907
scene-0184,93032908bafd484ea10a39b0d5d3fff6,7286745fedcb42a896f352a2e25bd823,ae7033439a7d4dc89e6a9567401aa2e3,1532662952999582,False,34688,33839,0.36264360425240055,18699,0.022544126157407408,1.80966896625488,33827,0.4228375,5247,3.279375,6.446922050695636,17965,0.4010044642857143,2,49.477168995784034
scene-0184,93032908bafd484ea10a39b0d5d3fff6,2bdba2f5f38744d181e30eaf5ecd1ac9,ae7033439a7d4dc89e6a9567401aa2e3,1532662953049347,False,34720,33867,0.3629436728395062,18692,0.022535686728395062,1.8118446394179328,33855,0.4231875,5214,3.25875,6.493095512082854,17972,0.40116071428571426,2,48.92898454600194
scene-0184,93032908bafd484ea10a39b0d5d3fff6,b65cec967e0344d1be183a51a217860d,ae7033439a7d4dc89e6a9567401aa2e3,1532662953099110,False,34720,33884,0.3631258573388203,18800,0.022665895061728395,1.8023404255319149,33870,0.423375,5191,3.244375,6.524754382585244,17981,0.4013616071428571,2,48.38114546206837
scene-0184,93032908bafd484ea10a39b0d5d3fff6,e33b73b8820c4df59d932a1712ce54a3,ae7033439a7d4dc89e6a9567401aa2e3,1532662953149427,False,34720,33838,0.3626328875171468,18760,0.02261766975308642,1.8037313432835822,33821,0.4227625,5202,3.25125,6.50153787004998,17893,0.39939732142857143,2,47.827547498709805
scene-0184,93032908bafd484ea10a39b0d5d3fff6,7fdaa22c659942f8bded5c88ea3bb087,ae7033439a7d4dc89e6a9567401aa2e3,1532662953199192,False,34720,33839,0.36264360425240055,18648,0.02248263888888889,1.8146181896181897,33813,0.4226625,5189,3.243125,6.516284447870495,17709,0.39529017857142856,2,47.28037084388198
scene-0184,93032908bafd484ea10a39b0d5d3fff6,6bab689184334f00943d3ad4c31e2cb5,ae7033439a7d4dc89e6a9567401aa2e3,1532662953249519,False,34720,33806,0.3622899519890261,18741,0.02259476273148148,1.8038525158742864,33776,0.4222,5162,3.22625,6.543200309957381,15189,0.3390401785714286,2,46.72737939815402
scene-0184,93032908bafd484ea10a39b0d5d3fff6,4c48489e60ed479d81576b4125494faf,ae7033439a7d4dc89e6a9567401aa2e3,1532662953299278,False,34688,33751,0.3617005315500686,18742,0.02259596836419753,1.8008216839184719,33723,0.4215375,5177,3.235625,6.514004249565385,15116,0.3374107142857143,2,46.18100234907408
scene-0184,93032908bafd484ea10a39b0d5d3fff6,f6dfeb9ac9ed4181a13b27ef27d369d9,ae7033439a7d4dc89e6a9567401aa2e3,1532662953349044,False,34720,33779,0.3620006001371742,18746,0.02260079089506173,1.8019310786301077,33749,0.4218625,5243,3.276875,6.436963570474919,15058,0.3361160714285714,2,45.63493301191539
scene-0184,93032908bafd484ea10a39b0d5d3fff6,cf411356346841bca085283e6e035ce2,ae7033439a7d4dc89e6a9567401aa2e3,1532662953399365,False,34688,33751,0.3617005315500686,18682,0.02252363040123457,1.8066052885130073,33722,0.421525,5223,3.264375,6.456442657476546,15030,0.33549107142857143,2,45.08317912666698
scene-0184,93032908bafd484ea10a39b0d5d3fff6,8d6970cc486a432d8e47932db219ecd4,ae7033439a7d4dc89e6a9567401aa2e3,1532662953449130,True,34688,33750,0.3616898148148148,18620,0.022448881172839507,1.8125671321160044,33721,0.4215125,5229,3.268125,6.448842991011666,15038,0.33566964285714285,2,44.53793723332952
scene-0184,93032908bafd484ea10a39b0d5d3fff6,c22a31017b8e46b08722fb5d27a11f4b,0ad1dc79bcf642838081403fe51c4a5b,1532662953498891,False,34720,33772,0.3619255829903978,18551,0.0223656925154321,1.82049485202954,33733,0.4216625,5174,3.23375,6.5197139543873215,17488,0.39035714285714285,2,43.99587542475224
scene-0184,93032908bafd484ea10a39b0d5d3fff6,19ee644bd2b24f0596f27d8a9d6c8ff6,0ad1dc79bcf642838081403fe51c4a5b,1532662953549226,False,34688,33723,0.36140046296296297,18547,0.0223608699845679,1.8182455383619993,33688,0.4211,5206,3.25375,6.470995005762582,17506,0.3907589285714286,2,43.44801113176317
scene-0184,93032908bafd484ea10a39b0d5d3fff6,559f21025af94b2fa8e9a23f43b1ab26,0ad1dc79bcf642838081403fe51c4a5b,1532662953598990,False,34720,33713,0.3612932956104252,18566,0.02238377700617284,1.8158461704190456,33687,0.4210875,5270,3.29375,6.392220113851993,17765,0.3965401785714286,2,42.90682391123638
scene-0184,93032908bafd484ea10a39b0d5d3fff6,ad7d52eece9c4c4a87ea1b72374d35f7,0ad1dc79bcf642838081403fe51c4a5b,1532662953649312,False,34720,33710,0.3612611454046639,18559,0.022375337577160495,1.816369416455628,33683,0.4210375,5369,3.355625,6.27360774818402,17827,0.39792410714285714,2,42.36005366536651
scene-0184,93032908bafd484ea10a39b0d5d3fff6,8ba5d1e34ddd4c33ae306b76528fe3ba,0ad1dc79bcf642838081403fe51c4a5b,1532662953699065,False,34720,33677,0.36090749314128945,18636,0.022468171296296295,1.8070937969521357,33632,0.4204,5390,3.36875,6.239703153988868,17716,0.3954464285714286,2,41.81996425261785
scene-0184,93032908bafd484ea10a39b0d5d3fff6,6bd59b755d6e4bafb75765ee788cc410,0ad1dc79bcf642838081403fe51c4a5b,1532662953749413,False,34752,33725,0.3614218964334705,18511,0.022317467206790124,1.8218896872130086,33677,0.4209625,5430,3.39375,6.202025782688766,17792,0.39714285714285713,2,41.27394032167916
scene-0184,93032908bafd484ea10a39b0d5d3fff6,742b899e84284d02902795a86f4b4936,0ad1dc79bcf642838081403fe51c4a5b,1532662953799151,False,34720,33725,0.3614218964334705,18566,0.02238377700617284,1.8164925131961651,33675,0.4209375,5430,3.39375,6.201657458563536,17752,0.39625,2,40.73507052549511
scene-0184,93032908bafd484ea10a39b0d5d3fff6,82ed440707c04305b5d37928c1a46a66,0ad1dc79bcf642838081403fe51c4a5b,1532662953848945,False,34752,33741,0.36159336419753085,18559,0.022375337577160495,1.8180397650735491,33704,0.4213,5488,3.43,6.141399416909621,16922,0.37772321428571426,2,40.196151989239596
scene-0184,93032908bafd484ea10a39b0d5d3fff6,0a94be013c834ac28244e30e4032dd41,0ad1dc79bcf642838081403fe51c4a5b,1532662953899283,False,34752,33752,0.36171124828532236,18461,0.022257185570987655,1.8282866583608688,33714,0.421425,5495,3.434375,6.1353958143767064,17786,0.39700892857142855,2,39.65193644483675
scene-0184,93032908bafd484ea10a39b0d5d3fff6,4f19dd8c8f9d45669c8439c10dddc13e,0ad1dc79bcf642838081403fe51c4a5b,1532662953949010,True,34752,33742,0.3616040809327846,18366,0.022142650462962963,1.8371991723837526,33698,0.421225,5427,3.391875,6.209323751612309,17778,0.39683035714285714,2,39.114933836068516
scene-0184,93032908bafd484ea10a39b0d5d3fff6,fa2b1e2e5ea14df8b60d529c4679a138,4af11633cc8b4c698332afbd9118ff23,1532662953999362,False,34752,33707,0.3612289951989026,18305,0.02206910686728395,1.8414094509696803,33662,0.420775,5401,3.375625,6.23254952786521,17687,0.39479910714285715,2,38.5559755685069
scene-0184,93032908bafd484ea10a39b0d5d3fff6,0ac0f6928e654237bc68a4a04cf7bd19,4af11633cc8b4c698332afbd9118ff23,1532662954049098,False,34752,33748,0.3616683813443073,18322,0.02208960262345679,1.841938652985482,33704,0.4213,5407,3.379375,6.233401146661735,17711,0.3953348214285714,2,38.00449174230061
scene-0184,93032908bafd484ea10a39b0d5d3fff6,cecc80e96a2d41a49f5fecd3e797ef1a,4af11633cc8b4c698332afbd9118ff23,1532662954099410,False,34720,33715,0.36131472908093276,18293,0.022054639274691357,1.8430547203848466,33668,0.42085,5410,3.38125,6.2232902033271715,17543,0.39158482142857143,2,37.447293077348654
scene-0184,93032908bafd484ea10a39b0d5d3fff6,2bc2bed97b354808a00bca3df0b724b4,4af11633cc8b4c698332afbd9118ff23,1532662954149177,False,34752,33748,0.3616683813443073,18309,0.02207392939814815,1.8432464907968757,33706,0.421325,5385,3.365625,6.259238625812442,17751,0.3962276785714286,2,36.89682501808733
scene-0184,93032908bafd484ea10a39b0d5d3fff6,87478d1d059946bb89f456e36a8c7efa,4af11633cc8b4c698332afbd9118ff23,1532662954199545,False,34720,33703,0.36118612825788754,18337,0.02210768711419753,1.8379778589736597,33668,0.42085,5352,3.345,6.2907324364723465,17135,0.38247767857142856,2,36.34044516095927
scene-0184,93032908bafd484ea10a39b0d5d3fff6,5fc154ad4bad4a8692c7fded801e764a,4af11633cc8b4c698332afbd9118ff23,1532662954249265,False,34720,33711,0.3612718621399177,18334,0.022104070216049383,1.8387149558197884,33675,0.4209375,5348,3.3425,6.296746447270007,14728,0.32875,2,35.7919828793744
scene-0184,93032908bafd484ea10a39b0d5d3fff6,2d89c0febc5c4b60b8fd0f2e94f8e515,4af11633cc8b4c698332afbd9118ff23,1532662954299586,False,34752,33753,0.36172196502057613,18210,0.02195457175925926,1.8535420098846787,33719,0.4214875,5348,3.3425,6.304973821989528,14742,0.3290625,2,35.23769553106208
scene-0184,93032908bafd484ea10a39b0d5d3fff6,571135d756bc49beaf2ad44b7c88a9d9,4af11633cc8b4c698332afbd9118ff23,1532662954352017,False,34720,33702,0.36117541152263377,18215,0.021960599922839507,1.8502333241833653,33666,0.420825,5339,3.336875,6.305675220078666,14861,0.33171875,2,34.661069218146636
scene-0184,93032908bafd484ea10a39b0d5d3fff6,297b40e29f084b019308f8711b560d79,4af11633cc8b4c698332afbd9118ff23,1532662954399684,False,34720,33696,0.3611111111111111,18279,0.022037760416666666,1.8434268833087148,33668,0.42085,5342,3.33875,6.3025084238113065,17614,0.39316964285714284,2,34.13767475472844
scene-0184,93032908bafd484ea10a39b0d5d3fff6,a8553e73dc7e4cefa94aee29d327478b,4af11633cc8b4c698332afbd9118ff23,1532662954449431,True,34752,33737,0.3615504972565158,18313,0.022078751929012347,1.8422432152023154,33711,0.4213875,5350,3.34375,6.301121495327103,16138,0.3602232142857143,2,33.59233451250467
scene-0184,93032908bafd484ea10a39b0d5d3fff6,676928788fb344c2973c53ee091f4dd9,a9c9939b50f441528eb99087c4865a87,1532662954499247,False,34720,33722,0.3613897462277092,18311,0.022076340663580246,1.8416252525804162,33696,0.4212,5361,3.350625,6.285394515948517,14695,0.32801339285714287,2,33.06344474560574
scene-0184,93032908bafd484ea10a39b0d5d3fff6,4cd3cffed5bf4fd9a9639b98547426e5,a9c9939b50f441528eb99087c4865a87,1532662954549519,False,34720,33691,0.36105752743484226,18311,0.022076340663580246,1.8399322811424828,33668,0.42085,5292,3.3075,6.362055933484505,14634,0.3266517857142857,2,32.530507240750026
scene-0184,93032908bafd484ea10a39b0d5d3fff6,8f3b4bcb087046648ac2da70038a6702,a9c9939b50f441528eb99087c4865a87,1532662954599284,False,34688,33659,0.36071459190672156,18315,0.022081163194444444,1.8377832377832377,33637,0.4204625,5301,3.313125,6.345406527070364,14655,0.32712053571428573,2,32.00376860616244
scene-0184,93032908bafd484ea10a39b0d5d3fff6,27fb3f8c4c1642fb883f92547e083baf,a9c9939b50f441528eb99087c4865a87,1532662954649605,False,34688,33667,0.3608003257887517,18253,0.022006413966049382,1.8444639237385636,33643,0.4205375,5321,3.325625,6.322683706070287,14652,0.32705357142857144,2,31.472020877014256
scene-0184,93032908bafd484ea10a39b0d5d3fff6,34db55711065430ba05e07468d286936,a9c9939b50f441528eb99087c4865a87,1532662954699371,False,34688,33643,0.36054312414266115,18277,0.02203534915123457,1.8407287848115117,33619,0.4202375,5292,3.3075,6.352796674225246,14640,0.3267857142857143,2,30.947048466972372
scene-0184,93032908bafd484ea10a39b0d5d3fff6,8fa4a7c385fb49298d679407c6ad5921,a9c9939b50f441528eb99087c4865a87,1532662954749142,False,34720,33696,0.3611111111111111,18230,0.021978684413580248,1.848381788261108,33671,0.4208875,5235,3.271875,6.431900668576886,14634,0.3266517857142857,2,30.422976030690045
scene-0184,93032908bafd484ea10a39b0d5d3fff6,cc1c392fb8724745add3f26d17d96864,a9c9939b50f441528eb99087c4865a87,1532662954799456,False,34688,33632,0.3604252400548697,18272,0.02202932098765432,1.840630472854641,33609,0.4201125,5164,3.2275,6.5083268783888455,14608,0.32607142857142857,2,29.894205510287485
scene-0184,93032908bafd484ea10a39b0d5d3fff6,2669d50ab30a48f79215f395c2a784af,a9c9939b50f441528eb99087c4865a87,1532662954849237,False,34688,33617,0.3602644890260631,18290,0.02205102237654321,1.8379989065062876,33596,0.41995,5249,3.280625,6.400457229948562,14653,0.32707589285714284,2,29.372099431694178
scene-0184,93032908bafd484ea10a39b0d5d3fff6,6e9b1fa62f3540e8bf60ef0aac5f836a,a9c9939b50f441528eb99087c4865a87,1532662954899035,False,34688,33629,0.3603930898491084,18253,0.022006413966049382,1.8423820741795869,33607,0.4200875,5169,3.230625,6.501644418649642,14658,0.3271875,2,28.850930503554295
scene-0184,93032908bafd484ea10a39b0d5d3fff6,76fb47809f8645c891ca156c7ed75a64,a9c9939b50f441528eb99087c4865a87,1532662954949316,True,34688,33633,0.36043595679012347,18299,0.022061873070987656,1.8379692879392318,33617,0.4202125,5187,3.241875,6.481010217852323,14835,0.33113839285714286,2,28.325901256623784
scene-0184,93032908bafd484ea10a39b0d5d3fff6,1e8934359349405eb791d68027047823,9982953c54dd445f9c561f569c55835f,1532662954999082,False,34720,33604,0.36012517146776407,18247,0.021999180169753087,1.841617800186332,33592,0.4199,5156,3.2225,6.5151280062063615,14699,0.32810267857142855,1,
scene-0184,93032908bafd484ea10a39b0d5d3fff6,0dd0c47505b841648dc76d02e6f6620b,9982953c54dd445f9c561f569c55835f,1532662955048842,False,34688,33571,0.3597715192043896,18335,0.022105275848765434,1.8309790019089174,33561,0.4195125,5141,3.213125,6.528107372106594,14663,0.32729910714285715,1,
scene-0184,93032908bafd484ea10a39b0d5d3fff6,3885476af065410d9d88ee68d6a818ba,9982953c54dd445f9c561f569c55835f,1532662955099181,False,34688,33562,0.35967506858710563,18295,0.022057050540123458,1.8344902978956,33553,0.4194125,5105,3.190625,6.572575905974535,14530,0.32433035714285713,1,
scene-0184,93032908bafd484ea10a39b0d5d3fff6,3cbf249f21a0416ea255a9fbacfeb720,9982953c54dd445f9c561f569c55835f,1532662955148926,False,34688,33554,0.3595893347050754,18368,0.02214506172839506,1.82676393728223,33546,0.419325,5137,3.210625,6.530270585945104,14601,0.3259151785714286,1,
scene-0184,93032908bafd484ea10a39b0d5d3fff6,f51f0d0341e04fb78e0892f1f642e337,9982953c54dd445f9c561f569c55835f,1532662955198691,False,34688,33551,0.3595571844993141,18367,0.022143856095679013,1.82670005989002,33541,0.4192625,5094,3.18375,6.58441303494307,14508,0.3238392857142857,1,
scene-0184,93032908bafd484ea10a39b0d5d3fff6,611b33ea7009468a97e28044031a3daa,9982953c54dd445f9c561f569c55835f,1532662955249021,False,34688,33529,0.35932141632373116,18411,0.022196903935185187,1.8211395361468687,33516,0.41895,5089,3.180625,6.585969738651994,14553,0.32484375,1,
scene-0184,93032908bafd484ea10a39b0d5d3fff6,0878946da9414aa9a20ed26c1d87a0dc,9982953c54dd445f9c561f569c55835f,1532662955298781,False,34720,33555,0.3596000514403292,18415,0.02220172646604938,1.822155851208254,33539,0.4192375,5052,3.1575,6.638756927949327,14525,0.32421875,1,
scene-0184,93032908bafd484ea10a39b0d5d3fff6,7db507cf5a6f4d62b1265d4d08059bf1,9982953c54dd445f9c561f569c55835f,1532662955348560,False,34688,33529,0.35932141632373116,18531,0.02234157986111111,1.8093465004586908,33515,0.4189375,5096,3.185,6.5767268445839875,14597,0.32582589285714286,1,
scene-0184,93032908bafd484ea10a39b0d5d3fff6,5821633dbe07419fa03c71005aa2f76e,9982953c54dd445f9c561f569c55835f,1532662955398900,False,34688,33531,0.3593428497942387,18504,0.02230902777777778,1.812094682230869,33516,0.41895,5110,3.19375,6.558904109589041,14551,0.32479910714285715,1,
scene-0184,93032908bafd484ea10a39b0d5d3fff6,54e12d466e5c49c0bd752ccc46fc0555,9982953c54dd445f9c561f569c55835f,1532662955448652,True,34688,33542,0.3594607338820302,18450,0.022243923611111112,1.8179945799457995,33525,0.4190625,5125,3.203125,6.541463414634146,14527,0.32426339285714284,1,
scene-0184,93032908bafd484ea10a39b0d5d3fff6,322adf6f73cd495b9794bb005cd30887,efecba15f7ab47f2a492880e7780eca9,1532662955498402,False,34688,33550,0.35954646776406035,18546,0.02235966435185185,1.8090154211150653,33540,0.41925,5129,3.205625,6.539286410606356,14558,0.3249553571428571,3,13.110924725900212
scene-0184,93032908bafd484ea10a39b0d5d3fff6,ad8956f7bf9342cc95feef19bc6da2e2,efecba15f7ab47f2a492880e7780eca9,1532662955548728,False,34688,33550,0.35954646776406035,18539,0.022351224922839506,1.809698473488322,33539,0.4192375,5161,3.225625,6.498546793257121,14568,0.32517857142857143,3,12.948308808508893
scene-0184,93032908bafd484ea10a39b0d5d3fff6,6054ffe7dbc4435fa4cf280f35895bb4,efecba15f7ab47f2a492880e7780eca9,1532662955598495,False,34688,33564,0.35969650205761317,18488,0.022289737654320987,1.8154478580700995,33555,0.4194375,5202,3.25125,6.45040369088812,14520,0.32410714285714287,3,12.787730281505889
scene-0184,93032908bafd484ea10a39b0d5d3fff6,9f14fd1c35e245c6aecee84c9cfc4fb9,efecba15f7ab47f2a492880e7780eca9,1532662955648273,False,34688,33549,0.3595357510288066,18500,0.02230420524691358,1.8134594594594595,33542,0.419275,5180,3.2375,6.475289575289575,14496,0.32357142857142857,3,12.627355966613884
scene-0184,93032908bafd484ea10a39b0d5d3fff6,9b5b6919c96646eeb0e0db56c81fedd9,efecba15f7ab47f2a492880e7780eca9,1532662955698576,False,34656,33535,0.35938571673525377,18555,0.022370515046296297,1.8073295607652924,33525,0.4190625,5181,3.238125,6.470758540822235,14523,0.32417410714285716,3,12.465544260304823
scene-0184,93032908bafd484ea10a39b0d5d3fff6,b3f7e79d304e4a2f978e44cd50cf9023,efecba15f7ab47f2a492880e7780eca9,1532662955748338,False,34688,33544,0.35948216735253774,18504,0.02230902777777778,1.812797233030696,33536,0.4192,5180,3.2375,6.474131274131274,14506,0.3237946428571429,3,12.30573507251322
scene-0184,93032908bafd484ea10a39b0d5d3fff6,da3b8c00d3c941b085615a960ef26908,efecba15f7ab47f2a492880e7780eca9,1532662955798137,False,34688,33557,0.3596214849108368,18479,0.022278886959876544,1.8159532442231723,33549,0.4193625,5240,3.275,6.402480916030535,14541,0.32457589285714283,3,12.1460797619929
scene-0184,93032908bafd484ea10a39b0d5d3fff6,99905eef674c4afdb46702a040577859,efecba15f7ab47f2a492880e7780eca9,1532662955848447,False,34688,33524,0.35926783264746226,18540,0.022352430555555556,1.808198489751888,33516,0.41895,5248,3.28,6.3864329268292686,14538,0.32450892857142855,3,11.9850756387402
scene-0184,93032908bafd484ea10a39b0d5d3fff6,98ae220fa68d40368dba6853b15ea117,efecba15f7ab47f2a492880e7780eca9,1532662955898189,False,34688,33533,0.35936428326474623,18569,0.022387393904320988,1.8058592277451666,33524,0.41905,5237,3.273125,6.40137483291961,14509,0.32386160714285717,3,11.82618827838889
scene-0184,93032908bafd484ea10a39b0d5d3fff6,4ab6921c8b324510ad35e7b782314f3b,efecba15f7ab47f2a492880e7780eca9,1532662955947981,True,34688,33545,0.3594928840877915,18590,0.022412712191358024,1.8044647660032276,33533,0.4191625,5230,3.26875,6.411663479923519,14490,0.3234375,3,11.667452705168941
scene-0184,93032908bafd484ea10a39b0d5d3fff6,26ad11333d034c6f989de91fec8e87d2,b1a98ece8ce247d1a347d361dc6766b6,1532662955998275,False,34688,33541,0.3594500171467764,18602,0.022427179783950618,1.8030856897107839,33527,0.4190875,5238,3.27375,6.400725467735777,14503,0.3237276785714286,3,11.516366910096972
scene-0184,93032908bafd484ea10a39b0d5d3fff6,da573d4e75df48f58595edeb1dbb661e,b1a98ece8ce247d1a347d361dc6766b6,1532662956048061,False,34688,33524,0.35926783264746226,18729,0.02258029513888889,1.7899514122483848,33515,0.4189375,5239,3.274375,6.3972132086276,14528,0.3242857142857143,3,11.367038772723213
scene-0184,93032908bafd484ea10a39b0d5d3fff6,bf040953d74b4b13a396125aa9e93201,b1a98ece8ce247d1a347d361dc6766b6,1532662956097804,False,34688,33540,0.3594393004115226,18713,0.0225610050154321,1.7923368781061295,33529,0.4191125,5267,3.291875,6.36586292006835,14572,0.32526785714285716,3,11.218080141064105
scene-0184,93032908bafd484ea10a39b0d5d3fff6,974aa82426ae416293f70bff10b7b757,b1a98ece8ce247d1a347d361dc6766b6,1532662956148178,False,34656,33507,0.35908564814814814,18809,0.022676745756172838,1.7814344196927003,33489,0.4186125,5246,3.27875,6.383720930232558,14594,0.3257589285714286,3,11.067488198974516
scene-0184,93032908bafd484ea10a39b0d5d3fff6,c54e2ca6de6443c0a7b2a29921e8e7a8,b1a98ece8ce247d1a347d361dc6766b6,1532662956197894,False,34688,33542,0.3594607338820302,18825,0.02269603587962963,1.7817795484727756,33525,0.4190625,5266,3.29125,6.366312191416635,14587,0.32560267857142855,3,10.919127927466215
scene-0184,93032908bafd484ea10a39b0d5d3fff6,c9aff4831df94bf4baef838c762bf0fc,b1a98ece8ce247d1a347d361dc6766b6,1532662956247673,False,34688,33549,0.3595357510288066,18861,0.022739438657407407,1.778749801177032,33533,0.4191625,5306,3.31625,6.3198266113833395,14594,0.3257589285714286,3,10.770855419461848
scene-0184,93032908bafd484ea10a39b0d5d3fff6,b01d6a95b4c34297a785c2655f233550,b1a98ece8ce247d1a347d361dc6766b6,1532662956298009,False,34688,33549,0.3595357510288066,18785,0.022647810570987654,1.7859462336970988,33531,0.4191375,5239,3.274375,6.400267226569956,14559,0.32497767857142856,3,10.621217817202062
scene-0184,93032908bafd484ea10a39b0d5d3fff6,8e218fe8b9a047bd9f45fcd75b4fa76f,b1a98ece8ce247d1a347d361dc6766b6,1532662956347783,False,34688,33558,0.35963220164609055,18815,0.022683979552469136,1.7835769332979006,33542,0.419275,5233,3.270625,6.409707624689471,14605,0.3260044642857143,3,10.473555702179288
scene-0184,93032908bafd484ea10a39b0d5d3fff6,b5af628057364579b2a9ac91fed35ffb,b1a98ece8ce247d1a347d361dc6766b6,1532662956397565,False,34688,33558,0.35963220164609055,18794,0.0226586612654321,1.7855698627221455,33540,0.41925,5276,3.2975,6.3570887035633055,14607,0.3260491071428571,3,10.326187906220422
scene-0184,93032908bafd484ea10a39b0d5d3fff6,244c226077e8496fb52685906d69415d,b1a98ece8ce247d1a347d361dc6766b6,1532662956447859,True,34688,33544,0.35948216735253774,18862,0.022740644290123457,1.7783904145901812,33526,0.419075,5172,3.2325,6.482211910286156,14645,0.3268973214285714,3,10.177643561587395
scene-0184,93032908bafd484ea10a39b0d5d3fff6,87ceeb24fe2a4fbe817ade3928439855,f648a88ffaf24e16b57ca34d96794f66,1532662956497622,False,34656,33526,0.3592892661179698,18806,0.02267312885802469,1.7827289163033075,33506,0.418825,5186,3.24125,6.460856151176244,14595,0.32578125,3,10.051106416447405
scene-0184,93032908bafd484ea10a39b0d5d3fff6,62f6b4508e7c4eecad0fdd2039707045,f648a88ffaf24e16b57ca34d96794f66,1532662956547373,False,34688,33539,0.35942858367626884,18791,0.02265504436728395,1.784843808206056,33524,0.41905,5161,3.225625,6.495640379771362,14577,0.3253794642857143,3,9.9248289760749
scene-0184,93032908bafd484ea10a39b0d5d3fff6,781191331e6240dc9246e4cf02cc2cee,f648a88ffaf24e16b57ca34d96794f66,1532662956597688,False,34688,33540,0.3594393004115226,18771,0.022630931712962963,1.7867987853603964,33527,0.4190875,5157,3.223125,6.501260422726391,14605,0.3260044642857143,3,9.797363479401554
scene-0184,93032908bafd484ea10a39b0d5d3fff6,2cdde83cb07244a1968880175b21e0a7,f648a88ffaf24e16b57ca34d96794f66,1532662956647449,False,34720,33571,0.3597715192043896,18779,0.02264057677469136,1.7876883753128494,33552,0.4194,5153,3.220625,6.511158548418397,15031,0.3355133928571429,3,9.671553177507464
scene-0184,93032908bafd484ea10a39b0d5d3fff6,23f7fdbcbe9c4747a39c332e362e8191,f648a88ffaf24e16b57ca34d96794f66,1532662956697220,False,34688,33525,0.35927854938271603,18711,0.02255859375,1.7917267917267918,33509,0.4188625,5110,3.19375,6.557534246575343,16864,0.37642857142857145,3,9.54597947104279
scene-0184,93032908bafd484ea10a39b0d5d3fff6,4c87631b1cd64735a39e7d3135204d83,f648a88ffaf24e16b57ca34d96794f66,1532662956747551,False,34720,33557,0.3596214849108368,18789,0.022652633101851852,1.7859918037149396,33538,0.419225,5114,3.19625,6.558075870160344,15497,0.34591517857142856,3,9.419271582927726
scene-0184,93032908bafd484ea10a39b0d5d3fff6,6628baee63d346469899069ac043924f,f648a88ffaf24e16b57ca34d96794f66,1532662956797308,False,34688,33502,0.3590320644718793,18723,0.02257306134259259,1.7893499973294877,33487,0.4185875,5136,3.21,6.520054517133956,14627,0.3264955357142857,3,9.294297202617916
scene-0184,93032908bafd484ea10a39b0d5d3fff6,37e95d055cec4e68911d6afad49c6f58,f648a88ffaf24e16b57ca34d96794f66,1532662956847077,False,34720,33527,0.3592999828532236,18680,0.02252121913580247,1.7948072805139186,33511,0.4188875,5118,3.19875,6.5476748729972645,14578,0.32540178571428574,3,9.169593287830494
scene-0184,93032908bafd484ea10a39b0d5d3fff6,c31aed46a0d64eb4aa7c36ea8829360a,f648a88ffaf24e16b57ca34d96794f66,1532662956897409,False,34720,33499,0.358999914266118,18704,0.022550154320987656,1.7910072711719418,33487,0.4185875,5120,3.2,6.5404296875,14613,0.3261830357142857,3,9.043799241160068
scene-0184,93032908bafd484ea10a39b0d5d3fff6,a894a43649504655ace606fdc869050d,f648a88ffaf24e16b57ca34d96794f66,1532662956947179,True,34688,33487,0.3588713134430727,18574,0.022393422067901233,1.802896522020028,33470,0.418375,5069,3.168125,6.602880252515289,14621,0.32636160714285717,3,8.919742310482198
scene-0184,93032908bafd484ea10a39b0d5d3fff6,1ef7be2872a0478cb7cd70c759f19643,612c61f9448b450dbbf565c70b6578dd,1532662956997476,False,34720,33513,0.3591499485596708,18622,0.022451292438271604,1.7996455804961873,33495,0.4186875,5113,3.195625,6.550948562487776,14637,0.32671875,3,8.801894743027866
scene-0184,93032908bafd484ea10a39b0d5d3fff6,46284d7febe04da299e00077d7ee8fc7,612c61f9448b450dbbf565c70b6578dd,1532662957047260,False,34688,33481,0.35880701303155005,18560,0.022376543209876542,1.8039331896551725,33461,0.4182625,5078,3.17375,6.589405277668374,14621,0.32636160714285717,3,8.685605868358218
scene-0184,93032908bafd484ea10a39b0d5d3fff6,775a359965af47d192d7fd63ee391838,612c61f9448b450dbbf565c70b6578dd,1532662957097017,False,34720,33506,0.35907493141289437,18520,0.022328317901234566,1.8091792656587473,33486,0.418575,5034,3.14625,6.651966626936829,14579,0.32542410714285713,3,8.569751687996055
scene-0184,93032908bafd484ea10a39b0d5d3fff6,37fd7c49a8a3404293900bc41f2ff0f8,612c61f9448b450dbbf565c70b6578dd,1532662957147339,False,34688,33481,0.35880701303155005,18460,0.022255979938271605,1.8137053087757313,33467,0.4183375,5027,3.141875,6.6574497712353295,14582,0.3254910714285714,3,8.452978222370062
scene-0184,93032908bafd484ea10a39b0d5d3fff6,04d4cadfdbd442a297c43a2b114113ee,612c61f9448b450dbbf565c70b6578dd,1532662957197141,False,34688,33480,0.3587962962962963,18486,0.02228732638888889,1.8111002921129504,33466,0.418325,4998,3.12375,6.695878351340536,14605,0.3260044642857143,3,8.337823107373795
scene-0184,93032908bafd484ea10a39b0d5d3fff6,9229a6b826a2498db07194b7d20b3674,612c61f9448b450dbbf565c70b6578dd,1532662957246881,False,34688,33468,0.358667695473251,18572,0.022391010802469136,1.8020676286883481,33448,0.4181,5008,3.13,6.678913738019169,14677,0.32761160714285714,3,8.223240530189925
scene-0184,93032908bafd484ea10a39b0d5d3fff6,e3f08ff217a34d0e84dc53b39c7538cf,612c61f9448b450dbbf565c70b6578dd,1532662957297223,False,34720,33533,0.35936428326474623,18454,0.02224874614197531,1.817112821068603,33518,0.418975,5011,3.131875,6.688884454200759,14701,0.32814732142857145,3,8.107729982483287
scene-0184,93032908bafd484ea10a39b0d5d3fff6,77029492c5094f0bbab190a4e37c1830,612c61f9448b450dbbf565c70b6578dd,1532662957346948,False,34688,33464,0.35862482853223593,18398,0.022181230709876543,1.8188933579736928,33449,0.4181125,4985,3.115625,6.709929789368104,14825,0.33091517857142855,3,7.994111474791356
scene-0184,93032908bafd484ea10a39b0d5d3fff6,cf2504b565744930a0837db43558b5c7,612c61f9448b450dbbf565c70b6578dd,1532662957396755,False,34688,33479,0.3587855795610425,18302,0.022065489969135803,1.8292536334826794,33463,0.4182875,4945,3.090625,6.767037411526795,16172,0.36098214285714286,3,7.880804782490344
scene-0184,93032908bafd484ea10a39b0d5d3fff6,2352723e709f4a0bb2886c2f016deb2e,612c61f9448b450dbbf565c70b6578dd,1532662957447067,True,34688,33515,0.35917138203017834,18228,0.021976273148148148,1.8386548167654158,33502,0.418775,4915,3.071875,6.816276703967446,17130,0.38236607142857143,3,7.766883128826028
scene-0184,93032908bafd484ea10a39b0d5d3fff6,4aefe5cff9f144929d71a5ad2f634fbd,f3c56e59a2484a6fa0834fd5cda8c69c,1532662957496811,False,34688,33502,0.3590320644718793,18241,0.02199194637345679,1.8366317636094511,33492,0.41865,4923,3.076875,6.803168799512492,17142,0.3826339285714286,2,19.14392834384893
scene-0184,93032908bafd484ea10a39b0d5d3fff6,b1651092d11a4488aa06ca47682042ef,f3c56e59a2484a6fa0834fd5cda8c69c,1532662957547129,False,34720,33535,0.35938571673525377,18198,0.021940104166666665,1.8427849214199363,33529,0.4191125,4876,3.0475,6.876333059885152,15248,0.34035714285714286,2,18.826421908626333
scene-0184,93032908bafd484ea10a39b0d5d3fff6,e4a5aaccf5ae436b80f6401b4f3c7e98,f3c56e59a2484a6fa0834fd5cda8c69c,1532662957596885,False,34720,33532,0.35935356652949246,18309,0.02207392939814815,1.8314490141460484,33523,0.4190375,4836,3.0225,6.931968569065344,15067,0.3363169642857143,2,18.514073130681407
scene-0184,93032908bafd484ea10a39b0d5d3fff6,9e1e2dbbde0e406f975778da0c9a356c,f3c56e59a2484a6fa0834fd5cda8c69c,1532662957646667,False,34720,33560,0.3596536351165981,18270,0.022026909722222224,1.8368910782703887,33550,0.419375,4827,3.016875,6.950486844831158,14803,0.33042410714285714,2,18.203247657566756
scene-0184,93032908bafd484ea10a39b0d5d3fff6,ce30585b903b42d0940ea5cce2226337,f3c56e59a2484a6fa0834fd5cda8c69c,1532662957696970,False,34720,33543,0.35947145061728397,18238,0.02198832947530864,1.8391819278429653,33533,0.4191625,4854,3.03375,6.908323032550474,14845,0.3313616071428571,2,17.890972342741293
scene-0184,93032908bafd484ea10a39b0d5d3fff6,f1008783bbb6480aaff43c9a6ef2981d,f3c56e59a2484a6fa0834fd5cda8c69c,1532662957746765,False,34752,33568,0.35973936899862824,18157,0.021890673225308643,1.8487635622624883,33553,0.4194125,4812,3.0075,6.972776392352452,14870,0.33191964285714287,2,17.583730260966025
scene-0184,93032908bafd484ea10a39b0d5d3fff6,5599c741d8d842f2b764375fe34101be,f3c56e59a2484a6fa0834fd5cda8c69c,1532662957797059,False,34720,33566,0.3597179355281207,18166,0.021901523919753085,1.8477375316525377,33551,0.4193875,4783,2.989375,7.014635166213673,14903,0.33265625,2,17.27540953772476
scene-0184,93032908bafd484ea10a39b0d5d3fff6,8d08e711358147c68396fcb9f0f9d5a5,f3c56e59a2484a6fa0834fd5cda8c69c,1532662957846842,False,34752,33624,0.3603395061728395,18151,0.021883439429012344,1.8524599195636604,33607,0.4200875,4736,2.96,7.096072635135135,14912,0.33285714285714285,2,16.972308298300685
scene-0184,93032908bafd484ea10a39b0d5d3fff6,6cd259b78cd04711ad8eda404c8e1b8e,f3c56e59a2484a6fa0834fd5cda8c69c,1532662957897141,False,34752,33665,0.36077889231824417,18099,0.02182074652777778,1.8600475164373722,33650,0.420625,4745,2.965625,7.091675447839831,14992,0.33464285714285713,2,16.668289842602285
scene-0184,93032908bafd484ea10a39b0d5d3fff6,5eeadc5db43c4859a1e1f16a732c9c3e,f3c56e59a2484a6fa0834fd5cda8c69c,1532662957946932,True,34752,33681,0.3609503600823045,18076,0.02179301697530864,1.8632994025226821,33673,0.4209125,4713,2.945625,7.144706131975387,16165,0.36082589285714284,2,16.369665848758064
scene-0184,93032908bafd484ea10a39b0d5d3fff6,7ae6f603f66d41f589aaa9a981466d03,3a155517df0d44609d8e1edd8bd4c34c,1532662957997251,False,34784,33714,0.361304012345679,18051,0.021762876157407407,1.8677081602127306,33708,0.42135,4735,2.959375,7.1189017951425555,16655,0.3717633928571429,1,
scene-0184,93032908bafd484ea10a39b0d5d3fff6,3c0db16c36b644e3bac49e6c2a7cebdd,3a155517df0d44609d8e1edd8bd4c34c,1532662958047048,False,34752,33716,0.36132544581618653,18000,0.021701388888888888,1.8731111111111112,33712,0.4214,4718,2.94875,7.14540059347181,15214,0.3395982142857143,1,
scene-0184,93032908bafd484ea10a39b0d5d3fff6,91541d2e559d452cba1ca93673a642fc,3a155517df0d44609d8e1edd8bd4c34c,1532662958097329,False,34752,33733,0.3615076303155007,17892,0.021571180555555555,1.8853677621283256,33726,0.421575,4721,2.950625,7.143825460707477,17299,0.38613839285714285,1,
scene-0184,93032908bafd484ea10a39b0d5d3fff6,6bcbfebd69f04c8995d4deb570576c69,3a155517df0d44609d8e1edd8bd4c34c,1532662958147095,False,34784,33746,0.36164694787379975,17891,0.021569974922839505,1.8861997652450953,33740,0.42175,4643,2.901875,7.266853327589921,17278,0.38566964285714284,1,
scene-0184,93032908bafd484ea10a39b0d5d3fff6,3b85a264774942b08f289654e7e4e569,3a155517df0d44609d8e1edd8bd4c34c,1532662958197400,False,34784,33754,0.3617326817558299,17845,0.021514515817901234,1.891510226954329,33743,0.4217875,4667,2.916875,7.230126419541461,17267,0.38542410714285713,1,
scene-0184,93032908bafd484ea10a39b0d5d3fff6,650ecb6e7fcd4ab58bdb522c2c5b34ba,3a155517df0d44609d8e1edd8bd4c34c,1532662958247171,False,34752,33721,0.36137902949245543,17810,0.021472318672839507,1.8933745087029759,33710,0.421375,4670,2.91875,7.218415417558886,16663,0.3719419642857143,1,
scene-0184,93032908bafd484ea10a39b0d5d3fff6,9c9ac1ee763d445cae68a4a27b6301bb,3a155517df0d44609d8e1edd8bd4c34c,1532662958297482,False,34752,33737,0.3615504972565158,17798,0.021457851080246913,1.8955500618046972,33725,0.4215625,4688,2.93,7.193899317406143,15173,0.3386830357142857,1,
scene-0184,93032908bafd484ea10a39b0d5d3fff6,be37ab1d51704148b7dca89c9bcb4f81,3a155517df0d44609d8e1edd8bd4c34c,1532662958347261,False,34752,33767,0.36187199931412894,17712,0.021354166666666667,1.906447606142728,33757,0.4219625,4639,2.899375,7.27678378960983,15318,0.3419196428571429,1,
scene-0184,93032908bafd484ea10a39b0d5d3fff6,2afe7e9a2b94492491ffb820bc379ad3,3a155517df0d44609d8e1edd8bd4c34c,1532662958397604,False,34752,33757,0.3617648319615912,17563,0.02117452739197531,1.9220520412230258,33741,0.4217625,4586,2.86625,7.357392062799826,17268,0.3854464285714286,1,
scene-0184,93032908bafd484ea10a39b0d5d3fff6,459a854ae66148c78687bfeb6f0b473d,3a155517df0d44609d8e1edd8bd4c34c,1532662958447903,True,34784,33738,0.36156121399176955,17607,0.021227575231481482,1.9161697052308742,33727,0.4215875,4644,2.9025,7.262489233419466,16804,0.37508928571428574,1,
scene-0184,93032908bafd484ea10a39b0d5d3fff6,e17a92de868b467bae3f6db43cc85e5e,bbc4165e584549de96ac382f75905fb7,1532662958497654,False,34752,33700,0.3611539780521262,17511,0.02111183449074074,1.9245045971103878,33686,0.421075,4551,2.844375,7.401889694572621,15225,0.33984375,1,
scene-0184,93032908bafd484ea10a39b0d5d3fff6,7545a5b3f045424abc0189e5ad9dca96,bbc4165e584549de96ac382f75905fb7,1532662958547978,False,34784,33732,0.36149691358024694,17524,0.021127507716049383,1.9249029901848893,33715,0.4214375,4550,2.84375,7.40989010989011,15134,0.3378125,1,
scene-0184,93032908bafd484ea10a39b0d5d3fff6,93cbb588be2a4ead92a98d740604e721,bbc4165e584549de96ac382f75905fb7,1532662958597740,False,34752,33659,0.36071459190672156,17499,0.02109736689814815,1.9234813417909595,33643,0.4205375,4549,2.843125,7.395691360738624,17214,0.38424107142857145,1,
scene-0184,93032908bafd484ea10a39b0d5d3fff6,68949e9275a04542b7cb3b2ff4e4b760,bbc4165e584549de96ac382f75905fb7,1532662958648073,False,34784,33668,0.3608110425240055,17344,0.020910493827160495,1.941190036900369,33654,0.420675,4494,2.80875,7.488651535380507,17223,0.3844419642857143,1,
scene-0184,93032908bafd484ea10a39b0d5d3fff6,35ff7c4528134e568d82343178336419,bbc4165e584549de96ac382f75905fb7,1532662958697827,False,34784,33643,0.36054312414266115,17401,0.02097921489197531,1.9333946324923854,33630,0.420375,4557,2.848125,7.379855167873601,16845,0.37600446428571427,1,
scene-0184,93032908bafd484ea10a39b0d5d3fff6,0852de02412b40b9a0ea7d0de5311f2f,bbc4165e584549de96ac382f75905fb7,1532662958748143,False,34784,33656,0.3606824417009602,17303,0.02086106288580247,1.9450962260879616,33648,0.4206,4516,2.8225,7.450841452612932,15074,0.3364732142857143,1,
scene-0184,93032908bafd484ea10a39b0d5d3fff6,7e6165d1172c4d35b963566a3adbb444,bbc4165e584549de96ac382f75905fb7,1532662958797917,False,34784,33633,0.36043595679012347,17311,0.020870707947530865,1.9428686962047252,33621,0.4202625,4492,2.8075,7.484639358860196,15109,0.33725446428571426,1,
scene-0184,93032908bafd484ea10a39b0d5d3fff6,02444428b9fe491b94ae3e2a714b6036,bbc4165e584549de96ac382f75905fb7,1532662958848252,False,34752,33588,0.3599537037037037,17257,0.0208056037808642,1.9463406154024454,33577,0.4197125,4492,2.8075,7.474844167408727,15083,0.3366741071428571,1,
scene-0184,93032908bafd484ea10a39b0d5d3fff6,1085eadceaf348178cbaabbdd534d8de,bbc4165e584549de96ac382f75905fb7,1532662958898589,False,34784,33628,0.36038237311385457,17178,0.020710358796296298,1.9576202118989405,33616,0.4202,4461,2.788125,7.5355301501905405,15046,0.33584821428571426,1,
scene-0184,93032908bafd484ea10a39b0d5d3fff6,8bdda15015704de9815eac62ebf42015,bbc4165e584549de96ac382f75905fb7,1532662958948344,True,34752,33594,0.36001800411522633,17150,0.020676601080246913,1.9588338192419825,33583,0.4197875,4475,2.796875,7.5045810055865925,15475,0.34542410714285715,1,
scene-0184,93032908bafd484ea10a39b0d5d3fff6,c3483bbcff9e4a8fa8a30d70f495c6f6,57a060acab1c46fe85469cf60d58492a,1532662958998641,False,34752,33600,0.360082304526749,17154,0.02068142361111111,1.9587268275620846,33589,0.4198625,4475,2.796875,7.5059217877094975,17236,0.38473214285714286,1,
scene-0184,93032908bafd484ea10a39b0d5d3fff6,dff0a8838b204f5bbc61339bd68270fd,57a060acab1c46fe85469cf60d58492a,1532662959048407,False,34720,33565,0.35970721879286693,17180,0.020712770061728395,1.9537252619324796,33552,0.4194,4467,2.791875,7.511081262592344,17241,0.38484375,1,
scene-0184,93032908bafd484ea10a39b0d5d3fff6,86c68d2ce47b4d3899b6d261fcea756c,57a060acab1c46fe85469cf60d58492a,1532662959098233,False,34720,33582,0.35988940329218105,17228,0.020770640432098766,1.949268632458788,33567,0.4195875,4499,2.811875,7.460991331406979,17260,0.38526785714285716,1,
scene-0184,93032908bafd484ea10a39b0d5d3fff6,ceed56b866554dd8a391659a8011b617,57a060acab1c46fe85469cf60d58492a,1532662959148505,False,34720,33563,0.3596857853223594,17147,0.020672984182098765,1.9573686359129876,33548,0.41935,4478,2.79875,7.491737382760161,17228,0.38455357142857144,1,
scene-0184,93032908bafd484ea10a39b0d5d3fff6,2ffa9e26f8d34b1090fe862e5e02e39a,57a060acab1c46fe85469cf60d58492a,1532662959198270,False,34720,33565,0.35970721879286693,17273,0.020824893904320987,1.9432061599027384,33550,0.419375,4512,2.82,7.43572695035461,17238,0.3847767857142857,1,
scene-0184,93032908bafd484ea10a39b0d5d3fff6,bd451fb0c72c42db9791ba4045030b02,57a060acab1c46fe85469cf60d58492a,1532662959248596,False,34720,33586,0.3599322702331962,17213,0.020752555941358025,1.9511996746644977,33570,0.419625,4488,2.805,7.479946524064171,17278,0.38566964285714284,1,
scene-0184,93032908bafd484ea10a39b0d5d3fff6,fece05f2faa8478a870a659000cf4a32,57a060acab1c46fe85469cf60d58492a,1532662959298353,False,34752,33617,0.3602644890260631,17164,0.020693479938271604,1.9585760894896294,33602,0.420025,4527,2.829375,7.422575657168102,17328,0.3867857142857143,1,
scene-0184,93032908bafd484ea10a39b0d5d3fff6,f11f1996069f48d3a5f8e1fac2dc6a52,57a060acab1c46fe85469cf60d58492a,1532662959348665,False,34720,33583,0.3599001200274348,17147,0.020672984182098765,1.95853502070333,33570,0.419625,4564,2.8525,7.355390008764242,17326,0.38674107142857145,1,
scene-0184,93032908bafd484ea10a39b0d5d3fff6,15a1db85852c4f69814a3848c8050d3e,57a060acab1c46fe85469cf60d58492a,1532662959398433,False,34752,33601,0.36009302126200277,17159,0.02068745177469136,1.958214348155487,33586,0.419825,4583,2.864375,7.328387519092297,17329,0.38680803571428574,1,
scene-0184,93032908bafd484ea10a39b0d5d3fff6,202c202138c44c8d9a643f30cfeb4e66,57a060acab1c46fe85469cf60d58492a,1532662959448770,True,34752,33620,0.3602966392318244,17124,0.020645254629629628,1.963326325624854,33602,0.420025,4597,2.873125,7.309549706330215,17400,0.38839285714285715,1,
scene-0184,93032908bafd484ea10a39b0d5d3fff6,ee3748b07ada4582bcd1a788ac198857,89157f9aa400498199a8f556f3c80483,1532662959498531,False,34752,33589,0.3599644204389575,17121,0.02064163773148148,1.9618597044565154,33579,0.4197375,4604,2.8775,7.2934404865334495,17370,0.38772321428571427,1,
scene-0184,93032908bafd484ea10a39b0d5d3fff6,2b9e48df69eb47c0b3227ed3ef3d80e4,89157f9aa400498199a8f556f3c80483,1532662959548838,False,34752,33602,0.36010373799725653,17092,0.020606674382716048,1.9659489819798737,33589,0.4198625,4596,2.8725,7.308311575282855,17423,0.38890625,1,
scene-0184,93032908bafd484ea10a39b0d5d3fff6,36f19f5f59904714a1627d82419e0c16,89157f9aa400498199a8f556f3c80483,1532662959598610,False,34784,33653,0.3606502914951989,17215,0.020754967206790122,1.9548649433633458,33642,0.420525,4628,2.8925,7.269230769230769,17436,0.38919642857142855,1,
scene-0184,93032908bafd484ea10a39b0d5d3fff6,e1d0ec70101d40b7a44fa1e8f61cdc07,89157f9aa400498199a8f556f3c80483,1532662959648951,False,34752,33592,0.3599965706447188,17271,0.02082248263888889,1.944994499449945,33575,0.4196875,4664,2.915,7.198756432246999,17408,0.38857142857142857,1,
scene-0184,93032908bafd484ea10a39b0d5d3fff6,ba09569560f84216a393852d19b51f17,89157f9aa400498199a8f556f3c80483,1532662959698688,False,34752,33585,0.35992155349794236,17270,0.02082127700617284,1.9447017950202663,33563,0.4195375,4713,2.945625,7.12136643326968,17411,0.38863839285714286,1,
scene-0184,93032908bafd484ea10a39b0d5d3fff6,44a165def82641c78690b4ce0ab45f99,89157f9aa400498199a8f556f3c80483,1532662959749017,False,34752,33551,0.3595571844993141,17314,0.020874324845679013,1.9377960032343768,33527,0.4190875,4754,2.97125,7.052376945729912,17372,0.38776785714285716,1,
scene-0184,93032908bafd484ea10a39b0d5d3fff6,33ee3fd53f284704b9ee4ebc59c67309,89157f9aa400498199a8f556f3c80483,1532662959798776,False,34720,33497,0.3589784807956104,17266,0.02081645447530864,1.94005560060234,33481,0.4185125,4800,3.0,6.975208333333334,17402,0.3884375,1,
scene-0184,93032908bafd484ea10a39b0d5d3fff6,62eff9d75fda49959f305489717dc830,89157f9aa400498199a8f556f3c80483,1532662959849092,False,34752,33488,0.3588820301783265,17275,0.020827305169753087,1.9385238784370478,33473,0.4184125,4808,3.005,6.9619384359401,17368,0.38767857142857143,1,
scene-0184,93032908bafd484ea10a39b0d5d3fff6,39a355c973dc4f4aae3db23074e4a8e1,89157f9aa400498199a8f556f3c80483,1532662959898876,False,34752,33471,0.35869984567901236,17323,0.020885175540123455,1.9321711020031171,33450,0.418125,4869,3.043125,6.869993838570548,17375,0.38783482142857145,1,
scene-0184,93032908bafd484ea10a39b0d5d3fff6,cc309b5be6a7445f9df6fc7e8c2e46c7,89157f9aa400498199a8f556f3c80483,1532662959948623,True,34720,33404,0.3579818244170096,17420,0.021002121913580248,1.9175660160734787,33379,0.4172375,4863,3.039375,6.863870039070533,17435,0.38917410714285716,1,
scene-0184,93032908bafd484ea10a39b0d5d3fff6,2d77be24328546dcbe3639924c43c873,fb29bbc822ff40b6b79681c4e9690ea0,1532662959998966,False,34720,33388,0.35781035665294925,17357,0.020926167052469136,1.9236043095004898,33365,0.4170625,4862,3.03875,6.862402303578774,17460,0.38973214285714286,2,24.1930690302302
scene-0184,93032908bafd484ea10a39b0d5d3fff6,c366ba71b1574281a1c48b687993991a,fb29bbc822ff40b6b79681c4e9690ea0,1532662960048713,False,34720,33353,0.35743527091906724,17516,0.021117862654320987,1.904144781913679,33331,0.4166375,4945,3.090625,6.7403437815975735,17454,0.3895982142857143,2,23.961413454570145
scene-0184,93032908bafd484ea10a39b0d5d3fff6,6ce9f1f7670643a29918e80d0f61b22d,fb29bbc822ff40b6b79681c4e9690ea0,1532662960099037,False,34752,33355,0.3574567043895748,17546,0.02115403163580247,1.90100307762453,33335,0.4166875,4972,3.1075,6.704545454545454,17449,0.38948660714285716,2,23.727355858990318
scene-0184,93032908bafd484ea10a39b0d5d3fff6,ae95d9323b6d4f4b83be829746a82fd3,fb29bbc822ff40b6b79681c4e9690ea0,1532662960148827,False,34688,33247,0.35629929698216734,17646,0.021274594907407407,1.8841097132494615,33230,0.415375,5051,3.156875,6.57889526826371,17428,0.38901785714285714,2,23.496072248700543
scene-0184,93032908bafd484ea10a39b0d5d3fff6,1d0293f0405a440e9ca8353e4cd8e876,fb29bbc822ff40b6b79681c4e9690ea0,1532662960199113,False,34720,33242,0.3562457133058985,17626,0.02125048225308642,1.8859639169408828,33229,0.4153625,5101,3.188125,6.514212899431484,17436,0.38919642857142855,2,23.26278655661002
scene-0184,93032908bafd484ea10a39b0d5d3fff6,21af007a60664776bec7f0d83de743ea,fb29bbc822ff40b6b79681c4e9690ea0,1532662960248926,False,34720,33254,0.35637431412894377,17774,0.02142891589506173,1.870935073703162,33236,0.41545,5163,3.226875,6.437342630253728,17442,0.38933035714285713,2,23.032003384676774
scene-0184,93032908bafd484ea10a39b0d5d3fff6,571494cb9f29456d9a8a9fbd5bc35128,fb29bbc822ff40b6b79681c4e9690ea0,1532662960298648,False,34720,33212,0.3559242112482853,17823,0.021487991898148148,1.8634348875049094,33195,0.4149375,5170,3.23125,6.420696324951644,17436,0.38919642857142855,2,22.80195701947251
scene-0184,93032908bafd484ea10a39b0d5d3fff6,04e09e0b82d14d26aa433d91a559aff8,fb29bbc822ff40b6b79681c4e9690ea0,1532662960348966,False,34688,33130,0.355045438957476,17811,0.021473524305555554,1.860086463421481,33113,0.4139125,5249,3.280625,6.308439702800533,15452,0.3449107142857143,2,22.569483619777095
scene-0184,93032908bafd484ea10a39b0d5d3fff6,ef828db9c01d480fb4e3d1eec8a4d228,fb29bbc822ff40b6b79681c4e9690ea0,1532662960398730,False,34720,33151,0.3552704903978052,18015,0.02171947337962963,1.8401887316125451,33127,0.4140875,5253,3.283125,6.306301161241196,15046,0.33584821428571426,2,22.33990682463388
scene-0184,93032908bafd484ea10a39b0d5d3fff6,a5dc7588bad8408488dc8e324370a876,fb29bbc822ff40b6b79681c4e9690ea0,1532662960449055,True,34720,33113,0.35486325445816186,18134,0.021862943672839506,1.8260174258299326,33101,0.4137625,5311,3.319375,6.232536245528149,15049,0.33591517857142855,2,22.10809356321786
scene-0184,93032908bafd484ea10a39b0d5d3fff6,6ef4f0f0ccb042ffba5901cd9cc979c8,50d617e40ad24a139938efe9b34fedff,1532662960498817,False,34752,33128,0.35502400548696844,18271,0.02202811535493827,1.8131465163373652,33115,0.4139375,5352,3.345,6.187406576980568,17452,0.38955357142857144,2,21.888154800200503
scene-0184,93032908bafd484ea10a39b0d5d3fff6,6451ec8c8ae740ea8f86a1c3ff537f7b,50d617e40ad24a139938efe9b34fedff,1532662960548581,False,34720,33100,0.3547239368998628,18384,0.022164351851851852,1.800478677110531,33091,0.4136375,5432,3.395,6.091863033873343,17510,0.3908482142857143,2,21.668497164438655
scene-0184,93032908bafd484ea10a39b0d5d3fff6,588970467bdf4bd9b2edf32ade6376b3,50d617e40ad24a139938efe9b34fedff,1532662960598904,False,34752,33113,0.35486325445816186,18567,0.022384982638888887,1.7834329724780524,33106,0.413825,5435,3.396875,6.091260349586016,17475,0.3900669642857143,2,21.446676081192937
scene-0184,93032908bafd484ea10a39b0d5d3fff6,b9eb205dbc534f96b963715ca5b78ec4,50d617e40ad24a139938efe9b34fedff,1532662960648680,False,34720,33039,0.3540702160493827,18643,0.02247661072530864,1.7721933165263102,33031,0.4128875,5470,3.41875,6.038574040219379,17453,0.38957589285714284,2,21.22757620531988
scene-0184,93032908bafd484ea10a39b0d5d3fff6,d1e96c6ad7554449848918a188007baf,50d617e40ad24a139938efe9b34fedff,1532662960698992,False,34720,32977,0.35340577846364885,18811,0.02267915702160494,1.7530700122268885,32967,0.4120875,5513,3.445625,5.97986577181208,17433,0.38912946428571427,2,21.00644025055182
scene-0184,93032908bafd484ea10a39b0d5d3fff6,a46c22d1bbc94815957e6f8d123836f4,50d617e40ad24a139938efe9b34fedff,1532662960748781,False,34720,32935,0.3529556755829904,18906,0.02279369212962963,1.742039564159526,32925,0.4115625,5566,3.47875,5.915379087315846,17420,0.3888392857142857,2,20.78793309479149
scene-0184,93032908bafd484ea10a39b0d5d3fff6,69ce3421c0c74e459a117340d9403044,50d617e40ad24a139938efe9b34fedff,1532662960799136,False,34720,32911,0.35269847393689985,19029,0.022941984953703705,1.7295181039466079,32904,0.4113,5576,3.485,5.901004304160689,17447,0.38944196428571426,2,20.56728663366362
scene-0184,93032908bafd484ea10a39b0d5d3fff6,3e5848c19d1e404087dc2c8b438faa38,50d617e40ad24a139938efe9b34fedff,1532662960848840,False,34720,32886,0.3524305555555556,19036,0.02295042438271605,1.7275688169783567,32877,0.4109625,5558,3.47375,5.9152572867938105,14977,0.3343080357142857,2,20.34984363773277
scene-0184,93032908bafd484ea10a39b0d5d3fff6,36126e05c90a4a139248f4ecb91684f3,50d617e40ad24a139938efe9b34fedff,1532662960898649,False,34688,32843,0.35196973593964337,19117,0.023048080632716048,1.7179996861432234,32837,0.4104625,5639,3.524375,5.823195602057102,14986,0.33450892857142855,2,20.132302405377036
scene-0184,93032908bafd484ea10a39b0d5d3fff6,067e6813c9074a3f9325a950297f7860,50d617e40ad24a139938efe9b34fedff,1532662960948929,True,34720,32830,0.3518304183813443,19137,0.023072193287037038,1.715524899409521,32825,0.4103125,5633,3.520625,5.827267885673709,14993,0.3346651785714286,2,19.913082759834108
scene-0184,93032908bafd484ea10a39b0d5d3fff6,e853c2ea1f154e45a80b30144da55955,0b8cd35c55584ddfa4915a88d41a6a77,1532662960998711,False,34720,32756,0.3510373799725652,19050,0.02296730324074074,1.7194750656167979,32754,0.409425,5654,3.53375,5.793066855323665,14931,0.33328125,2,19.688407664466325
scene-0184,93032908bafd484ea10a39b0d5d3fff6,fbb651fa49b54e2e84be2838dba8c07a,0b8cd35c55584ddfa4915a88d41a6a77,1532662961049011,False,34720,32790,0.3514017489711934,19110,0.023039641203703703,1.7158555729984302,32781,0.4097625,5692,3.5575,5.759135628952916,14946,0.3336160714285714,2,19.461793505653066
scene-0184,93032908bafd484ea10a39b0d5d3fff6,fc145820d468423b987d98c500f13360,0b8cd35c55584ddfa4915a88d41a6a77,1532662961098789,False,34720,32771,0.35119813100137176,19152,0.02309027777777778,1.7111006683375105,32759,0.4094875,5664,3.54,5.783721751412429,15002,0.33486607142857144,2,19.237939546499046
scene-0184,93032908bafd484ea10a39b0d5d3fff6,33ac8827f0f547469e26c611188fcabf,0b8cd35c55584ddfa4915a88d41a6a77,1532662961149096,False,34752,32770,0.351187414266118,19180,0.02312403549382716,1.7085505735140771,32744,0.4093,5692,3.5575,5.752635277582572,15033,0.3355580357142857,2,19.01213416277301
scene-0184,93032908bafd484ea10a39b0d5d3fff6,d547c5ee372a48a1b60cc6f53d881246,0b8cd35c55584ddfa4915a88d41a6a77,1532662961198887,False,34752,32785,0.3513481652949246,19270,0.023232542438271605,1.7013492475350285,32753,0.4094125,5656,3.535,5.790841584158416,17406,0.3885267857142857,2,18.789083204226923
scene-0184,93032908bafd484ea10a39b0d5d3fff6,adbe7f820fbb40e5800d0f7ee5a94307,0b8cd35c55584ddfa4915a88d41a6a77,1532662961249203,False,34752,32720,0.35065157750342935,19297,0.02326509452160494,1.6956003523863814,32681,0.4085125,5741,3.588125,5.692562271381292,17352,0.3873214285714286,2,18.564139455176846
scene-0184,93032908bafd484ea10a39b0d5d3fff6,499deb0703ce40db9af939f8d3f6ecfd,0b8cd35c55584ddfa4915a88d41a6a77,1532662961298976,False,34752,32680,0.35022290809327844,19251,0.023209635416666666,1.6975741519921044,32633,0.4079125,5820,3.6375,5.6070446735395185,15000,0.33482142857142855,2,18.34209387916662
scene-0184,93032908bafd484ea10a39b0d5d3fff6,b65b0cd3bcf8462b85d772b8d67db3a0,0b8cd35c55584ddfa4915a88d41a6a77,1532662961349282,False,34752,32600,0.3493655692729767,19278,0.0232421875,1.6910467890860048,32547,0.4068375,5877,3.673125,5.538029606942318,17381,0.38796875,2,18.118163733066687
scene-0184,93032908bafd484ea10a39b0d5d3fff6,6827bb44623145fe881f014e98138674,0b8cd35c55584ddfa4915a88d41a6a77,1532662961399058,False,34752,32596,0.3493227023319616,19374,0.02335792824074074,1.6824610302467224,32546,0.406825,5928,3.705,5.490215924426451,17383,0.38801339285714287,2,17.897099047753695
scene-0184,93032908bafd484ea10a39b0d5d3fff6,0cc5b74223d049b6bc951515e9b500cb,0b8cd35c55584ddfa4915a88d41a6a77,1532662961449390,True,34784,32608,0.34945130315500683,19227,0.023180700231481482,1.695948405887554,32558,0.406975,5920,3.7,5.499662162162162,14897,0.3325223214285714,2,17.674096440836728
scene-0184,93032908bafd484ea10a39b0d5d3fff6,f546bd75c6074e398caf87a2eac47c88,5b20b7b7a4c24a5c8363a7ef17d82825,1532662961499133,False,34752,32610,0.3494727366255144,19244,0.02320119598765432,1.694554146747038,32553,0.4069125,5934,3.70875,5.485844287158746,14932,0.3333035714285714,2,17.44209239824392
scene-0184,93032908bafd484ea10a39b0d5d3fff6,d8c4e31977054cafa7cd7b0fc9bac395,5b20b7b7a4c24a5c8363a7ef17d82825,1532662961549454,False,34752,32588,0.3492369684499314,19307,0.023277150848765433,1.6878852229761228,32530,0.406625,5956,3.7225,5.461719274680994,14889,0.33234375,2,17.207949084747746
scene-0184,93032908bafd484ea10a39b0d5d3fff6,8e7fd4e9066149ab8622054a993ed8e9,5b20b7b7a4c24a5c8363a7ef17d82825,1532662961599223,False,34752,32529,0.34860468106995884,19253,0.023212046682098766,1.6895548745650029,32465,0.4058125,5946,3.71625,5.459973091153717,14968,0.3341071428571429,2,16.976947424648895
scene-0184,93032908bafd484ea10a39b0d5d3fff6,cfbba481703144cd973d0b18c19913f8,5b20b7b7a4c24a5c8363a7ef17d82825,1532662961649539,False,34784,32498,0.3482724622770919,19428,0.023423032407407406,1.6727403747169034,32427,0.4053375,5964,3.7275,5.437122736418511,15004,0.3349107142857143,2,16.744010508241615
scene-0184,93032908bafd484ea10a39b0d5d3fff6,abca22920aa7426fa6ac21b7c68fd82d,5b20b7b7a4c24a5c8363a7ef17d82825,1532662961699309,False,34752,32510,0.3484010631001372,19390,0.02337721836419753,1.6766374419804022,32440,0.4055,5977,3.735625,5.427471975907646,14935,0.3333705357142857,2,16.51422345836996
scene-0184,93032908bafd484ea10a39b0d5d3fff6,3dbe91797d8943eca91727e9f57e5acc,5b20b7b7a4c24a5c8363a7ef17d82825,1532662961749612,False,34752,32482,0.34810099451303156,19367,0.023349488811728394,1.6771828367842205,32415,0.4051875,5908,3.6925,5.486628300609343,14905,0.3327008928571429,2,16.282631122383343
scene-0184,93032908bafd484ea10a39b0d5d3fff6,faea5a25f0704fd7b8fdcd74e59f7400,5b20b7b7a4c24a5c8363a7ef17d82825,1532662961799399,False,34752,32461,0.3478759430727023,19382,0.023367573302469136,1.6748013620885358,32408,0.4051,6004,3.7525,5.397734843437708,14871,0.33194196428571426,2,16.054091261787793
scene-0184,93032908bafd484ea10a39b0d5d3fff6,d22e7bf9df7641fb978c218f1a7d7f7d,5b20b7b7a4c24a5c8363a7ef17d82825,1532662961849740,False,34752,32468,0.34795096021947874,19463,0.023465229552469137,1.6681909263731183,32423,0.4052875,6036,3.7725,5.371603711066932,14928,0.33321428571428574,2,15.823722852826366
scene-0184,93032908bafd484ea10a39b0d5d3fff6,735dfb3b44e94c828cee17ae8469d2f2,5b20b7b7a4c24a5c8363a7ef17d82825,1532662961899466,True,34720,32393,0.34714720507544583,19407,0.02339771412037037,1.669140001030556,32355,0.4044375,6103,3.814375,5.301491069965591,14885,0.3322544642857143,2,15.596905141725935
scene-0184,93032908bafd484ea10a39b0d5d3fff6,7c318402162a4c93876aa2e25dfb3fce,9a7bdc8243df48e59f45e0f6d178bd4b,1532662961949791,False,34752,32457,0.34783307613168724,19478,0.023483314043209875,1.6663415135024129,32416,0.4052,6126,3.82875,5.291544237675482,14857,0.33162946428571427,2,15.369373222782679
scene-0184,93032908bafd484ea10a39b0d5d3fff6,0e6211202f494906b1629732413cf298,9a7bdc8243df48e59f45e0f6d178bd4b,1532662961999566,False,34720,32427,0.34751157407407407,19454,0.02345437885802469,1.6668551454713683,32376,0.4047,6167,3.854375,5.249878384952165,16593,0.3703794642857143,2,15.14510931840911
scene-0184,93032908bafd484ea10a39b0d5d3fff6,00d6c393b30640b187b09b540e8a9992,9a7bdc8243df48e59f45e0f6d178bd4b,1532662962049316,False,34720,32442,0.34767232510288065,19554,0.023574942129629628,1.6590978827861307,32372,0.40465,6167,3.854375,5.24922977136371,17257,0.3852008928571429,2,14.92176963341347
scene-0184,93032908bafd484ea10a39b0d5d3fff6,6a374d84cfd44d9db3de895de80d521f,9a7bdc8243df48e59f45e0f6d178bd4b,1532662962099639,False,34720,32422,0.3474579903978052,19546,0.023565297067901236,1.6587537091988132,32351,0.4043875,6199,3.874375,5.218744958864333,15117,0.33743303571428573,2,14.696720844495351
scene-0184,93032908bafd484ea10a39b0d5d3fff6,bec020f8512047068eb9397aef7bb8ca,9a7bdc8243df48e59f45e0f6d178bd4b,1532662962149416,False,34720,32427,0.34751157407407407,19576,0.023601466049382715,1.6564671025745812,32349,0.4043625,6243,3.901875,5.181643440653532,15675,0.34988839285714285,2,14.475007451166151
scene-0184,93032908bafd484ea10a39b0d5d3fff6,9c1f6b055c174adbbbb7f29f6c97fa41,9a7bdc8243df48e59f45e0f6d178bd4b,1532662962199740,False,34720,32456,0.34782235939643347,19683,0.02373046875,1.64893562973124,32352,0.4044,6272,3.92,5.158163265306122,14903,0.33265625,2,14.251803586677092
scene-0184,93032908bafd484ea10a39b0d5d3fff6,d8fd91bec5c44820a532cb937d07f676,9a7bdc8243df48e59f45e0f6d178bd4b,1532662962249517,False,34688,32444,0.3476937585733882,19687,0.0237352912808642,1.647991060090415,32328,0.4041,6269,3.918125,5.156803317913543,14842,0.3312946428571429,2,14.032005835346766
scene-0184,93032908bafd484ea10a39b0d5d3fff6,03b32495f459466a80bf745304687a03,9a7bdc8243df48e59f45e0f6d178bd4b,1532662962299260,False,34720,32441,0.3476616083676269,19740,0.023799189814814815,1.6434143870314084,32313,0.4039125,6325,3.953125,5.108774703557312,16672,0.37214285714285716,2,13.813378484250467
scene-0184,93032908bafd484ea10a39b0d5d3fff6,7aa1aea4d6de4a1ca5551c0665832ff1,9a7bdc8243df48e59f45e0f6d178bd4b,1532662962349587,False,34720,32437,0.3476187414266118,19694,0.023743730709876544,1.6470498629024068,32281,0.4035125,6364,3.9775,5.072438717787555,16159,0.36069196428571426,2,13.593272612257664
scene-0184,93032908bafd484ea10a39b0d5d3fff6,f04ddb4f1359497bb03e1f32cc214079,9a7bdc8243df48e59f45e0f6d178bd4b,1532662962399349,True,34688,32362,0.3468149862825789,19761,0.02382450810185185,1.637670158392794,32192,0.4024,6402,4.00125,5.028428616057482,14827,0.33095982142857144,2,13.376766724436742
scene-0184,93032908bafd484ea10a39b0d5d3fff6,5f4c931d98bc4e2db8934cfab06138b1,28c1d499dfc147bfb0b79361ececd4c2,1532662962449660,False,34720,32436,0.34760802469135804,19805,0.023877555941358024,1.6377682403433476,32247,0.4030875,6422,4.01375,5.021332918094052,14733,0.3288616071428571,2,13.157636488768942
scene-0184,93032908bafd484ea10a39b0d5d3fff6,cc1ddaa9d98b4557b23853538c13f1cf,28c1d499dfc147bfb0b79361ececd4c2,1532662962499456,False,34720,32440,0.3476508916323731,19806,0.023878761574074075,1.6378875088357063,32237,0.4029625,6440,4.025,5.005745341614907,14765,0.32957589285714284,2,12.942015294652991
scene-0184,93032908bafd484ea10a39b0d5d3fff6,f3b63eb18d4140978e5daad3e5f6eebe,28c1d499dfc147bfb0b79361ececd4c2,1532662962549228,False,34720,32408,0.3473079561042524,19853,0.023935426311728396,1.6323981262277742,32208,0.4026,6456,4.035,4.988847583643123,14731,0.3288169642857143,2,12.727820725187525
scene-0184,93032908bafd484ea10a39b0d5d3fff6,57d3d9f9b86744ff9bb1d90d8bbfe6d2,28c1d499dfc147bfb0b79361ececd4c2,1532662962599512,False,34720,32439,0.34764017489711935,19866,0.023951099537037036,1.632890365448505,32242,0.403025,6487,4.054375,4.970248188685062,14695,0.32801339285714287,2,12.51283482210686
scene-0184,93032908bafd484ea10a39b0d5d3fff6,bcddc2a4fc6142cb9dad30a744a02475,28c1d499dfc147bfb0b79361ececd4c2,1532662962649305,False,34720,32421,0.34744727366255146,19761,0.02382450810185185,1.6406558372551996,32222,0.402775,6483,4.051875,4.970229831867963,14636,0.32669642857142855,2,12.301419567585711
scene-0184,93032908bafd484ea10a39b0d5d3fff6,5bbc0d551a474d41af0818b9eb5dd83f,28c1d499dfc147bfb0b79361ececd4c2,1532662962699596,False,34720,32437,0.3476187414266118,19794,0.02386429398148148,1.6387289077498233,32241,0.4030125,6508,4.0675,4.954056545789797,14645,0.3268973214285714,2,12.089454582281562
scene-0184,93032908bafd484ea10a39b0d5d3fff6,44ae847aa79f4dbfbf101a2d6b300ee6,28c1d499dfc147bfb0b79361ececd4c2,1532662962749425,False,34688,32408,0.3473079561042524,19807,0.023879967206790125,1.636189226031201,32221,0.4027625,6502,4.06375,4.955552137803752,14654,0.3270982142857143,2,11.88107020180302
scene-0184,93032908bafd484ea10a39b0d5d3fff6,bbefdc8516304a5b9932215750876005,28c1d499dfc147bfb0b79361ececd4c2,1532662962799170,False,34720,32437,0.3476187414266118,19863,0.02394748263888889,1.6330362986457232,32259,0.4032375,6548,4.0925,4.926542455711668,14603,0.32595982142857144,2,11.674745905226462
scene-0184,93032908bafd484ea10a39b0d5d3fff6,a984d2860bc34b868d70e668ade205d7,28c1d499dfc147bfb0b79361ececd4c2,1532662962849451,False,34720,32419,0.3474258401920439,19815,0.023889612268518517,1.6360837749179915,32239,0.4029875,6642,4.15125,4.853809093646492,17308,0.3863392857142857,2,11.468027558395834
scene-0184,93032908bafd484ea10a39b0d5d3fff6,f68b6582822e4ec2b3058f11f2236e5d,28c1d499dfc147bfb0b79361ececd4c2,1532662962899218,True,34688,32387,0.34708290466392316,19878,0.02396556712962963,1.6292886608310695,32240,0.403,6708,4.1925,4.8062015503875966,17261,0.38529017857142855,2,11.265332174418946
scene-0184,93032908bafd484ea10a39b0d5d3fff6,6d587957863649c39c50628431d67275,c5a76253f64f46be9aa8f7ffb64ccc01,1532662962949539,False,34720,32381,0.34701860425240055,19866,0.023951099537037036,1.629970804389409,32262,0.403275,6716,4.1975,4.803752233472305,16706,0.3729017857142857,2,11.038048987783766
scene-0184,93032908bafd484ea10a39b0d5d3fff6,9bca16b8cbae4a8f848e8538c0b1d41d,c5a76253f64f46be9aa8f7ffb64ccc01,1532662962999318,False,34720,32331,0.3464827674897119,19747,0.02380762924382716,1.6372613561553653,32226,0.402825,6728,4.205,4.789833531510107,15654,0.34941964285714283,2,10.815863071447207
scene-0184,93032908bafd484ea10a39b0d5d3fff6,847d2d1ee7cf4052a1166ab866ce5597,c5a76253f64f46be9aa8f7ffb64ccc01,1532662963049068,False,34720,32298,0.34612911522633744,19851,0.023933015046296295,1.6270213087501888,32209,0.4026125,6785,4.240625,4.747089167280766,14604,0.32598214285714283,2,10.596605358903291
scene-0184,93032908bafd484ea10a39b0d5d3fff6,22b68bdd2f604387a55665ece6c72f54,c5a76253f64f46be9aa8f7ffb64ccc01,1532662963099390,False,34720,32309,0.34624699931412894,19777,0.023843798225308643,1.6336653688628204,32218,0.402725,6806,4.25375,4.733764325595063,14600,0.32589285714285715,2,10.377854253481969
scene-0184,93032908bafd484ea10a39b0d5d3fff6,e266bd0a3030472d85c696b9b7619e38,c5a76253f64f46be9aa8f7ffb64ccc01,1532662963149160,False,34688,32281,0.3459469307270233,19815,0.023889612268518517,1.6291193540247288,32204,0.40255,6825,4.265625,4.718534798534798,17086,0.38138392857142855,2,10.164689534893311
scene-0184,93032908bafd484ea10a39b0d5d3fff6,1f441bf924b7489dbe889bbc284fbafd,c5a76253f64f46be9aa8f7ffb64ccc01,1532662963199478,False,34720,32301,0.34616126543209874,19776,0.023842592592592592,1.6333434466019416,32234,0.402925,6921,4.325625,4.657419448056639,14534,0.32441964285714286,2,9.95260806237635
scene-0184,93032908bafd484ea10a39b0d5d3fff6,037bb69185404be29683b11e6509922a,c5a76253f64f46be9aa8f7ffb64ccc01,1532662963249241,False,34688,32263,0.34575402949245543,19771,0.023836564429012344,1.6318345050832026,32205,0.4025625,6927,4.329375,4.649198787353833,14557,0.3249330357142857,2,9.74647790037322
scene-0184,93032908bafd484ea10a39b0d5d3fff6,94233505cd03405b8557a77eb2cdc246,c5a76253f64f46be9aa8f7ffb64ccc01,1532662963299010,False,34720,32298,0.34612911522633744,19735,0.023793161651234566,1.636584747909805,32247,0.4030875,6930,4.33125,4.653246753246753,14547,0.3247098214285714,2,9.54414925689475
scene-0184,93032908bafd484ea10a39b0d5d3fff6,0ca81b3c86354bf3b6aa0504afa881fc,c5a76253f64f46be9aa8f7ffb64ccc01,1532662963349325,False,34688,32253,0.3456468621399177,19640,0.023678626543209878,1.6422097759674135,32204,0.40255,6936,4.335,4.643021914648212,14496,0.32357142857142857,2,9.34374432572196
scene-0184,93032908bafd484ea10a39b0d5d3fff6,346945c3d8a84cd2aa635943f8d5c977,c5a76253f64f46be9aa8f7ffb64ccc01,1532662963399148,True,34720,32297,0.34611839849108367,19758,0.023820891203703703,1.6346290110335053,32254,0.403175,6963,4.351875,4.632198764900187,14486,0.3233482142857143,2,9.149672015979334
scene-0184,93032908bafd484ea10a39b0d5d3fff6,18319f22c3614fd5bbc3afc8abb05f1d,69dcd7a550ff480c90d7631fb5a8b39c,1532662963448873,False,34688,32268,0.34580761316872427,19572,0.023596643518518517,1.6486817903126916,32224,0.4028,6876,4.2975,4.686445607911576,14492,0.3234821428571429,2,8.949861675831679
scene-0184,93032908bafd484ea10a39b0d5d3fff6,2a8c709722bd47c08a81b1fdbea69af2,69dcd7a550ff480c90d7631fb5a8b39c,1532662963499207,False,34720,32255,0.3456682956104252,19631,0.02366777584876543,1.6430645407773419,32218,0.402725,6904,4.315,4.66657010428737,14599,0.3258705357142857,2,8.75223301249475
scene-0184,93032908bafd484ea10a39b0d5d3fff6,c52e9856b2f8457888e58860d8166fac,69dcd7a550ff480c90d7631fb5a8b39c,1532662963548946,False,34688,32220,0.3452932098765432,19536,0.02355324074074074,1.6492628992628993,32176,0.4022,6957,4.348125,4.624982032485267,17285,0.38582589285714286,2,8.561829542785187
scene-0184,93032908bafd484ea10a39b0d5d3fff6,e3b14ea58cfc4232a52acab39aab35a6,69dcd7a550ff480c90d7631fb5a8b39c,1532662963599284,False,34720,32192,0.3449931412894376,19639,0.023677420910493827,1.6391873313305159,32148,0.40185,7054,4.40875,4.557414233059257,17144,0.3826785714285714,2,8.37442137536696
scene-0184,93032908bafd484ea10a39b0d5d3fff6,aa9359419f784b4aa365b9a97164ad31,69dcd7a550ff480c90d7631fb5a8b39c,1532662963649075,False,34720,32277,0.34590406378600824,19645,0.023684654706790122,1.643013489437516,32234,0.402925,7020,4.3875,4.591737891737892,17261,0.38529017857142855,2,8.194639592849077
scene-0184,93032908bafd484ea10a39b0d5d3fff6,bf1c0ccf3d1d47cc812821e8b57b9760,69dcd7a550ff480c90d7631fb5a8b39c,1532662963698850,False,34720,32259,0.34571116255144035,19652,0.023693094135802468,1.641512314268268,32220,0.40275,7007,4.379375,4.59825888397317,17227,0.38453125,2,8.020847289263555
scene-0184,93032908bafd484ea10a39b0d5d3fff6,81871075a30748ff803f804b78075992,69dcd7a550ff480c90d7631fb5a8b39c,1532662963749137,False,34720,32256,0.345679012345679,19463,0.023465229552469137,1.657298463751734,32205,0.4025625,7013,4.383125,4.592185940396407,17198,0.38388392857142856,2,7.851691192073517
scene-0184,93032908bafd484ea10a39b0d5d3fff6,fce33cb8f22c4e53a7e048bd6dff4190,69dcd7a550ff480c90d7631fb5a8b39c,1532662963798885,False,34688,32175,0.34481095679012347,19368,0.023350694444444445,1.6612453531598512,32108,0.40135,7018,4.38625,4.575092618979767,16441,0.36698660714285714,2,7.691117797129724
scene-0184,93032908bafd484ea10a39b0d5d3fff6,8bf59fa3a6e84b17848901f8091ea4cf,69dcd7a550ff480c90d7631fb5a8b39c,1532662963849223,False,34720,32197,0.34504672496570643,19356,0.02333622685185185,1.6634118619549494,32126,0.401575,7018,4.38625,4.577657452265603,14380,0.3209821428571429,2,7.535934834771156
scene-0184,93032908bafd484ea10a39b0d5d3fff6,16038244e6ce4fc68e34a5a490b973b1,69dcd7a550ff480c90d7631fb5a8b39c,1532662963898998,True,34720,32159,0.3446394890260631,19338,0.023314525462962962,1.662995139104354,32064,0.4008,6955,4.346875,4.610208483105679,14347,0.3202455357142857,2,7.390153719646195
scene-0184,93032908bafd484ea10a39b0d5d3fff6,f6d73a7f15284e70ad1ad018758893ff,c7c274f3843a47e9b0ffc81182a88ad6,1532662963948754,False,34720,32128,0.3443072702331962,19313,0.023284384645061728,1.663542691451354,32041,0.4005125,7018,4.38625,4.5655457395269305,14359,0.32051339285714286,2,7.240078010309357
scene-0184,93032908bafd484ea10a39b0d5d3fff6,716e1eb140cc4a698c417defe8b00925,c7c274f3843a47e9b0ffc81182a88ad6,1532662963999076,False,34720,32150,0.34454303840877915,19208,0.023157793209876543,1.6737817576009997,32062,0.400775,6940,4.3375,4.619884726224784,17195,0.38381696428571427,2,7.097127940586199
scene-0184,93032908bafd484ea10a39b0d5d3fff6,77e1d577fbc14c49810f7ebb3d45c62f,c7c274f3843a47e9b0ffc81182a88ad6,1532662964048821,False,34720,32182,0.34488597393689985,19370,0.023353105709876542,1.661435209086216,32098,0.401225,7024,4.39,4.569760820045558,17137,0.38252232142857145,2,6.965081055762688
scene-0184,93032908bafd484ea10a39b0d5d3fff6,731c5014c8764b8a9015c0fae883dc45,c7c274f3843a47e9b0ffc81182a88ad6,1532662964099141,False,34720,32216,0.34525034293552814,19378,0.023362750771604938,1.6625038703684591,32130,0.401625,7042,4.40125,4.562624254473161,14389,0.3211830357142857,2,6.841425661889397
scene-0184,93032908bafd484ea10a39b0d5d3fff6,c4ee243d02df42a6853d86fbe4974706,c7c274f3843a47e9b0ffc81182a88ad6,1532662964148917,False,34720,32250,0.3456147119341564,19371,0.023354311342592592,1.6648598420319034,32167,0.4020875,7114,4.44625,4.521647455721113,14426,0.3220089285714286,2,6.729457705449831
scene-0184,93032908bafd484ea10a39b0d5d3fff6,d6178238d6284fcdb41ea328445ca227,c7c274f3843a47e9b0ffc81182a88ad6,1532662964199244,False,34720,32219,0.34528249314128945,19345,0.023322964891975308,1.6654949599379685,32145,0.4018125,7054,4.40875,4.556988942444003,14485,0.32332589285714286,2,6.627250618866666
scene-0184,93032908bafd484ea10a39b0d5d3fff6,7b0b518a2c6e42398accdac9566240c3,c7c274f3843a47e9b0ffc81182a88ad6,1532662964248992,False,34720,32260,0.3457218792866941,19346,0.023324170524691358,1.6675281711981804,32195,0.4024375,6977,4.360625,4.614447470259424,14493,0.3235044642857143,2,6.537596173155666
scene-0184,93032908bafd484ea10a39b0d5d3fff6,c2d62f2c6eaf47b794acfe9b05f3e595,c7c274f3843a47e9b0ffc81182a88ad6,1532662964298778,False,34720,32302,0.34617198216735257,19438,0.023435088734567903,1.6617964811194568,32257,0.4032125,7071,4.419375,4.561872436713336,14538,0.32450892857142855,2,6.459670785209769
scene-0184,93032908bafd484ea10a39b0d5d3fff6,59d32769a67f465e853813acd8765064,c7c274f3843a47e9b0ffc81182a88ad6,1532662964349078,False,34720,32349,0.34667566872427985,19398,0.023386863425925927,1.6676461490875347,32310,0.403875,7076,4.4225,4.566139061616733,14601,0.3259151785714286,2,6.393365804163638
scene-0184,93032908bafd484ea10a39b0d5d3fff6,bf5e6ae6bac14f8ba6d1dd9593042bff,c7c274f3843a47e9b0ffc81182a88ad6,1532662964398845,True,34688,32353,0.3467185356652949,19393,0.02338083526234568,1.6682823699272933,32313,0.4039125,7094,4.43375,4.554976036086834,14641,0.32680803571428574,2,6.340437287758663
scene-0184,93032908bafd484ea10a39b0d5d3fff6,53ede499d440470f8efbdb4db617bbb1,6c8e325a63bb403a97c3f2ef0e5c1dc5,1532662964449193,False,34720,32386,0.3470721879286694,19302,0.023271122685185185,1.6778572168687182,32347,0.4043375,7061,4.413125,4.581079167256762,14682,0.32772321428571427,2,6.2919910974949085
scene-0184,93032908bafd484ea10a39b0d5d3fff6,efb566a0417c420dbf69e4222de5124e,6c8e325a63bb403a97c3f2ef0e5c1dc5,1532662964498928,False,34720,32358,0.34677211934156377,19294,0.02326147762345679,1.677101689644449,32322,0.404025,7155,4.471875,4.5174004192872115,14674,0.32754464285714285,2,6.2572021487620475
scene-0184,93032908bafd484ea10a39b0d5d3fff6,ba9b2e2f6a89456faff6d2e2d15fb0f7,6c8e325a63bb403a97c3f2ef0e5c1dc5,1532662964548698,False,34688,32229,0.34538966049382713,19254,0.023213252314814813,1.6738859457775008,32179,0.4022375,7142,4.46375,4.50560067208065,14682,0.32772321428571427,2,6.235608578400218
scene-0184,93032908bafd484ea10a39b0d5d3fff6,0f3e4d20a6354dec816e69df852895c7,6c8e325a63bb403a97c3f2ef0e5c1dc5,1532662964599038,False,34720,32293,0.3460755315500686,19180,0.02312403549382716,1.6836809176225234,32245,0.4030625,7105,4.440625,4.538353272343421,14710,0.3283482142857143,2,6.227360448738863
scene-0184,93032908bafd484ea10a39b0d5d3fff6,37c762a531154912bec47cc002729a6d,6c8e325a63bb403a97c3f2ef0e5c1dc5,1532662964648785,False,34720,32265,0.34577546296296297,19118,0.0230492862654321,1.687676535202427,32213,0.4026625,7117,4.448125,4.5262048615989885,14716,0.32848214285714283,2,6.232691935167907
scene-0184,93032908bafd484ea10a39b0d5d3fff6,edb5b41c95004fdfbd3d0db1c37169bc,6c8e325a63bb403a97c3f2ef0e5c1dc5,1532662964698571,False,34688,32214,0.34522890946502055,19196,0.02314332561728395,1.6781621171077308,32164,0.40205,7061,4.413125,4.555162158334514,14690,0.3279017857142857,2,6.251411703413439
scene-0184,93032908bafd484ea10a39b0d5d3fff6,9cb16ee0cc8e4199ba7e95ba18157602,6c8e325a63bb403a97c3f2ef0e5c1dc5,1532662964748890,False,34720,32194,0.3450145747599451,19090,0.023015528549382717,1.6864326872708224,32155,0.4019375,7056,4.41,4.557114512471656,14725,0.3286830357142857,2,6.2838147692839526
scene-0184,93032908bafd484ea10a39b0d5d3fff6,e82d70c738fe4498b6812e05a7cc4383,6c8e325a63bb403a97c3f2ef0e5c1dc5,1532662964798647,False,34688,32162,0.3446716392318244,19246,0.02320360725308642,1.6711004884131768,32138,0.401725,7196,4.4975,4.46609227348527,14722,0.3286160714285714,2,6.328981155532055
scene-0184,93032908bafd484ea10a39b0d5d3fff6,d967bcfa23a04363b568ff6184bb8094,6c8e325a63bb403a97c3f2ef0e5c1dc5,1532662964848973,False,34720,32163,0.3446823559670782,19164,0.02310474537037037,1.6783030682529743,32139,0.4017375,7191,4.494375,4.4693366708385485,14729,0.32877232142857143,2,6.3876565356074675
scene-0184,93032908bafd484ea10a39b0d5d3fff6,af76cc3ea8594652a4db2ffc9769532c,6c8e325a63bb403a97c3f2ef0e5c1dc5,1532662964898758,True,34720,32106,0.34407150205761317,19060,0.022979359567901234,1.6844700944386148,32074,0.400925,7140,4.4625,4.492156862745098,14683,0.3277455357142857,2,6.458209736451819
scene-0184,93032908bafd484ea10a39b0d5d3fff6,dc192df6e17c41b481594e81249e393a,0caa3956771f4cf7a1d93378b3e13d07,1532662964948500,False,34720,32083,0.3438250171467764,19058,0.022976948302469137,1.6834400251862736,32059,0.4007375,7208,4.505,4.447697003329634,14685,0.32779017857142856,2,6.541424251348901
scene-0184,93032908bafd484ea10a39b0d5d3fff6,81885774ae9242e4a561b44a9a6aeb16,0caa3956771f4cf7a1d93378b3e13d07,1532662964998838,False,34720,32198,0.3450574417009602,19174,0.023116801697530866,1.6792531553144883,32180,0.40225,7199,4.499375,4.470065286845395,17589,0.39261160714285714,2,6.639942800731096
scene-0184,93032908bafd484ea10a39b0d5d3fff6,fa580ff5810f4f5a8e54a8d2ee121e86,0caa3956771f4cf7a1d93378b3e13d07,1532662965048588,False,34720,32156,0.34460733882030176,19208,0.023157793209876543,1.6740941274468972,32135,0.4016875,7128,4.455,4.50827721661055,17535,0.39140625,2,6.750837311771351
scene-0184,93032908bafd484ea10a39b0d5d3fff6,5c92fb8f0ea141678682d9a5dc325e17,0caa3956771f4cf7a1d93378b3e13d07,1532662965098894,False,34688,32102,0.3440286351165981,19115,0.02304566936728395,1.6794140727177609,32096,0.4012,7133,4.458125,4.499649516332539,17495,0.39051339285714287,2,6.875978127575142
scene-0184,93032908bafd484ea10a39b0d5d3fff6,be71ae5d46cc48b9815145a01df14aa9,0caa3956771f4cf7a1d93378b3e13d07,1532662965148706,False,34720,32144,0.34447873799725653,19261,0.023221691743827162,1.6688645449353616,32140,0.40175,7108,4.4425,4.521665728756331,17319,0.3865848214285714,2,7.012092126948638
scene-0184,93032908bafd484ea10a39b0d5d3fff6,8e690d443bff412dadb78668b1b4dddb,0caa3956771f4cf7a1d93378b3e13d07,1532662965198423,False,34720,32119,0.3442108196159122,19131,0.02306495949074074,1.678898123464534,32114,0.401425,7136,4.46,4.500280269058296,17444,0.389375,2,7.15936149655101
scene-0184,93032908bafd484ea10a39b0d5d3fff6,a78108c9e3934a028dcd476634dfe34d,0caa3956771f4cf7a1d93378b3e13d07,1532662965248761,False,34688,32128,0.3443072702331962,19058,0.022976948302469137,1.6858012383251129,32122,0.401525,7068,4.4175,4.544708545557442,17448,0.3894642857142857,2,7.319384194168851
scene-0184,93032908bafd484ea10a39b0d5d3fff6,3ccabb3c73c54f3ead0ea9f6dae4247e,0caa3956771f4cf7a1d93378b3e13d07,1532662965298518,False,34688,32114,0.34415723593964337,19075,0.022997444058641976,1.683564875491481,32111,0.4013875,7002,4.37625,4.585975435589831,17427,0.3889955357142857,2,7.487665684464066
scene-0184,93032908bafd484ea10a39b0d5d3fff6,8dba8d3dd1b643f3baef1357aab2e32f,0caa3956771f4cf7a1d93378b3e13d07,1532662965348323,False,34688,32102,0.3440286351165981,18917,0.022806954089506174,1.6969921234868108,32099,0.4012375,7047,4.404375,4.554987938129701,17439,0.38926339285714284,2,7.665505859081734
scene-0184,93032908bafd484ea10a39b0d5d3fff6,aaad911bf11a4b09bf23b8900af535f3,0caa3956771f4cf7a1d93378b3e13d07,1532662965398625,True,34688,32083,0.3438250171467764,18915,0.022804542824074073,1.6961670631773724,32081,0.4010125,7007,4.379375,4.578421578421579,17412,0.3886607142857143,2,7.854012541370231
scene-0184,93032908bafd484ea10a39b0d5d3fff6,51951ae9de4c41d0a5021dceab698431,36be1ff670e84058a1d63d419f7909a1,1532662965448374,False,34688,32069,0.3436749828532236,18822,0.022692418981481482,1.7038040590798003,32063,0.4007875,6989,4.368125,4.587637716411503,17418,0.3887946428571429,2,8.040575640122682
scene-0184,93032908bafd484ea10a39b0d5d3fff6,56d77b4b4a924043a7f3afd4fe64ca65,36be1ff670e84058a1d63d419f7909a1,1532662965498161,False,34688,32054,0.343514231824417,18835,0.022708092206790122,1.701831696310061,32043,0.4005375,7016,4.385,4.567132269099202,17396,0.3883035714285714,2,8.234766324294396
scene-0184,93032908bafd484ea10a39b0d5d3fff6,12e50a74dfec41a2a528a857afa9d22d,36be1ff670e84058a1d63d419f7909a1,1532662965548466,False,34688,32024,0.3431927297668038,18848,0.022723765432098766,1.6990662139219015,32012,0.40015,7148,4.4675,4.478455512031338,17299,0.38613839285714285,2,8.438055837453877
scene-0184,93032908bafd484ea10a39b0d5d3fff6,1257a977eb9a4de58096d922232ed2eb,36be1ff670e84058a1d63d419f7909a1,1532662965598222,False,34688,32030,0.3432570301783265,18817,0.022686390817901234,1.7021841951426901,32015,0.4001875,7042,4.40125,4.546293666571996,17346,0.3871875,2,8.645635547755568
scene-0184,93032908bafd484ea10a39b0d5d3fff6,abca29d2eef94426bea8f818794f6929,36be1ff670e84058a1d63d419f7909a1,1532662965647997,False,34688,32051,0.3434820816186557,18740,0.022593557098765434,1.710298826040555,32042,0.400525,7061,4.413125,4.537884152386347,17353,0.38734375,2,8.859314355990785
scene-0184,93032908bafd484ea10a39b0d5d3fff6,b0748a1919364cf996f4eb4901774e03,36be1ff670e84058a1d63d419f7909a1,1532662965698306,False,34688,32061,0.3435892489711934,18694,0.02253809799382716,1.7150422595485182,32055,0.4006875,7066,4.41625,4.5365128785734505,17349,0.3872544642857143,2,9.080970382923862
scene-0184,93032908bafd484ea10a39b0d5d3fff6,33871fb8634b417eb9c6019d955373a3,36be1ff670e84058a1d63d419f7909a1,1532662965748084,False,34688,32055,0.3435249485596708,18560,0.022376543209876542,1.7271012931034482,32051,0.4006375,7043,4.401875,4.550759619480335,17314,0.3864732142857143,2,9.305512747091877
scene-0184,93032908bafd484ea10a39b0d5d3fff6,b1aa025e085645028aecda1c496903f7,36be1ff670e84058a1d63d419f7909a1,1532662965797842,False,34656,32007,0.3430105452674897,18563,0.022380160108024693,1.7242363842051394,32004,0.40005,7005,4.378125,4.568736616702355,17257,0.3852008928571429,2,9.534791652794192
scene-0184,93032908bafd484ea10a39b0d5d3fff6,3400f0a51f494a16a62687ab3b2ef384,36be1ff670e84058a1d63d419f7909a1,1532662965848191,False,34688,32030,0.3432570301783265,18492,0.022294560185185185,1.7321003677265845,32026,0.400325,6993,4.370625,4.57972257972258,17229,0.38457589285714283,2,9.771358713892798
scene-0184,93032908bafd484ea10a39b0d5d3fff6,0463691b0aae4978bdd9c45f44593314,36be1ff670e84058a1d63d419f7909a1,1532662965897970,False,34688,32047,0.3434392146776406,18450,0.022243923611111112,1.7369647696476964,32043,0.4005375,6956,4.3475,4.606526739505463,17297,0.38609375,2,10.009444165889134
scene-0184,93032908bafd484ea10a39b0d5d3fff6,09e11e0d50ab4ce48974fd562d104225,36be1ff670e84058a1d63d419f7909a1,1532662965947695,True,34720,32041,0.343374914266118,18374,0.02215229552469136,1.7438227930771744,32036,0.40045,6953,4.345625,4.607507550697541,17218,0.3843303571428571,2,10.25114598471788
scene-0184,93032908bafd484ea10a39b0d5d3fff6,a62bf906722d4a60b79790975c78b187,9c1921b2e423418cbcdf82d53ec964e8,1532662965998029,False,34688,31987,0.34279621056241427,18261,0.022016059027777778,1.7516565357866491,31979,0.3997375,6920,4.325,4.621242774566474,17204,0.38401785714285713,2,10.495956944878008
scene-0184,93032908bafd484ea10a39b0d5d3fff6,792bf02c75c7458a9aae09c8e5a84484,9c1921b2e423418cbcdf82d53ec964e8,1532662966047775,False,34720,32018,0.3431284293552812,18153,0.021885850694444445,1.7637856001762795,32014,0.400175,6842,4.27625,4.679041216018708,17224,0.3844642857142857,2,10.741812617850139
scene-0184,93032908bafd484ea10a39b0d5d3fff6,6587b29958db47259a6bce72f756b001,9c1921b2e423418cbcdf82d53ec964e8,1532662966098091,False,34688,32001,0.3429462448559671,17953,0.021644724151234567,1.782487606528157,31996,0.39995,6841,4.275625,4.677093992106418,17230,0.3845982142857143,2,10.99416701811137
scene-0184,93032908bafd484ea10a39b0d5d3fff6,8a1d3f8aa5714fc4af7b80d1fdddd978,9c1921b2e423418cbcdf82d53ec964e8,1532662966147880,False,34688,31980,0.34272119341563784,17969,0.02166401427469136,1.7797317602537703,31978,0.399725,6750,4.21875,4.737481481481481,17201,0.38395089285714284,2,11.247279433324165
scene-0184,93032908bafd484ea10a39b0d5d3fff6,f1d3cdfbedd3484fa90dcd457145f79c,9c1921b2e423418cbcdf82d53ec964e8,1532662966197627,False,34720,32012,0.3430641289437586,17862,0.021535011574074073,1.79218452580898,32009,0.4001125,6752,4.22,4.7406694312796205,17178,0.3834375,2,11.503333516034667
scene-0184,93032908bafd484ea10a39b0d5d3fff6,c2cf8401692f4682a131a0bdf2cec9c4,9c1921b2e423418cbcdf82d53ec964e8,1532662966247947,False,34688,32010,0.343042695473251,17777,0.021432532793209877,1.800641278055915,32004,0.40005,6779,4.236875,4.7210503024044845,17157,0.38296875,2,11.765335097687382
scene-0184,93032908bafd484ea10a39b0d5d3fff6,c11868081ae5410eb7bb079138402e6e,9c1921b2e423418cbcdf82d53ec964e8,1532662966297715,False,34688,32003,0.3429676783264746,17564,0.02117573302469136,1.8220792530175358,32001,0.4000125,6733,4.208125,4.752859052428338,17173,0.38332589285714286,2,12.027236120762241
scene-0184,93032908bafd484ea10a39b0d5d3fff6,0449da4a12a4470c81ea19c27f9053c7,9c1921b2e423418cbcdf82d53ec964e8,1532662966347517,False,34688,32067,0.34365354938271603,17487,0.021082899305555555,1.833762223365929,32062,0.400775,6687,4.179375,4.7946762374756995,17139,0.3825669642857143,2,12.291899966443067
scene-0184,93032908bafd484ea10a39b0d5d3fff6,409685d73dcf4b60854659e056f83412,9c1921b2e423418cbcdf82d53ec964e8,1532662966397810,False,34720,32103,0.34403935185185186,17516,0.021117862654320987,1.8327814569536425,32097,0.4012125,6639,4.149375,4.834613646633529,17083,0.38131696428571427,2,12.561629964418552
scene-0184,93032908bafd484ea10a39b0d5d3fff6,5992691c3b444b26bd21d8ea9f1e0fd4,9c1921b2e423418cbcdf82d53ec964e8,1532662966447568,True,34688,32056,0.3435356652949246,17335,0.02089964313271605,1.8492068070377847,32050,0.400625,6642,4.15125,4.825353809093646,17075,0.38113839285714285,2,12.830768098598053
scene-0184,93032908bafd484ea10a39b0d5d3fff6,a7b7519e95994ee8afd4ad658adbbcf8,76fbf40bace642d59005262507da59dd,1532662966497330,False,34688,32020,0.34314986282578874,17274,0.020826099537037037,1.8536528887345143,32014,0.400175,6593,4.120625,4.855756104959806,17021,0.3799330357142857,1,
scene-0184,93032908bafd484ea10a39b0d5d3fff6,63502dd4e62b42e8988df0193c41de97,76fbf40bace642d59005262507da59dd,1532662966547650,False,34688,31991,0.34283907750342935,17050,0.020556037808641976,1.8763049853372433,31981,0.3997625,6553,4.095625,4.880360140393713,17042,0.38040178571428573,1,
scene-0184,93032908bafd484ea10a39b0d5d3fff6,f5e6aefb72be43b381bdb91fe45414ac,76fbf40bace642d59005262507da59dd,1532662966597421,False,34688,31995,0.3428819444444444,17021,0.020521074459876543,1.8797367957229305,31988,0.39985,6530,4.08125,4.898621745788668,17065,0.3809151785714286,1,
scene-0184,93032908bafd484ea10a39b0d5d3fff6,3fe706cee071494895a32660c1f82fb2,76fbf40bace642d59005262507da59dd,1532662966647185,False,34688,32006,0.34299982853223593,16881,0.02035228587962963,1.8959777264380073,32002,0.400025,6467,4.041875,4.948507808875831,17079,0.3812276785714286,1,
scene-0184,93032908bafd484ea10a39b0d5d3fff6,4e7eaabb79e64d6692a11c9f2c59dbed,76fbf40bace642d59005262507da59dd,1532662966697508,False,34688,32045,0.34341778120713307,16876,0.020346257716049383,1.8988504384925338,32041,0.4005125,6365,3.978125,5.0339355852317365,17141,0.38261160714285714,1,
scene-0184,93032908bafd484ea10a39b0d5d3fff6,de5d327c849347c59e5a3e0ba5e55966,76fbf40bace642d59005262507da59dd,1532662966747284,False,34688,32060,0.34357853223593965,16877,0.020347463348765433,1.8996267109083367,32053,0.4006625,6373,3.983125,5.029499450808097,17107,0.38185267857142857,1,
scene-0184,93032908bafd484ea10a39b0d5d3fff6,d04e2791f4da4313897264e41cc0123d,76fbf40bace642d59005262507da59dd,1532662966797034,False,34720,32141,0.3444465877914952,16897,0.02037157600308642,1.9021719831922828,32131,0.4016375,6356,3.9725,5.055223410950283,17038,0.3803125,1,
scene-0184,93032908bafd484ea10a39b0d5d3fff6,e975e7d8d7f946c2a89804233cd4363c,76fbf40bace642d59005262507da59dd,1532662966847406,False,34720,32162,0.3446716392318244,16875,0.020345052083333332,1.9058962962962962,32147,0.4018375,6328,3.955,5.0801201011378,17094,0.3815625,1,
scene-0184,93032908bafd484ea10a39b0d5d3fff6,87910368d8a1404e8c02061c613f2521,76fbf40bace642d59005262507da59dd,1532662966897124,False,34688,32167,0.34472522290809327,16838,0.020300443672839508,1.9103812804371065,32149,0.4018625,6280,3.925,5.119267515923567,17101,0.38171875,1,
scene-0184,93032908bafd484ea10a39b0d5d3fff6,e42ef7ec50614a26a3d661c2f68292a5,76fbf40bace642d59005262507da59dd,1532662966947473,True,34752,32218,0.3452717764060357,16737,0.020178674768518517,1.92495668279859,32197,0.4024625,6242,3.90125,5.158122396667735,16981,0.3790401785714286,1,
scene-0184,93032908bafd484ea10a39b0d5d3fff6,5c7f069b53f94516b751fa3f1a475fb3,fb6a7f39139642518b74ff4937588a56,1532662966997209,False,34720,32184,0.3449074074074074,16684,0.0201147762345679,1.9290338048429634,32164,0.40205,6166,3.85375,5.216347713266299,16972,0.3788392857142857,1,
scene-0184,93032908bafd484ea10a39b0d5d3fff6,e95f77632f1f4cdb9c98dc9d97e3b3d0,fb6a7f39139642518b74ff4937588a56,1532662967047599,False,34752,32232,0.3454218106995885,16649,0.020072579089506173,1.9359721304582858,32213,0.4026625,6085,3.803125,5.293837304847987,17012,0.37973214285714285,1,
scene-0184,93032908bafd484ea10a39b0d5d3fff6,d6743ba15c5d4eedb74c12e6999a69e4,fb6a7f39139642518b74ff4937588a56,1532662967097320,False,34752,32208,0.34516460905349794,16546,0.019948398919753085,1.9465731898948386,32190,0.402375,6067,3.791875,5.3057524311851,16992,0.3792857142857143,1,
scene-0184,93032908bafd484ea10a39b0d5d3fff6,29dabd16408748e7be96dc310d3f61f0,fb6a7f39139642518b74ff4937588a56,1532662967147652,False,34752,32247,0.3455825617283951,16367,0.019732590663580248,1.9702450051933769,32232,0.4029,6065,3.790625,5.314427040395713,16994,0.3793303571428571,1,
scene-0184,93032908bafd484ea10a39b0d5d3fff6,73915086358241f4bb59393ee65c4560,fb6a7f39139642518b74ff4937588a56,1532662967197377,False,34752,32253,0.3456468621399177,16174,0.019499903549382715,1.994126375664647,32238,0.402975,6014,3.75875,5.360492184901895,16957,0.37850446428571427,1,
scene-0184,93032908bafd484ea10a39b0d5d3fff6,756ab29cc3f64c41a501aef331d82e6c,fb6a7f39139642518b74ff4937588a56,1532662967247717,False,34784,32317,0.34633273319615915,16099,0.019409481095679013,2.007391763463569,32305,0.4038125,6002,3.75125,5.382372542485838,16879,0.37676339285714283,1,
scene-0184,93032908bafd484ea10a39b0d5d3fff6,fb5a75b9b685410cadcf986ad0a688e5,fb6a7f39139642518b74ff4937588a56,1532662967297477,False,34752,32349,0.34667566872427985,16040,0.019338348765432098,2.0167705735660846,32341,0.4042625,5931,3.706875,5.452874726015849,16907,0.3773883928571429,1,
scene-0184,93032908bafd484ea10a39b0d5d3fff6,be9567941c9a46caa6ccf96a0f8a0e8a,fb6a7f39139642518b74ff4937588a56,1532662967347800,False,34784,32368,0.3468792866941015,15885,0.019151475694444444,2.03764557758892,32358,0.404475,5881,3.675625,5.502125488862438,16790,0.3747767857142857,1,
scene-0184,93032908bafd484ea10a39b0d5d3fff6,64c9797e453b463bb5543e31d9fdcbf0,fb6a7f39139642518b74ff4937588a56,1532662967397562,False,34752,32398,0.3472007887517147,15806,0.019056230709876543,2.0497279514108566,32385,0.4048125,5789,3.618125,5.594230437035757,16799,0.37497767857142855,1,
scene-0184,93032908bafd484ea10a39b0d5d3fff6,9b72c890dff247fc83266033c33a6139,fb6a7f39139642518b74ff4937588a56,1532662967447894,True,34752,32435,0.3475973079561043,15795,0.01904296875,2.0534979423868314,32423,0.4052875,5768,3.605,5.621185852981969,16771,0.37435267857142857,1,
scene-0184,93032908bafd484ea10a39b0d5d3fff6,bb506b56c6574fa8b94d33c70dcfe339,3a84df7dbf76446db159d55bd5c4a452,1532662967497656,False,34752,32465,0.34791881001371744,15685,0.018910349151234566,2.06981192221868,32453,0.4056625,5699,3.561875,5.694507808387437,16712,0.3730357142857143,1,
scene-0184,93032908bafd484ea10a39b0d5d3fff6,72b85bcee30b465a9d8f5496249c434e,3a84df7dbf76446db159d55bd5c4a452,1532662967547954,False,34752,32501,0.3483046124828532,15687,0.018912760416666667,2.071842927264614,32491,0.4061375,5696,3.56,5.704178370786517,16728,0.37339285714285714,1,
scene-0184,93032908bafd484ea10a39b0d5d3fff6,c65c8390de6a4c2580006b04b1f6dcef,3a84df7dbf76446db159d55bd5c4a452,1532662967597744,False,34752,32517,0.34847608024691357,15659,0.018879002700617285,2.0765693850182005,32508,0.40635,5660,3.5375,5.743462897526502,16685,0.3724330357142857,1,
scene-0184,93032908bafd484ea10a39b0d5d3fff6,836881fdf50246278c031813e2e803b1,3a84df7dbf76446db159d55bd5c4a452,1532662967648042,False,34720,32515,0.34845464677640603,15651,0.01886935763888889,2.0775030349498436,32510,0.406375,5634,3.52125,5.770323038693646,16688,0.3725,1,
scene-0184,93032908bafd484ea10a39b0d5d3fff6,d436981b52ae4eea8dfa4d5f034c627e,3a84df7dbf76446db159d55bd5c4a452,1532662967697805,False,34752,32556,0.3488940329218107,15664,0.01888503086419753,2.078396322778345,32549,0.4068625,5627,3.516875,5.784432201883774,16671,0.3721205357142857,1,
scene-0184,93032908bafd484ea10a39b0d5d3fff6,e1d34b1bb02f487ab72d26d828d09dad,3a84df7dbf76446db159d55bd5c4a452,1532662967748148,False,34720,32547,0.34879758230452673,15604,0.01881269290123457,2.085811330428095,32542,0.406775,5579,3.486875,5.832944972217243,16671,0.3721205357142857,1,
scene-0184,93032908bafd484ea10a39b0d5d3fff6,d02b5b2bb2494b89a765d3de039909eb,3a84df7dbf76446db159d55bd5c4a452,1532662967797910,False,34752,32591,0.3492691186556927,15660,0.018880208333333332,2.081162196679438,32587,0.4073375,5605,3.503125,5.813916146297948,16647,0.3715848214285714,1,
scene-0184,93032908bafd484ea10a39b0d5d3fff6,d18da8f63271479abbc51ed5e31bf688,3a84df7dbf76446db159d55bd5c4a452,1532662967848214,False,34752,32621,0.3495906207133059,15738,0.018974247685185186,2.0727538441987545,32618,0.407725,5558,3.47375,5.868657790572148,16664,0.3719642857142857,1,
scene-0184,93032908bafd484ea10a39b0d5d3fff6,7861060a983d43d19f8871dc9ed5f53f,3a84df7dbf76446db159d55bd5c4a452,1532662967898002,False,34752,32615,0.34952632030178327,15743,0.01898027584876543,2.0717144127548752,32613,0.4076625,5586,3.49125,5.838345864661654,16657,0.3718080357142857,1,
scene-0184,93032908bafd484ea10a39b0d5d3fff6,e9bf54b1a4b143c4a854789676087094,3a84df7dbf76446db159d55bd5c4a452,1532662967948300,True,34752,32612,0.34949417009602196,15763,0.01900438850308642,2.0688955148131702,32607,0.4075875,5532,3.4575,5.894251626898048,16627,0.37113839285714284,1,
scene-0184,93032908bafd484ea10a39b0d5d3fff6,2e50b6c9ffa34f7aa4a79f294677cda4,df907b6dba07407cb7833efb63820e0d,1532662967998088,False,34752,32613,0.34950488683127573,15809,0.01905984760802469,2.062938832310709,32603,0.4075375,5529,3.455625,5.89672635196238,16635,0.3713169642857143,1,
scene-0184,93032908bafd484ea10a39b0d5d3fff6,1318ec2c7a0f4dc383adb4fbb2071dad,df907b6dba07407cb7833efb63820e0d,1532662968048404,False,34784,32683,0.3502550582990398,15692,0.018918788580246912,2.0827810349222533,32671,0.4083875,5461,3.413125,5.98260391869621,16687,0.37247767857142855,1,
scene-0184,93032908bafd484ea10a39b0d5d3fff6,a8907cd3017a4045ac276cfbb7523ccd,df907b6dba07407cb7833efb63820e0d,1532662968098154,False,34752,32630,0.34968707133058985,15811,0.01906225887345679,2.0637530832964393,32619,0.4077375,5484,3.4275,5.948030634573304,16648,0.37160714285714286,1,
scene-0184,93032908bafd484ea10a39b0d5d3fff6,4360277a03514a6ca00dc8d500420514,df907b6dba07407cb7833efb63820e0d,1532662968148468,False,34784,32655,0.3499549897119342,15812,0.01906346450617284,2.0652036428029343,32643,0.4080375,5482,3.42625,5.954578620941263,16621,0.37100446428571426,1,
scene-0184,93032908bafd484ea10a39b0d5d3fff6,7d860f0570bf4bd8b657b17682bff151,df907b6dba07407cb7833efb63820e0d,1532662968198257,False,34816,32645,0.34984782235939643,15820,0.019073109567901234,2.063527180783818,32631,0.4078875,5472,3.42,5.963267543859649,16566,0.36977678571428574,1,
scene-0184,93032908bafd484ea10a39b0d5d3fff6,a2d9a8d5a2684a9c8683be44b553bf67,df907b6dba07407cb7833efb63820e0d,1532662968248556,False,34784,32586,0.34921553497942387,15896,0.019164737654320987,2.049949672873679,32573,0.4071625,5479,3.424375,5.9450629676948346,16518,0.3687053571428571,1,
scene-0184,93032908bafd484ea10a39b0d5d3fff6,541802df684849ceae7a50c157026f88,df907b6dba07407cb7833efb63820e0d,1532662968298877,False,34784,32587,0.34922625171467764,15977,0.01926239390432099,2.039619452963635,32571,0.4071375,5508,3.4425,5.913398692810458,16537,0.3691294642857143,1,
scene-0184,93032908bafd484ea10a39b0d5d3fff6,c84274c4df99471a884eee63b8d63503,df907b6dba07407cb7833efb63820e0d,1532662968348644,False,34784,32554,0.34887259945130317,15904,0.019174382716049383,2.046906438631791,32537,0.4067125,5442,3.40125,5.9788680632120546,16458,0.3673660714285714,1,
scene-0184,93032908bafd484ea10a39b0d5d3fff6,fb8ee0afc1934de99dfe871e17780c09,df907b6dba07407cb7833efb63820e0d,1532662968398967,False,34752,32554,0.34887259945130317,15886,0.019152681327160494,2.0492257333501196,32532,0.40665,5467,3.416875,5.950612767514176,16485,0.36796875,1,
scene-0184,93032908bafd484ea10a39b0d5d3fff6,50cc8450a3294fe9b7bc0d058be8bffc,df907b6dba07407cb7833efb63820e0d,1532662968448733,True,34784,32587,0.34922625171467764,15851,0.019110484182098767,2.0558324395937166,32564,0.40705,5462,3.41375,5.961918711094837,16495,0.36819196428571427,1,
scene-0245,bcb05cffb5814973a6cff4fbdca2b99b,d7d2c55254424a718bbea565666c6f17,1ec134babaff4abc80e6e5c8b724a637,1534867209948085,True,34688,33513,0.3591499485596708,15165,0.018283420138888888,2.209891196834817,33483,0.4185375,5080,3.175,6.5911417322834644,21997,0.49100446428571426,27,8.35928203589455
scene-0245,bcb05cffb5814973a6cff4fbdca2b99b,8b529511a08543e89e010bc0262a372d,ba86310300614a3ca3205856e08d6545,1534867209998446,False,34720,33617,0.3602644890260631,15182,0.01830391589506173,2.2142668950072455,33589,0.4198625,5100,3.1875,6.586078431372549,15602,0.3482589285714286,30,8.070707317519917
scene-0245,bcb05cffb5814973a6cff4fbdca2b99b,7f88a713ab0e4eeea11f5451cdcc38c8,ba86310300614a3ca3205856e08d6545,1534867210048179,False,34688,33627,0.3603716563786008,15178,0.018299093364197532,2.215509289761497,33599,0.4199875,5079,3.174375,6.615278598149242,19320,0.43125,30,8.111182582981654
scene-0245,bcb05cffb5814973a6cff4fbdca2b99b,4afd37b4af4a49deb72edebc43c04945,ba86310300614a3ca3205856e08d6545,1534867210097946,False,34720,33681,0.3609503600823045,15141,0.018254484953703704,2.2244897959183674,33649,0.4206125,5062,3.16375,6.647372580007902,22235,0.4963169642857143,30,8.156125415478057
scene-0245,bcb05cffb5814973a6cff4fbdca2b99b,79dc78050aeb42e68bf0f17607646df1,ba86310300614a3ca3205856e08d6545,1534867210148251,False,34688,33663,0.36075745884773663,15133,0.01824483989197531,2.224476310050882,33617,0.4202125,5095,3.184375,6.598037291462218,22263,0.4969419642857143,30,8.205901839059626
scene-0245,bcb05cffb5814973a6cff4fbdca2b99b,ecb984b38fad4f29893118273b4d058e,ba86310300614a3ca3205856e08d6545,1534867210198017,False,34720,33757,0.3617648319615912,15178,0.018299093364197532,2.2240743180919753,33706,0.421325,5045,3.153125,6.681070366699703,22309,0.49796875,30,8.259069337044833
scene-0245,bcb05cffb5814973a6cff4fbdca2b99b,fd87f6a9257648aa9f6456ece8d2a8fc,ba86310300614a3ca3205856e08d6545,1534867210248347,False,34720,33765,0.3618505658436214,15069,0.01816767939814815,2.2406928130599244,33715,0.4214375,5024,3.14,6.71078821656051,22292,0.49758928571428573,30,8.316527256790192
scene-0245,bcb05cffb5814973a6cff4fbdca2b99b,ebf9f44917754b06b96312918ec3ea35,ba86310300614a3ca3205856e08d6545,1534867210298107,False,34752,33822,0.36246141975308643,15087,0.018189380787037038,2.2417975740703917,33758,0.421975,5036,3.1475,6.7033359809372515,22408,0.5001785714285715,30,8.374499659009764
scene-0245,bcb05cffb5814973a6cff4fbdca2b99b,83d7f816d8844eadbfbb34b9ad7fcce0,ba86310300614a3ca3205856e08d6545,1534867210348423,False,34720,33815,0.36238640260631,14983,0.018063994984567903,2.2568911432957353,33765,0.4220625,5027,3.141875,6.716729659836881,22432,0.5007142857142857,30,8.412333207546531
scene-0245,bcb05cffb5814973a6cff4fbdca2b99b,a5b0ca14025c4f5988240b248ab0f327,ba86310300614a3ca3205856e08d6545,1534867210398213,False,34752,33840,0.3626543209876543,15053,0.018148389274691357,2.2480568657410482,33788,0.42235,4990,3.11875,6.771142284569138,22412,0.5002678571428572,30,8.431915449231573
scene-0245,bcb05cffb5814973a6cff4fbdca2b99b,1b83de237c05444ea1ef55ddea848009,ba86310300614a3ca3205856e08d6545,1534867210448530,True,34752,33855,0.3628150720164609,14950,0.018024209104938273,2.2645484949832775,33812,0.42265,4999,3.124375,6.76375275055011,22435,0.50078125,30,8.448400031263985
scene-0245,bcb05cffb5814973a6cff4fbdca2b99b,2753b9dfd4a14a0d97e37cc0c6362c60,bb427c64842c44189d2ff9d32b03d368,1534867210498273,False,34720,33818,0.3624185528120713,15021,0.018109809027777778,2.2513813993742096,33770,0.422125,5006,3.12875,6.745904914103076,22378,0.4995089285714286,32,9.033484041703872
scene-0245,bcb05cffb5814973a6cff4fbdca2b99b,ec286b02818b4acc9f9522d41aee600d,bb427c64842c44189d2ff9d32b03d368,1534867210548044,False,34752,33831,0.36255787037037035,14961,0.018037471064814816,2.2612793262482453,33779,0.4222375,4960,3.1,6.810282258064516,22445,0.5010044642857143,32,9.050290768350592
scene-0245,bcb05cffb5814973a6cff4fbdca2b99b,46d3b3d7ab194e8296b89485b674ef13,bb427c64842c44189d2ff9d32b03d368,1534867210598372,False,34784,33906,0.3633616255144033,15005,0.018090518904320986,2.259646784405198,33853,0.4231625,4992,3.12,6.78145032051282,22517,0.5026116071428571,32,9.062465538185485
scene-0245,bcb05cffb5814973a6cff4fbdca2b99b,c40e19685835488ab4e6501b0d73996a,bb427c64842c44189d2ff9d32b03d368,1534867210648693,False,34752,33886,0.36314729080932784,14966,0.01804349922839506,2.2641988507283175,33829,0.4228625,4961,3.100625,6.818988107236445,22472,0.5016071428571428,32,9.087009357428414
scene-0245,bcb05cffb5814973a6cff4fbdca2b99b,ab15b9f2cfae4cd9a516c2bc1689f8be,bb427c64842c44189d2ff9d32b03d368,1534867210698447,False,34752,33906,0.3633616255144033,14870,0.01792775848765432,2.280161398789509,33853,0.4231625,4946,3.09125,6.844520824909018,22524,0.5027678571428571,32,9.123169790859201
scene-0245,bcb05cffb5814973a6cff4fbdca2b99b,bc14ba6f9c124936bd98b8d9219a7535,bb427c64842c44189d2ff9d32b03d368,1534867210748809,False,34752,33929,0.36360811042524005,14744,0.0177758487654321,2.301207270754205,33869,0.4233625,4908,3.0675,6.900774246128769,22469,0.5015401785714285,32,9.162363429624287
scene-0245,bcb05cffb5814973a6cff4fbdca2b99b,7cddfaa0f35c4fff8b652065ebd8d50c,bb427c64842c44189d2ff9d32b03d368,1534867210798535,False,34752,33913,0.3634366426611797,14712,0.017737268518518517,2.3051250679717237,33858,0.423225,4905,3.065625,6.902752293577982,22471,0.5015848214285714,32,9.209638715758894
scene-0245,bcb05cffb5814973a6cff4fbdca2b99b,475404191a9b48a09c7aae35f9e46d8a,bb427c64842c44189d2ff9d32b03d368,1534867210848873,False,34752,33923,0.36354381001371744,14666,0.017681809413580246,2.313036956225283,33870,0.423375,4835,3.021875,7.005170630816959,22506,0.5023660714285715,32,9.26673206023118
scene-0245,bcb05cffb5814973a6cff4fbdca2b99b,c2b7cf4f6f904d2b8bf74bc3f0bd4dd1,bb427c64842c44189d2ff9d32b03d368,1534867210898633,True,34752,33931,0.3636295438957476,14468,0.01744309413580247,2.34524467790987,33873,0.4234125,4783,2.989375,7.081956930796571,22372,0.499375,32,9.321759704761067
scene-0245,bcb05cffb5814973a6cff4fbdca2b99b,63e93cd81af4447eba1325f2deb1c72b,ab0775d6a1364bd1b0b37a92d87263db,1534867210948390,False,34720,33881,0.363093707133059,14421,0.017386429398148148,2.34942098328826,33828,0.42285,4825,3.015625,7.010984455958549,22295,0.49765625,37,6.718082886211665
scene-0245,bcb05cffb5814973a6cff4fbdca2b99b,de5c4f9a932a4f5a94d88ac2a185c2cd,ab0775d6a1364bd1b0b37a92d87263db,1534867210998721,False,34720,33909,0.3633937757201646,14430,0.01739728009259259,2.3498960498960497,33860,0.42325,4797,2.998125,7.058578278090473,22489,0.5019866071428571,37,6.7613101622862155
scene-0245,bcb05cffb5814973a6cff4fbdca2b99b,4ce98ad9cbf54f5aacac4b271a0fb524,ab0775d6a1364bd1b0b37a92d87263db,1534867211048494,False,34720,33924,0.3635545267489712,14311,0.017253809799382715,2.3704842428900847,33883,0.4235375,4775,2.984375,7.095916230366492,22426,0.5005803571428571,37,6.78367560054897
scene-0245,bcb05cffb5814973a6cff4fbdca2b99b,da4fc2726d264f7a86bf283a243b3edd,ab0775d6a1364bd1b0b37a92d87263db,1534867211098795,False,34720,33907,0.3633723422496571,14327,0.017273099922839506,2.366650380400642,33864,0.4233,4745,2.965625,7.136775553213909,17893,0.39939732142857143,37,6.79740356978922
scene-0245,bcb05cffb5814973a6cff4fbdca2b99b,84188771361943d58415ef1ad11ec436,ab0775d6a1364bd1b0b37a92d87263db,1534867211148575,False,34720,33941,0.3637367112482853,14285,0.017222463348765434,2.375988799439972,33892,0.42365,4694,2.93375,7.22028121005539,15900,0.3549107142857143,37,6.8144374440968445
scene-0245,bcb05cffb5814973a6cff4fbdca2b99b,2e8430ab8e8c4b2d9358a3d4ce4fa7b2,ab0775d6a1364bd1b0b37a92d87263db,1534867211198877,False,34720,33937,0.36369384430727025,14039,0.016925877700617285,2.417337417194957,33860,0.42325,4620,2.8875,7.329004329004329,22552,0.5033928571428572,37,6.835028046140184
scene-0245,bcb05cffb5814973a6cff4fbdca2b99b,beab4b7f3a3e49818fd24f9e92a6d092,ab0775d6a1364bd1b0b37a92d87263db,1534867211248644,False,34720,33895,0.3632437414266118,14008,0.016888503086419752,2.4196887492861223,33806,0.422575,4604,2.8775,7.342745438748914,22506,0.5023660714285715,37,6.852464074859156
scene-0245,bcb05cffb5814973a6cff4fbdca2b99b,3f135ba1740c4e06ae55dbe50f00fad1,ab0775d6a1364bd1b0b37a92d87263db,1534867211298407,False,34720,33921,0.3635223765432099,14130,0.017035590277777776,2.4006369426751593,33832,0.4229,4618,2.88625,7.326115201385881,22518,0.5026339285714285,37,6.861697563101832
scene-0245,bcb05cffb5814973a6cff4fbdca2b99b,3f3b6f9f4949446fb492ec100239ab6c,ab0775d6a1364bd1b0b37a92d87263db,1534867211348733,False,34688,33883,0.36311514060356653,14001,0.016880063657407407,2.4200414256124563,33796,0.42245,4574,2.85875,7.388718845649322,22628,0.5050892857142857,37,6.873586488104149
scene-0245,bcb05cffb5814973a6cff4fbdca2b99b,12eb0f1ddb8b4ec8a7b1689cb83d1a11,ab0775d6a1364bd1b0b37a92d87263db,1534867211398501,True,34720,33946,0.36379029492455417,13928,0.0167920524691358,2.437248707639288,33862,0.423275,4600,2.875,7.361304347826087,22633,0.5052008928571429,37,6.887881675473905
scene-0245,bcb05cffb5814973a6cff4fbdca2b99b,907166df66ca4cf299760a61cdfaa41f,80fa1ecff37d4e89ba5aed5e1953db0e,1534867211448264,False,34688,33928,0.3635973936899863,13890,0.016746238425925927,2.442620590352772,33842,0.423025,4540,2.8375,7.454185022026432,22662,0.5058482142857142,37,6.6657872752298895
scene-0245,bcb05cffb5814973a6cff4fbdca2b99b,55c5bdac521043a9b2af17ac1b9dae34,80fa1ecff37d4e89ba5aed5e1953db0e,1534867211498579,False,34688,33942,0.3637474279835391,13901,0.01675950038580247,2.4416948420976907,33847,0.4230875,4521,2.825625,7.48661800486618,22578,0.5039732142857143,37,6.668023185175877
scene-0245,bcb05cffb5814973a6cff4fbdca2b99b,8cb3690e32934a45ac3427c09242f92d,80fa1ecff37d4e89ba5aed5e1953db0e,1534867211548357,False,34720,33903,0.36332947530864196,13872,0.016724537037037038,2.443987889273356,33826,0.422825,4494,2.80875,7.526924788607031,22641,0.5053794642857142,37,6.666221203663708
scene-0245,bcb05cffb5814973a6cff4fbdca2b99b,e86197dddb8148bf9599ca2af47dd742,80fa1ecff37d4e89ba5aed5e1953db0e,1534867211598664,False,34688,33830,0.3625471536351166,13740,0.016565393518518517,2.462154294032023,33771,0.4221375,4514,2.82125,7.481391227292867,22629,0.5051116071428572,37,6.662800171760002
scene-0245,bcb05cffb5814973a6cff4fbdca2b99b,0db04782c2d54929a8fc88a85848699a,80fa1ecff37d4e89ba5aed5e1953db0e,1534867211648461,False,34688,33862,0.3628900891632373,13834,0.01667872299382716,2.447737458435738,33812,0.42265,4495,2.809375,7.522135706340378,22670,0.5060267857142857,37,6.655988467453859
scene-0245,bcb05cffb5814973a6cff4fbdca2b99b,5d0141894978416bbb920aa0d686cf08,80fa1ecff37d4e89ba5aed5e1953db0e,1534867211698214,False,34720,33867,0.3629436728395062,13708,0.016526813271604938,2.4706011088415525,33817,0.4227125,4508,2.8175,7.501552795031056,13144,0.2933928571428571,37,6.627070350264461
scene-0245,bcb05cffb5814973a6cff4fbdca2b99b,e9ac3b69d4bc406498952561537c8fef,80fa1ecff37d4e89ba5aed5e1953db0e,1534867211748524,False,34688,33854,0.36280435528120714,13600,0.016396604938271605,2.489264705882353,33805,0.4225625,4404,2.7525,7.675976385104451,13129,0.29305803571428574,37,6.60117481442999
scene-0245,bcb05cffb5814973a6cff4fbdca2b99b,1995ed3627684ea0aae9508d445641b1,80fa1ecff37d4e89ba5aed5e1953db0e,1534867211798338,False,34720,33881,0.363093707133059,13580,0.01637249228395062,2.494918998527246,33838,0.422975,4393,2.745625,7.702708854996586,13365,0.29832589285714284,37,6.580698685422477
scene-0245,bcb05cffb5814973a6cff4fbdca2b99b,90d8944e970a487784402bf7ba5ecd43,80fa1ecff37d4e89ba5aed5e1953db0e,1534867211848054,False,34688,33881,0.363093707133059,13544,0.016329089506172838,2.501550502067336,33839,0.4229875,4425,2.765625,7.647231638418079,13255,0.29587053571428573,37,6.565468973315791
scene-0245,bcb05cffb5814973a6cff4fbdca2b99b,60ac164ad4a24126aec2207f5e132f1b,80fa1ecff37d4e89ba5aed5e1953db0e,1534867211898395,True,34720,33957,0.3639081790123457,13485,0.016257957175925927,2.518131256952169,33918,0.423975,4398,2.74875,7.712141882673943,13117,0.2927901785714286,37,6.543928191725091
scene-0245,bcb05cffb5814973a6cff4fbdca2b99b,99adf50c597749b981d1d4567c6597b8,d6b486b53f7246e7873dcde2c741e337,1534867211948146,False,34688,33913,0.3634366426611797,13418,0.016177179783950616,2.5274258458786703,33862,0.423275,4444,2.7775,7.61971197119712,12995,0.29006696428571427,38,7.0922956869229665
scene-0245,bcb05cffb5814973a6cff4fbdca2b99b,76e977abb961430f800e8286536b9381,d6b486b53f7246e7873dcde2c741e337,1534867211998465,False,34720,33945,0.3637795781893004,13345,0.016089168595679014,2.5436493068565005,33889,0.4236125,4416,2.76,7.674139492753623,22366,0.49924107142857144,38,7.070947415273517
scene-0245,bcb05cffb5814973a6cff4fbdca2b99b,11a2a38fd176429391e5b7fea07a8be1,d6b486b53f7246e7873dcde2c741e337,1534867212048255,False,34688,33871,0.36298653978052126,13297,0.016031298225308643,2.5472663006693237,33814,0.422675,4409,2.755625,7.66931276933545,22926,0.5117410714285714,38,7.055577043117613
scene-0245,bcb05cffb5814973a6cff4fbdca2b99b,00e199f51b7441a8823a198c20d17080,d6b486b53f7246e7873dcde2c741e337,1534867212097994,False,34688,33845,0.36270790466392316,13254,0.01597945601851852,2.5535687339671043,33787,0.4223375,4406,2.75375,7.668406718111666,22843,0.5098883928571428,38,7.029291183951098
scene-0245,bcb05cffb5814973a6cff4fbdca2b99b,7cf9eda0e22e4be9931fab106c0941bb,d6b486b53f7246e7873dcde2c741e337,1534867212148311,False,34688,33857,0.36283650548696844,13199,0.015913146219135803,2.565118569588605,33800,0.4225,4394,2.74625,7.6923076923076925,21134,0.4717410714285714,38,7.002183734745133
scene-0245,bcb05cffb5814973a6cff4fbdca2b99b,172cf80395ad4a9e86ab287be61e2311,d6b486b53f7246e7873dcde2c741e337,1534867212198074,False,34720,33874,0.36301868998628256,13136,0.01583719135802469,2.5787149817295982,33816,0.4227,4328,2.705,7.813308687615526,22804,0.5090178571428572,38,6.977996081399602
scene-0245,bcb05cffb5814973a6cff4fbdca2b99b,5f9b5ef99160430b97a79a20125ff79b,d6b486b53f7246e7873dcde2c741e337,1534867212247858,False,34688,33847,0.3627293381344307,13112,0.015808256172839506,2.5813758389261743,33797,0.4224625,4289,2.680625,7.879925390533924,22926,0.5117410714285714,38,6.944706106027931
scene-0245,bcb05cffb5814973a6cff4fbdca2b99b,5ac3e08972ea45c6b9d285d454f2aa33,d6b486b53f7246e7873dcde2c741e337,1534867212298159,False,34720,33855,0.3628150720164609,13035,0.015715422453703703,2.5972382048331415,33803,0.4225375,4284,2.6775,7.890522875816994,21457,0.4789508928571429,38,6.893521120789118
scene-0245,bcb05cffb5814973a6cff4fbdca2b99b,107f3b3cb78e4b71adb7cf16042d73d5,d6b486b53f7246e7873dcde2c741e337,1534867212347980,False,34688,33777,0.3619791666666667,12952,0.015615354938271604,2.607859789993823,33720,0.4215,4222,2.63875,7.98673614400758,13977,0.31198660714285714,38,6.848345865778046
scene-0245,bcb05cffb5814973a6cff4fbdca2b99b,6135c5a724384a99b31710ebe934d5ab,d6b486b53f7246e7873dcde2c741e337,1534867212397697,True,34720,33792,0.36213991769547327,12925,0.015582802854938271,2.614468085106383,33728,0.4216,4187,2.616875,8.055409601146405,12206,0.2724553571428571,38,6.803684061145246
scene-0245,bcb05cffb5814973a6cff4fbdca2b99b,9e0b4d9bc51f4f5d9db711c06bf73615,35f8aedc7acf40f68dd66fbe42ef0119,1534867212448030,False,34720,33860,0.36286865569272975,12923,0.015580391589506172,2.6201346436585933,33792,0.4224,4146,2.59125,8.150506512301012,12324,0.2750892857142857,38,6.763434775614244
scene-0245,bcb05cffb5814973a6cff4fbdca2b99b,c7fffeed7c55496a961f57e4aaa23ed3,35f8aedc7acf40f68dd66fbe42ef0119,1534867212497783,False,34752,33860,0.36286865569272975,12904,0.015557484567901235,2.623992560446373,33797,0.4224625,4167,2.604375,8.11063114950804,12086,0.2697767857142857,38,6.7293421865494745
scene-0245,bcb05cffb5814973a6cff4fbdca2b99b,8b33184b652f4176a0820056b38a814d,35f8aedc7acf40f68dd66fbe42ef0119,1534867212548105,False,34720,33836,0.36261145404663925,12877,0.015524932484567901,2.627630659315058,33771,0.4221375,4158,2.59875,8.121933621933621,12046,0.26888392857142857,38,6.70076253548726
scene-0245,bcb05cffb5814973a6cff4fbdca2b99b,b4541462b94440f1a3c17622e4949314,35f8aedc7acf40f68dd66fbe42ef0119,1534867212597871,False,34720,33805,0.3622792352537723,12797,0.01542848186728395,2.6416347581464406,33741,0.4217625,4183,2.614375,8.0662204159694,11990,0.2676339285714286,38,6.6784234564649925
scene-0245,bcb05cffb5814973a6cff4fbdca2b99b,505d8b2715e04b1c8307d079ac725a98,35f8aedc7acf40f68dd66fbe42ef0119,1534867212648207,False,34752,33881,0.363093707133059,12848,0.01548996913580247,2.6370641344956414,33818,0.422725,4179,2.611875,8.092366594879158,12070,0.26941964285714287,38,6.661856631614863
scene-0245,bcb05cffb5814973a6cff4fbdca2b99b,22df2504432c4ed089b14f1c29cfd52f,35f8aedc7acf40f68dd66fbe42ef0119,1534867212697963,False,34720,33833,0.36257930384087794,12732,0.01535011574074074,2.65732013823437,33771,0.4221375,4172,2.6075,8.094678811121764,12084,0.26973214285714286,38,6.651424945666569
scene-0245,bcb05cffb5814973a6cff4fbdca2b99b,42dd335fc05c4397a4798116256b8a5b,35f8aedc7acf40f68dd66fbe42ef0119,1534867212748301,False,34752,33856,0.3628257887517147,12616,0.015210262345679012,2.683576410906785,33805,0.4225625,4154,2.59625,8.137939335580164,12356,0.2758035714285714,38,6.638023417252913
scene-0245,bcb05cffb5814973a6cff4fbdca2b99b,f9eff93e8c2049c2aeffadd243d483c0,35f8aedc7acf40f68dd66fbe42ef0119,1534867212798110,False,34752,33858,0.3628472222222222,12622,0.015217496141975309,2.6824591982253208,33804,0.42255,4127,2.579375,8.190937727162588,12208,0.2725,38,6.628931076140158
scene-0245,bcb05cffb5814973a6cff4fbdca2b99b,380d2a7a9e6a4e18bb010a1af7276fe5,35f8aedc7acf40f68dd66fbe42ef0119,1534867212848391,False,34752,33820,0.3624399862825789,12606,0.015198206018518519,2.6828494367761384,33766,0.422075,4163,2.601875,8.110977660341101,12327,0.27515625,38,6.625595985076145
scene-0245,bcb05cffb5814973a6cff4fbdca2b99b,803fa126af94459790c07fc3dc8b5c65,35f8aedc7acf40f68dd66fbe42ef0119,1534867212900346,True,34752,33870,0.3629758230452675,12689,0.015298273533950617,2.6692410749468043,33813,0.4226625,4139,2.586875,8.169364580816623,12420,0.27723214285714287,38,6.628235927162227
scene-0245,bcb05cffb5814973a6cff4fbdca2b99b,a4f24c193c1d46cba8e3f6f7f63dcc2b,71682cb8a436477ea7cc057599206c4c,1534867212948452,False,34752,33864,0.3629115226337449,12592,0.015181327160493828,2.6893265565438376,33793,0.4224125,4168,2.605,8.107725527831095,12613,0.28154017857142855,44,5.66246359336478
scene-0245,bcb05cffb5814973a6cff4fbdca2b99b,bc88eef657814079be55efe1ff180426,71682cb8a436477ea7cc057599206c4c,1534867212998210,False,34752,33886,0.36314729080932784,12622,0.015217496141975309,2.6846775471399145,33822,0.422775,4181,2.613125,8.08945228414255,16148,0.36044642857142856,44,5.674170482538366
scene-0245,bcb05cffb5814973a6cff4fbdca2b99b,37273329709c4f43ba21f57000d38a7a,71682cb8a436477ea7cc057599206c4c,1534867213048540,False,34752,33867,0.3629436728395062,12555,0.01513671875,2.6974910394265232,33780,0.42225,4165,2.603125,8.110444177671068,16025,0.35770089285714285,44,5.690837335025351
scene-0245,bcb05cffb5814973a6cff4fbdca2b99b,c0a33c4e50b54c8b8fc74089c5facde9,71682cb8a436477ea7cc057599206c4c,1534867213098299,False,34752,33866,0.3629329561042524,12496,0.015065586419753087,2.710147247119078,33774,0.422175,4125,2.578125,8.187636363636363,23317,0.52046875,44,5.711839853506029
scene-0245,bcb05cffb5814973a6cff4fbdca2b99b,6b6f77cb0a9b4976bcf9a6bf28599e97,71682cb8a436477ea7cc057599206c4c,1534867213148651,False,34752,33891,0.3632008744855967,12459,0.015020978009259259,2.720202263424031,33805,0.4225625,4078,2.54875,8.289602746444336,23369,0.5216294642857143,44,5.734893754361997
scene-0245,bcb05cffb5814973a6cff4fbdca2b99b,1ec419dbca2341cc82f7b500465ca092,71682cb8a436477ea7cc057599206c4c,1534867213198612,False,34752,33873,0.3630079732510288,12431,0.014987220293209877,2.7248813450245355,33782,0.422275,4082,2.55125,8.275845173934346,23276,0.5195535714285714,44,5.748639671667714
scene-0245,bcb05cffb5814973a6cff4fbdca2b99b,d6a53c50a463480fafc7f024d91bc679,71682cb8a436477ea7cc057599206c4c,1534867213248748,False,34784,33906,0.3633616255144033,12479,0.015045090663580247,2.717044634986778,33813,0.4226625,4087,2.554375,8.273305603131881,17992,0.4016071428571429,44,5.754004534080653
scene-0245,bcb05cffb5814973a6cff4fbdca2b99b,06392e5adcac4c1491982afad8e6b496,71682cb8a436477ea7cc057599206c4c,1534867213298488,False,34752,33869,0.3629651063100137,12458,0.01501977237654321,2.718654679723872,33759,0.4219875,4069,2.543125,8.296633079380683,15837,0.3535044642857143,44,5.759655832328948
scene-0245,bcb05cffb5814973a6cff4fbdca2b99b,25cc57fb227649908421bd3bc437696f,71682cb8a436477ea7cc057599206c4c,1534867213348812,False,34752,33913,0.3634366426611797,12429,0.014984809027777778,2.728538096387481,33808,0.4226,4027,2.516875,8.395331512292028,23423,0.5228348214285714,44,5.769519992634641
scene-0245,bcb05cffb5814973a6cff4fbdca2b99b,47bd7cecaa1348b9ba2bf91375a8ac51,71682cb8a436477ea7cc057599206c4c,1534867213398549,True,34752,33888,0.3631687242798354,12433,0.014989631558641974,2.7256494812193357,33792,0.4224,4042,2.52625,8.36021771400297,23382,0.5219196428571429,44,5.783387056532901
scene-0245,bcb05cffb5814973a6cff4fbdca2b99b,3791e04c83d84bb1b94a2219113a8818,1fff958a423f4fabac3d811329348043,1534867213448926,False,34784,33928,0.3635973936899863,12454,0.015014949845679013,2.7242652962903486,33839,0.4229875,4056,2.535,8.342948717948717,16386,0.36575892857142855,46,5.90385333047589
scene-0245,bcb05cffb5814973a6cff4fbdca2b99b,dcfb55f7752a4637aff737eadbb2de7e,1fff958a423f4fabac3d811329348043,1534867213498647,False,34752,33899,0.3632866083676269,12340,0.014877507716049383,2.7470826580226904,33803,0.4225375,3964,2.4775,8.527497477295661,13018,0.2905803571428571,46,5.926236533968235
scene-0245,bcb05cffb5814973a6cff4fbdca2b99b,c1aa384e7a81450e9a06da040cc1bfe6,1fff958a423f4fabac3d811329348043,1534867213548975,False,34752,33849,0.3627507716049383,12221,0.014734037422839507,2.769740610424679,33767,0.4220875,3919,2.449375,8.616228629752488,12740,0.284375,46,5.94804365498005
scene-0245,bcb05cffb5814973a6cff4fbdca2b99b,d025ea147daa46a99bacea59858f46ca,1fff958a423f4fabac3d811329348043,1534867213598725,False,34784,33940,0.36372599451303156,12144,0.014641203703703703,2.7947957839262187,33850,0.423125,3886,2.42875,8.7107565620175,12855,0.2869419642857143,46,5.967838688473639
scene-0245,bcb05cffb5814973a6cff4fbdca2b99b,379e45de344b477ca80bb7dd5f90f22e,1fff958a423f4fabac3d811329348043,1534867213649044,False,34752,33902,0.3633187585733882,12151,0.014649643132716049,2.7900584314048227,33829,0.4228625,3870,2.41875,8.741343669250647,12608,0.2814285714285714,46,5.991661934802711
scene-0245,bcb05cffb5814973a6cff4fbdca2b99b,70251ac2036347a285e969be520552a0,1fff958a423f4fabac3d811329348043,1534867213698813,False,34752,33884,0.3631258573388203,12079,0.014562837577160493,2.8051991058862487,33799,0.4224875,3802,2.37625,8.889794844818516,12605,0.28136160714285713,46,6.019021945342701
scene-0245,bcb05cffb5814973a6cff4fbdca2b99b,f6ddd72410904f469f78e8d692bc2eb2,1fff958a423f4fabac3d811329348043,1534867213749141,False,34784,33918,0.36349022633744854,12145,0.014642409336419753,2.792754219843557,33846,0.423075,3808,2.38,8.88813025210084,12616,0.28160714285714283,46,6.043457598249829
scene-0245,bcb05cffb5814973a6cff4fbdca2b99b,3eca320ffaa646e29d2a112c2ee64807,1fff958a423f4fabac3d811329348043,1534867213798927,False,34752,33856,0.3628257887517147,12077,0.014560426311728394,2.8033452016229194,33783,0.4222875,3792,2.37,8.909018987341772,12917,0.2883258928571429,46,6.062009777846801
scene-0245,bcb05cffb5814973a6cff4fbdca2b99b,e2c8c3c519e34159878c39a779d7415c,1fff958a423f4fabac3d811329348043,1534867213849260,False,34752,33856,0.3628257887517147,11969,0.014430217978395062,2.8286406550254823,33783,0.4222875,3781,2.363125,8.934937847130389,12800,0.2857142857142857,46,6.068534682493266
scene-0245,bcb05cffb5814973a6cff4fbdca2b99b,364492779c2246048e9f02d96bfc5e95,1fff958a423f4fabac3d811329348043,1534867213898990,True,34720,33828,0.36252572016460904,11908,0.01435667438271605,2.840779308028216,33771,0.4221375,3756,2.3475,8.991214057507987,14062,0.31388392857142855,46,6.069197751692442
scene-0245,bcb05cffb5814973a6cff4fbdca2b99b,f194cbff4b714cfd8f428a117982471f,28c04122bb604efd9f46ae6799c9a318,1534867213949305,False,34720,33843,0.3626864711934156,11797,0.014222849151234567,2.868780198355514,33794,0.422425,3706,2.31625,9.118726389638423,14659,0.3272098214285714,44,5.655298509763175
scene-0245,bcb05cffb5814973a6cff4fbdca2b99b,6b8fe241e8ec451885acab267193f3da,28c04122bb604efd9f46ae6799c9a318,1534867213999079,False,34752,33880,0.3630829903978052,11744,0.014158950617283951,2.8848773841961854,33841,0.4230125,3715,2.321875,9.1092866756393,24192,0.54,44,5.656363866494435
scene-0245,bcb05cffb5814973a6cff4fbdca2b99b,085718e93b564577963144e8242caba5,28c04122bb604efd9f46ae6799c9a318,1534867214049392,False,34720,33858,0.3628472222222222,11750,0.014166184413580247,2.881531914893617,33811,0.4226375,3710,2.31875,9.113477088948787,24227,0.54078125,44,5.6568039853624725
scene-0245,bcb05cffb5814973a6cff4fbdca2b99b,97b4c91d2491405483c5abb281b72e4b,28c04122bb604efd9f46ae6799c9a318,1534867214099148,False,34720,33858,0.3628472222222222,11678,0.014079378858024691,2.899297824970029,33808,0.4226,3722,2.32625,9.08328855454057,24291,0.5422098214285714,44,5.641975098699349
scene-0245,bcb05cffb5814973a6cff4fbdca2b99b,933214a1238740799c76822e4438b4ef,28c04122bb604efd9f46ae6799c9a318,1534867214149481,False,34720,33888,0.3631687242798354,11553,0.013928674768518518,2.933264087250065,33844,0.42305,3776,2.36,8.962923728813559,24187,0.5398883928571429,44,5.628387212512324
scene-0245,bcb05cffb5814973a6cff4fbdca2b99b,1fee57c3e6b141bb9633abd2c9a56e7b,28c04122bb604efd9f46ae6799c9a318,1534867214199239,False,34752,33924,0.3635545267489712,11619,0.014008246527777778,2.919700490575781,33878,0.423475,3832,2.395,8.840814196242171,17373,0.38779017857142856,44,5.613113854062898
scene-0245,bcb05cffb5814973a6cff4fbdca2b99b,db7b25f0ac9e423dab84ad0fb69b1cc4,28c04122bb604efd9f46ae6799c9a318,1534867214249009,False,34720,33915,0.36345807613168724,11609,0.013996190200617284,2.921440261865794,33869,0.4233625,3817,2.385625,8.873198847262248,24334,0.5431696428571429,44,5.6017560223187575
scene-0245,bcb05cffb5814973a6cff4fbdca2b99b,358608a2cd6e4ceb84cb0064bda72107,28c04122bb604efd9f46ae6799c9a318,1534867214299327,False,34752,33950,0.3638331618655693,11631,0.01402271412037037,2.918923566331356,33894,0.423675,3805,2.378125,8.907752956636005,24421,0.5451116071428571,44,5.596356579101797
scene-0245,bcb05cffb5814973a6cff4fbdca2b99b,1c7518d77a8d4140b8e5782d3f0f2059,28c04122bb604efd9f46ae6799c9a318,1534867214349087,False,34720,33948,0.3638117283950617,11513,0.013880449459876543,2.948666724572223,33898,0.423725,3790,2.36875,8.94406332453826,24404,0.5447321428571429,44,5.597162884037309
scene-0245,bcb05cffb5814973a6cff4fbdca2b99b,2d97797dfbb9461482ce29429a918f8f,28c04122bb604efd9f46ae6799c9a318,1534867214399431,True,34752,33973,0.36407964677640603,11403,0.01374782986111111,2.979303692010874,33926,0.424075,3790,2.36875,8.951451187335092,19072,0.4257142857142857,44,5.601273424947157
scene-0245,bcb05cffb5814973a6cff4fbdca2b99b,1288e42fe6804cc78992818183e05c2a,e9934aef2d4244b8b363a6eda5b01256,1534867214449173,False,34720,33964,0.36398319615912206,11308,0.01363329475308642,3.003537318712416,33919,0.4239875,3741,2.338125,9.066827051590483,20158,0.4499553571428571,47,5.257705932416387
scene-0245,bcb05cffb5814973a6cff4fbdca2b99b,2b266a86feb743f9a12a74eabcebc0fd,e9934aef2d4244b8b363a6eda5b01256,1534867214499501,False,34752,34039,0.364786951303155,11198,0.013500675154320988,3.0397392391498483,33990,0.424875,3725,2.328125,9.124832214765101,24592,0.5489285714285714,47,5.274739015101825
scene-0245,bcb05cffb5814973a6cff4fbdca2b99b,1e99952114604ab691e4d8d9aedc9dcd,e9934aef2d4244b8b363a6eda5b01256,1534867214549270,False,34752,33998,0.36434756515775035,11145,0.01343677662037037,3.0505159264244055,33948,0.42435,3663,2.289375,9.267813267813267,24533,0.5476116071428572,47,5.295738676933226
scene-0245,bcb05cffb5814973a6cff4fbdca2b99b,b99e604a97c44bdf807be1b34029578d,e9934aef2d4244b8b363a6eda5b01256,1534867214599587,False,34752,34024,0.36462620027434844,11169,0.013465711805555556,3.0462888351687707,33971,0.4246375,3629,2.268125,9.360980986497658,14449,0.3225223214285714,47,5.314918851635018
scene-0245,bcb05cffb5814973a6cff4fbdca2b99b,0d8ec0c924524b74bf6f1283f1de2eec,e9934aef2d4244b8b363a6eda5b01256,1534867214649413,False,34752,33976,0.36411179698216734,10995,0.013255931712962963,3.0901318781264213,33929,0.4241125,3587,2.241875,9.458879286311682,12079,0.26962053571428574,47,5.318057205910511
scene-0245,bcb05cffb5814973a6cff4fbdca2b99b,9259a63df3d347e3b2c7f7eba4f83138,e9934aef2d4244b8b363a6eda5b01256,1534867214699698,False,34720,33900,0.36329732510288065,10974,0.013230613425925925,3.089119737561509,33858,0.423225,3624,2.265,9.342715231788079,24147,0.5389955357142857,47,5.311423742500306
scene-0245,bcb05cffb5814973a6cff4fbdca2b99b,188cf258ed7645dc96af9d6cfd2fdb18,e9934aef2d4244b8b363a6eda5b01256,1534867214749491,False,34720,33872,0.362997256515775,10907,0.013149836033950616,3.105528559640598,33831,0.4228875,3627,2.266875,9.327543424317618,24240,0.5410714285714285,47,5.3087507340960665
scene-0245,bcb05cffb5814973a6cff4fbdca2b99b,90c1135662fe46e79fdfc39438bc9dd2,e9934aef2d4244b8b363a6eda5b01256,1534867214799862,False,34752,33898,0.3632758916323731,10903,0.01314501350308642,3.1090525543428416,33846,0.423075,3598,2.24875,9.406892718176765,23883,0.5331026785714286,47,5.308469628407844
scene-0245,bcb05cffb5814973a6cff4fbdca2b99b,fe076788d8d14904a31e5a92ded176d4,e9934aef2d4244b8b363a6eda5b01256,1534867214849567,False,34720,33881,0.363093707133059,10836,0.013064236111111112,3.1267072720561093,33826,0.422825,3573,2.233125,9.467114469633362,17606,0.3929910714285714,47,5.306786366110673
scene-0245,bcb05cffb5814973a6cff4fbdca2b99b,0f250bec54274df595339c36966f9bde,e9934aef2d4244b8b363a6eda5b01256,1534867214899289,True,34720,33885,0.36313657407407407,10742,0.01295090663580247,3.1544405138707874,33831,0.4228875,3536,2.21,9.567590497737557,24147,0.5389955357142857,47,5.304947700078423
scene-0245,bcb05cffb5814973a6cff4fbdca2b99b,dca0f15e82784c9c90cd3699b80af6c8,a34813ab9ece48799caca1d6c8432b8d,1534867214949619,False,34688,33849,0.3627507716049383,10712,0.012914737654320987,3.1599141150112025,33796,0.42245,3558,2.22375,9.49859471613266,24436,0.5454464285714286,50,5.399289002665093
scene-0245,bcb05cffb5814973a6cff4fbdca2b99b,533f0a3949cb44b68cb7066bad5ab85f,a34813ab9ece48799caca1d6c8432b8d,1534867214999383,False,34720,33925,0.363565243484225,10722,0.012926793981481482,3.164055213579556,33849,0.4231125,3559,2.224375,9.510817645406012,24629,0.5497544642857143,50,5.381912532921517
scene-0245,bcb05cffb5814973a6cff4fbdca2b99b,5346225aec3949a68eceffa950bb7218,a34813ab9ece48799caca1d6c8432b8d,1534867215049694,False,34720,33905,0.3633509087791495,10830,0.013057002314814815,3.1306555863342567,33834,0.422925,3555,2.221875,9.517299578059072,24371,0.5439955357142857,50,5.366575053633112
scene-0245,bcb05cffb5814973a6cff4fbdca2b99b,4afb652d78e343b592ab486ea3b06329,a34813ab9ece48799caca1d6c8432b8d,1534867215099461,False,34688,33871,0.36298653978052126,10810,0.013032889660493827,3.1333024976873265,33804,0.42255,3527,2.204375,9.584349305358662,11610,0.2591517857142857,50,5.35371963802667
scene-0245,bcb05cffb5814973a6cff4fbdca2b99b,dd96e5640ee94e409cb242e1baf1b138,a34813ab9ece48799caca1d6c8432b8d,1534867215149226,False,34720,33904,0.3633401920438957,10881,0.013118489583333334,3.115890083632019,33828,0.42285,3518,2.19875,9.615690733371233,12838,0.2865625,50,5.341195449471213
scene-0245,bcb05cffb5814973a6cff4fbdca2b99b,e0aa5ca2eed6450089ae63405b1c00ad,a34813ab9ece48799caca1d6c8432b8d,1534867215199564,False,34720,33919,0.3635009430727023,10867,0.013101610725308643,3.1212846231710683,33856,0.4232,3523,2.201875,9.60999148453023,24657,0.5503794642857143,50,5.3217185982810795
scene-0245,bcb05cffb5814973a6cff4fbdca2b99b,78c4aaca19ff46f8a4d76ff44df7fbeb,a34813ab9ece48799caca1d6c8432b8d,1534867215249333,False,34720,33923,0.36354381001371744,10770,0.012984664351851851,3.1497678737233055,33884,0.42355,3508,2.1925,9.659064994298745,24755,0.5525669642857143,50,5.303100572566359
scene-0245,bcb05cffb5814973a6cff4fbdca2b99b,5a2c8c56389b46c0a987a043f729a6a9,a34813ab9ece48799caca1d6c8432b8d,1534867215299648,False,34720,33941,0.3637367112482853,10758,0.01297019675925926,3.1549544525004647,33883,0.4235375,3469,2.168125,9.767368117613145,21251,0.4743526785714286,50,5.28855265865457
scene-0245,bcb05cffb5814973a6cff4fbdca2b99b,4afc4c59fd8d40beabbed57cf8c62281,a34813ab9ece48799caca1d6c8432b8d,1534867215349404,False,34720,33951,0.36384387860082307,10826,0.013052179783950617,3.1360613338259746,33898,0.423725,3461,2.163125,9.79427911008379,12737,0.2843080357142857,50,5.278795584468169
scene-0245,bcb05cffb5814973a6cff4fbdca2b99b,f06f2067b32b48f58bd1421ae0a20e06,a34813ab9ece48799caca1d6c8432b8d,1534867215399713,True,34752,33995,0.36431541495198905,10883,0.013120900848765433,3.123679132592116,33939,0.4242375,3441,2.150625,9.86312118570183,24654,0.5503125,50,5.2739389063653555
scene-0245,bcb05cffb5814973a6cff4fbdca2b99b,334b67ee265a4ad890e45f31d31a4fed,a268a6c6620a4c42900e4e9beae95d73,1534867215449481,False,34752,34003,0.3644011488340192,10722,0.012926793981481482,3.1713299757507927,33950,0.424375,3423,2.139375,9.918200408997954,24739,0.5522098214285714,50,5.415252761799564
scene-0245,bcb05cffb5814973a6cff4fbdca2b99b,f7c5476f38c142ac8cde4532decbe308,a268a6c6620a4c42900e4e9beae95d73,1534867215499796,False,34752,34012,0.36449759945130317,10735,0.012942467206790124,3.168327899394504,33951,0.4243875,3414,2.13375,9.94463971880492,17088,0.38142857142857145,50,5.419564795793784
scene-0245,bcb05cffb5814973a6cff4fbdca2b99b,5a6b0847672d49f8b7e95546b348445b,a268a6c6620a4c42900e4e9beae95d73,1534867215549569,False,34752,34023,0.3646154835390947,10652,0.012842399691358026,3.194048066090875,33946,0.424325,3456,2.16,9.822337962962964,13464,0.3005357142857143,50,5.428674269140448
scene-0245,bcb05cffb5814973a6cff4fbdca2b99b,39156aeeea6f4db8918e7aada2ce1478,a268a6c6620a4c42900e4e9beae95d73,1534867215599903,False,34752,34020,0.3645833333333333,10566,0.012738715277777778,3.2197614991482113,33921,0.4240125,3387,2.116875,10.015057573073516,24574,0.5485267857142857,50,5.442486587410835
scene-0245,bcb05cffb5814973a6cff4fbdca2b99b,20d7198ea31b49488b261818dbeba32e,a268a6c6620a4c42900e4e9beae95d73,1534867215649659,False,34720,34027,0.36465835048010975,10507,0.012667582947530865,3.2385076615589607,33891,0.4236375,3367,2.104375,10.065637065637066,24557,0.5481473214285715,50,5.453376519928477
scene-0245,bcb05cffb5814973a6cff4fbdca2b99b,e2b21ec6928841829d0b3e5fa84c87f4,a268a6c6620a4c42900e4e9beae95d73,1534867215699430,False,34752,34063,0.3650441529492455,10393,0.012530140817901235,3.277494467430001,33899,0.4237375,3352,2.095,10.113066825775656,14074,0.3141517857142857,50,5.447165315913062
scene-0245,bcb05cffb5814973a6cff4fbdca2b99b,11bf3c304066444d81900292cc49900e,a268a6c6620a4c42900e4e9beae95d73,1534867215749768,False,34720,34082,0.36524777091906724,10227,0.012330005787037038,3.332551090251296,33932,0.42415,3273,2.045625,10.367247173846623,14681,0.3277008928571429,50,5.427083576347806
scene-0245,bcb05cffb5814973a6cff4fbdca2b99b,96030224e9ba41b9819c56a55c7d2782,a268a6c6620a4c42900e4e9beae95d73,1534867215799528,False,34720,34145,0.3659229252400549,9942,0.011986400462962963,3.4344196338764834,34003,0.4250375,3180,1.9875,10.692767295597484,14380,0.3209821428571429,50,5.4116663453442975
scene-0245,bcb05cffb5814973a6cff4fbdca2b99b,8563648740ed44b98111d52f39d5192e,a268a6c6620a4c42900e4e9beae95d73,1534867215849837,False,34720,34131,0.36577289094650206,9868,0.011897183641975308,3.458755573571139,34004,0.42505,3086,1.92875,11.018794556059625,14255,0.3181919642857143,50,5.400795206290091
scene-0245,bcb05cffb5814973a6cff4fbdca2b99b,046e97dcc0094c1fada95d1e745b9385,a268a6c6620a4c42900e4e9beae95d73,1534867215899621,True,34720,34163,0.36611582647462276,9869,0.011898389274691359,3.4616475833417772,34028,0.42535,3084,1.9275,11.033722438391699,24739,0.5522098214285714,50,5.394851959500167
scene-0245,bcb05cffb5814973a6cff4fbdca2b99b,e2d87189209b4ef7ba63d701c3ce0e7e,d37032bf326445359d4102a1ce6c93ff,1534867215949403,False,34688,34112,0.3655692729766804,9822,0.011841724537037038,3.47301975157809,33983,0.4247875,3078,1.92375,11.040610786224821,24643,0.5500669642857143,50,4.795845433464544
scene-0245,bcb05cffb5814973a6cff4fbdca2b99b,7080de360c924fef80cdc25420186f94,d37032bf326445359d4102a1ce6c93ff,1534867215999716,False,34688,34081,0.36523705418381347,9680,0.011670524691358024,3.5207644628099173,33967,0.4245875,3000,1.875,11.322333333333333,14120,0.3151785714285714,50,4.801524815136766
scene-0245,bcb05cffb5814973a6cff4fbdca2b99b,b5230cf8118f458b84d821c8c50e47d7,d37032bf326445359d4102a1ce6c93ff,1534867216049447,False,34720,34111,0.36555855624142664,9687,0.01167896412037037,3.5213172292763497,34011,0.4251375,3006,1.87875,11.31437125748503,14126,0.3153125,50,4.811435621852954
scene-0245,bcb05cffb5814973a6cff4fbdca2b99b,8f5b685177fd4a4491ce8ebf67835f01,d37032bf326445359d4102a1ce6c93ff,1534867216099783,False,34688,34086,0.3652906378600823,9737,0.01173924575617284,3.500667556742323,34001,0.4250125,3017,1.885625,11.269804441498177,24553,0.5480580357142857,50,4.823814104982861
scene-0245,bcb05cffb5814973a6cff4fbdca2b99b,bfd8ec6a86a34b94877e0994db9c5dd6,d37032bf326445359d4102a1ce6c93ff,1534867216149583,False,34720,34119,0.3656442901234568,9782,0.011793499228395062,3.487937027192803,34050,0.425625,2988,1.8675,11.39558232931727,24721,0.5518080357142857,50,4.831072550927932
scene-0245,bcb05cffb5814973a6cff4fbdca2b99b,98a622e2473b44a1add390c67d553797,d37032bf326445359d4102a1ce6c93ff,1534867216199331,False,34720,34125,0.36570859053497945,9859,0.011886332947530864,3.461304391926159,34069,0.4258625,2989,1.868125,11.398126463700235,24261,0.5415401785714286,50,4.826702036636046
scene-0245,bcb05cffb5814973a6cff4fbdca2b99b,2668a3f141864530bc631f200771d2f9,d37032bf326445359d4102a1ce6c93ff,1534867216249617,False,34720,34115,0.3656014231824417,10009,0.012067177854938271,3.408432410830253,34065,0.4258125,3022,1.88875,11.272336201191264,12980,0.2897321428571429,50,4.819295255817384
scene-0245,bcb05cffb5814973a6cff4fbdca2b99b,151ea7cc9cf64decba77855c566f233b,d37032bf326445359d4102a1ce6c93ff,1534867216299419,False,34688,34033,0.36472265089163236,10091,0.012166039737654321,3.3726092557724705,33995,0.4249375,2995,1.871875,11.35058430717863,13287,0.29658482142857145,50,4.807310023712295
scene-0245,bcb05cffb5814973a6cff4fbdca2b99b,d717b81ba9a24a7f980387b5e6229890,d37032bf326445359d4102a1ce6c93ff,1534867216349717,False,34720,34045,0.36485125171467764,10073,0.012144338348765433,3.3798272609947384,34016,0.4252,3052,1.9075,11.145478374836173,24400,0.5446428571428571,50,4.7900733173892
scene-0245,bcb05cffb5814973a6cff4fbdca2b99b,d1640b0f1abf430494111cdaacbd6dbb,d37032bf326445359d4102a1ce6c93ff,1534867216399496,False,34688,34023,0.3646154835390947,10212,0.012311921296296297,3.331668625146886,33995,0.4249375,3039,1.899375,11.186245475485357,21810,0.48683035714285716,50,4.778143376592977
scene-0245,bcb05cffb5814973a6cff4fbdca2b99b,e9f4ff4f90b949b1bb4354ba8a0a665a,d37032bf326445359d4102a1ce6c93ff,1534867216449236,True,34688,34016,0.36454046639231824,10263,0.012373408564814815,3.314430478417617,33953,0.4244125,3068,1.9175,11.066818774445894,18880,0.42142857142857143,50,4.77177135347943
scene-0245,bcb05cffb5814973a6cff4fbdca2b99b,18b151c724884316a8f4651087462cac,28a5c353182644b78d35d95a66eaab22,1534867216499575,False,34720,34071,0.36512988683127573,10273,0.012385464891975308,3.3165579674875887,33997,0.4249625,3150,1.96875,10.792698412698412,12097,0.2700223214285714,50,4.56491203845258
scene-0245,bcb05cffb5814973a6cff4fbdca2b99b,ab0e80f4a1514b81bb7c0f3ce5aeec2e,28a5c353182644b78d35d95a66eaab22,1534867216549320,False,34688,34047,0.3648726851851852,10249,0.012356529706790123,3.3219826324519466,33977,0.4247125,3132,1.9575,10.848339719029374,12040,0.26875,50,4.5665737917441165
scene-0245,bcb05cffb5814973a6cff4fbdca2b99b,d05231d5f3b04314b5ffb2388fac692a,28a5c353182644b78d35d95a66eaab22,1534867216599104,False,34720,34073,0.36515132030178327,10279,0.012392698688271605,3.3148166164023736,33993,0.4249125,3157,1.973125,10.767500791891036,17840,0.3982142857142857,50,4.574525416863202
scene-0245,bcb05cffb5814973a6cff4fbdca2b99b,ed01c2763c334d49a20160d3ffdb87cf,28a5c353182644b78d35d95a66eaab22,1534867216649451,False,34720,34074,0.36516203703703703,10227,0.012330005787037038,3.3317688471692577,33992,0.4249,3194,1.99625,10.64245460237946,15251,0.34042410714285715,50,4.5829125216422675
scene-0245,bcb05cffb5814973a6cff4fbdca2b99b,ee34607745a043108e8bf4194b02cd68,28a5c353182644b78d35d95a66eaab22,1534867216699176,False,34688,34029,0.3646797839506173,10116,0.012196180555555556,3.363879003558719,33964,0.42455,3144,1.965,10.802798982188294,24441,0.5455580357142857,50,4.587202387716367
scene-0245,bcb05cffb5814973a6cff4fbdca2b99b,28c75cef131a43969690eff1b198eb98,28a5c353182644b78d35d95a66eaab22,1534867216749489,False,34720,34068,0.3650977366255144,10088,0.012162422839506172,3.3770816812053925,34009,0.4251125,3152,1.97,10.78965736040609,24342,0.5433482142857143,50,4.5883511194340585
scene-0245,bcb05cffb5814973a6cff4fbdca2b99b,773bc9cd686e4c6d8039617ca98bbb1d,28a5c353182644b78d35d95a66eaab22,1534867216799268,False,34688,33998,0.36434756515775035,10047,0.012112991898148148,3.3838956902557977,33946,0.424325,3095,1.934375,10.968012924071083,24304,0.5425,50,4.58859175116696
scene-0245,bcb05cffb5814973a6cff4fbdca2b99b,d3a5ed95888446958779163bd972fe79,28a5c353182644b78d35d95a66eaab22,1534867216849025,False,34720,34018,0.3645618998628258,10041,0.012105758101851851,3.3879095707598843,33975,0.4246875,3112,1.945,10.91741645244216,24389,0.5443973214285714,50,4.587617346274755
scene-0245,bcb05cffb5814973a6cff4fbdca2b99b,09bdb1488fa9450aae300885b05a4523,28a5c353182644b78d35d95a66eaab22,1534867216899389,False,34688,34004,0.36441186556927296,10189,0.012284191743827161,3.3373245657081165,33956,0.42445,3121,1.950625,10.87984620314002,24372,0.5440178571428571,50,4.592208149675497
scene-0245,bcb05cffb5814973a6cff4fbdca2b99b,e6d9076429d34e7aa5e0d547b9adc460,28a5c353182644b78d35d95a66eaab22,1534867216949119,True,34720,34036,0.36475480109739367,10280,0.012393904320987654,3.310894941634241,33989,0.4248625,3129,1.955625,10.862575902844359,24276,0.541875,50,4.602377695220605
scene-0245,bcb05cffb5814973a6cff4fbdca2b99b,5d0dfc56608e418f863ebdab7dfb7f76,79dd4eafd264491c9e212e618cab82c8,1534867216998885,False,34688,34023,0.3646154835390947,10343,0.012469859182098765,3.2894711399013827,33982,0.424775,3191,1.994375,10.649326230021936,24180,0.5397321428571429,50,4.607062067580597
scene-0245,bcb05cffb5814973a6cff4fbdca2b99b,dfdb82f2e4cc47a3b6a7a7aef64185a9,79dd4eafd264491c9e212e618cab82c8,1534867217049211,False,34688,34047,0.3648726851851852,10377,0.012510850694444445,3.2810060711188203,34008,0.4251,3189,1.993125,10.664158043273753,24105,0.5380580357142857,50,4.621465421809281
scene-0245,bcb05cffb5814973a6cff4fbdca2b99b,bbc3433759fb4eb4be461cf4b6b87f11,79dd4eafd264491c9e212e618cab82c8,1534867217098979,False,34720,34069,0.3651084533607682,10438,0.012584394290123457,3.2639394520022993,34026,0.425325,3211,2.006875,10.596698847710993,24079,0.5374776785714286,50,4.639416377109919
scene-0245,bcb05cffb5814973a6cff4fbdca2b99b,80aae25a7d5c4912a5cbcedbc0990531,79dd4eafd264491c9e212e618cab82c8,1534867217148766,False,34688,34049,0.3648941186556927,10490,0.012647087191358024,3.245853193517636,33996,0.42495,3221,2.013125,10.554486184414777,24062,0.5370982142857142,50,4.662147229054506
scene-0245,bcb05cffb5814973a6cff4fbdca2b99b,02beb27e61a94c6a9a7219f1f2512ff1,79dd4eafd264491c9e212e618cab82c8,1534867217199048,False,34720,34061,0.365022719478738,10469,0.012621768904320988,3.2535103639316074,34010,0.425125,3247,2.029375,10.474283954419464,23991,0.5355133928571428,50,4.687031248619471
scene-0245,bcb05cffb5814973a6cff4fbdca2b99b,746e15b614624beaaa687b2b94348c52,79dd4eafd264491c9e212e618cab82c8,1534867217248873,False,34720,34068,0.3650977366255144,10626,0.012811053240740741,3.2060982495765105,33999,0.4249875,3273,2.045625,10.387717690192485,23956,0.5347321428571429,50,4.706082698302974
scene-0245,bcb05cffb5814973a6cff4fbdca2b99b,1a3ea67ccc164e9ab6ea0f219f725e6a,79dd4eafd264491c9e212e618cab82c8,1534867217299140,False,34720,34054,0.3649477023319616,10628,0.01281346450617284,3.2041776439593526,33954,0.424425,3272,2.045,10.37713936430318,23911,0.5337276785714286,50,4.713714326723609
scene-0245,bcb05cffb5814973a6cff4fbdca2b99b,407b5d3c4b224a3abd107bbaf1aa535c,79dd4eafd264491c9e212e618cab82c8,1534867217348900,False,34688,34037,0.36476551783264743,10641,0.012829137731481482,3.198665538953106,33917,0.4239625,3331,2.081875,10.182227559291505,23784,0.5308928571428572,50,4.71546430178592
scene-0245,bcb05cffb5814973a6cff4fbdca2b99b,4126e55d02f04ff6a9e9a184cd469102,79dd4eafd264491c9e212e618cab82c8,1534867217398675,False,34720,34059,0.36500128600823045,10696,0.012895447530864197,3.1842744951383697,33920,0.424,3302,2.06375,10.272562083585706,18781,0.41921875,50,4.718546090227446
scene-0245,bcb05cffb5814973a6cff4fbdca2b99b,fdfc9987b9fd46408d1272ea5d842748,79dd4eafd264491c9e212e618cab82c8,1534867217448990,True,34688,34035,0.3647440843621399,10923,0.013169126157407408,3.115902224663554,33880,0.4235,3356,2.0975,10.095351609058403,23661,0.5281473214285715,50,4.726285191197113
scene-0245,bcb05cffb5814973a6cff4fbdca2b99b,91489ce9e4bd4a0a929474446b882578,aba1c04ff03a41d08308674f67569269,1534867217498755,False,34688,34015,0.3645297496570645,10927,0.013173948688271604,3.112931271163174,33831,0.4228875,3345,2.090625,10.11390134529148,23643,0.5277455357142857,50,4.2678627216863
scene-0245,bcb05cffb5814973a6cff4fbdca2b99b,d303bacd841948dbbddfc50cdd224c78,aba1c04ff03a41d08308674f67569269,1534867217548528,False,34688,34024,0.36462620027434844,10857,0.013089554398148148,3.1338307082987935,33842,0.423025,3371,2.106875,10.039157520023732,23567,0.5260491071428571,50,4.277127530180349
scene-0245,bcb05cffb5814973a6cff4fbdca2b99b,d8bc6b48aed44c1981b28140b92715c3,aba1c04ff03a41d08308674f67569269,1534867217598858,False,34688,33979,0.3641439471879287,10888,0.013126929012345679,3.120775165319618,33816,0.4227,3408,2.13,9.922535211267606,23511,0.5247991071428572,50,4.2892279841881775
scene-0245,bcb05cffb5814973a6cff4fbdca2b99b,fd0ee8ea0a094bbd8bff2a907420f193,aba1c04ff03a41d08308674f67569269,1534867217648729,False,34688,33978,0.36413323045267487,10866,0.013100405092592592,3.1270016565433463,33842,0.423025,3426,2.14125,9.877991827203736,23497,0.5244866071428571,50,4.297529568807695
scene-0245,bcb05cffb5814973a6cff4fbdca2b99b,2b6dc4aaad2d4428ab7ada728fbdc39a,aba1c04ff03a41d08308674f67569269,1534867217698367,False,34688,33958,0.36391889574759945,10708,0.012909915123456791,3.171273813970863,33853,0.4231625,3414,2.13375,9.91593438781488,23491,0.5243526785714285,50,4.309247304624237
scene-0245,bcb05cffb5814973a6cff4fbdca2b99b,5f97ca7841854ae48c1eff7a37055e1b,aba1c04ff03a41d08308674f67569269,1534867217748693,False,34688,33930,0.3636188271604938,10717,0.012920765817901235,3.1659979471867126,33845,0.4230625,3444,2.1525,9.827235772357724,23364,0.5215178571428571,50,4.320827815825021
scene-0245,bcb05cffb5814973a6cff4fbdca2b99b,1bce15f18ace4babbf7b0ff98c44715e,aba1c04ff03a41d08308674f67569269,1534867217798472,False,34688,33947,0.36380101165980794,10635,0.012821903935185185,3.192007522331923,33878,0.423475,3408,2.13,9.940727699530516,11734,0.26191964285714286,50,4.319205962129596
scene-0245,bcb05cffb5814973a6cff4fbdca2b99b,b85fe7783dde420999255c382a90db89,aba1c04ff03a41d08308674f67569269,1534867217848229,False,34688,33947,0.36380101165980794,10581,0.012756799768518519,3.2082978924487286,33895,0.4236875,3370,2.10625,10.057863501483679,23093,0.51546875,50,4.310633923615047
scene-0245,bcb05cffb5814973a6cff4fbdca2b99b,41e9ecfb8ac943dfb1805c3b40cac587,aba1c04ff03a41d08308674f67569269,1534867217898545,False,34656,33916,0.363468792866941,10699,0.012899064429012346,3.1700158893354518,33879,0.4234875,3377,2.110625,10.032277169084987,23374,0.5217410714285714,50,4.304747712193429
scene-0245,bcb05cffb5814973a6cff4fbdca2b99b,a0b523196ab3437cbe2f74e42272c007,aba1c04ff03a41d08308674f67569269,1534867217948325,False,34688,33941,0.3637367112482853,10774,0.01298948688271605,3.1502691665119733,33915,0.4239375,3402,2.12625,9.969135802469136,23344,0.5210714285714285,50,4.301955239553461
scene-0245,bcb05cffb5814973a6cff4fbdca2b99b,505febadf2e34b8492da23a0101ac1dd,aba1c04ff03a41d08308674f67569269,1534867217998093,False,34688,33958,0.36391889574759945,10790,0.01300877700617284,3.1471733086190916,33930,0.424125,3428,2.1425,9.897899649941657,23080,0.5151785714285714,50,4.302442618288384
scene-0245,bcb05cffb5814973a6cff4fbdca2b99b,2e9f32951d604d81a2389b4cb1b9e5f4,aba1c04ff03a41d08308674f67569269,1534867218048401,True,34656,33928,0.3635973936899863,10920,0.013165509259259259,3.106959706959707,33908,0.42385,3416,2.135,9.926229508196721,19573,0.4368973214285714,50,4.306501738695261
scene-0245,bcb05cffb5814973a6cff4fbdca2b99b,94fc23aecd6c4b2a87a58774bd6625dd,b9e2555637e4418c91eaa6d67a18bc09,1534867218098167,False,34688,33942,0.3637474279835391,10962,0.013216145833333333,3.0963327859879586,33921,0.4240125,3422,2.13875,9.912624196376388,11446,0.2554910714285714,49,3.817256717255589
scene-0245,bcb05cffb5814973a6cff4fbdca2b99b,101ae3ceb9b44f7fb0197f40d7bdedce,b9e2555637e4418c91eaa6d67a18bc09,1534867218147926,False,34720,33969,0.36403677983539096,10905,0.01314742476851852,3.1149931224209078,33946,0.424325,3397,2.123125,9.992934942596408,23213,0.5181473214285715,49,3.829850163038861
scene-0245,bcb05cffb5814973a6cff4fbdca2b99b,2c5c7f021eeb4b1a88cf89ec843481f7,b9e2555637e4418c91eaa6d67a18bc09,1534867218198254,False,34688,33928,0.3635973936899863,10795,0.013014805169753086,3.1429365446966187,33911,0.4238875,3389,2.118125,10.006196518146947,23248,0.5189285714285714,49,3.8458216463381514
scene-0245,bcb05cffb5814973a6cff4fbdca2b99b,e4a6a2c569064974a6d6d1c8ebf71c1d,b9e2555637e4418c91eaa6d67a18bc09,1534867218248047,False,34720,33958,0.36391889574759945,10910,0.013153452932098766,3.112557286892759,33935,0.4241875,3418,2.13625,9.928320655354009,18431,0.41140625,49,3.8597137885279698
scene-0245,bcb05cffb5814973a6cff4fbdca2b99b,6fd0ba0dbcae44278dae1014036fd8ee,b9e2555637e4418c91eaa6d67a18bc09,1534867218298350,False,34720,33951,0.36384387860082307,10963,0.013217351466049384,3.0968712943537353,33926,0.424075,3413,2.133125,9.940228537943158,11228,0.250625,49,3.872050171837751
scene-0245,bcb05cffb5814973a6cff4fbdca2b99b,2d92017f8cc344309e5d1ac107ad0434,b9e2555637e4418c91eaa6d67a18bc09,1534867218348109,False,34720,33992,0.3642832647462277,10988,0.013247492283950618,3.093556607207863,33969,0.4246125,3458,2.16125,9.823308270676693,11273,0.2516294642857143,49,3.8830240340886952
scene-0245,bcb05cffb5814973a6cff4fbdca2b99b,d676c4c46d784a10948efd0568e5539c,b9e2555637e4418c91eaa6d67a18bc09,1534867218397881,False,34720,34004,0.36441186556927296,11032,0.01330054012345679,3.082306018854242,33978,0.424725,3468,2.1675,9.79757785467128,23168,0.5171428571428571,49,3.890892094499693
scene-0245,bcb05cffb5814973a6cff4fbdca2b99b,40ca218477ce44948df6766c00eb0398,b9e2555637e4418c91eaa6d67a18bc09,1534867218448249,False,34752,34047,0.3648726851851852,11058,0.013331886574074074,3.0789473684210527,34017,0.4252125,3480,2.175,9.775,23168,0.5171428571428571,49,3.900705755871558
scene-0245,bcb05cffb5814973a6cff4fbdca2b99b,ba26d0b02a5c47d7a38543c73547c2fd,b9e2555637e4418c91eaa6d67a18bc09,1534867218497997,False,34720,34027,0.36465835048010975,11048,0.013319830246913581,3.07992396813903,33999,0.4249875,3457,2.160625,9.834827885449812,20624,0.46035714285714285,49,3.903468456014788
scene-0245,bcb05cffb5814973a6cff4fbdca2b99b,5fb3c6ea0fe94672831f37e9b1482ebb,b9e2555637e4418c91eaa6d67a18bc09,1534867218548282,True,34752,34056,0.36496913580246915,11152,0.013445216049382716,3.0538020086083213,34036,0.42545,3485,2.178125,9.766427546628407,11304,0.2523214285714286,49,3.8937639353689364
scene-0245,bcb05cffb5814973a6cff4fbdca2b99b,929102821bcf49bba840424d7e6c5ad2,1d089afede2145b29aceadb0d3117d5a,1534867218598037,False,34720,34029,0.3646797839506173,11131,0.01341989776234568,3.05713772347498,34016,0.4252,3471,2.169375,9.80005762028234,23138,0.5164732142857142,51,3.798410996057663
scene-0245,bcb05cffb5814973a6cff4fbdca2b99b,8c62ac6ee7104845853ca4753d4e6d44,1d089afede2145b29aceadb0d3117d5a,1534867218648360,False,34752,34074,0.36516203703703703,11115,0.013400607638888888,3.065587044534413,34057,0.4257125,3481,2.175625,9.783682849755817,23124,0.5161607142857143,51,3.80180661344848
scene-0245,bcb05cffb5814973a6cff4fbdca2b99b,6ab45b39ee8b462bac6bc43fa5077f3e,1d089afede2145b29aceadb0d3117d5a,1534867218698131,False,34752,34068,0.3650977366255144,11121,0.013407841435185185,3.0633935797140546,34046,0.425575,3464,2.165,9.828521939953811,23140,0.5165178571428571,51,3.808959735070717
scene-0245,bcb05cffb5814973a6cff4fbdca2b99b,3a45dc5618cd4d2db2e5f611dbfd5e48,1d089afede2145b29aceadb0d3117d5a,1534867218748457,False,34752,34040,0.3647976680384088,11147,0.01343918788580247,3.0537364313268145,34011,0.4251375,3436,2.1475,9.898428405122235,23039,0.5142633928571428,51,3.8123959608140185
scene-0245,bcb05cffb5814973a6cff4fbdca2b99b,ef2dff8160e645fbbf609167fc802c95,1d089afede2145b29aceadb0d3117d5a,1534867218798211,False,34784,34054,0.3649477023319616,11046,0.013317418981481482,3.082925946043817,34023,0.4252875,3454,2.15875,9.85031847133758,16383,0.36569196428571427,51,3.8099407092812396
scene-0245,bcb05cffb5814973a6cff4fbdca2b99b,68faab47edd8461d9ef7032a6511cf9c,1d089afede2145b29aceadb0d3117d5a,1534867218848558,False,34720,34014,0.3645190329218107,10946,0.013196855709876543,3.107436506486388,33985,0.4248125,3484,2.1775,9.75459242250287,11793,0.2632366071428571,51,3.8072567163210578
scene-0245,bcb05cffb5814973a6cff4fbdca2b99b,a7ea7c54c4ad4881beba0608a9600ce0,1d089afede2145b29aceadb0d3117d5a,1534867218898323,False,34752,34041,0.36480838477366256,10919,0.01316430362654321,3.1175931861892114,34013,0.4251625,3487,2.179375,9.754229997132205,22965,0.5126116071428571,51,3.8072099332896983
scene-0245,bcb05cffb5814973a6cff4fbdca2b99b,f846b6780c8b43e2b6717a607df50019,1d089afede2145b29aceadb0d3117d5a,1534867218948622,False,34720,34006,0.3644332990397805,10886,0.01312451774691358,3.1238287708984016,33985,0.4248125,3456,2.16,9.833622685185185,22533,0.50296875,51,3.808050156025323
scene-0245,bcb05cffb5814973a6cff4fbdca2b99b,c922cdda7c1947ffa885b9c20ed43d73,1d089afede2145b29aceadb0d3117d5a,1534867218998399,False,34720,34058,0.3649905692729767,10875,0.013111255787037037,3.1317701149425288,34030,0.425375,3450,2.15625,9.86376811594203,11105,0.24787946428571428,51,3.812978389449914
scene-0245,bcb05cffb5814973a6cff4fbdca2b99b,02c81d87925147d8a7ac68303720c038,1d089afede2145b29aceadb0d3117d5a,1534867219048145,True,34720,34092,0.3653549382716049,10880,0.013117283950617283,3.133455882352941,34064,0.4258,3466,2.16625,9.82804385458742,11098,0.24772321428571428,51,3.8183786850012296
scene-0245,bcb05cffb5814973a6cff4fbdca2b99b,57c636384bce440597b9615eed146512,6a8cbfe2a1d64f62a92df4f6545e2a4c,1534867219098504,False,34720,34113,0.3655799897119342,10923,0.013169126157407408,3.123043120021972,34093,0.4261625,3465,2.165625,9.839249639249639,22940,0.5120535714285714,48,3.7650668963819647
scene-0245,bcb05cffb5814973a6cff4fbdca2b99b,32f381e9777a453db83b79b4ac22c831,6a8cbfe2a1d64f62a92df4f6545e2a4c,1534867219148238,False,34720,34098,0.3654192386831276,10787,0.013005160108024692,3.161027162325021,34076,0.42595,3458,2.16125,9.854251012145749,22871,0.5105133928571428,48,3.7652192302951337
scene-0245,bcb05cffb5814973a6cff4fbdca2b99b,80c2929dd0a74353b428290ef0740232,6a8cbfe2a1d64f62a92df4f6545e2a4c,1534867219198564,False,34688,34055,0.3649584190672154,10847,0.013077498070987655,3.139577763436895,34038,0.425475,3465,2.165625,9.823376623376623,13509,0.30154017857142856,48,3.76490503510855
scene-0245,bcb05cffb5814973a6cff4fbdca2b99b,a6368dc4189c485395947324380847f1,6a8cbfe2a1d64f62a92df4f6545e2a4c,1534867219248334,False,34688,34068,0.3650977366255144,10842,0.013071469907407407,3.142224681793027,34059,0.4257375,3475,2.171875,9.801151079136691,11004,0.245625,48,3.751455944514106
scene-0245,bcb05cffb5814973a6cff4fbdca2b99b,3dcd2362de844318982a5b0684bdec3f,6a8cbfe2a1d64f62a92df4f6545e2a4c,1534867219298097,False,34720,34106,0.36550497256515774,10860,0.013093171296296295,3.1405156537753225,34101,0.4262625,3473,2.170625,9.818888568960553,17676,0.39455357142857145,48,3.742023540123874
scene-0245,bcb05cffb5814973a6cff4fbdca2b99b,1c85c571e7b84e8b828e26fae7d63e23,6a8cbfe2a1d64f62a92df4f6545e2a4c,1534867219348407,False,34688,34072,0.3651406035665295,10866,0.013100405092592592,3.135652494018038,34067,0.4258375,3452,2.1575,9.868771726535341,22912,0.5114285714285715,48,3.736810013681603
scene-0245,bcb05cffb5814973a6cff4fbdca2b99b,f4656d5b781c4a80b557c924cc6d130f,6a8cbfe2a1d64f62a92df4f6545e2a4c,1534867219398198,False,34688,34075,0.3651727537722908,10944,0.013194444444444444,3.113578216374269,34069,0.4258625,3489,2.180625,9.76468902264259,11067,0.24703125,48,3.7360517832000633
scene-0245,bcb05cffb5814973a6cff4fbdca2b99b,55237f84ded545dba49692952dfd9d4c,6a8cbfe2a1d64f62a92df4f6545e2a4c,1534867219447967,False,34720,34121,0.3656657235939643,10986,0.013245081018518519,3.105862006189696,34113,0.4264125,3487,2.179375,9.782907943791225,11154,0.24897321428571428,48,3.7396561608441394
scene-0245,bcb05cffb5814973a6cff4fbdca2b99b,82eb3c161fc448eb9c90b53a0cd46630,6a8cbfe2a1d64f62a92df4f6545e2a4c,1534867219498273,False,34720,34102,0.36546210562414266,10896,0.013136574074074075,3.1297723935389135,34087,0.4260875,3467,2.166875,9.831843092010384,22570,0.5037946428571428,48,3.747584652063655
scene-0245,bcb05cffb5814973a6cff4fbdca2b99b,a0e666115e764cae9b9502f701cdc3ff,6a8cbfe2a1d64f62a92df4f6545e2a4c,1534867219548028,True,34720,34105,0.36549425582990397,10850,0.013081114969135802,3.1433179723502302,34085,0.4260625,3436,2.1475,9.919965075669383,22869,0.51046875,48,3.7594139101703097
scene-0245,bcb05cffb5814973a6cff4fbdca2b99b,769a6e2ffdaa47fab2e4ae28b8836c84,713cd7047465432898882cc92be04818,1534867219598344,False,34752,34136,0.3658264746227709,10847,0.013077498070987655,3.1470452659721584,34111,0.4263875,3463,2.164375,9.850129945134277,22857,0.5102008928571429,49,3.6253941697888767
scene-0245,bcb05cffb5814973a6cff4fbdca2b99b,169bafb652734edb8c02e19f40c37455,713cd7047465432898882cc92be04818,1534867219648165,False,34720,34102,0.36546210562414266,10973,0.013229407793209877,3.1078100792855192,34084,0.42605,3503,2.189375,9.729945760776477,22877,0.5106473214285714,49,3.6391861354988877
scene-0245,bcb05cffb5814973a6cff4fbdca2b99b,5a7610ee57764cadad131fffb852ebf2,713cd7047465432898882cc92be04818,1534867219698449,False,34752,34126,0.3657193072702332,11000,0.01326195987654321,3.1023636363636364,34109,0.4263625,3524,2.2025,9.67905788876277,22874,0.5105803571428571,49,3.653309829384502
scene-0245,bcb05cffb5814973a6cff4fbdca2b99b,ba7c526973cd41dd973b7b152858d73d,713cd7047465432898882cc92be04818,1534867219748206,False,34752,34145,0.3659229252400549,11080,0.01335841049382716,3.0816787003610107,34124,0.42655,3547,2.216875,9.620524386805752,22743,0.50765625,49,3.6513279849441767
scene-0245,bcb05cffb5814973a6cff4fbdca2b99b,6b8b4f73b288414d8e87cf98c6e5597c,713cd7047465432898882cc92be04818,1534867219798512,False,34752,34149,0.36596579218106995,11111,0.013395785108024692,3.073440734407344,34140,0.42675,3538,2.21125,9.64951950254381,21645,0.4831473214285714,49,3.6480694667509335
scene-0245,bcb05cffb5814973a6cff4fbdca2b99b,ffd18f0681ce4c87845135f0e7d743f7,713cd7047465432898882cc92be04818,1534867219848345,False,34752,34165,0.3661372599451303,11162,0.013457272376543209,3.0608313922236157,34163,0.4270375,3532,2.2075,9.67242355605889,22532,0.5029464285714286,49,3.6482508554563196
scene-0245,bcb05cffb5814973a6cff4fbdca2b99b,0e7c964fe3b44b568e21c701a94f0748,713cd7047465432898882cc92be04818,1534867219898621,False,34752,34160,0.36608367626886146,11192,0.013493441358024692,3.052180128663331,34157,0.4269625,3563,2.226875,9.586584339040135,22805,0.5090401785714286,49,3.6521295702867387
scene-0245,bcb05cffb5814973a6cff4fbdca2b99b,7ef84e23adca41119b0a9dd902392b13,713cd7047465432898882cc92be04818,1534867219948394,False,34720,34143,0.36590149176954734,11189,0.013489824459876544,3.0514791312896596,34139,0.4267375,3555,2.221875,9.60309423347398,22035,0.49185267857142856,49,3.6598318959748246
scene-0245,bcb05cffb5814973a6cff4fbdca2b99b,5f618fb28d6347448f61506c295d10be,713cd7047465432898882cc92be04818,1534867219998694,False,34752,34171,0.36620156035665297,11172,0.013469328703703704,3.0586287146437523,34166,0.427075,3574,2.23375,9.559597090095131,11214,0.2503125,49,3.6689308078541525
scene-0245,bcb05cffb5814973a6cff4fbdca2b99b,d1d2c136c8fe4751b5d1ccf832633d42,713cd7047465432898882cc92be04818,1534867220048591,True,34752,34170,0.3661908436213992,11180,0.013478973765432098,3.056350626118068,34167,0.4270875,3538,2.21125,9.657150932730357,11322,0.25272321428571426,49,3.681302294007651
scene-0245,bcb05cffb5814973a6cff4fbdca2b99b,b9439a14ac084f64be8a5559f7a8e990,d786d65d9be64885bac0e07d29e1bf88,1534867220098771,False,34752,34151,0.3659872256515775,11187,0.013487413194444445,3.0527397872530617,34146,0.426825,3556,2.2225,9.60236220472441,14477,0.32314732142857144,50,3.890934532704265
scene-0245,bcb05cffb5814973a6cff4fbdca2b99b,7c522ea2eee2446c99f1bfc35d6f3166,d786d65d9be64885bac0e07d29e1bf88,1534867220148550,False,34720,34145,0.3659229252400549,11144,0.01343557098765432,3.063980617372577,34141,0.4267625,3572,2.2325,9.557950727883538,14146,0.31575892857142857,50,3.9109104157662617
scene-0245,bcb05cffb5814973a6cff4fbdca2b99b,626552682bde4fef969900b07585c68d,d786d65d9be64885bac0e07d29e1bf88,1534867220198883,False,34752,34176,0.3662551440329218,11174,0.013471739969135803,3.0585287274028996,34173,0.4271625,3580,2.2375,9.545530726256983,10926,0.24388392857142857,50,3.926992310733263
scene-0245,bcb05cffb5814973a6cff4fbdca2b99b,6e8a36cf38684f37acba19bf4bd38d53,d786d65d9be64885bac0e07d29e1bf88,1534867220248646,False,34720,34163,0.36611582647462276,11060,0.013334297839506173,3.088878842676311,34161,0.4270125,3587,2.241875,9.523557290214663,10888,0.2430357142857143,50,3.9363125812561233
scene-0245,bcb05cffb5814973a6cff4fbdca2b99b,ba0ed76a168a44ef826b21e40a437bf9,d786d65d9be64885bac0e07d29e1bf88,1534867220298389,False,34720,34172,0.36621227709190673,11065,0.01334032600308642,3.088296430185269,34168,0.4271,3548,2.2175,9.63021420518602,11211,0.2502455357142857,50,3.9479954340028227
scene-0245,bcb05cffb5814973a6cff4fbdca2b99b,71837fbdd4dc49658f61a996456cfb47,d786d65d9be64885bac0e07d29e1bf88,1534867220348722,False,34720,34211,0.3666302297668038,10994,0.013254726080246913,3.1117882481353467,34210,0.427625,3549,2.218125,9.639335023950409,11199,0.24997767857142858,50,3.952511470784475
scene-0245,bcb05cffb5814973a6cff4fbdca2b99b,e167c716851247db9f86d321ef98f023,d786d65d9be64885bac0e07d29e1bf88,1534867220398491,False,34720,34198,0.3664909122085048,10916,0.013160686728395063,3.1328325393917185,34198,0.427475,3573,2.233125,9.571228659389869,10682,0.2384375,50,3.957142463235304
scene-0245,bcb05cffb5814973a6cff4fbdca2b99b,0ae5766cb6804282b674e54a1f9796a0,d786d65d9be64885bac0e07d29e1bf88,1534867220448824,False,34720,34218,0.36670524691358025,10903,0.01314501350308642,3.13840227460332,34218,0.427725,3600,2.25,9.505,10443,0.23310267857142858,50,3.9597883657039934
scene-0245,bcb05cffb5814973a6cff4fbdca2b99b,f2871f1712cc42a9b9f297416bb7fae2,d786d65d9be64885bac0e07d29e1bf88,1534867220498563,False,34720,34214,0.3666623799725652,10897,0.013137779706790123,3.139763237588327,34213,0.4276625,3544,2.215,9.653781038374717,10737,0.23966517857142858,50,3.9647118360852938
scene-0245,bcb05cffb5814973a6cff4fbdca2b99b,b1717f8f1ed84d09ac13cb372c38192d,d786d65d9be64885bac0e07d29e1bf88,1534867220548330,True,34688,34205,0.3665659293552812,10949,0.013200472608024691,3.1240295917435383,34203,0.4275375,3573,2.233125,9.572628043660789,22786,0.5086160714285715,50,3.9737948596557273
scene-0245,bcb05cffb5814973a6cff4fbdca2b99b,b74300af27a14f4bae798e2b8d71e93f,e41aae979c9f454f9b4e2f19ffc907e1,1534867220598649,False,34688,34184,0.366340877914952,10908,0.013151041666666667,3.1338467180051337,34181,0.4272625,3537,2.210625,9.663839411931015,22899,0.5111383928571429,49,3.724065399461532
scene-0245,bcb05cffb5814973a6cff4fbdca2b99b,269f5d28bd1d4301adc03d2f286b82e4,e41aae979c9f454f9b4e2f19ffc907e1,1534867220648417,False,34720,34203,0.36654449588477367,10954,0.013206500771604937,3.122421033412452,34202,0.427525,3586,2.24125,9.537646402677078,10504,0.2344642857142857,49,3.7301704416436565
scene-0245,bcb05cffb5814973a6cff4fbdca2b99b,1f1707d7dc4b4ef49c1ed761a0b6618a,e41aae979c9f454f9b4e2f19ffc907e1,1534867220698212,False,34688,34181,0.36630872770919065,10976,0.013233024691358024,3.114158163265306,34178,0.427225,3577,2.235625,9.55493430248812,10394,0.23200892857142857,49,3.73313632318686
scene-0245,bcb05cffb5814973a6cff4fbdca2b99b,9658e058f54946dabe47a771da396247,e41aae979c9f454f9b4e2f19ffc907e1,1534867220748500,False,34688,34178,0.36627657750342935,10928,0.013175154320987655,3.1275622254758417,34177,0.4272125,3566,2.22875,9.584127874369042,10428,0.23276785714285714,49,3.7369997861855477
scene-0245,bcb05cffb5814973a6cff4fbdca2b99b,15452943930e40b4ae9ac6685301fec9,e41aae979c9f454f9b4e2f19ffc907e1,1534867220798287,False,34688,34194,0.3664480452674897,10951,0.01320288387345679,3.1224545703588715,34192,0.4274,3612,2.2575,9.466223698781839,16363,0.3652455357142857,49,3.743223632286528
scene-0245,bcb05cffb5814973a6cff4fbdca2b99b,fd62470abffc400792279a7980829026,e41aae979c9f454f9b4e2f19ffc907e1,1534867220850283,False,34688,34215,0.36667309670781895,10925,0.013171537422839507,3.1318077803203663,34214,0.427675,3587,2.241875,9.538332868692502,22912,0.5114285714285715,49,3.7531621566269275
scene-0245,bcb05cffb5814973a6cff4fbdca2b99b,a6f2b557c214484dad374c915ed981fd,e41aae979c9f454f9b4e2f19ffc907e1,1534867220898371,False,34688,34225,0.36678026406035663,11000,0.01326195987654321,3.1113636363636363,34221,0.4277625,3565,2.228125,9.599158485273492,21490,0.4796875,49,3.760579337521494
scene-0245,bcb05cffb5814973a6cff4fbdca2b99b,135ee3351ff94df9adfe090ee5237df5,e41aae979c9f454f9b4e2f19ffc907e1,1534867220948125,False,34688,34237,0.3669088648834019,11016,0.01328125,3.1079339143064635,34235,0.4279375,3600,2.25,9.509722222222223,17679,0.39462053571428574,49,3.7581450188298215
scene-0245,bcb05cffb5814973a6cff4fbdca2b99b,d299ab5b358d4a23adad27119db22703,e41aae979c9f454f9b4e2f19ffc907e1,1534867220997886,False,34688,34263,0.3671875,10998,0.01325954861111111,3.1153846153846154,34261,0.4282625,3601,2.250625,9.51430158289364,21228,0.47383928571428574,49,3.7544790893714604
scene-0245,bcb05cffb5814973a6cff4fbdca2b99b,f39c120d0e6f4e2982bede8c1e24e77e,e41aae979c9f454f9b4e2f19ffc907e1,1534867221048256,False,34656,34252,0.3670696159122085,11003,0.013265576774691357,3.112969190220849,34251,0.4281375,3583,2.239375,9.559307842590009,18191,0.40604910714285714,49,3.7491056000374177
scene-0245,bcb05cffb5814973a6cff4fbdca2b99b,fc13ee24a19446c6be15ec2f206d7934,e41aae979c9f454f9b4e2f19ffc907e1,1534867221097982,False,34688,34282,0.36739111796982166,11026,0.013293306327160494,3.1091964447669147,34279,0.4284875,3607,2.254375,9.503465483781536,22973,0.5127901785714286,49,3.7405492996173026
scene-0245,bcb05cffb5814973a6cff4fbdca2b99b,bc54c80971804c41b47ab5b73d6f5326,e41aae979c9f454f9b4e2f19ffc907e1,1534867221147763,True,34688,34290,0.36747685185185186,11007,0.013270399305555555,3.115290269828291,34288,0.4286,3613,2.258125,9.490174370329367,22956,0.5124107142857143,49,3.7296788931786464
scene-0245,bcb05cffb5814973a6cff4fbdca2b99b,3b936c4ecac845d0ad11e7954eb084b0,81363cd0a9944f9cb2b8fcc520e30c5c,1534867221198056,False,34688,34295,0.3675304355281207,11070,0.013346354166666666,3.098012646793135,34293,0.4286625,3644,2.2775,9.410812294182218,22747,0.5077455357142857,51,3.7495937787568847
scene-0245,bcb05cffb5814973a6cff4fbdca2b99b,2f8840dec9994d3aafcb7f9cd01d6fab,81363cd0a9944f9cb2b8fcc520e30c5c,1534867221247844,False,34688,34282,0.36739111796982166,11116,0.013401813271604938,3.0840230298668585,34280,0.4285,3645,2.278125,9.404663923182442,21203,0.47328125,51,3.7415685537791536
scene-0245,bcb05cffb5814973a6cff4fbdca2b99b,ace7043ab912408ca0345ceda66708a9,81363cd0a9944f9cb2b8fcc520e30c5c,1534867221297631,False,34720,34315,0.3677447702331962,11127,0.013415075231481482,3.083939965848836,34313,0.4289125,3651,2.281875,9.398247055601205,22885,0.5108258928571429,51,3.7358971983829234
scene-0245,bcb05cffb5814973a6cff4fbdca2b99b,e27576daad8f4fc08b480b3989cb6ea8,81363cd0a9944f9cb2b8fcc520e30c5c,1534867221347945,False,34688,34272,0.36728395061728397,11172,0.013469328703703704,3.0676691729323307,34271,0.4283875,3603,2.251875,9.511795725784069,22922,0.5116517857142857,51,3.73157252033616
scene-0245,bcb05cffb5814973a6cff4fbdca2b99b,56a8e8919ec648749fbcca8c9a3af96a,81363cd0a9944f9cb2b8fcc520e30c5c,1534867221397680,False,34720,34325,0.36785193758573387,11188,0.013488618827160494,3.068019306399714,34323,0.4290375,3607,2.254375,9.515663986692543,22933,0.5118973214285715,51,3.7301911638944314
scene-0245,bcb05cffb5814973a6cff4fbdca2b99b,ea4f64260c6f484a8d4bf7f9b8eca2a1,81363cd0a9944f9cb2b8fcc520e30c5c,1534867221447999,False,34720,34326,0.36786265432098764,11195,0.01349705825617284,3.066190263510496,34323,0.4290375,3598,2.24875,9.53946637020567,22971,0.5127455357142857,51,3.7313220883139984
scene-0245,bcb05cffb5814973a6cff4fbdca2b99b,bad57b5269774563819301513226bb3b,81363cd0a9944f9cb2b8fcc520e30c5c,1534867221497783,False,34752,34351,0.36813057270233196,11206,0.013510320216049383,3.0654113867570945,34350,0.429375,3589,2.243125,9.57091111730287,11087,0.24747767857142858,51,3.7329260982982673
scene-0245,bcb05cffb5814973a6cff4fbdca2b99b,06cc2aab02da4706bac4c98876652612,81363cd0a9944f9cb2b8fcc520e30c5c,1534867221548087,False,34720,34348,0.36809842249657065,11257,0.013571807484567901,3.0512569956471527,34346,0.429325,3585,2.240625,9.580474198047419,12329,0.27520089285714283,51,3.727298674955419
scene-0245,bcb05cffb5814973a6cff4fbdca2b99b,b01c1b6d44274e69a4ca3c2c7e0e7940,81363cd0a9944f9cb2b8fcc520e30c5c,1534867221597849,False,34720,34374,0.36837705761316875,11101,0.013383728780864197,3.096477794793262,34371,0.4296375,3555,2.221875,9.668354430379747,23081,0.5152008928571429,51,3.722588958181099
scene-0245,bcb05cffb5814973a6cff4fbdca2b99b,9abb8289972a473d865362185a89cb7b,81363cd0a9944f9cb2b8fcc520e30c5c,1534867221647740,True,34720,34362,0.36824845679012347,11134,0.013423514660493827,3.0862223818933,34360,0.4295,3558,2.22375,9.657110736368747,23082,0.5152232142857143,51,3.720952431536493
scene-0245,bcb05cffb5814973a6cff4fbdca2b99b,20bae208cde04dd2bc01bcc6149d8567,54597422b3ee47839d28110622c7c6b0,1534867221697955,False,34752,34431,0.36898791152263377,11160,0.013454861111111112,3.085215053763441,34428,0.43035,3533,2.208125,9.744692895556184,10913,0.24359375,52,3.661871060535696
scene-0245,bcb05cffb5814973a6cff4fbdca2b99b,30e36d6618bc4b0fb729253bf769216f,54597422b3ee47839d28110622c7c6b0,1534867221747702,False,34720,34397,0.3686235425240055,11067,0.013342737268518519,3.108069034065239,34393,0.4299125,3610,2.25625,9.527146814404432,10919,0.24372767857142857,52,3.652250347827713
scene-0245,bcb05cffb5814973a6cff4fbdca2b99b,6006ede5ad334ab6a8f3c68cd9903433,54597422b3ee47839d28110622c7c6b0,1534867221798112,False,34752,34457,0.3692665466392318,11058,0.013331886574074074,3.1160245975764154,34455,0.4306875,3582,2.23875,9.61892797319933,12075,0.26953125,52,3.64247854998222
scene-0245,bcb05cffb5814973a6cff4fbdca2b99b,d49a6b1bb8434ae185916f3b348bfec0,54597422b3ee47839d28110622c7c6b0,1534867221847791,False,34720,34429,0.3689664780521262,11148,0.013440393518518518,3.088356655902404,34428,0.43035,3589,2.243125,9.592644190582336,22176,0.495,52,3.634595741689087
scene-0245,bcb05cffb5814973a6cff4fbdca2b99b,676afe5e712044509961f1bd5f6f181a,54597422b3ee47839d28110622c7c6b0,1534867221898111,False,34752,34468,0.3693844307270233,11207,0.013511525848765433,3.075577763897564,34465,0.4308125,3565,2.228125,9.667601683029453,14669,0.3274330357142857,52,3.6276837625704696
scene-0245,bcb05cffb5814973a6cff4fbdca2b99b,f730e25c665b4bfbb5ea56a65dd33cd9,54597422b3ee47839d28110622c7c6b0,1534867221947874,False,34752,34472,0.3694272976680384,11204,0.013507908950617284,3.076758300606926,34471,0.4308875,3589,2.243125,9.604625243800502,10943,0.24426339285714285,52,3.6232100914763095
scene-0245,bcb05cffb5814973a6cff4fbdca2b99b,14be26e725d746e58b4cb1d6be7c685a,54597422b3ee47839d28110622c7c6b0,1534867221998194,False,34752,34444,0.36912722908093276,11210,0.01351514274691358,3.072613737734166,34443,0.4305375,3594,2.24625,9.58347245409015,22997,0.5133258928571428,52,3.6192234875930094
scene-0245,bcb05cffb5814973a6cff4fbdca2b99b,ebf71cd513bc41e0b61e0bb542a350da,54597422b3ee47839d28110622c7c6b0,1534867222047954,False,34752,34434,0.3690200617283951,11152,0.013445216049382716,3.087697274031564,34434,0.430425,3550,2.21875,9.699718309859154,22833,0.5096651785714286,52,3.6109388698303064
scene-0245,bcb05cffb5814973a6cff4fbdca2b99b,847e49fab724433a8808b335a440e662,54597422b3ee47839d28110622c7c6b0,1534867222098287,False,34752,34453,0.36922367969821673,11118,0.013404224537037037,3.0988487137974454,34450,0.430625,3588,2.2425,9.601449275362318,11361,0.25359375,52,3.5933911737954287
scene-0245,bcb05cffb5814973a6cff4fbdca2b99b,9ba8e4e6fdee4758ac8a845aad085119,54597422b3ee47839d28110622c7c6b0,1534867222148049,True,34752,34459,0.36928798010973934,11121,0.013407841435185185,3.0985522884632677,34454,0.430675,3555,2.221875,9.69170182841069,22820,0.509375,52,3.576538145814094
scene-0245,bcb05cffb5814973a6cff4fbdca2b99b,f6cd6f589d674eaf913f158e6874e8f4,59b244b7e0604f02b966c34780bf2ee0,1534867222198374,False,34784,34500,0.369727366255144,11053,0.013325858410493828,3.121324527277662,34496,0.4312,3534,2.20875,9.76117713638936,23131,0.5163169642857143,51,3.188574868392127
scene-0245,bcb05cffb5814973a6cff4fbdca2b99b,3e23f8ebe4594b66a25c96c9053150d8,59b244b7e0604f02b966c34780bf2ee0,1534867222248152,False,34752,34496,0.36968449931412894,10971,0.013226996527777778,3.1442894904748884,34490,0.431125,3557,2.223125,9.696373348327242,23136,0.5164285714285715,51,3.1729041772602766
scene-0245,bcb05cffb5814973a6cff4fbdca2b99b,ed4827eea7664e258b06b493f4425281,59b244b7e0604f02b966c34780bf2ee0,1534867222298449,False,34784,34543,0.37018818587105623,11016,0.01328125,3.135711692084241,34539,0.4317375,3546,2.21625,9.740270727580372,14792,0.33017857142857143,51,3.161309774821052
scene-0245,bcb05cffb5814973a6cff4fbdca2b99b,6d91c0e688084ad0914d2f1e5fa40455,59b244b7e0604f02b966c34780bf2ee0,1534867222348217,False,34752,34534,0.3700917352537723,11007,0.013270399305555555,3.137457981284637,34526,0.431575,3610,2.25625,9.56398891966759,10802,0.24111607142857142,51,3.15422131997783
scene-0245,bcb05cffb5814973a6cff4fbdca2b99b,b8501eadd8f243a8a90308428d872183,59b244b7e0604f02b966c34780bf2ee0,1534867222398553,False,34752,34563,0.3704025205761317,10987,0.013246286651234567,3.145808682988987,34556,0.43195,3569,2.230625,9.682263939478846,10812,0.2413392857142857,51,3.151558882123136
scene-0245,bcb05cffb5814973a6cff4fbdca2b99b,cfb53d51d73b45999dccec93eddbf665,59b244b7e0604f02b966c34780bf2ee0,1534867222448325,False,34752,34599,0.3707883230452675,10944,0.013194444444444444,3.1614583333333335,34594,0.432425,3587,2.241875,9.644270978533594,10794,0.2409375,51,3.1533230245400605
scene-0245,bcb05cffb5814973a6cff4fbdca2b99b,a37266be2dfb455daee355d2692f3056,59b244b7e0604f02b966c34780bf2ee0,1534867222498653,False,34752,34592,0.3707133058984911,10959,0.013212528935185186,3.156492380691669,34587,0.4323375,3546,2.21625,9.753807106598984,10920,0.24375,51,3.1590027735465833
scene-0245,bcb05cffb5814973a6cff4fbdca2b99b,1e5d89b77639429ab0e739cfe0ec4a61,59b244b7e0604f02b966c34780bf2ee0,1534867222548389,False,34784,34602,0.3708204732510288,11043,0.013313802083333333,3.1333876663950013,34598,0.432475,3556,2.2225,9.729471316085489,10899,0.24328125,51,3.1684108665757478
scene-0245,bcb05cffb5814973a6cff4fbdca2b99b,f5729a3a12114410b1547d98944617d3,59b244b7e0604f02b966c34780bf2ee0,1534867222598724,False,34752,34555,0.3703167866941015,11203,0.013506703317901235,3.084441667410515,34552,0.4319,3583,2.239375,9.643315657270444,11082,0.24736607142857142,51,3.1785992304022708
scene-0245,bcb05cffb5814973a6cff4fbdca2b99b,0d877245959f46dc8cc5d9381716eb52,59b244b7e0604f02b966c34780bf2ee0,1534867222648469,True,34752,34553,0.37029535322359397,11194,0.01349585262345679,3.086742897981061,34551,0.4318875,3547,2.216875,9.740907809416408,18753,0.41859375,51,3.1852364524405394
scene-0245,bcb05cffb5814973a6cff4fbdca2b99b,21c527c13d56424d9eecc9423136c819,3e16a97397f84c938747ce4147ae9918,1534867222698797,False,34784,34565,0.37042395404663925,11086,0.013365644290123456,3.1178964459678875,34564,0.43205,3560,2.225,9.708988764044944,10995,0.24542410714285715,47,4.032404546769656
scene-0245,bcb05cffb5814973a6cff4fbdca2b99b,70ec0da779a14358831ad654b09588c2,3e16a97397f84c938747ce4147ae9918,1534867222749158,False,34752,34534,0.3700917352537723,11110,0.013394579475308642,3.1083708370837084,34532,0.43165,3525,2.203125,9.79631205673759,11033,0.24627232142857142,47,4.020591979239918
scene-0245,bcb05cffb5814973a6cff4fbdca2b99b,1f64360133e344e28f0ab4c8e1951155,3e16a97397f84c938747ce4147ae9918,1534867222798875,False,34752,34535,0.3701024519890261,11145,0.01343677662037037,3.098698968147151,34534,0.431675,3554,2.22125,9.71693866066404,13227,0.2952455357142857,47,4.0106122495361465
scene-0245,bcb05cffb5814973a6cff4fbdca2b99b,f61a145f2b01449fb2bb39ae488c348a,3e16a97397f84c938747ce4147ae9918,1534867222849221,False,34752,34547,0.3702310528120713,11086,0.013365644290123456,3.1162727764748333,34545,0.4318125,3569,2.230625,9.679181843653685,11593,0.25877232142857143,47,4.004773238594928
scene-0245,bcb05cffb5814973a6cff4fbdca2b99b,b57cebf8a3e14949b209255545b3aabd,3e16a97397f84c938747ce4147ae9918,1534867222898958,False,34752,34571,0.37048825445816186,11112,0.01339699074074074,3.111141108711303,34567,0.4320875,3573,2.233125,9.674503218583823,11877,0.26511160714285714,47,4.003417354711965
scene-0245,bcb05cffb5814973a6cff4fbdca2b99b,a9b90b2d10504f31b34eec31e2a5cca4,3e16a97397f84c938747ce4147ae9918,1534867222949289,False,34752,34567,0.3704453875171468,11059,0.013333092206790123,3.125689483678452,34564,0.43205,3547,2.216875,9.744572878488864,21513,0.48020089285714285,47,4.006579821349602
scene-0245,bcb05cffb5814973a6cff4fbdca2b99b,4e429709a2cd4722b6cc7fcb7e70ea7e,3e16a97397f84c938747ce4147ae9918,1534867222999055,False,34752,34590,0.3706918724279835,11009,0.013272810570987654,3.1419747479335087,34585,0.4323125,3508,2.1925,9.858893956670467,23266,0.5193303571428571,47,4.014117618030969
scene-0245,bcb05cffb5814973a6cff4fbdca2b99b,d1329c30c76b44b2af5e822166388a2a,3e16a97397f84c938747ce4147ae9918,1534867223049372,False,34752,34581,0.3705954218106996,11030,0.01329812885802469,3.1351767905711694,34577,0.4322125,3533,2.208125,9.78686668553637,23352,0.52125,47,4.025989124469596
scene-0245,bcb05cffb5814973a6cff4fbdca2b99b,402c1c2e499c4f5882db61d7efe1f3eb,3e16a97397f84c938747ce4147ae9918,1534867223099182,False,34752,34552,0.3702846364883402,10959,0.013212528935185186,3.1528424126288894,34546,0.431825,3534,2.20875,9.775325410299944,23302,0.5201339285714286,47,4.040605636305001
scene-0245,bcb05cffb5814973a6cff4fbdca2b99b,e3274d47b401471792e34e9157f08dd6,3e16a97397f84c938747ce4147ae9918,1534867223149467,True,34752,34543,0.37018818587105623,10982,0.013240258487654321,3.145419777818248,34539,0.4317375,3532,2.2075,9.778878822197056,23350,0.5212053571428571,47,4.050364260093076
scene-0245,bcb05cffb5814973a6cff4fbdca2b99b,4a75bf98062d44bc9406fea5234bf3c2,7e0193fc70d94b568178aa7ab749c7e5,1534867223199231,False,34720,34505,0.3697809499314129,10880,0.013117283950617283,3.1714154411764706,34500,0.43125,3473,2.170625,9.933774834437086,23348,0.5211607142857143,48,4.417455751154974
scene-0245,bcb05cffb5814973a6cff4fbdca2b99b,c676bc8ef0364d4cb8ac867b1ccb2bd8,7e0193fc70d94b568178aa7ab749c7e5,1534867223248988,False,34752,34526,0.3700060013717421,10947,0.013198061342592592,3.153923449346853,34521,0.4315125,3478,2.17375,9.925531914893616,23290,0.5198660714285714,48,4.403956402899854
scene-0245,bcb05cffb5814973a6cff4fbdca2b99b,1cd1411acedd437a868b4fe4dcb77e4a,7e0193fc70d94b568178aa7ab749c7e5,1534867223299325,False,34720,34474,0.3694487311385459,11037,0.013306568287037038,3.1234937029990033,34468,0.43085,3516,2.1975,9.803185437997724,23242,0.5187946428571428,48,4.393832066820445
scene-0245,bcb05cffb5814973a6cff4fbdca2b99b,4512d5493e49466481653ec51be629bc,7e0193fc70d94b568178aa7ab749c7e5,1534867223349082,False,34720,34457,0.3692665466392318,10862,0.013095582561728394,3.1722518873135703,34449,0.4306125,3484,2.1775,9.887772675086108,23241,0.5187723214285714,48,4.385081585005781
scene-0245,bcb05cffb5814973a6cff4fbdca2b99b,23660ef19428449e958201365362ed69,7e0193fc70d94b568178aa7ab749c7e5,1534867223399405,False,34720,34476,0.3694701646090535,10832,0.013059413580246914,3.182791728212703,34466,0.430825,3474,2.17125,9.921128382268279,23233,0.51859375,48,4.379541859254378
scene-0245,bcb05cffb5814973a6cff4fbdca2b99b,498832d8d318437584ffd9e32e870e4c,7e0193fc70d94b568178aa7ab749c7e5,1534867223449155,False,34720,34456,0.36925582990397804,10782,0.012999131944444445,3.1956965312557966,34445,0.4305625,3454,2.15875,9.972495657209032,23146,0.5166517857142857,48,4.378438663917745
scene-0245,bcb05cffb5814973a6cff4fbdca2b99b,5a3a623f1b06424d9778c89b8ffbae26,7e0193fc70d94b568178aa7ab749c7e5,1534867223498925,False,34688,34404,0.3686985596707819,10802,0.013023244598765433,3.1849657470838735,34394,0.429925,3455,2.159375,9.954848046309696,23092,0.5154464285714285,48,4.381825133014772
scene-0245,bcb05cffb5814973a6cff4fbdca2b99b,ee23751d12a9498faf7f0a415a2c4d67,7e0193fc70d94b568178aa7ab749c7e5,1534867223549243,False,34720,34467,0.36937371399176955,10822,0.013047357253086419,3.18490112733321,34457,0.4307125,3464,2.165,9.947170900692841,23055,0.5146205357142857,48,4.3895351733540275
scene-0245,bcb05cffb5814973a6cff4fbdca2b99b,8f53b204266946edb7a93ce1676d5b8e,7e0193fc70d94b568178aa7ab749c7e5,1534867223599018,False,34720,34457,0.3692665466392318,10787,0.013005160108024692,3.1943079632891442,34444,0.43055,3468,2.1675,9.931949250288351,16155,0.3606026785714286,48,4.393280984741227
scene-0245,bcb05cffb5814973a6cff4fbdca2b99b,8f828fda019a48428ebf103782dbdd8f,7e0193fc70d94b568178aa7ab749c7e5,1534867223649352,True,34688,34453,0.36922367969821673,10804,0.01302565586419753,3.18891151425398,34443,0.4305375,3469,2.168125,9.928797924473912,11070,0.2470982142857143,48,4.397541215927884
scene-0245,bcb05cffb5814973a6cff4fbdca2b99b,52705edcd5e04b4eb23eaa509748bf96,06657880f5ca47cb8a674a265be05581,1534867223699144,False,34720,34475,0.36945944787379975,10828,0.013054591049382716,3.183875138529738,34464,0.4308,3428,2.1425,10.0536756126021,23057,0.5146651785714286,49,4.175084049272236
scene-0245,bcb05cffb5814973a6cff4fbdca2b99b,5107abf672e54ad9967796190650d72d,06657880f5ca47cb8a674a265be05581,1534867223748869,False,34688,34442,0.3691057956104252,10765,0.012978636188271605,3.199442638179285,34435,0.4304375,3425,2.140625,10.054014598540146,23061,0.5147544642857143,49,4.180883663661508
scene-0245,bcb05cffb5814973a6cff4fbdca2b99b,5ce068f8462b4a15a330b873964ae54d,06657880f5ca47cb8a674a265be05581,1534867223799187,False,34688,34421,0.36888074417009603,10837,0.01306544174382716,3.1762480391252192,34415,0.4301875,3468,2.1675,9.923587081891581,10746,0.23986607142857144,49,4.1802041083336645
scene-0245,bcb05cffb5814973a6cff4fbdca2b99b,77b4d47f61e342f1a078b49e1731b37b,06657880f5ca47cb8a674a265be05581,1534867223848968,False,34720,34426,0.3689343278463649,10871,0.013106433256172839,3.1667739858338697,34423,0.4302875,3446,2.15375,9.989262913522925,10708,0.23901785714285714,49,4.1778659319654485
scene-0245,bcb05cffb5814973a6cff4fbdca2b99b,5164b39c10b345cb924d26b662fe4e5a,06657880f5ca47cb8a674a265be05581,1534867223899284,False,34720,34450,0.36919152949245543,10868,0.013102816358024691,3.1698564593301435,34448,0.4306,3416,2.135,10.08430913348946,10770,0.24040178571428572,49,4.173240337721974
scene-0245,bcb05cffb5814973a6cff4fbdca2b99b,0b282396bcec454b979c00268d70bfa5,06657880f5ca47cb8a674a265be05581,1534867223949037,False,34720,34428,0.3689557613168724,10817,0.013041329089506172,3.1827678653970604,34427,0.4303375,3444,2.1525,9.996225319396052,10832,0.2417857142857143,49,4.171230740210093
scene-0245,bcb05cffb5814973a6cff4fbdca2b99b,4ef168e696b94a22abd7966aab11ac9b,06657880f5ca47cb8a674a265be05581,1534867223998801,False,34720,34424,0.36891289437585734,10902,0.01314380787037037,3.157585764079985,34424,0.4303,3497,2.185625,9.843866171003718,11110,0.24799107142857144,49,4.17286273796702
scene-0245,bcb05cffb5814973a6cff4fbdca2b99b,b870419d720b47e99f5158f593a4984b,06657880f5ca47cb8a674a265be05581,1534867224049120,False,34688,34392,0.36856995884773663,10967,0.01322217399691358,3.1359533144889213,34392,0.4299,3479,2.174375,9.885599310146594,10978,0.24504464285714286,49,4.178352937298254
scene-0245,bcb05cffb5814973a6cff4fbdca2b99b,eca265ac26da4180a0c2c4048ee79cd1,06657880f5ca47cb8a674a265be05581,1534867224098945,False,34720,34396,0.3686128257887517,10970,0.013225790895061729,3.1354603463992707,34395,0.4299375,3483,2.176875,9.87510766580534,10998,0.24549107142857143,49,4.187222905179247
scene-0245,bcb05cffb5814973a6cff4fbdca2b99b,ac4a542f3eca4cf3aaecf724e294fa85,06657880f5ca47cb8a674a265be05581,1534867224149212,False,34720,34399,0.368644975994513,11031,0.013299334490740741,3.1183936179856766,34397,0.4299625,3507,2.191875,9.808098089535216,18231,0.4069419642857143,49,4.189927108124775
scene-0245,bcb05cffb5814973a6cff4fbdca2b99b,17a22356016d4632be391e2efce2307c,06657880f5ca47cb8a674a265be05581,1534867224198975,True,34720,34406,0.36871999314128945,11008,0.013271604938271606,3.1255450581395348,34406,0.430075,3497,2.185625,9.838718901915929,23245,0.5188616071428571,49,4.196199894207122
scene-0245,bcb05cffb5814973a6cff4fbdca2b99b,8ce121ad52eb4fc69ccf55c17f39ac57,cfbcd4641deb41738947a420b0ed487c,1534867224248761,False,34720,34380,0.36844135802469136,10952,0.01320408950617284,3.1391526661796934,34380,0.42975,3395,2.121875,10.126656848306332,23311,0.5203348214285715,47,4.772909569427511
scene-0245,bcb05cffb5814973a6cff4fbdca2b99b,31a10d2192fc43368e924d87e0b30984,cfbcd4641deb41738947a420b0ed487c,1534867224299107,False,34720,34365,0.3682806069958848,11156,0.013450038580246914,3.080405163140911,34362,0.429525,3493,2.183125,9.83738906384197,23146,0.5166517857142857,47,4.7757644773558985
scene-0245,bcb05cffb5814973a6cff4fbdca2b99b,4ae11d0de7394505b497cf0c685fdb36,cfbcd4641deb41738947a420b0ed487c,1534867224348830,False,34720,34346,0.3680769890260631,11156,0.013450038580246914,3.0787020437432773,34340,0.42925,3448,2.155,9.959396751740138,23160,0.5169642857142858,47,4.773118609662294
scene-0245,bcb05cffb5814973a6cff4fbdca2b99b,47d55bade80e4a17886f63926ba0826e,cfbcd4641deb41738947a420b0ed487c,1534867224399146,False,34720,34349,0.3681091392318244,11177,0.01347535686728395,3.073186006978617,34346,0.429325,3475,2.171875,9.883741007194244,23175,0.5172991071428571,47,4.771151258379051
scene-0245,bcb05cffb5814973a6cff4fbdca2b99b,caf7e6d61bf543eeb07c4dd2484c799b,cfbcd4641deb41738947a420b0ed487c,1534867224448917,False,34752,34401,0.36866640946502055,11240,0.013551311728395061,3.0605871886120997,34395,0.4299375,3509,2.193125,9.801937874038188,23219,0.51828125,47,4.7671005571470175
scene-0245,bcb05cffb5814973a6cff4fbdca2b99b,862310bb0c6745b2a00ff4164a937f66,cfbcd4641deb41738947a420b0ed487c,1534867224499253,False,34720,34362,0.36824845679012347,11240,0.013551311728395061,3.05711743772242,34359,0.4294875,3485,2.178125,9.859110473457676,23176,0.5173214285714286,47,4.765982972469371
scene-0245,bcb05cffb5814973a6cff4fbdca2b99b,3d32cb7896134031b27ded77c7e5f485,cfbcd4641deb41738947a420b0ed487c,1534867224550762,False,34720,34360,0.36822702331961593,11208,0.013512731481481481,3.065667380442541,34356,0.42945,3489,2.180625,9.8469475494411,23140,0.5165178571428571,47,4.767723557768081
scene-0245,bcb05cffb5814973a6cff4fbdca2b99b,799c314ba46343e6806e972e14321ff0,cfbcd4641deb41738947a420b0ed487c,1534867224598760,False,34688,34325,0.36785193758573387,11243,0.01355492862654321,3.053010762252068,34323,0.4290375,3554,2.22125,9.65756893640968,22981,0.51296875,47,4.773271325507368
scene-0245,bcb05cffb5814973a6cff4fbdca2b99b,b004687ec23c48c3b529287d44a92f20,cfbcd4641deb41738947a420b0ed487c,1534867224649084,False,34720,34320,0.367798353909465,11220,0.013527199074074073,3.0588235294117645,34316,0.42895,3518,2.19875,9.754405912450256,22880,0.5107142857142857,47,4.783122356747702
scene-0245,bcb05cffb5814973a6cff4fbdca2b99b,ab7cfbc10f204151b0b286ef76b3d3b4,cfbcd4641deb41738947a420b0ed487c,1534867224698844,True,34688,34296,0.36754115226337447,11232,0.013541666666666667,3.0534188034188032,34293,0.4286625,3491,2.181875,9.823259810942423,19609,0.43770089285714286,47,4.791093617625858
scene-0245,bcb05cffb5814973a6cff4fbdca2b99b,688093c7678b4c26bdb2cd02cab466c6,6a31c639066b4417b6b3e0a5756c9067,1534867224748620,False,34720,34321,0.3678090706447188,11218,0.013524787808641974,3.059458013906222,34317,0.4289625,3510,2.19375,9.776923076923078,11309,0.2524330357142857,45,5.143764245387671
scene-0245,bcb05cffb5814973a6cff4fbdca2b99b,e1c31cd0a7da4842b03cc45f53a12bd3,6a31c639066b4417b6b3e0a5756c9067,1534867224798935,False,34720,34339,0.3680019718792867,11222,0.013529610339506172,3.059971484583853,34332,0.42915,3464,2.165,9.91108545034642,11529,0.25734375,45,5.155256848255738
scene-0245,bcb05cffb5814973a6cff4fbdca2b99b,bd7b092135dd4b7288aadd4e4c1b9524,6a31c639066b4417b6b3e0a5756c9067,1534867224848714,False,34720,34324,0.3678412208504801,11090,0.013370466820987654,3.0950405770964835,34319,0.4289875,3436,2.1475,9.988067520372526,20773,0.4636830357142857,45,5.17020143118558
scene-0245,bcb05cffb5814973a6cff4fbdca2b99b,9bdf25024dee47b38cbafe6e8586c93d,6a31c639066b4417b6b3e0a5756c9067,1534867224899051,False,34720,34280,0.3673696844993141,11103,0.013386140046296296,3.087453841304152,34271,0.4283875,3452,2.1575,9.927867902665122,20458,0.4566517857142857,45,5.188709015376243
scene-0245,bcb05cffb5814973a6cff4fbdca2b99b,af728c97fd2c4d10a9df124424191f06,6a31c639066b4417b6b3e0a5756c9067,1534867224948801,False,34688,34254,0.36709104938271603,11098,0.01338011188271605,3.0865020724454855,34247,0.4280875,3439,2.149375,9.958418144809537,12975,0.2896205357142857,45,5.205130783602804
scene-0245,bcb05cffb5814973a6cff4fbdca2b99b,213b9dfa18be4d66a8cef6f98ed0f981,6a31c639066b4417b6b3e0a5756c9067,1534867224998563,False,34720,34253,0.36708033264746226,11101,0.013383728780864197,3.085577875867039,34244,0.42805,3454,2.15875,9.914302258251302,13881,0.30984375,45,5.2099401168880375
scene-0245,bcb05cffb5814973a6cff4fbdca2b99b,9fe382002e4b49af8e39ecb7df27e297,6a31c639066b4417b6b3e0a5756c9067,1534867225048872,False,34688,34207,0.36658736282578874,11084,0.013363233024691359,3.086160230963551,34201,0.4275125,3434,2.14625,9.959522422830519,11334,0.2529910714285714,45,5.215470872643241
scene-0245,bcb05cffb5814973a6cff4fbdca2b99b,d39a0f15443949ab8c516a7b7ffa386d,6a31c639066b4417b6b3e0a5756c9067,1534867225098644,False,34688,34181,0.36630872770919065,11099,0.013381317515432098,3.079646815028381,34171,0.4271375,3431,2.144375,9.959487030020401,12779,0.28524553571428574,45,5.224498613489347
scene-0245,bcb05cffb5814973a6cff4fbdca2b99b,168c33a93f5d46a396c12370fe48a1b8,6a31c639066b4417b6b3e0a5756c9067,1534867225148416,False,34688,34151,0.3659872256515775,11025,0.013292100694444444,3.0975963718820863,34146,0.426825,3432,2.145,9.9493006993007,21493,0.4797544642857143,45,5.2330039265342805
scene-0245,bcb05cffb5814973a6cff4fbdca2b99b,3c11e2df0e2c4772916818447ad960f2,6a31c639066b4417b6b3e0a5756c9067,1534867225198736,True,34720,34156,0.3660408093278464,10958,0.013211323302469135,3.1169921518525276,34153,0.4269125,3445,2.153125,9.91378809869376,11656,0.2601785714285714,45,5.2309025826246085
scene-0245,bcb05cffb5814973a6cff4fbdca2b99b,1c07c0f06cc24971a9a5ddd414ca9831,7745156b7d554bbba29f509ea981a332,1534867225248494,False,34720,34138,0.36584790809327844,10977,0.013234230324074074,3.109957183201239,34134,0.426675,3492,2.1825,9.77491408934708,14930,0.3332589285714286,52,4.401483796772146
scene-0245,bcb05cffb5814973a6cff4fbdca2b99b,aedb9a98a4d345a48a6adef065054014,7745156b7d554bbba29f509ea981a332,1534867225298826,False,34720,34131,0.36577289094650206,10973,0.013229407793209877,3.1104529299188917,34128,0.4266,3463,2.164375,9.855038983540283,15680,0.35,52,4.401832974147083
scene-0245,bcb05cffb5814973a6cff4fbdca2b99b,ead47b43b1ab447181e156df81a533b3,7745156b7d554bbba29f509ea981a332,1534867225348599,False,34720,34127,0.365730024005487,10928,0.013175154320987655,3.1228953147877014,34124,0.42655,3442,2.15125,9.914003486345148,14902,0.3326339285714286,52,4.403620610139137
scene-0245,bcb05cffb5814973a6cff4fbdca2b99b,896dfc52c4534b8ab3ce0d3cdc333996,7745156b7d554bbba29f509ea981a332,1534867225398922,False,34720,34083,0.365258487654321,10841,0.013070264274691358,3.14389816437598,34081,0.4260125,3442,2.15125,9.901510749564206,11767,0.26265625,52,4.406539321695446
scene-0245,bcb05cffb5814973a6cff4fbdca2b99b,9899c86f3d2f49eabd5517cf8c56f964,7745156b7d554bbba29f509ea981a332,1534867225448664,False,34720,34055,0.3649584190672154,10843,0.013072675540123457,3.1407359586830212,34052,0.42565,3427,2.141875,9.936387510942515,22243,0.49649553571428573,52,4.41020399165081
scene-0245,bcb05cffb5814973a6cff4fbdca2b99b,4d63576dbbff45a8b482c232a05d13c3,7745156b7d554bbba29f509ea981a332,1534867225498440,False,34720,34044,0.36484053497942387,10703,0.012903886959876543,3.1807904325889935,34041,0.4255125,3446,2.15375,9.878409750435287,12501,0.2790401785714286,52,4.416117714456602
scene-0245,bcb05cffb5814973a6cff4fbdca2b99b,88c1db2bd6d94d8da296070705cab1ff,7745156b7d554bbba29f509ea981a332,1534867225548766,False,34720,34006,0.3644332990397805,10706,0.012907503858024692,3.1763497104427425,34005,0.4250625,3401,2.125625,9.998529844163482,12610,0.2814732142857143,52,4.419477859074342
scene-0245,bcb05cffb5814973a6cff4fbdca2b99b,64750bb13f214d79b0f135aa737167d4,7745156b7d554bbba29f509ea981a332,1534867225598523,False,34720,34006,0.3644332990397805,10703,0.012903886959876543,3.1772400261608893,34005,0.4250625,3380,2.1125,10.060650887573965,11361,0.25359375,52,4.415492658673362
scene-0245,bcb05cffb5814973a6cff4fbdca2b99b,bdbf589697b04d1c895f18558b547978,7745156b7d554bbba29f509ea981a332,1534867225648841,False,34720,33986,0.3642189643347051,10723,0.01292799961419753,3.169448848270074,33985,0.4248125,3402,2.12625,9.989711934156379,11789,0.26314732142857145,52,4.406638825190295
scene-0245,bcb05cffb5814973a6cff4fbdca2b99b,341e78c39e7e45feba9af1ab48dc8645,7745156b7d554bbba29f509ea981a332,1534867225698603,True,34720,33936,0.3636831275720165,10826,0.013052179783950617,3.1346757805283576,33932,0.42415,3449,2.155625,9.838213975065237,11734,0.26191964285714286,52,4.3936152336140895
scene-0245,bcb05cffb5814973a6cff4fbdca2b99b,4d872f39b99f492cbe2bd8afe2fe9905,18e46c14eb274125acc9957b6d2fb913,1534867225748374,False,34720,33921,0.3635223765432099,10838,0.01306664737654321,3.1298210001845357,33920,0.424,3413,2.133125,9.938470553765017,11589,0.2586830357142857,48,5.249176008846316
scene-0245,bcb05cffb5814973a6cff4fbdca2b99b,ba581029709e4edda043a63722a2970a,18e46c14eb274125acc9957b6d2fb913,1534867225798694,False,34752,33972,0.36406893004115226,10801,0.013022038966049383,3.145264327377095,33970,0.424625,3442,2.15125,9.869262056943638,11319,0.25265625,48,5.246686636185577
scene-0245,bcb05cffb5814973a6cff4fbdca2b99b,2017f02682fa45b0bf8b6f3d1a9861aa,18e46c14eb274125acc9957b6d2fb913,1534867225848547,False,34720,33894,0.36323302469135804,10857,0.013089554398148148,3.1218568665377178,33892,0.42365,3450,2.15625,9.823768115942029,11332,0.25294642857142857,48,5.247578256022973
scene-0245,bcb05cffb5814973a6cff4fbdca2b99b,498dd2c93bff4dfbb61f141fa291b93c,18e46c14eb274125acc9957b6d2fb913,1534867225898777,False,34752,33880,0.3630829903978052,10765,0.012978636188271605,3.14723641430562,33876,0.42345,3456,2.16,9.802083333333334,11618,0.2593303571428571,48,5.248848340414116
scene-0245,bcb05cffb5814973a6cff4fbdca2b99b,b5e6c97e556a443fbb430aab03f7e4a0,18e46c14eb274125acc9957b6d2fb913,1534867225948551,False,34720,33816,0.36239711934156377,10785,0.013002748842592593,3.1354659248956884,33811,0.4226375,3452,2.1575,9.794611819235225,22578,0.5039732142857143,48,5.2535797831356525
scene-0245,bcb05cffb5814973a6cff4fbdca2b99b,a7197ce76b804456b2a2fc267b66078b,18e46c14eb274125acc9957b6d2fb913,1534867225998862,False,34720,33790,0.36211848422496573,10779,0.012995515046296296,3.1347991464885427,33782,0.422275,3445,2.153125,9.806095791001452,16643,0.37149553571428573,48,5.261729992490149
scene-0245,bcb05cffb5814973a6cff4fbdca2b99b,6e58fc5124d94efa9d0df0ad4c2d61e4,18e46c14eb274125acc9957b6d2fb913,1534867226048647,False,34720,33800,0.3622256515775034,10804,0.01302565586419753,3.128470936690115,33790,0.422375,3456,2.16,9.777199074074074,15837,0.3535044642857143,48,5.272908277902805
scene-0245,bcb05cffb5814973a6cff4fbdca2b99b,423d36b5ba7049049d3f4b013dc77a7a,18e46c14eb274125acc9957b6d2fb913,1534867226098947,False,34720,33760,0.36179698216735257,10796,0.013016010802469136,3.127084105224157,33753,0.4219125,3492,2.1825,9.665807560137457,22584,0.5041071428571429,48,5.286683640708915
scene-0245,bcb05cffb5814973a6cff4fbdca2b99b,193768a060814d58a4a04b770f656c34,18e46c14eb274125acc9957b6d2fb913,1534867226148715,False,34720,33765,0.3618505658436214,10820,0.013044945987654322,3.120609981515712,33761,0.4220125,3462,2.16375,9.751877527440787,22636,0.5052678571428572,48,5.2923951160251335
scene-0245,bcb05cffb5814973a6cff4fbdca2b99b,0d47dd31ff784d55925bd0b3a60a7ec0,18e46c14eb274125acc9957b6d2fb913,1534867226198499,True,34688,33699,0.3611432613168724,10762,0.012975019290123457,3.131295298271697,33688,0.4211,3450,2.15625,9.76463768115942,22503,0.5022991071428572,48,5.285517665945573
scene-0245,bcb05cffb5814973a6cff4fbdca2b99b,e871e03bf0714aa7bda1e4a372181cc0,89ba3b1b973440f9a616fdaa0930ac9e,1534867226248802,False,34720,33732,0.36149691358024694,10757,0.012968991126543209,3.1358185367667564,33730,0.421625,3452,2.1575,9.771147161066049,22437,0.5008258928571429,47,5.401310742520176
scene-0245,bcb05cffb5814973a6cff4fbdca2b99b,ef994b3650fe4024bb81a8cea459d673,89ba3b1b973440f9a616fdaa0930ac9e,1534867226298566,False,34688,33670,0.360832475994513,10707,0.01290870949074074,3.144671710096199,33665,0.4208125,3422,2.13875,9.837814143775569,22530,0.5029017857142857,47,5.397904845378181
scene-0245,bcb05cffb5814973a6cff4fbdca2b99b,e88efefed01e4c62a0ee47348f7ba0a9,89ba3b1b973440f9a616fdaa0930ac9e,1534867226348336,False,34720,33695,0.36110039437585734,10641,0.012829137731481482,3.166525702471572,33691,0.4211375,3439,2.149375,9.796743239313754,22555,0.5034598214285714,47,5.397764825486826
scene-0245,bcb05cffb5814973a6cff4fbdca2b99b,d27f53dc60bf4630a4fa92af3a4df7f7,89ba3b1b973440f9a616fdaa0930ac9e,1534867226398651,False,34688,33637,0.36047882373113854,10627,0.01281225887345679,3.165239484332361,33628,0.42035,3418,2.13625,9.838502047981276,22519,0.50265625,47,5.401050338627438
scene-0245,bcb05cffb5814973a6cff4fbdca2b99b,8309e4d6449e49a7b583e269b3e0cbb1,89ba3b1b973440f9a616fdaa0930ac9e,1534867226448420,False,34720,33677,0.36090749314128945,10656,0.012847222222222222,3.160379129129129,33645,0.4205625,3438,2.14875,9.786212914485166,22425,0.5005580357142857,47,5.40768353815597
scene-0245,bcb05cffb5814973a6cff4fbdca2b99b,f0ffeff5ff1443b5b854fc5699c9cc7f,89ba3b1b973440f9a616fdaa0930ac9e,1534867226498739,False,34688,33696,0.3611111111111111,10716,0.012919560185185185,3.144456886898096,33590,0.419875,3443,2.151875,9.75602672088295,22368,0.4992857142857143,47,5.417618481106872
scene-0245,bcb05cffb5814973a6cff4fbdca2b99b,262312dd64ce4cc1bb0a7f770b6db47d,89ba3b1b973440f9a616fdaa0930ac9e,1534867226548506,False,34688,33689,0.3610360939643347,10679,0.012874951774691359,3.154696132596685,33586,0.419825,3417,2.135625,9.829089844893181,22404,0.5000892857142857,47,5.430594079066697
scene-0245,bcb05cffb5814973a6cff4fbdca2b99b,7a83ff2d03b7491289e654ec44f76ae4,89ba3b1b973440f9a616fdaa0930ac9e,1534867226598341,False,34720,33699,0.3611432613168724,10669,0.012862895447530864,3.158590308370044,33599,0.4199875,3432,2.145,9.789918414918414,22355,0.49899553571428573,47,5.446496574234388
scene-0245,bcb05cffb5814973a6cff4fbdca2b99b,22aa12124fa84b5381914e4b5ec1a30d,89ba3b1b973440f9a616fdaa0930ac9e,1534867226648589,False,34688,33664,0.3607681755829904,10739,0.01294728973765432,3.1347425272371727,33567,0.4195875,3474,2.17125,9.662348877374784,21348,0.47651785714285716,47,5.463091718751865
scene-0245,bcb05cffb5814973a6cff4fbdca2b99b,2bfb0c4c5eb149b09d80b20838fcd22a,89ba3b1b973440f9a616fdaa0930ac9e,1534867226698386,True,34688,33643,0.36054312414266115,10709,0.01291112075617284,3.141563171164441,33538,0.419225,3442,2.15125,9.743753631609529,22069,0.4926116071428571,47,5.46698752271982
scene-0245,bcb05cffb5814973a6cff4fbdca2b99b,e92dc8b4d66d4d0d95f8bf7c43cb3b69,66e1216263b449dca6c7f0972bc82e0d,1534867226748124,False,34720,33640,0.36051097393689985,10832,0.013059413580246914,3.1056129985228953,33520,0.419,3481,2.175625,9.629416834243033,22330,0.4984375,46,4.934234186137682
scene-0245,bcb05cffb5814973a6cff4fbdca2b99b,7954a7c2e8bc48edaa0b263533302f39,66e1216263b449dca6c7f0972bc82e0d,1534867226798438,False,34688,33576,0.35982510288065844,10825,0.013050974151234568,3.1017090069284063,33461,0.4182625,3480,2.175,9.615229885057472,22302,0.4978125,46,4.929020180407393
scene-0245,bcb05cffb5814973a6cff4fbdca2b99b,5d552e7a3dc44636bfd7c25da82246d0,66e1216263b449dca6c7f0972bc82e0d,1534867226848240,False,34720,33587,0.35994298696844995,10850,0.013081114969135802,3.0955760368663596,33474,0.418425,3474,2.17125,9.635578583765112,21395,0.47756696428571427,46,4.925980636414319
scene-0245,bcb05cffb5814973a6cff4fbdca2b99b,d81445d39dc4451ca10967d8cda30768,66e1216263b449dca6c7f0972bc82e0d,1534867226897971,False,34688,33540,0.3594393004115226,10840,0.01306905864197531,3.0940959409594098,33461,0.4182625,3522,2.20125,9.500567859170925,21893,0.48868303571428573,46,4.92513891304911
scene-0245,bcb05cffb5814973a6cff4fbdca2b99b,f1f10d0146f84325ba506b72f7d1c5b2,66e1216263b449dca6c7f0972bc82e0d,1534867226948316,False,34688,33510,0.35911779835390945,10942,0.013192033179012345,3.0625114238713214,33480,0.4185,3556,2.2225,9.415073115860517,22153,0.49448660714285714,46,4.927418291147227
scene-0245,bcb05cffb5814973a6cff4fbdca2b99b,e589252f564045ab8c2cec3bc19306aa,66e1216263b449dca6c7f0972bc82e0d,1534867226998058,False,34720,33529,0.35932141632373116,10885,0.013123312114197531,3.0802939825447866,33505,0.4188125,3579,2.236875,9.36155350656608,22110,0.4935267857142857,46,4.932745649585809
scene-0245,bcb05cffb5814973a6cff4fbdca2b99b,220c78ece7e1429bb4a2121928a5141d,66e1216263b449dca6c7f0972bc82e0d,1534867227048399,False,34688,33486,0.35886059670781895,10872,0.01310763888888889,3.0800220750551874,33457,0.4182125,3587,2.241875,9.32729300250906,21288,0.47517857142857145,46,4.9413416082566854
scene-0245,bcb05cffb5814973a6cff4fbdca2b99b,243f4147d6bf4b729195c0e1576beed8,66e1216263b449dca6c7f0972bc82e0d,1534867227098146,False,34688,33466,0.35864626200274347,10922,0.013167920524691358,3.0640908258560704,33444,0.41805,3604,2.2525,9.27968923418424,10131,0.22613839285714285,46,4.952730693920929
scene-0245,bcb05cffb5814973a6cff4fbdca2b99b,dd475143a6de4c54b7fa763fe3c64f30,66e1216263b449dca6c7f0972bc82e0d,1534867227147909,False,34720,33481,0.35880701303155005,10903,0.01314501350308642,3.070806200128405,33453,0.4181625,3575,2.234375,9.357482517482518,10333,0.23064732142857142,46,4.965047477902817
scene-0245,bcb05cffb5814973a6cff4fbdca2b99b,dbd03741651b486ba50de5a2a002ad35,66e1216263b449dca6c7f0972bc82e0d,1534867227198241,True,34688,33476,0.3587534293552812,10894,0.013134162808641976,3.072884156416376,33449,0.4181125,3592,2.245,9.312082405345212,22033,0.4918080357142857,46,4.973453334741524
scene-0245,bcb05cffb5814973a6cff4fbdca2b99b,66036faeb35d4968bd91ffdcc84b66d5,7646a32158e1493db4eb380d682b261e,1534867227248015,False,34688,33487,0.3588713134430727,10813,0.013036506558641974,3.096920373624341,33456,0.4182,3610,2.25625,9.26759002770083,22163,0.49470982142857145,44,4.82559465747721
scene-0245,bcb05cffb5814973a6cff4fbdca2b99b,e747b3e166ab4b70a989f808ea6a9713,7646a32158e1493db4eb380d682b261e,1534867227297765,False,34688,33484,0.3588391632373114,10850,0.013081114969135802,3.086082949308756,33451,0.4181375,3615,2.259375,9.253388658367912,21979,0.4906026785714286,44,4.824757185331281
scene-0245,bcb05cffb5814973a6cff4fbdca2b99b,cfe6e13dcfeb41c2b1f878eeeaf5b93d,7646a32158e1493db4eb380d682b261e,1534867227348099,False,34720,33522,0.3592463991769547,10902,0.01314380787037037,3.0748486516235554,33492,0.41865,3631,2.269375,9.223905260258881,13092,0.2922321428571429,44,4.810779787881504
scene-0245,bcb05cffb5814973a6cff4fbdca2b99b,f0d6585461ac4b2b8ce2038c87d64d79,7646a32158e1493db4eb380d682b261e,1534867227397848,False,34688,33447,0.3584426440329218,10922,0.013167920524691358,3.0623512177256913,33420,0.41775,3637,2.273125,9.188891943909816,12651,0.28238839285714284,44,4.79874948970436
scene-0245,bcb05cffb5814973a6cff4fbdca2b99b,4aee1616e06747e3920a149e54b59833,7646a32158e1493db4eb380d682b261e,1534867227448192,False,34752,33500,0.35901063100137176,10953,0.013205295138888889,3.058522779147266,33469,0.4183625,3653,2.283125,9.162058581987408,22080,0.4928571428571429,44,4.787268823175986
scene-0245,bcb05cffb5814973a6cff4fbdca2b99b,b9f176fd99824352a412a4b3d413403d,7646a32158e1493db4eb380d682b261e,1534867227497940,False,34720,33453,0.3585069444444444,10896,0.013136574074074075,3.0702092511013217,33420,0.41775,3658,2.28625,9.136139967195188,21870,0.48816964285714287,44,4.7733901828126575
scene-0245,bcb05cffb5814973a6cff4fbdca2b99b,e59576dbcc314e538455861ac0f0b588,7646a32158e1493db4eb380d682b261e,1534867227547713,False,34752,33455,0.358528377914952,10872,0.01310763888888889,3.077170713760118,33429,0.4178625,3643,2.276875,9.176228383200659,22090,0.49308035714285714,44,4.7622377672223495
scene-0245,bcb05cffb5814973a6cff4fbdca2b99b,8ba6b53097c84b14a38e0798ad487eea,7646a32158e1493db4eb380d682b261e,1534867227598030,False,34720,33465,0.3586355452674897,10912,0.013155864197530865,3.066807184750733,33440,0.418,3630,2.26875,9.212121212121213,21961,0.49020089285714286,44,4.754008142259511
scene-0245,bcb05cffb5814973a6cff4fbdca2b99b,920176e71b06404c93cbe7a9884c61ab,7646a32158e1493db4eb380d682b261e,1534867227647793,False,34752,33435,0.35831404320987653,10979,0.013236641589506173,3.0453593223426543,33410,0.417625,3644,2.2775,9.168496158068058,21875,0.48828125,44,4.749093924135619
scene-0245,bcb05cffb5814973a6cff4fbdca2b99b,d5bb28293bfc4d978fd650ba5935e846,7646a32158e1493db4eb380d682b261e,1534867227698125,True,34752,33421,0.3581640089163237,10961,0.013214940200617285,3.0490831128546665,33397,0.4174625,3616,2.26,9.235896017699115,21912,0.48910714285714285,44,4.747529480984091
scene-0245,bcb05cffb5814973a6cff4fbdca2b99b,e0e656497b4944e990435153576dfbd1,8ee182e859f342cbb038864fac9ea87c,1534867227747870,False,34752,33419,0.3581425754458162,11006,0.013269193672839507,3.0364346719970925,33389,0.4173625,3632,2.27,9.193006607929515,22026,0.4916517857142857,48,5.052571078393558
scene-0245,bcb05cffb5814973a6cff4fbdca2b99b,6f6fb9937c1c4c038629384af83c6cf3,8ee182e859f342cbb038864fac9ea87c,1534867227798200,False,34752,33406,0.35800325788751713,11092,0.013372878086419753,3.0117201586729174,33380,0.41725,3654,2.28375,9.135194307608101,20786,0.4639732142857143,48,5.055177225085654
scene-0245,bcb05cffb5814973a6cff4fbdca2b99b,bf4368b2ac794995a998a23483711e2d,8ee182e859f342cbb038864fac9ea87c,1534867227847961,False,34752,33385,0.35777820644718794,11071,0.013347559799382716,3.015536085267817,33360,0.417,3602,2.25125,9.261521377012771,19557,0.43654017857142857,48,5.059115450264078
scene-0245,bcb05cffb5814973a6cff4fbdca2b99b,6fcb950fb78d4c7a8a5c464adce062eb,8ee182e859f342cbb038864fac9ea87c,1534867227898281,False,34752,33395,0.3578853737997256,11151,0.013444010416666667,2.9947986727647744,33366,0.417075,3606,2.25375,9.252911813643927,21557,0.4811830357142857,48,5.064534121883084
scene-0245,bcb05cffb5814973a6cff4fbdca2b99b,91ee8b6bac73493bbfb9a855def8f136,8ee182e859f342cbb038864fac9ea87c,1534867227948077,False,34752,33363,0.3575424382716049,11196,0.01349826388888889,2.979903536977492,33334,0.416675,3617,2.260625,9.215924799557644,21582,0.4817410714285714,48,5.072295201134845
scene-0245,bcb05cffb5814973a6cff4fbdca2b99b,2e00732cd74c47f6857a1aaa004704d8,8ee182e859f342cbb038864fac9ea87c,1534867227998361,False,34720,33344,0.35733882030178327,11260,0.013575424382716049,2.961278863232682,33313,0.4164125,3671,2.294375,9.074639062925634,21809,0.4868080357142857,48,5.079739739100502
scene-0245,bcb05cffb5814973a6cff4fbdca2b99b,9da43375b5d5410ca27433fdb3eca798,8ee182e859f342cbb038864fac9ea87c,1534867228048159,False,34752,33338,0.35727451989026066,11273,0.013591097608024691,2.9573316774594165,33300,0.41625,3664,2.29,9.088427947598253,21855,0.48783482142857143,48,5.074392621341836
scene-0245,bcb05cffb5814973a6cff4fbdca2b99b,4760599a1e3943079e3b5d4729f6e240,8ee182e859f342cbb038864fac9ea87c,1534867228098449,False,34720,33294,0.3568029835390947,11335,0.013665846836419753,2.937273930304367,33253,0.4156625,3689,2.305625,9.014095960965031,16530,0.3689732142857143,48,5.069995680861762
scene-0245,bcb05cffb5814973a6cff4fbdca2b99b,29bf6537b6054e69b98342f2e59ffa66,8ee182e859f342cbb038864fac9ea87c,1534867228148222,False,34752,33313,0.35700660150891633,11340,0.013671875,2.9376543209876544,33270,0.415875,3702,2.31375,8.987034035656402,21383,0.4772991071428571,48,5.066311408537166
scene-0245,bcb05cffb5814973a6cff4fbdca2b99b,9f998f0d4a5b4a919b847a4be4dc0189,8ee182e859f342cbb038864fac9ea87c,1534867228198537,True,34720,33269,0.35653506515775035,11339,0.013670669367283951,2.9340329835082457,33226,0.415325,3656,2.285,9.088074398249454,11237,0.25082589285714285,48,5.06499038262604
scene-0245,bcb05cffb5814973a6cff4fbdca2b99b,1dd0b384154f40cfbf5001bf590ab91c,c72ff6d2679f4f63b5bf53157d6af051,1534867228248307,False,34720,33305,0.35692086762688613,11264,0.013580246913580247,2.956764914772727,33266,0.415825,3670,2.29375,9.064305177111716,11410,0.2546875,49,5.259235129763364
scene-0245,bcb05cffb5814973a6cff4fbdca2b99b,94feca5552a3451689559dab7eb9cfa9,c72ff6d2679f4f63b5bf53157d6af051,1534867228298643,False,34752,33321,0.3570923353909465,11307,0.01363208912037037,2.9469355266648978,33270,0.415875,3710,2.31875,8.967654986522911,14758,0.32941964285714287,49,5.25474086150989
scene-0245,bcb05cffb5814973a6cff4fbdca2b99b,59c47fc3f3ec48678ece951444f28a86,c72ff6d2679f4f63b5bf53157d6af051,1534867228348408,False,34720,33284,0.35669581618655694,11375,0.013714072145061729,2.926065934065934,33230,0.415375,3716,2.3225,8.942411194833154,12495,0.27890625,49,5.2522412057773975
scene-0245,bcb05cffb5814973a6cff4fbdca2b99b,bbb5738f53e54331b7004ae7779578cf,c72ff6d2679f4f63b5bf53157d6af051,1534867228398160,False,34720,33270,0.3565457818930041,11397,0.013740596064814814,2.9191892603316663,33225,0.4153125,3686,2.30375,9.013836136733586,12089,0.26984375,49,5.25100775492872
scene-0245,bcb05cffb5814973a6cff4fbdca2b99b,d25f898927f949cda88a593b9946d818,c72ff6d2679f4f63b5bf53157d6af051,1534867228448475,False,34720,33231,0.356127829218107,11473,0.013832224151234567,2.896452540747843,33191,0.4148875,3711,2.319375,8.943950417677176,11215,0.25033482142857144,49,5.252325497300929
scene-0245,bcb05cffb5814973a6cff4fbdca2b99b,146fd642e346466286af2d4a0a95467a,c72ff6d2679f4f63b5bf53157d6af051,1534867228498241,False,34752,33255,0.35638503086419754,11444,0.013797260802469135,2.905889549108703,33222,0.415275,3698,2.31125,8.983775013520821,11747,0.2622098214285714,49,5.256082454760953
scene-0245,bcb05cffb5814973a6cff4fbdca2b99b,b560a02507c84e5aa9c32a016f90a4cf,c72ff6d2679f4f63b5bf53157d6af051,1534867228548572,False,34720,33206,0.3558599108367627,11404,0.013749035493827161,2.9117853384777272,33175,0.4146875,3696,2.31,8.975919913419913,20423,0.4558705357142857,49,5.260319213864057
scene-0245,bcb05cffb5814973a6cff4fbdca2b99b,5b3274d637ae44c0a3ea495c44176086,c72ff6d2679f4f63b5bf53157d6af051,1534867228598330,False,34720,33194,0.35573131001371744,11441,0.013793643904320987,2.901319814701512,33163,0.4145375,3718,2.32375,8.91958041958042,18027,0.40238839285714284,49,5.255004499535736
scene-0245,bcb05cffb5814973a6cff4fbdca2b99b,cc208fa26fdc4be88e6be80cb65fb3d4,c72ff6d2679f4f63b5bf53157d6af051,1534867228648645,False,34752,33211,0.35591349451303156,11555,0.013931086033950617,2.874167027260926,33171,0.4146375,3775,2.359375,8.787019867549668,11257,0.2512723214285714,49,5.248837131250794
scene-0245,bcb05cffb5814973a6cff4fbdca2b99b,212d8ddcdffe47869e0270ca40a44765,c72ff6d2679f4f63b5bf53157d6af051,1534867228698417,True,34720,33175,0.3555276920438957,11596,0.013980516975308641,2.8609003104518798,33139,0.4142375,3768,2.355,8.794851380042463,21334,0.47620535714285717,49,5.242337860462464
scene-0245,bcb05cffb5814973a6cff4fbdca2b99b,bebd6d627b414001bfef5419418aaf94,c9f1dedf2573435b9aeff352d37f65a4,1534867228748178,False,34720,33202,0.3558170438957476,11644,0.014038387345679013,2.8514256269323255,33162,0.414525,3759,2.349375,8.822027134876297,15099,0.33703125,51,4.550486492313044
scene-0245,bcb05cffb5814973a6cff4fbdca2b99b,e44eb10f6cf041d6808f7769f87d23c9,c9f1dedf2573435b9aeff352d37f65a4,1534867228798500,False,34720,33162,0.3553883744855967,11610,0.013997395833333334,2.8563307493540053,33124,0.41405,3773,2.358125,8.779220779220779,21481,0.4794866071428571,51,4.544582498185432
scene-0245,bcb05cffb5814973a6cff4fbdca2b99b,eddb909bf1aa4d8dbc995cd5b175090d,c9f1dedf2573435b9aeff352d37f65a4,1534867228848270,False,34752,33183,0.35561342592592593,11662,0.014060088734567901,2.845395300977534,33143,0.4142875,3790,2.36875,8.744854881266491,14015,0.31283482142857144,51,4.535851618186409
scene-0245,bcb05cffb5814973a6cff4fbdca2b99b,256083ec393a437fa8c786becf377ac1,c9f1dedf2573435b9aeff352d37f65a4,1534867228898589,False,34720,33164,0.3554098079561043,11795,0.014220437885802469,2.8116998728274694,33121,0.4140125,3792,2.37,8.734440928270041,11727,0.26176339285714284,51,4.529552334442497
scene-0245,bcb05cffb5814973a6cff4fbdca2b99b,9f500754ff114ff89fe3d584009e14cc,c9f1dedf2573435b9aeff352d37f65a4,1534867228948352,False,34720,33157,0.35533479080932784,11800,0.014226466049382717,2.8099152542372883,33111,0.4138875,3793,2.370625,8.729501713683101,21510,0.48013392857142856,51,4.5260302704550535
scene-0245,bcb05cffb5814973a6cff4fbdca2b99b,f2f90cc7c7d647a895e980615a101200,c9f1dedf2573435b9aeff352d37f65a4,1534867228998681,False,34752,33206,0.3558599108367627,11810,0.01423852237654321,2.811685012701101,33162,0.414525,3784,2.365,8.763742071881607,18208,0.4064285714285714,51,4.525362310277948
scene-0245,bcb05cffb5814973a6cff4fbdca2b99b,66f29d4f22e04e1e8a8a9e8261fa02e3,c9f1dedf2573435b9aeff352d37f65a4,1534867229048448,False,34752,33231,0.356127829218107,11817,0.014246961805555555,2.8121350596598123,33184,0.4148,3801,2.375625,8.730334122599317,12067,0.2693526785714286,51,4.527643476337733
scene-0245,bcb05cffb5814973a6cff4fbdca2b99b,310ede5addb14137b022ef606e92d2a1,c9f1dedf2573435b9aeff352d37f65a4,1534867229098773,False,34752,33240,0.35622427983539096,11796,0.014221643518518519,2.817904374364191,33214,0.415175,3787,2.366875,8.770530763137048,11621,0.2593973214285714,51,4.530554102839709
scene-0245,bcb05cffb5814973a6cff4fbdca2b99b,96974ed8bef2421d9807f1fa432a436d,c9f1dedf2573435b9aeff352d37f65a4,1534867229148524,False,34752,33241,0.3562349965706447,11824,0.0142554012345679,2.8113159675236807,33209,0.4151125,3770,2.35625,8.808753315649867,12364,0.27598214285714284,51,4.535120869291687
scene-0245,bcb05cffb5814973a6cff4fbdca2b99b,271594b45c11482799552ad59f7ba5da,c9f1dedf2573435b9aeff352d37f65a4,1534867229198846,True,34752,33251,0.35634216392318246,11856,0.014293981481481482,2.8045715249662617,33229,0.4153625,3802,2.37625,8.739873750657548,12872,0.28732142857142856,51,4.541964068475478
scene-0252,7ca5e90766dc4b7bb6a9b3b0d95c99da,767681720659463cb8a60b194e43eb17,2d553d0e814d4b1c8e4b3ad43d57943c,1534867432948726,True,34688,32818,0.35170181755829905,18059,0.021772521219135803,1.8172656293260978,32807,0.4100875,4931,3.081875,6.653214358142365,13867,0.30953125,59,2.167873915603567
scene-0252,7ca5e90766dc4b7bb6a9b3b0d95c99da,47deee04974f459da07b13523dfb4132,2a98b77712254d968f361d6fdac33264,1534867432998503,False,34720,32840,0.351937585733882,18082,0.02180025077160494,1.816170777568853,32827,0.4103375,4910,3.06875,6.685743380855397,18148,0.4050892857142857,60,2.4038691787950768
scene-0252,7ca5e90766dc4b7bb6a9b3b0d95c99da,68af03490b4e46ddaf4678bcdd12a5fb,2a98b77712254d968f361d6fdac33264,1534867433048257,False,34720,32841,0.3519483024691358,18135,0.021864149305555556,1.8109181141439206,32828,0.41035,4950,3.09375,6.6319191919191915,14251,0.3181026785714286,60,2.4198366538891545
scene-0252,7ca5e90766dc4b7bb6a9b3b0d95c99da,c6813592a34947e1ad0dc663774ac693,2a98b77712254d968f361d6fdac33264,1534867433098583,False,34720,32897,0.35254843964334703,18294,0.022055844907407408,1.7982398600634089,32883,0.4110375,4948,3.0925,6.6457154405820535,15801,0.35270089285714284,60,2.4336091984645747
scene-0252,7ca5e90766dc4b7bb6a9b3b0d95c99da,cf9953e9be434f2a8e5f2df62d024ac9,2a98b77712254d968f361d6fdac33264,1534867433148336,False,34720,32895,0.3525270061728395,18365,0.022141444830246913,1.791178872855976,32880,0.411,4983,3.114375,6.598434677904876,14169,0.3162723214285714,60,2.442344217263214
scene-0252,7ca5e90766dc4b7bb6a9b3b0d95c99da,01df0da63156451fbb18a1af945ef48f,2a98b77712254d968f361d6fdac33264,1534867433198676,False,34688,32866,0.3522162208504801,18476,0.022275270061728396,1.77884823554882,32845,0.4105625,4959,3.099375,6.623311151441823,14246,0.3179910714285714,60,2.4511586954220017
scene-0252,7ca5e90766dc4b7bb6a9b3b0d95c99da,1b5e9791f5a44df7b3e1294883a9e790,2a98b77712254d968f361d6fdac33264,1534867433248427,False,34720,32848,0.3520233196159122,18556,0.022371720679012344,1.7702090967881008,32831,0.4103875,4912,3.07,6.683835504885994,14310,0.31941964285714286,60,2.4605246057063392
scene-0252,7ca5e90766dc4b7bb6a9b3b0d95c99da,9c6b826196fb4237b665dcdfd7874977,2a98b77712254d968f361d6fdac33264,1534867433298210,False,34688,32823,0.3517554012345679,18626,0.022456114969135802,1.7622141093095673,32808,0.4101,4948,3.0925,6.63055780113177,14367,0.3206919642857143,60,2.4714881730825695
scene-0252,7ca5e90766dc4b7bb6a9b3b0d95c99da,e9589030cbd3415b8cd5e7f43f1e9435,2a98b77712254d968f361d6fdac33264,1534867433348529,False,34720,32847,0.35201260288065844,18694,0.02253809799382716,1.7570878356691986,32828,0.41035,4957,3.098125,6.622553964091185,14493,0.3235044642857143,60,2.483913897736406
scene-0252,7ca5e90766dc4b7bb6a9b3b0d95c99da,33294335ce9940ec89f895c1d4d252dc,2a98b77712254d968f361d6fdac33264,1534867433398454,False,34688,32825,0.3517768347050754,18713,0.0225610050154321,1.754128146208518,32806,0.410075,4983,3.114375,6.5835841862331925,14514,0.3239732142857143,60,2.4980198125893436
scene-0252,7ca5e90766dc4b7bb6a9b3b0d95c99da,fa9da81788774699b6a47902792b0f59,2a98b77712254d968f361d6fdac33264,1534867433448600,True,34720,32860,0.3521519204389575,18789,0.022652633101851852,1.7488956304220555,32843,0.4105375,4977,3.110625,6.598955193891903,14627,0.3264955357142857,60,2.5137909121004114
scene-0252,7ca5e90766dc4b7bb6a9b3b0d95c99da,5f3eff1a3c7643adba02995b0db30756,10be1473792a4caba90878c51f522016,1534867433498387,False,34688,32833,0.35186256858710563,18801,0.022667100694444445,1.7463432796127865,32812,0.41015,4992,3.12,6.572916666666667,17673,0.39448660714285716,60,2.8417137343281538
scene-0252,7ca5e90766dc4b7bb6a9b3b0d95c99da,fc4a5532e317489c814fb83047e48721,10be1473792a4caba90878c51f522016,1534867433548133,False,34688,32836,0.35189471879286693,18873,0.02275390625,1.739839983044561,32813,0.4101625,4987,3.116875,6.579707238820935,14833,0.33109375,60,2.8547054138282375
scene-0252,7ca5e90766dc4b7bb6a9b3b0d95c99da,0cc04a0c9e314a1f800eca5ba19f4ee0,10be1473792a4caba90878c51f522016,1534867433598470,False,34688,32845,0.3519911694101509,18811,0.02267915702160494,1.746052841422572,32819,0.4102375,5003,3.126875,6.559864081551069,18263,0.40765625,60,2.859795939237944
scene-0252,7ca5e90766dc4b7bb6a9b3b0d95c99da,f7dba503aac140d8a24cc719a3bba6d0,10be1473792a4caba90878c51f522016,1534867433648353,False,34688,32837,0.3519054355281207,18861,0.022739438657407407,1.740999946980542,32801,0.4100125,5040,3.15,6.50813492063492,18263,0.40765625,60,2.864545639278826
scene-0252,7ca5e90766dc4b7bb6a9b3b0d95c99da,7545555b8a3b492c846ffff526544fb1,10be1473792a4caba90878c51f522016,1534867433697988,False,34688,32845,0.3519911694101509,18905,0.02279248649691358,1.7373710658555939,32803,0.4100375,5061,3.163125,6.481525390239083,18259,0.40756696428571426,60,2.8647186766261536
scene-0252,7ca5e90766dc4b7bb6a9b3b0d95c99da,a175e0c36d7e4b6c8b7a8cc82e11bc81,10be1473792a4caba90878c51f522016,1534867433748311,False,34688,32867,0.35222693758573387,18994,0.022899787808641974,1.730388543750658,32828,0.41035,5093,3.183125,6.4457097977616336,18290,0.4082589285714286,60,2.8636132386916464
scene-0252,7ca5e90766dc4b7bb6a9b3b0d95c99da,d90c6c10d96d45058d951b06f6d31345,10be1473792a4caba90878c51f522016,1534867433798158,False,34720,32899,0.35256987311385457,18984,0.02288773148148148,1.7329856721449641,32858,0.410725,5118,3.19875,6.420085971082454,16073,0.3587723214285714,60,2.8637333272911287
scene-0252,7ca5e90766dc4b7bb6a9b3b0d95c99da,58d6064181464ed7b4fc10173220df4a,10be1473792a4caba90878c51f522016,1534867433847842,False,34688,32864,0.35219478737997256,19062,0.022981770833333335,1.724058335956353,32819,0.4102375,5134,3.20875,6.392481495909622,15091,0.3368526785714286,60,2.8649603280382023
scene-0252,7ca5e90766dc4b7bb6a9b3b0d95c99da,975bbad08842439b959b870b0a575198,10be1473792a4caba90878c51f522016,1534867433898179,True,34688,32863,0.3521840706447188,18963,0.022862413194444445,1.7330063808469125,32819,0.4102375,5181,3.238125,6.334491410924532,18266,0.4077232142857143,60,2.8657388051147468
scene-0252,7ca5e90766dc4b7bb6a9b3b0d95c99da,50dc7686d05846daae8790ecdf498b30,d0fac8b2a753482a859f3a21fe4ff8c2,1534867433947929,False,34720,32896,0.35253772290809327,18898,0.022784047067901235,1.740713302995026,32852,0.41065,5215,3.259375,6.299520613614574,18296,0.40839285714285717,62,2.7285495182185016
scene-0252,7ca5e90766dc4b7bb6a9b3b0d95c99da,5c61d1880c39479894c7cbdcf0f678a5,d0fac8b2a753482a859f3a21fe4ff8c2,1534867433997714,False,34688,32886,0.3524305555555556,18923,0.02281418788580247,1.7378851133541193,32837,0.4104625,5219,3.261875,6.291818356006898,18313,0.40877232142857145,62,2.7216852409652112
scene-0252,7ca5e90766dc4b7bb6a9b3b0d95c99da,081a87672b9647aeb6f69a0f11a24f95,d0fac8b2a753482a859f3a21fe4ff8c2,1534867434048013,False,34688,32893,0.35250557270233196,19021,0.02293233989197531,1.7292991956258872,32824,0.4103,5222,3.26375,6.285714285714286,18276,0.4079464285714286,62,2.716170332867363
scene-0252,7ca5e90766dc4b7bb6a9b3b0d95c99da,6446c70874734f4d813b3012c971274a,d0fac8b2a753482a859f3a21fe4ff8c2,1534867434097791,False,34720,32908,0.35266632373113854,18956,0.0228539737654321,1.7360202574382781,32814,0.410175,5196,3.2475,6.315242494226328,18342,0.4094196428571429,62,2.710881485917604
scene-0252,7ca5e90766dc4b7bb6a9b3b0d95c99da,f96866bf64c740668a651db95413c2e4,d0fac8b2a753482a859f3a21fe4ff8c2,1534867434147546,False,34688,32881,0.3523769718792867,18944,0.022839506172839506,1.735694679054054,32771,0.4096375,5209,3.255625,6.2912267229794585,18339,0.4093526785714286,62,2.70703949158731
scene-0252,7ca5e90766dc4b7bb6a9b3b0d95c99da,bd718547a7ee43c29c857c565ce575b9,d0fac8b2a753482a859f3a21fe4ff8c2,1534867434197881,False,34720,32902,0.35260202331961593,18949,0.022845534336419754,1.736344925853607,32792,0.4099,5244,3.2775,6.253241800152555,14951,0.3337276785714286,62,2.7031977644234693
scene-0252,7ca5e90766dc4b7bb6a9b3b0d95c99da,712bc06827d5491a9fb0d23720081706,d0fac8b2a753482a859f3a21fe4ff8c2,1534867434247637,False,34688,32879,0.35235553840877915,18962,0.022861207561728394,1.7339415673452168,32770,0.409625,5288,3.305,6.197049924357035,18365,0.4099330357142857,62,2.6997083669183235
scene-0252,7ca5e90766dc4b7bb6a9b3b0d95c99da,eb1834308e4a46cb9ec8a9a895b538dc,d0fac8b2a753482a859f3a21fe4ff8c2,1534867434297956,False,34720,32891,0.3524841392318244,18941,0.022835889274691358,1.7364975450081832,32794,0.409925,5316,3.3225,6.168924003009781,18390,0.41049107142857144,62,2.6971626277928853
scene-0252,7ca5e90766dc4b7bb6a9b3b0d95c99da,9ec608089e3e4aa79349d6adde868705,d0fac8b2a753482a859f3a21fe4ff8c2,1534867434348247,False,34720,32906,0.352644890260631,18913,0.022802131558641976,1.7398614709459101,32813,0.4101625,5297,3.310625,6.1946384746082686,17964,0.40098214285714284,62,2.6955704202446378
scene-0252,7ca5e90766dc4b7bb6a9b3b0d95c99da,44eb6bc033624ca780178844faba5081,d0fac8b2a753482a859f3a21fe4ff8c2,1534867434397491,True,34720,32903,0.3526127400548697,18830,0.022702064043209878,1.7473712161444503,32802,0.410025,5288,3.305,6.203101361573374,14888,0.33232142857142855,62,2.6949111542193553
scene-0252,7ca5e90766dc4b7bb6a9b3b0d95c99da,a748d46e79dc4c449d153e2ea71fa852,be9605f366744ffc93ec5e3c594fb0c9,1534867434447799,False,34688,32867,0.35222693758573387,18933,0.022826244212962962,1.7359636613320657,32760,0.4095,5318,3.32375,6.160210605490786,14875,0.33203125,64,2.9641897423738475
scene-0252,7ca5e90766dc4b7bb6a9b3b0d95c99da,8c565c0c4ea444548fa9d2ec7d5c0adb,be9605f366744ffc93ec5e3c594fb0c9,1534867434497610,False,34720,32888,0.3524519890260631,18771,0.022630931712962963,1.7520643545895265,32788,0.40985,5319,3.324375,6.164316600864824,18252,0.4074107142857143,64,2.964159873000175
scene-0252,7ca5e90766dc4b7bb6a9b3b0d95c99da,24c38aa13ecd48fb91103782de308967,be9605f366744ffc93ec5e3c594fb0c9,1534867434547921,False,34720,32884,0.352409122085048,18852,0.022728587962962964,1.7443242096329301,32781,0.4097625,5347,3.341875,6.130727510753694,14908,0.3327678571428571,64,2.9625320575871568
scene-0252,7ca5e90766dc4b7bb6a9b3b0d95c99da,767e6de0b40549b3b16c3e71488fb1c9,be9605f366744ffc93ec5e3c594fb0c9,1534867434597646,False,34720,32869,0.3522483710562414,18828,0.022699652777777777,1.7457510091353303,32779,0.4097375,5344,3.34,6.133794910179641,14886,0.3322767857142857,64,2.9611285012099953
scene-0252,7ca5e90766dc4b7bb6a9b3b0d95c99da,20c922193bf14bb1a24fc97e111bf131,be9605f366744ffc93ec5e3c594fb0c9,1534867434647423,False,34720,32830,0.3518304183813443,18821,0.02269121334876543,1.7443281440943628,32750,0.409375,5339,3.336875,6.134107510769807,14936,0.33339285714285716,64,2.9604195869323187
scene-0252,7ca5e90766dc4b7bb6a9b3b0d95c99da,5956792799ff43b9a9b86f98572491bf,be9605f366744ffc93ec5e3c594fb0c9,1534867434697757,False,34720,32804,0.35155178326474623,18875,0.022756317515432098,1.7379602649006622,32748,0.40935,5368,3.355,6.100596125186289,14875,0.33203125,64,2.9593423078823293
scene-0252,7ca5e90766dc4b7bb6a9b3b0d95c99da,de5427f594164bf0b0c928155fc1c06d,be9605f366744ffc93ec5e3c594fb0c9,1534867434747513,False,34720,32795,0.35145533264746226,18790,0.022653838734567902,1.7453432676955827,32764,0.40955,5407,3.379375,6.05955243203255,14854,0.3315625,64,2.9570004817407938
scene-0252,7ca5e90766dc4b7bb6a9b3b0d95c99da,66b5ef69e833452aaaabad9f6761b538,be9605f366744ffc93ec5e3c594fb0c9,1534867434797857,False,34688,32755,0.3510266632373114,18783,0.022645399305555557,1.7438641324602033,32728,0.4091,5373,3.358125,6.091196724362553,14899,0.3325669642857143,64,2.9553006812049856
scene-0252,7ca5e90766dc4b7bb6a9b3b0d95c99da,1ed63ae8a9c347ae95f22819cb761009,be9605f366744ffc93ec5e3c594fb0c9,1534867434847604,False,34720,32782,0.3513160150891632,18789,0.022652633101851852,1.7447442652615892,32760,0.4095,5429,3.393125,6.034260453122122,18443,0.4116741071428571,64,2.953977939237153
scene-0252,7ca5e90766dc4b7bb6a9b3b0d95c99da,c3ba8c725018482f9d7f7c33c3638f22,be9605f366744ffc93ec5e3c594fb0c9,1534867434897370,False,34720,32811,0.3516268004115226,18808,0.02267554012345679,1.744523606975755,32785,0.4098125,5399,3.374375,6.072420818670124,18334,0.4092410714285714,64,2.952330112935223
scene-0252,7ca5e90766dc4b7bb6a9b3b0d95c99da,28638befa2ab4686813f9f27ce83d983,be9605f366744ffc93ec5e3c594fb0c9,1534867434947673,True,34720,32812,0.3516375171467764,18730,0.022581500771604937,1.7518419647624133,32792,0.4099,5406,3.37875,6.0658527561968185,16848,0.37607142857142856,64,2.951105496351745
scene-0252,7ca5e90766dc4b7bb6a9b3b0d95c99da,4193500a17264584abe4753df8634539,9a6448ab32d64f7e8efcb39959d4f21f,1534867434997457,False,34688,32822,0.3517446844993141,18734,0.022586323302469135,1.752001708124266,32804,0.41005,5461,3.413125,6.006958432521516,14748,0.32919642857142856,70,3.1274575511816645
scene-0252,7ca5e90766dc4b7bb6a9b3b0d95c99da,7ac7aae985344d3a93fa5a5848efe1a2,9a6448ab32d64f7e8efcb39959d4f21f,1534867435047757,False,34720,32834,0.3518732853223594,18791,0.02265504436728395,1.7473258474801767,32810,0.410125,5455,3.409375,6.014665444546288,14805,0.33046875,70,3.1261652782147076
scene-0252,7ca5e90766dc4b7bb6a9b3b0d95c99da,25e9955cdd9243e8b68cd69085435376,9a6448ab32d64f7e8efcb39959d4f21f,1534867435097545,False,34720,32835,0.35188400205761317,18754,0.022610435956790124,1.7508264903487256,32812,0.41015,5479,3.424375,5.988684066435481,14742,0.3290625,70,3.1252009944416925
scene-0252,7ca5e90766dc4b7bb6a9b3b0d95c99da,47d900646dec48e798eb516715dba4e3,9a6448ab32d64f7e8efcb39959d4f21f,1534867435147293,False,34688,32800,0.35150891632373116,18716,0.022564621913580246,1.7525112203462279,32778,0.409725,5482,3.42625,5.97920466982853,14706,0.3282589285714286,70,3.1241833321790047
scene-0252,7ca5e90766dc4b7bb6a9b3b0d95c99da,04ed1b47ed814bccb042c8044075c936,9a6448ab32d64f7e8efcb39959d4f21f,1534867435197614,False,34720,32819,0.3517125342935528,18718,0.022567033179012347,1.7533390319478577,32795,0.4099375,5497,3.435625,5.965981444424232,15026,0.3354017857142857,70,3.122360392247511
scene-0252,7ca5e90766dc4b7bb6a9b3b0d95c99da,c2950f25822843ac878f2a7d0afc1dc2,9a6448ab32d64f7e8efcb39959d4f21f,1534867435247375,False,34720,32816,0.3516803840877915,18694,0.02253809799382716,1.7554295495881032,32789,0.4098625,5481,3.425625,5.982302499543879,18497,0.41287946428571426,70,3.1200682493795986
scene-0252,7ca5e90766dc4b7bb6a9b3b0d95c99da,6e302bc6276345b6a086ad9ea38b1b5c,9a6448ab32d64f7e8efcb39959d4f21f,1534867435297721,False,34720,32845,0.3519911694101509,18793,0.02265745563271605,1.747725216836056,32822,0.410275,5527,3.454375,5.938483806766781,14676,0.3275892857142857,70,3.115329879918422
scene-0252,7ca5e90766dc4b7bb6a9b3b0d95c99da,2fd444f879894b60b5a1f21c995dc758,9a6448ab32d64f7e8efcb39959d4f21f,1534867435347464,False,34688,32821,0.35173396776406035,18763,0.022621286651234567,1.749240526568246,32797,0.4099625,5517,3.448125,5.944716331339496,14691,0.32792410714285714,70,3.1095449145623513
scene-0252,7ca5e90766dc4b7bb6a9b3b0d95c99da,79474f254556472f8f2972c6c28a1649,9a6448ab32d64f7e8efcb39959d4f21f,1534867435397242,False,34720,32857,0.3521197702331962,18807,0.02267433449074074,1.7470622640506195,32837,0.4104625,5547,3.466875,5.919776455741842,18656,0.4164285714285714,70,3.1039256025725424
scene-0252,7ca5e90766dc4b7bb6a9b3b0d95c99da,36fd688982264d988c582c5d6fba1b0b,9a6448ab32d64f7e8efcb39959d4f21f,1534867435447584,True,34720,32845,0.3519911694101509,18722,0.022571855709876545,1.7543531673966457,32824,0.4103,5567,3.479375,5.896173881803485,18652,0.4163392857142857,70,3.097327734079105
scene-0252,7ca5e90766dc4b7bb6a9b3b0d95c99da,9656491e5f944025bde42ebdf174d71f,7eb76c17ce8d4c4db3473879f881bea0,1534867435497321,False,34720,32864,0.35219478737997256,18829,0.022700858410493827,1.7453927452334166,32838,0.410475,5590,3.49375,5.874418604651162,18340,0.409375,65,3.692877072610474
scene-0252,7ca5e90766dc4b7bb6a9b3b0d95c99da,576da4b415c54210ac47f92702d20e6d,7eb76c17ce8d4c4db3473879f881bea0,1534867435547633,False,34720,32853,0.35207690329218105,18750,0.022605613425925927,1.75216,32827,0.4103375,5588,3.4925,5.8745526127415895,18570,0.41450892857142857,65,3.6834718065845315
scene-0252,7ca5e90766dc4b7bb6a9b3b0d95c99da,085a27edb0e3457690fecdfc967eb765,7eb76c17ce8d4c4db3473879f881bea0,1534867435597411,False,34720,32854,0.3520876200274348,18734,0.022586323302469135,1.7537098323903064,32827,0.4103375,5544,3.465,5.921176046176046,18564,0.414375,65,3.6758586387170116
scene-0252,7ca5e90766dc4b7bb6a9b3b0d95c99da,33c029e583484869aaddeb9807eaed36,7eb76c17ce8d4c4db3473879f881bea0,1534867435647179,False,34720,32852,0.3520661865569273,18840,0.02271412037037037,1.7437367303609341,32827,0.4103375,5578,3.48625,5.885084259591252,18482,0.4125446428571429,65,3.670062678115515
scene-0252,7ca5e90766dc4b7bb6a9b3b0d95c99da,0d7da4c877e1404f90dc2baf58f2f88c,7eb76c17ce8d4c4db3473879f881bea0,1534867435697501,False,34720,32806,0.35157321673525377,18869,0.022749083719135803,1.7386188987227729,32779,0.4097375,5645,3.528125,5.806731620903454,14513,0.32395089285714285,65,3.6661473173354895
scene-0252,7ca5e90766dc4b7bb6a9b3b0d95c99da,d7f4f02eb7964b49b82c046c3c0190b9,7eb76c17ce8d4c4db3473879f881bea0,1534867435747254,False,34720,32808,0.3515946502057613,18838,0.02271170910493827,1.7415861556428496,32781,0.4097625,5636,3.5225,5.816359119943222,14480,0.32321428571428573,65,3.6641341260102656
scene-0252,7ca5e90766dc4b7bb6a9b3b0d95c99da,89fef54b435446348209b2ca97b13578,7eb76c17ce8d4c4db3473879f881bea0,1534867435799876,False,34720,32822,0.3517446844993141,18917,0.022806954089506174,1.7350531268171485,32791,0.4098875,5646,3.52875,5.807828551186681,18000,0.4017857142857143,65,3.6626739829172728
scene-0252,7ca5e90766dc4b7bb6a9b3b0d95c99da,1e6e47611e8a4e598e3896fffc28e3d4,7eb76c17ce8d4c4db3473879f881bea0,1534867435847350,False,34720,32809,0.3516053669410151,18831,0.022703269675925924,1.7422866549838032,32783,0.4097875,5669,3.543125,5.782854118892221,18365,0.4099330357142857,65,3.6596592658203093
scene-0252,7ca5e90766dc4b7bb6a9b3b0d95c99da,046db3cc75394836859c9a95d609ea98,7eb76c17ce8d4c4db3473879f881bea0,1534867435897685,False,34720,32812,0.3516375171467764,18834,0.022706886574074076,1.742168418817033,32794,0.409925,5669,3.543125,5.784794496383842,14653,0.32707589285714284,65,3.6560066998625063
scene-0252,7ca5e90766dc4b7bb6a9b3b0d95c99da,e9ce091802dd42538a6e866457036aeb,7eb76c17ce8d4c4db3473879f881bea0,1534867435947443,True,34720,32823,0.3517554012345679,18839,0.02271291473765432,1.7422899304634003,32801,0.4100125,5690,3.55625,5.764674868189807,18487,0.41265625,65,3.6459598318043875
scene-0252,7ca5e90766dc4b7bb6a9b3b0d95c99da,1720c1c5200a44a49dfb08cf6598b1fe,8050d516653a4828b57ba73f5ebdfba7,1534867435997210,False,34720,32820,0.3517232510288066,18814,0.022682773919753086,1.744445625597959,32802,0.410025,5713,3.570625,5.7416418694206195,18502,0.41299107142857144,68,3.203256765485042
scene-0252,7ca5e90766dc4b7bb6a9b3b0d95c99da,ff3095e77b7d4577ab58262648bd4030,8050d516653a4828b57ba73f5ebdfba7,1534867436047508,False,34752,32855,0.3520983367626886,18877,0.0227587287808642,1.7404778301636912,32830,0.410375,5653,3.533125,5.807535821687599,18510,0.41316964285714286,68,3.1912024952083713
scene-0252,7ca5e90766dc4b7bb6a9b3b0d95c99da,ec52d74a24c14f58838623f0075460db,8050d516653a4828b57ba73f5ebdfba7,1534867436097280,False,34752,32808,0.3515946502057613,18849,0.022724971064814813,1.7405697915008753,32787,0.4098375,5679,3.549375,5.77337559429477,14814,0.33066964285714284,68,3.180507238682024
scene-0252,7ca5e90766dc4b7bb6a9b3b0d95c99da,4bad23b7c32446e9a8a8cb2bd3d5b474,8050d516653a4828b57ba73f5ebdfba7,1534867436147600,False,34720,32829,0.35181970164609055,18843,0.022717737268518518,1.7422384970546092,32802,0.410025,5695,3.559375,5.759789288849868,18147,0.40506696428571426,68,3.170267040385088
scene-0252,7ca5e90766dc4b7bb6a9b3b0d95c99da,c8a3b3661e464f3dbe0bad9f9d0e1c3a,8050d516653a4828b57ba73f5ebdfba7,1534867436197373,False,34752,32790,0.3514017489711934,18761,0.02261887538580247,1.7477746388785247,32755,0.4094375,5703,3.564375,5.7434683499912325,18384,0.41035714285714286,68,3.160906415670129
scene-0252,7ca5e90766dc4b7bb6a9b3b0d95c99da,4125ac1489564d7d81a46488d77d2d34,8050d516653a4828b57ba73f5ebdfba7,1534867436247688,False,34720,32769,0.3511766975308642,18764,0.022622492283950617,1.746376039224046,32712,0.4089,5782,3.61375,5.657557938429609,17983,0.40140625,68,3.152118006675719
scene-0252,7ca5e90766dc4b7bb6a9b3b0d95c99da,1fc831fe698c43049df3f3c3b6637c9e,8050d516653a4828b57ba73f5ebdfba7,1534867436297454,False,34752,32835,0.35188400205761317,18823,0.022693624614197532,1.7444084364872763,32747,0.4093375,5769,3.605625,5.676373721615532,14377,0.3209151785714286,68,3.1441556862194293
scene-0252,7ca5e90766dc4b7bb6a9b3b0d95c99da,35e4875dd11642908d2c841f5e14d9f9,8050d516653a4828b57ba73f5ebdfba7,1534867436347764,False,34720,32815,0.35166966735253774,18824,0.02269483024691358,1.7432532936676584,32720,0.409,5783,3.614375,5.657962994985302,16354,0.36504464285714283,68,3.136057567187919
scene-0252,7ca5e90766dc4b7bb6a9b3b0d95c99da,448f4cf3b805428285b31f669ac1e084,8050d516653a4828b57ba73f5ebdfba7,1534867436397546,False,34752,32819,0.3517125342935528,18769,0.022628520447530866,1.7485747775587406,32704,0.4088,5789,3.618125,5.649334945586457,18386,0.4104017857142857,68,3.128387031261103
scene-0252,7ca5e90766dc4b7bb6a9b3b0d95c99da,1d0a4ae7cd0f439789267a72a0960565,8050d516653a4828b57ba73f5ebdfba7,1534867436447892,True,34720,32784,0.3513374485596708,18776,0.02263695987654321,1.7460587984661269,32661,0.4082625,5806,3.62875,5.625387530141233,18367,0.4099776785714286,68,3.1204247169105677
scene-0252,7ca5e90766dc4b7bb6a9b3b0d95c99da,d95f09b2ee80462b8faaf5b2534eb290,8e1e92250bc74d4abbf67e0976732cd4,1534867436497621,False,34752,32856,0.35210905349794236,18790,0.022653838734567902,1.7485896753592336,32732,0.40915,5822,3.63875,5.622122981793198,18412,0.41098214285714285,72,2.777307551078795
scene-0252,7ca5e90766dc4b7bb6a9b3b0d95c99da,8d89736782054f46a7d41963580c7d48,8e1e92250bc74d4abbf67e0976732cd4,1534867436547945,False,34752,32877,0.3523341049382716,18784,0.022646604938271604,1.7502661839863713,32746,0.409325,5810,3.63125,5.636144578313253,18388,0.41044642857142855,72,2.7673056906957036
scene-0252,7ca5e90766dc4b7bb6a9b3b0d95c99da,ec06054f1b0748fb9f748859fa0c2b2a,8e1e92250bc74d4abbf67e0976732cd4,1534867436597712,False,34752,32902,0.35260202331961593,18784,0.022646604938271604,1.7515971039182283,32780,0.40975,5808,3.63,5.643939393939394,18397,0.4106473214285714,72,2.7587243473710035
scene-0252,7ca5e90766dc4b7bb6a9b3b0d95c99da,cebc9101655b492d8d169628d81d9491,8e1e92250bc74d4abbf67e0976732cd4,1534867436648040,False,34752,32869,0.3522483710562414,18793,0.02265745563271605,1.7490022880859895,32746,0.409325,5808,3.63,5.638085399449036,18392,0.4105357142857143,72,2.7498614670152537
scene-0252,7ca5e90766dc4b7bb6a9b3b0d95c99da,3c75c6438658443fb97eb1069bbc3935,8e1e92250bc74d4abbf67e0976732cd4,1534867436697839,False,34752,32890,0.35247342249657065,18792,0.02265625,1.7502128565346957,32767,0.4095875,5821,3.638125,5.629101528946916,14441,0.32234375,72,2.7400950325345637
scene-0252,7ca5e90766dc4b7bb6a9b3b0d95c99da,518daf2e8b8b497ca5d78ae6f8c02ef4,8e1e92250bc74d4abbf67e0976732cd4,1534867436748116,False,34752,32902,0.35260202331961593,18838,0.02271170910493827,1.7465760696464594,32776,0.4097,5812,3.6325,5.639366827253958,14399,0.32140625,72,2.7301076741347723
scene-0252,7ca5e90766dc4b7bb6a9b3b0d95c99da,64d66bd411c7424b8e8677b235793389,8e1e92250bc74d4abbf67e0976732cd4,1534867436797894,False,34720,32874,0.3523019547325103,18750,0.022605613425925927,1.75328,32745,0.4093125,5768,3.605,5.677011095700416,14412,0.32169642857142855,72,2.7212215075225976
scene-0252,7ca5e90766dc4b7bb6a9b3b0d95c99da,745c08c51d6d4c39be7c7db9127ff6c7,8e1e92250bc74d4abbf67e0976732cd4,1534867436847671,False,34752,32914,0.35273062414266115,18739,0.022592351466049383,1.7564437803511392,32796,0.40995,5732,3.5825,5.721563154221912,14333,0.3199330357142857,72,2.7133626736670253
scene-0252,7ca5e90766dc4b7bb6a9b3b0d95c99da,4d49d4960a994bb0b806aa8d8516f430,8e1e92250bc74d4abbf67e0976732cd4,1534867436898622,False,34752,32896,0.35253772290809327,18697,0.022541714891975307,1.759426645985987,32785,0.4098125,5654,3.53375,5.79854969932791,14337,0.32002232142857145,72,2.7047577493383823
scene-0252,7ca5e90766dc4b7bb6a9b3b0d95c99da,b644676c79c64403bb99e4aaa4abe185,8e1e92250bc74d4abbf67e0976732cd4,1534867436947771,True,34720,32868,0.35223765432098764,18763,0.022621286651234567,1.7517454564835047,32787,0.4098375,5662,3.53875,5.79070999646768,14381,0.3210044642857143,72,2.697584628959118
scene-0252,7ca5e90766dc4b7bb6a9b3b0d95c99da,bf16d28f25ee4a9da71b31a377cc49d2,20ff8696dc2140f5ac9f70ca9e96b654,1534867436998054,False,34720,32840,0.351937585733882,18672,0.022511574074074073,1.758783204798629,32783,0.4097875,5633,3.520625,5.8198118231848035,18133,0.40475446428571427,67,3.0220238603757332
scene-0252,7ca5e90766dc4b7bb6a9b3b0d95c99da,3e7ba30afcb34e419723a060383cf2d3,20ff8696dc2140f5ac9f70ca9e96b654,1534867437047827,False,34752,32866,0.3522162208504801,18666,0.022504340277777778,1.7607414550519662,32822,0.410275,5601,3.500625,5.860024995536511,18179,0.40578125,67,3.01702720810901
scene-0252,7ca5e90766dc4b7bb6a9b3b0d95c99da,8e177c5315474f4ca2db6d165b8b28dc,20ff8696dc2140f5ac9f70ca9e96b654,1534867437098143,False,34720,32828,0.3518089849108368,18655,0.022491078317901234,1.7597426963280622,32801,0.4100125,5618,3.51125,5.838554645781417,15186,0.3389732142857143,67,3.012307853828472
scene-0252,7ca5e90766dc4b7bb6a9b3b0d95c99da,d59364775a40489bbc98f4564e63cc8b,20ff8696dc2140f5ac9f70ca9e96b654,1534867437147908,False,34752,32887,0.35244127229080935,18732,0.022583912037037038,1.755658765748452,32847,0.4105875,5632,3.52,5.832208806818182,18378,0.4102232142857143,67,3.0073807513640323
scene-0252,7ca5e90766dc4b7bb6a9b3b0d95c99da,ca70ecf1b6b247b58187ddefc79654f5,20ff8696dc2140f5ac9f70ca9e96b654,1534867437198224,False,34720,32844,0.35198045267489714,18622,0.022451292438271604,1.7637203307915368,32822,0.410275,5635,3.521875,5.824667258207631,18356,0.4097321428571429,67,2.9989780749344535
scene-0252,7ca5e90766dc4b7bb6a9b3b0d95c99da,3ae0b89f26484ef08ce752a58ea90564,20ff8696dc2140f5ac9f70ca9e96b654,1534867437248032,False,34720,32890,0.35247342249657065,18734,0.022586323302469135,1.7556314721896018,32869,0.4108625,5565,3.478125,5.90637915543576,15848,0.35375,67,2.9900841632524378
scene-0252,7ca5e90766dc4b7bb6a9b3b0d95c99da,52f33787ed0f452390b9e7c022c25fa3,20ff8696dc2140f5ac9f70ca9e96b654,1534867437298342,False,34752,32901,0.35259130658436216,18802,0.022668306327160492,1.7498670354217636,32876,0.41095,5584,3.49,5.887535816618911,14521,0.32412946428571426,67,2.9830329903074846
scene-0252,7ca5e90766dc4b7bb6a9b3b0d95c99da,ce8124b7f7314c94ad8cc8ced02d201f,20ff8696dc2140f5ac9f70ca9e96b654,1534867437348076,False,34752,32936,0.35296639231824417,18822,0.022692418981481482,1.7498671767081075,32912,0.4114,5603,3.501875,5.8739960735320365,14504,0.32375,67,2.976995591678239
scene-0252,7ca5e90766dc4b7bb6a9b3b0d95c99da,6b95970b2b12435d953d50cbbc9bbb80,20ff8696dc2140f5ac9f70ca9e96b654,1534867437398416,True,34752,32905,0.35263417352537724,18817,0.022686390817901234,1.7486847000053143,32883,0.4110375,5578,3.48625,5.895123700250986,14567,0.32515625,67,2.9714312717903786
scene-0252,7ca5e90766dc4b7bb6a9b3b0d95c99da,fef5f38e5bdf48afb28023be913bb715,d1615a1a13434d4cb27bc83b1bb36785,1534867437448158,False,34752,32956,0.3531807270233196,18819,0.022688802083333334,1.751208884637866,32933,0.4116625,5501,3.438125,5.986729685511725,14565,0.32511160714285714,65,3.187047712640179
scene-0252,7ca5e90766dc4b7bb6a9b3b0d95c99da,5fd794c303eb40c1ac4ced3f06e42168,d1615a1a13434d4cb27bc83b1bb36785,1534867437499906,False,34752,32960,0.3532235939643347,18875,0.022756317515432098,1.746225165562914,32942,0.411775,5490,3.43125,6.000364298724954,14802,0.3304017857142857,65,3.187080773863846
scene-0252,7ca5e90766dc4b7bb6a9b3b0d95c99da,7ed9b835c67c4c209352c553752c40a3,d1615a1a13434d4cb27bc83b1bb36785,1534867437548282,False,34752,32954,0.35315929355281206,18722,0.022571855709876545,1.7601751949578037,32943,0.4117875,5472,3.42,6.020285087719298,18327,0.40908482142857144,65,3.1892370649721737
scene-0252,7ca5e90766dc4b7bb6a9b3b0d95c99da,7e2ab55fa3eb4efeb954e874fd00df2f,d1615a1a13434d4cb27bc83b1bb36785,1534867437598038,False,34720,32953,0.3531485768175583,18819,0.022688802083333334,1.7510494712790265,32940,0.41175,5468,3.4175,6.024140453547915,18416,0.4110714285714286,65,3.193567821456778
scene-0252,7ca5e90766dc4b7bb6a9b3b0d95c99da,2ad606478d6046ed8b1b12d6f596af1b,d1615a1a13434d4cb27bc83b1bb36785,1534867437648336,False,34752,33015,0.35381301440329216,18788,0.0226514274691358,1.7572386629763679,33007,0.4125875,5443,3.401875,6.064119051993386,18489,0.41270089285714284,65,3.2000804437689365
scene-0252,7ca5e90766dc4b7bb6a9b3b0d95c99da,e1469a8f045a4f3ca74205645ca89342,d1615a1a13434d4cb27bc83b1bb36785,1534867437698112,False,34720,33010,0.3537594307270233,18807,0.02267433449074074,1.7551975328335194,33002,0.412525,5461,3.413125,6.043215528291522,18432,0.4114285714285714,65,3.2085750707466594
scene-0252,7ca5e90766dc4b7bb6a9b3b0d95c99da,0801bfdca97e4ef3be8638d983717d59,d1615a1a13434d4cb27bc83b1bb36785,1534867437748436,False,34752,33072,0.3544238683127572,18807,0.02267433449074074,1.7584941776997927,33061,0.4132625,5452,3.4075,6.064013206162876,18430,0.4113839285714286,65,3.215744537984622
scene-0252,7ca5e90766dc4b7bb6a9b3b0d95c99da,acdb1c0963784fcdb0b8b1bc81a56885,d1615a1a13434d4cb27bc83b1bb36785,1534867437798188,False,34720,33073,0.35443458504801095,18802,0.022668306327160492,1.759014998404425,33062,0.413275,5371,3.356875,6.155650716812512,18535,0.41372767857142856,65,3.2232844483845353
scene-0252,7ca5e90766dc4b7bb6a9b3b0d95c99da,1683030670864a45aed40851ec529d6d,d1615a1a13434d4cb27bc83b1bb36785,1534867437848515,False,34720,33106,0.3547882373113855,18905,0.02279248649691358,1.7511769373181698,33096,0.4137,5376,3.36,6.15625,18515,0.41328125,65,3.2308404690111323
scene-0252,7ca5e90766dc4b7bb6a9b3b0d95c99da,f17385b6dc554ac48181db8fbdf11902,d1615a1a13434d4cb27bc83b1bb36785,1534867437898272,True,34752,33161,0.3553776577503429,18942,0.02283709490740741,1.7506599091964945,33150,0.414375,5346,3.34125,6.200897867564534,14727,0.3287276785714286,65,3.2378211950807465
scene-0252,7ca5e90766dc4b7bb6a9b3b0d95c99da,06a0f9f0c0364877b10011469fe86ffb,9db608bfb1ef4289954a26d159708f94,1534867437948593,False,34720,33164,0.3554098079561043,18913,0.022802131558641976,1.7535028816158198,33152,0.4144,5320,3.325,6.231578947368421,14785,0.3300223214285714,62,3.106347934503737
scene-0252,7ca5e90766dc4b7bb6a9b3b0d95c99da,1b5d3938d62f45c48cc0b11f6c944122,9db608bfb1ef4289954a26d159708f94,1534867437998356,False,34720,33195,0.3557420267489712,18956,0.0228539737654321,1.7511605824013505,33183,0.4147875,5304,3.315,6.256221719457014,14785,0.3300223214285714,62,3.111308501849008
scene-0252,7ca5e90766dc4b7bb6a9b3b0d95c99da,d72ecd1645b5426cbfb00ef0aeca3a20,9db608bfb1ef4289954a26d159708f94,1534867438048125,False,34720,33223,0.35604209533607684,18975,0.02287688078703704,1.7508827404479579,33207,0.4150875,5246,3.27875,6.329965688143347,15116,0.3374107142857143,62,3.116358741877503
scene-0252,7ca5e90766dc4b7bb6a9b3b0d95c99da,178d80cad1044f909382861f8f7bcdc5,9db608bfb1ef4289954a26d159708f94,1534867438098461,False,34720,33227,0.3560849622770919,18920,0.02281057098765432,1.756183932346723,33213,0.4151625,5190,3.24375,6.399421965317919,14902,0.3326339285714286,62,3.1212712102229405
scene-0252,7ca5e90766dc4b7bb6a9b3b0d95c99da,709189f9f6364f54bb7532164bd040e1,9db608bfb1ef4289954a26d159708f94,1534867438148214,False,34720,33248,0.3563100137174211,18906,0.02279369212962963,1.7585951549772558,33232,0.4154,5154,3.22125,6.447807528133488,16062,0.3585267857142857,62,3.1268002827836225
scene-0252,7ca5e90766dc4b7bb6a9b3b0d95c99da,2c121669b22e4ff098bc806b24e26358,9db608bfb1ef4289954a26d159708f94,1534867438198532,False,34720,33278,0.35663151577503427,18863,0.022741849922839508,1.7641944547526904,33270,0.415875,5144,3.215,6.467729393468118,18639,0.41604910714285714,62,3.133086010918395
scene-0252,7ca5e90766dc4b7bb6a9b3b0d95c99da,4c459e9257bd4ee09e5aca7937159e3e,9db608bfb1ef4289954a26d159708f94,1534867438248293,False,34720,33274,0.3565886488340192,18884,0.022767168209876544,1.7620207583139165,33267,0.4158375,5132,3.2075,6.482268121590024,18383,0.4103348214285714,62,3.140238922711805
scene-0252,7ca5e90766dc4b7bb6a9b3b0d95c99da,fedddf1ccd9444fb8a4f601ae3197377,9db608bfb1ef4289954a26d159708f94,1534867438298624,False,34720,33289,0.3567493998628258,18910,0.02279851466049383,1.7603913273400318,33274,0.415925,5165,3.228125,6.442207163601162,14923,0.33310267857142856,62,3.1478122419801955
scene-0252,7ca5e90766dc4b7bb6a9b3b0d95c99da,c676cd57c0834986911e0240a1db8881,9db608bfb1ef4289954a26d159708f94,1534867438348377,False,34720,33317,0.3570494684499314,18863,0.022741849922839508,1.7662619943805333,33304,0.4163,5128,3.205,6.494539781591263,15425,0.3443080357142857,62,3.1545620517938158
scene-0252,7ca5e90766dc4b7bb6a9b3b0d95c99da,a1928107a9014973b7900d17d6e964c9,9db608bfb1ef4289954a26d159708f94,1534867438398169,True,34720,33351,0.35741383744855965,18748,0.022603202160493826,1.778909750373373,33338,0.416725,5137,3.210625,6.489780027253261,18716,0.41776785714285714,62,3.1610539638866055
scene-0252,7ca5e90766dc4b7bb6a9b3b0d95c99da,b69d32aef1ce46119d92e8e4020cb65a,214e5949f3184ff193c1b77140f7920a,1534867438448663,False,34752,33372,0.3576388888888889,18771,0.022630931712962963,1.7778488093335465,33365,0.4170625,5071,3.169375,6.5795701045158745,18250,0.40736607142857145,60,2.9433656091337874
scene-0252,7ca5e90766dc4b7bb6a9b3b0d95c99da,1dcb78afb27547b9bd11b56f14090e94,214e5949f3184ff193c1b77140f7920a,1534867438498255,False,34752,33391,0.35784250685871055,18691,0.022534481095679012,1.7864747739553797,33383,0.4172875,5053,3.158125,6.606570354245003,14848,0.3314285714285714,60,2.9507069414647247
scene-0252,7ca5e90766dc4b7bb6a9b3b0d95c99da,8f3ea894b4de4691ad369738995997fc,214e5949f3184ff193c1b77140f7920a,1534867438548564,False,34752,33390,0.3578317901234568,18662,0.02249951774691358,1.7891972993248313,33384,0.4173,5041,3.150625,6.622495536599881,14889,0.33234375,60,2.9548638724460385
scene-0252,7ca5e90766dc4b7bb6a9b3b0d95c99da,66051ae817c74b02a44df828a5d55022,214e5949f3184ff193c1b77140f7920a,1534867438598347,False,34752,33401,0.3579496742112483,18645,0.02247902199074074,1.7914186108876375,33399,0.4174875,5012,3.1325,6.663806863527534,16810,0.3752232142857143,60,2.959820800907138
scene-0252,7ca5e90766dc4b7bb6a9b3b0d95c99da,99168ddb5a5b4e929ca12e820fc1f13f,214e5949f3184ff193c1b77140f7920a,1534867438648638,False,34784,33443,0.35839977709190673,18792,0.02265625,1.7796402724563645,33441,0.4180125,4995,3.121875,6.694894894894895,17795,0.3972098214285714,60,2.964809299610353
scene-0252,7ca5e90766dc4b7bb6a9b3b0d95c99da,62bf773b41c14fba96075eb8af84537c,214e5949f3184ff193c1b77140f7920a,1534867438698458,False,34752,33417,0.35812114197530864,18727,0.02257788387345679,1.784428899449992,33415,0.4176875,4963,3.101875,6.732822889381422,14899,0.3325669642857143,60,2.969902326459441
scene-0252,7ca5e90766dc4b7bb6a9b3b0d95c99da,b248b9a722374e6aa8754b8de358ef7b,214e5949f3184ff193c1b77140f7920a,1534867438748717,False,34752,33422,0.3581747256515775,18820,0.02269000771604938,1.7758767268862912,33420,0.41775,4944,3.09,6.759708737864078,14853,0.3315401785714286,60,2.9763178741865643
scene-0252,7ca5e90766dc4b7bb6a9b3b0d95c99da,ecdcc0e5250b482a99cfbc90101ca32c,214e5949f3184ff193c1b77140f7920a,1534867438798511,False,34720,33387,0.3577996399176955,18850,0.022726176697530864,1.7711936339522547,33378,0.417225,4938,3.08625,6.759416767922236,14832,0.33107142857142857,60,2.9834308372117646
scene-0252,7ca5e90766dc4b7bb6a9b3b0d95c99da,9e39f9db20eb4cdd9e81efe0f791aebf,214e5949f3184ff193c1b77140f7920a,1534867438848821,False,34752,33414,0.35808899176954734,18823,0.022693624614197532,1.77516867661903,33409,0.4176125,4914,3.07125,6.798738298738299,14820,0.3308035714285714,60,2.990097578187052
scene-0252,7ca5e90766dc4b7bb6a9b3b0d95c99da,4b2448b6544e4a2fb970dc06167dcfb9,214e5949f3184ff193c1b77140f7920a,1534867438898596,True,34752,33435,0.35831404320987653,18946,0.022841917438271606,1.7647524543439248,33431,0.4178875,4889,3.055625,6.838003681734506,16558,0.36959821428571427,60,2.9968594272486633
scene-0252,7ca5e90766dc4b7bb6a9b3b0d95c99da,6aabab9f737c4c03ac45dea47f2155d9,eafea6fd72a646e98831842d9ebbd18a,1534867438948913,False,34720,33410,0.3580461248285322,18834,0.022706886574074076,1.7739195072740788,33405,0.4175625,4892,3.0575,6.8284955028618155,18535,0.41372767857142856,58,2.807847636046237
scene-0252,7ca5e90766dc4b7bb6a9b3b0d95c99da,6dff7f818bdc48b6a6e96b2e40392491,eafea6fd72a646e98831842d9ebbd18a,1534867438998674,False,34752,33455,0.358528377914952,18916,0.022805748456790124,1.768608585324593,33445,0.4180625,4883,3.051875,6.849272987917264,14773,0.3297544642857143,58,2.816577735037402
scene-0252,7ca5e90766dc4b7bb6a9b3b0d95c99da,8e838f9c5f5f473f96499c9cb4142ba0,eafea6fd72a646e98831842d9ebbd18a,1534867439048989,False,34752,33470,0.3586891289437586,18901,0.022787663966049383,1.7708057774720913,33461,0.4182625,4867,3.041875,6.875077049517157,14770,0.3296875,58,2.8176378440496648
scene-0252,7ca5e90766dc4b7bb6a9b3b0d95c99da,e4ce16cc8887417b8e78e296b92c48aa,eafea6fd72a646e98831842d9ebbd18a,1534867439098749,False,34720,33451,0.3584855109739369,18895,0.022780430169753087,1.7703625297697803,33439,0.4179875,4881,3.050625,6.850850235607457,15253,0.34046875,58,2.816752540030497
scene-0252,7ca5e90766dc4b7bb6a9b3b0d95c99da,7d4ff42c51db481ab291bf440a5ee521,eafea6fd72a646e98831842d9ebbd18a,1534867439149065,False,34720,33450,0.3584747942386831,18859,0.02273702739197531,1.7736889548756563,33438,0.417975,4830,3.01875,6.922981366459627,18700,0.4174107142857143,58,2.8156540512992327
scene-0252,7ca5e90766dc4b7bb6a9b3b0d95c99da,eb393ed20b984c3380aa7c1d9dae30ab,eafea6fd72a646e98831842d9ebbd18a,1534867439199308,False,34752,33474,0.35873199588477367,18969,0.02286964699074074,1.7646686699351573,33461,0.4182625,4853,3.033125,6.894910364722852,14789,0.33011160714285714,58,2.8152069278903378
scene-0252,7ca5e90766dc4b7bb6a9b3b0d95c99da,5fa18e18fedf45758dbd4acd6697c6fd,eafea6fd72a646e98831842d9ebbd18a,1534867439249155,False,34720,33407,0.3580139746227709,18913,0.022802131558641976,1.766351187014223,33396,0.41745,4864,3.04,6.865953947368421,14809,0.3305580357142857,58,2.8153991537008385
scene-0252,7ca5e90766dc4b7bb6a9b3b0d95c99da,5414fe80d4734dfb9ea811a0490260e3,eafea6fd72a646e98831842d9ebbd18a,1534867439298950,False,34720,33423,0.35818544238683125,18879,0.022761140046296296,1.7703797870649929,33409,0.4176125,4870,3.04375,6.860164271047228,14843,0.3313169642857143,58,2.816217900424658
scene-0252,7ca5e90766dc4b7bb6a9b3b0d95c99da,490fa20ee3b14105b294fadfaebcfc41,eafea6fd72a646e98831842d9ebbd18a,1534867439348701,False,34720,33426,0.3582175925925926,18880,0.022762345679012346,1.7704449152542372,33414,0.417675,4826,3.01625,6.923746373808537,15041,0.33573660714285714,58,2.8176558770531797
scene-0252,7ca5e90766dc4b7bb6a9b3b0d95c99da,00c550b22a1f42dabd43fdc12412156b,eafea6fd72a646e98831842d9ebbd18a,1534867439399032,True,34752,33484,0.3588391632373114,18944,0.022839506172839506,1.767525337837838,33469,0.4183625,4810,3.00625,6.958212058212058,14879,0.33212053571428574,58,2.8197352050729783
scene-0252,7ca5e90766dc4b7bb6a9b3b0d95c99da,99c76aedd35d4667a5c27b1afdaa0dc1,fd6a029e1a8f486a8aea7581ad8e9eaa,1534867439448778,False,34720,33474,0.35873199588477367,18926,0.022817804783950617,1.768678009088027,33458,0.418225,4831,3.019375,6.925688263299524,14837,0.3311830357142857,55,3.5463148740980786
scene-0252,7ca5e90766dc4b7bb6a9b3b0d95c99da,fdd82f9b84e6434e93c7b3db8fc9ee6b,fd6a029e1a8f486a8aea7581ad8e9eaa,1534867439499100,False,34720,33486,0.35886059670781895,18924,0.02281539351851852,1.7694990488268865,33468,0.41835,4816,3.01,6.9493355481727574,14840,0.33125,55,3.541250745818938
scene-0252,7ca5e90766dc4b7bb6a9b3b0d95c99da,0a7b743e5e194856911fc15d9d2200e5,fd6a029e1a8f486a8aea7581ad8e9eaa,1534867439548869,False,34752,33519,0.3592142489711934,18913,0.022802131558641976,1.7722730397081372,33507,0.4188375,4781,2.988125,7.008366450533361,14915,0.33292410714285714,55,3.5361003271080724
scene-0252,7ca5e90766dc4b7bb6a9b3b0d95c99da,9509211e6d5040c5a70d249df7a2c91c,fd6a029e1a8f486a8aea7581ad8e9eaa,1534867439599196,False,34720,33485,0.3588498799725652,18853,0.02272979359567901,1.7761099029332201,33472,0.4184,4764,2.9775,7.026028547439127,18606,0.4153125,55,3.5285204678732067
scene-0252,7ca5e90766dc4b7bb6a9b3b0d95c99da,bf43598d65a64102a67b45c5316b8439,fd6a029e1a8f486a8aea7581ad8e9eaa,1534867439648947,False,34752,33532,0.35935356652949246,18887,0.02277078510802469,1.7754010695187166,33522,0.419025,4763,2.976875,7.038001259710267,15631,0.34890625,55,3.52210737104772
scene-0252,7ca5e90766dc4b7bb6a9b3b0d95c99da,e9b0282fec6d435c9903be7c9c202791,fd6a029e1a8f486a8aea7581ad8e9eaa,1534867439699272,False,34752,33513,0.3591499485596708,18928,0.022820216049382717,1.7705515638207945,33500,0.41875,4764,2.9775,7.031905961376994,15579,0.34774553571428574,55,3.517060469077883
scene-0252,7ca5e90766dc4b7bb6a9b3b0d95c99da,9bb4578d3f1a4552b37d1da23bd07a90,fd6a029e1a8f486a8aea7581ad8e9eaa,1534867439749040,False,34720,33513,0.3591499485596708,18926,0.022817804783950617,1.7707386663848674,33506,0.418825,4738,2.96125,7.071760236386661,16098,0.35933035714285716,55,3.5124218654636805
scene-0252,7ca5e90766dc4b7bb6a9b3b0d95c99da,cb16dec04c644603bc5e986db078365a,fd6a029e1a8f486a8aea7581ad8e9eaa,1534867439798808,False,34720,33536,0.35939643347050754,18823,0.022693624614197532,1.781650108909313,33525,0.4190625,4710,2.94375,7.117834394904459,14781,0.3299330357142857,55,3.5077420913658703
scene-0252,7ca5e90766dc4b7bb6a9b3b0d95c99da,1b494e7676214ce391484130b67693c0,fd6a029e1a8f486a8aea7581ad8e9eaa,1534867439849154,False,34752,33553,0.35957861796982166,18799,0.022664689429012345,1.7848289802649078,33544,0.4193,4674,2.92125,7.176722293538725,14894,0.3324553571428571,55,3.5026751551717363
scene-0252,7ca5e90766dc4b7bb6a9b3b0d95c99da,37fa35d549c2453b8c5df86975bbda48,fd6a029e1a8f486a8aea7581ad8e9eaa,1534867439898892,True,34720,33525,0.35927854938271603,18831,0.022703269675925924,1.7803090648398916,33518,0.418975,4686,2.92875,7.152795561246266,18788,0.419375,55,3.496379740494578
scene-0252,7ca5e90766dc4b7bb6a9b3b0d95c99da,d1011dd9f9c648558e6a83bead85e73b,ca52fde5c3714f6ab5afdcbf7241bb96,1534867439949201,False,34720,33516,0.3591820987654321,18808,0.02267554012345679,1.782007656316461,33512,0.4189,4702,2.93875,7.127179923436835,18795,0.41953125,54,3.697719985081213
scene-0252,7ca5e90766dc4b7bb6a9b3b0d95c99da,50018a6947324210809f42a7d00dc784,ca52fde5c3714f6ab5afdcbf7241bb96,1534867439998973,False,34752,33541,0.3594500171467764,18800,0.022665895061728395,1.784095744680851,33536,0.4192,4717,2.948125,7.109603561585754,18810,0.4198660714285714,54,3.7003255882050015
scene-0252,7ca5e90766dc4b7bb6a9b3b0d95c99da,991807e6ddec4e7abc7242b5ace19eff,ca52fde5c3714f6ab5afdcbf7241bb96,1534867440049294,False,34720,33508,0.3590963648834019,18833,0.022705680941358025,1.7792173312801995,33504,0.4188,4682,2.92625,7.1559162750961125,18737,0.41823660714285715,54,3.704043879742436
scene-0252,7ca5e90766dc4b7bb6a9b3b0d95c99da,f505670ee2e747f6bff264fc48ee71e6,ca52fde5c3714f6ab5afdcbf7241bb96,1534867440099074,False,34720,33545,0.3594928840877915,18768,0.022627314814814815,1.787350809889173,33538,0.419225,4666,2.91625,7.187741105872267,18358,0.4097767857142857,54,3.7093828964309044
scene-0252,7ca5e90766dc4b7bb6a9b3b0d95c99da,2511f912f9fa4ed296b285231d470578,ca52fde5c3714f6ab5afdcbf7241bb96,1534867440149392,False,34720,33561,0.35966435185185186,18784,0.022646604938271604,1.786680153321976,33550,0.419375,4668,2.9175,7.187232219365895,18852,0.42080357142857144,54,3.7164521478161525
scene-0252,7ca5e90766dc4b7bb6a9b3b0d95c99da,25912804aa804b88b566bf0110ef6c7c,ca52fde5c3714f6ab5afdcbf7241bb96,1534867440199182,False,34720,33546,0.3595036008230453,18815,0.022683979552469136,1.7829391442997609,33539,0.4192375,4652,2.9075,7.2095872742906275,18837,0.42046875,54,3.725095583153103
scene-0252,7ca5e90766dc4b7bb6a9b3b0d95c99da,10c1e589492f4c8fb0badce5356a5f1e,ca52fde5c3714f6ab5afdcbf7241bb96,1534867440248910,False,34688,33517,0.3591928155006859,18780,0.02264178240740741,1.7847177848775293,33503,0.4187875,4694,2.93375,7.137409458883681,17772,0.39669642857142856,54,3.735359454139436
scene-0252,7ca5e90766dc4b7bb6a9b3b0d95c99da,df737cc357094ffd9f0164c758f3a9c9,ca52fde5c3714f6ab5afdcbf7241bb96,1534867440299315,False,34720,33580,0.3598679698216735,18756,0.02261284722222222,1.7903604179995736,33571,0.4196375,4639,2.899375,7.236688941582238,15082,0.3366517857142857,54,3.7474232417134172
scene-0252,7ca5e90766dc4b7bb6a9b3b0d95c99da,2b21302f9caf4719ad6085c943d2f34c,ca52fde5c3714f6ab5afdcbf7241bb96,1534867440348991,False,34688,33532,0.35935356652949246,18741,0.02259476273148148,1.789232164772424,33521,0.4190125,4622,2.88875,7.252488100389442,17684,0.39473214285714286,54,3.7564348191339727
scene-0252,7ca5e90766dc4b7bb6a9b3b0d95c99da,ae5d267e465e41449d9cf316d7842d2c,ca52fde5c3714f6ab5afdcbf7241bb96,1534867440398762,True,34720,33597,0.36005015432098764,18833,0.022705680941358025,1.78394307863856,33583,0.4197875,4628,2.8925,7.256482281763181,18810,0.4198660714285714,54,3.760410800061644
scene-0252,7ca5e90766dc4b7bb6a9b3b0d95c99da,2f79bfb793534d71b554eb6a05f2e632,916dc454f60748249f90175b2c45b9bf,1534867440449077,False,34688,33569,0.359750085733882,18764,0.022622492283950617,1.7890108718823279,33554,0.419425,4604,2.8775,7.288010425716768,18838,0.42049107142857145,57,3.9054799877906246
scene-0252,7ca5e90766dc4b7bb6a9b3b0d95c99da,ab586aeb967e4a828456eac4f9523b53,916dc454f60748249f90175b2c45b9bf,1534867440498878,False,34720,33615,0.3602430555555556,18788,0.0226514274691358,1.7891739408132852,33597,0.4199625,4596,2.8725,7.310052219321149,18780,0.4191964285714286,57,3.9089296572131356
scene-0252,7ca5e90766dc4b7bb6a9b3b0d95c99da,9dfa427015c3490e80352b5e47e42945,916dc454f60748249f90175b2c45b9bf,1534867440549191,False,34688,33589,0.3599644204389575,18680,0.02252121913580247,1.7981263383297645,33567,0.4195875,4569,2.855625,7.346684175968483,18181,0.4058258928571429,57,3.9113247314766464
scene-0252,7ca5e90766dc4b7bb6a9b3b0d95c99da,198d3c2fbc364a35a7f3dffd4444151e,916dc454f60748249f90175b2c45b9bf,1534867440598931,False,34720,33593,0.36000728737997256,18724,0.022574266975308642,1.794114505447554,33574,0.419675,4581,2.863125,7.328967474350579,18778,0.41915178571428574,57,3.914888337774373
scene-0252,7ca5e90766dc4b7bb6a9b3b0d95c99da,6232b7745dcb4084b27abae18d901a2e,916dc454f60748249f90175b2c45b9bf,1534867440648695,False,34688,33557,0.3596214849108368,18720,0.022569444444444444,1.7925747863247863,33540,0.41925,4607,2.879375,7.280225743433905,18830,0.4203125,57,3.919493277322859
scene-0252,7ca5e90766dc4b7bb6a9b3b0d95c99da,d47254b05ed24c4688da49aa419a86d4,916dc454f60748249f90175b2c45b9bf,1534867440699022,False,34720,33578,0.359846536351166,18753,0.022609230324074074,1.7905401802378287,33553,0.4194125,4607,2.879375,7.283047536357716,18765,0.41886160714285714,57,3.9257052166095168
scene-0252,7ca5e90766dc4b7bb6a9b3b0d95c99da,f8bcc33a4d6d40faa39e7d9873cccf0a,916dc454f60748249f90175b2c45b9bf,1534867440748781,False,34688,33573,0.35979295267489714,18774,0.02263454861111111,1.7882710131032278,33549,0.4193625,4608,2.88,7.280598958333333,18741,0.41832589285714283,57,3.9294576676157753
scene-0252,7ca5e90766dc4b7bb6a9b3b0d95c99da,2a59f9dae9cd451f95f017be14efd821,916dc454f60748249f90175b2c45b9bf,1534867440798551,False,34688,33570,0.3597608024691358,18742,0.02259596836419753,1.7911642300714972,33539,0.4192375,4571,2.856875,7.337344126011813,18815,0.4199776785714286,57,3.9348074327208216
scene-0252,7ca5e90766dc4b7bb6a9b3b0d95c99da,a6d062a377844271976f31b30fdea6e2,916dc454f60748249f90175b2c45b9bf,1534867440848893,False,34720,33645,0.36056455761316875,18764,0.022622492283950617,1.7930611809848647,33621,0.4202625,4539,2.836875,7.407138136153338,18872,0.42125,57,3.9387864669525876
scene-0252,7ca5e90766dc4b7bb6a9b3b0d95c99da,9d462703ed4c419aa881caecba8b6613,916dc454f60748249f90175b2c45b9bf,1534867440898654,True,34688,33614,0.36023233882030176,18713,0.0225610050154321,1.7962913482605676,33588,0.41985,4505,2.815625,7.455715871254162,18875,0.4213169642857143,57,3.943909827039883
scene-0252,7ca5e90766dc4b7bb6a9b3b0d95c99da,e00a508b01264c6bbb82aa81221e2d78,232006ab15cb4c52b1b778327c7cf719,1534867440948950,False,34720,33634,0.36044667352537724,18686,0.022528452932098767,1.7999571871989726,33607,0.4200875,4515,2.821875,7.443410852713178,18872,0.42125,54,3.5408635121564536
scene-0252,7ca5e90766dc4b7bb6a9b3b0d95c99da,773cc8ba6a014bb0be80564f504e13fc,232006ab15cb4c52b1b778327c7cf719,1534867440998734,False,34688,33623,0.36032878943758573,18708,0.02255497685185185,1.7972525122942058,33590,0.419875,4505,2.815625,7.456159822419534,18885,0.42154017857142856,54,3.54251771575767
scene-0252,7ca5e90766dc4b7bb6a9b3b0d95c99da,a0836d2cc6f74b58943d2e48a1f2f4fd,232006ab15cb4c52b1b778327c7cf719,1534867441048488,False,34688,33618,0.3602752057613169,18700,0.022545331790123458,1.7977540106951873,33589,0.4198625,4516,2.8225,7.437776793622675,18843,0.4206026785714286,54,3.5403184080704837
scene-0252,7ca5e90766dc4b7bb6a9b3b0d95c99da,5478324c6f554ac0ab32b365bf2f7c09,232006ab15cb4c52b1b778327c7cf719,1534867441098820,False,34720,33668,0.3608110425240055,18707,0.022553771219135803,1.799754102742289,33633,0.4204125,4499,2.811875,7.475661258057346,18913,0.42216517857142855,54,3.5342367178711904
scene-0252,7ca5e90766dc4b7bb6a9b3b0d95c99da,8eacfd8cb9524e69820a75231e070f7c,232006ab15cb4c52b1b778327c7cf719,1534867441148588,False,34688,33646,0.3605752743484225,18642,0.022475405092592594,1.8048492651003112,33610,0.420125,4426,2.76625,7.593764121102575,18925,0.4224330357142857,54,3.5282609155678237
scene-0252,7ca5e90766dc4b7bb6a9b3b0d95c99da,98c28f534dfc44ee922820d4f263fb81,232006ab15cb4c52b1b778327c7cf719,1534867441198344,False,34720,33673,0.3608646262002744,18695,0.02253930362654321,1.8011767852366942,33630,0.420375,4465,2.790625,7.531914893617022,18811,0.41988839285714286,54,3.5241955292225504
scene-0252,7ca5e90766dc4b7bb6a9b3b0d95c99da,48fdda0e62d34f48b541a5ee8f85fe86,232006ab15cb4c52b1b778327c7cf719,1534867441248674,False,34688,33659,0.36071459190672156,18621,0.022450086805555554,1.8075828365823532,33619,0.4202375,4485,2.803125,7.495875139353401,18606,0.4153125,54,3.5231460547324995
scene-0252,7ca5e90766dc4b7bb6a9b3b0d95c99da,ce8291c7219c4cadba4c435e3a7fa88c,232006ab15cb4c52b1b778327c7cf719,1534867441298498,False,34720,33688,0.36102537722908096,18599,0.02242356288580247,1.8112801763535673,33649,0.4206125,4458,2.78625,7.548003589053387,18937,0.42270089285714285,54,3.5267404096138537
scene-0252,7ca5e90766dc4b7bb6a9b3b0d95c99da,14a5dcde461849fbbe0d60595ac81f2b,232006ab15cb4c52b1b778327c7cf719,1534867441348214,False,34688,33656,0.3606824417009602,18541,0.022353636188271606,1.8152203225284504,33608,0.4201,4457,2.785625,7.540498092887592,18939,0.4227455357142857,54,3.5350560978073213
scene-0252,7ca5e90766dc4b7bb6a9b3b0d95c99da,623bfa3c16db440f91d3556cdc0f8f7b,232006ab15cb4c52b1b778327c7cf719,1534867441398516,True,34720,33691,0.36105752743484226,18494,0.022296971450617285,1.8217259651778954,33648,0.4206,4449,2.780625,7.563047875927174,18690,0.4171875,54,3.5468287453981895
scene-0252,7ca5e90766dc4b7bb6a9b3b0d95c99da,7a233dcea00641fbbe501900d2fde7d0,b55af983104a4798b95aadf638d69425,1534867441448283,False,34688,33670,0.360832475994513,18553,0.022368103780864197,1.8148008408343663,33620,0.42025,4438,2.77375,7.575484452456061,14614,0.32620535714285714,55,3.7467980869156277
scene-0252,7ca5e90766dc4b7bb6a9b3b0d95c99da,b9eef4845a7a42e18bb4cb79a5c72046,b55af983104a4798b95aadf638d69425,1534867441498636,False,34688,33672,0.36085390946502055,18501,0.02230541087962963,1.8200097292038269,33621,0.4202625,4454,2.78375,7.5484957341715315,18589,0.4149330357142857,55,3.748498842283102
scene-0252,7ca5e90766dc4b7bb6a9b3b0d95c99da,ea69b5dd7fc749f2af22c985da76adf0,b55af983104a4798b95aadf638d69425,1534867441548370,False,34688,33688,0.36102537722908096,18491,0.022293354552469134,1.8218592828943811,33642,0.420525,4460,2.7875,7.54304932735426,18907,0.42203125,55,3.751825131892449
scene-0252,7ca5e90766dc4b7bb6a9b3b0d95c99da,d8a4c91ab3cf48c8bcb6f8d164bbc523,b55af983104a4798b95aadf638d69425,1534867441598151,False,34688,33675,0.3608860596707819,18396,0.022178819444444445,1.8305609915198957,33632,0.4204,4405,2.753125,7.6349602724177075,18901,0.42189732142857145,55,3.7547402335952498
scene-0252,7ca5e90766dc4b7bb6a9b3b0d95c99da,21251ce5312143f692086368a1cbc937,b55af983104a4798b95aadf638d69425,1534867441648627,False,34688,33680,0.36093964334705075,18372,0.022149884259259258,1.8332244720226432,33637,0.4204625,4445,2.778125,7.567379077615298,18895,0.42176339285714287,55,3.7580102314987416
scene-0252,7ca5e90766dc4b7bb6a9b3b0d95c99da,161af6c971ed4c19819e0b42cd320061,b55af983104a4798b95aadf638d69425,1534867441698269,False,34688,33687,0.36101466049382713,18325,0.022093219521604937,1.8383083219645293,33645,0.4205625,4446,2.77875,7.567476383265857,18945,0.42287946428571427,55,3.7627363478523117
scene-0252,7ca5e90766dc4b7bb6a9b3b0d95c99da,252ef9fee9714a89aab53f8e6135fb42,b55af983104a4798b95aadf638d69425,1534867441747982,False,34688,33685,0.3609932270233196,18307,0.022071518132716048,1.840006554869722,33644,0.42055,4417,2.760625,7.616934570975776,18888,0.42160714285714285,55,3.7668577138336867
scene-0252,7ca5e90766dc4b7bb6a9b3b0d95c99da,f3adbb3be78a479f8b36db185bd5a279,b55af983104a4798b95aadf638d69425,1534867441798300,False,34688,33708,0.3612397119341564,18286,0.022046199845679012,1.8433774472273872,33665,0.4208125,4442,2.77625,7.578793336334984,14480,0.32321428571428573,55,3.7601053912555957
scene-0252,7ca5e90766dc4b7bb6a9b3b0d95c99da,08cd33c5f5a54fdb9928067f953ffb89,b55af983104a4798b95aadf638d69425,1534867441848070,False,34688,33717,0.36133616255144035,18197,0.021938898533950618,1.8528878386547234,33673,0.4209125,4423,2.764375,7.613158489712864,15666,0.3496875,55,3.752025476898821
scene-0252,7ca5e90766dc4b7bb6a9b3b0d95c99da,34a61a033e85499bb8344f261fc9587a,b55af983104a4798b95aadf638d69425,1534867441898462,True,34688,33706,0.36121827846364885,18113,0.02183762538580247,1.8608734058411085,33654,0.420675,4416,2.76,7.6209239130434785,18982,0.4237053571428571,55,3.7452584938895392
scene-0252,7ca5e90766dc4b7bb6a9b3b0d95c99da,c5f6cb93bb0446babda541559f7e8688,232f2c97dd404785981a5404e3133f2b,1534867441948169,False,34720,33718,0.3613468792866941,18138,0.021867766203703703,1.8589701179843423,33676,0.42095,4410,2.75625,7.636281179138322,17010,0.3796875,50,3.9142746676362554
scene-0252,7ca5e90766dc4b7bb6a9b3b0d95c99da,b8333772ebfe4d31ac6f20b15a04cf36,232f2c97dd404785981a5404e3133f2b,1534867441997956,False,34688,33695,0.36110039437585734,18162,0.021896701388888887,1.8552472194692216,33659,0.4207375,4431,2.769375,7.596253667343714,14438,0.3222767857142857,50,3.911261303714885
scene-0252,7ca5e90766dc4b7bb6a9b3b0d95c99da,82033902e89348b9a37f4abf0d546fa6,232f2c97dd404785981a5404e3133f2b,1534867442047686,False,34688,33699,0.3611432613168724,18067,0.0217821662808642,1.8652238888581392,33666,0.420825,4427,2.766875,7.604698441382426,14424,0.3219642857142857,50,3.9092344602357683
scene-0252,7ca5e90766dc4b7bb6a9b3b0d95c99da,d582de2e8d2e4074854fb7df622821c4,232f2c97dd404785981a5404e3133f2b,1534867442098062,False,34688,33720,0.36136831275720166,18066,0.021780960648148148,1.866489538359349,33684,0.42105,4385,2.740625,7.681641961231471,14434,0.3221875,50,3.906880312628195
scene-0252,7ca5e90766dc4b7bb6a9b3b0d95c99da,24852a8a8216470e8a9632c3fbaf99fe,232f2c97dd404785981a5404e3133f2b,1534867442147767,False,34720,33785,0.36206490054869683,18049,0.02176046489197531,1.8718488558922932,33749,0.4218625,4400,2.75,7.6702272727272724,14587,0.32560267857142855,50,3.905216799377506
scene-0252,7ca5e90766dc4b7bb6a9b3b0d95c99da,026a4c5bb6a847d4bfdc89a2e6b8191d,232f2c97dd404785981a5404e3133f2b,1534867442197540,False,34688,33761,0.36180769890260633,17988,0.021686921296296298,1.8768623526795642,33732,0.42165,4367,2.729375,7.724295855278223,14382,0.3210267857142857,50,3.9045258446032642
scene-0252,7ca5e90766dc4b7bb6a9b3b0d95c99da,f62bf80528e449aaa89181bb7f5c464a,232f2c97dd404785981a5404e3133f2b,1534867442247929,False,34688,33749,0.36167909807956106,17975,0.021671248070987654,1.8775521557719055,33718,0.421475,4378,2.73625,7.701690269529466,14381,0.3210044642857143,50,3.904798856720693
scene-0252,7ca5e90766dc4b7bb6a9b3b0d95c99da,405627ab8eee4d99bde3d913b83465c3,232f2c97dd404785981a5404e3133f2b,1534867442297645,False,34720,33794,0.3621613511659808,17930,0.021616994598765434,1.8847741215839375,33760,0.422,4353,2.720625,7.75557087066391,14946,0.3336160714285714,50,3.905314853425957
scene-0252,7ca5e90766dc4b7bb6a9b3b0d95c99da,631184bc7e7c4f19bc2ee650e7fa7c0b,232f2c97dd404785981a5404e3133f2b,1534867442348677,False,34688,33779,0.3620006001371742,17924,0.021609760802469135,1.884568176746262,33751,0.4218875,4364,2.7275,7.733959670027498,18504,0.4130357142857143,50,3.906624818109807
scene-0252,7ca5e90766dc4b7bb6a9b3b0d95c99da,fa3ce15cf15a48b0bafeb35ea9716f47,232f2c97dd404785981a5404e3133f2b,1534867442397714,False,34720,33805,0.3622792352537723,17920,0.021604938271604937,1.8864397321428572,33774,0.422175,4325,2.703125,7.809017341040462,19144,0.4273214285714286,50,3.908769337768551
scene-0252,7ca5e90766dc4b7bb6a9b3b0d95c99da,a8651acdff0247ee9f674e3abb4b3e78,232f2c97dd404785981a5404e3133f2b,1534867442447483,True,34720,33790,0.36211848422496573,17825,0.021490403163580248,1.8956521739130434,33761,0.4220125,4347,2.716875,7.766505636070853,19156,0.4275892857142857,50,3.910521127930349
scene-0252,7ca5e90766dc4b7bb6a9b3b0d95c99da,acdb90575a8a4053b0534d7b2e5fc242,3cda99d703dc40248e2546efc9042059,1534867442497867,False,34720,33801,0.3622363683127572,17827,0.021492814429012345,1.8960565434453358,33770,0.422125,4318,2.69875,7.820750347383048,19149,0.4274330357142857,52,3.445868598102459
scene-0252,7ca5e90766dc4b7bb6a9b3b0d95c99da,ecceac0612a0435e930801bb689ea008,3cda99d703dc40248e2546efc9042059,1534867442547583,False,34720,33793,0.36215063443072704,17785,0.021442177854938273,1.9000843407365757,33761,0.4220125,4313,2.695625,7.8277301182471595,19165,0.4277901785714286,52,3.440407704007662
scene-0252,7ca5e90766dc4b7bb6a9b3b0d95c99da,c20ae05aad164269bd432769243913ca,3cda99d703dc40248e2546efc9042059,1534867442597876,False,34720,33781,0.36202203360768176,17819,0.02148316936728395,1.8957853976092935,33755,0.4219375,4319,2.699375,7.815466543181292,19125,0.42689732142857145,52,3.4361792289902024
scene-0252,7ca5e90766dc4b7bb6a9b3b0d95c99da,a0056f6c46b6450db170f97076b4f14d,3cda99d703dc40248e2546efc9042059,1534867442647660,False,34720,33764,0.36183984910836764,17740,0.02138792438271605,1.9032694475760992,33737,0.4217125,4315,2.696875,7.818539976825029,16635,0.3713169642857143,52,3.433242084102687
scene-0252,7ca5e90766dc4b7bb6a9b3b0d95c99da,f9621a91e0aa4c749cf5115db28f595e,3cda99d703dc40248e2546efc9042059,1534867442697447,False,34720,33781,0.36202203360768176,17770,0.02142409336419753,1.9010129431626337,33751,0.4218875,4262,2.66375,7.919052088221492,14321,0.31966517857142857,52,3.428874658860165
scene-0252,7ca5e90766dc4b7bb6a9b3b0d95c99da,eb59057447db4cecbbce68e7a0271b9c,3cda99d703dc40248e2546efc9042059,1534867442747761,False,34752,33805,0.3622792352537723,17693,0.021331259645061728,1.910642627027638,33784,0.4223,4249,2.655625,7.951047305248293,14321,0.31966517857142857,52,3.42084052026911
scene-0252,7ca5e90766dc4b7bb6a9b3b0d95c99da,a1a080d4270240abb3032056162aa5e7,3cda99d703dc40248e2546efc9042059,1534867442797564,False,34720,33788,0.36209705075445814,17677,0.02131196952160494,1.91141030717882,33756,0.42195,4287,2.679375,7.874037788663401,14296,0.31910714285714287,52,3.412369985423044
scene-0252,7ca5e90766dc4b7bb6a9b3b0d95c99da,8c8680e86a1843198503c461a801b0bf,3cda99d703dc40248e2546efc9042059,1534867442847842,False,34752,33802,0.36224708504801095,17630,0.02125530478395062,1.9173000567214975,33773,0.4221625,4256,2.66,7.935385338345864,14274,0.3186160714285714,52,3.40304743277972
scene-0252,7ca5e90766dc4b7bb6a9b3b0d95c99da,540ba686342e44459db47694c1fdf642,3cda99d703dc40248e2546efc9042059,1534867442897618,False,34720,33795,0.3621720679012346,17587,0.021203462577160492,1.921589810655598,33766,0.422075,4237,2.648125,7.969317913618126,14290,0.3189732142857143,52,3.3934210809053793
scene-0252,7ca5e90766dc4b7bb6a9b3b0d95c99da,4371f25e2e78433eb9bb13f21de54b3f,3cda99d703dc40248e2546efc9042059,1534867442947903,True,34720,33809,0.3623221021947874,17576,0.02119020061728395,1.9235889849795176,33776,0.4222,4225,2.640625,7.994319526627219,14270,0.3185267857142857,52,3.3830786385243505
scene-0252,7ca5e90766dc4b7bb6a9b3b0d95c99da,cd3a7de1e0274e38a2e958a2d25d753e,8267f78d162241a3a6ec552028d23286,1534867442997694,False,34752,33864,0.3629115226337449,17521,0.021123890817901236,1.9327663946121796,33834,0.422925,4205,2.628125,8.0461355529132,14255,0.3181919642857143,58,3.632849270677623
scene-0252,7ca5e90766dc4b7bb6a9b3b0d95c99da,5d32d2cdb4d64b18ba3ac5f60773cc91,8267f78d162241a3a6ec552028d23286,1534867443047995,False,34720,33834,0.3625900205761317,17440,0.021026234567901234,1.9400229357798164,33799,0.4224875,4197,2.623125,8.053133190374076,14280,0.31875,58,3.6228883500647253
scene-0252,7ca5e90766dc4b7bb6a9b3b0d95c99da,1debf0ed34f34405bcb348224fa499ad,8267f78d162241a3a6ec552028d23286,1534867443097829,False,34720,33810,0.36233281893004116,17441,0.021027440200617285,1.9385356344246316,33777,0.4222125,4200,2.625,8.042142857142856,14244,0.3179464285714286,58,3.610180993979053
scene-0252,7ca5e90766dc4b7bb6a9b3b0d95c99da,c97be50da44e46c989f3106b40ec6463,8267f78d162241a3a6ec552028d23286,1534867443147528,False,34688,33776,0.3619684499314129,17419,0.021000916280864198,1.9390320913944543,33741,0.4217625,4205,2.628125,8.024019024970274,14198,0.31691964285714286,58,3.598053013184854
scene-0252,7ca5e90766dc4b7bb6a9b3b0d95c99da,a366aba841014cfba0f440136081ae6e,8267f78d162241a3a6ec552028d23286,1534867443197863,False,34720,33788,0.36209705075445814,17423,0.021005738811728396,1.9392756700912588,33753,0.4219125,4231,2.644375,7.97754667927204,14172,0.3163392857142857,58,3.5857177526466
scene-0252,7ca5e90766dc4b7bb6a9b3b0d95c99da,59e98f7f38dd4d32bd30103228f72af5,8267f78d162241a3a6ec552028d23286,1534867443247608,False,34720,33807,0.36230066872427985,17382,0.02095630787037037,1.944943044528823,33777,0.4222125,4191,2.619375,8.059413027916966,14168,0.31625,58,3.5723831318059185
scene-0252,7ca5e90766dc4b7bb6a9b3b0d95c99da,9f569229cc5448739c636d8c217a9123,8267f78d162241a3a6ec552028d23286,1534867443297939,False,34720,33801,0.3622363683127572,17254,0.02080198688271605,1.9590239944360728,33773,0.4221625,4212,2.6325,8.018281101614434,14173,0.31636160714285716,58,3.557492321862375
scene-0252,7ca5e90766dc4b7bb6a9b3b0d95c99da,be3b6c84e7c74acd85b89899f32c70e7,8267f78d162241a3a6ec552028d23286,1534867443347701,False,34720,33792,0.36213991769547327,17338,0.020903260030864197,1.9490137270734802,33760,0.422,4194,2.62125,8.04959465903672,14214,0.3172767857142857,58,3.542106717461691
scene-0252,7ca5e90766dc4b7bb6a9b3b0d95c99da,15c150f96bcc4d1598774ff21bbcf72d,8267f78d162241a3a6ec552028d23286,1534867443397468,False,34688,33744,0.36162551440329216,17277,0.020829716435185185,1.9531168605660705,33714,0.421425,4183,2.614375,8.059765718383934,14805,0.33046875,58,3.525224231171165
scene-0252,7ca5e90766dc4b7bb6a9b3b0d95c99da,32b83886dfb1425cbdd96cb722d33693,8267f78d162241a3a6ec552028d23286,1534867443447793,True,34720,33799,0.36221493484224965,17285,0.02083936149691358,1.955394851026902,33774,0.422175,4197,2.623125,8.047176554681915,19223,0.4290848214285714,58,3.505184998635674
scene-0252,7ca5e90766dc4b7bb6a9b3b0d95c99da,9d70a9743a464a5fb49a17e329059f89,c5515a2c76144287b8855bf1a6f93b33,1534867443497572,False,34720,33800,0.3622256515775034,17221,0.02076220100308642,1.9627199349631264,33769,0.4221125,4171,2.606875,8.096140014385039,19290,0.43058035714285714,59,3.4034279215608003
scene-0252,7ca5e90766dc4b7bb6a9b3b0d95c99da,46b27578edc34be4a890d484ab88e8ca,c5515a2c76144287b8855bf1a6f93b33,1534867443547324,False,34688,33747,0.3616576646090535,17184,0.020717592592592593,1.9638617318435754,33715,0.4214375,4179,2.611875,8.06771955013161,19295,0.43069196428571427,59,3.3831869955437406
scene-0252,7ca5e90766dc4b7bb6a9b3b0d95c99da,56112a26bc9548b1b55fdee49cd435d8,c5515a2c76144287b8855bf1a6f93b33,1534867443597672,False,34720,33807,0.36230066872427985,17197,0.020733265817901234,1.965866139442926,33775,0.4221875,4212,2.6325,8.018755935422602,19267,0.4300669642857143,59,3.364174693537216
scene-0252,7ca5e90766dc4b7bb6a9b3b0d95c99da,a0e81fb300864ba193020182c28d8534,c5515a2c76144287b8855bf1a6f93b33,1534867443647400,False,34688,33757,0.3617648319615912,17174,0.0207055362654321,1.965587516012577,33729,0.4216125,4201,2.625625,8.028802666031897,15464,0.34517857142857145,59,3.345894334554307
scene-0252,7ca5e90766dc4b7bb6a9b3b0d95c99da,e670086aa374494abaaf0edb562fba9f,c5515a2c76144287b8855bf1a6f93b33,1534867443697742,False,34720,33798,0.3622042181069959,17216,0.020756172839506173,1.9631737918215613,33771,0.4221375,4203,2.626875,8.034975017844397,14106,0.3148660714285714,59,3.327830313389069
scene-0252,7ca5e90766dc4b7bb6a9b3b0d95c99da,8dae5f4b7f54470686360199252b5c1c,c5515a2c76144287b8855bf1a6f93b33,1534867443747485,False,34688,33773,0.36193629972565156,17181,0.020713975694444445,1.965717944240731,33741,0.4217625,4154,2.59625,8.12253249879634,14086,0.31441964285714286,59,3.311592398767328
scene-0252,7ca5e90766dc4b7bb6a9b3b0d95c99da,ea8985b384f7472c8b7bd01cd85ef184,c5515a2c76144287b8855bf1a6f93b33,1534867443797279,False,34688,33763,0.36182913237311387,17191,0.02072603202160494,1.9639927869233902,33737,0.4217125,4186,2.61625,8.059483994266603,14092,0.31455357142857143,59,3.2897390901018366
scene-0252,7ca5e90766dc4b7bb6a9b3b0d95c99da,83ec6368834b49ddbf8a670238243d79,c5515a2c76144287b8855bf1a6f93b33,1534867443847571,False,34720,33806,0.3622899519890261,17160,0.02068865740740741,1.97004662004662,33782,0.422275,4180,2.6125,8.081818181818182,14160,0.31607142857142856,59,3.268785370997043
scene-0252,7ca5e90766dc4b7bb6a9b3b0d95c99da,c46ddc8e6b224635a46bca08f601dda9,c5515a2c76144287b8855bf1a6f93b33,1534867443897376,False,34688,33780,0.362011316872428,17103,0.02061993634259259,1.9750920891071742,33750,0.421875,4159,2.599375,8.114931473911998,14096,0.31464285714285717,59,3.2492693526030942
scene-0252,7ca5e90766dc4b7bb6a9b3b0d95c99da,17e3056023754a478fce1f792974805b,c5515a2c76144287b8855bf1a6f93b33,1534867443947127,True,34688,33795,0.3621720679012346,17113,0.020631992669753088,1.9748144685326945,33767,0.4220875,4197,2.623125,8.04550869668811,14374,0.3208482142857143,59,3.2288704025059305
scene-0252,7ca5e90766dc4b7bb6a9b3b0d95c99da,114e5692026844cbad6ae3793739cd5f,7bb1300950e542bd927fc40b270f8ca4,1534867443997478,False,34720,33827,0.3625150034293553,17115,0.020634403935185185,1.9764534034472685,33799,0.4224875,4202,2.62625,8.04355069014755,16317,0.36421875,56,3.14779468909003
scene-0252,7ca5e90766dc4b7bb6a9b3b0d95c99da,334b6d94aa504f839f93bcd74a80988e,7bb1300950e542bd927fc40b270f8ca4,1534867444047199,False,34720,33814,0.36237568587105623,17112,0.020630787037037038,1.9760402057035997,33784,0.4223,4185,2.615625,8.072640382317802,15019,0.3352455357142857,56,3.123204725663005
scene-0252,7ca5e90766dc4b7bb6a9b3b0d95c99da,fa37ada837ce4f04a0e15b40c14010b2,7bb1300950e542bd927fc40b270f8ca4,1534867444097519,False,34720,33832,0.3625685871056241,17102,0.020618730709876545,1.9782481581101625,33799,0.4224875,4191,2.619375,8.064662371748986,14510,0.32388392857142856,56,3.099467173086007
scene-0252,7ca5e90766dc4b7bb6a9b3b0d95c99da,4d54d307f8cb4da2afa6b633d35bacbb,7bb1300950e542bd927fc40b270f8ca4,1534867444147295,False,34720,33827,0.3625150034293553,17136,0.02065972222222222,1.974031279178338,33789,0.4223625,4143,2.589375,8.155684286748732,14526,0.32424107142857145,56,3.078222123768909
scene-0252,7ca5e90766dc4b7bb6a9b3b0d95c99da,f1c5b2ed9fcb45b9b399a1bbf2bc590d,7bb1300950e542bd927fc40b270f8ca4,1534867444198036,False,34752,33852,0.3627829218106996,17067,0.020576533564814814,1.9834768852170857,33822,0.422775,4169,2.605625,8.11273686735428,14696,0.32803571428571426,56,3.0589923694441077
scene-0252,7ca5e90766dc4b7bb6a9b3b0d95c99da,ab18c46173bf4a359cdef10d3b3980fa,7bb1300950e542bd927fc40b270f8ca4,1534867444247372,False,34720,33839,0.36264360425240055,17080,0.020592206790123458,1.9812060889929743,33802,0.422525,4144,2.59,8.156853281853282,14562,0.32504464285714285,56,3.0427688434723987
scene-0252,7ca5e90766dc4b7bb6a9b3b0d95c99da,d8a770d2a6ce45d2b8068f91fec86426,7bb1300950e542bd927fc40b270f8ca4,1534867444297132,False,34720,33836,0.36261145404663925,17099,0.020615113811728394,1.978829171296567,33801,0.4225125,4130,2.58125,8.184261501210655,14857,0.33162946428571427,56,3.028983644557079
scene-0252,7ca5e90766dc4b7bb6a9b3b0d95c99da,693a646c5fde45ad8011c5082558ca36,7bb1300950e542bd927fc40b270f8ca4,1534867444347449,False,34720,33831,0.36255787037037035,17086,0.020599440586419753,1.980042139763549,33796,0.42245,4131,2.581875,8.181069958847736,14350,0.3203125,56,3.0177600893146965
scene-0252,7ca5e90766dc4b7bb6a9b3b0d95c99da,634ae10789c040cea38cf7dabbabbd80,7bb1300950e542bd927fc40b270f8ca4,1534867444397270,False,34720,33825,0.36249356995884774,17052,0.020558449074074073,1.9836382828993666,33794,0.422425,4150,2.59375,8.143132530120482,15147,0.33810267857142856,56,3.009388258982948
scene-0252,7ca5e90766dc4b7bb6a9b3b0d95c99da,c0e68464f2d44b55a2566be65cdb6b2b,7bb1300950e542bd927fc40b270f8ca4,1534867444447580,True,34720,33851,0.36277220507544583,17073,0.020583767361111113,1.9827212557839864,33821,0.4227625,4151,2.594375,8.147675258973742,18928,0.4225,56,3.003714675736699
scene-0252,7ca5e90766dc4b7bb6a9b3b0d95c99da,658fefa4d3864650821aad340901391d,ef0b62e1b47f4316bf960b25694d6ba2,1534867444497330,False,34688,33793,0.36215063443072704,17127,0.02064887152777778,1.9730834355111813,33763,0.4220375,4169,2.605625,8.09858479251619,19116,0.4266964285714286,55,3.1858501559596646
scene-0252,7ca5e90766dc4b7bb6a9b3b0d95c99da,6e809ed76d9c43f88822925bda1fdded,ef0b62e1b47f4316bf960b25694d6ba2,1534867444547070,False,34720,33826,0.3625042866941015,17109,0.02062717013888889,1.9770880822958676,33796,0.42245,4143,2.589375,8.157373883659185,19273,0.43020089285714286,55,3.190281134831846
scene-0252,7ca5e90766dc4b7bb6a9b3b0d95c99da,2ba2e13525a945c58a3e6e382686cec3,ef0b62e1b47f4316bf960b25694d6ba2,1534867444597408,False,34688,33791,0.3621292009602195,17057,0.02056447723765432,1.9810634929940787,33758,0.421975,4148,2.5925,8.13837994214079,18300,0.40848214285714285,55,3.197212968575761
scene-0252,7ca5e90766dc4b7bb6a9b3b0d95c99da,e322405ddadf472c8cd1b2e860794c59,ef0b62e1b47f4316bf960b25694d6ba2,1534867444647162,False,34720,33814,0.36237568587105623,17101,0.020617525077160494,1.9773112683468803,33781,0.4222625,4155,2.596875,8.130204572803851,18430,0.4113839285714286,55,3.2062916082668798
scene-0252,7ca5e90766dc4b7bb6a9b3b0d95c99da,cb29331868ad47f98d89daeed9fc7fda,ef0b62e1b47f4316bf960b25694d6ba2,1534867444696959,False,34688,33811,0.3623435356652949,17048,0.020553626543209875,1.9832824964805256,33782,0.422275,4171,2.606875,8.099256772956126,17869,0.3988616071428571,55,3.217391981604164
scene-0252,7ca5e90766dc4b7bb6a9b3b0d95c99da,c0213e73f26541979b6678eeb21e9a00,ef0b62e1b47f4316bf960b25694d6ba2,1534867444747268,False,34720,33823,0.3624721364883402,17028,0.02052951388888889,1.986316654921306,33796,0.42245,4142,2.58875,8.159343312409463,15382,0.34334821428571427,55,3.2304494541078124
scene-0252,7ca5e90766dc4b7bb6a9b3b0d95c99da,bfbbcf1598fd448080859bbd9452ce7d,ef0b62e1b47f4316bf960b25694d6ba2,1534867444797028,False,34752,33856,0.3628257887517147,17026,0.02052710262345679,1.988488194526019,33828,0.42285,4153,2.595625,8.145437033469781,15225,0.33984375,55,3.2449991586637053
scene-0252,7ca5e90766dc4b7bb6a9b3b0d95c99da,52c1d3b49fd542a08e340197ab5696ed,ef0b62e1b47f4316bf960b25694d6ba2,1534867444847332,False,34720,33828,0.36252572016460904,17094,0.02060908564814815,1.9789399789399789,33794,0.422425,4171,2.606875,8.102133780867897,15857,0.3539508928571429,55,3.259434047235289
scene-0252,7ca5e90766dc4b7bb6a9b3b0d95c99da,82030987808245e38489cdf68e6f11f8,ef0b62e1b47f4316bf960b25694d6ba2,1534867444897099,False,34752,33851,0.36277220507544583,17074,0.02058497299382716,1.982605130607942,33817,0.4227125,4128,2.58,8.192102713178295,19274,0.4302232142857143,55,3.269996918719669
scene-0252,7ca5e90766dc4b7bb6a9b3b0d95c99da,ad84ae9070094062a0d97aae43815987,ef0b62e1b47f4316bf960b25694d6ba2,1534867444947433,True,34752,33851,0.36277220507544583,16987,0.020480082947530863,1.992759168776123,33822,0.422775,4086,2.55375,8.277533039647578,16145,0.36037946428571427,55,3.272333770402317
scene-0252,7ca5e90766dc4b7bb6a9b3b0d95c99da,fa7114a221924b4a9cf6bee77e11c279,634eec190ca3400f96fd28b85cd10dba,1534867444997186,False,34752,33850,0.36276148834019206,16972,0.020461998456790125,1.9944614659439077,33814,0.422675,4108,2.5675,8.231256085686466,16916,0.37758928571428574,56,3.416335815143832
scene-0252,7ca5e90766dc4b7bb6a9b3b0d95c99da,5fed5b88aade4e1fbaddd928ab37c1dd,634eec190ca3400f96fd28b85cd10dba,1534867445047520,False,34784,33890,0.3631901577503429,17005,0.020501784336419752,1.9929432519847103,33856,0.4232,4110,2.56875,8.237469586374695,19159,0.42765625,56,3.427190156845865
scene-0252,7ca5e90766dc4b7bb6a9b3b0d95c99da,734835c683e5406abfde58549c355020,634eec190ca3400f96fd28b85cd10dba,1534867445097266,False,34752,33843,0.3626864711934156,16999,0.020494550540123457,1.9908818165774458,33808,0.4226,4095,2.559375,8.255921855921857,19358,0.43209821428571427,56,3.43724732958166
scene-0252,7ca5e90766dc4b7bb6a9b3b0d95c99da,38d6dba81a7745bf8ae02ea3125091ae,634eec190ca3400f96fd28b85cd10dba,1534867445147595,False,34784,33885,0.36313657407407407,17047,0.020552420910493828,1.9877397782601045,33851,0.4231375,4118,2.57375,8.220252549781447,17077,0.3811830357142857,56,3.4471080199388515
scene-0252,7ca5e90766dc4b7bb6a9b3b0d95c99da,211a61e0c395407590a037130616f203,634eec190ca3400f96fd28b85cd10dba,1534867445197943,False,34784,33890,0.3631901577503429,17025,0.02052589699074074,1.9906020558002937,33860,0.42325,4123,2.576875,8.21246665049721,14412,0.32169642857142855,56,3.458463288917639
scene-0252,7ca5e90766dc4b7bb6a9b3b0d95c99da,e372277d1e23479fa51e38f4ead0d2b5,634eec190ca3400f96fd28b85cd10dba,1534867445247706,False,34752,33842,0.36267575445816186,17019,0.020518663194444446,1.9884834596627299,33813,0.4226625,4130,2.58125,8.187167070217917,14120,0.3151785714285714,56,3.4711452878053484
scene-0252,7ca5e90766dc4b7bb6a9b3b0d95c99da,5a23464c49844c589a2e5d21c1f65362,634eec190ca3400f96fd28b85cd10dba,1534867445298022,False,34784,33897,0.36326517489711935,16996,0.02049093364197531,1.9944104495175334,33864,0.4233,4189,2.618125,8.084029601336834,15939,0.35578125,56,3.485440688832085
scene-0252,7ca5e90766dc4b7bb6a9b3b0d95c99da,554f97515c2c428c9b0f3557ac57d6d8,634eec190ca3400f96fd28b85cd10dba,1534867445347757,False,34752,33859,0.362857938957476,16962,0.02044994212962963,1.996167904728216,33827,0.4228375,4099,2.561875,8.252500609904855,18749,0.4185044642857143,56,3.501028530041026
scene-0252,7ca5e90766dc4b7bb6a9b3b0d95c99da,1cf6d78889984834ac8c60098b2a42f1,634eec190ca3400f96fd28b85cd10dba,1534867445398100,True,34720,33839,0.36264360425240055,16915,0.020393277391975308,2.0005320721253326,33801,0.4225125,4092,2.5575,8.260263929618768,16711,0.37301339285714286,56,3.5182885149707177
scene-0252,7ca5e90766dc4b7bb6a9b3b0d95c99da,d7e8d3707f81446f942eb6fa9303d3bb,68c6284ac880419088d072247c707ca9,1534867445447852,False,34752,33849,0.3627507716049383,16937,0.020419801311728394,1.9985239416661746,33812,0.42265,4106,2.56625,8.234778373112519,14581,0.32546875,58,3.674621272361927
scene-0252,7ca5e90766dc4b7bb6a9b3b0d95c99da,b648a6763bb64b2abdb8ae755d265da9,68c6284ac880419088d072247c707ca9,1534867445498217,False,34752,33853,0.36279363854595337,16984,0.020476466049382715,1.9932289213377297,33818,0.422725,4082,2.55125,8.28466438020578,19209,0.4287723214285714,58,3.6840760933110865
scene-0252,7ca5e90766dc4b7bb6a9b3b0d95c99da,eff84ce090d14a16b2608a9f89767729,68c6284ac880419088d072247c707ca9,1534867445547947,False,34720,33834,0.3625900205761317,16897,0.02037157600308642,2.0023672841332782,33795,0.4224375,4112,2.57,8.21862840466926,18975,0.42354910714285715,58,3.68360280265127
scene-0252,7ca5e90766dc4b7bb6a9b3b0d95c99da,b9c135f011994f94a47fb27e71657e71,68c6284ac880419088d072247c707ca9,1534867445597727,False,34752,33849,0.3627507716049383,16949,0.020434268904320988,1.997108973980766,33816,0.4227,4088,2.555,8.272015655577299,16806,0.3751339285714286,58,3.6851710574305936
scene-0252,7ca5e90766dc4b7bb6a9b3b0d95c99da,bf79ad7749764bc39c2e37350d66dbb6,68c6284ac880419088d072247c707ca9,1534867445648244,False,34720,33828,0.36252572016460904,16930,0.02041136188271605,1.9981098641464856,33793,0.4224125,4074,2.54625,8.294796269023074,16408,0.36625,58,3.688964039701008
scene-0252,7ca5e90766dc4b7bb6a9b3b0d95c99da,f8ef43382efb4c69979d138c35db71a4,68c6284ac880419088d072247c707ca9,1534867445697790,False,34720,33847,0.3627293381344307,16927,0.0204077449845679,1.9995864595025699,33811,0.4226375,4072,2.545,8.303290766208251,15087,0.33676339285714285,58,3.6949251378349475
scene-0252,7ca5e90766dc4b7bb6a9b3b0d95c99da,12f036268dad47eb906c6bf5fd6c6a23,68c6284ac880419088d072247c707ca9,1534867445748133,False,34752,33854,0.36280435528120714,16934,0.020416184413580247,1.9991732608952404,33819,0.4227375,4078,2.54875,8.293035801863658,14392,0.32125,58,3.701548932890857
scene-0252,7ca5e90766dc4b7bb6a9b3b0d95c99da,38c7c37055b34f5d8167e0923aa05f64,68c6284ac880419088d072247c707ca9,1534867445797874,False,34752,33868,0.36295438957475995,16946,0.02043065200617284,1.998583736575003,33836,0.42295,4101,2.563125,8.250670568154108,14158,0.3160267857142857,58,3.7018602211637166
scene-0252,7ca5e90766dc4b7bb6a9b3b0d95c99da,f9edd129aef343fd9fcafd5e54035ae6,68c6284ac880419088d072247c707ca9,1534867445848195,False,34720,33831,0.36255787037037035,16829,0.02028959297839506,2.010279874026977,33796,0.42245,4068,2.5425,8.307767944936087,15060,0.3361607142857143,58,3.70396552502742
scene-0252,7ca5e90766dc4b7bb6a9b3b0d95c99da,e13e7f58b0114cd0a13978ecc67cab67,68c6284ac880419088d072247c707ca9,1534867445897959,True,34720,33849,0.3627507716049383,16887,0.020359519675925926,2.0044412861964824,33821,0.4227625,4096,2.56,8.257080078125,18541,0.41386160714285714,58,3.706079219254991
scene-0252,7ca5e90766dc4b7bb6a9b3b0d95c99da,ac68bc16411e48ef83f7173f3facc059,1a06117bf2b04b27a73dbfd04d8a25e2,1534867445948276,False,34752,33858,0.3628472222222222,16817,0.020275125385802468,2.0133198549087234,33828,0.42285,4059,2.536875,8.334072431633407,19398,0.4329910714285714,60,3.453049749147389
scene-0252,7ca5e90766dc4b7bb6a9b3b0d95c99da,1a0f7564d15f4776bba80d9656360964,1a06117bf2b04b27a73dbfd04d8a25e2,1534867445998033,False,34752,33861,0.3628793724279835,16803,0.020258246527777777,2.015175861453312,33831,0.4228875,4080,2.55,8.291911764705882,14683,0.3277455357142857,60,3.453993299877156
scene-0252,7ca5e90766dc4b7bb6a9b3b0d95c99da,da9b3484f8c14bb4aa7c6690fd3de3ab,1a06117bf2b04b27a73dbfd04d8a25e2,1534867446048388,False,34784,33897,0.36326517489711935,16874,0.020343846450617285,2.0088301528979495,33868,0.42335,4085,2.553125,8.290820073439413,16504,0.36839285714285713,60,3.4560065191941414
scene-0252,7ca5e90766dc4b7bb6a9b3b0d95c99da,b1cdf4ccfbd94e8295ff48ed95d5fedd,1a06117bf2b04b27a73dbfd04d8a25e2,1534867446098139,False,34752,33867,0.3629436728395062,16781,0.02023172260802469,2.018175317323163,33838,0.422975,4060,2.5375,8.33448275862069,16451,0.36720982142857145,60,3.4597855853379587
scene-0252,7ca5e90766dc4b7bb6a9b3b0d95c99da,e88efd63bc424501828e4ac25f960c10,1a06117bf2b04b27a73dbfd04d8a25e2,1534867446148460,False,34784,33907,0.3633723422496571,16772,0.020220871913580248,2.021643214881946,33874,0.423425,4062,2.53875,8.339241752831118,14149,0.31582589285714285,60,3.4656355767407834
scene-0252,7ca5e90766dc4b7bb6a9b3b0d95c99da,95e9ae36336041788ff8f51d94771a79,1a06117bf2b04b27a73dbfd04d8a25e2,1534867446198255,False,34752,33856,0.3628257887517147,16750,0.02019434799382716,2.0212537313432835,33825,0.4228125,4060,2.5375,8.33128078817734,15712,0.3507142857142857,60,3.473467683484196
scene-0252,7ca5e90766dc4b7bb6a9b3b0d95c99da,639b313e56104ddb92a2e0bbef03da8d,1a06117bf2b04b27a73dbfd04d8a25e2,1534867446248542,False,34752,33880,0.3630829903978052,16774,0.020223283179012345,2.019792536067724,33849,0.4231125,4067,2.541875,8.322842389968036,14517,0.3240401785714286,60,3.483236599376759
scene-0252,7ca5e90766dc4b7bb6a9b3b0d95c99da,0451f34da282440b80bceaefe87d8d60,1a06117bf2b04b27a73dbfd04d8a25e2,1534867446298332,False,34784,33926,0.36357596021947874,16813,0.02027030285493827,2.0178433355141854,33894,0.423675,4068,2.5425,8.331858407079647,16648,0.37160714285714286,60,3.494448062070772
scene-0252,7ca5e90766dc4b7bb6a9b3b0d95c99da,7c7a991592b04167bd79a392b03eaee5,1a06117bf2b04b27a73dbfd04d8a25e2,1534867446348622,False,34720,33846,0.36271862139917693,16727,0.020166618441358024,2.0234351647037725,33812,0.42265,4083,2.551875,8.281165809453833,14539,0.32453125,60,3.5070588712255093
scene-0252,7ca5e90766dc4b7bb6a9b3b0d95c99da,d473c3fdcb5147318465c5d065765479,1a06117bf2b04b27a73dbfd04d8a25e2,1534867446398402,True,34752,33880,0.3630829903978052,16708,0.020143711419753088,2.0277711276035433,33844,0.42305,4082,2.55125,8.291033806957374,14155,0.31595982142857143,60,3.5206263803373576
scene-0252,7ca5e90766dc4b7bb6a9b3b0d95c99da,b41f0aaef3fa432b8992ba01d3b07162,b20e99aa01c04d65868f87ae0e23a4f0,1534867446448725,False,34752,33864,0.3629115226337449,16694,0.020126832561728394,2.0285132382892055,33834,0.422925,4091,2.556875,8.270349547787827,19127,0.4269419642857143,57,3.66234717685424
scene-0252,7ca5e90766dc4b7bb6a9b3b0d95c99da,deb7cc9d36fd4269be191990129acb9a,b20e99aa01c04d65868f87ae0e23a4f0,1534867446498488,False,34720,33838,0.3626328875171468,16653,0.02007740162037037,2.031946195880622,33804,0.42255,4088,2.555,8.269080234833659,14172,0.3163392857142857,57,3.6634979702624357
scene-0252,7ca5e90766dc4b7bb6a9b3b0d95c99da,677f135baf4149439a06c99c65f72b26,b20e99aa01c04d65868f87ae0e23a4f0,1534867446548787,False,34720,33832,0.3625685871056241,16621,0.02003882137345679,2.035497262499248,33797,0.4224625,4076,2.5475,8.29170755642787,16102,0.35941964285714284,57,3.6656865435022077
scene-0252,7ca5e90766dc4b7bb6a9b3b0d95c99da,f4e3ebe39e8f428b8cc46c558e6efb63,b20e99aa01c04d65868f87ae0e23a4f0,1534867446598957,False,34720,33832,0.3625685871056241,16609,0.020024353780864198,2.036967908965019,33796,0.42245,4075,2.546875,8.293496932515337,19378,0.43254464285714284,57,3.6692242806253863
scene-0252,7ca5e90766dc4b7bb6a9b3b0d95c99da,a88b1cb907ee46538982752b0cf68c48,b20e99aa01c04d65868f87ae0e23a4f0,1534867446648313,False,34688,33804,0.36226851851851855,16539,0.01993995949074074,2.043896245238527,33773,0.4221625,4058,2.53625,8.322572695909315,17439,0.38926339285714284,57,3.6740023638871917
scene-0252,7ca5e90766dc4b7bb6a9b3b0d95c99da,ca35539fffdf4637aa165757e8384b28,b20e99aa01c04d65868f87ae0e23a4f0,1534867446698662,False,34720,33838,0.3626328875171468,16572,0.01997974537037037,2.041877866280473,33803,0.4225375,4087,2.554375,8.270858820650844,18045,0.40279017857142857,57,3.6801396585686876
scene-0252,7ca5e90766dc4b7bb6a9b3b0d95c99da,9935c7a554e8495eb160a2097c91618f,b20e99aa01c04d65868f87ae0e23a4f0,1534867446748415,False,34752,33865,0.36292223936899864,16564,0.019970100308641974,2.0444940835546968,33834,0.422925,4089,2.555625,8.27439471753485,15431,0.3444419642857143,57,3.6827485425673228
scene-0252,7ca5e90766dc4b7bb6a9b3b0d95c99da,7db4516b7327442b82bda78d5fdf8f90,b20e99aa01c04d65868f87ae0e23a4f0,1534867446798721,False,34720,33829,0.3625364368998628,16489,0.01987967785493827,2.051610164351992,33797,0.4224625,4056,2.535,8.33259368836292,14237,0.31779017857142855,57,3.6858932625350436
scene-0252,7ca5e90766dc4b7bb6a9b3b0d95c99da,904da0493db14bd796f1c8790707f006,b20e99aa01c04d65868f87ae0e23a4f0,1534867446848594,False,34752,33853,0.36279363854595337,16519,0.019915846836419754,2.0493371269447302,33823,0.4227875,4050,2.53125,8.351358024691358,19403,0.4331026785714286,57,3.6854699479891546
scene-0252,7ca5e90766dc4b7bb6a9b3b0d95c99da,686bc483c67c4d38a8d7bb0b134c0e0a,b20e99aa01c04d65868f87ae0e23a4f0,1534867446898817,True,34752,33870,0.3629758230452675,16517,0.019913435570987653,2.0506145183750077,33836,0.42295,4056,2.535,8.342209072978303,14167,0.3162276785714286,57,3.68592816136394
scene-0252,7ca5e90766dc4b7bb6a9b3b0d95c99da,7276c65340cd402198bdbd6c5c70a9d9,e78c254cb95f4d62bd9551869f02c15d,1534867446948573,False,34752,33844,0.3626971879286694,16511,0.019906201774691358,2.049784991823633,33809,0.4226125,4061,2.538125,8.325289337601577,14472,0.32303571428571426,58,3.6116451220074546
scene-0252,7ca5e90766dc4b7bb6a9b3b0d95c99da,718f94e85f4a43e08cc0703c1e1d3ce8,e78c254cb95f4d62bd9551869f02c15d,1534867446998928,False,34784,33880,0.3630829903978052,16533,0.019932725694444445,2.049234863606121,33850,0.423125,4064,2.54,8.329232283464567,17173,0.38332589285714286,58,3.6237548972318634
scene-0252,7ca5e90766dc4b7bb6a9b3b0d95c99da,31eae0bfe9fd40ceb4d8f94bab42575f,e78c254cb95f4d62bd9551869f02c15d,1534867447048666,False,34784,33876,0.3630401234567901,16488,0.01987847222222222,2.054585152838428,33839,0.4229875,4092,2.5575,8.269550342130987,14198,0.31691964285714286,58,3.634747196817296
scene-0252,7ca5e90766dc4b7bb6a9b3b0d95c99da,43dc02d3234d4e588014bb54a8e15eb4,e78c254cb95f4d62bd9551869f02c15d,1534867447098978,False,34784,33884,0.3631258573388203,16443,0.01982421875,2.060694520464635,33852,0.42315,4088,2.555,8.280821917808218,14339,0.3200669642857143,58,3.6454157279624733
scene-0252,7ca5e90766dc4b7bb6a9b3b0d95c99da,cd10871a27c04271bbb3ea84905fb1ef,e78c254cb95f4d62bd9551869f02c15d,1534867447149337,False,34784,33871,0.36298653978052126,16400,0.019772376543209878,2.0653048780487806,33842,0.423025,4078,2.54875,8.298675821481119,15597,0.3481473214285714,58,3.657110254145983
scene-0252,7ca5e90766dc4b7bb6a9b3b0d95c99da,fde8bfa9837449ae9823c0dc0ee2107f,e78c254cb95f4d62bd9551869f02c15d,1534867447199078,False,34752,33851,0.36277220507544583,16363,0.01972776813271605,2.068752673715089,33822,0.422775,4072,2.545,8.305992141453832,15598,0.34816964285714286,58,3.66989681815629
scene-0252,7ca5e90766dc4b7bb6a9b3b0d95c99da,df370ec3482f4b739a22b7559f7cf514,e78c254cb95f4d62bd9551869f02c15d,1534867447249400,False,34784,33887,0.3631580075445816,16385,0.019754292052469136,2.0681721086359475,33860,0.42325,4116,2.5725,8.226433430515064,17843,0.39828125,58,3.684087732014409
scene-0252,7ca5e90766dc4b7bb6a9b3b0d95c99da,3c4feb9fe86b4aaa8e170bd494199bea,e78c254cb95f4d62bd9551869f02c15d,1534867447299163,True,34752,33859,0.362857938957476,16382,0.01975067515432099,2.066841655475522,33826,0.422825,4099,2.561875,8.252256647962918,18181,0.4058258928571429,58,3.6978998002144605
scene-0252,7ca5e90766dc4b7bb6a9b3b0d95c99da,05571e0f0bf34294bd69cb818d39522d,a97e344b4a8f4d14ae37370211c8b479,1534867447349496,False,34752,33850,0.36276148834019206,16353,0.019715711805555557,2.0699565828899895,33819,0.4227375,4103,2.564375,8.242505483792348,19398,0.4329910714285714,56,3.9015503050473757
scene-0252,7ca5e90766dc4b7bb6a9b3b0d95c99da,1be2e728d4514b40b5bfcfea6badc53d,a97e344b4a8f4d14ae37370211c8b479,1534867447399251,False,34752,33841,0.3626650377229081,16402,0.019774787808641975,2.0632239970735275,33808,0.4226,4105,2.565625,8.235809987819732,14199,0.3169419642857143,56,3.910046096067579
scene-0252,7ca5e90766dc4b7bb6a9b3b0d95c99da,c89c9af87f2d4d6bb1dff54167034941,a97e344b4a8f4d14ae37370211c8b479,1534867447499356,False,34528,33639,0.3605002572016461,16231,0.01956862461419753,2.0725155566508535,33610,0.420125,4056,2.535,8.286489151873766,14239,0.31783482142857145,56,3.9246776570713604
scene-0252,7ca5e90766dc4b7bb6a9b3b0d95c99da,0c0a096d6fc04f3e89b1b7217e5a8dc4,a97e344b4a8f4d14ae37370211c8b479,1534867447549666,False,34752,33847,0.3627293381344307,16391,0.01976152584876543,2.0649746812275027,33822,0.422775,4094,2.55875,8.261358085002442,14498,0.3236160714285714,56,3.9339615715922114
scene-0252,7ca5e90766dc4b7bb6a9b3b0d95c99da,4a990c06ed084ee59342e6a2505c425d,a97e344b4a8f4d14ae37370211c8b479,1534867447599434,False,34720,33821,0.36245070301783266,16391,0.01976152584876543,2.063388444878287,33789,0.4223625,4098,2.56125,8.245241581259151,14249,0.3180580357142857,56,3.944349581971786
scene-0252,7ca5e90766dc4b7bb6a9b3b0d95c99da,871b65f4aaf540969313857ed6d641ea,a97e344b4a8f4d14ae37370211c8b479,1534867447649202,False,34720,33822,0.36246141975308643,16346,0.01970727237654321,2.0691300624005873,33791,0.4223875,4092,2.5575,8.257820136852395,19385,0.43270089285714286,56,3.955884875236027
scene-0252,7ca5e90766dc4b7bb6a9b3b0d95c99da,c2b7a115c2dd48e18099b62c1303c45c,a97e344b4a8f4d14ae37370211c8b479,1534867447699509,False,34720,33827,0.3625150034293553,16345,0.01970606674382716,2.06956255735699,33797,0.4224625,4103,2.564375,8.237143553497441,19162,0.4277232142857143,56,3.960538890446464
scene-0252,7ca5e90766dc4b7bb6a9b3b0d95c99da,2119aef5cdce4223b2a21dd4a9bdd61d,a97e344b4a8f4d14ae37370211c8b479,1534867447749283,False,34720,33827,0.3625150034293553,16313,0.01966748649691358,2.0736222644516644,33795,0.4224375,4079,2.549375,8.285118901691591,18063,0.4031919642857143,56,3.9618779664684465
scene-0252,7ca5e90766dc4b7bb6a9b3b0d95c99da,c4fd6f2aca2345478dd9de641de34a2e,a97e344b4a8f4d14ae37370211c8b479,1534867447799634,True,34720,33828,0.36252572016460904,16327,0.019684365354938272,2.0719054327188093,33790,0.422375,4113,2.570625,8.215414539265742,14846,0.33138392857142857,56,3.964277755466751
scene-0252,7ca5e90766dc4b7bb6a9b3b0d95c99da,9a3f25d41a194d658447d67d5c7bcaca,6cebd80b0fbd4bc388ba1fb6a0971e50,1534867447849358,False,34688,33815,0.36238640260631,16261,0.019604793595679012,2.079515404956645,33782,0.422275,4095,2.559375,8.249572649572649,17516,0.39098214285714283,57,3.7053636504837906
scene-0252,7ca5e90766dc4b7bb6a9b3b0d95c99da,f5d0caff64734132a2b0f313894b7d8e,6cebd80b0fbd4bc388ba1fb6a0971e50,1534867447899120,False,34720,33814,0.36237568587105623,16338,0.019697627314814815,2.069653568368221,33779,0.4222375,4129,2.580625,8.180915475902156,14231,0.31765625,57,3.7057517257709716
scene-0252,7ca5e90766dc4b7bb6a9b3b0d95c99da,91c3d458600f4b57b8e69d35bdb73b8f,6cebd80b0fbd4bc388ba1fb6a0971e50,1534867447949457,False,34688,33784,0.36205418381344306,16300,0.019651813271604937,2.072638036809816,33750,0.421875,4122,2.57625,8.187772925764191,14269,0.3185044642857143,57,3.7075160860099268
scene-0252,7ca5e90766dc4b7bb6a9b3b0d95c99da,f4e13dd3f2074afe9e602ffbc30f19ea,6cebd80b0fbd4bc388ba1fb6a0971e50,1534867447999205,False,34688,33800,0.3622256515775034,16342,0.019702449845679013,2.0682902949455393,33762,0.422025,4118,2.57375,8.198640116561437,14215,0.31729910714285714,57,3.707955831327507
scene-0252,7ca5e90766dc4b7bb6a9b3b0d95c99da,7c6c6506890741acbb70d38aae2cf976,6cebd80b0fbd4bc388ba1fb6a0971e50,1534867448048993,False,34688,33805,0.3622792352537723,16247,0.01958791473765432,2.080691820028313,33770,0.422125,4090,2.55625,8.256723716381417,18684,0.4170535714285714,57,3.709845620061007
scene-0252,7ca5e90766dc4b7bb6a9b3b0d95c99da,75f0b9e2db9c433abf72b857beb00bc0,6cebd80b0fbd4bc388ba1fb6a0971e50,1534867448099299,False,34688,33802,0.36224708504801095,16221,0.019556568287037036,2.0838419332963443,33767,0.4220875,4098,2.56125,8.239873108833578,19374,0.43245535714285716,57,3.7116126824194686
scene-0252,7ca5e90766dc4b7bb6a9b3b0d95c99da,6310d16a16e340bf89c06f85096d7ab0,6cebd80b0fbd4bc388ba1fb6a0971e50,1534867448149086,False,34688,33803,0.3622578017832647,16250,0.01959153163580247,2.0801846153846153,33769,0.4221125,4096,2.56,8.244384765625,17830,0.39799107142857143,57,3.711335994843474
scene-0252,7ca5e90766dc4b7bb6a9b3b0d95c99da,3ad8567bd7a140f3a72b962401ff8a8f,6cebd80b0fbd4bc388ba1fb6a0971e50,1534867448198839,False,34688,33809,0.3623221021947874,16261,0.019604793595679012,2.079146423959166,33774,0.422175,4104,2.565,8.22953216374269,19352,0.4319642857142857,57,3.711709392635228
scene-0252,7ca5e90766dc4b7bb6a9b3b0d95c99da,f050051d58b9497192d972c6d6a9f35d,6cebd80b0fbd4bc388ba1fb6a0971e50,1534867448249153,False,34656,33744,0.36162551440329216,16193,0.019522810570987655,2.0838633977644663,33717,0.4214625,4072,2.545,8.280206286836934,17592,0.39267857142857143,57,3.7098057015396986
scene-0252,7ca5e90766dc4b7bb6a9b3b0d95c99da,35f90c092be64207aff380259baeb0e7,6cebd80b0fbd4bc388ba1fb6a0971e50,1534867448298906,True,34688,33807,0.36230066872427985,16218,0.01955295138888889,2.0845357010728818,33785,0.4223125,4098,2.56125,8.244265495363592,16719,0.3731919642857143,57,3.7081073137402307
scene-0252,7ca5e90766dc4b7bb6a9b3b0d95c99da,adbbc2e95f31416b8fcc00d0bdeece53,c6b621a873f6400c9e472d9fa1828377,1534867448348687,False,34688,33802,0.36224708504801095,16233,0.01957103587962963,2.0823014846300745,33778,0.422225,4105,2.565625,8.228501827040194,14147,0.31578125,56,3.8349601633595882
scene-0252,7ca5e90766dc4b7bb6a9b3b0d95c99da,d74aa713536a4cd2803c3ca384ff174a,c6b621a873f6400c9e472d9fa1828377,1534867448398993,False,34656,33747,0.3616576646090535,16201,0.01953245563271605,2.083019566693414,33727,0.4215875,4087,2.554375,8.25226327379496,14153,0.3159151785714286,56,3.8344950694901243
scene-0252,7ca5e90766dc4b7bb6a9b3b0d95c99da,7b9435f0ebab4c838a1b0e7c9bee7dd4,c6b621a873f6400c9e472d9fa1828377,1534867448448790,False,34688,33802,0.36224708504801095,16254,0.019596354166666666,2.0796111726344284,33778,0.422225,4077,2.548125,8.285013490311503,14425,0.32198660714285715,56,3.8346389132049477
scene-0252,7ca5e90766dc4b7bb6a9b3b0d95c99da,3013b8fb189944ecb729958727ca9fe8,c6b621a873f6400c9e472d9fa1828377,1534867448501017,False,34656,33752,0.36171124828532236,16173,0.019498697916666665,2.0869350151487045,33732,0.42165,4094,2.55875,8.239374694675135,14219,0.3173883928571429,56,3.834963111161773
scene-0252,7ca5e90766dc4b7bb6a9b3b0d95c99da,d9c806093f254c539a447f30b10b1998,c6b621a873f6400c9e472d9fa1828377,1534867448548298,False,34688,33807,0.36230066872427985,16259,0.019602382330246915,2.0792791684605447,33782,0.422275,4092,2.5575,8.255620723362659,14447,0.32247767857142856,56,3.8360690207305446
scene-0252,7ca5e90766dc4b7bb6a9b3b0d95c99da,a7717ae3b94a4e04acd8269275b311cf,c6b621a873f6400c9e472d9fa1828377,1534867448598608,False,34656,33763,0.36182913237311387,16175,0.019501109182098766,2.087357032457496,33741,0.4217625,4077,2.548125,8.275938189845474,19387,0.4327455357142857,56,3.838069686952829
scene-0252,7ca5e90766dc4b7bb6a9b3b0d95c99da,a9ef49212c124ecb8e68167623b673f9,c6b621a873f6400c9e472d9fa1828377,1534867448648391,False,34656,33768,0.3618827160493827,16261,0.019604793595679012,2.0766250538097286,33741,0.4217625,4119,2.574375,8.191551347414421,19241,0.42948660714285714,56,3.8408622229394633
scene-0252,7ca5e90766dc4b7bb6a9b3b0d95c99da,f831c452f85943a98ed3895111282157,c6b621a873f6400c9e472d9fa1828377,1534867448698154,True,34688,33798,0.3622042181069959,16239,0.019578269675925925,2.0812857934601885,33772,0.42215,4067,2.541875,8.303909515613475,19366,0.43227678571428574,56,3.844438738778766
scene-0252,7ca5e90766dc4b7bb6a9b3b0d95c99da,b16ff8f2e0ac4ac08af10ed238b3a9c7,0d812cc795a141bcb9d788281dcf2725,1534867448748461,False,34656,33779,0.3620006001371742,16220,0.019555362654320986,2.0825524044389643,33753,0.4219125,4089,2.555625,8.254585473220837,17478,0.3901339285714286,54,3.9607447099161095
scene-0252,7ca5e90766dc4b7bb6a9b3b0d95c99da,e7482e634027458ab9a0213c8d939cbc,0d812cc795a141bcb9d788281dcf2725,1534867448798230,False,34656,33760,0.36179698216735257,16228,0.019565007716049382,2.080354942075425,33731,0.4216375,4098,2.56125,8.231088335773547,14217,0.31734375,54,3.9644531495266353
scene-0252,7ca5e90766dc4b7bb6a9b3b0d95c99da,73b9e63a3d384b328b81ada862f0ab01,0d812cc795a141bcb9d788281dcf2725,1534867448848003,False,34688,33806,0.3622899519890261,16273,0.019619261188271606,2.0774288699072083,33777,0.4222125,4083,2.551875,8.272593681116826,14529,0.32430803571428574,54,3.9689197333683723
scene-0252,7ca5e90766dc4b7bb6a9b3b0d95c99da,c131172600024c8b8574407ec6781580,0d812cc795a141bcb9d788281dcf2725,1534867448897778,False,34656,33771,0.361914866255144,16276,0.019622878086419753,2.0748955517326126,33744,0.4218,4087,2.554375,8.256422804012724,14228,0.31758928571428574,54,3.9741226726284435
scene-0252,7ca5e90766dc4b7bb6a9b3b0d95c99da,3cd34111990d47cfbbdf90b0e03a86be,0d812cc795a141bcb9d788281dcf2725,1534867448948104,False,34656,33762,0.3618184156378601,16226,0.019562596450617285,2.0807346234438557,33737,0.4217125,4057,2.535625,8.315750554596994,14935,0.3333705357142857,54,3.980022638337512
scene-0252,7ca5e90766dc4b7bb6a9b3b0d95c99da,26edcf09829642b5a17e73f23943ac59,0d812cc795a141bcb9d788281dcf2725,1534867448997881,False,34656,33768,0.3618827160493827,16246,0.01958670910493827,2.0785424104394927,33741,0.4217625,4107,2.566875,8.215485756026297,14239,0.31783482142857145,54,3.9864969904774465
scene-0252,7ca5e90766dc4b7bb6a9b3b0d95c99da,c7d92b656ee84e6eab847990e4b3848e,0d812cc795a141bcb9d788281dcf2725,1534867449047614,False,34688,33803,0.3622578017832647,16327,0.019684365354938272,2.0703742267409813,33775,0.4221875,4084,2.5525,8.270078354554359,19223,0.4290848214285714,54,3.99271502958704
scene-0252,7ca5e90766dc4b7bb6a9b3b0d95c99da,1240d318de104107a32603831646356c,0d812cc795a141bcb9d788281dcf2725,1534867449097411,False,34656,33770,0.36190414951989025,16301,0.019653018904320987,2.0716520458867556,33742,0.421775,4085,2.553125,8.25997552019584,14373,0.32082589285714286,54,3.994541578041006
scene-0252,7ca5e90766dc4b7bb6a9b3b0d95c99da,0fec6b8577224868b577c938fa3182e4,0d812cc795a141bcb9d788281dcf2725,1534867449147711,False,34688,33813,0.36236496913580246,16324,0.019680748456790124,2.0713673119333498,33783,0.4222875,4081,2.550625,8.278118108306787,14265,0.3184151785714286,54,3.997134948280845
scene-0252,7ca5e90766dc4b7bb6a9b3b0d95c99da,6a9baa75f227483dbed5e29d5b2da73c,0d812cc795a141bcb9d788281dcf2725,1534867449197488,True,34688,33809,0.3623221021947874,16314,0.019668692129629628,2.0723918107147234,33779,0.4222375,4087,2.554375,8.264986542696354,16791,0.37479910714285714,54,4.000294428346467
scene-0252,7ca5e90766dc4b7bb6a9b3b0d95c99da,2c9902c7e860425e82f53bf47f2e2207,17ad55f71dff43f5a7ebf34aff5ad9f8,1534867449247234,False,34688,33824,0.36248285322359397,16283,0.0196313175154321,2.0772584904501628,33799,0.4224875,4079,2.549375,8.28609953419956,14252,0.318125,52,4.068894310898279
scene-0252,7ca5e90766dc4b7bb6a9b3b0d95c99da,6f2a046d26c24bbfa4da298109ddc69d,17ad55f71dff43f5a7ebf34aff5ad9f8,1534867449297549,False,34720,33826,0.3625042866941015,16321,0.019677131558641977,2.072544574474603,33798,0.422475,4092,2.5575,8.259530791788857,19116,0.4266964285714286,52,4.065918894782934
scene-0252,7ca5e90766dc4b7bb6a9b3b0d95c99da,a08914be34d14f6c9ff4c8e1460ea671,17ad55f71dff43f5a7ebf34aff5ad9f8,1534867449347330,False,34720,33831,0.36255787037037035,16353,0.019715711805555557,2.0687947165657676,33807,0.4225875,4095,2.559375,8.255677655677657,19230,0.42924107142857143,52,4.064394078868102
scene-0252,7ca5e90766dc4b7bb6a9b3b0d95c99da,f380005976c04bd39a63de3d5366122b,17ad55f71dff43f5a7ebf34aff5ad9f8,1534867449397659,False,34720,33829,0.3625364368998628,16376,0.01974344135802469,2.0657669760625303,33806,0.422575,4091,2.556875,8.263505255438767,16173,0.3610044642857143,52,4.064277547741348
scene-0252,7ca5e90766dc4b7bb6a9b3b0d95c99da,572a0a7f05874fcdb5aab9b05decfd7f,17ad55f71dff43f5a7ebf34aff5ad9f8,1534867449497753,False,34560,33676,0.3608967764060357,16311,0.01966507523148148,2.0646189687940653,33648,0.4206,4111,2.569375,8.184869861347604,15245,0.34029017857142857,52,4.067829782959839
scene-0252,7ca5e90766dc4b7bb6a9b3b0d95c99da,264bcc9a373f4665bd42c6cb9e3355a5,17ad55f71dff43f5a7ebf34aff5ad9f8,1534867449548323,False,34752,33851,0.36277220507544583,16423,0.01980010609567901,2.061194666017171,33824,0.4228,4128,2.58,8.193798449612403,18399,0.4106919642857143,52,4.0685086375485096
scene-0252,7ca5e90766dc4b7bb6a9b3b0d95c99da,324e9b70dc8a40e4914122c85198e8ef,17ad55f71dff43f5a7ebf34aff5ad9f8,1534867449597829,False,34752,33850,0.36276148834019206,16415,0.01979046103395062,2.0621382881510812,33823,0.4227875,4114,2.57125,8.221438988818669,16562,0.3696875,52,4.067931855070312
scene-0252,7ca5e90766dc4b7bb6a9b3b0d95c99da,8d7faeaf8eeb415fae086c43ad91099f,17ad55f71dff43f5a7ebf34aff5ad9f8,1534867449647608,False,34720,33833,0.36257930384087794,16423,0.01980010609567901,2.0600986421482066,33801,0.4225125,4097,2.560625,8.250183060776179,18136,0.40482142857142855,52,4.068422010229376
scene-0252,7ca5e90766dc4b7bb6a9b3b0d95c99da,e658e8337caf4cd78525e6ce98e540aa,17ad55f71dff43f5a7ebf34aff5ad9f8,1534867449697337,True,34752,33857,0.36283650548696844,16507,0.01990137924382716,2.0510692433513054,33825,0.4228125,4113,2.570625,8.223924142961343,19432,0.43375,52,4.069958537530549
scene-0252,7ca5e90766dc4b7bb6a9b3b0d95c99da,e0eb72b4a2764ca8938b01dac67fc1af,266e331936ef41a3b956b03c6c5bc014,1534867449747684,False,34752,33867,0.3629436728395062,16482,0.019871238425925926,2.0547870404077173,33835,0.4229375,4142,2.58875,8.168759053597295,16212,0.361875,46,4.016271687136666
scene-0252,7ca5e90766dc4b7bb6a9b3b0d95c99da,36c2ecfc3afa43e79f7fc79b84723a78,266e331936ef41a3b956b03c6c5bc014,1534867449797471,False,34752,33863,0.3629008058984911,16473,0.019860387731481483,2.055666848782857,33832,0.4229,4126,2.57875,8.199709161415415,14773,0.3297544642857143,46,4.014044463430226
scene-0252,7ca5e90766dc4b7bb6a9b3b0d95c99da,18a1fb677c7a48e99d64667bc140fd44,266e331936ef41a3b956b03c6c5bc014,1534867449847756,False,34752,33873,0.3630079732510288,16524,0.019921875,2.049927378358751,33847,0.4230875,4129,2.580625,8.197384354565271,19395,0.4329241071428571,46,4.012739971693134
scene-0252,7ca5e90766dc4b7bb6a9b3b0d95c99da,09a297c467d34bbb8bbc0b7390c72551,266e331936ef41a3b956b03c6c5bc014,1534867449897511,False,34720,33837,0.362622170781893,16505,0.019898967978395063,2.050106028476219,33813,0.4226625,4119,2.574375,8.209031318281136,18429,0.41136160714285713,46,4.012391192936092
scene-0252,7ca5e90766dc4b7bb6a9b3b0d95c99da,2695e5a5457449198ab92f2723c68c7e,266e331936ef41a3b956b03c6c5bc014,1534867449947849,False,34720,33826,0.3625042866941015,16454,0.019837480709876544,2.0557919047040234,33804,0.42255,4150,2.59375,8.145542168674698,15063,0.33622767857142855,46,4.012999039966558
scene-0252,7ca5e90766dc4b7bb6a9b3b0d95c99da,3eb45a580b9a4c12a5429933dd617a5d,266e331936ef41a3b956b03c6c5bc014,1534867449997591,False,34720,33838,0.3626328875171468,16508,0.01990258487654321,2.0497940392536953,33811,0.4226375,4144,2.59,8.159025096525097,16698,0.3727232142857143,46,4.013705670840131
scene-0252,7ca5e90766dc4b7bb6a9b3b0d95c99da,9ea73061e2554705913b69413d3afecb,266e331936ef41a3b956b03c6c5bc014,1534867450047920,False,34720,33830,0.3625471536351166,16545,0.01994719328703704,2.04472650347537,33801,0.4225125,4114,2.57125,8.21609139523578,19440,0.43392857142857144,46,4.010075489681523
scene-0252,7ca5e90766dc4b7bb6a9b3b0d95c99da,86b9bedae3494c0fbc800cda4238de56,266e331936ef41a3b956b03c6c5bc014,1534867450097702,False,34688,33806,0.3622899519890261,16526,0.0199242862654321,2.045625075638388,33778,0.422225,4133,2.583125,8.172755867408663,16345,0.36484375,46,4.007089319257268
scene-0252,7ca5e90766dc4b7bb6a9b3b0d95c99da,f84f5328446642278d9b7b860033aeb4,266e331936ef41a3b956b03c6c5bc014,1534867450147476,False,34720,33834,0.3625900205761317,16542,0.019943576388888887,2.0453391367428364,33803,0.4225375,4126,2.57875,8.192680562287931,16489,0.3680580357142857,46,3.999804652068268
scene-0252,7ca5e90766dc4b7bb6a9b3b0d95c99da,7af6a77ddc1545e88b36bb4a4029ad38,266e331936ef41a3b956b03c6c5bc014,1534867450197803,True,34688,33809,0.3623221021947874,16545,0.01994719328703704,2.043457237836204,33777,0.4222125,4105,2.565625,8.228258221680877,19445,0.43404017857142857,46,3.9882198834097946
scene-0252,7ca5e90766dc4b7bb6a9b3b0d95c99da,53038595380d461099978482ffc22441,f5b0544397ad48a590b20494b23cab84,1534867450247554,False,34720,33832,0.3625685871056241,16570,0.019977334104938273,2.0417622208811106,33794,0.422425,4110,2.56875,8.222384428223844,19406,0.4331696428571429,50,3.6391847163837867
scene-0252,7ca5e90766dc4b7bb6a9b3b0d95c99da,c52cb4bf6f914bdaadfb6d61366cf5ab,f5b0544397ad48a590b20494b23cab84,1534867450297894,False,34720,33834,0.3625900205761317,16609,0.020024353780864198,2.037088325606599,33793,0.4224125,4138,2.58625,8.166505558240695,19431,0.4337276785714286,50,3.624120581019721
scene-0252,7ca5e90766dc4b7bb6a9b3b0d95c99da,2214deceded54754ac45750d6c87d760,f5b0544397ad48a590b20494b23cab84,1534867450347643,False,34720,33836,0.36261145404663925,16600,0.020013503086419752,2.0383132530120482,33794,0.422425,4100,2.5625,8.242439024390244,14267,0.31845982142857143,50,3.610998734986528
scene-0252,7ca5e90766dc4b7bb6a9b3b0d95c99da,37fc06c6f1584eb9acbfe34302be665b,f5b0544397ad48a590b20494b23cab84,1534867450397400,False,34752,33868,0.36295438957475995,16588,0.01999903549382716,2.0417169037858693,33831,0.4228875,4161,2.600625,8.130497476568133,15497,0.34591517857142856,50,3.5996680940818333
scene-0252,7ca5e90766dc4b7bb6a9b3b0d95c99da,4b8b3ea5be04422c8fc72c4a4ea70736,f5b0544397ad48a590b20494b23cab84,1534867450447733,False,34720,33827,0.3625150034293553,16625,0.020043643904320986,2.034706766917293,33787,0.4223375,4138,2.58625,8.16505558240696,16219,0.36203125,50,3.5900365594839823
scene-0252,7ca5e90766dc4b7bb6a9b3b0d95c99da,eac8b178394b490d87f26790f041e6ee,f5b0544397ad48a590b20494b23cab84,1534867450497489,False,34752,33849,0.3627507716049383,16679,0.020108748070987656,2.0294382157203668,33810,0.422625,4142,2.58875,8.162723322066634,18812,0.4199107142857143,50,3.5823032913632926
scene-0252,7ca5e90766dc4b7bb6a9b3b0d95c99da,ddedbd6e0ed84db3a40d77109b98163a,f5b0544397ad48a590b20494b23cab84,1534867450547857,False,34752,33876,0.3630401234567901,16648,0.020071373456790123,2.0348390197020665,33842,0.423025,4145,2.590625,8.16453558504222,17774,0.3967410714285714,50,3.576245827556398
scene-0252,7ca5e90766dc4b7bb6a9b3b0d95c99da,c274abf4a76843fe875833ce269a48f7,f5b0544397ad48a590b20494b23cab84,1534867450597587,False,34752,33872,0.362997256515775,16635,0.020055700231481483,2.0361887586414187,33839,0.4229875,4134,2.58375,8.185534591194969,14306,0.3193303571428571,50,3.5719647877447263
scene-0252,7ca5e90766dc4b7bb6a9b3b0d95c99da,624a03cb1ff644dba3bf1530ad31d913,f5b0544397ad48a590b20494b23cab84,1534867450647883,True,34752,33850,0.36276148834019206,16664,0.020090663580246915,2.03132501200192,33814,0.422675,4136,2.585,8.175531914893616,16730,0.3734375,50,3.569298281549427
scene-0252,7ca5e90766dc4b7bb6a9b3b0d95c99da,33ad04de70974cc0ade749ce6f36a4f3,99748e63f35b4bc289b177ccb35b4b28,1534867450697650,False,34784,33904,0.3633401920438957,16703,0.02013768325617284,2.0298150032928217,33865,0.4233125,4171,2.606875,8.119156077679214,19473,0.43466517857142856,46,4.1660177399874945
scene-0252,7ca5e90766dc4b7bb6a9b3b0d95c99da,181103096d4e43b08ba4dfbe81814c30,99748e63f35b4bc289b177ccb35b4b28,1534867450748005,False,34752,33864,0.3629115226337449,16663,0.020089457947530864,2.032287103162696,33833,0.4229125,4155,2.596875,8.14271961492178,16944,0.3782142857142857,46,4.168079959274235
scene-0252,7ca5e90766dc4b7bb6a9b3b0d95c99da,38263fa1e05b47bf9ddaa2b8cbc0e6cf,99748e63f35b4bc289b177ccb35b4b28,1534867450797740,False,34752,33852,0.3627829218106996,16683,0.02011357060185185,2.0291314511778458,33822,0.422775,4138,2.58625,8.17351377477042,14343,0.32015625,46,4.17081939494608
scene-0252,7ca5e90766dc4b7bb6a9b3b0d95c99da,5ed150b4f6f7477dbe8e26f4a6d83f58,99748e63f35b4bc289b177ccb35b4b28,1534867450848065,False,34784,33885,0.36313657407407407,16686,0.0201171875,2.030744336569579,33863,0.4232875,4183,2.614375,8.09538608654076,14436,0.32223214285714286,46,4.174290811503766
scene-0252,7ca5e90766dc4b7bb6a9b3b0d95c99da,89aa4012c6bc4aa19a6989b4307c2efa,99748e63f35b4bc289b177ccb35b4b28,1534867450898382,False,34752,33853,0.36279363854595337,16719,0.020156973379629628,2.0248220587355705,33827,0.4228375,4171,2.606875,8.11004555262527,19286,0.4304910714285714,46,4.17845382991015
scene-0252,7ca5e90766dc4b7bb6a9b3b0d95c99da,15833e17efad4bf4bf79f9107f49e560,99748e63f35b4bc289b177ccb35b4b28,1534867450948135,False,34784,33903,0.36332947530864196,16702,0.02013647762345679,2.0298766614776675,33881,0.4235125,4164,2.6025,8.136647454370797,17291,0.38595982142857144,46,4.183239811572533
scene-0252,7ca5e90766dc4b7bb6a9b3b0d95c99da,bf394b9c656b49ddb04494aefcbfe3c2,99748e63f35b4bc289b177ccb35b4b28,1534867450998462,False,34752,33856,0.3628257887517147,16755,0.02020037615740741,2.0206505520740077,33828,0.42285,4200,2.625,8.054285714285715,14626,0.3264732142857143,46,4.18874782549862
scene-0252,7ca5e90766dc4b7bb6a9b3b0d95c99da,f1b679ead91841d6865c44dc0cdef021,99748e63f35b4bc289b177ccb35b4b28,1534867451048236,False,34784,33910,0.3634044924554184,16753,0.02019796489197531,2.0241150838655764,33887,0.4235875,4167,2.604375,8.132229421646269,15674,0.3498660714285714,46,4.194845048381043
scene-0252,7ca5e90766dc4b7bb6a9b3b0d95c99da,2c0e8364b73b45659a7588d7283d2442,99748e63f35b4bc289b177ccb35b4b28,1534867451098567,False,34720,33835,0.3626007373113855,16743,0.020185908564814815,2.0208445320432418,33808,0.4226,4170,2.60625,8.107434052757794,16127,0.3599776785714286,46,4.201658189743789
scene-0252,7ca5e90766dc4b7bb6a9b3b0d95c99da,14b206ae2bdf4c6f801a148d1e1077f6,99748e63f35b4bc289b177ccb35b4b28,1534867451148397,False,34752,33859,0.362857938957476,16765,0.020212432484567902,2.0196242171189978,33835,0.4229375,4195,2.621875,8.065554231227653,19449,0.4341294642857143,46,4.2090367008681495
scene-0252,7ca5e90766dc4b7bb6a9b3b0d95c99da,adc4ee9378884be2855c4d0b9d88ef47,99748e63f35b4bc289b177ccb35b4b28,1534867451198659,True,34720,33838,0.3626328875171468,16770,0.020218460648148147,2.0177698270721525,33813,0.4226625,4194,2.62125,8.062231759656653,19479,0.43479910714285713,46,4.217109834114571
scene-0252,7ca5e90766dc4b7bb6a9b3b0d95c99da,7db68f88edff4844a4a2276684b52971,b2767ac1f84440f3a9a1cad27c4771b7,1534867451248415,False,34752,33873,0.3630079732510288,16815,0.02027271412037037,2.0144513826940234,33846,0.423075,4194,2.62125,8.070100143061516,19445,0.43404017857142857,50,3.73114821063105
scene-0252,7ca5e90766dc4b7bb6a9b3b0d95c99da,18bd2421df5947a5a52fab5e4ba1542d,b2767ac1f84440f3a9a1cad27c4771b7,1534867451298736,False,34752,33858,0.3628472222222222,16800,0.02025462962962963,2.015357142857143,33837,0.4229625,4186,2.61625,8.08337314859054,19475,0.43470982142857145,50,3.7366429493949225
scene-0252,7ca5e90766dc4b7bb6a9b3b0d95c99da,57db8b13812647c591a534c5d281cf9a,b2767ac1f84440f3a9a1cad27c4771b7,1534867451348517,False,34752,33844,0.3626971879286694,16820,0.02027874228395062,2.012128418549346,33824,0.4228,4187,2.616875,8.078337711965608,15052,0.33598214285714284,50,3.7428792515721483
scene-0252,7ca5e90766dc4b7bb6a9b3b0d95c99da,d7f63a30d19049709785b6b306d417d8,b2767ac1f84440f3a9a1cad27c4771b7,1534867451398830,False,34752,33858,0.3628472222222222,16760,0.020206404320987654,2.020167064439141,33837,0.4229625,4189,2.618125,8.077584148961567,16004,0.35723214285714283,50,3.7500203853853287
scene-0252,7ca5e90766dc4b7bb6a9b3b0d95c99da,dbba3b8bd51b41bcb4c3cf0a6ece090d,b2767ac1f84440f3a9a1cad27c4771b7,1534867451448585,False,34752,33852,0.3627829218106996,16769,0.0202172550154321,2.018725028326078,33833,0.4229125,4178,2.61125,8.097893729056965,14416,0.3217857142857143,50,3.7570381881857644
scene-0252,7ca5e90766dc4b7bb6a9b3b0d95c99da,448e8cecac984d32a378da45b3874a0e,b2767ac1f84440f3a9a1cad27c4771b7,1534867451498930,False,34752,33854,0.36280435528120714,16861,0.02032817322530864,2.0078287171579383,33833,0.4229125,4203,2.626875,8.049726385914823,14376,0.32089285714285715,50,3.764828934310328
scene-0252,7ca5e90766dc4b7bb6a9b3b0d95c99da,279268ac604044f8ad764770be11af89,b2767ac1f84440f3a9a1cad27c4771b7,1534867451548675,False,34720,33843,0.3626864711934156,16837,0.020299238040123457,2.0100374175922076,33819,0.4227375,4196,2.6225,8.059818875119161,19474,0.4346875,50,3.773439918655741
scene-0252,7ca5e90766dc4b7bb6a9b3b0d95c99da,0cfd22ec0dc4471ab2c38a5348332233,b2767ac1f84440f3a9a1cad27c4771b7,1534867451598426,False,34752,33849,0.3627507716049383,16838,0.020300443672839508,2.010274379379974,33830,0.422875,4198,2.62375,8.058599333015723,19459,0.43435267857142856,50,3.7804565440659452
scene-0252,7ca5e90766dc4b7bb6a9b3b0d95c99da,694d75d9361340e7a4861b640c95e0d1,b2767ac1f84440f3a9a1cad27c4771b7,1534867451648752,False,34720,33835,0.3626007373113855,16825,0.020284770447530864,2.010995542347697,33813,0.4226625,4195,2.621875,8.060309892729439,14367,0.3206919642857143,50,3.7886256794766497
scene-0252,7ca5e90766dc4b7bb6a9b3b0d95c99da,56c67d34af1a47f1a6de7d820b2ea0b5,b2767ac1f84440f3a9a1cad27c4771b7,1534867451698586,True,34720,33844,0.3626971879286694,16849,0.02031370563271605,2.0086652026826517,33822,0.422775,4187,2.616875,8.077860042990208,15980,0.3566964285714286,50,3.797803726796965
scene-0252,7ca5e90766dc4b7bb6a9b3b0d95c99da,95fc60b446e4460e8db2ce90cd80af65,d1af277b35f749a6a8cc426e5a68579d,1534867451750644,False,34688,33827,0.3625150034293553,16793,0.020246190200617284,2.014351217769309,33807,0.4225875,4217,2.635625,8.016836613706426,17577,0.39234375,49,3.565838369232878
scene-0252,7ca5e90766dc4b7bb6a9b3b0d95c99da,a6e131c9fa07493bbaf9ce52c6cb7f77,d1af277b35f749a6a8cc426e5a68579d,1534867451798600,False,34720,33842,0.36267575445816186,16877,0.020347463348765433,2.0052141968359307,33817,0.4227125,4210,2.63125,8.032541567695962,17243,0.3848883928571429,49,3.5724747007938444
scene-0252,7ca5e90766dc4b7bb6a9b3b0d95c99da,8a22688eccbb4f3795ddc27fd78bda0b,d1af277b35f749a6a8cc426e5a68579d,1534867451848373,False,34688,33809,0.3623221021947874,16871,0.020340229552469134,2.0039713117183333,33789,0.4223625,4228,2.6425,7.991721854304636,14614,0.32620535714285714,49,3.5800498729001724
scene-0252,7ca5e90766dc4b7bb6a9b3b0d95c99da,67109096bf3247fc8fc4b0e2b9d189cb,d1af277b35f749a6a8cc426e5a68579d,1534867451898687,False,34688,33822,0.36246141975308643,16866,0.02033420138888889,2.0053361792956244,33801,0.4225125,4214,2.63375,8.021120075937352,17928,0.40017857142857144,49,3.5883898531416922
scene-0252,7ca5e90766dc4b7bb6a9b3b0d95c99da,7c997badc0b74b77a89c4abae0b895bd,d1af277b35f749a6a8cc426e5a68579d,1534867451948458,False,34720,33841,0.3626650377229081,16876,0.020346257716049383,2.005273761554871,33818,0.422725,4197,2.623125,8.057660233500119,16847,0.37604910714285716,49,3.597288441760589
scene-0252,7ca5e90766dc4b7bb6a9b3b0d95c99da,e38f71b8d2ca43a496cdd026ae5930d3,d1af277b35f749a6a8cc426e5a68579d,1534867451999662,False,34720,33839,0.36264360425240055,16913,0.02039086612654321,2.000768639508071,33815,0.4226875,4215,2.634375,8.022538552787664,19232,0.42928571428571427,49,3.6062786932804425
scene-0252,7ca5e90766dc4b7bb6a9b3b0d95c99da,d160871ed3f549f6a593c0a2ba6e9394,d1af277b35f749a6a8cc426e5a68579d,1534867452048542,False,34720,33851,0.36277220507544583,16924,0.020404128086419754,2.0001772630583785,33829,0.4228625,4190,2.61875,8.073747016706443,19407,0.43319196428571427,49,3.606743707564423
scene-0252,7ca5e90766dc4b7bb6a9b3b0d95c99da,19d7916bd5c042b7bbfc7a65b5717b2e,d1af277b35f749a6a8cc426e5a68579d,1534867452098692,False,34720,33839,0.36264360425240055,16915,0.020393277391975308,2.0005320721253326,33817,0.4227125,4221,2.638125,8.011608623548922,18016,0.40214285714285714,49,3.6077597380694675
scene-0252,7ca5e90766dc4b7bb6a9b3b0d95c99da,eab026473d404d8b80d0c71119a9e67b,d1af277b35f749a6a8cc426e5a68579d,1534867452148614,False,34752,33865,0.36292223936899864,16877,0.020347463348765433,2.0065769982816852,33844,0.42305,4245,2.653125,7.972673733804476,16151,0.36051339285714284,49,3.609242071084424
scene-0252,7ca5e90766dc4b7bb6a9b3b0d95c99da,3d79066d3f624bfdb740b0bf4d7db5bc,d1af277b35f749a6a8cc426e5a68579d,1534867452198394,True,34720,33846,0.36271862139917693,16880,0.02035108024691358,2.005094786729858,33822,0.422775,4224,2.64,8.007102272727273,17450,0.38950892857142855,49,3.610468742834504
scene-0738,d3d94f2ce3dc4db4b3ba6f4aa81c3987,2dfc01ebd2464ec889bdbba95580d75c,0cfe7726e3fe43dda4d71ea9db829990,1535574112898208,True,34464,33329,0.3571780692729767,15542,0.018737943672839506,2.144447304079269,33293,0.4161625,5703,3.564375,5.837804664211818,13353,0.29805803571428574,50,5.089689964130608
scene-0738,d3d94f2ce3dc4db4b3ba6f4aa81c3987,79840130da244877a898757b381a0279,ec85bf54edc547e48dadf9419da38b8b,1535574112949285,False,34720,33556,0.359610768175583,15760,0.019000771604938273,2.129187817258883,33527,0.4190875,5787,3.616875,5.793502678417142,13401,0.2991294642857143,52,5.309832170492229
scene-0738,d3d94f2ce3dc4db4b3ba6f4aa81c3987,b47adbbc406245f6bcfd6f8d0f996af4,ec85bf54edc547e48dadf9419da38b8b,1535574112998288,False,34720,33592,0.3599965706447188,15784,0.019029706790123457,2.128231120121642,33558,0.419475,5897,3.685625,5.690690181448194,13472,0.3007142857142857,52,5.3312818879538355
scene-0738,d3d94f2ce3dc4db4b3ba6f4aa81c3987,d3c42003e19d4a568ed6502417a6d934,ec85bf54edc547e48dadf9419da38b8b,1535574113048605,False,34720,33609,0.3601787551440329,15806,0.019056230709876543,2.1263444261672784,33578,0.419725,5880,3.675,5.710544217687075,13505,0.3014508928571429,52,5.345708514019902
scene-0738,d3d94f2ce3dc4db4b3ba6f4aa81c3987,46d5fd849310495aab475ffdb02200f2,ec85bf54edc547e48dadf9419da38b8b,1535574113098379,False,34688,33562,0.35967506858710563,15720,0.018952546296296297,2.1349872773536895,33537,0.4192125,5892,3.6825,5.691955193482689,20372,0.45473214285714286,52,5.361841953783945
scene-0738,d3d94f2ce3dc4db4b3ba6f4aa81c3987,4f672bcdda104e18a87454636559097c,ec85bf54edc547e48dadf9419da38b8b,1535574113148128,False,34720,33634,0.36044667352537724,15727,0.018960985725308643,2.138615120493419,33614,0.420175,5898,3.68625,5.69922007460156,20451,0.4564955357142857,52,5.377286307513501
scene-0738,d3d94f2ce3dc4db4b3ba6f4aa81c3987,eab6514a18f04c4b92969e624ad2b144,ec85bf54edc547e48dadf9419da38b8b,1535574113198445,False,34720,33581,0.3598786865569273,15751,0.018989920910493827,2.131991619579709,33559,0.4194875,5916,3.6975,5.672582826233942,20385,0.4550223214285714,52,5.392437867494805
scene-0738,d3d94f2ce3dc4db4b3ba6f4aa81c3987,9b01ca7e950f45aeb766e6c6b33d5ec3,ec85bf54edc547e48dadf9419da38b8b,1535574113248217,False,34688,33573,0.35979295267489714,15695,0.018922405478395063,2.1390888818094935,33547,0.4193375,5914,3.69625,5.672472100101454,20421,0.45582589285714287,52,5.40934821996537
scene-0738,d3d94f2ce3dc4db4b3ba6f4aa81c3987,85f3e8ee70e54283b79fe1982a597a0f,ec85bf54edc547e48dadf9419da38b8b,1535574113297986,False,34720,33589,0.3599644204389575,15785,0.019030912422839507,2.127906240101362,33564,0.41955,5897,3.685625,5.691707647956588,20447,0.45640625,52,5.419375926093305
scene-0738,d3d94f2ce3dc4db4b3ba6f4aa81c3987,10f9fdd227114305984bce722f805865,ec85bf54edc547e48dadf9419da38b8b,1535574113348374,False,34688,33563,0.3596857853223594,15775,0.019018856095679014,2.127606973058637,33537,0.4192125,5945,3.715625,5.64121110176619,20480,0.45714285714285713,52,5.420982019046424
scene-0738,d3d94f2ce3dc4db4b3ba6f4aa81c3987,a8594723594047e9b1152d0f1ae1f901,ec85bf54edc547e48dadf9419da38b8b,1535574113398124,True,34688,33549,0.3595357510288066,15862,0.019123746141975307,2.115054848064557,33521,0.4190125,5916,3.6975,5.666159567275186,20405,0.45546875,52,5.424373743680676
scene-0738,d3d94f2ce3dc4db4b3ba6f4aa81c3987,968205b353884abe80915c13b90069d2,81c6d6f40dee45c58224b61ba93a5f5d,1535574113448388,False,34720,33602,0.36010373799725653,15892,0.01915991512345679,2.114397180971558,33580,0.41975,5951,3.719375,5.642749117795328,20445,0.4563616071428571,54,5.158991264861344
scene-0738,d3d94f2ce3dc4db4b3ba6f4aa81c3987,2f545c2e68f840dfb046212e1a533cb3,81c6d6f40dee45c58224b61ba93a5f5d,1535574113498155,False,34688,33596,0.36003943758573387,15963,0.019245515046296298,2.1046169266428616,33576,0.4197,6016,3.76,5.5811170212765955,20459,0.45667410714285717,54,5.165725450447673
scene-0738,d3d94f2ce3dc4db4b3ba6f4aa81c3987,92c05dd2198945548208d766a80dfc23,81c6d6f40dee45c58224b61ba93a5f5d,1535574113547944,False,34688,33608,0.36016803840877915,16002,0.019292534722222223,2.1002374703162103,33583,0.4197875,5992,3.745,5.604639519359146,20514,0.4579017857142857,54,5.1727654628457245
scene-0738,d3d94f2ce3dc4db4b3ba6f4aa81c3987,02026ccc36ee426b80117461062c3fab,81c6d6f40dee45c58224b61ba93a5f5d,1535574113598261,False,34688,33638,0.3604895404663923,15958,0.01923948688271605,2.1079082591803484,33618,0.420225,5996,3.7475,5.606737825216811,20564,0.45901785714285714,54,5.178087477544496
scene-0738,d3d94f2ce3dc4db4b3ba6f4aa81c3987,d4ffc90af7dd4356983fd9c197767080,81c6d6f40dee45c58224b61ba93a5f5d,1535574113648024,False,34688,33649,0.3606074245541838,16069,0.01937331211419753,2.0940319870558217,33626,0.420325,5987,3.741875,5.616502421914148,20643,0.46078125,54,5.178848620136659
scene-0738,d3d94f2ce3dc4db4b3ba6f4aa81c3987,19d546b33d9a401bbaadb4fee5e050b8,81c6d6f40dee45c58224b61ba93a5f5d,1535574113697784,False,34720,33655,0.36067172496570643,16080,0.019386574074074073,2.0929726368159205,33630,0.420375,6034,3.77125,5.573417301955585,20632,0.46053571428571427,54,5.1729356397053445
scene-0738,d3d94f2ce3dc4db4b3ba6f4aa81c3987,c9e9db1600ff4adfb4d89f06e75c074d,81c6d6f40dee45c58224b61ba93a5f5d,1535574113748105,False,34688,33649,0.3606074245541838,16017,0.019310619212962964,2.1008303677342823,33623,0.4202875,6032,3.77,5.574104774535809,20700,0.46205357142857145,54,5.159550770845068
scene-0738,d3d94f2ce3dc4db4b3ba6f4aa81c3987,8c79254436a643f697534257c6db2b58,81c6d6f40dee45c58224b61ba93a5f5d,1535574113797850,False,34688,33607,0.3601573216735254,16052,0.01935281635802469,2.093633192125592,33584,0.4198,6001,3.750625,5.596400599900017,20675,0.4614955357142857,54,5.146753672353822
scene-0738,d3d94f2ce3dc4db4b3ba6f4aa81c3987,65061141348b41b2a6da9c68ed7866d5,81c6d6f40dee45c58224b61ba93a5f5d,1535574113847617,False,34688,33608,0.36016803840877915,16047,0.019346788194444443,2.09434785318128,33582,0.419775,6026,3.76625,5.572850979090608,20691,0.4618526785714286,54,5.133930951228221
scene-0738,d3d94f2ce3dc4db4b3ba6f4aa81c3987,b6dc664b8b4341868bc9388d4f954cb2,81c6d6f40dee45c58224b61ba93a5f5d,1535574113897999,True,34720,33609,0.3601787551440329,15978,0.019263599537037036,2.1034547502816374,33587,0.4198375,6037,3.773125,5.563524929600795,20673,0.46145089285714286,54,5.122010402049413
scene-0738,d3d94f2ce3dc4db4b3ba6f4aa81c3987,a32cd0085a804429aa43d4832370bf5f,270f99c549bc4f95889d9e09eb458fc9,1535574113947709,False,34688,33585,0.35992155349794236,15986,0.01927324459876543,2.1009007881896657,33566,0.419575,6060,3.7875,5.538943894389439,20708,0.46223214285714287,56,5.053907312905813
scene-0738,d3d94f2ce3dc4db4b3ba6f4aa81c3987,1757880d591343978da0cdb1db436eea,270f99c549bc4f95889d9e09eb458fc9,1535574113997469,False,34720,33618,0.3602752057613169,16012,0.019304591049382716,2.0995503372470647,33591,0.4198875,6089,3.805625,5.516669403842996,20729,0.46270089285714283,56,5.041442746480241
scene-0738,d3d94f2ce3dc4db4b3ba6f4aa81c3987,9f744c721394446796e5dedfc8912887,270f99c549bc4f95889d9e09eb458fc9,1535574114047798,False,34720,33557,0.3596214849108368,16011,0.019303385416666666,2.0958715882830554,33532,0.41915,6108,3.8175,5.489849377865095,20708,0.46223214285714287,56,5.025028129047452
scene-0738,d3d94f2ce3dc4db4b3ba6f4aa81c3987,5fb76fe0b9984f5fbbf6e70addfcf26a,270f99c549bc4f95889d9e09eb458fc9,1535574114097576,False,34720,33488,0.3588820301783265,16039,0.01933714313271605,2.087910717625787,33461,0.4182625,6110,3.81875,5.476432078559738,20646,0.46084821428571426,56,5.001717370236713
scene-0738,d3d94f2ce3dc4db4b3ba6f4aa81c3987,e2660ee3bb3e41ec9106fcf0455bda82,270f99c549bc4f95889d9e09eb458fc9,1535574114147883,False,34720,33497,0.3589784807956104,16045,0.019344376929012346,2.087690869429729,33467,0.4183375,6133,3.833125,5.4568726561226155,20694,0.4619196428571429,56,4.97655463510941
scene-0738,d3d94f2ce3dc4db4b3ba6f4aa81c3987,96e4fd52957748a9a9dc18f40795dab5,270f99c549bc4f95889d9e09eb458fc9,1535574114197672,False,34720,33474,0.35873199588477367,16011,0.019303385416666666,2.090687652239086,33443,0.4180375,6159,3.849375,5.429939925312551,20632,0.46053571428571427,56,4.952643301692979
scene-0738,d3d94f2ce3dc4db4b3ba6f4aa81c3987,2b20964f01734475ad3f879140f434c2,270f99c549bc4f95889d9e09eb458fc9,1535574114247977,False,34752,33492,0.35892489711934156,15967,0.019250337577160492,2.097576251017724,33460,0.41825,6119,3.824375,5.468213760418369,20618,0.4602232142857143,56,4.925617854707865
scene-0738,d3d94f2ce3dc4db4b3ba6f4aa81c3987,aa79fd336e0b4386ae9106d02e5c9b36,270f99c549bc4f95889d9e09eb458fc9,1535574114297748,False,34720,33503,0.35904278120713307,15988,0.019275655864197532,2.0955091318488868,33462,0.418275,6065,3.790625,5.517230008244023,20623,0.4603348214285714,56,4.898314882053239
scene-0738,d3d94f2ce3dc4db4b3ba6f4aa81c3987,82ccc8901ab548928ec993f6d17c82a4,270f99c549bc4f95889d9e09eb458fc9,1535574114347512,False,34720,33474,0.35873199588477367,16009,0.01930097415123457,2.0909488412767816,33435,0.4179375,6059,3.786875,5.518237332893217,20542,0.45852678571428573,56,4.872071662797799
scene-0738,d3d94f2ce3dc4db4b3ba6f4aa81c3987,540561f58cb8475ba105d88663bf5450,270f99c549bc4f95889d9e09eb458fc9,1535574114397838,True,34752,33549,0.3595357510288066,16026,0.019321469907407407,2.0934107076001496,33522,0.419025,6036,3.7725,5.5536779324055665,20651,0.46095982142857145,56,4.846646274117357
scene-0738,d3d94f2ce3dc4db4b3ba6f4aa81c3987,545ed68777ce4c1ebb5d4e21291b4367,00d7a6170cd54ddf938b072472a46423,1535574114447599,False,34720,33510,0.35911779835390945,16092,0.019401041666666667,2.0824011931394484,33467,0.4183375,6121,3.825625,5.467570658389152,20634,0.46058035714285717,57,5.097092867691945
scene-0738,d3d94f2ce3dc4db4b3ba6f4aa81c3987,c4aecbdf74f2499c88ed9fe072813ae3,00d7a6170cd54ddf938b072472a46423,1535574114497908,False,34752,33551,0.3595571844993141,16169,0.01949387538580247,2.075020100191725,33524,0.41905,6104,3.815,5.492136304062909,20671,0.46140625,57,5.0804771740230645
scene-0738,d3d94f2ce3dc4db4b3ba6f4aa81c3987,d742e5a84fbf41fe9773d8d461c77a8b,00d7a6170cd54ddf938b072472a46423,1535574114547695,False,34752,33558,0.35963220164609055,16105,0.019416714891975308,2.0837007140639554,33532,0.41915,6113,3.820625,5.485359070832652,20694,0.4619196428571429,57,5.064522542705345
scene-0738,d3d94f2ce3dc4db4b3ba6f4aa81c3987,d50f303503e54b77bac8922baf14a908,00d7a6170cd54ddf938b072472a46423,1535574114598029,False,34752,33579,0.35985725308641975,16058,0.019360050154320987,2.0911072362685266,33550,0.419375,6097,3.810625,5.5027062489749055,20741,0.46296875,57,5.047874132427517
scene-0738,d3d94f2ce3dc4db4b3ba6f4aa81c3987,3fc202fa8bb04b62b67c95487424b7cb,00d7a6170cd54ddf938b072472a46423,1535574114647760,False,34752,33566,0.3597179355281207,16104,0.01941550925925926,2.0843268753104818,33542,0.419275,6059,3.786875,5.535897012708368,20702,0.4620982142857143,57,5.032798347170387
scene-0738,d3d94f2ce3dc4db4b3ba6f4aa81c3987,5cea943e19f84bc790557e794194e531,00d7a6170cd54ddf938b072472a46423,1535574114698099,False,34784,33578,0.359846536351166,16086,0.019393807870370372,2.0874051970657717,33557,0.4194625,6058,3.78625,5.539286893364147,20674,0.4614732142857143,57,5.019012558137857
scene-0738,d3d94f2ce3dc4db4b3ba6f4aa81c3987,8e9c4a3e31fb4dc696aded9748d0d1cc,00d7a6170cd54ddf938b072472a46423,1535574114747873,False,34752,33548,0.3595250342935528,16053,0.019354021990740742,2.089827446583193,33524,0.41905,6070,3.79375,5.522899505766063,20667,0.4613169642857143,57,5.00691479161757
scene-0738,d3d94f2ce3dc4db4b3ba6f4aa81c3987,b6451c0b88064098a448522b713ec0bf,00d7a6170cd54ddf938b072472a46423,1535574114798175,True,34784,33554,0.3595893347050754,15964,0.019246720679012345,2.101854171886745,33532,0.41915,6077,3.798125,5.5178542043771595,20654,0.46102678571428574,57,4.996360077059613
scene-0738,d3d94f2ce3dc4db4b3ba6f4aa81c3987,2dfc7a4ed8dc40118877813911bd62e9,09a1f4c258db486080575fa03fe2e47b,1535574114848500,False,34752,33545,0.3594928840877915,16170,0.019495081018518517,2.0745207173778604,33528,0.4191,6136,3.835,5.464146023468057,20532,0.4583035714285714,57,5.644011248790132
scene-0738,d3d94f2ce3dc4db4b3ba6f4aa81c3987,5d919153665040e4884b30eb590d845f,09a1f4c258db486080575fa03fe2e47b,1535574114898266,False,34784,33601,0.36009302126200277,16249,0.019590326003086418,2.067881100375408,33580,0.41975,6248,3.905,5.374519846350832,20645,0.46082589285714287,57,5.630135179551172
scene-0738,d3d94f2ce3dc4db4b3ba6f4aa81c3987,0c1e461b68a145928ed2a6600c3ac609,09a1f4c258db486080575fa03fe2e47b,1535574114948602,False,34752,33596,0.36003943758573387,16251,0.01959273726851852,2.0673189342194327,33572,0.41965,6181,3.863125,5.431483578708947,20653,0.4610044642857143,57,5.618011470192137
scene-0738,d3d94f2ce3dc4db4b3ba6f4aa81c3987,9d31b8cc00b54d9aa5b5bce8bcc0b9dc,09a1f4c258db486080575fa03fe2e47b,1535574114998343,False,34784,33656,0.3606824417009602,16270,0.019615644290123458,2.0685925015365703,33630,0.420375,6163,3.851875,5.456758072367354,20723,0.4625669642857143,57,5.607966655740916
scene-0738,d3d94f2ce3dc4db4b3ba6f4aa81c3987,8c364be51ab048dcbb8aa1425205c216,09a1f4c258db486080575fa03fe2e47b,1535574115048662,False,34784,33668,0.3608110425240055,16322,0.019678337191358024,2.062737409631173,33642,0.420525,6149,3.843125,5.471133517645145,20726,0.4626339285714286,57,5.599786459692582
scene-0738,d3d94f2ce3dc4db4b3ba6f4aa81c3987,1d8bb1e053674755967f24764a37fc8d,09a1f4c258db486080575fa03fe2e47b,1535574115098436,False,34752,33659,0.36071459190672156,16278,0.01962528935185185,2.067760167096695,33632,0.4204,6163,3.851875,5.457082589647899,20743,0.4630133928571429,57,5.593652619215106
scene-0738,d3d94f2ce3dc4db4b3ba6f4aa81c3987,53d8dc3ee200443ca87a141f175ba9b3,09a1f4c258db486080575fa03fe2e47b,1535574115148755,False,34752,33693,0.3610789609053498,16277,0.019624083719135803,2.069976039810776,33660,0.42075,6157,3.848125,5.46694818905311,20803,0.4643526785714286,57,5.589402444730256
scene-0738,d3d94f2ce3dc4db4b3ba6f4aa81c3987,936363c7dd874c7898ba440a98697b53,09a1f4c258db486080575fa03fe2e47b,1535574115198564,False,34784,33747,0.3616576646090535,16285,0.019633728780864196,2.0722750997850783,33718,0.421475,6247,3.904375,5.397470785977269,20746,0.46308035714285717,57,5.58131781996098
scene-0738,d3d94f2ce3dc4db4b3ba6f4aa81c3987,065c62065dff479b87cecfe2f1ea67cd,09a1f4c258db486080575fa03fe2e47b,1535574115248841,False,34752,33705,0.3612075617283951,16251,0.01959273726851852,2.07402621377146,33689,0.4211125,6148,3.8425,5.479668184775536,20745,0.4630580357142857,57,5.574744841374425
scene-0738,d3d94f2ce3dc4db4b3ba6f4aa81c3987,4227df80a8dd43f490d3c6e478407b49,09a1f4c258db486080575fa03fe2e47b,1535574115298605,True,34752,33679,0.360928926611797,16218,0.01955295138888889,2.0766432359107165,33662,0.420775,6188,3.8675,5.439883645765999,20723,0.4625669642857143,57,5.5694667619360265
scene-0738,d3d94f2ce3dc4db4b3ba6f4aa81c3987,36495a2af0ec400a9c464508bc551c87,25dcefc154b6463ba69a29fecc026afe,1535574115348908,False,34784,33707,0.3612289951989026,16280,0.01962770061728395,2.0704545454545453,33690,0.421125,6220,3.8875,5.416398713826367,20670,0.46138392857142857,60,5.678622016363699
scene-0738,d3d94f2ce3dc4db4b3ba6f4aa81c3987,86a83bdc190d4828ad1190842a7e29e3,25dcefc154b6463ba69a29fecc026afe,1535574115398686,False,34752,33677,0.36090749314128945,16415,0.01979046103395062,2.0515991471215353,33654,0.420675,6213,3.883125,5.416706904876871,20602,0.45986607142857144,60,5.674642619623086
scene-0738,d3d94f2ce3dc4db4b3ba6f4aa81c3987,c4cb7b8f93d14afb9dc538129e81a703,25dcefc154b6463ba69a29fecc026afe,1535574115449005,False,34784,33693,0.3610789609053498,16352,0.019714506172839506,2.0604818982387476,33661,0.4207625,6276,3.9225,5.363448056086679,20589,0.45957589285714284,60,5.669489194960386
scene-0738,d3d94f2ce3dc4db4b3ba6f4aa81c3987,fa3e7258866d455fb77b1ab3ff01a41b,25dcefc154b6463ba69a29fecc026afe,1535574115499391,False,34784,33676,0.3608967764060357,16371,0.019737413194444445,2.057052104330829,33643,0.4205375,6202,3.87625,5.424540470815866,20557,0.4588616071428571,60,5.662909702784361
scene-0738,d3d94f2ce3dc4db4b3ba6f4aa81c3987,7e80d7c5cae24fee9e189d06b2fb964a,25dcefc154b6463ba69a29fecc026afe,1535574115549094,False,34784,33664,0.3607681755829904,16342,0.019702449845679013,2.0599681801493084,33635,0.4204375,6185,3.865625,5.438156831042845,20587,0.45953125,60,5.657566924547196
scene-0738,d3d94f2ce3dc4db4b3ba6f4aa81c3987,e0e1728515b642f297b4a4ea2e2140aa,25dcefc154b6463ba69a29fecc026afe,1535574115599410,False,34784,33666,0.36078960905349794,16433,0.019812162422839508,2.0486825290573845,33641,0.4205125,6234,3.89625,5.3963747192813605,20562,0.4589732142857143,60,5.652432252385204
scene-0738,d3d94f2ce3dc4db4b3ba6f4aa81c3987,6572eb3f857149ca8d489b6880214d6c,25dcefc154b6463ba69a29fecc026afe,1535574115649179,False,34784,33679,0.360928926611797,16299,0.01965060763888889,2.0663230873059697,33654,0.420675,6177,3.860625,5.448275862068965,20648,0.46089285714285716,60,5.64833145302397
scene-0738,d3d94f2ce3dc4db4b3ba6f4aa81c3987,3dbfd43061ca49649f7d667283926fd1,25dcefc154b6463ba69a29fecc026afe,1535574115699506,False,34784,33675,0.3608860596707819,16398,0.019769965277777777,2.053604098060739,33644,0.42055,6187,3.866875,5.4378535639243575,20667,0.4613169642857143,60,5.644280913289124
scene-0738,d3d94f2ce3dc4db4b3ba6f4aa81c3987,52d5d34a48f54adfad2ce058ae422412,25dcefc154b6463ba69a29fecc026afe,1535574115749838,False,34784,33675,0.3608860596707819,16369,0.019735001929012345,2.057242348341377,33639,0.4204875,6244,3.9025,5.387411915438821,20682,0.4616517857142857,60,5.63873207048006
scene-0738,d3d94f2ce3dc4db4b3ba6f4aa81c3987,d43bb6f9cdc04040b26cf6c7cf5f28bb,25dcefc154b6463ba69a29fecc026afe,1535574115799591,True,34784,33663,0.36075745884773663,16489,0.01987967785493827,2.041542846746316,33618,0.420225,6267,3.916875,5.364289133556726,20634,0.46058035714285717,60,5.634887559731518
scene-0738,d3d94f2ce3dc4db4b3ba6f4aa81c3987,b4fa6bf024a841e4939d841625883317,081e0f724aea4a5e9df8873b93e623b3,1535574115849910,False,34784,33732,0.36149691358024694,16532,0.019931520061728394,2.0404064843939027,33678,0.420975,6271,3.919375,5.370435337266784,20717,0.46243303571428573,58,5.495346266046367
scene-0738,d3d94f2ce3dc4db4b3ba6f4aa81c3987,68205d261cc64b948e484be5d024ee03,081e0f724aea4a5e9df8873b93e623b3,1535574115899669,False,34784,33712,0.36128257887517146,16507,0.01990137924382716,2.0422850911734414,33654,0.420675,6232,3.895,5.400192554557124,20696,0.4619642857142857,58,5.4898477783498345
scene-0738,d3d94f2ce3dc4db4b3ba6f4aa81c3987,a3ef9339b76341508fec6be0fae3dcc8,081e0f724aea4a5e9df8873b93e623b3,1535574115949977,False,34752,33677,0.36090749314128945,16479,0.01986762152777778,2.0436312883063295,33617,0.4202125,6193,3.870625,5.428225415792023,20697,0.46198660714285716,58,5.4830794919595265
scene-0738,d3d94f2ce3dc4db4b3ba6f4aa81c3987,f8dbe67d057848f5a2f01a805d173f6b,081e0f724aea4a5e9df8873b93e623b3,1535574115999756,False,34784,33689,0.3610360939643347,16491,0.019882089120370372,2.0428718695045784,33631,0.4203875,6193,3.870625,5.4304860326174715,20660,0.4611607142857143,58,5.47711921023948
scene-0738,d3d94f2ce3dc4db4b3ba6f4aa81c3987,0ef48a8e586e4cb884b9343b0642daac,081e0f724aea4a5e9df8873b93e623b3,1535574116050068,False,34752,33674,0.36087534293552814,16528,0.019926697530864197,2.0373910939012583,33614,0.420175,6192,3.87,5.428617571059432,20651,0.46095982142857145,58,5.473013808655503
scene-0738,d3d94f2ce3dc4db4b3ba6f4aa81c3987,3bfe32d5d1884daeb3120fa270e4fee4,081e0f724aea4a5e9df8873b93e623b3,1535574116099829,False,34784,33679,0.360928926611797,16540,0.01994116512345679,2.036215235792019,33623,0.4202875,6173,3.858125,5.446784383606026,20621,0.46029017857142857,58,5.471302467451016
scene-0738,d3d94f2ce3dc4db4b3ba6f4aa81c3987,d8118ea7810b4704af3b2760596dc119,081e0f724aea4a5e9df8873b93e623b3,1535574116150160,False,34784,33681,0.3609503600823045,16537,0.019937548225308643,2.0367055693293827,33622,0.420275,6181,3.863125,5.4395728846464975,20635,0.46060267857142856,58,5.4713681129055285
scene-0738,d3d94f2ce3dc4db4b3ba6f4aa81c3987,9d7d9251d805475fad8dfd9fcfe4dd82,081e0f724aea4a5e9df8873b93e623b3,1535574116200471,False,34784,33660,0.36072530864197533,16575,0.019983362268518517,2.0307692307692307,33599,0.4199875,6129,3.830625,5.481970957741883,20592,0.45964285714285713,58,5.4726022369278144
scene-0738,d3d94f2ce3dc4db4b3ba6f4aa81c3987,bb233a36b9ae4684ab3a7c2ca9a1d7f3,081e0f724aea4a5e9df8873b93e623b3,1535574116250235,False,34784,33665,0.36077889231824417,16599,0.020012297453703705,2.0281342249533103,33610,0.420125,6216,3.885,5.407014157014157,20612,0.4600892857142857,58,5.476294347874847
scene-0738,d3d94f2ce3dc4db4b3ba6f4aa81c3987,a435032880044a7b9491aab2ef1022a7,081e0f724aea4a5e9df8873b93e623b3,1535574116300564,True,34752,33608,0.36016803840877915,16683,0.02011357060185185,2.014505784331355,33555,0.4194375,6195,3.871875,5.416464891041162,20563,0.4589955357142857,58,5.4824699952064915
scene-0738,d3d94f2ce3dc4db4b3ba6f4aa81c3987,fea012eb97f643c0841164aa1e1e7158,891ff9ebbcec452eb318db9251f19a54,1535574116350317,False,34784,33620,0.3602966392318244,16606,0.02002073688271605,2.0245694327351558,33564,0.41955,6193,3.870625,5.419667366381399,20526,0.45816964285714284,56,5.260015780261819
scene-0738,d3d94f2ce3dc4db4b3ba6f4aa81c3987,0d549ca224924d4ab4e113bf4c5b3133,891ff9ebbcec452eb318db9251f19a54,1535574116400654,False,34784,33678,0.3609182098765432,16728,0.020167824074074074,2.013271162123386,33628,0.42035,6205,3.878125,5.419500402900886,20512,0.45785714285714285,56,5.255574157879165
scene-0738,d3d94f2ce3dc4db4b3ba6f4aa81c3987,69a06a7abe6a441f8ae0bbd6c2ae720d,891ff9ebbcec452eb318db9251f19a54,1535574116450487,False,34752,33655,0.36067172496570643,16778,0.020228105709876543,2.005900584098224,33610,0.420125,6252,3.9075,5.375879718490083,20483,0.4572098214285714,56,5.248976016506553
scene-0738,d3d94f2ce3dc4db4b3ba6f4aa81c3987,3a4ee50f6be848cdb727e3f532841a7b,891ff9ebbcec452eb318db9251f19a54,1535574116500739,False,34752,33663,0.36075745884773663,16751,0.02019555362654321,2.009611366485583,33616,0.4202,6216,3.885,5.407979407979408,20403,0.45542410714285714,56,5.239408143508974
scene-0738,d3d94f2ce3dc4db4b3ba6f4aa81c3987,de197ea44dc742a6ac534ab8a159279d,891ff9ebbcec452eb318db9251f19a54,1535574116550530,False,34752,33675,0.3608860596707819,16830,0.020290798611111112,2.000891265597148,33630,0.420375,6228,3.8925,5.39980732177264,20373,0.4547544642857143,56,5.229764725175656
scene-0738,d3d94f2ce3dc4db4b3ba6f4aa81c3987,433c2a4e3cbd40b5b3ba1630b3b20ec1,891ff9ebbcec452eb318db9251f19a54,1535574116600839,False,34752,33658,0.3607038751714678,16852,0.0203173225308642,1.9972703536672205,33619,0.4202375,6246,3.90375,5.38248479026577,20318,0.45352678571428573,56,5.218720947611312
scene-0738,d3d94f2ce3dc4db4b3ba6f4aa81c3987,9e41f5c1d00246369b386e3c6c6412ff,891ff9ebbcec452eb318db9251f19a54,1535574116650596,False,34752,33662,0.36074674211248287,16867,0.02033540702160494,1.995731309657912,33622,0.420275,6213,3.883125,5.411556413970707,20323,0.45363839285714286,56,5.2075787918461645
scene-0738,d3d94f2ce3dc4db4b3ba6f4aa81c3987,6fbbecabd303433d9689d613fd343b67,891ff9ebbcec452eb318db9251f19a54,1535574116700898,False,34720,33663,0.36075745884773663,16849,0.02031370563271605,1.9979227253842957,33619,0.4202375,6184,3.865,5.436448900388099,20288,0.45285714285714285,56,5.198771983726169
scene-0738,d3d94f2ce3dc4db4b3ba6f4aa81c3987,3210352aee14418bbf5b1b58f014f8be,891ff9ebbcec452eb318db9251f19a54,1535574116750678,False,34752,33705,0.3612075617283951,16970,0.020459587191358024,1.9861520329994107,33659,0.4207375,6231,3.894375,5.4018616594447115,20272,0.4525,56,5.190727493021224
scene-0738,d3d94f2ce3dc4db4b3ba6f4aa81c3987,f487d16d6a5748e284290d36e93fc344,891ff9ebbcec452eb318db9251f19a54,1535574116800994,True,34720,33701,0.36116469478737995,17034,0.020536747685185184,1.9784548549958905,33657,0.4207125,6200,3.875,5.428548387096774,19807,0.4421205357142857,56,5.183144247355767
scene-0738,d3d94f2ce3dc4db4b3ba6f4aa81c3987,44d62c083bb34066926257f34c3e49bc,77f11851c9bb424598b0e5dba9d00ee8,1535574116850759,False,34720,33717,0.36133616255144035,16960,0.02044753086419753,1.9880306603773585,33677,0.4209625,6147,3.841875,5.478607450789003,20246,0.45191964285714287,56,6.052372251627162
scene-0738,d3d94f2ce3dc4db4b3ba6f4aa81c3987,0c6e9ebebed842689192312399d64f03,77f11851c9bb424598b0e5dba9d00ee8,1535574116901076,False,34720,33740,0.3615826474622771,17035,0.020537953317901234,1.9806281185793955,33706,0.421325,6236,3.8975,5.40506735086594,19824,0.4425,56,6.0446832714935725
scene-0738,d3d94f2ce3dc4db4b3ba6f4aa81c3987,b532831d16a64d54a718d3b3c1697ef4,77f11851c9bb424598b0e5dba9d00ee8,1535574116950862,False,34720,33738,0.36156121399176955,17065,0.020574122299382717,1.9770290067389393,33697,0.4212125,6127,3.829375,5.499755181981394,13896,0.3101785714285714,56,6.037903302067745
scene-0738,d3d94f2ce3dc4db4b3ba6f4aa81c3987,ab4d6ccf3c5949fca8847eba3753bb07,77f11851c9bb424598b0e5dba9d00ee8,1535574117000611,False,34720,33716,0.36132544581618653,17043,0.02054759837962963,1.9782902071231592,33677,0.4209625,6098,3.81125,5.5226303706133155,20183,0.45051339285714287,56,6.030858666905582
scene-0738,d3d94f2ce3dc4db4b3ba6f4aa81c3987,c1faa729fe044be18ad1bb96f74b1afc,77f11851c9bb424598b0e5dba9d00ee8,1535574117050939,False,34720,33730,0.36147548010973934,17054,0.020560860339506173,1.9778351119971853,33684,0.42105,6067,3.791875,5.552002637217735,20106,0.4487946428571429,56,6.0252185073758495
scene-0738,d3d94f2ce3dc4db4b3ba6f4aa81c3987,ba8181cc6a064adab803e090a2cf53d9,77f11851c9bb424598b0e5dba9d00ee8,1535574117100708,False,34752,33775,0.36195773319615915,17075,0.02058617862654321,1.9780380673499267,33740,0.42175,6027,3.766875,5.5981416957026715,18762,0.41879464285714285,56,6.021143392274709
scene-0738,d3d94f2ce3dc4db4b3ba6f4aa81c3987,c0e184d93d274e4fab03fadfa31c082e,77f11851c9bb424598b0e5dba9d00ee8,1535574117151020,False,34720,33733,0.3615076303155007,17203,0.020740499614197532,1.9608789164680578,33699,0.4212375,6050,3.78125,5.5700826446280995,15492,0.34580357142857143,56,6.018539751584021
scene-0738,d3d94f2ce3dc4db4b3ba6f4aa81c3987,baab7eb3ffcf4264b26d129420a7a0e0,77f11851c9bb424598b0e5dba9d00ee8,1535574117200779,False,34720,33726,0.36143261316872427,17223,0.020764612268518518,1.9581954363351333,33705,0.4213125,6044,3.7775,5.576604897418928,20016,0.4467857142857143,56,6.017427689684567
scene-0738,d3d94f2ce3dc4db4b3ba6f4aa81c3987,687f058e0aa04d13b6a305a670fd7388,77f11851c9bb424598b0e5dba9d00ee8,1535574117251110,False,34752,33752,0.36171124828532236,17179,0.020711564429012345,1.9647243727807207,33731,0.4216375,6057,3.785625,5.568928512464916,17118,0.3820982142857143,56,6.013164677398448
scene-0738,d3d94f2ce3dc4db4b3ba6f4aa81c3987,2d1b19b313184b21a8621692e4aa1354,77f11851c9bb424598b0e5dba9d00ee8,1535574117300869,True,34720,33734,0.3615183470507545,17381,0.02095510223765432,1.9408549565617628,33710,0.421375,6036,3.7725,5.584824387011266,13887,0.30997767857142855,56,6.00862392316744
scene-0738,d3d94f2ce3dc4db4b3ba6f4aa81c3987,8e4ef2c5a06142a7b6518c4fc471aa2c,5733d8cd964449ae8abca63c218ac733,1535574117350640,False,34720,33770,0.36190414951989025,17437,0.021022617669753087,1.9366863565980386,33749,0.4218625,6064,3.79,5.565468337730871,13896,0.3101785714285714,53,6.53853281218738
scene-0738,d3d94f2ce3dc4db4b3ba6f4aa81c3987,df640c1001de4ec9967ae6aa5e5056ed,5733d8cd964449ae8abca63c218ac733,1535574117400966,False,34720,33774,0.3619470164609053,17419,0.021000916280864198,1.9389172742407716,33753,0.4219125,6026,3.76625,5.6012280119482245,13884,0.30991071428571426,53,6.521970901044397
scene-0738,d3d94f2ce3dc4db4b3ba6f4aa81c3987,52f4acdd277b4ea889a88c9e7beb8c2b,5733d8cd964449ae8abca63c218ac733,1535574117450727,False,34720,33763,0.36182913237311387,17458,0.021047935956790123,1.9339557795852904,33741,0.4217625,5967,3.729375,5.6546003016591255,13882,0.3098660714285714,53,6.505186813242665
scene-0738,d3d94f2ce3dc4db4b3ba6f4aa81c3987,28349f3caebf4c96b004cb77db8f8a40,5733d8cd964449ae8abca63c218ac733,1535574117501040,False,34752,33843,0.3626864711934156,17450,0.021038290895061727,1.9394269340974213,33823,0.4227875,5964,3.7275,5.671193829644534,13901,0.3102901785714286,53,6.485446445629902
scene-0738,d3d94f2ce3dc4db4b3ba6f4aa81c3987,4eece4af1b0742e5acf60bd44ca7de10,5733d8cd964449ae8abca63c218ac733,1535574117550806,False,34720,33804,0.36226851851851855,17436,0.021021412037037036,1.9387474191328287,33776,0.4222,5982,3.73875,5.646272149782681,13890,0.31004464285714284,53,6.468129127963681
scene-0738,d3d94f2ce3dc4db4b3ba6f4aa81c3987,ce95e1d4823d4fdf85087a2a3ca18db5,5733d8cd964449ae8abca63c218ac733,1535574117601156,False,34752,33840,0.3626543209876543,17533,0.021138358410493826,1.9300747162493583,33811,0.4226375,5948,3.7175,5.684431741761937,13932,0.3109821428571429,53,6.449389011829277
scene-0738,d3d94f2ce3dc4db4b3ba6f4aa81c3987,a5dcd1ef856c45a1950bdfb950a2fb77,5733d8cd964449ae8abca63c218ac733,1535574117650901,False,34720,33859,0.362857938957476,17467,0.02105878665123457,1.938455372989065,33829,0.4228625,5940,3.7125,5.695117845117845,13954,0.3114732142857143,53,6.4297507500364866
scene-0738,d3d94f2ce3dc4db4b3ba6f4aa81c3987,0424733403f24bc4ab324d38965f9187,5733d8cd964449ae8abca63c218ac733,1535574117701201,False,34720,33830,0.3625471536351166,17361,0.020930989583333334,1.9486204711710156,33787,0.4223375,5877,3.673125,5.749021609664795,13958,0.3115625,53,6.410811238237618
scene-0738,d3d94f2ce3dc4db4b3ba6f4aa81c3987,521357e0ba23405b9efd2c52022b55c3,5733d8cd964449ae8abca63c218ac733,1535574117750965,False,34752,33913,0.3634366426611797,17413,0.020993682484567903,1.9475679090334808,33881,0.4235125,5890,3.68125,5.752292020373514,13971,0.31185267857142857,53,6.394769035141875
scene-0738,d3d94f2ce3dc4db4b3ba6f4aa81c3987,04f04a06023648578afe0d46c1b168e2,5733d8cd964449ae8abca63c218ac733,1535574117800736,True,34720,33892,0.3632115912208505,17465,0.02105637538580247,1.9405668479816776,33852,0.42315,5920,3.7,5.7182432432432435,14021,0.31296875,53,6.381512300980029
scene-0738,d3d94f2ce3dc4db4b3ba6f4aa81c3987,b0b4b933891b416c988bea77c213d02c,173bb53ecd0d48b6b539e9572977a1b5,1535574117851062,False,34720,33936,0.3636831275720165,17609,0.02122998649691358,1.9271963200636038,33897,0.4237125,5877,3.673125,5.767738642164369,14083,0.31435267857142857,55,6.1413856141682315
scene-0738,d3d94f2ce3dc4db4b3ba6f4aa81c3987,7ea57b17441d4900883d2398139a16b5,173bb53ecd0d48b6b539e9572977a1b5,1535574117900844,False,34720,33991,0.3642725480109739,17537,0.021143180941358024,1.9382448537378114,33957,0.4244625,5845,3.653125,5.809580838323353,14064,0.31392857142857145,55,6.13533053171301
scene-0738,d3d94f2ce3dc4db4b3ba6f4aa81c3987,578e6d522f174de0b81a57e57cf9769b,173bb53ecd0d48b6b539e9572977a1b5,1535574117951154,False,34688,33972,0.36406893004115226,17522,0.021125096450617283,1.9388197694327132,33935,0.4241875,5797,3.623125,5.8538899430740035,14074,0.3141517857142857,55,6.125242878327759
scene-0738,d3d94f2ce3dc4db4b3ba6f4aa81c3987,8078d860381f4d9ea41181ab51c86ae1,173bb53ecd0d48b6b539e9572977a1b5,1535574118000928,False,34720,34030,0.36469050068587106,17670,0.02130353009259259,1.9258630447085456,33998,0.424975,5818,3.63625,5.843588862151942,14106,0.3148660714285714,55,6.116807129218782
scene-0738,d3d94f2ce3dc4db4b3ba6f4aa81c3987,fb56ab3276ef424db6a77769bd490c4e,173bb53ecd0d48b6b539e9572977a1b5,1535574118050676,False,34720,34006,0.3644332990397805,17595,0.021213107638888888,1.9327081557260586,33983,0.4247875,5819,3.636875,5.840006874033339,14155,0.31595982142857143,55,6.110193881432904
scene-0738,d3d94f2ce3dc4db4b3ba6f4aa81c3987,0a82d2af4ac34812a96a1a48f716b8d5,173bb53ecd0d48b6b539e9572977a1b5,1535574118101002,False,34688,34015,0.3645297496570645,17651,0.021280623070987655,1.927086284063226,33989,0.4248625,5792,3.62,5.868266574585635,14219,0.3173883928571429,55,6.105432695483644
scene-0738,d3d94f2ce3dc4db4b3ba6f4aa81c3987,7a192c9aa0f1429db7afdbb779cba4ef,173bb53ecd0d48b6b539e9572977a1b5,1535574118150781,False,34720,34041,0.36480838477366256,17677,0.02131196952160494,1.925722690501782,34028,0.42535,5899,3.686875,5.768435328021699,14255,0.3181919642857143,55,6.102479241820165
scene-0738,d3d94f2ce3dc4db4b3ba6f4aa81c3987,e2aea9e3f3b645a68b755e6e0aae0555,173bb53ecd0d48b6b539e9572977a1b5,1535574118201081,False,34688,34027,0.36465835048010975,17713,0.021355372299382717,1.921018461017332,34013,0.4251625,5829,3.643125,5.835134671470235,14323,0.3197098214285714,55,6.101638439451922
scene-0738,d3d94f2ce3dc4db4b3ba6f4aa81c3987,ecb65d4ffbd242a683f143037f04e4a4,173bb53ecd0d48b6b539e9572977a1b5,1535574118250893,False,34720,34064,0.3650548696844993,17706,0.021346932870370372,1.9238676154975713,34053,0.4256625,5848,3.655,5.823016415868673,14310,0.31941964285714286,55,6.096679641768984
scene-0738,d3d94f2ce3dc4db4b3ba6f4aa81c3987,4f294f1207ce49338128d0c30b2ffa3e,173bb53ecd0d48b6b539e9572977a1b5,1535574118300637,True,34688,34000,0.3643689986282579,17768,0.02142168209876543,1.9135524538496174,33986,0.424825,5839,3.649375,5.820517211851344,14352,0.32035714285714284,55,6.089734697414247
scene-0738,d3d94f2ce3dc4db4b3ba6f4aa81c3987,62042b8988644e08b58a20ae27f955bf,c31b0f81078747458d3cefb1df8df55a,1535574118350933,False,34720,34040,0.3647976680384088,17863,0.021536217206790123,1.9056149582936797,34033,0.4254125,5876,3.6725,5.791865214431586,14348,0.32026785714285716,50,6.1727065852962575
scene-0738,d3d94f2ce3dc4db4b3ba6f4aa81c3987,104bd073eb1044c1840458ed400557c7,c31b0f81078747458d3cefb1df8df55a,1535574118400711,False,34720,34008,0.3644547325102881,17811,0.021473524305555554,1.909381842681489,33999,0.4249875,5885,3.678125,5.7772302463891245,14346,0.32022321428571426,50,6.170129452844566
scene-0738,d3d94f2ce3dc4db4b3ba6f4aa81c3987,b7455c8831bb45a0b67f392694715260,c31b0f81078747458d3cefb1df8df55a,1535574118450477,False,34688,33991,0.3642725480109739,17795,0.021454234182098766,1.9101432986794042,33985,0.4248125,5827,3.641875,5.832332246438991,14319,0.3196205357142857,50,6.17020824302847
scene-0738,d3d94f2ce3dc4db4b3ba6f4aa81c3987,f32473fba15948b18ae413dfab87e3f9,c31b0f81078747458d3cefb1df8df55a,1535574118501410,False,34720,34015,0.3645297496570645,17703,0.02134331597222222,1.9214257470485228,34005,0.4250625,5813,3.633125,5.849819370376742,14225,0.31752232142857145,50,6.172392794854594
scene-0738,d3d94f2ce3dc4db4b3ba6f4aa81c3987,7de157cfc16244b2a216a0c1f1e888f2,c31b0f81078747458d3cefb1df8df55a,1535574118550583,False,34688,33958,0.36391889574759945,17715,0.021357783564814815,1.916906576347728,33943,0.4242875,5848,3.655,5.804206566347469,14175,0.31640625,50,6.172343294566221
scene-0738,d3d94f2ce3dc4db4b3ba6f4aa81c3987,d9127dfcfec04bdbbb457d6f7550856e,c31b0f81078747458d3cefb1df8df55a,1535574118600867,False,34688,33973,0.36407964677640603,17687,0.021324025848765433,1.9207892802623396,33962,0.424525,5824,3.64,5.831387362637362,14198,0.31691964285714286,50,6.166684983490504
scene-0738,d3d94f2ce3dc4db4b3ba6f4aa81c3987,294484f13902439088e6ef8b9e1995af,c31b0f81078747458d3cefb1df8df55a,1535574118650635,False,34688,33998,0.36434756515775035,17689,0.02132643711419753,1.9219854146644808,33986,0.424825,5811,3.631875,5.84856307003958,14224,0.3175,50,6.15933418747094
scene-0738,d3d94f2ce3dc4db4b3ba6f4aa81c3987,073faf64e42b434b8e2d046e8993df5d,c31b0f81078747458d3cefb1df8df55a,1535574118700397,False,34688,34008,0.3644547325102881,17683,0.021319203317901235,1.9232030764010632,33996,0.42495,5781,3.613125,5.880643487285937,14182,0.3165625,50,6.154510858331861
scene-0738,d3d94f2ce3dc4db4b3ba6f4aa81c3987,428588f53f604eecb3c32ec00522a261,c31b0f81078747458d3cefb1df8df55a,1535574118750729,False,34688,34005,0.36442258230452673,17731,0.021377073688271606,1.917827533698043,33986,0.424825,5809,3.630625,5.850576691341023,14269,0.3185044642857143,50,6.153229321148903
scene-0738,d3d94f2ce3dc4db4b3ba6f4aa81c3987,af5dafb43ae349739942f61a6148f916,c31b0f81078747458d3cefb1df8df55a,1535574118800496,True,34688,33988,0.3642403978052126,17740,0.02138792438271605,1.9158962795941374,33973,0.4246625,5831,3.644375,5.826273366489453,14210,0.3171875,50,6.155500698618193
scene-0738,d3d94f2ce3dc4db4b3ba6f4aa81c3987,c2de2ebaf74d4a2e94bad22faae2c59a,bce37b41351648388549e0107d1673e7,1535574118850273,False,34688,34001,0.36437971536351166,17841,0.021509693287037036,1.9057788240569475,33979,0.4247375,5842,3.65125,5.816330023964396,14254,0.31816964285714283,49,6.733669522173054
scene-0738,d3d94f2ce3dc4db4b3ba6f4aa81c3987,3d6e6c2ebc4f490ea440cfd61d957885,bce37b41351648388549e0107d1673e7,1535574118900584,False,34688,34011,0.3644868827160494,17906,0.021588059413580246,1.899419189098626,33974,0.424675,5824,3.64,5.833447802197802,14244,0.3179464285714286,49,6.726618338105164
scene-0738,d3d94f2ce3dc4db4b3ba6f4aa81c3987,544338e979774a20b2c95d97284a6fde,bce37b41351648388549e0107d1673e7,1535574118950339,False,34688,33983,0.36418681412894377,17817,0.021480758101851852,1.907335690632542,33939,0.4242375,5925,3.703125,5.728101265822785,14313,0.31948660714285715,49,6.717923465708806
scene-0738,d3d94f2ce3dc4db4b3ba6f4aa81c3987,bcb70bc86bb042a295ffa6c4aa7ad586,bce37b41351648388549e0107d1673e7,1535574119000108,False,34688,34001,0.36437971536351166,17848,0.021518132716049382,1.905031376064545,33953,0.4244125,5806,3.62875,5.847915949018257,14341,0.32011160714285714,49,6.709898708490669
scene-0738,d3d94f2ce3dc4db4b3ba6f4aa81c3987,20b6fd817ba64148acd96098181b98c3,bce37b41351648388549e0107d1673e7,1535574119050437,False,34688,34011,0.3644868827160494,17747,0.021396363811728394,1.916436580830563,33977,0.4247125,5802,3.62625,5.856084108927956,14331,0.3198883928571429,49,6.702455508479126
scene-0738,d3d94f2ce3dc4db4b3ba6f4aa81c3987,8c769ca21cbc45299c465b28e41aacd5,bce37b41351648388549e0107d1673e7,1535574119100225,False,34688,34001,0.36437971536351166,17821,0.02148558063271605,1.9079176252735537,33970,0.424625,5797,3.623125,5.859927548732103,14315,0.31953125,49,6.692840588546172
scene-0738,d3d94f2ce3dc4db4b3ba6f4aa81c3987,6a38c69b1aa442e39997a94a10d49824,bce37b41351648388549e0107d1673e7,1535574119149959,False,34688,34012,0.36449759945130317,17749,0.021398775077160495,1.9162769733506113,33977,0.4247125,5766,3.60375,5.892646548733958,14323,0.3197098214285714,49,6.681386890286485
scene-0738,d3d94f2ce3dc4db4b3ba6f4aa81c3987,342fa509fd9742658b3e29d2edda1b50,bce37b41351648388549e0107d1673e7,1535574119200285,False,34688,34005,0.36442258230452673,17649,0.021278211805555555,1.9267380588135306,33965,0.4245625,5734,3.58375,5.923439134984304,14265,0.3184151785714286,49,6.668803095926288
scene-0738,d3d94f2ce3dc4db4b3ba6f4aa81c3987,fc88f601b686490d91c5627e16667e03,bce37b41351648388549e0107d1673e7,1535574119250051,False,34720,34069,0.3651084533607682,17796,0.021455439814814816,1.9144189705551808,34021,0.4252625,5714,3.57125,5.9539726986349315,14232,0.3176785714285714,49,6.65698359198896
scene-0738,d3d94f2ce3dc4db4b3ba6f4aa81c3987,05a4a12e34104f109f2e569c0d19b709,bce37b41351648388549e0107d1673e7,1535574119299815,True,34688,34033,0.36472265089163236,17681,0.021316792052469134,1.9248345681805328,33993,0.4249125,5678,3.54875,5.986791123635083,14208,0.3171428571428571,49,6.643987551682812
scene-0738,d3d94f2ce3dc4db4b3ba6f4aa81c3987,fc9d4b093aaf49808c95b520b54ca4bf,477fddfca9504e729f71c01971a090a2,1535574119350154,False,34656,34040,0.3647976680384088,17676,0.02131076388888889,1.9257750622312741,33999,0.4249875,5569,3.480625,6.10504578919016,14186,0.3166517857142857,49,7.735529997098013
scene-0738,d3d94f2ce3dc4db4b3ba6f4aa81c3987,8c9348d713c8413c9abfc7401ebfeddc,477fddfca9504e729f71c01971a090a2,1535574119399949,False,34688,34096,0.36539780521262005,17736,0.02138310185185185,1.9224176815516463,34053,0.4256625,5521,3.450625,6.167904365151241,14178,0.3164732142857143,49,7.743734575410627
scene-0738,d3d94f2ce3dc4db4b3ba6f4aa81c3987,1f6209f8300d4dbb83deb24348a4d70a,477fddfca9504e729f71c01971a090a2,1535574119449704,False,34656,34079,0.3652156207133059,17592,0.02120949074074074,1.93718735788995,34046,0.425575,5458,3.41125,6.2378160498351045,14120,0.3151785714285714,49,7.7532385416125935
scene-0738,d3d94f2ce3dc4db4b3ba6f4aa81c3987,bf99648552e3483b9caa5abf13463d24,477fddfca9504e729f71c01971a090a2,1535574119499433,False,34688,34094,0.36537637174211246,17565,0.02117693865740741,1.941019072018218,34052,0.42565,5324,3.3275,6.3959429000751316,14110,0.31495535714285716,49,7.764014528277141
scene-0738,d3d94f2ce3dc4db4b3ba6f4aa81c3987,3418b627af4f434e9f934a46aac601d2,477fddfca9504e729f71c01971a090a2,1535574119549768,False,34656,34073,0.36515132030178327,17483,0.021078076774691357,1.9489218097580507,34037,0.4254625,5278,3.29875,6.448844259189086,14128,0.31535714285714284,49,7.776194943395596
scene-0738,d3d94f2ce3dc4db4b3ba6f4aa81c3987,2275b9b6bf5c4b40b095c2ce2031a5a3,477fddfca9504e729f71c01971a090a2,1535574119599835,False,34688,34105,0.36549425582990397,17539,0.021145592206790124,1.9445236330463538,34071,0.4258875,5256,3.285,6.482305936073059,14125,0.31529017857142855,49,7.789555217999281
scene-0738,d3d94f2ce3dc4db4b3ba6f4aa81c3987,f9205dc1aa4f4608be29f577356e70fb,477fddfca9504e729f71c01971a090a2,1535574119649286,False,34656,34084,0.3652692043895748,17415,0.02099609375,1.9571633649153029,34053,0.4256625,5149,3.218125,6.613517187803457,14094,0.3145982142857143,49,7.803945355209479
scene-0738,d3d94f2ce3dc4db4b3ba6f4aa81c3987,8a30d0f864a94d4db518b9cb07bc17c0,477fddfca9504e729f71c01971a090a2,1535574119699634,False,34656,34065,0.36506558641975306,17480,0.02107445987654321,1.9487986270022883,34033,0.4254125,5181,3.238125,6.568809110210384,14120,0.3151785714285714,49,7.817980963839656
scene-0738,d3d94f2ce3dc4db4b3ba6f4aa81c3987,abaa24de67e042afa5b110192ac08dbf,477fddfca9504e729f71c01971a090a2,1535574119749363,False,34688,34114,0.36559070644718794,17561,0.02117211612654321,1.9426000797221115,34088,0.4261,5113,3.195625,6.666927439859182,14136,0.3155357142857143,49,7.83246106251599
scene-0738,d3d94f2ce3dc4db4b3ba6f4aa81c3987,51abdfef5ccb4ef3a8dbf2a062253210,477fddfca9504e729f71c01971a090a2,1535574119799156,True,34656,34092,0.3653549382716049,17461,0.02105155285493827,1.9524654945306683,34064,0.4258,5095,3.184375,6.68577036310108,14155,0.31595982142857143,49,7.848206241514567
scene-0738,d3d94f2ce3dc4db4b3ba6f4aa81c3987,b0f43243c53c428bb6dc0081ce42d8c2,0d1a1b86b1a14c4aa9bb2a631c471ba2,1535574119848905,False,34656,34090,0.3653335048010974,17499,0.02109736689814815,1.948111320646894,34059,0.4257375,5056,3.16,6.736352848101266,14150,0.3158482142857143,42,8.448075601689808
scene-0738,d3d94f2ce3dc4db4b3ba6f4aa81c3987,b85179aa8171494b85c9995d08e93be2,0d1a1b86b1a14c4aa9bb2a631c471ba2,1535574119899233,False,34688,34127,0.365730024005487,17621,0.021244454089506173,1.9367232279666307,34093,0.4261625,4951,3.094375,6.886083619470814,14181,0.3165401785714286,42,8.456263488973056
scene-0738,d3d94f2ce3dc4db4b3ba6f4aa81c3987,3fb45972b0d348f1b1e17419eb5111c6,0d1a1b86b1a14c4aa9bb2a631c471ba2,1535574119949013,False,34688,34166,0.36614797668038407,17684,0.021320408950617285,1.9320289527256276,34135,0.4266875,4917,3.073125,6.94224120398617,14186,0.3166517857142857,42,8.46539558755599
scene-0738,d3d94f2ce3dc4db4b3ba6f4aa81c3987,c82802cf8e154e5499c8942fd8e868b6,0d1a1b86b1a14c4aa9bb2a631c471ba2,1535574119998781,False,34656,34147,0.3659443587105624,17759,0.021410831404320988,1.9227997071907201,34129,0.4266125,4962,3.10125,6.87807335751713,14226,0.31754464285714284,42,8.47386957410662
scene-0738,d3d94f2ce3dc4db4b3ba6f4aa81c3987,e77c31278af142fdaa2ab6cae48d48ad,0d1a1b86b1a14c4aa9bb2a631c471ba2,1535574120049074,False,34688,34184,0.366340877914952,17773,0.02142771026234568,1.92336690485568,34165,0.4270625,4989,3.118125,6.848065744638204,14254,0.31816964285714283,42,8.48040485209108
scene-0738,d3d94f2ce3dc4db4b3ba6f4aa81c3987,d34b3589ebe040c197b03d995c75cf76,0d1a1b86b1a14c4aa9bb2a631c471ba2,1535574120098848,False,34656,34187,0.3663730281207133,17736,0.02138310185185185,1.9275484889490302,34175,0.4271875,4929,3.080625,6.933455061878677,14276,0.3186607142857143,42,8.484145310484465
scene-0738,d3d94f2ce3dc4db4b3ba6f4aa81c3987,a460f0551b8a430282f4e3df797f9529,0d1a1b86b1a14c4aa9bb2a631c471ba2,1535574120148609,False,34656,34191,0.3664158950617284,17785,0.021442177854938273,1.9224627495080124,34181,0.4272625,4938,3.08625,6.92203321182665,14302,0.31924107142857144,42,8.487507681110824
scene-0738,d3d94f2ce3dc4db4b3ba6f4aa81c3987,27cb7853fbaa4a18b3354b163e59b528,0d1a1b86b1a14c4aa9bb2a631c471ba2,1535574120198371,False,34688,34217,0.3666945301783265,17814,0.021477141203703705,1.9207926350061748,34211,0.4276375,4907,3.066875,6.971876910535969,14318,0.3195982142857143,42,8.490270026373643
scene-0738,d3d94f2ce3dc4db4b3ba6f4aa81c3987,6d6bbe99fac2408eb8a704dbaea13c17,0d1a1b86b1a14c4aa9bb2a631c471ba2,1535574120248691,False,34656,34193,0.36643732853223593,17806,0.02146749614197531,1.9203077614287318,34185,0.4273125,4859,3.036875,7.035398230088496,14305,0.31930803571428573,42,8.49390317211889
scene-0738,d3d94f2ce3dc4db4b3ba6f4aa81c3987,87a3fe3ac01f4461938d13ff0c8c2dcd,0d1a1b86b1a14c4aa9bb2a631c471ba2,1535574120298478,True,34656,34189,0.36639446159122085,17639,0.02126615547839506,1.9382618062248427,34180,0.42725,4838,3.02375,7.064902852418355,14321,0.31966517857142857,42,8.49831950592898
scene-0738,d3d94f2ce3dc4db4b3ba6f4aa81c3987,b0b836870ce94124bd0d665ecbccb2cc,d40e143a484c4241be17f8f30ff38b6a,1535574120348222,False,34656,34183,0.36633016117969824,17556,0.021166087962962963,1.9470836181362496,34172,0.42715,4805,3.003125,7.111758584807492,14343,0.32015625,38,9.939556038002081
scene-0738,d3d94f2ce3dc4db4b3ba6f4aa81c3987,ca74abbb7b1f4b3185991019f49bae9b,d40e143a484c4241be17f8f30ff38b6a,1535574120398008,False,34624,34180,0.3662980109739369,17540,0.02114679783950617,1.9486887115165337,34170,0.427125,4745,2.965625,7.201264488935722,14390,0.32120535714285714,38,9.954075069408196
scene-0738,d3d94f2ce3dc4db4b3ba6f4aa81c3987,1f2c7db6027a452e9ff4dc0357e33b6a,d40e143a484c4241be17f8f30ff38b6a,1535574120448314,False,34656,34197,0.366480195473251,17352,0.020920138888888887,1.9707814661134164,34188,0.42735,4667,2.916875,7.325476751660596,14359,0.32051339285714286,38,9.96896684699025
scene-0738,d3d94f2ce3dc4db4b3ba6f4aa81c3987,829d6413c59d4a2fa2e2011d08c0f3ee,d40e143a484c4241be17f8f30ff38b6a,1535574120498098,False,34656,34207,0.36658736282578874,17377,0.020950279706790125,1.9685216090234217,34192,0.4274,4654,2.90875,7.3467984529437045,14358,0.3204910714285714,38,9.984528733313851
scene-0738,d3d94f2ce3dc4db4b3ba6f4aa81c3987,2d2a86a3bd5641d4bf705a84485afa60,d40e143a484c4241be17f8f30ff38b6a,1535574120547857,False,34656,34212,0.36664094650205764,17408,0.020987654320987655,1.9653033088235294,34199,0.4274875,4716,2.9475,7.251696352841391,14408,0.32160714285714287,38,10.000369302882882
scene-0738,d3d94f2ce3dc4db4b3ba6f4aa81c3987,873917689f3f42e2bfde5fb2e5a99730,d40e143a484c4241be17f8f30ff38b6a,1535574120597654,False,34656,34233,0.36686599794238683,17309,0.020868296682098764,1.9777572361199376,34223,0.4277875,4675,2.921875,7.320427807486631,14396,0.3213392857142857,38,10.016946803556262
scene-0738,d3d94f2ce3dc4db4b3ba6f4aa81c3987,cb094346fc3d43bba472cf947d2f5798,d40e143a484c4241be17f8f30ff38b6a,1535574120647948,False,34656,34231,0.3668445644718793,17355,0.02092375578703704,1.9723998847594353,34224,0.4278,4724,2.9525,7.244707874682472,14437,0.3222544642857143,38,10.022914960769004
scene-0738,d3d94f2ce3dc4db4b3ba6f4aa81c3987,a5a300b87b75430bbf20a57d0cf71fa2,d40e143a484c4241be17f8f30ff38b6a,1535574120697754,False,34656,34230,0.36683384773662553,17353,0.020921344521604938,1.972569584509883,34213,0.4276625,4699,2.936875,7.2809108320919345,14449,0.3225223214285714,38,10.0211729709521
scene-0738,d3d94f2ce3dc4db4b3ba6f4aa81c3987,36dcb9814ace4938b71f25497b448d2f,d40e143a484c4241be17f8f30ff38b6a,1535574120747476,False,34688,34217,0.3666945301783265,17307,0.020865885416666667,1.9770613046744092,34194,0.427425,4720,2.95,7.2444915254237285,14473,0.3230580357142857,38,10.0188270670072
scene-0738,d3d94f2ce3dc4db4b3ba6f4aa81c3987,167e3b93d65946abbd7325517e25c835,d40e143a484c4241be17f8f30ff38b6a,1535574120797251,True,34656,34189,0.36639446159122085,17198,0.020734471450617284,1.9879637167112454,34171,0.4271375,4705,2.940625,7.262699256110521,14493,0.3235044642857143,38,10.016853695509232
scene-0738,d3d94f2ce3dc4db4b3ba6f4aa81c3987,29414c01ecbd482785e4a5df37b2c707,350315f3d63f47858acb3e1f9a0bc623,1535574120847569,False,34688,34211,0.3666302297668038,17022,0.020522280092592594,2.009810833039596,34191,0.4273875,4649,2.905625,7.354484835448484,14460,0.32276785714285716,42,8.667132182932274
scene-0738,d3d94f2ce3dc4db4b3ba6f4aa81c3987,bd7bdbcf9ef8407eb9cb1e43217d6463,350315f3d63f47858acb3e1f9a0bc623,1535574120897337,False,34656,34177,0.3662658607681756,16860,0.02032696759259259,2.0271055753262157,34157,0.4269625,4606,2.87875,7.4157620495006515,14441,0.32234375,42,8.671356998410541
scene-0738,d3d94f2ce3dc4db4b3ba6f4aa81c3987,6e202fe44e3c44f986630007d317f81e,350315f3d63f47858acb3e1f9a0bc623,1535574120947109,False,34688,34170,0.3661908436213992,16899,0.02037398726851852,2.0220131368720042,34151,0.4268875,4643,2.901875,7.355373680809821,14443,0.3223883928571429,42,8.677093202179302
scene-0738,d3d94f2ce3dc4db4b3ba6f4aa81c3987,22f27720800a49919c7ef45a1242b710,350315f3d63f47858acb3e1f9a0bc623,1535574120997410,False,34720,34207,0.36658736282578874,16737,0.020178674768518517,2.0437951843221605,34187,0.4273375,4579,2.861875,7.466040620222756,14373,0.32082589285714286,42,8.684430160523586
scene-0738,d3d94f2ce3dc4db4b3ba6f4aa81c3987,1df452575ed440b3a57e42294e3839f2,350315f3d63f47858acb3e1f9a0bc623,1535574121047164,False,34688,34171,0.36620156035665297,16621,0.02003882137345679,2.055893147223392,34148,0.42685,4540,2.8375,7.5215859030837,14419,0.3218526785714286,42,8.686024465360756
scene-0738,d3d94f2ce3dc4db4b3ba6f4aa81c3987,92c12f78e8684e99b59ae59eea1eaae7,350315f3d63f47858acb3e1f9a0bc623,1535574121096946,False,34688,34185,0.3663515946502058,16407,0.019780815972222223,2.083561894313403,34160,0.427,4498,2.81125,7.594486438417074,14407,0.3215848214285714,42,8.688595186334792
scene-0738,d3d94f2ce3dc4db4b3ba6f4aa81c3987,ec5832f2e0a34cbd81aaa161aadf12ee,350315f3d63f47858acb3e1f9a0bc623,1535574121147258,False,34720,34238,0.3669195816186557,16201,0.01953245563271605,2.1133263378803777,34199,0.4274875,4495,2.809375,7.608231368186875,16307,0.3639955357142857,42,8.692127256967362
scene-0738,d3d94f2ce3dc4db4b3ba6f4aa81c3987,3ae1f692aaf841b8ae853c2962df7d99,350315f3d63f47858acb3e1f9a0bc623,1535574121197059,False,34688,34233,0.36686599794238683,15950,0.019229841820987654,2.146269592476489,34196,0.42745,4380,2.7375,7.8073059360730594,16402,0.36611607142857144,42,8.697079606532844
scene-0738,d3d94f2ce3dc4db4b3ba6f4aa81c3987,8dfa35d75aab4a949e1d8606bb59d40d,350315f3d63f47858acb3e1f9a0bc623,1535574121248330,False,34688,34266,0.3672196502057613,15390,0.0185546875,2.226510721247563,34229,0.4278625,4204,2.6275,8.142007611798288,19759,0.44104910714285717,42,8.703688561557753
scene-0738,d3d94f2ce3dc4db4b3ba6f4aa81c3987,918ad9df94214a4091216cd88ce4fd3b,350315f3d63f47858acb3e1f9a0bc623,1535574121297124,True,34688,34244,0.36698388203017834,15290,0.018434124228395063,2.2396337475474164,34197,0.4274625,4129,2.580625,8.28215064180189,19611,0.4377455357142857,42,8.710403241987471
scene-0738,d3d94f2ce3dc4db4b3ba6f4aa81c3987,30d9a6e7435c44eebf18ebd10599c53a,9a745bfaf0cb41c1bd2473b3f8274f4a,1535574121346872,False,34688,34234,0.3668767146776406,14895,0.017957899305555556,2.2983551527358173,34175,0.4271875,4031,2.519375,8.478045150086826,14360,0.3205357142857143,48,7.6530956173808455
scene-0738,d3d94f2ce3dc4db4b3ba6f4aa81c3987,ced44bd4f87b49718b4fb9f59d007c5b,9a745bfaf0cb41c1bd2473b3f8274f4a,1535574121397236,False,34688,34199,0.3665016289437586,14655,0.017668547453703703,2.3336062777209143,34129,0.4266125,4014,2.50875,8.502491280518186,14423,0.3219419642857143,48,7.659827081525031
scene-0738,d3d94f2ce3dc4db4b3ba6f4aa81c3987,2d95ba3b668443008de42089ce6c6ff8,9a745bfaf0cb41c1bd2473b3f8274f4a,1535574121446965,False,34720,34232,0.36685528120713307,14476,0.017452739197530865,2.364741641337386,34155,0.4269375,3998,2.49875,8.543021510755377,14464,0.32285714285714284,48,7.667520974441044
scene-0738,d3d94f2ce3dc4db4b3ba6f4aa81c3987,35adf8c9074e4dd2903aa644f2c8a51c,9a745bfaf0cb41c1bd2473b3f8274f4a,1535574121496721,False,34688,34184,0.366340877914952,14415,0.017379195601851853,2.371418661116892,34107,0.4263375,3995,2.496875,8.537421777221526,14515,0.3239955357142857,48,7.676239979604727
scene-0738,d3d94f2ce3dc4db4b3ba6f4aa81c3987,3691202d17ea482f9597cbfac72bd020,9a745bfaf0cb41c1bd2473b3f8274f4a,1535574121547050,False,34688,34219,0.366715963648834,14207,0.01712842399691358,2.4086013936791724,34161,0.4270125,3982,2.48875,8.578854846810648,14481,0.3232366071428571,48,7.686075052253152
scene-0738,d3d94f2ce3dc4db4b3ba6f4aa81c3987,fab9f0c0002c442cb7563b8430b7c154,9a745bfaf0cb41c1bd2473b3f8274f4a,1535574121596827,False,34720,34262,0.36717678326474623,14162,0.01707417052469136,2.4192910605846634,34209,0.4276125,3921,2.450625,8.724560061208875,19062,0.42549107142857145,48,7.6965434593450555
scene-0738,d3d94f2ce3dc4db4b3ba6f4aa81c3987,c6356904f74e4618a0d2c6ee2f5ebe95,9a745bfaf0cb41c1bd2473b3f8274f4a,1535574121646597,False,34720,34225,0.36678026406035663,14098,0.016997010030864197,2.427649311959143,34178,0.427225,3959,2.474375,8.632988128315231,19080,0.42589285714285713,48,7.706034714997261
scene-0738,d3d94f2ce3dc4db4b3ba6f4aa81c3987,8a014c27883a4d95bf019f607771fadb,9a745bfaf0cb41c1bd2473b3f8274f4a,1535574121696924,False,34720,34220,0.3667266803840878,14026,0.01691020447530864,2.439754741194924,34174,0.427175,3980,2.4875,8.58643216080402,19122,0.42683035714285716,48,7.71319264242594
scene-0738,d3d94f2ce3dc4db4b3ba6f4aa81c3987,e84721f9d63c436880e8bb1688e79b2d,9a745bfaf0cb41c1bd2473b3f8274f4a,1535574121746700,False,34720,34158,0.3660622427983539,14054,0.016943962191358023,2.4304824249324035,34123,0.4265375,4017,2.510625,8.494647747074932,19117,0.42671875,48,7.7212579931812995
scene-0738,d3d94f2ce3dc4db4b3ba6f4aa81c3987,04bee7c427834425b53d093c33faf9b2,9a745bfaf0cb41c1bd2473b3f8274f4a,1535574121797012,True,34720,34152,0.36599794238683125,14151,0.017060908564814816,2.4133983464066144,34118,0.426475,4071,2.544375,8.380741832473594,19138,0.4271875,48,7.730382103334521
scene-0738,d3d94f2ce3dc4db4b3ba6f4aa81c3987,9f37906b31814a3789022b2342215550,35da65b0ab1c451aaacf9b5c4f613535,1535574121846751,False,34720,34153,0.366008659122085,14307,0.017248987268518517,2.38715314181869,34110,0.426375,4160,2.6,8.19951923076923,19092,0.4261607142857143,53,5.636937451813409
scene-0738,d3d94f2ce3dc4db4b3ba6f4aa81c3987,07435ff6cfc249668497077097eed694,35da65b0ab1c451aaacf9b5c4f613535,1535574121897101,False,34720,34155,0.3660300925925926,14534,0.01752266589506173,2.3500068804183294,34110,0.426375,4303,2.689375,7.9270276551243315,16795,0.37488839285714287,53,5.6467810163336845
scene-0738,d3d94f2ce3dc4db4b3ba6f4aa81c3987,2b00a61e049c4389b9dadd45d00f49a8,35da65b0ab1c451aaacf9b5c4f613535,1535574121946845,False,34720,34129,0.3657514574759945,14537,0.017526282793209877,2.347733370021325,34089,0.4261125,4403,2.751875,7.742221212809448,16535,0.3690848214285714,53,5.654393584933888
scene-0738,d3d94f2ce3dc4db4b3ba6f4aa81c3987,0371514a592346aca3c79c8ad2cd864f,35da65b0ab1c451aaacf9b5c4f613535,1535574121996632,False,34720,34081,0.36523705418381347,15083,0.01818455825617284,2.259563747265133,34047,0.4255875,4534,2.83375,7.509263343625937,14597,0.32582589285714286,53,5.660055334539218
scene-0738,d3d94f2ce3dc4db4b3ba6f4aa81c3987,21748e9af0b64197b3982eee83a40406,35da65b0ab1c451aaacf9b5c4f613535,1535574122046927,False,34720,34046,0.3648619684499314,15232,0.0183641975308642,2.2351628151260505,34016,0.4252,4565,2.853125,7.451478641840088,19438,0.43388392857142855,53,5.666718081015002
scene-0738,d3d94f2ce3dc4db4b3ba6f4aa81c3987,db54ae146efe4e919d2b697de542e3cb,35da65b0ab1c451aaacf9b5c4f613535,1535574122096681,False,34720,34016,0.36454046639231824,15434,0.018607735339506173,2.203965271478554,33998,0.424975,4628,2.8925,7.346153846153846,19639,0.4383705357142857,53,5.67424421538489
scene-0738,d3d94f2ce3dc4db4b3ba6f4aa81c3987,1309a324f5b7490c89723fd92757b079,35da65b0ab1c451aaacf9b5c4f613535,1535574122147006,False,34720,34013,0.36450831618655694,15834,0.019089988425925925,2.1480990274093723,33992,0.4249,4674,2.92125,7.272571673085152,19658,0.43879464285714287,53,5.6821684013975755
scene-0738,d3d94f2ce3dc4db4b3ba6f4aa81c3987,b74b5144e73e4006b0fbb3554d7479a7,35da65b0ab1c451aaacf9b5c4f613535,1535574122196790,False,34720,34036,0.36475480109739367,16064,0.019367283950617285,2.118774900398406,34017,0.4252125,4790,2.99375,7.101670146137787,14623,0.32640625,53,5.686129774224777
scene-0738,d3d94f2ce3dc4db4b3ba6f4aa81c3987,a2481d9556ef499395822151fbb03055,35da65b0ab1c451aaacf9b5c4f613535,1535574122247129,False,34752,34088,0.36531207133058985,16347,0.019708478009259258,2.0852755857343857,34070,0.425875,4982,3.11375,6.83861902850261,14659,0.3272098214285714,53,5.69105018953387
scene-0738,d3d94f2ce3dc4db4b3ba6f4aa81c3987,c9ac2dae0fc9472fb0fb08a870fe324b,35da65b0ab1c451aaacf9b5c4f613535,1535574122296867,True,34720,34078,0.3652049039780521,16567,0.019973717206790125,2.0569807448542283,34060,0.42575,5098,3.18625,6.68105139270302,14681,0.3277008928571429,53,5.696817651387279
scene-0738,d3d94f2ce3dc4db4b3ba6f4aa81c3987,749862a2e1b04b88acb2d30a00960491,d774449d494c4d4facda60d701f15d6a,1535574122346632,False,34752,34129,0.3657514574759945,16676,0.020105131172839505,2.0465939074118493,34113,0.4264125,5211,3.256875,6.546344271732873,19092,0.4261607142857143,53,6.845971137095701
scene-0738,d3d94f2ce3dc4db4b3ba6f4aa81c3987,c1dce18d0e3f4f578290337f34f65f28,d774449d494c4d4facda60d701f15d6a,1535574122396967,False,34720,34098,0.3654192386831276,17021,0.020521074459876543,2.0032900534633686,34084,0.42605,5358,3.34875,6.361328854050019,16430,0.36674107142857143,53,6.83955924618557
scene-0738,d3d94f2ce3dc4db4b3ba6f4aa81c3987,e2de841e1b3248f89790fca502836a89,d774449d494c4d4facda60d701f15d6a,1535574122446712,False,34752,34113,0.3655799897119342,17039,0.020542775848765432,2.0020541111567582,34098,0.426225,5439,3.399375,6.269167126309983,19922,0.4446875,53,6.834302824696309
scene-0738,d3d94f2ce3dc4db4b3ba6f4aa81c3987,0dc6846dc2e548ddbd0420b89826e96b,d774449d494c4d4facda60d701f15d6a,1535574122497047,False,34752,34066,0.36507630315500683,17190,0.020724826388888888,1.9817335660267597,34050,0.425625,5487,3.429375,6.205576817933297,19929,0.44484375,53,6.830068276861389
scene-0738,d3d94f2ce3dc4db4b3ba6f4aa81c3987,269cd8f966fc4a54bdcf9355b567b407,d774449d494c4d4facda60d701f15d6a,1535574122546797,False,34752,34044,0.36484053497942387,17205,0.02074291087962963,1.9787271142109852,34026,0.425325,5590,3.49375,6.086940966010734,19932,0.44491071428571427,53,6.826764031295273
scene-0738,d3d94f2ce3dc4db4b3ba6f4aa81c3987,47239d07d8c34654b32bd50206679133,d774449d494c4d4facda60d701f15d6a,1535574122597136,False,34752,34047,0.3648726851851852,17299,0.02085624035493827,1.9681484478871611,34033,0.4254125,5683,3.551875,5.988562379025163,19967,0.4456919642857143,53,6.824010231075108
scene-0738,d3d94f2ce3dc4db4b3ba6f4aa81c3987,b99ada3d25dd4075920dd17af50a9103,d774449d494c4d4facda60d701f15d6a,1535574122646877,False,34752,34084,0.3652692043895748,17317,0.02087794174382716,1.9682393024195877,34063,0.4257875,5838,3.64875,5.8347036656389175,20039,0.44729910714285714,53,6.822335883350045
scene-0738,d3d94f2ce3dc4db4b3ba6f4aa81c3987,778fe90d074043fcbbfa1da59a599aa9,d774449d494c4d4facda60d701f15d6a,1535574122697218,False,34752,34075,0.3651727537722908,17271,0.02082248263888889,1.9729604539401309,34051,0.4256375,5832,3.645,5.838648834019204,19951,0.44533482142857145,53,6.821693414897198
scene-0738,d3d94f2ce3dc4db4b3ba6f4aa81c3987,159ed816412642fc945b9daa7e92474f,d774449d494c4d4facda60d701f15d6a,1535574122746990,False,34752,34097,0.3654085219478738,17342,0.020908082561728394,1.966151539614808,34071,0.4258875,5939,3.711875,5.736824381208958,20085,0.44832589285714286,53,6.822092099193888
scene-0738,d3d94f2ce3dc4db4b3ba6f4aa81c3987,94ad37909f36497c82457c59341c39e8,d774449d494c4d4facda60d701f15d6a,1535574122797283,True,34752,34067,0.36508701989026066,17356,0.020924961419753085,1.9628370592302373,34034,0.425425,6034,3.77125,5.640371229698376,20100,0.4486607142857143,53,6.822730380039444
scene-0738,d3d94f2ce3dc4db4b3ba6f4aa81c3987,abdff9c6c06c4d668ebf3c4beb0d54c6,eced3ab0db3a404c815c70c7b3155540,1535574122847101,False,34784,34075,0.3651727537722908,17348,0.020915316358024693,1.964203366382292,34042,0.425525,6056,3.785,5.621202113606341,20108,0.4488392857142857,50,7.409790779829424
scene-0738,d3d94f2ce3dc4db4b3ba6f4aa81c3987,afa90b02b1d34b2e93ef23071dfbb1a7,eced3ab0db3a404c815c70c7b3155540,1535574122897389,False,34752,33987,0.36422968106995884,17346,0.020912905092592592,1.9593566240055345,33953,0.4244125,6111,3.819375,5.556046473572247,20008,0.44660714285714287,50,7.390200943437294
scene-0738,d3d94f2ce3dc4db4b3ba6f4aa81c3987,aba2cf4d678449cd8d0db4cd4a6ef4ed,eced3ab0db3a404c815c70c7b3155540,1535574122947687,False,34784,34023,0.3646154835390947,17417,0.020998505015432097,1.9534362978698971,33993,0.4249125,6199,3.874375,5.483626391353444,20121,0.44912946428571426,50,7.374090838353434
scene-0738,d3d94f2ce3dc4db4b3ba6f4aa81c3987,44abd16417a24f8881a77fdc41ee567c,eced3ab0db3a404c815c70c7b3155540,1535574122997484,False,34752,33926,0.36357596021947874,17457,0.021046730324074073,1.9434037921750587,33901,0.4237625,6306,3.94125,5.375991119568665,20047,0.44747767857142856,50,7.361510740953339
scene-0738,d3d94f2ce3dc4db4b3ba6f4aa81c3987,5661c2a9317d4058b73ec2b3cba75bb7,eced3ab0db3a404c815c70c7b3155540,1535574123047787,False,34752,33916,0.363468792866941,17603,0.021222752700617284,1.9267170368687156,33903,0.4237875,6310,3.94375,5.372900158478606,15666,0.3496875,50,7.3520348476653234
scene-0738,d3d94f2ce3dc4db4b3ba6f4aa81c3987,8335e3ef285c4570882f61313fcb5bdb,eced3ab0db3a404c815c70c7b3155540,1535574123097564,False,34784,33913,0.3634366426611797,17501,0.021099778163580246,1.937774984286612,33910,0.423875,6362,3.97625,5.3300848789688775,20101,0.4486830357142857,50,7.344727010889726
scene-0738,d3d94f2ce3dc4db4b3ba6f4aa81c3987,10973fc47c004f119a41d9d88be3e60c,eced3ab0db3a404c815c70c7b3155540,1535574123147878,False,34752,33883,0.36311514060356653,17410,0.020990065586419752,1.946180356117174,33877,0.4234625,6401,4.000625,5.292454304014997,20141,0.44957589285714283,50,7.340546457338558
scene-0738,d3d94f2ce3dc4db4b3ba6f4aa81c3987,c62f43c046164ff7b45314bebef16bec,eced3ab0db3a404c815c70c7b3155540,1535574123197654,True,34752,33881,0.363093707133059,17386,0.020961130401234568,1.9487518693201427,33878,0.423475,6424,4.015,5.273661270236612,20100,0.4486607142857143,50,7.339513525176584
scene-0738,d3d94f2ce3dc4db4b3ba6f4aa81c3987,d1b9c4110d914417a380dbdb36bd40e1,a43b26c8e1bf44d991be3777ea8adb7e,1535574123247952,False,34752,33881,0.363093707133059,17407,0.020986448688271604,1.9464008732119262,33874,0.423425,6442,4.02625,5.2583048742626515,20117,0.4490401785714286,46,7.888082824855217
scene-0738,d3d94f2ce3dc4db4b3ba6f4aa81c3987,aa3a0f294c264f42b438c5f3694a5c8c,a43b26c8e1bf44d991be3777ea8adb7e,1535574123297721,False,34784,33894,0.36323302469135804,17328,0.020891203703703703,1.9560249307479225,33879,0.4234875,6491,4.056875,5.219380680942844,14297,0.31912946428571426,46,7.891955076521184
scene-0738,d3d94f2ce3dc4db4b3ba6f4aa81c3987,c0345cfffc284701be2b50538a40a77a,a43b26c8e1bf44d991be3777ea8adb7e,1535574123348068,False,34752,33882,0.36310442386831276,17334,0.0208984375,1.9546555901696088,33859,0.4232375,6589,4.118125,5.138716041887995,14318,0.3195982142857143,46,7.8970121699194635
scene-0738,d3d94f2ce3dc4db4b3ba6f4aa81c3987,0c4fea3be7aa41f5a98525b04aeb6e15,a43b26c8e1bf44d991be3777ea8adb7e,1535574123397818,False,34784,33938,0.363704561042524,17286,0.02084056712962963,1.9633229202823095,33885,0.4235625,6559,4.099375,5.166183869492301,20170,0.45022321428571427,46,7.903521582336644
scene-0738,d3d94f2ce3dc4db4b3ba6f4aa81c3987,17d1bc3c7b014bfda25bd693783f4cae,a43b26c8e1bf44d991be3777ea8adb7e,1535574123448168,False,34752,33863,0.3629008058984911,17254,0.02080198688271605,1.9626173640894864,33796,0.42245,6569,4.105625,5.14477089359111,17427,0.3889955357142857,46,7.911541299931182
scene-0738,d3d94f2ce3dc4db4b3ba6f4aa81c3987,4b0f520dbfa24471acf8fcdad75dcac8,a43b26c8e1bf44d991be3777ea8adb7e,1535574123497906,False,34784,33893,0.3632223079561043,17165,0.020694685570987654,1.9745412175939412,33823,0.4227875,6566,4.10375,5.15123362777947,20196,0.4508035714285714,46,7.920740226111474
scene-0738,d3d94f2ce3dc4db4b3ba6f4aa81c3987,706a5575d5c24c79bfd410ba87a958c5,a43b26c8e1bf44d991be3777ea8adb7e,1535574123548251,False,34752,33866,0.3629329561042524,17156,0.02068383487654321,1.9740032641641407,33799,0.4224875,6725,4.203125,5.025873605947956,19975,0.4458705357142857,46,7.924256044399426
scene-0738,d3d94f2ce3dc4db4b3ba6f4aa81c3987,7881a5e2c5ac4fdea46f5f58e7dc6850,a43b26c8e1bf44d991be3777ea8adb7e,1535574123597975,False,34752,33830,0.3625471536351166,17080,0.020592206790123458,1.980679156908665,33768,0.4221,6704,4.19,5.036992840095466,13955,0.31149553571428573,46,7.927695085547169
scene-0738,d3d94f2ce3dc4db4b3ba6f4aa81c3987,c039f5e856f441529cdf6c1c3b44cdf4,a43b26c8e1bf44d991be3777ea8adb7e,1535574123648297,True,34784,33857,0.36283650548696844,17018,0.020517457561728396,1.989481725232107,33793,0.4224125,6694,4.18375,5.048252166118912,14027,0.3131026785714286,46,7.932630266875089
scene-0738,d3d94f2ce3dc4db4b3ba6f4aa81c3987,d62fed977cda4497aa7d32cfdfd01282,7e3f2c1cc7f541d7b7f873f7c0e4c34a,1535574123698088,False,34752,33831,0.36255787037037035,16909,0.020386043595679013,2.0007688213377492,33772,0.42215,6672,4.17,5.0617505995203835,14067,0.31399553571428573,46,7.756046574988636
scene-0738,d3d94f2ce3dc4db4b3ba6f4aa81c3987,76d38bb520b841dead41968d226651d1,7e3f2c1cc7f541d7b7f873f7c0e4c34a,1535574123748390,False,34784,33879,0.36307227366255146,16969,0.020458381558641974,1.996523071483293,33823,0.4227875,6744,4.215,5.015272835112693,18069,0.4033258928571429,46,7.731027717107544
scene-0738,d3d94f2ce3dc4db4b3ba6f4aa81c3987,d517fde8bf7f4131a0584a831635f308,7e3f2c1cc7f541d7b7f873f7c0e4c34a,1535574123798898,False,34752,33863,0.3629008058984911,16978,0.02046923225308642,1.9945223230062434,33815,0.4226875,6713,4.195625,5.0372411738417995,20063,0.44783482142857145,46,7.707714100381699
scene-0738,d3d94f2ce3dc4db4b3ba6f4aa81c3987,fbaf27c2aa17408fb2fe6e48691d02e8,7e3f2c1cc7f541d7b7f873f7c0e4c34a,1535574123848477,False,34752,33856,0.3628257887517147,16872,0.020341435185185185,2.006638217164533,33802,0.422525,6820,4.2625,4.956304985337243,14270,0.3185267857142857,46,7.68681758495589
scene-0738,d3d94f2ce3dc4db4b3ba6f4aa81c3987,4665d2eb41ab4ea89a61b119fc946e58,7e3f2c1cc7f541d7b7f873f7c0e4c34a,1535574123898811,False,34752,33784,0.36205418381344306,16931,0.0204125675154321,1.9953930659736578,33740,0.42175,6799,4.249375,4.962494484483012,20264,0.4523214285714286,46,7.667728345966636
scene-0738,d3d94f2ce3dc4db4b3ba6f4aa81c3987,b22abf897c164daaa442898f11371685,7e3f2c1cc7f541d7b7f873f7c0e4c34a,1535574123948579,False,34784,33844,0.3626971879286694,17000,0.020495756172839507,1.9908235294117647,33798,0.422475,6825,4.265625,4.952087912087912,20351,0.45426339285714284,46,7.6510710277321525
scene-0738,d3d94f2ce3dc4db4b3ba6f4aa81c3987,2e8a6703515d4f8b886f657309abce0d,7e3f2c1cc7f541d7b7f873f7c0e4c34a,1535574123998864,False,34752,33836,0.36261145404663925,16964,0.02045235339506173,1.9945767507663288,33782,0.422275,6869,4.293125,4.91803756005241,20338,0.4539732142857143,46,7.6340964792428565
scene-0738,d3d94f2ce3dc4db4b3ba6f4aa81c3987,c9aa24943d2e4f7b8260a582b509572b,7e3f2c1cc7f541d7b7f873f7c0e4c34a,1535574124048632,False,34752,33847,0.3627293381344307,16948,0.020433063271604938,1.997108803398631,33796,0.42245,6835,4.271875,4.9445501097293345,20296,0.45303571428571426,46,7.617670976155772
scene-0738,d3d94f2ce3dc4db4b3ba6f4aa81c3987,a44b9404c68946eab078cb8bc320037e,7e3f2c1cc7f541d7b7f873f7c0e4c34a,1535574124098960,False,34752,33854,0.36280435528120714,16952,0.020437885802469136,1.9970504955167532,33798,0.422475,6867,4.291875,4.921799912625601,20305,0.45323660714285713,46,7.602356135364042
scene-0738,d3d94f2ce3dc4db4b3ba6f4aa81c3987,5f966f4a857f4a3e8f472f8d7da139fa,7e3f2c1cc7f541d7b7f873f7c0e4c34a,1535574124148723,True,34752,33882,0.36310442386831276,16993,0.02048731674382716,1.9938798328723593,33828,0.42285,6884,4.3025,4.914003486345148,20203,0.45095982142857144,46,7.588976566423173
scene-0738,d3d94f2ce3dc4db4b3ba6f4aa81c3987,8f40e6a38a1949e9b50352939e3dc8ca,39c059f4b373464bac33659b7357622f,1535574124199945,False,34784,33897,0.36326517489711935,17041,0.02054518711419753,1.9891438295874655,33841,0.4230125,6840,4.275,4.947514619883041,20179,0.45042410714285713,44,7.918771258734785
scene-0738,d3d94f2ce3dc4db4b3ba6f4aa81c3987,f4e6360a48d94998957e4f03295905ed,39c059f4b373464bac33659b7357622f,1535574124248852,False,34752,33890,0.3631901577503429,17062,0.02057050540123457,1.9862853123901067,33837,0.4229625,6894,4.30875,4.908181026979983,19762,0.44111607142857145,44,7.917190983638246
scene-0738,d3d94f2ce3dc4db4b3ba6f4aa81c3987,e309f28537444de9b61b9c80302e0168,39c059f4b373464bac33659b7357622f,1535574124300640,False,34784,33937,0.36369384430727025,17052,0.020558449074074073,1.9902064273985456,33887,0.4235875,6938,4.33625,4.884260593831075,14094,0.3145982142857143,44,7.916643428557394
scene-0738,d3d94f2ce3dc4db4b3ba6f4aa81c3987,153ddccb89ba42e387ea023aaa83627b,39c059f4b373464bac33659b7357622f,1535574124348891,False,34784,33938,0.363704561042524,17006,0.020502989969135802,1.9956485946136657,33893,0.4236625,6952,4.345,4.875287686996548,14058,0.31379464285714287,44,7.917186887975907
scene-0738,d3d94f2ce3dc4db4b3ba6f4aa81c3987,de85da3f86c646b587ad07a113e78004,39c059f4b373464bac33659b7357622f,1535574124399230,False,34784,33913,0.3634366426611797,16973,0.020463204089506172,1.9980557355800388,33864,0.4233,6865,4.290625,4.9328477785870355,13989,0.3122544642857143,44,7.918847129550485
scene-0738,d3d94f2ce3dc4db4b3ba6f4aa81c3987,72eec66d72744618a3e2e391a4946206,39c059f4b373464bac33659b7357622f,1535574124448986,False,34752,33853,0.36279363854595337,16941,0.020424623842592592,1.9982881766129508,33802,0.422525,6859,4.286875,4.92812363318268,14019,0.3129241071428571,44,7.92159301636556
scene-0738,d3d94f2ce3dc4db4b3ba6f4aa81c3987,2ab8c8ecd1864614878fee6e40e7d7a5,39c059f4b373464bac33659b7357622f,1535574124499319,False,34784,33920,0.3635116598079561,16892,0.020365547839506174,2.0080511484726498,33865,0.4233125,6890,4.30625,4.915094339622642,13916,0.310625,44,7.925364719489539
scene-0738,d3d94f2ce3dc4db4b3ba6f4aa81c3987,88b9f1de622345d88fde52a9937ceabc,39c059f4b373464bac33659b7357622f,1535574124549645,False,34784,33906,0.3633616255144033,16941,0.020424623842592592,2.001416681423765,33849,0.4231125,6848,4.28,4.942903037383178,13936,0.31107142857142855,44,7.9292782575921485
scene-0738,d3d94f2ce3dc4db4b3ba6f4aa81c3987,f6456c16b3614294a927489926d74d45,39c059f4b373464bac33659b7357622f,1535574124599398,False,34752,33834,0.3625900205761317,16830,0.020290798611111112,2.010338680926916,33775,0.4221875,6869,4.293125,4.9170184888630075,13892,0.31008928571428573,44,7.933520271544654
scene-0738,d3d94f2ce3dc4db4b3ba6f4aa81c3987,4c43ad63c06a49338ae5228341502958,39c059f4b373464bac33659b7357622f,1535574124649721,True,34752,33822,0.36246141975308643,16985,0.020477671682098766,1.9912864292022372,33749,0.4218625,6849,4.280625,4.92758066871076,13958,0.3115625,44,7.9389406999706775
scene-0738,d3d94f2ce3dc4db4b3ba6f4aa81c3987,c07db8ff50b7427c94ff050c3e082654,e412cd15abe94867b568e8c4ae4d1036,1535574124699477,False,34752,33834,0.3625900205761317,16965,0.020453559027777776,1.994341290893015,33758,0.421975,6853,4.283125,4.9260178024222965,14014,0.3128125,44,6.951257695190185
scene-0738,d3d94f2ce3dc4db4b3ba6f4aa81c3987,aa3674312ec945a784cb052c4a07a63e,e412cd15abe94867b568e8c4ae4d1036,1535574124749841,False,34752,33826,0.3625042866941015,16833,0.02029441550925926,2.009505138715618,33763,0.4220375,6833,4.270625,4.941167861846919,13991,0.31229910714285714,44,6.952051883507163
scene-0738,d3d94f2ce3dc4db4b3ba6f4aa81c3987,5bfe5e7e69544d4fa9288a0bb858e248,e412cd15abe94867b568e8c4ae4d1036,1535574124799558,False,34720,33775,0.36195773319615915,16817,0.020275125385802468,2.0083843729559376,33722,0.421525,6806,4.25375,4.954745812518366,14042,0.3134375,44,6.952855404246568
scene-0738,d3d94f2ce3dc4db4b3ba6f4aa81c3987,d6dd16cbd0624be192e507f4734ce120,e412cd15abe94867b568e8c4ae4d1036,1535574124849876,False,34752,33821,0.36245070301783266,16839,0.020301649305555555,2.008492190747669,33755,0.4219375,6771,4.231875,4.985231132772117,14092,0.31455357142857143,44,6.9544409446049205
scene-0738,d3d94f2ce3dc4db4b3ba6f4aa81c3987,d4d2dc5a67a24fafa44c678c8ce90f69,e412cd15abe94867b568e8c4ae4d1036,1535574124899650,False,34720,33780,0.362011316872428,16779,0.020229311342592593,2.0132308242445913,33721,0.4215125,6713,4.195625,5.023238492477283,14072,0.31410714285714286,44,6.952458701816005
scene-0738,d3d94f2ce3dc4db4b3ba6f4aa81c3987,40530b944d3a455fa5bc3f32f4541cc8,e412cd15abe94867b568e8c4ae4d1036,1535574124949455,False,34752,33819,0.36242926954732513,16834,0.02029562114197531,2.0089699417844837,33765,0.4220625,6700,4.1875,5.03955223880597,14160,0.31607142857142856,44,6.940255978602627
scene-0738,d3d94f2ce3dc4db4b3ba6f4aa81c3987,352fc3bea8be47909d58ee92f67270b3,e412cd15abe94867b568e8c4ae4d1036,1535574124999747,False,34752,33794,0.3621613511659808,16778,0.020228105709876543,2.0141852425795683,33754,0.421925,6689,4.180625,5.046195245926147,14133,0.31546875,44,6.928639760341294
scene-0738,d3d94f2ce3dc4db4b3ba6f4aa81c3987,65daf252dabc46159bda8f25ae461c73,e412cd15abe94867b568e8c4ae4d1036,1535574125049501,False,34720,33749,0.36167909807956106,16860,0.02032696759259259,2.001720047449585,33703,0.4212875,6781,4.238125,4.970210883350538,14225,0.31752232142857145,44,6.918527301412781
scene-0738,d3d94f2ce3dc4db4b3ba6f4aa81c3987,991c82ee543b447d99a7fac3fb190bbb,e412cd15abe94867b568e8c4ae4d1036,1535574125099833,False,34752,33748,0.3616683813443073,16767,0.02021484375,2.0127631657422316,33698,0.421225,6776,4.235,4.973140495867769,14189,0.31671875,44,6.909749838172613
scene-0738,d3d94f2ce3dc4db4b3ba6f4aa81c3987,0bb401e1a72645009724d92b2b0c2f06,e412cd15abe94867b568e8c4ae4d1036,1535574125149598,False,34720,33767,0.36187199931412894,16706,0.020141300154320987,2.0212498503531666,33714,0.421425,6651,4.156875,5.069012178619756,14213,0.3172544642857143,44,6.902525674893394
scene-0738,d3d94f2ce3dc4db4b3ba6f4aa81c3987,2961bfbe28d841e3b93b1554c001dd10,e412cd15abe94867b568e8c4ae4d1036,1535574125199918,True,34720,33798,0.3622042181069959,16809,0.020265480324074076,2.0107085489916114,33749,0.4218625,6669,4.168125,5.060578797420903,14258,0.31825892857142857,44,6.896421704499244
scene-0738,d3d94f2ce3dc4db4b3ba6f4aa81c3987,056dc60c49c54f978db56bfb229f4024,c34518cf9970447b8284acb0197f06da,1535574125249678,False,34720,33803,0.3622578017832647,16803,0.020258246527777777,2.011724096887461,33743,0.4217875,6630,4.14375,5.089441930618401,14311,0.3194419642857143,46,6.69997575951206
scene-0738,d3d94f2ce3dc4db4b3ba6f4aa81c3987,11b83775966141b0b0a34003c39fbfde,c34518cf9970447b8284acb0197f06da,1535574125299434,False,34688,33760,0.36179698216735257,16794,0.020247395833333334,2.0102417530070262,33710,0.421375,6606,4.12875,5.10293672419013,18162,0.4054017857142857,46,6.688917318691675
scene-0738,d3d94f2ce3dc4db4b3ba6f4aa81c3987,98622041310941db9c98b2e00f4de603,c34518cf9970447b8284acb0197f06da,1535574125349764,False,34720,33733,0.3615076303155007,16851,0.020316116898148148,2.0018396534330307,33687,0.4210875,6637,4.148125,5.075636582793431,20607,0.45997767857142857,46,6.676555159777602
scene-0738,d3d94f2ce3dc4db4b3ba6f4aa81c3987,3db519e28f9e4723be12afedc7bb498b,c34518cf9970447b8284acb0197f06da,1535574125399537,False,34720,33733,0.3615076303155007,16852,0.0203173225308642,2.0017208639924045,33689,0.4211125,6625,4.140625,5.085132075471698,20570,0.4591517857142857,46,6.653154784467752
scene-0738,d3d94f2ce3dc4db4b3ba6f4aa81c3987,4b5ed1c9665d4962a66853a3737b7f54,c34518cf9970447b8284acb0197f06da,1535574125449845,False,34688,33671,0.3608431927297668,16768,0.02021604938271605,2.0080510496183206,33620,0.42025,6607,4.129375,5.088542454971999,20554,0.45879464285714283,46,6.631894300617151
scene-0738,d3d94f2ce3dc4db4b3ba6f4aa81c3987,c11c91b6fb7f4acd9fc953e02ce5166d,c34518cf9970447b8284acb0197f06da,1535574125500501,False,34720,33681,0.3609503600823045,16774,0.020223283179012345,2.007928937641588,33646,0.420575,6598,4.12375,5.099424067899363,20535,0.4583705357142857,46,6.613664040963408
scene-0738,d3d94f2ce3dc4db4b3ba6f4aa81c3987,2944742fea2741b38436c335bee290ca,c34518cf9970447b8284acb0197f06da,1535574125549383,False,34688,33660,0.36072530864197533,16777,0.020226900077160492,2.006318173690171,33637,0.4204625,6556,4.0975,5.13071995118975,20503,0.45765625,46,6.5993297209237545
scene-0738,d3d94f2ce3dc4db4b3ba6f4aa81c3987,ab8951eec49e4c8a976bfcaaec9efc65,c34518cf9970447b8284acb0197f06da,1535574125599687,False,34720,33640,0.36051097393689985,16818,0.020276331018518518,2.0002378404090857,33605,0.4200625,6622,4.13875,5.074750830564784,20434,0.4561160714285714,46,6.5881501974185355
scene-0738,d3d94f2ce3dc4db4b3ba6f4aa81c3987,81f83d7e341d4360b0d8fd58ef96c037,c34518cf9970447b8284acb0197f06da,1535574125649491,False,34720,33700,0.3611539780521262,16909,0.020386043595679013,1.9930214678573541,33664,0.4208,6632,4.145,5.075995174909529,20471,0.45694196428571426,46,6.580858570113154
scene-0738,d3d94f2ce3dc4db4b3ba6f4aa81c3987,bf678df43f75482d967575cb147db83c,c34518cf9970447b8284acb0197f06da,1535574125699781,True,34688,33627,0.3603716563786008,16865,0.02033299575617284,1.99389267714201,33590,0.419875,6630,4.14375,5.066365007541478,20424,0.45589285714285716,46,6.57748336762418
scene-0738,d3d94f2ce3dc4db4b3ba6f4aa81c3987,3c9ed05397ec42bf8367095f5494ef7f,cb3d99a4e1af4e2dbf3e4da369b56778,1535574125749558,False,34720,33652,0.3606395747599451,16933,0.020414978780864197,1.9873619559440145,33606,0.420075,6608,4.13,5.085653753026635,20413,0.45564732142857145,47,7.404817883477894
scene-0738,d3d94f2ce3dc4db4b3ba6f4aa81c3987,4e91d56a75f643bb87a701ac63c30277,cb3d99a4e1af4e2dbf3e4da369b56778,1535574125799325,False,34720,33664,0.3607681755829904,17019,0.020518663194444446,1.978024560785005,33629,0.4203625,6609,4.130625,5.088364351641701,20379,0.45488839285714283,47,7.40970902002607
scene-0738,d3d94f2ce3dc4db4b3ba6f4aa81c3987,75726145be334d72a31ce33e42549019,cb3d99a4e1af4e2dbf3e4da369b56778,1535574125849695,False,34688,33654,0.36066100823045266,16923,0.020402922453703703,1.9886544938840631,33614,0.420175,6650,4.15625,5.054736842105263,20424,0.45589285714285716,47,7.417929757380788
scene-0738,d3d94f2ce3dc4db4b3ba6f4aa81c3987,2f13659ca94f4db3b163d59c16230a92,cb3d99a4e1af4e2dbf3e4da369b56778,1535574125899416,False,34720,33691,0.36105752743484226,17058,0.02056568287037037,1.9750850041036463,33658,0.420725,6656,4.16,5.056790865384615,20392,0.45517857142857143,47,7.429465832493036
scene-0738,d3d94f2ce3dc4db4b3ba6f4aa81c3987,4b108c819dcd4f219a4146e07e50cef1,cb3d99a4e1af4e2dbf3e4da369b56778,1535574125949175,False,34688,33636,0.3604681069958848,17072,0.020582561728395062,1.9702436738519213,33600,0.42,6650,4.15625,5.052631578947368,20325,0.4536830357142857,47,7.441729454340498
scene-0738,d3d94f2ce3dc4db4b3ba6f4aa81c3987,f7d5bf5a82b343639b9e1e3450c35e0e,cb3d99a4e1af4e2dbf3e4da369b56778,1535574125999487,False,34688,33603,0.3601144547325103,17008,0.020505401234567903,1.9757173095014111,33563,0.4195375,6605,4.128125,5.081453444360333,20322,0.4536160714285714,47,7.45693026377578
scene-0738,d3d94f2ce3dc4db4b3ba6f4aa81c3987,f92a15e47ea54cb59b91473ec015c5a2,cb3d99a4e1af4e2dbf3e4da369b56778,1535574126049253,False,34720,33587,0.35994298696844995,17075,0.02058617862654321,1.9670278184480234,33555,0.4194375,6583,4.114375,5.097220112410755,20329,0.45377232142857143,47,7.475150594519173
scene-0738,d3d94f2ce3dc4db4b3ba6f4aa81c3987,c0e96e6c559342069cb20159444f20ad,cb3d99a4e1af4e2dbf3e4da369b56778,1535574126099586,False,34688,33501,0.35902134773662553,17121,0.02064163773148148,1.9567198177676537,33467,0.4183375,6600,4.125,5.070757575757575,20221,0.45136160714285717,47,7.488911961850608
scene-0738,d3d94f2ce3dc4db4b3ba6f4aa81c3987,153b4c9b610948b98e2d10f07277980c,cb3d99a4e1af4e2dbf3e4da369b56778,1535574126149359,False,34688,33505,0.3590642146776406,17139,0.02066333912037037,1.954898185425054,33471,0.4183875,6610,4.13125,5.063691376701967,20220,0.4513392857142857,47,7.496283078396694
scene-0738,d3d94f2ce3dc4db4b3ba6f4aa81c3987,43c5ecd468ac436d9a4ab7b3c6210320,cb3d99a4e1af4e2dbf3e4da369b56778,1535574126199122,True,34688,33527,0.3592999828532236,17108,0.02062596450617284,1.959726443768997,33479,0.4184875,6541,4.088125,5.118330530499923,20108,0.4488392857142857,47,7.503564291508747
scene-0738,d3d94f2ce3dc4db4b3ba6f4aa81c3987,7a14bcd3c3134110a6183b3201121f1f,885b6b7800be44b495cb9acdd3259c87,1535574126249422,False,34720,33545,0.3594928840877915,17097,0.020612702546296297,1.9620401239983623,33506,0.418825,6498,4.06125,5.156355801785165,20243,0.4518526785714286,48,8.255240840619914
scene-0738,d3d94f2ce3dc4db4b3ba6f4aa81c3987,179bdef69ac54b9888f3d5729d1d6273,885b6b7800be44b495cb9acdd3259c87,1535574126299202,False,34688,33524,0.35926783264746226,17161,0.020689863040123456,1.9534992133325564,33479,0.4184875,6549,4.093125,5.11207817987479,20266,0.45236607142857144,48,8.269543681496522
scene-0738,d3d94f2ce3dc4db4b3ba6f4aa81c3987,6944a5bf8d914db194fe1b2f826bde68,885b6b7800be44b495cb9acdd3259c87,1535574126348975,False,34720,33562,0.35967506858710563,17172,0.020703125,1.9544607500582343,33506,0.418825,6553,4.095625,5.113077979551351,20241,0.45180803571428574,48,8.285997951697887
scene-0738,d3d94f2ce3dc4db4b3ba6f4aa81c3987,ac0b0681c9ad4dfcb65677f9d5966c62,885b6b7800be44b495cb9acdd3259c87,1535574126399292,False,34688,33588,0.3599537037037037,17129,0.020651282793209876,1.9608850487477378,33539,0.4192375,6596,4.1225,5.0847483323226195,20269,0.4524330357142857,48,8.304620243293408
scene-0738,d3d94f2ce3dc4db4b3ba6f4aa81c3987,d92bc37bca0949bab0041aea5b9308e2,885b6b7800be44b495cb9acdd3259c87,1535574126449042,False,34720,33606,0.3601466049382716,17119,0.020639226466049383,1.9630819557217127,33544,0.4193,6480,4.05,5.176543209876543,20260,0.45223214285714286,48,8.324330750509434
scene-0738,d3d94f2ce3dc4db4b3ba6f4aa81c3987,900712d493b8466392b74eb270fe6446,885b6b7800be44b495cb9acdd3259c87,1535574126498839,False,34688,33537,0.3594071502057613,17116,0.020635609567901236,1.9593947183921476,33473,0.4184125,6499,4.061875,5.1504846899523,20231,0.4515848214285714,48,8.342822442434978
scene-0738,d3d94f2ce3dc4db4b3ba6f4aa81c3987,6475e454bc294cb490d26227f90a583f,885b6b7800be44b495cb9acdd3259c87,1535574126549150,False,34688,33526,0.3592892661179698,17158,0.02068624614197531,1.953957337685045,33449,0.4181125,6415,4.009375,5.2141855027279815,20222,0.45138392857142856,48,8.362416560903464
scene-0738,d3d94f2ce3dc4db4b3ba6f4aa81c3987,5f624c43e87b4b47a753dcb8fd69fa57,885b6b7800be44b495cb9acdd3259c87,1535574126598899,False,34720,33563,0.3596857853223594,17110,0.020628375771604937,1.9616014026884863,33478,0.418475,6457,4.035625,5.184760724794796,20258,0.4521875,48,8.384013415470717
scene-0738,d3d94f2ce3dc4db4b3ba6f4aa81c3987,a8444b0bd6004ba2b56c40a2fc748277,885b6b7800be44b495cb9acdd3259c87,1535574126649220,False,34688,33531,0.3593428497942387,17038,0.020541570216049382,1.9680126775443127,33437,0.4179625,6452,4.0325,5.182424054556726,14536,0.3244642857142857,48,8.407439037996193
scene-0738,d3d94f2ce3dc4db4b3ba6f4aa81c3987,b5bfb49b245742d29eabf0fd94d1977f,885b6b7800be44b495cb9acdd3259c87,1535574126699001,True,34720,33548,0.3595250342935528,17131,0.020653694058641977,1.9583211721440663,33446,0.418075,6452,4.0325,5.183818970861748,14564,0.3250892857142857,48,8.431898941636803
scene-0738,d3d94f2ce3dc4db4b3ba6f4aa81c3987,9ce548e2b9cf453d9017f43788474c96,83bf0d9c043b4678b87661dacca09474,1535574126748748,False,34720,33578,0.359846536351166,17126,0.02064766589506173,1.9606446338899919,33468,0.41835,6461,4.038125,5.180003095496053,16385,0.36573660714285716,55,7.926879915280816
scene-0738,d3d94f2ce3dc4db4b3ba6f4aa81c3987,2b3f6e48dc8846f79a7a6de84e3eb1e6,83bf0d9c043b4678b87661dacca09474,1535574126799100,False,34688,33533,0.35936428326474623,17117,0.020636815200617283,1.9590465618975288,33411,0.4176375,6500,4.0625,5.140153846153846,20258,0.4521875,55,7.914541046940578
scene-0738,d3d94f2ce3dc4db4b3ba6f4aa81c3987,2d30eb3c3c7940f281f9cb1cd2b7e8be,83bf0d9c043b4678b87661dacca09474,1535574126848822,False,34720,33566,0.3597179355281207,17121,0.02064163773148148,1.9605163249810174,33458,0.418225,6423,4.014375,5.209092324458975,20286,0.4528125,55,7.905192390087172
scene-0738,d3d94f2ce3dc4db4b3ba6f4aa81c3987,673b97f184404bd4baec0a512d7c08d1,83bf0d9c043b4678b87661dacca09474,1535574126898603,False,34688,33598,0.3600608710562414,17106,0.02062355324074074,1.9641061615807318,33473,0.4184125,6395,3.996875,5.234245504300235,20183,0.45051339285714287,55,7.899611338576383
scene-0738,d3d94f2ce3dc4db4b3ba6f4aa81c3987,799fff76d2d4464ca26cb4351e50246b,83bf0d9c043b4678b87661dacca09474,1535574126948910,False,34720,33662,0.36074674211248287,17228,0.020770640432098766,1.9539122358950545,33508,0.41885,6459,4.036875,5.187799969035455,14633,0.32662946428571427,55,7.897515522291461
scene-0738,d3d94f2ce3dc4db4b3ba6f4aa81c3987,c4f57ce4ecf44928b5d7b6fd3f30579e,83bf0d9c043b4678b87661dacca09474,1535574126998763,False,34688,33607,0.3601573216735254,17248,0.020794753086419752,1.9484577922077921,33476,0.41845,6552,4.095,5.109279609279609,14634,0.3266517857142857,55,7.8972338452088975
scene-0738,d3d94f2ce3dc4db4b3ba6f4aa81c3987,ffee506cfb624df39c259eb463b877be,83bf0d9c043b4678b87661dacca09474,1535574127049050,False,34688,33553,0.35957861796982166,17320,0.020881558641975308,1.9372401847575058,33404,0.41755,6496,4.06,5.142241379310345,14584,0.32553571428571426,55,7.900806943497472
scene-0738,d3d94f2ce3dc4db4b3ba6f4aa81c3987,4f890d12fbdf476aa12843df986b361a,83bf0d9c043b4678b87661dacca09474,1535574127098788,False,34688,33522,0.3592463991769547,17194,0.020729648919753086,1.9496335931138769,33387,0.4173375,6482,4.05125,5.150725084850355,20151,0.44979910714285715,55,7.908076453125991
scene-0738,d3d94f2ce3dc4db4b3ba6f4aa81c3987,227d267fae98427580ea90039a7b8f7c,83bf0d9c043b4678b87661dacca09474,1535574127148574,False,34720,33489,0.35889274691358025,17263,0.020812837577160494,1.9399293286219081,33358,0.416975,6484,4.0525,5.144663787785317,16396,0.36598214285714287,55,7.918418563588576
scene-0738,d3d94f2ce3dc4db4b3ba6f4aa81c3987,66bdd607d8c14607929cc708832a9c66,83bf0d9c043b4678b87661dacca09474,1535574127198871,True,34720,33373,0.35764960562414266,17227,0.020769434799382716,1.9372496662216288,33261,0.4157625,6488,4.055,5.12654130702836,14569,0.3252008928571429,55,7.931697980937266
scene-0738,d3d94f2ce3dc4db4b3ba6f4aa81c3987,e555af4643ea405e85af1b1f45ab097e,442c7729b9d0455ca75978f1a7fdab3a,1535574127248615,False,34688,33307,0.35694230109739367,17163,0.020692274305555557,1.9406280953213308,33210,0.415125,6511,4.069375,5.100598986330825,14552,0.3248214285714286,53,7.184481854228825
scene-0738,d3d94f2ce3dc4db4b3ba6f4aa81c3987,43ce40d462a946ed995f0aa06ed57db0,442c7729b9d0455ca75978f1a7fdab3a,1535574127298412,False,34720,33303,0.3568994341563786,17170,0.020700713734567902,1.9396039603960396,33187,0.4148375,6466,4.04125,5.1325394370553665,16201,0.3616294642857143,53,7.19349072292327
scene-0738,d3d94f2ce3dc4db4b3ba6f4aa81c3987,2db8e114afbb49afbb511bbca95d87f9,442c7729b9d0455ca75978f1a7fdab3a,1535574127348711,False,34688,33228,0.3560956790123457,17166,0.020695891203703704,1.9356868227892345,33124,0.41405,6489,4.055625,5.104638619201726,14545,0.32466517857142857,53,7.204761737912118
scene-0738,d3d94f2ce3dc4db4b3ba6f4aa81c3987,b0230bcd3aaf436ea19d44507c8e6185,442c7729b9d0455ca75978f1a7fdab3a,1535574127398476,False,34688,33176,0.3555384087791495,17201,0.02073808834876543,1.9287250741235975,33065,0.4133125,6466,4.04125,5.113671512527064,14581,0.32546875,53,7.217152249056256
scene-0738,d3d94f2ce3dc4db4b3ba6f4aa81c3987,5ce27d89dd014e7488b2c53548c9f8a7,442c7729b9d0455ca75978f1a7fdab3a,1535574127448786,False,34720,33153,0.35529192386831276,17248,0.020794753086419752,1.9221358998144713,33050,0.413125,6520,4.075,5.069018404907975,14595,0.32578125,53,7.231977634750397
scene-0738,d3d94f2ce3dc4db4b3ba6f4aa81c3987,aa3a26a4fc794d2d97a996269ebf7893,442c7729b9d0455ca75978f1a7fdab3a,1535574127498562,False,34688,33096,0.35468106995884774,17186,0.02072000385802469,1.925753520307227,32982,0.412275,6487,4.054375,5.084322491136119,16772,0.374375,53,7.247632452485953
scene-0738,d3d94f2ce3dc4db4b3ba6f4aa81c3987,d024d11982d04b28965d036bf1bc41d6,442c7729b9d0455ca75978f1a7fdab3a,1535574127548322,False,34720,33049,0.35417738340192045,17247,0.020793547453703702,1.9162173131559113,32917,0.4114625,6541,4.088125,5.03241094633848,19763,0.44113839285714285,53,7.26444080812681
scene-0738,d3d94f2ce3dc4db4b3ba6f4aa81c3987,413f7a0f5355404380440257ac8d403e,442c7729b9d0455ca75978f1a7fdab3a,1535574127598644,False,34720,32999,0.3536415466392318,17104,0.020621141975308642,1.9293147801683816,32871,0.4108875,6505,4.065625,5.053189853958494,19685,0.4393973214285714,53,7.283574202301409
scene-0738,d3d94f2ce3dc4db4b3ba6f4aa81c3987,8419df6676074454b25630c6af4ad92b,442c7729b9d0455ca75978f1a7fdab3a,1535574127648413,False,34720,32942,0.3530306927297668,17141,0.02066575038580247,1.9218248643603058,32829,0.4103625,6485,4.053125,5.062297609868929,14632,0.3266071428571429,53,7.293480254705028
scene-0738,d3d94f2ce3dc4db4b3ba6f4aa81c3987,31b2c14379f54b8f9d55c4da318f8f81,442c7729b9d0455ca75978f1a7fdab3a,1535574127698178,True,34688,32917,0.3527627743484225,17166,0.020695891203703704,1.9175696143539556,32808,0.4101,6531,4.081875,5.023426734037667,14580,0.3254464285714286,53,7.303445907696798
scene-0738,d3d94f2ce3dc4db4b3ba6f4aa81c3987,585ca2dea78a4fd0b0aac525122042c3,f461f50612d94c71a2830a2c12bbaee4,1535574127748493,False,34720,32933,0.35293424211248287,17084,0.020597029320987656,1.9277101381409505,32830,0.410375,6510,4.06875,5.043010752688172,17862,0.39870535714285715,57,7.288519226557961
scene-0738,d3d94f2ce3dc4db4b3ba6f4aa81c3987,029bebcb782a4f388a7e3398869d878a,f461f50612d94c71a2830a2c12bbaee4,1535574127798279,False,34720,32995,0.35359867969821673,16981,0.020472849151234568,1.943054001531123,32900,0.41125,6469,4.043125,5.085793785747411,19825,0.44252232142857145,57,7.277274931719728
scene-0738,d3d94f2ce3dc4db4b3ba6f4aa81c3987,8fce9d40e4984955b5ff21efa6aab14d,f461f50612d94c71a2830a2c12bbaee4,1535574127848586,False,34720,33032,0.35399519890260633,17153,0.02068021797839506,1.9257272780271673,32936,0.4117,6533,4.083125,5.041481708250421,17723,0.39560267857142856,57,7.264947170028262
scene-0738,d3d94f2ce3dc4db4b3ba6f4aa81c3987,3abdead56c5b49cd90c093ee7b6c43e7,f461f50612d94c71a2830a2c12bbaee4,1535574127898358,False,34688,32999,0.3536415466392318,17009,0.02050660686728395,1.9400905403021929,32906,0.411325,6466,4.04125,5.0890813485926385,14628,0.32651785714285714,57,7.253737864935793
scene-0738,d3d94f2ce3dc4db4b3ba6f4aa81c3987,686fbb380aa44153926ff1e07583adfe,f461f50612d94c71a2830a2c12bbaee4,1535574127948126,False,34688,32980,0.35343792866941015,16967,0.020455970293209877,1.9437732068132256,32886,0.411075,6537,4.085625,5.03074804956402,14594,0.3257589285714286,57,7.243575986442225
scene-0738,d3d94f2ce3dc4db4b3ba6f4aa81c3987,07ee33f3c5f741ba8d00558d6fba8d7f,f461f50612d94c71a2830a2c12bbaee4,1535574127998433,False,34688,33008,0.3537379972565158,16881,0.02035228587962963,1.9553343996208756,32914,0.411425,6536,4.085,5.035801713586292,19354,0.4320089285714286,57,7.234442929059523
scene-0738,d3d94f2ce3dc4db4b3ba6f4aa81c3987,7579089cfe07456883f6b84e94b1e84f,f461f50612d94c71a2830a2c12bbaee4,1535574128048198,False,34688,33015,0.35381301440329216,16901,0.020376398533950617,1.9534347080054435,32912,0.4114,6574,4.10875,5.006388804380895,19896,0.44410714285714287,57,7.224221849420643
scene-0738,d3d94f2ce3dc4db4b3ba6f4aa81c3987,434a51078541411e8a1d3266bd32630d,f461f50612d94c71a2830a2c12bbaee4,1535574128097976,False,34688,33026,0.35393089849108367,16878,0.020348668981481483,1.956748429908757,32898,0.411225,6555,4.096875,5.0187643020594965,19955,0.44542410714285713,57,7.214156692439977
scene-0738,d3d94f2ce3dc4db4b3ba6f4aa81c3987,fc4b48f83f2245c08e08466db3f1f82b,f461f50612d94c71a2830a2c12bbaee4,1535574128148338,False,34720,33009,0.35374871399176955,16920,0.020399305555555556,1.950886524822695,32879,0.4109875,6542,4.08875,5.025833078569245,19937,0.44502232142857145,57,7.204781453468798
scene-0738,d3d94f2ce3dc4db4b3ba6f4aa81c3987,7e11c66fdfd247bfaa08ed6892025409,f461f50612d94c71a2830a2c12bbaee4,1535574128198052,False,34688,32953,0.3531485768175583,16871,0.020340229552469134,1.953233359018434,32830,0.410375,6504,4.065,5.047662976629766,19914,0.4445089285714286,57,7.197096104351931
scene-0738,d3d94f2ce3dc4db4b3ba6f4aa81c3987,a965f5bc1ec147f8b92767d066f26db0,f461f50612d94c71a2830a2c12bbaee4,1535574128248380,False,34720,33019,0.3538558813443073,16750,0.02019434799382716,1.9712835820895522,32895,0.4111875,6519,4.074375,5.04601932811781,19979,0.44595982142857143,57,7.184783081562563
scene-0738,d3d94f2ce3dc4db4b3ba6f4aa81c3987,f00ba050d9a44c15af4839844919cbf2,f461f50612d94c71a2830a2c12bbaee4,1535574128298263,True,34720,32987,0.35351294581618653,16793,0.020246190200617284,1.9643303757518014,32866,0.410825,6498,4.06125,5.057863958140967,19953,0.4453794642857143,57,7.171841350569954
scene-0738,d3d94f2ce3dc4db4b3ba6f4aa81c3987,b059e963875845daab3e9b6620393398,ec0ba70605b14163b3cde24af2296b40,1535574128347914,False,34720,33014,0.3538022976680384,16843,0.020306471836419752,1.9601021195748976,32906,0.411325,6573,4.108125,5.006237638825498,20033,0.44716517857142857,59,6.99837698180905
scene-0738,d3d94f2ce3dc4db4b3ba6f4aa81c3987,7037815d843440178b54e74a8977ea02,ec0ba70605b14163b3cde24af2296b40,1535574128398263,False,34720,33036,0.3540380658436214,16771,0.020219666280864197,1.9698288712658756,32927,0.4115875,6434,4.02125,5.117656201429904,20073,0.4480580357142857,59,6.997573637352475
scene-0738,d3d94f2ce3dc4db4b3ba6f4aa81c3987,1935947430eb4102b6fa95319056ad44,ec0ba70605b14163b3cde24af2296b40,1535574128447983,False,34720,33079,0.3544988854595336,16671,0.02009910300925926,1.9842241017335494,32976,0.4122,6431,4.019375,5.1276628829109,20128,0.4492857142857143,59,6.999548401536332
scene-0738,d3d94f2ce3dc4db4b3ba6f4aa81c3987,4b86e61197724ffaa78363d16b19a860,ec0ba70605b14163b3cde24af2296b40,1535574128498335,False,34720,33023,0.35389874828532236,16758,0.020203993055555557,1.9705812149421171,32935,0.4116875,6524,4.0775,5.048283261802575,19999,0.44640625,59,7.005154861406161
scene-0738,d3d94f2ce3dc4db4b3ba6f4aa81c3987,dd2440a4730b4f668f0c2fa2493cd030,ec0ba70605b14163b3cde24af2296b40,1535574128548092,False,34720,33017,0.35383444787379975,16745,0.020188319830246913,1.971752762018513,32943,0.4117875,6511,4.069375,5.05959146060513,15757,0.35171875,59,7.014228826944243
scene-0738,d3d94f2ce3dc4db4b3ba6f4aa81c3987,b99c80a6e7484ff9acd0c218d9d55a0b,ec0ba70605b14163b3cde24af2296b40,1535574128598413,False,34752,32999,0.3536415466392318,16740,0.020182291666666668,1.9712664277180407,32928,0.4116,6519,4.074375,5.0510814542107685,14465,0.3228794642857143,59,7.026975395442163
scene-0738,d3d94f2ce3dc4db4b3ba6f4aa81c3987,5d7a892f4ecb404b9806c28df6bc5b57,ec0ba70605b14163b3cde24af2296b40,1535574128648205,False,34720,33002,0.35367369684499317,16742,0.020184702932098765,1.9712101302114442,32936,0.4117,6583,4.114375,5.003190034938478,14508,0.3238392857142857,59,7.042927382920855
scene-0738,d3d94f2ce3dc4db4b3ba6f4aa81c3987,c379590f83144721b1a77dc4c88b0879,ec0ba70605b14163b3cde24af2296b40,1535574128697947,False,34752,33043,0.3541130829903978,16710,0.020146122685185185,1.9774386594853381,32974,0.412175,6461,4.038125,5.103544342980963,14683,0.3277455357142857,59,7.058327313525856
scene-0738,d3d94f2ce3dc4db4b3ba6f4aa81c3987,8c0f6181247a4ebfb6b5b7eb97167b15,ec0ba70605b14163b3cde24af2296b40,1535574128748249,False,34752,33095,0.35467035322359397,16759,0.020205198688271604,1.974759830538815,33042,0.413025,6514,4.07125,5.072459318391157,14553,0.32484375,59,7.068655267925519
scene-0738,d3d94f2ce3dc4db4b3ba6f4aa81c3987,6b629109f1654fad85e14f7ae70c07c9,ec0ba70605b14163b3cde24af2296b40,1535574128798015,True,34752,33098,0.3547025034293553,16674,0.020102719907407408,1.9850065970972772,33047,0.4130875,6464,4.04,5.1124690594059405,14594,0.3257589285714286,59,7.081732062911739
scene-0738,d3d94f2ce3dc4db4b3ba6f4aa81c3987,3afc1020904c4cc3906330054df36a45,ad10112e3e7740e1836ce6f5b0283343,1535574128848337,False,34752,33071,0.3544131515775034,16674,0.020102719907407408,1.983387309583783,33010,0.412625,6445,4.028125,5.121799844840962,14569,0.3252008928571429,61,7.14520719902836
scene-0738,d3d94f2ce3dc4db4b3ba6f4aa81c3987,b6cf1c9a243a4baf88fe5bdd4c17bd8b,ad10112e3e7740e1836ce6f5b0283343,1535574128898100,False,34752,33066,0.3543595679012346,16655,0.02007981288580247,1.985349744821375,33021,0.4127625,6492,4.0575,5.08641404805915,14513,0.32395089285714285,61,7.152948703594901
scene-0738,d3d94f2ce3dc4db4b3ba6f4aa81c3987,d7edf0c8700f4207bccab47e52b10256,ad10112e3e7740e1836ce6f5b0283343,1535574128948438,False,34752,33044,0.35412379972565156,16633,0.020053288966049382,1.9866530391390609,32996,0.41245,6439,4.024375,5.1243981984780245,16902,0.3772767857142857,61,7.1625109753791145
scene-0738,d3d94f2ce3dc4db4b3ba6f4aa81c3987,ce11ca0baf61489cb486acc8e3afa207,ad10112e3e7740e1836ce6f5b0283343,1535574128998204,False,34752,33074,0.3544453017832647,16642,0.020064139660493828,1.9873813243600529,33022,0.412775,6454,4.03375,5.116516888751162,18355,0.40970982142857143,61,7.1719542917994
scene-0738,d3d94f2ce3dc4db4b3ba6f4aa81c3987,522cc456cb2f450c99ff69941aeddd12,ad10112e3e7740e1836ce6f5b0283343,1535574129048505,False,34752,33071,0.3544131515775034,16550,0.019953221450617283,1.9982477341389728,33022,0.412775,6455,4.034375,5.115724244771495,14662,0.3272767857142857,61,7.181470783983856
scene-0738,d3d94f2ce3dc4db4b3ba6f4aa81c3987,f30609fdcedf46a3853b196e81d52533,ad10112e3e7740e1836ce6f5b0283343,1535574129098272,False,34752,33093,0.35464891975308643,16608,0.020023148148148148,1.9925939306358382,33038,0.412975,6480,4.05,5.098456790123457,14585,0.3255580357142857,61,7.192520371007137
scene-0738,d3d94f2ce3dc4db4b3ba6f4aa81c3987,6014eaccc4ba444094d15351428eec9a,ad10112e3e7740e1836ce6f5b0283343,1535574129148589,False,34752,33153,0.35529192386831276,16664,0.020090663580246915,1.989498319731157,33096,0.4137,6508,4.0675,5.085433312845728,14650,0.32700892857142855,61,7.205347187723121
scene-0738,d3d94f2ce3dc4db4b3ba6f4aa81c3987,8e93d8e0c3d3439f8d498cad86c2c86e,ad10112e3e7740e1836ce6f5b0283343,1535574129198361,False,34720,33192,0.3557098765432099,16737,0.020178674768518517,1.983151102348091,33133,0.4141625,6507,4.066875,5.091901029660366,20457,0.45662946428571427,61,7.219684966350118
scene-0738,d3d94f2ce3dc4db4b3ba6f4aa81c3987,d39a2a0027cc4bb59f128c2fb4a0a5a7,ad10112e3e7740e1836ce6f5b0283343,1535574129248682,False,34720,33222,0.35603137860082307,16724,0.020163001543209876,1.9864864864864864,33159,0.4144875,6539,4.086875,5.070958862211348,20422,0.45584821428571426,61,7.235866165094104
scene-0738,d3d94f2ce3dc4db4b3ba6f4aa81c3987,545845491c7e4a898e6b32feed99a8bf,ad10112e3e7740e1836ce6f5b0283343,1535574129298463,True,34752,33302,0.3568887174211248,16757,0.020202787422839506,1.9873485707465537,33244,0.41555,6519,4.074375,5.099555146494861,14671,0.32747767857142857,61,7.245937135932501
scene-0738,d3d94f2ce3dc4db4b3ba6f4aa81c3987,58c20e30a2be412386a473c532275aab,cb14833a03994623b8d0e0aac1b6da59,1535574129348806,False,34720,33297,0.356835133744856,16836,0.020298032407407407,1.9777263007840342,33238,0.415475,6516,4.0725,5.100982197667281,14723,0.32863839285714286,58,6.938280868605879
scene-0738,d3d94f2ce3dc4db4b3ba6f4aa81c3987,8a22e34bedb34513864c4173d5260f73,cb14833a03994623b8d0e0aac1b6da59,1535574129398531,False,34720,33315,0.35702803497942387,16861,0.02032817322530864,1.9758614554296898,33261,0.4157625,6535,4.084375,5.089671002295333,14793,0.3302008928571429,58,6.944413897278876
scene-0738,d3d94f2ce3dc4db4b3ba6f4aa81c3987,7316e3f21c0d4d2eb4a1ebf36d24e2d7,cb14833a03994623b8d0e0aac1b6da59,1535574129448848,False,34720,33318,0.3570601851851852,16778,0.020228105709876543,1.9858147574204315,33259,0.4157375,6503,4.064375,5.114408734430263,14712,0.32839285714285715,58,6.954112913619522
scene-0738,d3d94f2ce3dc4db4b3ba6f4aa81c3987,9610c92d69ae495cb18b743a0383cb93,cb14833a03994623b8d0e0aac1b6da59,1535574129498627,False,34752,33377,0.35769247256515774,16870,0.020339023919753087,1.9784825133372852,33314,0.416425,6520,4.075,5.109509202453988,14814,0.33066964285714284,58,6.967047124679784
scene-0738,d3d94f2ce3dc4db4b3ba6f4aa81c3987,4f302e4ff4fa4f658014581f0eb48fdc,cb14833a03994623b8d0e0aac1b6da59,1535574129548381,False,34720,33353,0.35743527091906724,16849,0.02031370563271605,1.9795240073594873,33298,0.416225,6525,4.078125,5.103141762452108,14837,0.3311830357142857,58,6.981380328387703
scene-0738,d3d94f2ce3dc4db4b3ba6f4aa81c3987,262b0952b97248f88c5de184663a3695,cb14833a03994623b8d0e0aac1b6da59,1535574129598726,False,34752,33435,0.35831404320987653,16990,0.020483699845679014,1.9679223072395526,33379,0.4172375,6548,4.0925,5.097587049480757,14947,0.33363839285714286,58,6.9956933106789
scene-0738,d3d94f2ce3dc4db4b3ba6f4aa81c3987,98cfef3bf66d4855a5a7fe266d0b4caf,cb14833a03994623b8d0e0aac1b6da59,1535574129648476,False,34720,33441,0.3583783436213992,16939,0.020422212577160495,1.974201546726489,33383,0.4172875,6583,4.114375,5.071092207200365,15044,0.3358035714285714,58,7.011721651522087
scene-0738,d3d94f2ce3dc4db4b3ba6f4aa81c3987,6e009b7e82804c989ad5e3dffdae3fc9,cb14833a03994623b8d0e0aac1b6da59,1535574129698806,False,34720,33414,0.35808899176954734,16973,0.020463204089506172,1.9686561008660814,33359,0.4169875,6566,4.10375,5.080566554980201,20628,0.4604464285714286,58,7.029692806896025
scene-0738,d3d94f2ce3dc4db4b3ba6f4aa81c3987,b1df6f00a8724c45bdbdff0392fba278,cb14833a03994623b8d0e0aac1b6da59,1535574129748549,False,34720,33466,0.35864626200274347,17061,0.02056929976851852,1.9615497333098881,33416,0.4177,6624,4.14,5.044685990338165,20611,0.4600669642857143,58,7.049042459046662
scene-0738,d3d94f2ce3dc4db4b3ba6f4aa81c3987,679d9f27253749e980fe81ca756995eb,cb14833a03994623b8d0e0aac1b6da59,1535574129798898,True,34720,33510,0.35911779835390945,17092,0.020606674382716048,1.9605663468289258,33448,0.4181,6612,4.1325,5.058681185722928,14905,0.3327008928571429,58,7.070091780193519
scene-0738,d3d94f2ce3dc4db4b3ba6f4aa81c3987,24413ba0e6af42ce86d2e78d8ac081ce,0e155b654409496b8de3dceec235b688,1535574129848653,False,34688,33484,0.3588391632373114,17195,0.020730854552469136,1.9473102646118057,33426,0.417825,6621,4.138125,5.04848210240145,15000,0.33482142857142855,58,7.013278634124746
scene-0738,d3d94f2ce3dc4db4b3ba6f4aa81c3987,07471879760f4767a83df52afad526ce,0e155b654409496b8de3dceec235b688,1535574129898430,False,34720,33510,0.35911779835390945,17216,0.020756172839506173,1.9464451672862453,33450,0.418125,6675,4.171875,5.01123595505618,15025,0.3353794642857143,58,7.035718105401231
scene-0738,d3d94f2ce3dc4db4b3ba6f4aa81c3987,fc385e4dfb9a47a79b10d537af77058c,0e155b654409496b8de3dceec235b688,1535574129948735,False,34688,33501,0.35902134773662553,17200,0.02073688271604938,1.9477325581395348,33447,0.4180875,6694,4.18375,4.996564087242307,15030,0.33549107142857143,58,7.059684274575832
scene-0738,d3d94f2ce3dc4db4b3ba6f4aa81c3987,525d62c45d7447c89c8a19422a5f25e6,0e155b654409496b8de3dceec235b688,1535574129998495,False,34688,33518,0.35920353223593965,17251,0.0207983699845679,1.942959828415744,33468,0.41835,6738,4.21125,4.967052537845058,20782,0.46388392857142857,58,7.084507554104688
scene-0738,d3d94f2ce3dc4db4b3ba6f4aa81c3987,86e1a499716d4fa4a4b1f9c86362efce,0e155b654409496b8de3dceec235b688,1535574130048269,False,34720,33569,0.359750085733882,17249,0.020795958719135803,1.9461418053220476,33513,0.4189125,6684,4.1775,5.01391382405745,20812,0.46455357142857145,58,7.110314721727054
scene-0738,d3d94f2ce3dc4db4b3ba6f4aa81c3987,d6a0c026b9e7417bb4d4fc4f24ed876e,0e155b654409496b8de3dceec235b688,1535574130098577,False,34688,33601,0.36009302126200277,17253,0.02080078125,1.9475453544311134,33534,0.419175,6674,4.17125,5.024572969733294,20817,0.4646651785714286,58,7.137275573672696
scene-0738,d3d94f2ce3dc4db4b3ba6f4aa81c3987,937e6b7da63c4386b94fa7ef0abc9d8f,0e155b654409496b8de3dceec235b688,1535574130148336,False,34688,33598,0.3600608710562414,17258,0.020806809413580245,1.946807277784216,33538,0.419225,6604,4.1275,5.078437310720775,20817,0.4646651785714286,58,7.15542766517049
scene-0738,d3d94f2ce3dc4db4b3ba6f4aa81c3987,a82982d56b0941e28dff6da34dcfa12e,0e155b654409496b8de3dceec235b688,1535574130198687,False,34720,33657,0.36069315843621397,17334,0.0208984375,1.941675320179993,33592,0.4199,6652,4.1575,5.049909801563439,18645,0.4161830357142857,58,7.169266957602551
scene-0738,d3d94f2ce3dc4db4b3ba6f4aa81c3987,7077d04dc53543d5b98a83133fa285f6,0e155b654409496b8de3dceec235b688,1535574130248441,False,34688,33639,0.3605002572016461,17318,0.02087914737654321,1.9424298417831158,33586,0.419825,6650,4.15625,5.050526315789473,20738,0.4629017857142857,58,7.183312105334268
scene-0738,d3d94f2ce3dc4db4b3ba6f4aa81c3987,378b4d8439ef45728e58b4e31aed7b90,0e155b654409496b8de3dceec235b688,1535574130298216,True,34688,33649,0.3606074245541838,17317,0.02087794174382716,1.9431194779696253,33595,0.4199375,6625,4.140625,5.070943396226415,20828,0.4649107142857143,58,7.197702722851795
scene-0738,d3d94f2ce3dc4db4b3ba6f4aa81c3987,fced721e6a99430a85a412c5f32c95d2,c6bf8a9625554d51844419e2a9cca423,1535574130348532,False,34720,33667,0.3608003257887517,17375,0.020947868441358024,1.9376690647482013,33610,0.420125,6636,4.1475,5.064798071127185,20805,0.46439732142857143,59,6.339077141380694
scene-0738,d3d94f2ce3dc4db4b3ba6f4aa81c3987,3b72c5fa60f24321b8a46b243213d6d0,c6bf8a9625554d51844419e2a9cca423,1535574130398281,False,34688,33647,0.3605859910836763,17389,0.020964747299382715,1.934958882051872,33593,0.4199125,6623,4.139375,5.072172731390609,20788,0.46401785714285715,59,6.3311590027934015
scene-0738,d3d94f2ce3dc4db4b3ba6f4aa81c3987,0e570075b42642979b2cbff4a9df9a44,c6bf8a9625554d51844419e2a9cca423,1535574130448075,False,34688,33657,0.36069315843621397,17387,0.020962336033950618,1.9357565997584403,33599,0.4199875,6643,4.151875,5.05780520849014,20770,0.4636160714285714,59,6.323466512670062
scene-0738,d3d94f2ce3dc4db4b3ba6f4aa81c3987,c6bfea9c38a646e892e0af0886edc637,c6bf8a9625554d51844419e2a9cca423,1535574130498369,False,34688,33662,0.36074674211248287,17334,0.0208984375,1.9419637706242068,33604,0.42005,6564,4.1025,5.119439366240098,20782,0.46388392857142857,59,6.315849664264231
scene-0738,d3d94f2ce3dc4db4b3ba6f4aa81c3987,22fba093e15e40b38c7b51c8bb374352,c6bf8a9625554d51844419e2a9cca423,1535574130548130,False,34688,33677,0.36090749314128945,17443,0.021029851466049382,1.9306885283494812,33633,0.4204125,6618,4.13625,5.082048957388939,20754,0.4632589285714286,59,6.308141947417239
scene-0738,d3d94f2ce3dc4db4b3ba6f4aa81c3987,0e7501a7edba4a9c87e6eeaffa5d073a,c6bf8a9625554d51844419e2a9cca423,1535574130597910,False,34720,33661,0.3607360253772291,17313,0.020873119212962962,1.944261537572922,33627,0.4203375,6656,4.16,5.052133413461538,20712,0.46232142857142855,59,6.300663074146798
scene-0738,d3d94f2ce3dc4db4b3ba6f4aa81c3987,9a6b60e0bf7a47058bca54dab838fbcf,c6bf8a9625554d51844419e2a9cca423,1535574130648224,False,34688,33596,0.36003943758573387,17423,0.021005738811728396,1.928255753888538,33568,0.4196,6669,4.168125,5.0334382965961915,20676,0.46151785714285715,59,6.29334371719974
scene-0738,d3d94f2ce3dc4db4b3ba6f4aa81c3987,474dc5b366ae47a9a69d575b129d2d92,c6bf8a9625554d51844419e2a9cca423,1535574130747748,False,34528,33468,0.358667695473251,17573,0.0211865837191358,1.9045126045638194,33419,0.4177375,6621,4.138125,5.047424860293007,20568,0.4591071428571429,59,6.279593058985998
scene-0738,d3d94f2ce3dc4db4b3ba6f4aa81c3987,36afa686ded847a1950a65d4f34b6c08,c6bf8a9625554d51844419e2a9cca423,1535574130798086,True,34720,33632,0.3604252400548697,17654,0.021284239969135803,1.9050640081567916,33598,0.419975,6675,4.171875,5.033408239700375,20623,0.4603348214285714,59,6.273015612581874
scene-0738,d3d94f2ce3dc4db4b3ba6f4aa81c3987,7b5e589abdf54c34b6b20a67d52d473b,7deb684da54c4dae98d8704eb238938b,1535574130847848,False,34720,33608,0.36016803840877915,17755,0.02140600887345679,1.892875246409462,33564,0.41955,6661,4.163125,5.038883050593004,20532,0.4583035714285714,57,5.6765844823730705
scene-0738,d3d94f2ce3dc4db4b3ba6f4aa81c3987,0b2bf697c7b74576ab74f6300878a4fd,7deb684da54c4dae98d8704eb238938b,1535574130898169,False,34752,33649,0.3606074245541838,17786,0.02144338348765432,1.8918812549195996,33603,0.4200375,6696,4.185,5.01836917562724,20506,0.4577232142857143,57,5.670614832129065
scene-0738,d3d94f2ce3dc4db4b3ba6f4aa81c3987,fd361d0217214092a502876ec066eba9,7deb684da54c4dae98d8704eb238938b,1535574130947918,False,34720,33640,0.36051097393689985,17841,0.021509693287037036,1.8855445322571605,33598,0.419975,6707,4.191875,5.009393171313553,15114,0.33736607142857145,57,5.664849849494918
scene-0738,d3d94f2ce3dc4db4b3ba6f4aa81c3987,45bd524c89c34311838072a7cb4705d6,7deb684da54c4dae98d8704eb238938b,1535574130998250,False,34752,33721,0.36137902949245543,17967,0.021661603009259258,1.8768297434184895,33678,0.420975,6803,4.251875,4.950463031015729,15162,0.3384375,57,5.6591609880443725
scene-0738,d3d94f2ce3dc4db4b3ba6f4aa81c3987,e4288a5ba04e4c239369ba755140ab0e,7deb684da54c4dae98d8704eb238938b,1535574131048035,False,34720,33702,0.36117541152263377,17965,0.02165919174382716,1.8759810743111607,33666,0.420825,6811,4.256875,4.942886507120834,20241,0.45180803571428574,57,5.653681550108431
scene-0738,d3d94f2ce3dc4db4b3ba6f4aa81c3987,94bf547138034df0aac5fed804d08a38,7deb684da54c4dae98d8704eb238938b,1535574131098360,False,34752,33716,0.36132544581618653,17917,0.02160132137345679,1.881788245800078,33675,0.4209375,6800,4.25,4.952205882352941,20463,0.45676339285714285,57,5.643290951770266
scene-0738,d3d94f2ce3dc4db4b3ba6f4aa81c3987,0fec76a751eb42f883a32d971168abf5,7deb684da54c4dae98d8704eb238938b,1535574131148088,False,34752,33729,0.3614647633744856,18033,0.021741174768518518,1.870404258858759,33692,0.42115,6858,4.28625,4.912802566345873,17279,0.3856919642857143,57,5.631264635256795
scene-0738,d3d94f2ce3dc4db4b3ba6f4aa81c3987,1d57b6340e3748ac954bc71b85622f3d,7deb684da54c4dae98d8704eb238938b,1535574131198463,True,34752,33700,0.3611539780521262,18013,0.021717062114197532,1.8708710375839672,33662,0.420775,6807,4.254375,4.945203467019245,15148,0.338125,57,5.619251055104515
scene-0738,d3d94f2ce3dc4db4b3ba6f4aa81c3987,b175364775be4c8d9866d0dd6eae538a,9bca74ae116c4cf0ae51518fe3000417,1535574131248196,False,34752,33724,0.36141117969821673,18116,0.021841242283950617,1.8615588430117023,33681,0.4210125,6826,4.26625,4.934222092001172,15137,0.3378794642857143,55,6.384646740042012
scene-0738,d3d94f2ce3dc4db4b3ba6f4aa81c3987,6876bde0cbcf4c289055c8159cb09ba3,9bca74ae116c4cf0ae51518fe3000417,1535574131298516,False,34752,33713,0.3612932956104252,18124,0.021850887345679013,1.860130214080777,33662,0.420775,6842,4.27625,4.919906460099386,15132,0.3377678571428571,55,6.377018172076881
scene-0738,d3d94f2ce3dc4db4b3ba6f4aa81c3987,57fcbf0522e74f89b4f3b1686fad038b,9bca74ae116c4cf0ae51518fe3000417,1535574131348269,False,34752,33722,0.3613897462277092,18127,0.02185450424382716,1.8603188613670216,33666,0.420825,6827,4.266875,4.93130218251062,15169,0.33859375,55,6.3697239440942255
scene-0738,d3d94f2ce3dc4db4b3ba6f4aa81c3987,6a4f4b5489e846b1991a6ffb7de60e35,9bca74ae116c4cf0ae51518fe3000417,1535574131398634,False,34784,33795,0.3621720679012346,18022,0.021727912808641975,1.8752080790145378,33741,0.4217625,6840,4.275,4.932894736842106,20557,0.4588616071428571,55,6.3615672499163916
scene-0738,d3d94f2ce3dc4db4b3ba6f4aa81c3987,bb452f1440e04124b8e727b0a05ae040,9bca74ae116c4cf0ae51518fe3000417,1535574131448358,False,34752,33740,0.3615826474622771,18095,0.02181592399691358,1.8646034816247583,33678,0.420975,6755,4.221875,4.985640266469282,20470,0.45691964285714287,55,6.350769733946508
scene-0738,d3d94f2ce3dc4db4b3ba6f4aa81c3987,2cebcb6f26e847929064f29ca535935f,9bca74ae116c4cf0ae51518fe3000417,1535574131498681,False,34752,33766,0.3618612825788752,18098,0.021819540895061728,1.8657310200022101,33703,0.4212875,6739,4.211875,5.001187119750705,20396,0.45526785714285717,55,6.338223761415011
scene-0738,d3d94f2ce3dc4db4b3ba6f4aa81c3987,3f4e0dd6ed894790a6bbfec7dac11b5f,9bca74ae116c4cf0ae51518fe3000417,1535574131548432,False,34752,33749,0.36167909807956106,18109,0.02183280285493827,1.8636589541112154,33700,0.42125,6813,4.258125,4.946425950388963,17017,0.37984375,55,6.3262503927040745
scene-0738,d3d94f2ce3dc4db4b3ba6f4aa81c3987,ced94876271f45d48a8c9df1a5c3c580,9bca74ae116c4cf0ae51518fe3000417,1535574131598792,False,34752,33734,0.3615183470507545,18089,0.021808690200617285,1.8648902648018133,33689,0.4211125,6793,4.245625,4.959369939643751,17661,0.39421875,55,6.314582506781644
scene-0738,d3d94f2ce3dc4db4b3ba6f4aa81c3987,e266d27210f0435496085832132e0570,9bca74ae116c4cf0ae51518fe3000417,1535574131648527,False,34720,33656,0.3606824417009602,18111,0.021835214120370372,1.8583181491910994,33607,0.4200875,6823,4.264375,4.925545947530412,15085,0.33671875,55,6.3033026254558715
scene-0738,d3d94f2ce3dc4db4b3ba6f4aa81c3987,efe52468fa334fb3a4c4d87cee87b566,9bca74ae116c4cf0ae51518fe3000417,1535574131698847,True,34752,33725,0.3614218964334705,18060,0.021773726851851853,1.8673864894795127,33674,0.420925,6781,4.238125,4.965934227989972,20286,0.4528125,55,6.290893699582958
scene-0738,d3d94f2ce3dc4db4b3ba6f4aa81c3987,051d2618c1e34023b88ee9efcc70ddd0,ee5b13f5a08a40fdbe315778749b426c,1535574131748614,False,34720,33624,0.3603395061728395,18119,0.021844859182098764,1.8557315525139357,33581,0.4197625,6787,4.241875,4.947841461617799,20234,0.4516517857142857,50,6.563083525936015
scene-0738,d3d94f2ce3dc4db4b3ba6f4aa81c3987,6ef0d7b6a87b48f3b5b856a74dc4113b,ee5b13f5a08a40fdbe315778749b426c,1535574131798931,False,34752,33696,0.3611111111111111,18145,0.02187620563271605,1.857040507026729,33653,0.4206625,6880,4.3,4.891424418604651,16501,0.36832589285714284,50,6.545991794246446
scene-0738,d3d94f2ce3dc4db4b3ba6f4aa81c3987,894665a2cb014172a6e9157b68a452ab,ee5b13f5a08a40fdbe315778749b426c,1535574131848728,False,34720,33657,0.36069315843621397,18128,0.02185570987654321,1.8566306266548984,33595,0.4199375,6900,4.3125,4.868840579710145,14998,0.3347767857142857,50,6.534507245699849
scene-0738,d3d94f2ce3dc4db4b3ba6f4aa81c3987,bf111d156a8847c58f239e6f089f1f95,ee5b13f5a08a40fdbe315778749b426c,1535574131898464,False,34752,33700,0.3611539780521262,18192,0.02193287037037037,1.8524626209322779,33641,0.4205125,6904,4.315,4.872682502896871,20214,0.45120535714285714,50,6.528759250930316
scene-0738,d3d94f2ce3dc4db4b3ba6f4aa81c3987,9fe52a2625dd4a2f856608b218df3dfc,ee5b13f5a08a40fdbe315778749b426c,1535574131948795,False,34720,33665,0.36077889231824417,18109,0.02183280285493827,1.8590203766083162,33610,0.420125,6883,4.301875,4.88304518378614,20197,0.45082589285714286,50,6.528911094748294
scene-0738,d3d94f2ce3dc4db4b3ba6f4aa81c3987,6ad4e18da89e4a1eadcc8a06b72bf01a,ee5b13f5a08a40fdbe315778749b426c,1535574131998553,False,34752,33706,0.36121827846364885,18176,0.021913580246913582,1.8544234154929577,33648,0.4206,6879,4.299375,4.891408634976014,20164,0.4500892857142857,50,6.525304429421388
scene-0738,d3d94f2ce3dc4db4b3ba6f4aa81c3987,1ff724af20d24b1fb2a7a17f2b8bb9ec,ee5b13f5a08a40fdbe315778749b426c,1535574132048868,False,34720,33646,0.3605752743484225,18149,0.021881028163580247,1.8538762466251584,33598,0.419975,6885,4.303125,4.879883805374002,20146,0.4496875,50,6.526644398185006
scene-0738,d3d94f2ce3dc4db4b3ba6f4aa81c3987,5d6723632c0f4dbab5931d6aa12008f5,ee5b13f5a08a40fdbe315778749b426c,1535574132098657,False,34752,33667,0.3608003257887517,18170,0.021906346450617283,1.8528893780957623,33621,0.4202625,6922,4.32625,4.857122219011846,20077,0.44814732142857144,50,6.533824777199628
scene-0738,d3d94f2ce3dc4db4b3ba6f4aa81c3987,d1d9a5ac579540039e110c5d5fd64ae5,ee5b13f5a08a40fdbe315778749b426c,1535574132148987,False,34720,33623,0.36032878943758573,18065,0.021779755015432098,1.861223360088569,33577,0.4197125,6858,4.28625,4.896033829104695,20060,0.44776785714285716,50,6.546722858029494
scene-0738,d3d94f2ce3dc4db4b3ba6f4aa81c3987,e6ccba0a103148a081263dd45c77d757,ee5b13f5a08a40fdbe315778749b426c,1535574132198717,True,34752,33654,0.36066100823045266,18098,0.021819540895061728,1.8595424908829705,33605,0.4200625,6839,4.274375,4.91373007749671,20037,0.4472544642857143,50,6.564616411476006
scene-0738,d3d94f2ce3dc4db4b3ba6f4aa81c3987,efd9195139b1416082d08031f06ed5f4,a94e3cebd0cd4d18928958eb60ee25ff,1535574132249041,False,34752,33628,0.36038237311385457,18041,0.021750819830246914,1.8639764979768305,33589,0.4198625,6909,4.318125,4.861629758286293,20091,0.44845982142857144,47,6.7157366643885945
scene-0738,d3d94f2ce3dc4db4b3ba6f4aa81c3987,ed57b8ccc66b45a585a4f836b695a5d7,a94e3cebd0cd4d18928958eb60ee25ff,1535574132298815,False,34752,33602,0.36010373799725653,18003,0.021705005787037036,1.8664666999944455,33560,0.4195,6912,4.32,4.855324074074074,20010,0.4466517857142857,47,6.71785976196829
scene-0738,d3d94f2ce3dc4db4b3ba6f4aa81c3987,6da3e6f7d32c40b391a70c2ea87747ad,a94e3cebd0cd4d18928958eb60ee25ff,1535574132349157,False,34720,33601,0.36009302126200277,17982,0.0216796875,1.8685908130352575,33548,0.41935,6937,4.335625,4.836096295228485,19995,0.44631696428571427,47,6.721890375531582
scene-0738,d3d94f2ce3dc4db4b3ba6f4aa81c3987,5f2950f268884d38ac4d0ec7d63221d8,a94e3cebd0cd4d18928958eb60ee25ff,1535574132398932,False,34752,33647,0.3605859910836763,18118,0.021843653549382717,1.8571034330500056,33599,0.4199875,6959,4.349375,4.82813622646932,19953,0.4453794642857143,47,6.727780853234733
scene-0738,d3d94f2ce3dc4db4b3ba6f4aa81c3987,386572dbbf214619a1fb3361dc145876,a94e3cebd0cd4d18928958eb60ee25ff,1535574132449230,False,34720,33566,0.3597179355281207,17916,0.02160011574074074,1.873520875195356,33518,0.418975,6927,4.329375,4.8387469322939225,19958,0.4454910714285714,47,6.735694582407502
scene-0738,d3d94f2ce3dc4db4b3ba6f4aa81c3987,110c1157e0544f0aa774f193e0ec5860,a94e3cebd0cd4d18928958eb60ee25ff,1535574132499004,False,34720,33568,0.35973936899862824,17947,0.021637490354938272,1.8703961664902211,33510,0.418875,6936,4.335,4.831314878892734,19900,0.44419642857142855,47,6.745494138127251
scene-0738,d3d94f2ce3dc4db4b3ba6f4aa81c3987,3c1a6b52738c46a7945a050e96323a0e,a94e3cebd0cd4d18928958eb60ee25ff,1535574132548757,False,34752,33624,0.3603395061728395,18017,0.02172188464506173,1.8662374424154964,33567,0.4195875,6889,4.305625,4.872550442734795,19932,0.44491071428571427,47,6.757262267594067
scene-0738,d3d94f2ce3dc4db4b3ba6f4aa81c3987,f66451c1554848f4a057b5277d40584a,a94e3cebd0cd4d18928958eb60ee25ff,1535574132599059,False,34720,33565,0.35970721879286693,17925,0.021610966435185185,1.8725244072524407,33510,0.418875,6949,4.343125,4.822276586559217,19915,0.44453125,47,6.771168111533104
scene-0738,d3d94f2ce3dc4db4b3ba6f4aa81c3987,69c0fa709ae341778ed40478a79b35c5,a94e3cebd0cd4d18928958eb60ee25ff,1535574132648841,False,34752,33598,0.3600608710562414,17965,0.02165919174382716,1.8701920400779293,33541,0.4192625,7002,4.37625,4.7902027992002285,19889,0.44395089285714284,47,6.786905959650341
scene-0738,d3d94f2ce3dc4db4b3ba6f4aa81c3987,c3a2bab0c7f948c39e33b0a289531e32,a94e3cebd0cd4d18928958eb60ee25ff,1535574132699143,True,34752,33568,0.35973936899862824,17954,0.021645929783950617,1.8696669265901749,33508,0.41885,7076,4.4225,4.73544375353307,19846,0.4429910714285714,47,6.80477691510458
scene-0770,aedcd3cf7c4a49d7a4a43ab7443a9eb1,bbc3eda86d43455c8febaddd54a0d141,4cecbedd7c9c406ba5a0b22a3fa2e49c,1535657531048384,True,34688,33701,0.36116469478737995,17720,0.021363811728395063,1.9018623024830699,33658,0.420725,4549,2.843125,7.398988788744779,13718,0.3062053571428571,19,7.287571064606471
scene-0770,aedcd3cf7c4a49d7a4a43ab7443a9eb1,ad5275690b7a410795d3d1269324bf96,c5192d9d1f9b48fea113e58f83b93462,1535657531098181,False,34688,33712,0.36128257887517146,17734,0.021380690586419754,1.9009811661215743,33665,0.4208125,4554,2.84625,7.392402283706631,17837,0.39814732142857145,20,6.944126797216873
scene-0770,aedcd3cf7c4a49d7a4a43ab7443a9eb1,f6bee56b12cd4a878f4380703b655511,c5192d9d1f9b48fea113e58f83b93462,1535657531148470,False,34720,33723,0.36140046296296297,17783,0.021439766589506172,1.89636169375246,33680,0.421,4548,2.8425,7.405452946350044,15650,0.34933035714285715,20,6.9484957522476405
scene-0770,aedcd3cf7c4a49d7a4a43ab7443a9eb1,20cc49fa80ce4e9784d71b0b486d2c4f,c5192d9d1f9b48fea113e58f83b93462,1535657531198236,False,34688,33695,0.36110039437585734,17691,0.02132884837962963,1.9046407777966197,33654,0.420675,4567,2.854375,7.36895117144734,15706,0.3505803571428571,20,6.9528456734922015
scene-0770,aedcd3cf7c4a49d7a4a43ab7443a9eb1,7c144116ba8b44cd9c7f362e2d91fa63,c5192d9d1f9b48fea113e58f83b93462,1535657531248013,False,34720,33734,0.3615183470507545,17757,0.021408420138888887,1.8997578419778116,33696,0.4212,4573,2.858125,7.368467089438005,18170,0.4055803571428571,20,6.957222353185271
scene-0770,aedcd3cf7c4a49d7a4a43ab7443a9eb1,3c8fb1efa3d44e639b2f19d39bb944da,c5192d9d1f9b48fea113e58f83b93462,1535657531298333,False,34720,33729,0.3614647633744856,17778,0.021433738425925927,1.8972325345933176,33684,0.42105,4572,2.8575,7.36745406824147,18207,0.40640625,20,6.961672540247308
scene-0770,aedcd3cf7c4a49d7a4a43ab7443a9eb1,0e6e60e4658642ffb2f680d4a9bd41f2,c5192d9d1f9b48fea113e58f83b93462,1535657531348144,False,34720,33728,0.3614540466392318,17796,0.021455439814814816,1.8952573612047652,33682,0.421025,4552,2.845,7.3993848857644995,15719,0.3508705357142857,20,6.966102792008485
scene-0770,aedcd3cf7c4a49d7a4a43ab7443a9eb1,4d9038dc819a4f1e88455b12ecb01e31,c5192d9d1f9b48fea113e58f83b93462,1535657531398416,False,34720,33727,0.36144332990397804,17753,0.021403597608024693,1.8997915845209261,33686,0.421075,4549,2.843125,7.405143987689602,16126,0.35995535714285715,20,6.970598930072545
scene-0770,aedcd3cf7c4a49d7a4a43ab7443a9eb1,f640ec6daf684fb8b36e94752d3243fa,c5192d9d1f9b48fea113e58f83b93462,1535657531448194,False,34720,33740,0.3615826474622771,17738,0.021385513117283952,1.9021310181531177,33697,0.4212125,4572,2.8575,7.370297462817148,13806,0.3081696428571429,20,6.975075129943562
scene-0770,aedcd3cf7c4a49d7a4a43ab7443a9eb1,3056a87b3f06487381ab6e36ef550a38,c5192d9d1f9b48fea113e58f83b93462,1535657531497937,False,34720,33735,0.36152906378600824,17703,0.02134331597222222,1.9056092187764786,33690,0.421125,4552,2.845,7.401142355008787,17945,0.4005580357142857,20,6.979571914439338
scene-0770,aedcd3cf7c4a49d7a4a43ab7443a9eb1,68f934f76cea47b582efc610669bbc3a,c5192d9d1f9b48fea113e58f83b93462,1535657531548257,True,34752,33769,0.3618934327846365,17754,0.02140480324074074,1.9020502421989411,33726,0.421575,4550,2.84375,7.412307692307692,16335,0.3646205357142857,20,6.9841446443768005
scene-0770,aedcd3cf7c4a49d7a4a43ab7443a9eb1,6a0c4fff4413478887c2fa9040c9c3e8,5d87a06dde9043d4a6a49c252a57b195,1535657531598041,False,34752,33766,0.3618612825788752,17722,0.02136622299382716,1.9053154271526915,33720,0.4215,4572,2.8575,7.375328083989501,18245,0.40725446428571427,22,6.3284977574526655
scene-0770,aedcd3cf7c4a49d7a4a43ab7443a9eb1,2c51e725110448399bce7ef0b4f711cf,5d87a06dde9043d4a6a49c252a57b195,1535657531648363,False,34720,33733,0.3615076303155007,17734,0.021380690586419754,1.902165332130371,33688,0.4211,4558,2.84875,7.390960947784116,15487,0.3456919642857143,22,6.335383404590663
scene-0770,aedcd3cf7c4a49d7a4a43ab7443a9eb1,850f2e4bbf7648419503646b48f6b7f7,5d87a06dde9043d4a6a49c252a57b195,1535657531698109,False,34752,33762,0.3618184156378601,17757,0.021408420138888887,1.901334684912992,33724,0.42155,4536,2.835,7.434744268077601,18260,0.4075892857142857,22,6.3422210392925225
scene-0770,aedcd3cf7c4a49d7a4a43ab7443a9eb1,1ea64e0e63454f8faacf666a68fb96c3,5d87a06dde9043d4a6a49c252a57b195,1535657531748449,False,34752,33755,0.36174339849108367,17771,0.021425298996913582,1.8994429126104326,33708,0.42135,4516,2.8225,7.464127546501329,13743,0.3067633928571429,22,6.349171170433244
scene-0770,aedcd3cf7c4a49d7a4a43ab7443a9eb1,e823eaab25f7416ab7cf313a851df626,5d87a06dde9043d4a6a49c252a57b195,1535657531798226,False,34752,33758,0.361775548696845,17742,0.02139033564814815,1.902716717393755,33712,0.4214,4537,2.835625,7.430460656821689,18107,0.4041741071428571,22,6.356073785736704
scene-0770,aedcd3cf7c4a49d7a4a43ab7443a9eb1,84d5ef33e7054e7096742727d138871c,5d87a06dde9043d4a6a49c252a57b195,1535657531848516,False,34752,33755,0.36174339849108367,17755,0.02140600887345679,1.9011546043368066,33707,0.4213375,4548,2.8425,7.411389621811786,18237,0.40707589285714285,22,6.3630777633367845
scene-0770,aedcd3cf7c4a49d7a4a43ab7443a9eb1,605b8efe2da24c1996164ef5bfc4f4c4,5d87a06dde9043d4a6a49c252a57b195,1535657531898299,False,34752,33754,0.3617326817558299,17814,0.021477141203703705,1.8948018412484562,33712,0.4214,4573,2.858125,7.3719658867264375,18234,0.40700892857142856,22,6.370040786883617
scene-0770,aedcd3cf7c4a49d7a4a43ab7443a9eb1,06616a118b244f9c9fd44d98ed3dbfb2,5d87a06dde9043d4a6a49c252a57b195,1535657531948610,False,34752,33769,0.3618934327846365,17724,0.02136863425925926,1.9052696908147144,33727,0.4215875,4548,2.8425,7.415787159190853,18271,0.4078348214285714,22,6.377107386422072
scene-0770,aedcd3cf7c4a49d7a4a43ab7443a9eb1,543b559bc06c47e4bd968634af9c1efa,5d87a06dde9043d4a6a49c252a57b195,1535657531998365,False,34784,33799,0.36221493484224965,17731,0.021377073688271606,1.9062094636512323,33755,0.4219375,4550,2.84375,7.418681318681319,18216,0.40660714285714283,22,6.38258544449647
scene-0770,aedcd3cf7c4a49d7a4a43ab7443a9eb1,d6d3f436f0844c9aa963f7f4e083531c,5d87a06dde9043d4a6a49c252a57b195,1535657532048690,True,34752,33769,0.3618934327846365,17778,0.021433738425925927,1.8994825064686691,33724,0.42155,4559,2.849375,7.397236236016671,18130,0.4046875,22,6.385061562748154
scene-0770,aedcd3cf7c4a49d7a4a43ab7443a9eb1,b700b7637f7c471aa9b912e198ef2534,d896aceac8b64fa98256a05d833756f7,1535657532098450,False,34752,33752,0.36171124828532236,17759,0.021410831404320988,1.900557463821161,33707,0.4213375,4555,2.846875,7.4,18256,0.4075,22,6.387067019367152
scene-0770,aedcd3cf7c4a49d7a4a43ab7443a9eb1,8509b76244c94afe8d0e32379ef2ed73,d896aceac8b64fa98256a05d833756f7,1535657532148781,False,34752,33768,0.3618827160493827,17733,0.021379484953703703,1.9042463204195568,33729,0.4216125,4541,2.838125,7.427659105923805,17808,0.3975,22,6.389104791733084
scene-0770,aedcd3cf7c4a49d7a4a43ab7443a9eb1,8be527f3aef04b01b5b87b1e8152c773,d896aceac8b64fa98256a05d833756f7,1535657532198553,False,34752,33756,0.36175411522633744,17821,0.02148558063271605,1.8941697996745412,33709,0.4213625,4531,2.831875,7.439638048995807,16564,0.36973214285714284,22,6.391128974544031
scene-0770,aedcd3cf7c4a49d7a4a43ab7443a9eb1,3592ecac45e6440e836493ba2e2f96af,d896aceac8b64fa98256a05d833756f7,1535657532248865,False,34752,33770,0.36190414951989025,17737,0.0213843074845679,1.9039296386085585,33727,0.4215875,4572,2.8575,7.376859142607174,13748,0.306875,22,6.393184104105661
scene-0770,aedcd3cf7c4a49d7a4a43ab7443a9eb1,53e3c7ac96e5471892b9452880454aa6,d896aceac8b64fa98256a05d833756f7,1535657532298672,False,34720,33745,0.3616362311385459,17710,0.021351755401234566,1.9054206662902315,33701,0.4212625,4566,2.85375,7.3808585194918965,13756,0.3070535714285714,22,6.395227358044499
scene-0770,aedcd3cf7c4a49d7a4a43ab7443a9eb1,919d4442db25453ab4782be594e48f87,d896aceac8b64fa98256a05d833756f7,1535657532348946,False,34752,33774,0.3619470164609053,17757,0.021408420138888887,1.9020104747423552,33735,0.4216875,4551,2.844375,7.412656558998022,17844,0.3983035714285714,22,6.396037008359884
scene-0770,aedcd3cf7c4a49d7a4a43ab7443a9eb1,6ce2847338494235a2b411146bb45a73,d896aceac8b64fa98256a05d833756f7,1535657532398725,False,34752,33769,0.3618934327846365,17789,0.02144700038580247,1.8983079431109113,33731,0.4216375,4552,2.845,7.410149384885765,18207,0.40640625,22,6.396514894194593
scene-0770,aedcd3cf7c4a49d7a4a43ab7443a9eb1,d12468282b2648abb9c06e59dbee1875,d896aceac8b64fa98256a05d833756f7,1535657532449039,False,34752,33749,0.36167909807956106,17831,0.021497636959876543,1.8927149346643486,33702,0.421275,4539,2.836875,7.424983476536682,18223,0.40676339285714286,22,6.397008010189788
scene-0770,aedcd3cf7c4a49d7a4a43ab7443a9eb1,258b5499fdf24e81b8ccd080524387f4,d896aceac8b64fa98256a05d833756f7,1535657532498794,False,34720,33744,0.36162551440329216,17736,0.02138310185185185,1.902571041948579,33703,0.4212875,4553,2.845625,7.402372062376455,17640,0.39375,22,6.397505524376691
scene-0770,aedcd3cf7c4a49d7a4a43ab7443a9eb1,7287c7630671472290ba0f8cea4f6fc8,d896aceac8b64fa98256a05d833756f7,1535657532549117,True,34720,33723,0.36140046296296297,17734,0.021380690586419754,1.9016014435547537,33680,0.421,4552,2.845,7.398945518453427,18094,0.4038839285714286,22,6.398018609718625
scene-0770,aedcd3cf7c4a49d7a4a43ab7443a9eb1,bdf8afa64f1d4e859859045ea6a0bccb,9935b3e1d5404e338da4cde9f18bed45,1535657532598879,False,34720,33726,0.36143261316872427,17698,0.021337287808641976,1.9056390552604814,33686,0.421075,4551,2.844375,7.401889694572621,16752,0.37392857142857144,24,7.697738680879387
scene-0770,aedcd3cf7c4a49d7a4a43ab7443a9eb1,430384a6ca2e49c5abca6e888df89911,9935b3e1d5404e338da4cde9f18bed45,1535657532648648,False,34720,33741,0.36159336419753085,17727,0.02137225115740741,1.9033677441191403,33699,0.4212375,4529,2.830625,7.4407153897107525,18238,0.4070982142857143,24,7.6980477108952785
scene-0770,aedcd3cf7c4a49d7a4a43ab7443a9eb1,45e4a39bf19e4c3184419dcb717be56f,9935b3e1d5404e338da4cde9f18bed45,1535657532698980,False,34688,33714,0.361304012345679,17728,0.021373456790123455,1.9017373646209386,33673,0.4209125,4559,2.849375,7.386049572274621,18237,0.40707589285714285,24,7.69838208774672
scene-0770,aedcd3cf7c4a49d7a4a43ab7443a9eb1,f61a0fb5df8344feacb1e0edc4824e4e,9935b3e1d5404e338da4cde9f18bed45,1535657532748744,False,34720,33731,0.36148619684499317,17768,0.02142168209876543,1.8984128770823954,33684,0.42105,4556,2.8475,7.39332748024583,18210,0.4064732142857143,24,7.698734194837385
scene-0770,aedcd3cf7c4a49d7a4a43ab7443a9eb1,a36f57ce3b744ce083a6f0aa76dadf80,9935b3e1d5404e338da4cde9f18bed45,1535657532799052,False,34688,33708,0.3612397119341564,17674,0.02130835262345679,1.9072083286183095,33671,0.4208875,4547,2.841875,7.4051022652298215,18248,0.40732142857142856,24,7.699111788553375
scene-0770,aedcd3cf7c4a49d7a4a43ab7443a9eb1,8e379034dfc4493a8f62a7398dd8afbf,9935b3e1d5404e338da4cde9f18bed45,1535657532848821,False,34720,33742,0.3616040809327846,17721,0.02136501736111111,1.904068619152418,33699,0.4212375,4547,2.841875,7.4112601715416755,16251,0.3627455357142857,24,7.699506653684722
scene-0770,aedcd3cf7c4a49d7a4a43ab7443a9eb1,7b9908525b7548c493cac6c26036b5c6,9935b3e1d5404e338da4cde9f18bed45,1535657532898620,False,34720,33747,0.3616576646090535,17767,0.021420476466049384,1.899420273540834,33706,0.421325,4575,2.859375,7.367431693989071,14462,0.3228125,24,7.699922893382804
scene-0770,aedcd3cf7c4a49d7a4a43ab7443a9eb1,747d4b8a17b640da936f8aeeb8685950,9935b3e1d5404e338da4cde9f18bed45,1535657532998676,False,34496,33507,0.35908564814814814,17549,0.021157648533950617,1.9093395635078922,33462,0.418275,4563,2.851875,7.333333333333333,16525,0.36886160714285715,24,7.700822798078039
scene-0770,aedcd3cf7c4a49d7a4a43ab7443a9eb1,fb8cca93c5594222856f6e07012cfcdd,9935b3e1d5404e338da4cde9f18bed45,1535657533049008,True,34720,33731,0.36148619684499317,17712,0.021354166666666667,1.9044150858175248,33691,0.4211375,4551,2.844375,7.402988354207866,18245,0.40725446428571427,24,7.701307440095629
scene-0770,aedcd3cf7c4a49d7a4a43ab7443a9eb1,7db7846d3cb44ae5a5cc0273ffc0fbee,367b4ca67af641bfb3ac5f779c7bdc2e,1535657533098778,False,34752,33764,0.36183984910836764,17805,0.02146629050925926,1.8963212580735749,33716,0.42145,4544,2.84,7.419894366197183,13741,0.30671875,25,7.251628678562764
scene-0770,aedcd3cf7c4a49d7a4a43ab7443a9eb1,aec944b8f21f46f98942af4fbef81e92,367b4ca67af641bfb3ac5f779c7bdc2e,1535657533149083,False,34720,33748,0.3616683813443073,17786,0.02144338348765432,1.8974474305633644,33708,0.42135,4561,2.850625,7.390484542863407,15704,0.3505357142857143,25,7.2523660082163754
scene-0770,aedcd3cf7c4a49d7a4a43ab7443a9eb1,424a13209b2c4ad7acaa58c426bf1f43,367b4ca67af641bfb3ac5f779c7bdc2e,1535657533198872,False,34752,33753,0.36172196502057613,17782,0.021438560956790125,1.898155438083455,33706,0.421325,4540,2.8375,7.424229074889868,18199,0.40622767857142855,25,7.253151220151516
scene-0770,aedcd3cf7c4a49d7a4a43ab7443a9eb1,d74478f16d824c30a67653fba9c09d41,367b4ca67af641bfb3ac5f779c7bdc2e,1535657533249165,False,34752,33770,0.36190414951989025,17739,0.02138671875,1.9037149782964091,33724,0.42155,4579,2.861875,7.36492683992138,13790,0.3078125,25,7.253999554262339
scene-0770,aedcd3cf7c4a49d7a4a43ab7443a9eb1,97937127edf34075a338f4c8679dda98,367b4ca67af641bfb3ac5f779c7bdc2e,1535657533298954,False,34720,33755,0.36174339849108367,17737,0.0213843074845679,1.9030839488075775,33712,0.4214,4576,2.86,7.3671328671328675,13778,0.30754464285714284,25,7.254893209287513
scene-0770,aedcd3cf7c4a49d7a4a43ab7443a9eb1,aaa6912d8dc94b1aa6d53ada55fcc61b,367b4ca67af641bfb3ac5f779c7bdc2e,1535657533348721,False,34752,33758,0.361775548696845,17756,0.02140721450617284,1.9012164902004955,33713,0.4214125,4550,2.84375,7.40945054945055,18217,0.4066294642857143,25,7.255839207632655
scene-0770,aedcd3cf7c4a49d7a4a43ab7443a9eb1,b4e7908e3b0f40f5b0fcd1f0d93726af,367b4ca67af641bfb3ac5f779c7bdc2e,1535657533399033,False,34720,33742,0.3616040809327846,17755,0.02140600887345679,1.9004224162207828,33698,0.421225,4573,2.858125,7.36890443909906,17306,0.3862946428571429,25,7.256848387365138
scene-0770,aedcd3cf7c4a49d7a4a43ab7443a9eb1,f2102d7d03e3474fae8b7004f56f0f3a,367b4ca67af641bfb3ac5f779c7bdc2e,1535657533448780,False,34720,33743,0.3616147976680384,17715,0.021357783564814815,1.9047699689528648,33700,0.42125,4541,2.838125,7.421272847390442,13740,0.3066964285714286,25,7.2578977028441045
scene-0770,aedcd3cf7c4a49d7a4a43ab7443a9eb1,6d28114cba114301b8c8ec6a4b59e63c,367b4ca67af641bfb3ac5f779c7bdc2e,1535657533499100,False,34720,33731,0.36148619684499317,17777,0.021432532793209877,1.8974517635146537,33685,0.4210625,4541,2.838125,7.417969610218013,13778,0.30754464285714284,25,7.2590104251709
scene-0770,aedcd3cf7c4a49d7a4a43ab7443a9eb1,862941cefc594bbe9de56b6ab1a20291,367b4ca67af641bfb3ac5f779c7bdc2e,1535657533548877,True,34688,33714,0.361304012345679,17751,0.021401186342592592,1.8992732803785701,33668,0.42085,4566,2.85375,7.373631187034603,13799,0.30801339285714285,25,7.260161202422077
scene-0770,aedcd3cf7c4a49d7a4a43ab7443a9eb1,f2f883b885494989b731780472a2668c,c8032757825d403380b8ca0ffd63a149,1535657533598656,False,34720,33734,0.3615183470507545,17730,0.021375868055555556,1.9026508742244783,33692,0.42115,4537,2.835625,7.426052457571082,13825,0.30859375,25,7.259759800980792
scene-0770,aedcd3cf7c4a49d7a4a43ab7443a9eb1,e16d00c5d8724edcb5b98819a86b344e,c8032757825d403380b8ca0ffd63a149,1535657533648958,False,34720,33740,0.3615826474622771,17728,0.021373456790123455,1.9032039711191335,33699,0.4212375,4556,2.8475,7.396619841966637,18171,0.40560267857142857,25,7.259391027113968
scene-0770,aedcd3cf7c4a49d7a4a43ab7443a9eb1,0d71b7cfdd2549ebaa5f62f3cbd4a4a1,c8032757825d403380b8ca0ffd63a149,1535657533698733,False,34752,33760,0.36179698216735257,17751,0.021401186342592592,1.9018646836797928,33718,0.421475,4559,2.849375,7.39592015792937,18169,0.4055580357142857,25,7.2590623402058645
scene-0770,aedcd3cf7c4a49d7a4a43ab7443a9eb1,31f378777f8646498b228cf46733faef,c8032757825d403380b8ca0ffd63a149,1535657533749044,False,34720,33732,0.36149691358024694,17751,0.021401186342592592,1.9002873077573095,33693,0.4211625,4552,2.845,7.401801405975395,18242,0.4071875,25,7.258766492018758
scene-0770,aedcd3cf7c4a49d7a4a43ab7443a9eb1,3594a93840bd4fe18f6d7c51118c613f,c8032757825d403380b8ca0ffd63a149,1535657533798824,False,34752,33777,0.3619791666666667,17732,0.021378279320987653,1.9048612677644936,33732,0.42165,4561,2.850625,7.39574654680991,18205,0.40636160714285713,25,7.258509526066539
scene-0770,aedcd3cf7c4a49d7a4a43ab7443a9eb1,442c610feaa2407a847c18157d58be64,c8032757825d403380b8ca0ffd63a149,1535657533849128,False,34720,33748,0.3616683813443073,17724,0.02136863425925926,1.9040848566914919,33705,0.4213125,4560,2.85,7.391447368421052,18256,0.4075,25,7.258285748490067
scene-0770,aedcd3cf7c4a49d7a4a43ab7443a9eb1,4addbd663bb343dbb6fe5834bdd3bf8a,c8032757825d403380b8ca0ffd63a149,1535657533898935,False,34752,33778,0.36198988340192045,17776,0.021431327160493827,1.9002025202520252,33741,0.4217625,4545,2.840625,7.423762376237624,16876,0.3766964285714286,25,7.258099492272208
scene-0770,aedcd3cf7c4a49d7a4a43ab7443a9eb1,0b91ae511db24582ab25a78103de566b,c8032757825d403380b8ca0ffd63a149,1535657533949216,False,34752,33770,0.36190414951989025,17758,0.021409625771604938,1.901678116905057,33733,0.4216625,4521,2.825625,7.461402344614023,17914,0.39986607142857145,25,7.257946860671998
scene-0770,aedcd3cf7c4a49d7a4a43ab7443a9eb1,47e3d8cda07f40f7bcb06cfe1dd5cd65,c8032757825d403380b8ca0ffd63a149,1535657533998979,False,34752,33770,0.36190414951989025,17773,0.02142771026234568,1.9000731446576267,33734,0.421675,4537,2.835625,7.435309675997355,18266,0.4077232142857143,25,7.257830580795431
scene-0770,aedcd3cf7c4a49d7a4a43ab7443a9eb1,541e3dfa728a4251b2d3047f4f7febb7,c8032757825d403380b8ca0ffd63a149,1535657534049301,True,34752,33765,0.3618505658436214,17718,0.021361400462962962,1.9056891296986116,33723,0.4215375,4547,2.841875,7.416538376951836,18260,0.4075892857142857,25,7.257747937794366
scene-0770,aedcd3cf7c4a49d7a4a43ab7443a9eb1,684d86308dd94285974de6282a9624aa,20c96f7aefb04874ae046f7e2a04d7ea,1535657534099082,False,34784,33798,0.3622042181069959,17731,0.021377073688271606,1.9061530652529468,33753,0.4219125,4545,2.840625,7.426402640264026,18249,0.40734375,24,7.488396172739821
scene-0770,aedcd3cf7c4a49d7a4a43ab7443a9eb1,e818eb3ba36f40e594aed258b938d3f7,20c96f7aefb04874ae046f7e2a04d7ea,1535657534149382,False,34752,33770,0.36190414951989025,17759,0.021410831404320988,1.9015710344050905,33726,0.421575,4525,2.828125,7.453259668508287,17248,0.385,24,7.485223253541743
scene-0770,aedcd3cf7c4a49d7a4a43ab7443a9eb1,e2e373d8f49549f48c3fecdac1ef7162,20c96f7aefb04874ae046f7e2a04d7ea,1535657534199167,False,34752,33771,0.361914866255144,17763,0.021415653935185186,1.9011991217699713,33732,0.42165,4549,2.843125,7.415256100241812,14218,0.31736607142857143,24,7.482095578036
scene-0770,aedcd3cf7c4a49d7a4a43ab7443a9eb1,6185af7915834e20829a47ca4fbd0dce,20c96f7aefb04874ae046f7e2a04d7ea,1535657534249471,False,34784,33810,0.36233281893004116,17765,0.021418065200617283,1.903180410920349,33765,0.4220625,4549,2.843125,7.422510441855353,18261,0.40761160714285716,24,7.478948287451154
scene-0770,aedcd3cf7c4a49d7a4a43ab7443a9eb1,abe81582b6cf4142aceca66f0484287b,20c96f7aefb04874ae046f7e2a04d7ea,1535657534299233,False,34752,33773,0.36193629972565156,17732,0.021378279320987653,1.9046356868937515,33735,0.4216875,4552,2.845,7.411028119507908,13765,0.3072544642857143,24,7.475847853442857
scene-0770,aedcd3cf7c4a49d7a4a43ab7443a9eb1,8b5a572a73fd4facaafd150af4536660,20c96f7aefb04874ae046f7e2a04d7ea,1535657534349587,False,34784,33796,0.36218278463648834,17746,0.021395158179012344,1.904429167136256,33749,0.4218625,4567,2.854375,7.3897525728049045,14908,0.3327678571428571,24,7.472723742412147
scene-0770,aedcd3cf7c4a49d7a4a43ab7443a9eb1,6e672ec3229842e0940549fe4b300404,20c96f7aefb04874ae046f7e2a04d7ea,1535657534399338,False,34752,33774,0.3619470164609053,17785,0.021442177854938273,1.8990160247399495,33736,0.4217,4550,2.84375,7.4145054945054945,18265,0.40770089285714284,24,7.46965019153723
scene-0770,aedcd3cf7c4a49d7a4a43ab7443a9eb1,5d90e60020a74a4fb4786ab321064be8,20c96f7aefb04874ae046f7e2a04d7ea,1535657534449660,False,34784,33806,0.3622899519890261,17792,0.021450617283950618,1.9000674460431655,33762,0.422025,4568,2.855,7.390980735551664,18205,0.40636160714285713,24,7.466554762364822
scene-0770,aedcd3cf7c4a49d7a4a43ab7443a9eb1,1db3f73910ef402980e4c838dbe4104c,20c96f7aefb04874ae046f7e2a04d7ea,1535657534499979,False,34784,33798,0.3622042181069959,17740,0.02138792438271605,1.9051860202931228,33754,0.421925,4559,2.849375,7.403816626453169,17667,0.3943526785714286,24,7.463473094032505
scene-0770,aedcd3cf7c4a49d7a4a43ab7443a9eb1,3fcf21766c3f4fcd92f403346d9c3877,20c96f7aefb04874ae046f7e2a04d7ea,1535657534549750,True,34752,33764,0.36183984910836764,17753,0.021403597608024693,1.9018757393116656,33723,0.4215375,4538,2.83625,7.4312472454825915,18200,0.40625,24,7.460438444410957
scene-0770,aedcd3cf7c4a49d7a4a43ab7443a9eb1,490249f32c924a41ad3cf0de2dd8b963,ace447c9909a4d5e9e7b64d1155774ba,1535657534600070,False,34752,33753,0.36172196502057613,17735,0.021381896219135804,1.9031857908091345,33708,0.42135,4536,2.835,7.431216931216931,17960,0.40089285714285716,24,7.457259434555843
scene-0770,aedcd3cf7c4a49d7a4a43ab7443a9eb1,5125fd672bb64a5db2fd35f9dc8b964f,ace447c9909a4d5e9e7b64d1155774ba,1535657534649838,False,34752,33773,0.36193629972565156,17761,0.021413242669753085,1.9015258149878949,33727,0.4215875,4558,2.84875,7.39951733216323,17844,0.3983035714285714,24,7.454129810022592
scene-0770,aedcd3cf7c4a49d7a4a43ab7443a9eb1,865a8333dd974918b3b76e81c063a364,ace447c9909a4d5e9e7b64d1155774ba,1535657534700140,False,34720,33745,0.3616362311385459,17749,0.021398775077160495,1.9012338723308355,33702,0.421275,4579,2.861875,7.360122297444857,17569,0.3921651785714286,24,7.450981387693667
scene-0770,aedcd3cf7c4a49d7a4a43ab7443a9eb1,3378a62c951c4ce0ab5bc79930af7408,ace447c9909a4d5e9e7b64d1155774ba,1535657534749900,False,34720,33724,0.36141117969821673,17747,0.021396363811728394,1.9002648334929848,33680,0.421,4551,2.844375,7.400571303010327,18242,0.4071875,24,7.447881627214442
scene-0770,aedcd3cf7c4a49d7a4a43ab7443a9eb1,e4b548c5787e4ee1bfc9bb789bbc6686,ace447c9909a4d5e9e7b64d1155774ba,1535657534799680,False,34720,33726,0.36143261316872427,17715,0.021357783564814815,1.9038103302286198,33683,0.4210375,4533,2.833125,7.43061989852195,18240,0.40714285714285714,24,7.444795403544166
scene-0770,aedcd3cf7c4a49d7a4a43ab7443a9eb1,4ec65a207ada481aa46ed9366ee1e53c,ace447c9909a4d5e9e7b64d1155774ba,1535657534850019,False,34720,33734,0.3615183470507545,17684,0.021320408950617285,1.9076000904772676,33694,0.421175,4553,2.845625,7.400395343729409,13681,0.3053794642857143,24,7.441689677374607
scene-0770,aedcd3cf7c4a49d7a4a43ab7443a9eb1,1a39170a8ac74ffea0bd76714e008782,ace447c9909a4d5e9e7b64d1155774ba,1535657534899771,False,34688,33715,0.36131472908093276,17727,0.02137225115740741,1.901901054888024,33669,0.4208625,4575,2.859375,7.359344262295082,13725,0.30636160714285715,24,7.438635257318797
scene-0770,aedcd3cf7c4a49d7a4a43ab7443a9eb1,4aa0a08931ea44f591f38173f13ff601,ace447c9909a4d5e9e7b64d1155774ba,1535657534950070,False,34720,33729,0.3614647633744856,17711,0.021352961033950617,1.9044096888939077,33687,0.4210875,4541,2.838125,7.418410041841004,18123,0.40453125,24,7.435562625044812
scene-0770,aedcd3cf7c4a49d7a4a43ab7443a9eb1,00e6fa61d72d424f9acbc12a7e0f99ba,ace447c9909a4d5e9e7b64d1155774ba,1535657534999834,False,34720,33725,0.3614218964334705,17747,0.021396363811728394,1.9003211810446836,33683,0.4210375,4552,2.845,7.399604569420035,15989,0.35689732142857145,24,7.432538000717117
scene-0770,aedcd3cf7c4a49d7a4a43ab7443a9eb1,b87d5b5f0dd246b9a39e1b9dd5b0ca5f,ace447c9909a4d5e9e7b64d1155774ba,1535657535049605,True,34688,33713,0.3612932956104252,17739,0.02138671875,1.9005017193753875,33668,0.42085,4562,2.85125,7.38009644892591,18194,0.4061160714285714,24,7.42952831639854
scene-0770,aedcd3cf7c4a49d7a4a43ab7443a9eb1,4fb4ff458d6042cbb90b8db1faa53949,2fa2a2c26d174462a4847284e6b4dbd6,1535657535099938,False,34720,33723,0.36140046296296297,17722,0.02136622299382716,1.9028890644396794,33682,0.421025,4543,2.839375,7.414043583535109,17193,0.38377232142857143,24,7.4261965379334285
scene-0770,aedcd3cf7c4a49d7a4a43ab7443a9eb1,13afcbe38c18421caad67017b8f5d994,2fa2a2c26d174462a4847284e6b4dbd6,1535657535149706,False,34688,33698,0.36113254458161864,17727,0.02137225115740741,1.9009420657753708,33653,0.4206625,4570,2.85625,7.3638949671772425,14730,0.3287946428571429,24,7.422941804049354
scene-0770,aedcd3cf7c4a49d7a4a43ab7443a9eb1,019b1b5475754fc49eda9136663ae3e3,2fa2a2c26d174462a4847284e6b4dbd6,1535657535199465,False,34720,33725,0.3614218964334705,17710,0.021351755401234566,1.9042913608131,33681,0.4210125,4554,2.84625,7.395915678524374,15011,0.3350669642857143,24,7.419727841158696
scene-0770,aedcd3cf7c4a49d7a4a43ab7443a9eb1,7ef726620b1145538a4798ddc45f85c0,2fa2a2c26d174462a4847284e6b4dbd6,1535657535249783,False,34720,33742,0.3616040809327846,17722,0.02136622299382716,1.9039611781965917,33701,0.4212625,4531,2.831875,7.437872434341205,13721,0.3062723214285714,24,7.416519453212583
scene-0770,aedcd3cf7c4a49d7a4a43ab7443a9eb1,8b79fe8c6121452ea50fd811f7eac969,2fa2a2c26d174462a4847284e6b4dbd6,1535657535299538,False,34688,33710,0.3612611454046639,17742,0.02139033564814815,1.9000112726862812,33663,0.4207875,4586,2.86625,7.3403837767117315,13751,0.3069419642857143,24,7.413389029444988
scene-0770,aedcd3cf7c4a49d7a4a43ab7443a9eb1,ee1d03446f844d25be0c02713efb976b,2fa2a2c26d174462a4847284e6b4dbd6,1535657535349861,False,34720,33735,0.36152906378600824,17656,0.0212866512345679,1.9106819211599457,33693,0.4211625,4544,2.84,7.414832746478873,13726,0.3063839285714286,24,7.410266326488941
scene-0770,aedcd3cf7c4a49d7a4a43ab7443a9eb1,0420283125fd44e583506c1292dd93ed,2fa2a2c26d174462a4847284e6b4dbd6,1535657535399628,False,34720,33738,0.36156121399176955,17727,0.02137225115740741,1.9031985107463192,33700,0.42125,4564,2.8525,7.38387379491674,13736,0.30660714285714286,24,7.407222049107123
scene-0770,aedcd3cf7c4a49d7a4a43ab7443a9eb1,ef86f539f56145a28b9572d5855896dd,2fa2a2c26d174462a4847284e6b4dbd6,1535657535449405,False,34720,33750,0.3616898148148148,17785,0.021442177854938273,1.897666572954737,33708,0.42135,4557,2.848125,7.396971691902568,17343,0.38712053571428573,24,7.404018100362241
scene-0770,aedcd3cf7c4a49d7a4a43ab7443a9eb1,c0d24e7d262e4aaf94e772494330ff3e,2fa2a2c26d174462a4847284e6b4dbd6,1535657535499734,False,34720,33725,0.3614218964334705,17733,0.021379484953703703,1.9018214628094514,33682,0.421025,4555,2.846875,7.394511525795829,18096,0.4039285714285714,24,7.399514188385969
scene-0770,aedcd3cf7c4a49d7a4a43ab7443a9eb1,6dc136582dfd4cd0ac5c1543eae8902d,2fa2a2c26d174462a4847284e6b4dbd6,1535657535549517,True,34752,33764,0.36183984910836764,17735,0.021381896219135804,1.90380603326755,33726,0.421575,4536,2.835,7.435185185185185,16396,0.36598214285714287,24,7.395105809002338
scene-0770,aedcd3cf7c4a49d7a4a43ab7443a9eb1,cf91d954225a48fb99925ab35d71c85e,297c52902a384b84ba179f3160ac54e9,1535657535599798,False,34752,33768,0.3618827160493827,17792,0.021450617283950618,1.897931654676259,33731,0.4216375,4551,2.844375,7.4117776312898265,16382,0.3656696428571429,24,7.390822701726743
scene-0770,aedcd3cf7c4a49d7a4a43ab7443a9eb1,a3780c574ff1429e8299be97425d0109,297c52902a384b84ba179f3160ac54e9,1535657535649572,False,34752,33777,0.3619791666666667,17765,0.021418065200617283,1.9013228257810302,33736,0.4217,4542,2.83875,7.427564949361515,18277,0.40796875,24,7.386695070890809
scene-0770,aedcd3cf7c4a49d7a4a43ab7443a9eb1,e4a38f4b60f349cba44c8221f031cf17,297c52902a384b84ba179f3160ac54e9,1535657535699913,False,34784,33810,0.36233281893004116,17768,0.02142168209876543,1.9028590724898695,33764,0.42205,4571,2.856875,7.386567490702253,13745,0.3068080357142857,24,7.382635687509499
scene-0770,aedcd3cf7c4a49d7a4a43ab7443a9eb1,511e112636174bd1ba6dd6b2c3620349,297c52902a384b84ba179f3160ac54e9,1535657535749667,False,34752,33770,0.36190414951989025,17752,0.021402391975308643,1.9023208652546193,33733,0.4216625,4567,2.854375,7.386249178892052,18274,0.4079017857142857,24,7.378739206526231
scene-0770,aedcd3cf7c4a49d7a4a43ab7443a9eb1,189e28427b574dc08be4462489227d7e,297c52902a384b84ba179f3160ac54e9,1535657535799971,False,34784,33803,0.3622578017832647,17752,0.021402391975308643,1.904179810725552,33755,0.4219375,4555,2.846875,7.410537870472009,13872,0.30964285714285716,24,7.374918214159915
scene-0770,aedcd3cf7c4a49d7a4a43ab7443a9eb1,1e1d562a9cf54df89ff0d29bce6c142f,297c52902a384b84ba179f3160ac54e9,1535657535850338,False,34752,33763,0.36182913237311387,17783,0.021439766589506172,1.8986110330090535,33717,0.4214625,4525,2.828125,7.451270718232045,14408,0.32160714285714287,24,7.371213722361474
scene-0770,aedcd3cf7c4a49d7a4a43ab7443a9eb1,13a9db83a41c428dbf12bbba345865fd,297c52902a384b84ba179f3160ac54e9,1535657535900062,False,34752,33751,0.3617005315500686,17809,0.021471113040123457,1.8951653658262677,33708,0.42135,4546,2.84125,7.4148702155741315,16396,0.36598214285714287,24,7.367677465822152
scene-0770,aedcd3cf7c4a49d7a4a43ab7443a9eb1,913184d4d6bb419dbbb8e3fc8054a32b,297c52902a384b84ba179f3160ac54e9,1535657535950381,False,34752,33756,0.36175411522633744,17736,0.02138310185185185,1.9032476319350473,33711,0.4213875,4539,2.836875,7.426966292134831,13737,0.3066294642857143,24,7.364223232080369
scene-0770,aedcd3cf7c4a49d7a4a43ab7443a9eb1,1d5e5075036f4f2d8a826b1ee3321024,297c52902a384b84ba179f3160ac54e9,1535657536000195,False,34720,33741,0.36159336419753085,17716,0.021358989197530865,1.904549559720027,33697,0.4212125,4557,2.848125,7.394557823129252,14301,0.31921875,24,7.360928942998868
scene-0770,aedcd3cf7c4a49d7a4a43ab7443a9eb1,baf7260724e342ff9dd517cb345e6c22,297c52902a384b84ba179f3160ac54e9,1535657536049911,True,34720,33737,0.3615504972565158,17723,0.02136742862654321,1.9035716300852,33693,0.4211625,4536,2.835,7.427910052910053,17264,0.38535714285714284,24,7.3577675775000335
scene-0770,aedcd3cf7c4a49d7a4a43ab7443a9eb1,a710bec925e7497a873680928ab7b523,7aefa57cb973455985b3912a969692ec,1535657536100245,False,34720,33744,0.36162551440329216,17747,0.021396363811728394,1.9013917845269623,33698,0.421225,4549,2.843125,7.407781930094527,13736,0.30660714285714286,24,7.358987621451362
scene-0770,aedcd3cf7c4a49d7a4a43ab7443a9eb1,ca169b0c38304d038e6eb5dad3ef9b3f,7aefa57cb973455985b3912a969692ec,1535657536150026,False,34720,33740,0.3615826474622771,17719,0.021362606095679013,1.9041706642587053,33699,0.4212375,4540,2.8375,7.422687224669604,18252,0.4074107142857143,24,7.3603254588758515
scene-0770,aedcd3cf7c4a49d7a4a43ab7443a9eb1,e1f31b8bb30e439bb58d707914fc7846,7aefa57cb973455985b3912a969692ec,1535657536200346,False,34720,33738,0.36156121399176955,17720,0.021363811728395063,1.9039503386004515,33698,0.421225,4537,2.835625,7.427374917346264,18238,0.4070982142857143,24,7.361809671400056
scene-0770,aedcd3cf7c4a49d7a4a43ab7443a9eb1,dda946345d1b4fbcabcb56642d89d8cf,7aefa57cb973455985b3912a969692ec,1535657536250085,False,34688,33707,0.3612289951989026,17725,0.021369839891975308,1.9016643159379407,33661,0.4207625,4543,2.839375,7.409421087387189,18227,0.4068526785714286,24,7.3634063022461715
scene-0770,aedcd3cf7c4a49d7a4a43ab7443a9eb1,dd1e38cc70b74a86b6c0346d31a0a6fd,7aefa57cb973455985b3912a969692ec,1535657536299843,False,34688,33708,0.3612397119341564,17736,0.02138310185185185,1.9005412719891746,33664,0.4208,4564,2.8525,7.375985977212971,18229,0.40689732142857143,24,7.36513161058092
scene-0770,aedcd3cf7c4a49d7a4a43ab7443a9eb1,05736ced0f054042bab73fc8e1c63551,7aefa57cb973455985b3912a969692ec,1535657536350204,False,34688,33695,0.36110039437585734,17771,0.021425298996913582,1.8960666254009342,33652,0.42065,4540,2.8375,7.412334801762115,17341,0.38707589285714283,24,7.367007377521188
scene-0770,aedcd3cf7c4a49d7a4a43ab7443a9eb1,b1762b60409345fcbce86e5513e64b19,7aefa57cb973455985b3912a969692ec,1535657536399928,False,34688,33706,0.36121827846364885,17741,0.0213891300154321,1.8998929034439997,33661,0.4207625,4563,2.851875,7.376944992329608,17159,0.38301339285714286,24,7.368986365927305
scene-0770,aedcd3cf7c4a49d7a4a43ab7443a9eb1,50c13265ad0943afaa22458bf40644df,7aefa57cb973455985b3912a969692ec,1535657536449723,False,34688,33710,0.3612611454046639,17801,0.02146146797839506,1.8937138363013313,33663,0.4207875,4559,2.849375,7.383856108795788,18207,0.40640625,24,7.371093622694044
scene-0770,aedcd3cf7c4a49d7a4a43ab7443a9eb1,2fd3c738f8f54386a6b2854b45fc1f3e,7aefa57cb973455985b3912a969692ec,1535657536500017,False,34656,33665,0.36077889231824417,17705,0.02134572723765432,1.901440271109856,33622,0.420275,4538,2.83625,7.408990744821507,13880,0.3098214285714286,24,7.373348390975647
scene-0770,aedcd3cf7c4a49d7a4a43ab7443a9eb1,54a362cd329d47138937cbee5a1868ad,7aefa57cb973455985b3912a969692ec,1535657536549811,True,34656,33679,0.360928926611797,17731,0.021377073688271606,1.8994416558569736,33637,0.4204625,4557,2.848125,7.3813912661838925,13756,0.3070535714285714,24,7.375704813090039
scene-0770,aedcd3cf7c4a49d7a4a43ab7443a9eb1,41afc1261c164ee2b6b2d8ce72d0de4b,aa2e044f280d4f849172566c0634f806,1535657536599564,False,34688,33709,0.36125042866941015,17714,0.021356577932098764,1.9029581122276167,33665,0.4208125,4553,2.845625,7.394025916977816,17679,0.39462053571428574,24,7.380072239797868
scene-0770,aedcd3cf7c4a49d7a4a43ab7443a9eb1,b45d2ad84d7644bf9df544b443c1b9ca,aa2e044f280d4f849172566c0634f806,1535657536649335,False,34656,33673,0.3608646262002744,17763,0.021415653935185186,1.895682035692169,33626,0.420325,4578,2.86125,7.345128877238969,18189,0.4060044642857143,24,7.384550101031461
scene-0770,aedcd3cf7c4a49d7a4a43ab7443a9eb1,0338eb64e1f840b8b8851dda791e76d8,aa2e044f280d4f849172566c0634f806,1535657536699661,False,34656,33677,0.36090749314128945,17757,0.021408420138888887,1.896547840288337,33630,0.420375,4575,2.859375,7.350819672131148,16794,0.3748660714285714,24,7.389186886832231
scene-0770,aedcd3cf7c4a49d7a4a43ab7443a9eb1,3fbd427d5f5842d3b78f4a4a89b8d17a,aa2e044f280d4f849172566c0634f806,1535657536749410,False,34624,33653,0.3606502914951989,17704,0.02134452160493827,1.9008698599186624,33610,0.420125,4557,2.848125,7.375466315558482,13698,0.30575892857142856,24,7.3938765335667
scene-0770,aedcd3cf7c4a49d7a4a43ab7443a9eb1,b66084440bb74a7ebbf21038221e9e40,aa2e044f280d4f849172566c0634f806,1535657536799181,False,34656,33661,0.3607360253772291,17751,0.021401186342592592,1.896287533096727,33619,0.4202375,4574,2.85875,7.35002186270223,18116,0.404375,24,7.398672045949856
scene-0770,aedcd3cf7c4a49d7a4a43ab7443a9eb1,310e80e7195741db8f9ff75fce05350c,aa2e044f280d4f849172566c0634f806,1535657536848954,False,34656,33693,0.3610789609053498,17735,0.021381896219135804,1.8998026501268677,33649,0.4206125,4562,2.85125,7.3759316089434455,18232,0.4069642857142857,24,7.4035698874554825
scene-0770,aedcd3cf7c4a49d7a4a43ab7443a9eb1,f7c5099a86134c27a5007875dc5c7ef3,aa2e044f280d4f849172566c0634f806,1535657536899303,False,34656,33674,0.36087534293552814,17681,0.021316792052469134,1.904530286748487,33632,0.4204,4535,2.834375,7.416097023153252,13718,0.3062053571428571,24,7.40862660831106
scene-0770,aedcd3cf7c4a49d7a4a43ab7443a9eb1,eb8eac451fc34de8b75f5972fc2a5d92,aa2e044f280d4f849172566c0634f806,1535657536949022,False,34688,33704,0.3611968449931413,17734,0.021380690586419754,1.9005300552610804,33663,0.4207875,4554,2.84625,7.391963109354414,16159,0.36069196428571426,24,7.41371922877373
scene-0770,aedcd3cf7c4a49d7a4a43ab7443a9eb1,9c8922275d1c4d9d962bfa2b09d3b62b,aa2e044f280d4f849172566c0634f806,1535657536998786,False,34656,33680,0.36093964334705075,17704,0.02134452160493827,1.9023949389968369,33632,0.4204,4543,2.839375,7.403037640325776,16021,0.35761160714285717,24,7.418913461265524
scene-0770,aedcd3cf7c4a49d7a4a43ab7443a9eb1,f0d383fc78a3465da3bf27a913b06914,aa2e044f280d4f849172566c0634f806,1535657537048554,True,34688,33699,0.3611432613168724,17701,0.021340904706790124,1.9037907462855206,33651,0.4206375,4540,2.8375,7.412114537444934,18186,0.4059375,24,7.424203502751266
scene-0770,aedcd3cf7c4a49d7a4a43ab7443a9eb1,569684a12e564f8db20fffda8e3a5588,c6e8a3362094465d93eebf120c672d6c,1535657537098897,False,34688,33717,0.36133616255144035,17740,0.02138792438271605,1.900620067643743,33675,0.4209375,4553,2.845625,7.39622227103009,13721,0.3062723214285714,24,7.431338816259092
scene-0770,aedcd3cf7c4a49d7a4a43ab7443a9eb1,140ea145edba41d6a0bd1f0f7a1ab9eb,c6e8a3362094465d93eebf120c672d6c,1535657537148646,False,34688,33712,0.36128257887517146,17733,0.021379484953703703,1.9010883663226752,33666,0.420825,4554,2.84625,7.39262187088274,18036,0.4025892857142857,24,7.43846622849621
scene-0770,aedcd3cf7c4a49d7a4a43ab7443a9eb1,464657ca2f994fb29c81a503c021d01d,c6e8a3362094465d93eebf120c672d6c,1535657537198403,False,34688,33713,0.3612932956104252,17763,0.021415653935185186,1.8979339075606598,33663,0.4207875,4551,2.844375,7.396835860250494,13727,0.30640625,24,7.445668945191884
scene-0770,aedcd3cf7c4a49d7a4a43ab7443a9eb1,b9ea7b845bd946abaebe78a5d88c5122,c6e8a3362094465d93eebf120c672d6c,1535657537248726,False,34720,33745,0.3616362311385459,17808,0.021469907407407406,1.8949348607367476,33701,0.4212625,4560,2.85,7.390570175438596,18126,0.4045982142857143,24,7.453027338518439
scene-0770,aedcd3cf7c4a49d7a4a43ab7443a9eb1,e413c420dc5847e08dd2e1bd6cd5459b,c6e8a3362094465d93eebf120c672d6c,1535657537298508,False,34688,33716,0.36132544581618653,17712,0.021354166666666667,1.9035682023486902,33670,0.420875,4573,2.858125,7.362781543844304,18231,0.4069419642857143,24,7.460377954352956
scene-0770,aedcd3cf7c4a49d7a4a43ab7443a9eb1,081b79eafeb846569ac5c6ba1ec55558,c6e8a3362094465d93eebf120c672d6c,1535657537348820,False,34720,33736,0.361539780521262,17684,0.021320408950617285,1.9077131870617507,33693,0.4211625,4553,2.845625,7.4001757083241815,13738,0.3066517857142857,24,7.467877279629076
scene-0770,aedcd3cf7c4a49d7a4a43ab7443a9eb1,9b6c83f495b340c490394328c2c0561f,c6e8a3362094465d93eebf120c672d6c,1535657537398590,False,34720,33742,0.3616040809327846,17717,0.021360194830246912,1.9044985042614437,33700,0.42125,4541,2.838125,7.421272847390442,17520,0.39107142857142857,24,7.475363928920431
scene-0770,aedcd3cf7c4a49d7a4a43ab7443a9eb1,5178c2da4496447b98613ab8b6435d13,c6e8a3362094465d93eebf120c672d6c,1535657537448349,False,34720,33735,0.36152906378600824,17751,0.021401186342592592,1.9004563123204326,33692,0.42115,4553,2.845625,7.399956072918955,15099,0.33703125,24,7.4829151153861595
scene-0770,aedcd3cf7c4a49d7a4a43ab7443a9eb1,f0d26e2b099e487bb471c1cee00027ae,c6e8a3362094465d93eebf120c672d6c,1535657537498670,False,34720,33734,0.3615183470507545,17674,0.02130835262345679,1.9086794160914338,33689,0.4211125,4521,2.825625,7.4516699845167,17783,0.39694196428571427,24,7.490617376539382
scene-0770,aedcd3cf7c4a49d7a4a43ab7443a9eb1,146227d519fa43f6bb47bec1530cb76d,c6e8a3362094465d93eebf120c672d6c,1535657537548435,True,34720,33733,0.3615076303155007,17677,0.02131196952160494,1.9082989194999151,33689,0.4211125,4559,2.849375,7.389559113840755,13741,0.30671875,24,7.498298128056095
scene-0770,aedcd3cf7c4a49d7a4a43ab7443a9eb1,fea80611bd494e80b564e46b57b0889c,5881d820bfe849b58f6aca39a1c8fa21,1535657537598770,False,34720,33747,0.3616576646090535,17740,0.02138792438271605,1.9023111612175874,33704,0.4213,4545,2.840625,7.415621562156216,13707,0.3059598214285714,24,7.507043205976157
scene-0770,aedcd3cf7c4a49d7a4a43ab7443a9eb1,aaba9684c1da4919a5f0eec6e03d65f1,5881d820bfe849b58f6aca39a1c8fa21,1535657537648519,False,34688,33710,0.3612611454046639,17745,0.021393952546296297,1.8996900535362073,33664,0.4208,4561,2.850625,7.380837535628152,14770,0.3296875,24,7.515778655148284
scene-0770,aedcd3cf7c4a49d7a4a43ab7443a9eb1,9250f2f8cdd54d1dba509a0e2c0758aa,5881d820bfe849b58f6aca39a1c8fa21,1535657537698281,False,34688,33730,0.36147548010973934,17701,0.021340904706790124,1.9055420597706345,33682,0.421025,4561,2.850625,7.384784038588029,18028,0.4024107142857143,24,7.524606388494848
scene-0770,aedcd3cf7c4a49d7a4a43ab7443a9eb1,ef6fe95225024e6eba8c64a94ab2635a,5881d820bfe849b58f6aca39a1c8fa21,1535657537748605,False,34688,33711,0.3612718621399177,17742,0.02139033564814815,1.900067636117687,33665,0.4208125,4565,2.853125,7.374589266155531,18220,0.40669642857142857,24,7.533623633479405
scene-0770,aedcd3cf7c4a49d7a4a43ab7443a9eb1,2515f14530e54c0ab8fbd3d371f55dad,5881d820bfe849b58f6aca39a1c8fa21,1535657537798372,False,34656,33671,0.3608431927297668,17735,0.021381896219135804,1.8985621652100366,33631,0.4203875,4564,2.8525,7.368755477651183,18216,0.40660714285714283,24,7.542628161606555
scene-0770,aedcd3cf7c4a49d7a4a43ab7443a9eb1,1555dc470501472fbe59040a6cc8b4ac,5881d820bfe849b58f6aca39a1c8fa21,1535657537848134,False,34688,33718,0.3613468792866941,17719,0.021362606095679013,1.9029290592019865,33673,0.4209125,4579,2.861875,7.353789036907622,18229,0.40689732142857143,24,7.551716629593301
scene-0770,aedcd3cf7c4a49d7a4a43ab7443a9eb1,25cfa2c902f445fbb9c9cbddfc3d02c1,5881d820bfe849b58f6aca39a1c8fa21,1535657537898457,False,34656,33684,0.3609825102880658,17722,0.02136622299382716,1.9006884098860173,33638,0.420475,4560,2.85,7.3767543859649125,13827,0.30863839285714284,24,7.560992043866065
scene-0770,aedcd3cf7c4a49d7a4a43ab7443a9eb1,0f8e4dec2de5462a8d1787a77e1dcec4,5881d820bfe849b58f6aca39a1c8fa21,1535657537948226,False,34656,33668,0.3608110425240055,17672,0.02130594135802469,1.9051607062019014,33622,0.420275,4565,2.853125,7.3651697699890475,18021,0.40225446428571426,24,7.570247118022763
scene-0770,aedcd3cf7c4a49d7a4a43ab7443a9eb1,06237b82e1c24620a1da20b9d6986bf0,5881d820bfe849b58f6aca39a1c8fa21,1535657537997998,False,34688,33707,0.3612289951989026,17720,0.021363811728395063,1.9022009029345373,33663,0.4207875,4560,2.85,7.3822368421052635,18174,0.40566964285714285,24,7.5795822848207095
scene-0770,aedcd3cf7c4a49d7a4a43ab7443a9eb1,19a311ccb0084f5f93a489f8b69e53bb,5881d820bfe849b58f6aca39a1c8fa21,1535657538047773,True,34688,33713,0.3612932956104252,17708,0.02134934413580247,1.9038287779534673,33667,0.4208375,4539,2.836875,7.417272526988324,18208,0.4064285714285714,24,7.588995765268979
scene-0770,aedcd3cf7c4a49d7a4a43ab7443a9eb1,55c8e7f7f85c4bc4bbad962b618976d6,bda037b61da14296b0b7c7d2a2293cba,1535657538098073,False,34688,33715,0.36131472908093276,17726,0.021371045524691358,1.902008349317387,33668,0.42085,4557,2.848125,7.388193987272328,13696,0.3057142857142857,24,7.598885306252995
scene-0770,aedcd3cf7c4a49d7a4a43ab7443a9eb1,328cec7408694844a7c8e0b067b4220b,bda037b61da14296b0b7c7d2a2293cba,1535657538147842,False,34688,33702,0.36117541152263377,17742,0.02139033564814815,1.8995603652350355,33657,0.4207125,4551,2.844375,7.3955174686882,16201,0.3616294642857143,24,7.608701549065501
scene-0770,aedcd3cf7c4a49d7a4a43ab7443a9eb1,e486f67f14164839852434bb6caa0ea0,bda037b61da14296b0b7c7d2a2293cba,1535657538198175,False,34720,33732,0.36149691358024694,17723,0.02136742862654321,1.9032895108051684,33682,0.421025,4539,2.836875,7.420577219651905,18209,0.40645089285714286,24,7.618659800891609
scene-0770,aedcd3cf7c4a49d7a4a43ab7443a9eb1,580405bd5619464c8d65028566ead2a1,bda037b61da14296b0b7c7d2a2293cba,1535657538247928,False,34688,33709,0.36125042866941015,17701,0.021340904706790124,1.9043556861194282,33668,0.42085,4539,2.836875,7.417492839832562,13750,0.30691964285714285,24,7.628533046618909
scene-0770,aedcd3cf7c4a49d7a4a43ab7443a9eb1,23075de2d25e4b5cb65edf215a597c0d,bda037b61da14296b0b7c7d2a2293cba,1535657538297693,False,34720,33751,0.3617005315500686,17717,0.021360194830246912,1.9050064909409041,33705,0.4213125,4556,2.8475,7.39793678665496,15709,0.3506473214285714,24,7.638437620332276
scene-0770,aedcd3cf7c4a49d7a4a43ab7443a9eb1,5ca6da95c2ea4dfea963c6781176e3cb,bda037b61da14296b0b7c7d2a2293cba,1535657538348017,False,34720,33745,0.3616362311385459,17752,0.021402391975308643,1.9009125732311851,33703,0.4212875,4584,2.865,7.352312390924957,13754,0.3070089285714286,24,7.64848226380802
scene-0770,aedcd3cf7c4a49d7a4a43ab7443a9eb1,b2aa1fb9301444aa8b4ad0fc3df6a7b8,bda037b61da14296b0b7c7d2a2293cba,1535657538397797,False,34720,33749,0.36167909807956106,17799,0.021459056712962964,1.8961177594246867,33707,0.4213375,4574,2.85875,7.369261040664626,16685,0.3724330357142857,24,7.658446232867187
scene-0770,aedcd3cf7c4a49d7a4a43ab7443a9eb1,d52a5ce8dbeb4fa692e376788149bbcd,bda037b61da14296b0b7c7d2a2293cba,1535657538448151,False,34720,33744,0.36162551440329216,17737,0.0213843074845679,1.902463776286858,33699,0.4212375,4549,2.843125,7.40800175862827,17300,0.3861607142857143,24,7.668552743576875
scene-0770,aedcd3cf7c4a49d7a4a43ab7443a9eb1,bf89d4f4a148457a81fc035e765bd68d,bda037b61da14296b0b7c7d2a2293cba,1535657538497875,False,34720,33733,0.3615076303155007,17699,0.021338493441358023,1.9059268885247753,33688,0.4211,4549,2.843125,7.4055836447570895,15330,0.3421875,24,7.678559536768745
scene-0770,aedcd3cf7c4a49d7a4a43ab7443a9eb1,71101352699e4531856ea3dc0781d6dc,bda037b61da14296b0b7c7d2a2293cba,1535657538547646,True,34752,33762,0.3618184156378601,17792,0.021450617283950618,1.8975944244604317,33713,0.4214125,4541,2.838125,7.424135652939881,14949,0.3336830357142857,24,7.6886018486759555
scene-0770,aedcd3cf7c4a49d7a4a43ab7443a9eb1,56c6b5c52134463cacdd2c6ba866e34d,151f5fa4043640c399bc1897dd7de67e,1535657538597948,False,34720,33754,0.3617326817558299,17717,0.021360194830246912,1.9051758198340576,33708,0.42135,4540,2.8375,7.4246696035242294,13732,0.3065178571428571,24,7.699130118318814
scene-0770,aedcd3cf7c4a49d7a4a43ab7443a9eb1,153ffdc26f414d85a9ab939b8d387346,151f5fa4043640c399bc1897dd7de67e,1535657538647733,False,34752,33758,0.361775548696845,17781,0.021437355324074075,1.8985433890107417,33712,0.4214,4527,2.829375,7.446874309697371,13804,0.308125,24,7.709572482223881
scene-0770,aedcd3cf7c4a49d7a4a43ab7443a9eb1,754c50d9a0ea45fe9bf8accb8517ba74,151f5fa4043640c399bc1897dd7de67e,1535657538698052,False,34752,33776,0.3619684499314129,17728,0.021373456790123455,1.9052346570397112,33731,0.4216375,4559,2.849375,7.398771660451853,13793,0.3078794642857143,24,7.720149066742515
scene-0770,aedcd3cf7c4a49d7a4a43ab7443a9eb1,7366e5546dfd49de8a899cecb0a9ff41,151f5fa4043640c399bc1897dd7de67e,1535657538747827,False,34720,33744,0.36162551440329216,17725,0.021369839891975308,1.9037517630465444,33700,0.42125,4535,2.834375,7.43109151047409,13839,0.30890625,24,7.730632969355388
scene-0770,aedcd3cf7c4a49d7a4a43ab7443a9eb1,0bf23da02d9647efb8ac502509de06ac,151f5fa4043640c399bc1897dd7de67e,1535657538798121,False,34752,33754,0.3617326817558299,17780,0.021436149691358024,1.8984251968503938,33709,0.4213625,4538,2.83625,7.428162185985015,14791,0.33015625,24,7.741247770183503
scene-0770,aedcd3cf7c4a49d7a4a43ab7443a9eb1,7e3f7c22ca004a02bbcd780713871295,151f5fa4043640c399bc1897dd7de67e,1535657538847887,False,34752,33758,0.361775548696845,17801,0.02146146797839506,1.8964103140273019,33710,0.421375,4531,2.831875,7.439858750827632,14339,0.3200669642857143,24,7.751772209004469
scene-0770,aedcd3cf7c4a49d7a4a43ab7443a9eb1,ac92847e00974d7bb63366c5210f35a7,151f5fa4043640c399bc1897dd7de67e,1535657538898218,False,34752,33758,0.361775548696845,17743,0.021391541280864197,1.9026094797948487,33710,0.421375,4531,2.831875,7.439858750827632,18226,0.40683035714285715,24,7.762437185391517
scene-0770,aedcd3cf7c4a49d7a4a43ab7443a9eb1,ddd75d3c0cb94c7db59870a0066962f7,151f5fa4043640c399bc1897dd7de67e,1535657538947990,False,34752,33751,0.3617005315500686,17774,0.02142891589506173,1.8988972656689547,33705,0.4213125,4534,2.83375,7.433833259814733,18219,0.4066741071428571,24,7.773004278338867
scene-0770,aedcd3cf7c4a49d7a4a43ab7443a9eb1,b9e1674e469f4a0a8a90fac2384449bc,151f5fa4043640c399bc1897dd7de67e,1535657538998299,False,34752,33760,0.36179698216735257,17784,0.021440972222222222,1.8983355825461088,33718,0.421475,4543,2.839375,7.421967862645829,17801,0.39734375,24,7.7837059223071625
scene-0770,aedcd3cf7c4a49d7a4a43ab7443a9eb1,774a1e03aa6b4d299e92bf7b8cc4de4e,151f5fa4043640c399bc1897dd7de67e,1535657539048082,True,34752,33772,0.3619255829903978,17731,0.021377073688271606,1.9046867068975242,33731,0.4216375,4535,2.834375,7.437927232635061,18217,0.4066294642857143,24,7.794315776176073
scene-0770,aedcd3cf7c4a49d7a4a43ab7443a9eb1,0f5337cf92154d76b80eb20ff487a835,17d883b1780c4fdcae8ca23f409cc484,1535657539098377,False,34752,33781,0.36202203360768176,17730,0.021375868055555556,1.9053017484489565,33737,0.4217125,4560,2.85,7.398464912280701,18269,0.4077901785714286,24,7.8079906829046095
scene-0770,aedcd3cf7c4a49d7a4a43ab7443a9eb1,420efcd0263d4c6ab619521b8bd43365,17d883b1780c4fdcae8ca23f409cc484,1535657539148152,False,34784,33805,0.3622792352537723,17735,0.021381896219135804,1.9061178460670989,33758,0.421975,4556,2.8475,7.409569798068481,14138,0.31558035714285715,24,7.821554279339416
scene-0770,aedcd3cf7c4a49d7a4a43ab7443a9eb1,5735cb41f2954f558f997daa14717bcf,17d883b1780c4fdcae8ca23f409cc484,1535657539198462,False,34752,33769,0.3618934327846365,17741,0.0213891300154321,1.9034439997745336,33721,0.4215125,4539,2.836875,7.42916942057722,18243,0.40720982142857143,24,7.83529316773851
scene-0770,aedcd3cf7c4a49d7a4a43ab7443a9eb1,938b885d7fc947008184232ccf970e91,17d883b1780c4fdcae8ca23f409cc484,1535657539248235,False,34752,33758,0.361775548696845,17768,0.02142168209876543,1.89993246285457,33719,0.4214875,4553,2.845625,7.405886228860092,13775,0.30747767857142855,24,7.848913758891382
scene-0770,aedcd3cf7c4a49d7a4a43ab7443a9eb1,1e7cdc074408441aa57db3618c21ac89,17d883b1780c4fdcae8ca23f409cc484,1535657539298549,False,34752,33773,0.36193629972565156,17725,0.021369839891975308,1.9053878702397744,33729,0.4216125,4548,2.8425,7.41622691292876,13751,0.3069419642857143,24,7.8627102443797705
scene-0770,aedcd3cf7c4a49d7a4a43ab7443a9eb1,2945ef9d4e554318a04a5abd2bff5a50,17d883b1780c4fdcae8ca23f409cc484,1535657539348320,False,34784,33803,0.3622578017832647,17769,0.02142288773148148,1.9023580392818955,33756,0.42195,4580,2.8625,7.370305676855895,15148,0.338125,24,7.8763846210480075
scene-0770,aedcd3cf7c4a49d7a4a43ab7443a9eb1,e78bead7bb5f4a9682940c71bb55351e,17d883b1780c4fdcae8ca23f409cc484,1535657539398634,False,34752,33761,0.36180769890260633,17760,0.02141203703703704,1.9009572072072072,33721,0.4215125,4568,2.855,7.382005253940456,13854,0.30924107142857143,24,7.880349934262871
scene-0770,aedcd3cf7c4a49d7a4a43ab7443a9eb1,b1cc7bf37ce248bb872a66889a51a0b5,17d883b1780c4fdcae8ca23f409cc484,1535657539448956,False,34784,33801,0.3622363683127572,17795,0.021454234182098766,1.8994661421747683,33753,0.4219125,4563,2.851875,7.3971071663379355,17146,0.38272321428571426,24,7.870152545654143
scene-0770,aedcd3cf7c4a49d7a4a43ab7443a9eb1,89c2d8c6844e48bdb12e48a5b80d1855,17d883b1780c4fdcae8ca23f409cc484,1535657539498722,False,34752,33777,0.3619791666666667,17779,0.021434944058641974,1.899825636987457,33738,0.421725,4547,2.841875,7.419837255333187,15375,0.3431919642857143,24,7.860111924783189
scene-0770,aedcd3cf7c4a49d7a4a43ab7443a9eb1,226f362c694f4fec960be59450cefc58,17d883b1780c4fdcae8ca23f409cc484,1535657539549060,True,34784,33799,0.36221493484224965,17740,0.02138792438271605,1.9052423900789177,33750,0.421875,4556,2.8475,7.407813871817384,17042,0.38040178571428573,24,7.850000765080921
scene-0770,aedcd3cf7c4a49d7a4a43ab7443a9eb1,d764b3defb6f42b889989df2a7a142df,5e2150bdca274f41afd336b390092bd1,1535657539598808,False,34784,33784,0.36205418381344306,17709,0.02135054976851852,1.9077305324976002,33740,0.42175,4564,2.8525,7.392638036809816,13760,0.30714285714285716,25,8.282708001622579
scene-0770,aedcd3cf7c4a49d7a4a43ab7443a9eb1,2894f7a3de354400a2b6616e07e9fc9e,5e2150bdca274f41afd336b390092bd1,1535657539649142,False,34752,33757,0.3617648319615912,17722,0.02136622299382716,1.9048075837941543,33710,0.421375,4523,2.826875,7.453017908467831,13738,0.3066517857142857,25,8.273106773269808
scene-0770,aedcd3cf7c4a49d7a4a43ab7443a9eb1,85c1ea4f6b69444aab855c113823a1b9,5e2150bdca274f41afd336b390092bd1,1535657539698908,False,34784,33795,0.3621720679012346,17736,0.02138310185185185,1.905446549391069,33747,0.4218375,4561,2.850625,7.399035299276474,18242,0.4071875,25,8.263650999461085
scene-0770,aedcd3cf7c4a49d7a4a43ab7443a9eb1,9972429538b94086b0f96e4a2c75fbe2,5e2150bdca274f41afd336b390092bd1,1535657539749240,False,34752,33751,0.3617005315500686,17725,0.021369839891975308,1.9041466854724964,33706,0.421325,4574,2.85875,7.369042413642326,13752,0.3069642857142857,25,8.254125568369517
scene-0770,aedcd3cf7c4a49d7a4a43ab7443a9eb1,2ba2b314583647f9b90ae9e49a61da34,5e2150bdca274f41afd336b390092bd1,1535657539798985,False,34784,33797,0.3621935013717421,17744,0.021392746913580247,1.904700180342651,33752,0.4219,4542,2.83875,7.431087626596213,13771,0.30738839285714287,25,8.244749058358643
scene-0770,aedcd3cf7c4a49d7a4a43ab7443a9eb1,8faf7fadfab24c66ae11257f606e67cd,5e2150bdca274f41afd336b390092bd1,1535657539849300,False,34752,33760,0.36179698216735257,17721,0.02136501736111111,1.905084363184922,33714,0.421425,4566,2.85375,7.383705650459921,18265,0.40770089285714284,25,8.235303810693585
scene-0770,aedcd3cf7c4a49d7a4a43ab7443a9eb1,5ec832ec46bb4f809709f23b38671ea7,5e2150bdca274f41afd336b390092bd1,1535657539899103,False,34752,33772,0.3619255829903978,17719,0.021362606095679013,1.9059766352502963,33725,0.4215625,4564,2.8525,7.389351446099912,18234,0.40700892857142856,25,8.225993491730879
scene-0770,aedcd3cf7c4a49d7a4a43ab7443a9eb1,17ba6b60eed346b0a1496cb6e3f9ece2,5e2150bdca274f41afd336b390092bd1,1535657539950106,False,34752,33765,0.3618505658436214,17705,0.02134572723765432,1.9070883931092912,33724,0.42155,4553,2.845625,7.406984405886229,13787,0.3077455357142857,25,8.216499414377184
scene-0770,aedcd3cf7c4a49d7a4a43ab7443a9eb1,ffa423e9cb9948fbbfab196f219750af,5e2150bdca274f41afd336b390092bd1,1535657539999165,False,34752,33758,0.361775548696845,17746,0.021395158179012344,1.9022878395131297,33719,0.4214875,4540,2.8375,7.427092511013216,18228,0.406875,25,8.207406511122194
scene-0770,aedcd3cf7c4a49d7a4a43ab7443a9eb1,c2f4639d22454c6997a5076e56797865,5e2150bdca274f41afd336b390092bd1,1535657540049471,True,34752,33763,0.36182913237311387,17735,0.021381896219135804,1.9037496475895124,33723,0.4215375,4533,2.833125,7.439444076770351,13744,0.3067857142857143,25,8.198123125557506
scene-0770,aedcd3cf7c4a49d7a4a43ab7443a9eb1,b758d9501aa64a16aa835dfa2ba7c150,e0286a70489f45a5b3469ee1b71b7667,1535657540099252,False,34752,33763,0.36182913237311387,17718,0.021361400462962962,1.9055762501410995,33718,0.421475,4562,2.85125,7.39105655414292,18245,0.40725446428571427,25,8.184393776012243
scene-0770,aedcd3cf7c4a49d7a4a43ab7443a9eb1,1b8a774141004a0e8439115e187d4592,e0286a70489f45a5b3469ee1b71b7667,1535657540149580,False,34784,33801,0.3622363683127572,17758,0.021409625771604938,1.9034238089874986,33752,0.4219,4557,2.848125,7.406627166995831,13742,0.30674107142857143,25,8.170552411464511
scene-0770,aedcd3cf7c4a49d7a4a43ab7443a9eb1,4f8d523683b94588b9bdfe9cf1ad0b94,e0286a70489f45a5b3469ee1b71b7667,1535657540199321,False,34752,33769,0.3618934327846365,17762,0.021414448302469136,1.9011935592838645,33721,0.4215125,4546,2.84125,7.41772987241531,13802,0.30808035714285714,25,8.156911917527726
scene-0770,aedcd3cf7c4a49d7a4a43ab7443a9eb1,fce63a61cf1d423f8caa2ba8eb623277,e0286a70489f45a5b3469ee1b71b7667,1535657540249671,False,34752,33757,0.3617648319615912,17770,0.02142409336419753,1.899662352279122,33714,0.421425,4550,2.84375,7.4096703296703295,13758,0.30709821428571427,25,8.14314545228845
scene-0770,aedcd3cf7c4a49d7a4a43ab7443a9eb1,c5d4ef9780a34b4f83e1af227f6119a6,e0286a70489f45a5b3469ee1b71b7667,1535657540299968,False,34784,33796,0.36218278463648834,17731,0.021377073688271606,1.9060402684563758,33747,0.4218375,4553,2.845625,7.4120360202064575,18163,0.40542410714285715,25,8.129435854242013
scene-0770,aedcd3cf7c4a49d7a4a43ab7443a9eb1,e8a9761196314bd7b9a096ac99001f72,e0286a70489f45a5b3469ee1b71b7667,1535657540349749,False,34752,33755,0.36174339849108367,17765,0.021418065200617283,1.9000844356881508,33707,0.4213375,4531,2.831875,7.4391966453321565,16066,0.35861607142857144,25,8.115909788102524
scene-0770,aedcd3cf7c4a49d7a4a43ab7443a9eb1,0e739a5e85b34d2b9f229b7140be402b,e0286a70489f45a5b3469ee1b71b7667,1535657540400055,False,34752,33768,0.3618827160493827,17738,0.021385513117283952,1.9037095501183898,33725,0.4215625,4556,2.8475,7.402326602282704,17395,0.38828125,25,8.102285649727579
scene-0770,aedcd3cf7c4a49d7a4a43ab7443a9eb1,2528931998b44eeba34c39f90587a2c6,e0286a70489f45a5b3469ee1b71b7667,1535657540449828,False,34784,33803,0.3622578017832647,17718,0.021361400462962962,1.907833841291342,33753,0.4219125,4575,2.859375,7.377704918032787,13742,0.30674107142857143,25,8.088851224657676
scene-0770,aedcd3cf7c4a49d7a4a43ab7443a9eb1,2a0bd4e7d8c54af2887f144e3f6bd080,e0286a70489f45a5b3469ee1b71b7667,1535657540500148,False,34720,33738,0.36156121399176955,17682,0.021317997685185185,1.9080420766881574,33693,0.4211625,4547,2.841875,7.409940620189135,13715,0.30613839285714284,25,8.075316353806103
scene-0770,aedcd3cf7c4a49d7a4a43ab7443a9eb1,dc0221a7cc984f78a1f243b50ccc5ad8,e0286a70489f45a5b3469ee1b71b7667,1535657540549929,True,34752,33761,0.36180769890260633,17756,0.02140721450617284,1.9013854471727867,33716,0.42145,4543,2.839375,7.421527624917456,14935,0.3333705357142857,25,8.061974514724382
scene-0770,aedcd3cf7c4a49d7a4a43ab7443a9eb1,e001c0f69e674b77939ba7dfef7bf974,b380e87cf0df4f129ec3f6892ba7f6be,1535657540599675,False,34720,33738,0.36156121399176955,17741,0.0213891300154321,1.9016966349134772,33694,0.421175,4540,2.8375,7.421585903083701,13720,0.30625,25,8.046976928010707
scene-0770,aedcd3cf7c4a49d7a4a43ab7443a9eb1,8fb57f0330844618b9ba030253b0d2d2,b380e87cf0df4f129ec3f6892ba7f6be,1535657540649997,False,34720,33735,0.36152906378600824,17757,0.021408420138888887,1.8998141577969252,33691,0.4211375,4549,2.843125,7.4062431303583205,13858,0.3093303571428571,25,8.031804554304879
scene-0770,aedcd3cf7c4a49d7a4a43ab7443a9eb1,44ef74d0ad7e4cab9c3fa414b3bb6431,b380e87cf0df4f129ec3f6892ba7f6be,1535657540699759,False,34688,33713,0.3612932956104252,17700,0.021339699074074073,1.9046892655367231,33662,0.420775,4564,2.8525,7.375547765118317,14892,0.3324107142857143,25,8.016862483873838
scene-0770,aedcd3cf7c4a49d7a4a43ab7443a9eb1,796c090df35e4bffa57ae473f45cb558,b380e87cf0df4f129ec3f6892ba7f6be,1535657540750074,False,34720,33725,0.3614218964334705,17756,0.02140721450617284,1.899357963505294,33681,0.4210125,4550,2.84375,7.402417582417582,18232,0.4069642857142857,25,8.001818697940667
scene-0770,aedcd3cf7c4a49d7a4a43ab7443a9eb1,9d0abec7ae874bf3b0d6a21ad4aaded0,b380e87cf0df4f129ec3f6892ba7f6be,1535657540799853,False,34688,33707,0.3612289951989026,17700,0.021339699074074073,1.9043502824858758,33667,0.4208375,4532,2.8325,7.428729037952339,17073,0.38109375,25,7.987001091302148
scene-0770,aedcd3cf7c4a49d7a4a43ab7443a9eb1,2653b36818cf4d8ca026b10feb0df0a5,b380e87cf0df4f129ec3f6892ba7f6be,1535657540849605,False,34688,33697,0.3611218278463649,17745,0.021393952546296297,1.8989574528036066,33654,0.420675,4552,2.845,7.39323374340949,13788,0.30776785714285715,25,7.972259379604741
scene-0770,aedcd3cf7c4a49d7a4a43ab7443a9eb1,64902fbda3a94135857b2bf8668a9549,b380e87cf0df4f129ec3f6892ba7f6be,1535657540899920,False,34688,33699,0.3611432613168724,17733,0.021379484953703703,1.9003552698358992,33659,0.4207375,4545,2.840625,7.405720572057206,18211,0.4064955357142857,25,7.957422333791806
scene-0770,aedcd3cf7c4a49d7a4a43ab7443a9eb1,cc518848793f4b35846ed35868c0262e,b380e87cf0df4f129ec3f6892ba7f6be,1535657540949706,False,34656,33674,0.36087534293552814,17724,0.02136863425925926,1.8999097269239449,33629,0.4203625,4537,2.835625,7.412166629931673,15289,0.34127232142857145,25,7.942814612189234
scene-0770,aedcd3cf7c4a49d7a4a43ab7443a9eb1,b8c5db10e27b4f9fa88c5a6a52bad41b,b380e87cf0df4f129ec3f6892ba7f6be,1535657540999469,False,34688,33701,0.36116469478737995,17704,0.02134452160493827,1.9035811116131947,33656,0.4207,4547,2.841875,7.401803386848472,16720,0.3732142857142857,25,7.9282892039891815
scene-0770,aedcd3cf7c4a49d7a4a43ab7443a9eb1,e8b0d18145374766ad80f9545d48fcc5,b380e87cf0df4f129ec3f6892ba7f6be,1535657541049779,True,34688,33695,0.36110039437585734,17729,0.021374662422839506,1.9005584071295618,33656,0.4207,4555,2.846875,7.3888035126234906,18133,0.40475446428571427,25,7.913683765404958
scene-0770,aedcd3cf7c4a49d7a4a43ab7443a9eb1,3c41ba75c6344e42b4afc3df8cda6b42,7a2d2320af574587a515bd325ad86e36,1535657541099574,False,34688,33693,0.3610789609053498,17694,0.02133246527777778,1.9042048151915905,33655,0.4206875,4537,2.835625,7.417897288957461,13742,0.30674107142857143,25,7.899304117933236
scene-0770,aedcd3cf7c4a49d7a4a43ab7443a9eb1,3f1f636ba2854e7eb841e300a2215a08,7a2d2320af574587a515bd325ad86e36,1535657541149329,False,34688,33704,0.3611968449931413,17688,0.021325231481481483,1.9054726368159205,33661,0.4207625,4547,2.841875,7.402903012975588,18231,0.4069419642857143,25,7.885020465963951
scene-0770,aedcd3cf7c4a49d7a4a43ab7443a9eb1,092ed18313ec40b391fdb7bd2d484e80,7a2d2320af574587a515bd325ad86e36,1535657541199645,False,34688,33694,0.36108967764060357,17797,0.021456645447530863,1.8932404337809743,33646,0.420575,4551,2.844375,7.393100417490661,14819,0.33078125,25,7.870664844968967
scene-0770,aedcd3cf7c4a49d7a4a43ab7443a9eb1,10066602829a4e56be4b29160d6d012e,7a2d2320af574587a515bd325ad86e36,1535657541249454,False,34720,33733,0.3615076303155007,17725,0.021369839891975308,1.9031311706629055,33691,0.4211375,4538,2.83625,7.424195680916704,18214,0.4065625,25,7.856545460074111
scene-0770,aedcd3cf7c4a49d7a4a43ab7443a9eb1,3ab106a8f9a44fa2b09fde3a8b6b5119,7a2d2320af574587a515bd325ad86e36,1535657541299157,False,34720,33737,0.3615504972565158,17720,0.021363811728395063,1.9038939051918735,33692,0.42115,4527,2.829375,7.442456372873868,18227,0.4068526785714286,25,7.842550423664003
scene-0770,aedcd3cf7c4a49d7a4a43ab7443a9eb1,6098e4f94e1741e09a0a078b1efcc582,7a2d2320af574587a515bd325ad86e36,1535657541349485,False,34720,33735,0.36152906378600824,17739,0.02138671875,1.9017419245729748,33693,0.4211625,4557,2.848125,7.393680052666228,13693,0.30564732142857143,25,7.828479078659786
scene-0770,aedcd3cf7c4a49d7a4a43ab7443a9eb1,2456ef6cad514a458a78e7d965319f47,7a2d2320af574587a515bd325ad86e36,1535657541399290,False,34720,33730,0.36147548010973934,17725,0.021369839891975308,1.9029619181946404,33683,0.4210375,4543,2.839375,7.414263702399295,18246,0.4072767857142857,25,7.814656517561824
scene-0770,aedcd3cf7c4a49d7a4a43ab7443a9eb1,efbec58d9cc549a3982be7b431ddbd88,7a2d2320af574587a515bd325ad86e36,1535657541449583,False,34752,33750,0.3616898148148148,17798,0.021457851080246913,1.8962804809529161,33704,0.4213,4522,2.82625,7.453339230429013,15779,0.35220982142857143,25,7.800806085255826
scene-0770,aedcd3cf7c4a49d7a4a43ab7443a9eb1,c79f471ec38a45029dbc0fc3f8873fe2,7a2d2320af574587a515bd325ad86e36,1535657541499354,False,34720,33735,0.36152906378600824,17713,0.021355372299382717,1.904533393552758,33689,0.4211125,4553,2.845625,7.399297166703272,18234,0.40700892857142856,25,7.787209978303449
scene-0770,aedcd3cf7c4a49d7a4a43ab7443a9eb1,aa5bd3e2287a4706ae999a9ab4a3ec9c,7a2d2320af574587a515bd325ad86e36,1535657541549660,True,34752,33754,0.3617326817558299,17792,0.021450617283950618,1.8971447841726619,33706,0.421325,4525,2.828125,7.4488397790055245,17564,0.39205357142857145,25,7.773583896095398
scene-0770,aedcd3cf7c4a49d7a4a43ab7443a9eb1,1ec81f8f3b3947e884d2b668a508c035,41e55a08b2dd4bb0836017b43cd181b3,1535657541599419,False,34752,33775,0.36195773319615915,17772,0.02142650462962963,1.9004613999549853,33728,0.4216,4596,2.8725,7.338555265448216,14932,0.3333035714285714,25,7.76261717723358
scene-0770,aedcd3cf7c4a49d7a4a43ab7443a9eb1,fd73d686f09b44d3840a3d361bcea6ca,41e55a08b2dd4bb0836017b43cd181b3,1535657541649743,False,34720,33745,0.3616362311385459,17709,0.02135054976851852,1.905528262465413,33704,0.4213,4565,2.853125,7.3831325301204815,17421,0.38886160714285717,25,7.751613778330096
scene-0770,aedcd3cf7c4a49d7a4a43ab7443a9eb1,8e5084665b0b46cab9bba81b83f63bb9,41e55a08b2dd4bb0836017b43cd181b3,1535657541699506,False,34752,33766,0.3618612825788752,17735,0.021381896219135804,1.9039188046236255,33721,0.4215125,4561,2.850625,7.393334795001096,13736,0.30660714285714286,25,7.740822725750867
scene-0770,aedcd3cf7c4a49d7a4a43ab7443a9eb1,eeaed1c385e6407c92bb1dda11905f22,41e55a08b2dd4bb0836017b43cd181b3,1535657541749826,False,34752,33779,0.3620006001371742,17702,0.021342110339506174,1.9082024629985312,33735,0.4216875,4562,2.85125,7.3947829899167035,18228,0.406875,25,7.7300045251108465
scene-0770,aedcd3cf7c4a49d7a4a43ab7443a9eb1,7e95a9f244104ef6a9b50945f9a24119,41e55a08b2dd4bb0836017b43cd181b3,1535657541799588,False,34784,33799,0.36221493484224965,17724,0.02136863425925926,1.906962310990747,33753,0.4219125,4558,2.84875,7.405221588415972,18257,0.4075223214285714,25,7.719401892414547
scene-0770,aedcd3cf7c4a49d7a4a43ab7443a9eb1,ed05bff589b74620abdcc4d20c13b115,41e55a08b2dd4bb0836017b43cd181b3,1535657541849915,False,34752,33772,0.3619255829903978,17781,0.021437355324074075,1.8993307463022326,33725,0.4215625,4548,2.8425,7.4153474054529465,13743,0.3067633928571429,25,7.708778727173826
scene-0770,aedcd3cf7c4a49d7a4a43ab7443a9eb1,dcef221bcd3b454ab5f4868ec6a0bbf9,41e55a08b2dd4bb0836017b43cd181b3,1535657541899687,False,34752,33753,0.36172196502057613,17742,0.02139033564814815,1.9024349002367265,33709,0.4213625,4564,2.8525,7.385845749342682,14347,0.3202455357142857,25,7.698374680010868
scene-0770,aedcd3cf7c4a49d7a4a43ab7443a9eb1,228c78849e244f67bf7bfe80fe1e73ef,41e55a08b2dd4bb0836017b43cd181b3,1535657541949997,False,34752,33770,0.36190414951989025,17744,0.021392746913580247,1.9031785392245266,33731,0.4216375,4524,2.8275,7.456012378426172,15395,0.34363839285714287,25,7.687964581806636
scene-0770,aedcd3cf7c4a49d7a4a43ab7443a9eb1,2c9e27ec71244777bc14ca37a2ebb0c4,41e55a08b2dd4bb0836017b43cd181b3,1535657541999781,False,34752,33748,0.3616683813443073,17786,0.02144338348765432,1.8974474305633644,33700,0.42125,4502,2.81375,7.4855619724566855,18229,0.40689732142857143,25,7.677772046295381
scene-0770,aedcd3cf7c4a49d7a4a43ab7443a9eb1,4d35bb78886440aa8309fd689646e894,41e55a08b2dd4bb0836017b43cd181b3,1535657542050127,True,34720,33734,0.3615183470507545,17731,0.021377073688271606,1.9025435677626756,33689,0.4211125,4560,2.85,7.387938596491228,14873,0.33198660714285716,25,7.667578012008165
scene-0770,aedcd3cf7c4a49d7a4a43ab7443a9eb1,cd6abba738ab4207befc793fab2b61f7,4fc4ffd1e7d64d54864252683132aaab,1535657542099891,False,34720,33732,0.36149691358024694,17700,0.021339699074074073,1.9057627118644067,33688,0.4211,4545,2.840625,7.412101210121012,17025,0.38002232142857145,26,6.620145407752944
scene-0770,aedcd3cf7c4a49d7a4a43ab7443a9eb1,f02d7fca8ca04a89bbe2222c0dd41fb5,4fc4ffd1e7d64d54864252683132aaab,1535657542149628,False,34720,33729,0.3614647633744856,17710,0.021351755401234566,1.9045172219085262,33685,0.4210625,4545,2.840625,7.411441144114411,14832,0.33107142857142857,26,6.609812972346777
scene-0770,aedcd3cf7c4a49d7a4a43ab7443a9eb1,fc3846bb9f7344a29a8706d364eec241,4fc4ffd1e7d64d54864252683132aaab,1535657542199939,False,34720,33731,0.36148619684499317,17794,0.021453028549382715,1.895638979431269,33684,0.42105,4559,2.849375,7.388462382101338,13744,0.3067857142857143,26,6.599491790570842
scene-0770,aedcd3cf7c4a49d7a4a43ab7443a9eb1,dc48e708c7f74b07b83805eae87ec658,4fc4ffd1e7d64d54864252683132aaab,1535657542249729,False,34688,33703,0.36118612825788754,17735,0.021381896219135804,1.9003665069072455,33657,0.4207125,4546,2.84125,7.403651561812582,13758,0.30709821428571427,26,6.589411159657899
scene-0770,aedcd3cf7c4a49d7a4a43ab7443a9eb1,e042af3038684c5e9c4cd6166c1daa97,4fc4ffd1e7d64d54864252683132aaab,1535657542300020,False,34720,33723,0.36140046296296297,17688,0.021325231481481483,1.9065468113975577,33680,0.421,4533,2.833125,7.42995808515332,18211,0.4064955357142857,26,6.579368729948332
scene-0770,aedcd3cf7c4a49d7a4a43ab7443a9eb1,b7cb481c566a4b27b57c9a7bb1a3ea57,4fc4ffd1e7d64d54864252683132aaab,1535657542349787,False,34720,33733,0.3615076303155007,17721,0.02136501736111111,1.9035607471361662,33687,0.4210875,4545,2.840625,7.411881188118812,13752,0.3069642857142857,26,6.569573795725436
scene-0770,aedcd3cf7c4a49d7a4a43ab7443a9eb1,32eff54be85d4949891dc22776bdcc9c,4fc4ffd1e7d64d54864252683132aaab,1535657542399561,False,34752,33760,0.36179698216735257,17747,0.021396363811728394,1.9022933453541444,33711,0.4213875,4512,2.82,7.471409574468085,13742,0.30674107142857143,26,6.559924438238521
scene-0770,aedcd3cf7c4a49d7a4a43ab7443a9eb1,e300e5fa3a7d4d74aced93b93a2d979e,4fc4ffd1e7d64d54864252683132aaab,1535657542449881,False,34720,33738,0.36156121399176955,17714,0.021356577932098764,1.9045952354070228,33692,0.42115,4562,2.85125,7.3853572994300745,13725,0.30636160714285715,26,6.55032364122905
scene-0770,aedcd3cf7c4a49d7a4a43ab7443a9eb1,34cf8dfdb49d48dba0208f615788909f,4fc4ffd1e7d64d54864252683132aaab,1535657542499634,False,34752,33752,0.36171124828532236,17785,0.021442177854938273,1.8977790272701716,33705,0.4213125,4521,2.825625,7.45520902455209,13747,0.30685267857142856,26,6.540988740959381
scene-0770,aedcd3cf7c4a49d7a4a43ab7443a9eb1,e24d73597855494abe9e09b3e16a57c6,4fc4ffd1e7d64d54864252683132aaab,1535657542549956,True,34752,33761,0.36180769890260633,17744,0.021392746913580247,1.902671325518485,33711,0.4213875,4564,2.8525,7.386283961437336,13739,0.30667410714285714,26,6.5317118743465805
scene-0770,aedcd3cf7c4a49d7a4a43ab7443a9eb1,25c39099dc014fa0956785c4c7df1d48,3e2d8c16ddbf41adb0c6c2fbe6d870b7,1535657542599722,False,34720,33737,0.3615504972565158,17735,0.021381896219135804,1.90228361996053,33694,0.421175,4546,2.84125,7.4117905851297845,14587,0.32560267857142855,26,6.522786841487667
scene-0770,aedcd3cf7c4a49d7a4a43ab7443a9eb1,17ba2e10a54045eda1f8c0d1fc02083c,3e2d8c16ddbf41adb0c6c2fbe6d870b7,1535657542650057,False,34752,33771,0.361914866255144,17711,0.021352961033950617,1.9067810964937044,33730,0.421625,4523,2.826875,7.457439752376741,18291,0.40828125,26,6.513946564845998
scene-0770,aedcd3cf7c4a49d7a4a43ab7443a9eb1,f4ee7a39674642cdbb6b5b4f308c2855,3e2d8c16ddbf41adb0c6c2fbe6d870b7,1535657542699882,False,34784,33798,0.3622042181069959,17762,0.021414448302469136,1.902826258304245,33752,0.4219,4535,2.834375,7.442557883131202,18246,0.4072767857142857,26,6.505387077391562
scene-0770,aedcd3cf7c4a49d7a4a43ab7443a9eb1,7f6365fb7470442d8b51830a4508aee3,3e2d8c16ddbf41adb0c6c2fbe6d870b7,1535657542750135,False,34752,33777,0.3619791666666667,17712,0.021354166666666667,1.9070121951219512,33730,0.421625,4558,2.84875,7.400175515577008,17813,0.39761160714285715,26,6.49695313106208
scene-0770,aedcd3cf7c4a49d7a4a43ab7443a9eb1,8e19dcec6bc6440f9cebb32c2a53de66,3e2d8c16ddbf41adb0c6c2fbe6d870b7,1535657542799895,False,34752,33767,0.36187199931412894,17744,0.021392746913580247,1.9030094679891794,33719,0.4214875,4523,2.826875,7.455007738226841,13741,0.30671875,26,6.488805262496687
scene-0770,aedcd3cf7c4a49d7a4a43ab7443a9eb1,1e18599776ff4c2d81dd08bd715a98e5,3e2d8c16ddbf41adb0c6c2fbe6d870b7,1535657542850234,False,34752,33759,0.36178626543209874,17731,0.021377073688271606,1.9039535277198127,33711,0.4213875,4510,2.81875,7.474722838137472,15176,0.33875,26,6.480774979311984
scene-0770,aedcd3cf7c4a49d7a4a43ab7443a9eb1,703d2ccea2e44ea2971b53d7dbbcbc62,3e2d8c16ddbf41adb0c6c2fbe6d870b7,1535657542899979,False,34752,33767,0.36187199931412894,17721,0.02136501736111111,1.9054793747531178,33722,0.421525,4537,2.835625,7.432664756446991,13728,0.30642857142857144,26,6.47305575934711
scene-0770,aedcd3cf7c4a49d7a4a43ab7443a9eb1,8fcf36c6b6de418094e6008089c00d77,3e2d8c16ddbf41adb0c6c2fbe6d870b7,1535657542950301,False,34720,33732,0.36149691358024694,17688,0.021325231481481483,1.9070556309362279,33691,0.4211375,4514,2.82125,7.463668586619407,18274,0.4079017857142857,26,6.465472345209819
scene-0770,aedcd3cf7c4a49d7a4a43ab7443a9eb1,b25568abd347458c9a0baad62664e95b,3e2d8c16ddbf41adb0c6c2fbe6d870b7,1535657543000087,False,34720,33741,0.36159336419753085,17677,0.02131196952160494,1.9087514849804832,33695,0.4211875,4532,2.8325,7.434907325684025,17128,0.3823214285714286,26,6.458199202035045
scene-0770,aedcd3cf7c4a49d7a4a43ab7443a9eb1,bf4f30dcde5c47f8a0a6d71f64b7f4ac,3e2d8c16ddbf41adb0c6c2fbe6d870b7,1535657543050389,True,34752,33776,0.3619684499314129,17731,0.021377073688271606,1.904912300490666,33726,0.421575,4521,2.825625,7.45985401459854,13919,0.3106919642857143,26,6.451089022263836
scene-0770,aedcd3cf7c4a49d7a4a43ab7443a9eb1,ad685bd1e6f64424b5ec04ad0abf4d81,4db81eb6876646ab83cd85305e533df1,1535657543100170,False,34720,33741,0.36159336419753085,17682,0.021317997685185185,1.9082117407533083,33699,0.4212375,4537,2.835625,7.4275953273087945,14802,0.3304017857142857,26,6.4455059906275
scene-0770,aedcd3cf7c4a49d7a4a43ab7443a9eb1,b755c2b8607a460393c7abd6feda599b,4db81eb6876646ab83cd85305e533df1,1535657543150473,False,34720,33730,0.36147548010973934,17671,0.02130473572530864,1.9087770924112955,33680,0.421,4509,2.818125,7.4695054335772895,18260,0.4075892857142857,26,6.440111220185252
scene-0770,aedcd3cf7c4a49d7a4a43ab7443a9eb1,c2c773f14dbf4bc78d942aef19faad0c,4db81eb6876646ab83cd85305e533df1,1535657543200258,False,34752,33759,0.36178626543209874,17700,0.021339699074074073,1.9072881355932203,33713,0.4214125,4496,2.81,7.498443060498221,14613,0.3261830357142857,26,6.435022021175369
scene-0770,aedcd3cf7c4a49d7a4a43ab7443a9eb1,62dd19d99c8d4bafad064901a442a645,4db81eb6876646ab83cd85305e533df1,1535657543250015,False,34688,33712,0.36128257887517146,17722,0.02136622299382716,1.902268367001467,33662,0.420775,4501,2.813125,7.4787824927793825,18240,0.40714285714285714,26,6.430189723788981
scene-0770,aedcd3cf7c4a49d7a4a43ab7443a9eb1,05d88ce33b0b48439805e1eb491de684,4db81eb6876646ab83cd85305e533df1,1535657543300344,False,34720,33736,0.361539780521262,17657,0.02128785686728395,1.9106303449057032,33691,0.4211375,4528,2.83,7.4405918727915195,18260,0.4075892857142857,26,6.425565634994121
scene-0770,aedcd3cf7c4a49d7a4a43ab7443a9eb1,5d6d860d16284bc7b7e22f64313233ef,4db81eb6876646ab83cd85305e533df1,1535657543350093,False,34720,33736,0.361539780521262,17732,0.021378279320987653,1.9025490638393865,33692,0.42115,4541,2.838125,7.4195111208984805,14774,0.3297767857142857,26,6.421260611189241
scene-0770,aedcd3cf7c4a49d7a4a43ab7443a9eb1,240ad3e7671940af9d176ffd4505e5ea,4db81eb6876646ab83cd85305e533df1,1535657543400438,False,34688,33701,0.36116469478737995,17672,0.02130594135802469,1.907028066998642,33655,0.4206875,4498,2.81125,7.482214317474433,15373,0.3431473214285714,26,6.417177878369577
scene-0770,aedcd3cf7c4a49d7a4a43ab7443a9eb1,efe6dec6421a4d19ae78e7a839985ef0,4db81eb6876646ab83cd85305e533df1,1535657543450183,False,34720,33724,0.36141117969821673,17706,0.021346932870370372,1.9046650852818254,33676,0.42095,4511,2.819375,7.4653070272666815,13725,0.30636160714285715,26,6.413418853819007
scene-0770,aedcd3cf7c4a49d7a4a43ab7443a9eb1,3ce5fb25239f4c8fad7fbc82d3adeeb6,4db81eb6876646ab83cd85305e533df1,1535657543499941,False,34688,33711,0.3612718621399177,17674,0.02130835262345679,1.9073780694805929,33660,0.42075,4504,2.815,7.4733570159857905,18263,0.40765625,26,6.409936435820762
scene-0770,aedcd3cf7c4a49d7a4a43ab7443a9eb1,b3fb153abfac4907ab97908bb8bfd3d9,4db81eb6876646ab83cd85305e533df1,1535657543550273,True,34720,33733,0.3615076303155007,17732,0.021378279320987653,1.9023798781863297,33687,0.4210875,4506,2.81625,7.476031957390147,15519,0.34640625,26,6.406700047661987
scene-0770,aedcd3cf7c4a49d7a4a43ab7443a9eb1,bb653c3163b34c15b509e24f411d4007,700779a911eb41488822e9a164e5c4a4,1535657543600031,False,34752,33766,0.3618612825788752,17709,0.02135054976851852,1.9067141001750523,33716,0.42145,4530,2.83125,7.442825607064018,13804,0.308125,26,6.4035365873021615
scene-0770,aedcd3cf7c4a49d7a4a43ab7443a9eb1,b390ff8478534c128efad7a4d04446a4,700779a911eb41488822e9a164e5c4a4,1535657543650346,False,34720,33732,0.36149691358024694,17703,0.02134331597222222,1.9054397559735639,33687,0.4210875,4521,2.825625,7.451227604512276,18279,0.40801339285714283,26,6.400627920821362
scene-0770,aedcd3cf7c4a49d7a4a43ab7443a9eb1,989566eec4d44021832894d2ba62cf6e,700779a911eb41488822e9a164e5c4a4,1535657543700117,False,34752,33772,0.3619255829903978,17680,0.021315586419753087,1.9101809954751132,33721,0.4215125,4536,2.835,7.434082892416225,18278,0.40799107142857144,26,6.3980405945797205
scene-0770,aedcd3cf7c4a49d7a4a43ab7443a9eb1,5dfe9091d87943c2b525badd27101b5a,700779a911eb41488822e9a164e5c4a4,1535657543750448,False,34720,33734,0.3615183470507545,17682,0.021317997685185185,1.9078158579346227,33692,0.42115,4501,2.813125,7.4854476782937125,14719,0.3285491071428571,26,6.39571970060635
scene-0770,aedcd3cf7c4a49d7a4a43ab7443a9eb1,d936b56029ad4ade86c867bc36634e38,700779a911eb41488822e9a164e5c4a4,1535657543800251,False,34720,33734,0.3615183470507545,17675,0.02130955825617284,1.9085714285714286,33689,0.4211125,4512,2.82,7.466533687943262,13724,0.3063392857142857,26,6.393717502643108
scene-0770,aedcd3cf7c4a49d7a4a43ab7443a9eb1,23642aaed8da4115a042ed78624c1810,700779a911eb41488822e9a164e5c4a4,1535657543849994,False,34720,33732,0.36149691358024694,17710,0.021351755401234566,1.904686617730096,33685,0.4210625,4518,2.82375,7.455732625055334,18275,0.40792410714285715,26,6.392011272862218
scene-0770,aedcd3cf7c4a49d7a4a43ab7443a9eb1,9cdd0407d5e641b6abc97490a584d3b4,700779a911eb41488822e9a164e5c4a4,1535657543900289,False,34720,33730,0.36147548010973934,17691,0.02132884837962963,1.906619184896275,33690,0.421125,4540,2.8375,7.420704845814978,14049,0.31359375,26,6.390585167216145
scene-0770,aedcd3cf7c4a49d7a4a43ab7443a9eb1,fe4e3277502a4971a3fa835480b24263,700779a911eb41488822e9a164e5c4a4,1535657543950057,False,34688,33696,0.3611111111111111,17711,0.021352961033950617,1.9025464400654961,33648,0.4206,4526,2.82875,7.434379142730888,18155,0.40524553571428573,26,6.389470241523627
scene-0770,aedcd3cf7c4a49d7a4a43ab7443a9eb1,6c12ee1b32f14e41a13ec22cfc96da13,700779a911eb41488822e9a164e5c4a4,1535657544000374,False,34720,33725,0.3614218964334705,17713,0.021355372299382717,1.9039688364478067,33682,0.421025,4499,2.811875,7.486552567237164,17684,0.39473214285714286,26,6.388642286879985
scene-0770,aedcd3cf7c4a49d7a4a43ab7443a9eb1,589d9360114a4a2e851e61eaf4c7820b,700779a911eb41488822e9a164e5c4a4,1535657544050146,True,34688,33718,0.3613468792866941,17735,0.021381896219135804,1.9012122920778123,33665,0.4208125,4518,2.82375,7.451305887560868,18249,0.40734375,26,6.388118511836695
scene-0770,aedcd3cf7c4a49d7a4a43ab7443a9eb1,fea74d94fd824f548552107959f36b89,13a72e775b3244dc934ec260fb858b9e,1535657544099907,False,34720,33725,0.3614218964334705,17708,0.02134934413580247,1.9045064377682404,33678,0.420975,4513,2.820625,7.4624418346997565,18244,0.4072321428571429,27,6.9664342042282374
scene-0770,aedcd3cf7c4a49d7a4a43ab7443a9eb1,c72eb8cc7e884e9ead16300cff5f10d9,13a72e775b3244dc934ec260fb858b9e,1535657544150226,False,34688,33692,0.36106824417009603,17707,0.02134813850308642,1.9027503247303326,33647,0.4205875,4515,2.821875,7.452270210409745,18243,0.40720982142857143,27,6.966279253871919
scene-0770,aedcd3cf7c4a49d7a4a43ab7443a9eb1,d93689d10ccf4ffd88458d1a43768b59,13a72e775b3244dc934ec260fb858b9e,1535657544199989,False,34656,33656,0.3606824417009602,17666,0.021298707561728396,1.9051284954149212,33612,0.42015,4512,2.82,7.449468085106383,16134,0.36013392857142856,27,6.966430985511165
scene-0770,aedcd3cf7c4a49d7a4a43ab7443a9eb1,20fa1ae1f110465ba7cb71f7bceab9cf,13a72e775b3244dc934ec260fb858b9e,1535657544249756,False,34720,33726,0.36143261316872427,17696,0.021334876543209876,1.9058544303797469,33681,0.4210125,4513,2.820625,7.463106580988256,13732,0.3065178571428571,27,6.966883245744867
scene-0770,aedcd3cf7c4a49d7a4a43ab7443a9eb1,a70af8aaece24fc2995acd3e23ad231f,13a72e775b3244dc934ec260fb858b9e,1535657544300109,False,34688,33698,0.36113254458161864,17634,0.021260127314814813,1.910967449245775,33653,0.4206625,4485,2.803125,7.503455964325529,13786,0.3077232142857143,27,6.967643308794136
scene-0770,aedcd3cf7c4a49d7a4a43ab7443a9eb1,ba873109b81b4b0a83259f4c42624a3f,13a72e775b3244dc934ec260fb858b9e,1535657544349983,False,34720,33733,0.3615076303155007,17756,0.02140721450617284,1.8998085154314035,33679,0.4209875,4519,2.824375,7.452755034299623,15271,0.3408705357142857,27,6.968692210385966
scene-0770,aedcd3cf7c4a49d7a4a43ab7443a9eb1,251f0220c6e64d0e82f8b692d387ac39,13a72e775b3244dc934ec260fb858b9e,1535657544399609,False,34688,33716,0.36132544581618653,17659,0.02129026813271605,1.9092813862619626,33662,0.420775,4518,2.82375,7.4506418769366975,13728,0.30642857142857144,27,6.970024098242133
scene-0770,aedcd3cf7c4a49d7a4a43ab7443a9eb1,daad1cf43aca4465a75f754c9c2ab8bc,13a72e775b3244dc934ec260fb858b9e,1535657544449998,False,34720,33746,0.36164694787379975,17738,0.021385513117283952,1.9024692750028187,33694,0.421175,4513,2.820625,7.465987148238423,13728,0.30642857142857144,27,6.971665834434905
scene-0770,aedcd3cf7c4a49d7a4a43ab7443a9eb1,987c5ae6ca594975b32c3e65b90932b3,13a72e775b3244dc934ec260fb858b9e,1535657544499693,False,34752,33747,0.3616576646090535,17740,0.02138792438271605,1.9023111612175874,33696,0.4212,4501,2.813125,7.486336369695623,18251,0.40738839285714284,27,6.971727435673455
scene-0770,aedcd3cf7c4a49d7a4a43ab7443a9eb1,7999c62a0fa64980b62edb198aa53593,13a72e775b3244dc934ec260fb858b9e,1535657544550039,True,34720,33732,0.36149691358024694,17665,0.021297501929012346,1.909538635720351,33686,0.421075,4549,2.843125,7.405143987689602,13731,0.3064955357142857,27,6.968143680729328
scene-0770,aedcd3cf7c4a49d7a4a43ab7443a9eb1,de94d7b97eb54a1386d14c01c53db615,6c061dec889f40dca751764e75163299,1535657544599780,False,34752,33747,0.3616576646090535,17748,0.021397569444444445,1.9014536849222448,33697,0.4212125,4487,2.804375,7.509917539558725,17228,0.38455357142857144,27,6.964796299688624
scene-0770,aedcd3cf7c4a49d7a4a43ab7443a9eb1,a76e087268784db09388e76e7e8af3a0,6c061dec889f40dca751764e75163299,1535657544650129,False,34720,33736,0.361539780521262,17676,0.02131076388888889,1.9085766010409595,33688,0.4211,4492,2.8075,7.499554764024933,13732,0.3065178571428571,27,6.961691555748413
scene-0770,aedcd3cf7c4a49d7a4a43ab7443a9eb1,83617efd5c5440b9812f2f27fe49ee79,6c061dec889f40dca751764e75163299,1535657544699869,False,34720,33735,0.36152906378600824,17707,0.02134813850308642,1.9051787428700513,33681,0.4210125,4516,2.8225,7.45814880425155,17919,0.3999776785714286,27,6.958907224896363
scene-0770,aedcd3cf7c4a49d7a4a43ab7443a9eb1,d1e5cc6893564308abd9052c9dbf8fe7,6c061dec889f40dca751764e75163299,1535657544749639,False,34720,33749,0.36167909807956106,17660,0.021291473765432098,1.9110419026047565,33698,0.421225,4511,2.819375,7.4701839946796715,17502,0.39066964285714284,27,6.956404898586286
scene-0770,aedcd3cf7c4a49d7a4a43ab7443a9eb1,2b37bbfc1291407d99d383c62d8b0bd9,6c061dec889f40dca751764e75163299,1535657544800018,False,34720,33742,0.3616040809327846,17670,0.02130353009259259,1.909564233163554,33690,0.421125,4513,2.820625,7.465100819853756,14807,0.3305133928571429,27,6.952760441453059
scene-0770,aedcd3cf7c4a49d7a4a43ab7443a9eb1,e9594fac78f24313a758453aa62c48b2,6c061dec889f40dca751764e75163299,1535657544849731,False,34720,33721,0.36137902949245543,17584,0.021199845679012345,1.9177092811646952,33678,0.420975,4492,2.8075,7.497328584149599,18263,0.40765625,27,6.947899552802197
scene-0770,aedcd3cf7c4a49d7a4a43ab7443a9eb1,57fb09080b744c4aaba7fe4edc965255,6c061dec889f40dca751764e75163299,1535657544900037,False,34720,33728,0.3614540466392318,17661,0.021292679398148148,1.9097446350716267,33679,0.4209875,4473,2.795625,7.529398613905657,13715,0.30613839285714284,27,6.943252499203665
scene-0770,aedcd3cf7c4a49d7a4a43ab7443a9eb1,a41d59a8eb324f0e840e87a582830453,6c061dec889f40dca751764e75163299,1535657544949819,False,34720,33747,0.3616576646090535,17720,0.021363811728395063,1.9044582392776523,33692,0.42115,4489,2.805625,7.505457785698374,15376,0.3432142857142857,27,6.938928353194082
scene-0770,aedcd3cf7c4a49d7a4a43ab7443a9eb1,ae2e653dd518473ebbd1b0a2f86a837c,6c061dec889f40dca751764e75163299,1535657545000132,False,34720,33737,0.3615504972565158,17661,0.021292679398148148,1.9102542324896665,33690,0.421125,4491,2.806875,7.501670006680027,13717,0.30618303571428573,27,6.934840622615036
scene-0770,aedcd3cf7c4a49d7a4a43ab7443a9eb1,d9a6f65ea23448148dce026131a9f586,6c061dec889f40dca751764e75163299,1535657545049969,True,34720,33726,0.36143261316872427,17671,0.02130473572530864,1.908550732839115,33681,0.4210125,4452,2.7825,7.565363881401617,15475,0.34542410714285715,27,6.9310762567406465
scene-0770,aedcd3cf7c4a49d7a4a43ab7443a9eb1,b527232fc40341a2b42363fc9c4eb504,b687f913edb34294ba1c34f5f35d52d0,1535657545099676,False,34688,33718,0.3613468792866941,17681,0.021316792052469134,1.90701883377637,33667,0.4208375,4483,2.801875,7.509926388579077,17116,0.38205357142857144,28,7.23277177217439
scene-0770,aedcd3cf7c4a49d7a4a43ab7443a9eb1,c460b15021d848fca82305be705f5917,b687f913edb34294ba1c34f5f35d52d0,1535657545149986,False,34720,33730,0.36147548010973934,17676,0.02131076388888889,1.9082371577279928,33683,0.4210375,4472,2.795,7.531976744186046,16245,0.3626116071428571,28,7.229974258659166
scene-0770,aedcd3cf7c4a49d7a4a43ab7443a9eb1,53588b9cee824df4b2e8e41df19ce575,b687f913edb34294ba1c34f5f35d52d0,1535657545199757,False,34688,33701,0.36116469478737995,17646,0.021274594907407407,1.90983792360875,33654,0.420675,4487,2.804375,7.50033429908625,18300,0.40848214285714285,28,7.227494217596202
scene-0770,aedcd3cf7c4a49d7a4a43ab7443a9eb1,59803d74f34147d09bb32319afd233b0,b687f913edb34294ba1c34f5f35d52d0,1535657545249519,False,34688,33700,0.3611539780521262,17602,0.021221547067901234,1.914555164185888,33651,0.4206375,4455,2.784375,7.553535353535353,18289,0.40823660714285714,28,7.225303287872625
scene-0770,aedcd3cf7c4a49d7a4a43ab7443a9eb1,c0766013f47845959d4d362749435046,b687f913edb34294ba1c34f5f35d52d0,1535657545299850,False,34688,33712,0.36128257887517146,17639,0.02126615547839506,1.911219456885311,33663,0.4207875,4442,2.77625,7.578343088698785,18292,0.40830357142857143,28,7.223383232243237
scene-0770,aedcd3cf7c4a49d7a4a43ab7443a9eb1,dc10267567be4115920e2ec9815f0612,b687f913edb34294ba1c34f5f35d52d0,1535657545349614,False,34688,33692,0.36106824417009603,17617,0.021239631558641975,1.9124709087812908,33650,0.420625,4466,2.79125,7.534706672637707,14819,0.33078125,28,7.221779168376088
scene-0770,aedcd3cf7c4a49d7a4a43ab7443a9eb1,899a7736f6ce4408acd2a2dcab507482,b687f913edb34294ba1c34f5f35d52d0,1535657545399365,False,34656,33664,0.3607681755829904,17620,0.021243248456790122,1.9105561861520999,33614,0.420175,4440,2.775,7.570720720720721,13830,0.30870535714285713,28,7.220469311605328
scene-0770,aedcd3cf7c4a49d7a4a43ab7443a9eb1,4f7f4d906e5648f9b6006fb976524cd5,b687f913edb34294ba1c34f5f35d52d0,1535657545449684,False,34688,33707,0.3612289951989026,17625,0.02124927662037037,1.9124539007092198,33656,0.4207,4450,2.78125,7.5631460674157305,18207,0.40640625,28,7.2194439624698905
scene-0770,aedcd3cf7c4a49d7a4a43ab7443a9eb1,5302da38770e4b89b03fd48c7633ded0,b687f913edb34294ba1c34f5f35d52d0,1535657545499450,False,34656,33657,0.36069315843621397,17608,0.021228780864197532,1.9114606996819627,33611,0.4201375,4447,2.779375,7.558129075781426,17157,0.38296875,28,7.21872618767078
scene-0770,aedcd3cf7c4a49d7a4a43ab7443a9eb1,9764bf2e20914f0097519c4f86e6e19c,b687f913edb34294ba1c34f5f35d52d0,1535657545549230,True,34688,33696,0.3611111111111111,17585,0.021201051311728395,1.916178561273813,33648,0.4206,4444,2.7775,7.571557155715571,17114,0.3820089285714286,28,7.2183025308647695
scene-0770,aedcd3cf7c4a49d7a4a43ab7443a9eb1,d1cc0cc3c1d048aab1500ca5d1ba027e,3fe58fa3dd15490a82d1c9fd997fbc5b,1535657545598985,False,34656,33667,0.3608003257887517,17554,0.021163676697530866,1.9179104477611941,33617,0.4202125,4430,2.76875,7.588487584650113,18307,0.4086383928571429,28,7.209018267247301
scene-0770,aedcd3cf7c4a49d7a4a43ab7443a9eb1,f8ee132cacf84c0a9bbbd97fb800b7ef,3fe58fa3dd15490a82d1c9fd997fbc5b,1535657545649306,False,34656,33659,0.36071459190672156,17522,0.021125096450617283,1.92095651181372,33613,0.4201625,4453,2.783125,7.548394340893779,18303,0.40854910714285714,28,7.195812435341315
scene-0770,aedcd3cf7c4a49d7a4a43ab7443a9eb1,5b78fd49a7b4467a8601925026c71e95,3fe58fa3dd15490a82d1c9fd997fbc5b,1535657545699079,False,34656,33661,0.3607360253772291,17485,0.021080488040123458,1.925135830712039,33615,0.4201875,4441,2.775625,7.5692411619004725,15779,0.35220982142857143,28,7.175142071315595
scene-0770,aedcd3cf7c4a49d7a4a43ab7443a9eb1,e35f0fb2925a480b8dbd7bef7d6335d9,3fe58fa3dd15490a82d1c9fd997fbc5b,1535657545748838,False,34688,33711,0.3612718621399177,17488,0.021084104938271606,1.9276646843549863,33664,0.4208,4441,2.775625,7.5802747129025,13707,0.3059598214285714,28,7.154541015462989
scene-0770,aedcd3cf7c4a49d7a4a43ab7443a9eb1,00b26db269d84d5b95643dd4d0388900,3fe58fa3dd15490a82d1c9fd997fbc5b,1535657545799180,False,34656,33673,0.3608646262002744,17548,0.021156442901234567,1.9189081376795076,33624,0.4203,4450,2.78125,7.5559550561797755,17284,0.3858035714285714,28,7.133767339133727
scene-0770,aedcd3cf7c4a49d7a4a43ab7443a9eb1,d996d2d39f9644b9b245ad2aefa6f2fe,3fe58fa3dd15490a82d1c9fd997fbc5b,1535657545848922,False,34656,33664,0.3607681755829904,17526,0.02112991898148148,1.9208033778386397,33617,0.4202125,4400,2.75,7.640227272727273,14514,0.3239732142857143,28,7.113313666933247
scene-0770,aedcd3cf7c4a49d7a4a43ab7443a9eb1,2e8b400fa62840a8973dcdc328a199f7,3fe58fa3dd15490a82d1c9fd997fbc5b,1535657545898700,False,34656,33671,0.3608431927297668,17475,0.02106843171296296,1.9268097281831187,33624,0.4203,4419,2.761875,7.608961303462322,18291,0.40828125,28,7.09292216448546
scene-0770,aedcd3cf7c4a49d7a4a43ab7443a9eb1,705b18c1b6ab419c8ea552c74370801c,3fe58fa3dd15490a82d1c9fd997fbc5b,1535657545948464,False,34656,33683,0.36097179355281206,17448,0.02103587962962963,1.9304791380100872,33634,0.420425,4413,2.758125,7.621572626331294,17629,0.3935044642857143,28,7.0726187564464515
scene-0770,aedcd3cf7c4a49d7a4a43ab7443a9eb1,dae55bc998194d50bc42cd452eb557ef,3fe58fa3dd15490a82d1c9fd997fbc5b,1535657545998786,False,34656,33663,0.36075745884773663,17473,0.021066020447530864,1.92657242602873,33611,0.4201375,4397,2.748125,7.644075506026836,13763,0.30720982142857145,28,7.052177496178351
scene-0770,aedcd3cf7c4a49d7a4a43ab7443a9eb1,40e55ef4c2784b4b9e52044bcaf8fd65,3fe58fa3dd15490a82d1c9fd997fbc5b,1535657546048547,True,34688,33708,0.3612397119341564,17427,0.021010561342592594,1.934239972456533,33659,0.4207375,4410,2.75625,7.632426303854875,16755,0.37399553571428573,28,7.0320595569603785
scene-0770,aedcd3cf7c4a49d7a4a43ab7443a9eb1,e8c2ad98d57041998a2d3ae186aa511a,891bd62a0a224e37b8e89a5ac380e03a,1535657546098317,False,34688,33723,0.36140046296296297,17410,0.020990065586419752,1.936990235496841,33672,0.4209,4398,2.74875,7.656207366984993,13705,0.3059151785714286,28,7.012547717835129
scene-0770,aedcd3cf7c4a49d7a4a43ab7443a9eb1,99619444320643618b42ebf6932c5b08,891bd62a0a224e37b8e89a5ac380e03a,1535657546148649,False,34688,33687,0.36101466049382713,17384,0.02095871913580247,1.93781638288081,33639,0.4204875,4419,2.761875,7.612355736591989,13942,0.31120535714285713,28,6.992930736034849
scene-0770,aedcd3cf7c4a49d7a4a43ab7443a9eb1,0b45ebbf7e3c465c9c86ac05f1276746,891bd62a0a224e37b8e89a5ac380e03a,1535657546198397,False,34720,33724,0.36141117969821673,17366,0.020937017746913582,1.9419555453184383,33680,0.421,4381,2.738125,7.687742524537777,14239,0.31783482142857145,28,6.973664114154744
scene-0770,aedcd3cf7c4a49d7a4a43ab7443a9eb1,431ead624df647c8ba3e8c3c0d2179d0,891bd62a0a224e37b8e89a5ac380e03a,1535657546248167,False,34720,33726,0.36143261316872427,17403,0.020981626157407406,1.9379417341837615,33674,0.420925,4408,2.755,7.6392921960072595,14741,0.3290401785714286,28,6.954520965912321
scene-0770,aedcd3cf7c4a49d7a4a43ab7443a9eb1,5cfa4e49d1fd41bcb270d89860d5b086,891bd62a0a224e37b8e89a5ac380e03a,1535657546298529,False,34720,33732,0.36149691358024694,17320,0.020881558641975308,1.9475750577367206,33679,0.4209875,4381,2.738125,7.687514266149281,13834,0.30879464285714286,28,6.935295734016559
scene-0770,aedcd3cf7c4a49d7a4a43ab7443a9eb1,750a6b70725b460d968c796dd32dcca4,891bd62a0a224e37b8e89a5ac380e03a,1535657546348292,False,34720,33730,0.36147548010973934,17339,0.020904465663580247,1.9453255666416749,33679,0.4209875,4373,2.733125,7.7015778641664765,18424,0.41125,28,6.916455438687637
scene-0770,aedcd3cf7c4a49d7a4a43ab7443a9eb1,1274a01a393c4653b7906bf9bb33615d,891bd62a0a224e37b8e89a5ac380e03a,1535657546398582,False,34720,33734,0.3615183470507545,17264,0.020814043209876544,1.9540083410565339,33684,0.42105,4404,2.7525,7.64850136239782,18440,0.41160714285714284,28,6.897587494051492
scene-0770,aedcd3cf7c4a49d7a4a43ab7443a9eb1,6ed13c0db10442cfb90cfc94428f396d,891bd62a0a224e37b8e89a5ac380e03a,1535657546448349,False,34720,33744,0.36162551440329216,17327,0.020889998070987653,1.9474808102960697,33699,0.4212375,4414,2.75875,7.634571816946081,14036,0.3133035714285714,28,6.879101386805381
scene-0770,aedcd3cf7c4a49d7a4a43ab7443a9eb1,c261ca3dbc814f0594ba57cbae8eddf0,891bd62a0a224e37b8e89a5ac380e03a,1535657546498651,False,34752,33757,0.3617648319615912,17346,0.020912905092592592,1.946097082900957,33712,0.4214,4380,2.7375,7.696803652968036,17088,0.38142857142857145,28,6.8606218464680255
scene-0770,aedcd3cf7c4a49d7a4a43ab7443a9eb1,2a8125b419a146d0aecca0354cf8a4a2,891bd62a0a224e37b8e89a5ac380e03a,1535657546548438,True,34720,33740,0.3615826474622771,17338,0.020903260030864197,1.9460145345483908,33693,0.4211625,4433,2.770625,7.600496277915632,15236,0.3400892857142857,28,6.8425542835488375
scene-0770,aedcd3cf7c4a49d7a4a43ab7443a9eb1,88b3dfa7437d41478aa0362a5c9b83b7,22f42bbe0dc14009b0a51a8fb9cf2618,1535657546598182,False,34720,33735,0.36152906378600824,17358,0.020927372685185186,1.9434842723816108,33686,0.421075,4386,2.74125,7.6803465572275424,13750,0.30691964285714285,28,6.8243088543718216
scene-0770,aedcd3cf7c4a49d7a4a43ab7443a9eb1,a9d48a6daeb14878866414842a27689f,22f42bbe0dc14009b0a51a8fb9cf2618,1535657546648499,False,34720,33732,0.36149691358024694,17306,0.020864679783950617,1.94915058361262,33684,0.42105,4421,2.763125,7.619090703460755,16090,0.3591517857142857,28,6.806142980821257
scene-0770,aedcd3cf7c4a49d7a4a43ab7443a9eb1,ffa2fe1bb85e4f7ab162dea06ff390d4,22f42bbe0dc14009b0a51a8fb9cf2618,1535657546698289,False,34720,33731,0.36148619684499317,17409,0.020988859953703705,1.9375610316502958,33686,0.421075,4423,2.764375,7.616097671263848,13728,0.30642857142857144,28,6.788485593665025
scene-0770,aedcd3cf7c4a49d7a4a43ab7443a9eb1,3cc8d6eefd3744de808348f80173be3f,22f42bbe0dc14009b0a51a8fb9cf2618,1535657546748614,False,34688,33709,0.36125042866941015,17418,0.020999710648148148,1.9352968193822482,33661,0.4207625,4442,2.77625,7.577892841062584,16902,0.3772767857142857,28,6.770995939960727
scene-0770,aedcd3cf7c4a49d7a4a43ab7443a9eb1,243d62f81c6a46e3b4c0bb78826d8464,22f42bbe0dc14009b0a51a8fb9cf2618,1535657546798354,False,34688,33703,0.36118612825788754,17486,0.021081693672839505,1.927427656410843,33655,0.4206875,4430,2.76875,7.5970654627539504,13889,0.31002232142857145,28,6.754102144100494
scene-0770,aedcd3cf7c4a49d7a4a43ab7443a9eb1,104d6a67b67f44f4a753d470fc4df5e8,22f42bbe0dc14009b0a51a8fb9cf2618,1535657546848159,False,34688,33701,0.36116469478737995,17467,0.02105878665123457,1.9294097440888534,33650,0.420625,4404,2.7525,7.64078110808356,18168,0.4055357142857143,28,6.737620981954708
scene-0770,aedcd3cf7c4a49d7a4a43ab7443a9eb1,33dda15d47cb42bcb52d878ea780319f,22f42bbe0dc14009b0a51a8fb9cf2618,1535657546898468,False,34688,33705,0.3612075617283951,17506,0.021105806327160494,1.9253398834685251,33652,0.42065,4425,2.765625,7.604971751412429,13731,0.3064955357142857,28,6.721463677296117
scene-0770,aedcd3cf7c4a49d7a4a43ab7443a9eb1,902efcc504234af0ae29cdd8744c9eb3,22f42bbe0dc14009b0a51a8fb9cf2618,1535657546948222,False,34688,33720,0.36136831275720166,17516,0.021117862654320987,1.9250970541219456,33671,0.4208875,4461,2.788125,7.547859224389151,18235,0.40703125,28,6.706022567026727
scene-0770,aedcd3cf7c4a49d7a4a43ab7443a9eb1,c72aaed6f23c4e6b89a1c9b86e8665bd,22f42bbe0dc14009b0a51a8fb9cf2618,1535657546997968,False,34688,33709,0.36125042866941015,17506,0.021105806327160494,1.9255683765566092,33656,0.4207,4433,2.770625,7.592149785698173,18314,0.40879464285714284,28,6.6911755708165375
scene-0770,aedcd3cf7c4a49d7a4a43ab7443a9eb1,85df5cddce0a4e829e989ba59b176c24,22f42bbe0dc14009b0a51a8fb9cf2618,1535657547048290,True,34720,33741,0.36159336419753085,17512,0.02111304012345679,1.9267359524897214,33694,0.421175,4433,2.770625,7.6007218587863745,18340,0.409375,28,6.676819855113162
scene-0770,aedcd3cf7c4a49d7a4a43ab7443a9eb1,ebe5a844d40441738498ccf98e92ec5b,18616ac104ee4f92b6127dc67bb85f0b,1535657547098052,False,34688,33721,0.36137902949245543,17514,0.02111545138888889,1.9253739865250656,33668,0.42085,4431,2.769375,7.5982848115549535,13936,0.31107142857142855,28,6.664060836224261
scene-0770,aedcd3cf7c4a49d7a4a43ab7443a9eb1,047e51ac790f4d6fa415aee40a0d6353,18616ac104ee4f92b6127dc67bb85f0b,1535657547147840,False,34720,33727,0.36144332990397804,17555,0.021164882330246913,1.9212190259185418,33679,0.4209875,4449,2.780625,7.57001573387278,18348,0.4095535714285714,28,6.651921139689869
scene-0770,aedcd3cf7c4a49d7a4a43ab7443a9eb1,8e0c26ff3c844e42996b53e16265e65c,18616ac104ee4f92b6127dc67bb85f0b,1535657547198178,False,34720,33736,0.361539780521262,17515,0.021116657021604937,1.9261204681701398,33690,0.421125,4430,2.76875,7.604966139954853,18356,0.4097321428571429,28,6.640329977531775
scene-0770,aedcd3cf7c4a49d7a4a43ab7443a9eb1,4fdb405fba4e425e97f75ac262493b33,18616ac104ee4f92b6127dc67bb85f0b,1535657547247932,False,34720,33734,0.3615183470507545,17557,0.021167293595679013,1.9213988722446886,33686,0.421075,4424,2.765,7.614376130198915,18357,0.40975446428571427,28,6.629591338441239
scene-0770,aedcd3cf7c4a49d7a4a43ab7443a9eb1,8793b83b0ebb42a8b81ca47fd1be8ea3,18616ac104ee4f92b6127dc67bb85f0b,1535657547298259,False,34752,33767,0.36187199931412894,17640,0.021267361111111112,1.9142290249433107,33719,0.4214875,4422,2.76375,7.625282677521484,18338,0.40933035714285715,28,6.619495972712218
scene-0770,aedcd3cf7c4a49d7a4a43ab7443a9eb1,d375aed054ee42e896264657305378da,18616ac104ee4f92b6127dc67bb85f0b,1535657547348112,False,34720,33732,0.36149691358024694,17617,0.021239631558641975,1.914741442924448,33683,0.4210375,4481,2.800625,7.51684891765231,16051,0.35828125,28,6.610291479518259
scene-0770,aedcd3cf7c4a49d7a4a43ab7443a9eb1,c07880b9a141478696aa77cb4f6f49fc,18616ac104ee4f92b6127dc67bb85f0b,1535657547398314,False,34752,33752,0.36171124828532236,17689,0.02132643711419753,1.9080784668438013,33704,0.4213,4457,2.785625,7.562037244783487,18310,0.40870535714285716,28,6.601852303585129
scene-0770,aedcd3cf7c4a49d7a4a43ab7443a9eb1,977de65af138455289fd20c8c35178ac,18616ac104ee4f92b6127dc67bb85f0b,1535657547448086,False,34752,33768,0.3618827160493827,17653,0.021283034336419752,1.9128759984138672,33714,0.421425,4464,2.79,7.55241935483871,13868,0.30955357142857143,28,6.594329371417186
scene-0770,aedcd3cf7c4a49d7a4a43ab7443a9eb1,a8ccbfc6a29a424db3dad0f4c9cb9354,18616ac104ee4f92b6127dc67bb85f0b,1535657547498398,False,34752,33771,0.361914866255144,17665,0.021297501929012346,1.9117463911689783,33718,0.421475,4494,2.80875,7.5028927458834005,18196,0.40616071428571426,28,6.587593675051488
scene-0770,aedcd3cf7c4a49d7a4a43ab7443a9eb1,addc193f47e24bd3b84d17d473dd356b,18616ac104ee4f92b6127dc67bb85f0b,1535657547548178,True,34720,33731,0.36148619684499317,17644,0.02127218364197531,1.911754704148719,33685,0.4210625,4486,2.80375,7.508916629514044,18324,0.40901785714285716,28,6.581796372944622
scene-0770,aedcd3cf7c4a49d7a4a43ab7443a9eb1,d6df1238104e4219a6bd1a3749dd301d,f868542113014aeab862aa47e088b1ec,1535657547598532,False,34752,33761,0.36180769890260633,17702,0.021342110339506174,1.907185628742515,33713,0.4214125,4484,2.8025,7.518510258697591,17005,0.3795758928571429,27,7.131071536936657
scene-0770,aedcd3cf7c4a49d7a4a43ab7443a9eb1,1a7c445fdf784ee4badaf6ce346b3485,f868542113014aeab862aa47e088b1ec,1535657547648274,False,34720,33740,0.3615826474622771,17650,0.021279417438271605,1.911614730878187,33692,0.42115,4495,2.809375,7.495439377085651,15054,0.33602678571428574,27,7.125754607030927
scene-0770,aedcd3cf7c4a49d7a4a43ab7443a9eb1,246c2c34f8da495781b185f95451ce7e,f868542113014aeab862aa47e088b1ec,1535657547698027,False,34752,33744,0.36162551440329216,17717,0.021360194830246912,1.9046113901902129,33692,0.42115,4463,2.789375,7.549182164463366,13776,0.3075,27,7.121279467123571
scene-0770,aedcd3cf7c4a49d7a4a43ab7443a9eb1,e67abbc937a04d0488b361290b791b83,f868542113014aeab862aa47e088b1ec,1535657547748353,False,34720,33741,0.36159336419753085,17652,0.021281828703703702,1.9114547926580558,33692,0.42115,4504,2.815,7.480461811722913,18151,0.40515625,27,7.116256744814309
scene-0770,aedcd3cf7c4a49d7a4a43ab7443a9eb1,b252fc3f4e554a1b8175b23c39b3414a,f868542113014aeab862aa47e088b1ec,1535657547798120,False,34752,33764,0.36183984910836764,17645,0.021273389274691357,1.9135165769339757,33718,0.421475,4515,2.821875,7.467995570321151,13764,0.30723214285714284,27,7.106944316849723
scene-0770,aedcd3cf7c4a49d7a4a43ab7443a9eb1,cbbe463396264f4b92b87f2a8d4358b1,f868542113014aeab862aa47e088b1ec,1535657547848471,False,34752,33752,0.36171124828532236,17699,0.021338493441358023,1.9070003955025707,33706,0.421325,4497,2.810625,7.4952190349121635,15549,0.34707589285714285,27,7.098301163800282
scene-0770,aedcd3cf7c4a49d7a4a43ab7443a9eb1,c3dd315c57c644898a32b9437f76c242,f868542113014aeab862aa47e088b1ec,1535657547898206,False,34752,33758,0.361775548696845,17722,0.02136622299382716,1.9048640108339916,33708,0.42135,4490,2.80625,7.507349665924276,18219,0.4066741071428571,27,7.09080685616114
scene-0770,aedcd3cf7c4a49d7a4a43ab7443a9eb1,c8c8a37a255644558e3636c30a99b531,f868542113014aeab862aa47e088b1ec,1535657547948555,False,34752,33751,0.3617005315500686,17667,0.021299913194444443,1.9103979170204335,33702,0.421275,4484,2.8025,7.516057091882248,13762,0.3071875,27,7.084292190468631
scene-0770,aedcd3cf7c4a49d7a4a43ab7443a9eb1,bc51d974bdf1408f91d255c097df8b05,f868542113014aeab862aa47e088b1ec,1535657547998278,False,34752,33753,0.36172196502057613,17649,0.021278211805555555,1.9124596294407614,33705,0.4213125,4482,2.80125,7.520080321285141,18112,0.4042857142857143,27,7.078939684714768
scene-0770,aedcd3cf7c4a49d7a4a43ab7443a9eb1,d8d074652dbb4c1791b6cf804945c7ee,f868542113014aeab862aa47e088b1ec,1535657548048595,True,34752,33768,0.3618827160493827,17702,0.021342110339506174,1.9075810642865212,33726,0.421575,4523,2.826875,7.456555383594959,13786,0.3077232142857143,27,7.074646435173952
scene-0770,aedcd3cf7c4a49d7a4a43ab7443a9eb1,a815e94ae7234733bd173b39277ca68f,86bbdee8f2d04b2780e3c81417eac83b,1535657548098371,False,34752,33761,0.36180769890260633,17672,0.02130594135802469,1.9104232684472613,33715,0.4214375,4517,2.823125,7.464024795218065,13756,0.3070535714285714,27,7.071099383072442
scene-0770,aedcd3cf7c4a49d7a4a43ab7443a9eb1,66220268f8ff47a2ac29b10f223c14b1,86bbdee8f2d04b2780e3c81417eac83b,1535657548148678,False,34784,33804,0.36226851851851855,17708,0.02134934413580247,1.9089676982154957,33751,0.4218875,4549,2.843125,7.419432842382942,13776,0.3075,27,7.068520212351037
scene-0770,aedcd3cf7c4a49d7a4a43ab7443a9eb1,178dd49effe84879969a69cd5c1e1810,86bbdee8f2d04b2780e3c81417eac83b,1535657548198465,False,34752,33752,0.36171124828532236,17704,0.02134452160493827,1.9064618165386353,33702,0.421275,4492,2.8075,7.502671415850401,13742,0.30674107142857143,27,7.066989517409133
scene-0770,aedcd3cf7c4a49d7a4a43ab7443a9eb1,eeb4cd68797b445a8afba9cf9e9a0d06,86bbdee8f2d04b2780e3c81417eac83b,1535657548248771,False,34752,33764,0.36183984910836764,17724,0.02136863425925926,1.9049875874520423,33723,0.4215375,4497,2.810625,7.498999332888593,14700,0.328125,27,7.066504475325833
scene-0770,aedcd3cf7c4a49d7a4a43ab7443a9eb1,2a20a15bbe6e40fcb6d12c606f166dfb,86bbdee8f2d04b2780e3c81417eac83b,1535657548298547,False,34752,33755,0.36174339849108367,17731,0.021377073688271606,1.9037279341266709,33710,0.421375,4525,2.828125,7.449723756906077,18272,0.40785714285714286,27,7.0671042364941625
scene-0770,aedcd3cf7c4a49d7a4a43ab7443a9eb1,f4fc343ad90e4c53b3a109f5ff3be48b,86bbdee8f2d04b2780e3c81417eac83b,1535657548348860,False,34720,33735,0.36152906378600824,17705,0.02134572723765432,1.9053939565094606,33688,0.4211,4532,2.8325,7.433362753751103,13797,0.30796875,27,7.068830301758091
scene-0770,aedcd3cf7c4a49d7a4a43ab7443a9eb1,88f1f4f6232241f2af586679eb9214d2,86bbdee8f2d04b2780e3c81417eac83b,1535657548398628,False,34752,33765,0.3618505658436214,17719,0.021362606095679013,1.9055815790958859,33716,0.42145,4494,2.80875,7.502447708055184,18267,0.40774553571428573,27,7.071669740740293
scene-0770,aedcd3cf7c4a49d7a4a43ab7443a9eb1,b344a1542d5d45bca721cb399cccc23b,86bbdee8f2d04b2780e3c81417eac83b,1535657548448959,False,34720,33724,0.36141117969821673,17707,0.02134813850308642,1.904557519625007,33675,0.4209375,4507,2.816875,7.471710672287553,17139,0.3825669642857143,27,7.075705386123347
scene-0770,aedcd3cf7c4a49d7a4a43ab7443a9eb1,1c4b19875be2436da03cefa14445a95b,86bbdee8f2d04b2780e3c81417eac83b,1535657548498704,False,34688,33704,0.3611968449931413,17664,0.021296296296296296,1.9080615942028984,33656,0.4207,4515,2.821875,7.454263565891472,18274,0.4079017857142857,27,7.080855292830994
scene-0770,aedcd3cf7c4a49d7a4a43ab7443a9eb1,4a4b21e4dcd74faf981a3d86cade0f69,86bbdee8f2d04b2780e3c81417eac83b,1535657548549034,True,34720,33735,0.36152906378600824,17740,0.02138792438271605,1.9016347237880495,33690,0.421125,4534,2.83375,7.4305249228054695,16514,0.36861607142857145,27,7.087242338433567
scene-0770,aedcd3cf7c4a49d7a4a43ab7443a9eb1,35b97bea16034aed84ebf4732e8667c0,2c738bb0a4b8431e851e180dd6f0ef8c,1535657548598797,False,34688,33697,0.3611218278463649,17672,0.02130594135802469,1.9068017202354006,33652,0.42065,4522,2.82625,7.441839893852277,18266,0.4077232142857143,27,7.095756015453231
scene-0770,aedcd3cf7c4a49d7a4a43ab7443a9eb1,46a1a13d07404d67950adcdf200354ac,2c738bb0a4b8431e851e180dd6f0ef8c,1535657548648584,False,34688,33684,0.3609825102880658,17686,0.021322820216049383,1.904557276942214,33634,0.420425,4523,2.826875,7.436214901613973,15326,0.3420982142857143,27,7.105418039888959
scene-0770,aedcd3cf7c4a49d7a4a43ab7443a9eb1,bacbdcd7c62946e88a279692fae63558,2c738bb0a4b8431e851e180dd6f0ef8c,1535657548698877,False,34720,33726,0.36143261316872427,17669,0.021302324459876544,1.908766766653461,33682,0.421025,4518,2.82375,7.455068614431164,16705,0.3728794642857143,27,7.116308635186363
scene-0770,aedcd3cf7c4a49d7a4a43ab7443a9eb1,b2d73e0c77414c448abd85cda805f9fb,2c738bb0a4b8431e851e180dd6f0ef8c,1535657548748677,False,34720,33731,0.36148619684499317,17705,0.02134572723765432,1.9051680316294832,33683,0.4210375,4534,2.83375,7.428981032201147,16805,0.37511160714285713,27,7.12817152339786
scene-0770,aedcd3cf7c4a49d7a4a43ab7443a9eb1,d062e2e5c976420d8d93b94a29cc49d9,2c738bb0a4b8431e851e180dd6f0ef8c,1535657548798440,False,34688,33710,0.3612611454046639,17714,0.021356577932098764,1.9030145647510444,33661,0.4207625,4514,2.82125,7.457022596366858,13720,0.30625,27,7.141050492671752
scene-0770,aedcd3cf7c4a49d7a4a43ab7443a9eb1,3cd3283016074f70897a2eee5fd60381,2c738bb0a4b8431e851e180dd6f0ef8c,1535657548848733,False,34688,33680,0.36093964334705075,17736,0.02138310185185185,1.8989625620207489,33629,0.4203625,4532,2.8325,7.420344218887908,14657,0.32716517857142857,27,7.15505335663501
scene-0770,aedcd3cf7c4a49d7a4a43ab7443a9eb1,1329387678ed42c0ad981b6ea34b5035,2c738bb0a4b8431e851e180dd6f0ef8c,1535657548898505,False,34720,33721,0.36137902949245543,17720,0.021363811728395063,1.9029909706546275,33675,0.4209375,4508,2.8175,7.470053238686779,18199,0.40622767857142855,27,7.167755519175127
scene-0770,aedcd3cf7c4a49d7a4a43ab7443a9eb1,e699c3baca7b4467b5bbc7dac28040d8,2c738bb0a4b8431e851e180dd6f0ef8c,1535657548948263,False,34688,33687,0.36101466049382713,17718,0.021361400462962962,1.9012868269556384,33643,0.4205375,4518,2.82375,7.446436476316954,18226,0.40683035714285715,27,7.178006357587794
scene-0770,aedcd3cf7c4a49d7a4a43ab7443a9eb1,df25ba63c1da45d9b7b4be4d689eae71,2c738bb0a4b8431e851e180dd6f0ef8c,1535657548998586,False,34688,33677,0.36090749314128945,17732,0.021378279320987653,1.8992217459959395,33629,0.4203625,4503,2.814375,7.468132356206973,18204,0.40633928571428574,27,7.189386193713942
scene-0770,aedcd3cf7c4a49d7a4a43ab7443a9eb1,63470fcf82c44ae0bf4b0d7936e4961b,2c738bb0a4b8431e851e180dd6f0ef8c,1535657549048365,True,34688,33687,0.36101466049382713,17694,0.02133246527777778,1.9038657171922686,33642,0.420525,4513,2.820625,7.454464879237758,16342,0.36477678571428573,27,7.2016051070403835
scene-0770,aedcd3cf7c4a49d7a4a43ab7443a9eb1,3194c18decde4e33a0fada974541a06c,ce846ea966b64f81bd12b98386344cf6,1535657549098127,False,34688,33698,0.36113254458161864,17716,0.021358989197530865,1.9021223752540077,33655,0.4206875,4533,2.833125,7.42444297374807,16229,0.3622544642857143,26,7.573342575866584
scene-0770,aedcd3cf7c4a49d7a4a43ab7443a9eb1,6a7d19fd772e42acaf5daa4168f8062e,ce846ea966b64f81bd12b98386344cf6,1535657549148434,False,34720,33719,0.3613575960219479,17742,0.02139033564814815,1.9005185435689325,33675,0.4209375,4533,2.833125,7.42885506287227,16524,0.3688392857142857,26,7.575043542635873
scene-0770,aedcd3cf7c4a49d7a4a43ab7443a9eb1,1c4baff9eca44dd1aeed6ebf9d4e4924,ce846ea966b64f81bd12b98386344cf6,1535657549198196,False,34720,33718,0.3613468792866941,17738,0.021385513117283952,1.9008907430375466,33668,0.42085,4511,2.819375,7.463533584571048,18228,0.406875,26,7.570180193091962
scene-0770,aedcd3cf7c4a49d7a4a43ab7443a9eb1,04a533a69f184deb867c5e1e9f7743af,ce846ea966b64f81bd12b98386344cf6,1535657549248549,False,34720,33721,0.36137902949245543,17773,0.02142771026234568,1.8973161537163112,33673,0.4209125,4500,2.8125,7.482888888888889,18230,0.4069196428571429,26,7.565894092772262
scene-0770,aedcd3cf7c4a49d7a4a43ab7443a9eb1,7a2a4b3bb93e434e9c1ece8f240709a5,ce846ea966b64f81bd12b98386344cf6,1535657549298318,False,34720,33731,0.36148619684499317,17732,0.021378279320987653,1.9022670877509587,33690,0.421125,4547,2.841875,7.409280844512866,15403,0.3438169642857143,26,7.562299437816204
scene-0770,aedcd3cf7c4a49d7a4a43ab7443a9eb1,c66ce84132304f9db0e1f79a3162a859,ce846ea966b64f81bd12b98386344cf6,1535657549348616,False,34752,33759,0.36178626543209874,17728,0.021373456790123455,1.9042757220216606,33707,0.4213375,4507,2.816875,7.478810738850677,15873,0.3543080357142857,26,7.559331222802291
scene-0770,aedcd3cf7c4a49d7a4a43ab7443a9eb1,84b1980db4a444fdb0a9ee2f9ab4d1e7,ce846ea966b64f81bd12b98386344cf6,1535657549398399,False,34720,33723,0.36140046296296297,17661,0.021292679398148148,1.909461525394938,33680,0.421,4530,2.83125,7.434878587196468,18257,0.4075223214285714,26,7.557069527789251
scene-0770,aedcd3cf7c4a49d7a4a43ab7443a9eb1,47763495a46b42efbd934ebefd730137,ce846ea966b64f81bd12b98386344cf6,1535657549448693,False,34752,33740,0.3615826474622771,17740,0.02138792438271605,1.9019165727170237,33691,0.4211375,4507,2.816875,7.475260705569115,18183,0.4058705357142857,26,7.555487801586883
scene-0770,aedcd3cf7c4a49d7a4a43ab7443a9eb1,b17efb37117747978b56d6d1091e2bd0,ce846ea966b64f81bd12b98386344cf6,1535657549498483,False,34752,33757,0.3617648319615912,17721,0.02136501736111111,1.9049150725128379,33709,0.4213625,4543,2.839375,7.419986792868149,16146,0.3604017857142857,26,7.552385951403637
scene-0770,aedcd3cf7c4a49d7a4a43ab7443a9eb1,113435d63c24481b8aa48bad996bcdfe,ce846ea966b64f81bd12b98386344cf6,1535657549548271,True,34720,33728,0.3614540466392318,17747,0.021396363811728394,1.9004902236997803,33680,0.421,4545,2.840625,7.410341034103411,13754,0.3070089285714286,26,7.547688548646909
scene-0770,aedcd3cf7c4a49d7a4a43ab7443a9eb1,fb568e08968441bca63e50543c51f523,44d9b7b420534f2cbf671fde43d15261,1535657549598559,False,34752,33749,0.36167909807956106,17700,0.021339699074074073,1.9067231638418078,33703,0.4212875,4517,2.823125,7.461368164711091,14240,0.31785714285714284,25,6.826954316496239
scene-0770,aedcd3cf7c4a49d7a4a43ab7443a9eb1,24e4d6ff0a06463187c8bfbb154d7213,44d9b7b420534f2cbf671fde43d15261,1535657549648310,False,34720,33731,0.36148619684499317,17720,0.021363811728395063,1.9035553047404064,33689,0.4211125,4570,2.85625,7.371772428884026,14670,0.3274553571428571,25,6.824191971120022
scene-0770,aedcd3cf7c4a49d7a4a43ab7443a9eb1,094a2a34b9ca4cbc8e5306d2c3f75305,44d9b7b420534f2cbf671fde43d15261,1535657549698624,False,34720,33729,0.3614647633744856,17727,0.02137225115740741,1.9026908106278557,33686,0.421075,4547,2.841875,7.408401143611172,14774,0.3297767857142857,25,6.8221514764520945
scene-0770,aedcd3cf7c4a49d7a4a43ab7443a9eb1,b2260b58f5c1450c820e4bf055596ccd,44d9b7b420534f2cbf671fde43d15261,1535657549748392,False,34688,33682,0.3609610768175583,17733,0.021379484953703703,1.8993966051993458,33636,0.42045,4552,2.845,7.389279437609842,13745,0.3068080357142857,25,6.820903398844962
scene-0770,aedcd3cf7c4a49d7a4a43ab7443a9eb1,c207baa566e14a4a91638202faa08b80,44d9b7b420534f2cbf671fde43d15261,1535657549798775,False,34720,33724,0.36141117969821673,17691,0.02132884837962963,1.906280029393477,33681,0.4210125,4522,2.82625,7.448252985404689,13731,0.3064955357142857,25,6.820443125986385
scene-0770,aedcd3cf7c4a49d7a4a43ab7443a9eb1,98b66ef1b37c4c7e9b1211427c96017c,44d9b7b420534f2cbf671fde43d15261,1535657549848525,False,34688,33704,0.3611968449931413,17703,0.02134331597222222,1.9038581031463593,33655,0.4206875,4573,2.858125,7.3595014213863985,17388,0.388125,25,6.802209028584238
scene-0770,aedcd3cf7c4a49d7a4a43ab7443a9eb1,996993db2466477289f263d4a8980c5e,44d9b7b420534f2cbf671fde43d15261,1535657549898249,False,34688,33708,0.3612397119341564,17778,0.021433738425925927,1.896051299358758,33658,0.420725,4539,2.836875,7.415289711390174,15691,0.35024553571428574,25,6.7804450172712825
scene-0770,aedcd3cf7c4a49d7a4a43ab7443a9eb1,a4efb80b2f8449cc98b0b6b42535b386,44d9b7b420534f2cbf671fde43d15261,1535657549948569,False,34720,33724,0.36141117969821673,17762,0.021414448302469136,1.8986600608039634,33677,0.4209625,4528,2.83,7.4375,13761,0.30716517857142855,25,6.7593623757006105
scene-0770,aedcd3cf7c4a49d7a4a43ab7443a9eb1,dddd27a1792d4831848201efa9457dad,44d9b7b420534f2cbf671fde43d15261,1535657549998332,False,34688,33688,0.36102537722908096,17704,0.02134452160493827,1.902846814279259,33644,0.42055,4522,2.82625,7.440070765148165,18233,0.4069866071428571,25,6.739459985979156
scene-0770,aedcd3cf7c4a49d7a4a43ab7443a9eb1,b31f128d4275411597b24b1974506370,44d9b7b420534f2cbf671fde43d15261,1535657550048108,True,34720,33717,0.36133616255144035,17769,0.02142288773148148,1.8975181495863582,33672,0.4209,4547,2.841875,7.405322190455245,18168,0.4055357142857143,25,6.720505112576808
scene-0770,aedcd3cf7c4a49d7a4a43ab7443a9eb1,793f69c3f279422598fd9fb781514877,d09375a2666a4648b449797adeaa1a0e,1535657550098447,False,34720,33719,0.3613575960219479,17748,0.021397569444444445,1.8998760423709713,33672,0.4209,4519,2.824375,7.451206019030759,13765,0.3072544642857143,25,6.701895478334532
scene-0770,aedcd3cf7c4a49d7a4a43ab7443a9eb1,199e3fa000f241bc8142ca3ff65c0be3,d09375a2666a4648b449797adeaa1a0e,1535657550148186,False,34720,33719,0.3613575960219479,17742,0.02139033564814815,1.9005185435689325,33673,0.4209125,4530,2.83125,7.433333333333334,18223,0.40676339285714286,25,6.684127873900231
scene-0770,aedcd3cf7c4a49d7a4a43ab7443a9eb1,f9b49b04e10943faa56e1ec02943e357,d09375a2666a4648b449797adeaa1a0e,1535657550198502,False,34720,33731,0.36148619684499317,17706,0.021346932870370372,1.9050604314921495,33688,0.4211,4564,2.8525,7.381244522348817,13720,0.30625,25,6.666793403600682
scene-0770,aedcd3cf7c4a49d7a4a43ab7443a9eb1,dd556df64119422780910927dfde80af,d09375a2666a4648b449797adeaa1a0e,1535657550248288,False,34752,33757,0.3617648319615912,17783,0.021439766589506172,1.8982736321205647,33708,0.42135,4525,2.828125,7.449281767955801,16978,0.3789732142857143,25,6.650286486930337
scene-0770,aedcd3cf7c4a49d7a4a43ab7443a9eb1,c2eb9d2d911144968c851e365cb0beef,d09375a2666a4648b449797adeaa1a0e,1535657550298603,False,34720,33732,0.36149691358024694,17721,0.02136501736111111,1.9035043169121382,33686,0.421075,4554,2.84625,7.397013614404918,18245,0.40725446428571427,25,6.634268780733319
scene-0770,aedcd3cf7c4a49d7a4a43ab7443a9eb1,867aa0baa9fe4f9ba33f08574d1da03e,d09375a2666a4648b449797adeaa1a0e,1535657550348366,False,34752,33754,0.3617326817558299,17774,0.02142891589506173,1.8990660515359514,33714,0.421425,4552,2.845,7.406414762741652,13817,0.3084151785714286,25,6.619097160028126
scene-0770,aedcd3cf7c4a49d7a4a43ab7443a9eb1,05434b2ec87147f5b9f328993c542d8e,d09375a2666a4648b449797adeaa1a0e,1535657550398690,False,34752,33745,0.3616362311385459,17734,0.021380690586419754,1.902841998421112,33698,0.421225,4528,2.83,7.442137809187279,16156,0.360625,25,6.604446595530968
scene-0770,aedcd3cf7c4a49d7a4a43ab7443a9eb1,6cfcb5ccbedd49f199737c8b5da5976f,d09375a2666a4648b449797adeaa1a0e,1535657550448442,False,34752,33745,0.3616362311385459,17682,0.021317997685185185,1.908437959506843,33700,0.42125,4512,2.82,7.468971631205674,18228,0.406875,25,6.590661438361301
scene-0770,aedcd3cf7c4a49d7a4a43ab7443a9eb1,32e4cffbc7ef4059844cf08ef8dbc8e3,d09375a2666a4648b449797adeaa1a0e,1535657550498769,False,34752,33734,0.3615183470507545,17735,0.021381896219135804,1.9021144629264166,33688,0.4211,4520,2.825,7.453097345132743,18171,0.40560267857142857,25,6.577439855665696
scene-0770,aedcd3cf7c4a49d7a4a43ab7443a9eb1,b5516b36386f4d58bd3ac0646aaf2a7e,d09375a2666a4648b449797adeaa1a0e,1535657550548551,True,34752,33749,0.36167909807956106,17761,0.021413242669753085,1.9001745397218626,33706,0.421325,4555,2.846875,7.399780461031833,15850,0.35379464285714285,25,6.565093450212218
scene-0539,2f0e54af35964a3fb347359836bec035,2dcdab573d324611a86604fab726c259,58a4b98af7bf4cff9ee5667b103d0f12,1535659327048134,True,34720,33352,0.35742455418381347,16764,0.020211226851851852,1.989501312335958,33318,0.416475,6131,3.831875,5.43435002446583,18986,0.42379464285714286,51,3.3800542589500666
scene-0539,2f0e54af35964a3fb347359836bec035,51c4f25ca54b4df8adb0164141551635,712387afceff4321b0a5ee5e9155cb30,1535659327098463,False,34720,33361,0.3575210048010974,16794,0.020247395833333334,1.98648326783375,33329,0.4166125,6164,3.8525,5.407040882543803,19739,0.4406026785714286,54,3.5575267213058015
scene-0539,2f0e54af35964a3fb347359836bec035,106c3c5dd2fb4b8db9575cd9025e9cf5,712387afceff4321b0a5ee5e9155cb30,1535659327148208,False,34720,33357,0.3574781378600823,16682,0.020112364969135803,1.9995803860448387,33328,0.4166,6135,3.834375,5.4324368378158105,19710,0.43995535714285716,54,3.528598180472659
scene-0539,2f0e54af35964a3fb347359836bec035,5b0c8c570c4e4f91acccc7dbc519c9c6,712387afceff4321b0a5ee5e9155cb30,1535659327198527,False,34688,33325,0.3571352023319616,16672,0.020100308641975307,1.9988603646833014,33295,0.4161875,6126,3.82875,5.435031015344434,19597,0.4374330357142857,54,3.5024858271459633
scene-0539,2f0e54af35964a3fb347359836bec035,f6942860fdb04e40a1ca131f55ba848f,712387afceff4321b0a5ee5e9155cb30,1535659327248336,False,34688,33337,0.35726380315500683,16613,0.020029176311728396,2.0066815144766146,33300,0.41625,6150,3.84375,5.414634146341464,14494,0.3235267857142857,54,3.4800594987743616
scene-0539,2f0e54af35964a3fb347359836bec035,d7d1e47f22084ae2b70703725a4478eb,712387afceff4321b0a5ee5e9155cb30,1535659327298066,False,34688,33321,0.3570923353909465,16636,0.02005690586419753,2.0029454195720127,33285,0.4160625,6081,3.800625,5.473606314750864,14196,0.316875,54,3.4601395337265135
scene-0539,2f0e54af35964a3fb347359836bec035,1ab179cd594d4f03b4fb4a404fe895f8,712387afceff4321b0a5ee5e9155cb30,1535659327348391,False,34720,33365,0.35756387174211246,16585,0.019995418595679014,2.011757612300271,33327,0.4165875,6096,3.81,5.4670275590551185,14189,0.31671875,54,3.443341955143563
scene-0539,2f0e54af35964a3fb347359836bec035,815e762dc03c4c0faa539bad50479280,712387afceff4321b0a5ee5e9155cb30,1535659327398156,False,34688,33329,0.3571780692729767,16573,0.01998095100308642,2.011042056356725,33295,0.4161875,6090,3.80625,5.467159277504105,14226,0.31754464285714284,54,3.429970752525663
scene-0539,2f0e54af35964a3fb347359836bec035,6da9a8252fa7483baa37e1ed6a7949ed,712387afceff4321b0a5ee5e9155cb30,1535659327447919,False,34688,33359,0.35749957133058985,16608,0.020023148148148148,2.0086103082851636,33324,0.41655,6046,3.77875,5.511743301356269,14224,0.3175,54,3.420636823682267
scene-0539,2f0e54af35964a3fb347359836bec035,17c32976231a41c5b2f28d3b91903955,712387afceff4321b0a5ee5e9155cb30,1535659327498237,False,34720,33406,0.35800325788751713,16530,0.019929108796296297,2.020931639443436,33364,0.41705,6064,3.79,5.50197889182058,14231,0.31765625,54,3.4134135274370805
scene-0539,2f0e54af35964a3fb347359836bec035,d4a120f4f3a84a20bda1f1803372a994,712387afceff4321b0a5ee5e9155cb30,1535659327548017,True,34720,33420,0.35815329218106995,16662,0.020088252314814814,2.0057616132517104,33382,0.417275,6011,3.756875,5.553485276992181,14254,0.31816964285714283,54,3.4079887276929384
scene-0539,2f0e54af35964a3fb347359836bec035,1633b4c09ec442328ef77ee7f17919e1,00f3fcf9af844852a2052f0f511865ea,1535659327598322,False,34720,33443,0.35839977709190673,16545,0.01994719328703704,2.02133575098217,33399,0.4174875,6012,3.7575,5.5553892215568865,14261,0.31832589285714286,54,4.5349838561005775
scene-0539,2f0e54af35964a3fb347359836bec035,3465ebf46c234668b385631a9ed34072,00f3fcf9af844852a2052f0f511865ea,1535659327648099,False,34720,33412,0.3580675582990398,16474,0.01986159336419753,2.0281655942697583,33370,0.417125,5996,3.7475,5.565376917945297,14264,0.31839285714285714,54,4.525041948875624
scene-0539,2f0e54af35964a3fb347359836bec035,1cc58773345d474eb4228901f538c044,00f3fcf9af844852a2052f0f511865ea,1535659327697858,False,34752,33434,0.35830332647462276,16592,0.02000385802469136,2.0150675024108002,33397,0.4174625,6017,3.760625,5.550440418813362,14300,0.31919642857142855,54,4.5174649944171374
scene-0539,2f0e54af35964a3fb347359836bec035,27223562ded44216b6912bcc288de070,00f3fcf9af844852a2052f0f511865ea,1535659327748188,False,34720,33434,0.35830332647462276,16501,0.019894145447530865,2.026180231501121,33385,0.4173125,6029,3.768125,5.537402554320783,14284,0.3188392857142857,54,4.513576703484694
scene-0539,2f0e54af35964a3fb347359836bec035,df88b1627b1f4bac8f2006f4998e60e0,00f3fcf9af844852a2052f0f511865ea,1535659327797944,False,34752,33455,0.358528377914952,16532,0.019931520061728394,2.0236511008952336,33401,0.4175125,5924,3.7025,5.638251181634031,14289,0.31895089285714284,54,4.510500821423947
scene-0539,2f0e54af35964a3fb347359836bec035,5b59a55052874ac5b5e45f5abd98c477,00f3fcf9af844852a2052f0f511865ea,1535659327848287,False,34752,33468,0.358667695473251,16587,0.01999782986111111,2.017724724181588,33410,0.417625,6013,3.758125,5.556294694827873,14328,0.3198214285714286,54,4.487045569723907
scene-0539,2f0e54af35964a3fb347359836bec035,4c623c55e7604bbfb6cda154f95ec476,00f3fcf9af844852a2052f0f511865ea,1535659327898059,False,34720,33423,0.35818544238683125,16580,0.019989390432098766,2.0158624849215925,33369,0.4171125,5961,3.725625,5.597886260694515,14336,0.32,54,4.466224126256931
scene-0539,2f0e54af35964a3fb347359836bec035,1202cbae38704266b787ea54ec0f07ca,00f3fcf9af844852a2052f0f511865ea,1535659327948358,False,34752,33462,0.3586033950617284,16522,0.0199194637345679,2.025299600532623,33414,0.417675,5962,3.72625,5.604495135860449,14245,0.31796875,54,4.448030840276656
scene-0539,2f0e54af35964a3fb347359836bec035,79bf3d11bf9148a1a98131f616e15feb,00f3fcf9af844852a2052f0f511865ea,1535659327998110,False,34752,33481,0.35880701303155005,16593,0.020005063657407406,2.0177785813294764,33434,0.417925,5987,3.741875,5.584432938032403,14294,0.3190625,54,4.4335912107247415
scene-0539,2f0e54af35964a3fb347359836bec035,dde7da1e68a64167915f06fa0684292f,00f3fcf9af844852a2052f0f511865ea,1535659328048495,True,34752,33475,0.35874271262002744,16488,0.01987847222222222,2.0302644347404173,33431,0.4178875,5941,3.713125,5.627167143578522,14246,0.3179910714285714,54,4.42228261735436
scene-0539,2f0e54af35964a3fb347359836bec035,2cc36cd105064b1f891009c17c8ed928,1c47053affaf46699a10890b350c41db,1535659328098213,False,34752,33491,0.3589141803840878,16569,0.019976128472222222,2.0213048463999033,33440,0.418,5966,3.72875,5.6050955414012735,14301,0.31921875,56,3.3033879814200375
scene-0539,2f0e54af35964a3fb347359836bec035,9519c064e383433ea97f0779e4e89894,1c47053affaf46699a10890b350c41db,1535659328148540,False,34752,33470,0.3586891289437586,16573,0.01998095100308642,2.0195498702709225,33416,0.4177,5966,3.72875,5.601072745558163,14280,0.31875,56,3.2908537897294416
scene-0539,2f0e54af35964a3fb347359836bec035,78afabf2d2324d8e8b078f5fd7c2d4a4,1c47053affaf46699a10890b350c41db,1535659328198304,False,34752,33481,0.35880701303155005,16535,0.019935136959876542,2.0248563652857574,33423,0.4177875,5986,3.74125,5.5835282325426,14292,0.31901785714285713,56,3.2806894021256126
scene-0539,2f0e54af35964a3fb347359836bec035,fe8fd82340b44e64851d0c919d7069ce,1c47053affaf46699a10890b350c41db,1535659328248614,False,34784,33513,0.3591499485596708,16512,0.01990740740740741,2.0296148255813953,33459,0.4182375,5969,3.730625,5.605461551348634,14260,0.3183035714285714,56,3.2711032628056054
scene-0539,2f0e54af35964a3fb347359836bec035,ecc176756efc48e8b701287704b42f6e,1c47053affaf46699a10890b350c41db,1535659328298377,False,34752,33481,0.35880701303155005,16505,0.019898967978395063,2.028536807028173,33421,0.4177625,5951,3.719375,5.616030919173248,14282,0.3187946428571429,56,3.2638604302854675
scene-0539,2f0e54af35964a3fb347359836bec035,d2d62cc8be2c418f855265b2b92270ab,1c47053affaf46699a10890b350c41db,1535659328348686,False,34784,33507,0.35908564814814814,16494,0.01988570601851852,2.031465987631866,33453,0.4181625,5960,3.725,5.612919463087248,14245,0.31796875,56,3.2591100717928474
scene-0539,2f0e54af35964a3fb347359836bec035,10e4a8390a454a43b2e640fabbd8eba5,1c47053affaf46699a10890b350c41db,1535659328398464,False,34752,33472,0.35871056241426613,16525,0.01992308063271605,2.02553706505295,33422,0.417775,5995,3.746875,5.574979149291076,14270,0.3185267857142857,56,3.256943131449224
scene-0539,2f0e54af35964a3fb347359836bec035,2bd4dbbaf8af4ab3a9044854e4789b31,1c47053affaf46699a10890b350c41db,1535659328448866,False,34752,33473,0.3587212791495199,16503,0.019896556712962962,2.028297885232988,33422,0.417775,5957,3.723125,5.610542219237871,14278,0.31870535714285714,56,3.2562342939791695
scene-0539,2f0e54af35964a3fb347359836bec035,d6774df2d62443d7bbed02afdec6f37e,1c47053affaf46699a10890b350c41db,1535659328499098,False,34784,33523,0.3592571159122085,16455,0.01983868634259259,2.0372531145548467,33475,0.4184375,5999,3.749375,5.5800966827804634,14229,0.31761160714285713,56,3.257602237639209
scene-0539,2f0e54af35964a3fb347359836bec035,e5bf2902b70c4dacae20a752ee6e6d49,1c47053affaf46699a10890b350c41db,1535659328548857,True,34752,33453,0.3585069444444444,16484,0.019873649691358023,2.029422470274205,33406,0.417575,5949,3.718125,5.615397545806018,14259,0.31828125,56,3.2613208170954517
scene-0539,2f0e54af35964a3fb347359836bec035,043a8619f7b24c268738f7dcb6009495,b2bb02e8331642db9b0cef439b2d9d24,1535659328599206,False,34752,33480,0.3587962962962963,16522,0.0199194637345679,2.0263890570148893,33438,0.417975,5956,3.7225,5.6141705842847545,14280,0.31875,56,3.27016816603565
scene-0539,2f0e54af35964a3fb347359836bec035,e33705ba5eea4e3f8b5a4299b4457346,b2bb02e8331642db9b0cef439b2d9d24,1535659328649011,False,34752,33483,0.35882844650205764,16567,0.019973717206790125,2.0210659745276756,33437,0.4179625,6027,3.766875,5.547867927658868,14312,0.3194642857142857,56,3.281596708826281
scene-0539,2f0e54af35964a3fb347359836bec035,735ee5301e644259a3f21e873596a22c,b2bb02e8331642db9b0cef439b2d9d24,1535659328698739,False,34720,33429,0.3582497427983539,16443,0.01982421875,2.0330231709542055,33382,0.417275,5964,3.7275,5.597250167672703,14290,0.3189732142857143,56,3.2954685530015317
scene-0539,2f0e54af35964a3fb347359836bec035,44d1fe4fc609451e89b7f8566eeeac9f,b2bb02e8331642db9b0cef439b2d9d24,1535659328749048,False,34752,33478,0.35877486282578874,16474,0.01986159336419753,2.0321719072477844,33432,0.4179,5928,3.705,5.6396761133603235,14256,0.3182142857142857,56,3.3101698878351016
scene-0539,2f0e54af35964a3fb347359836bec035,4e690cd2825d41df9f55097b5536f2b5,b2bb02e8331642db9b0cef439b2d9d24,1535659328798810,False,34752,33476,0.3587534293552812,16449,0.019831452546296296,2.0351389142197096,33429,0.4178625,5906,3.69125,5.660176092109719,14246,0.3179910714285714,56,3.3220707283232316
scene-0539,2f0e54af35964a3fb347359836bec035,014b24794dec408d818dfa450f4c9ea4,b2bb02e8331642db9b0cef439b2d9d24,1535659328849117,False,34752,33481,0.35880701303155005,16487,0.019877266589506174,2.03075150118275,33437,0.4179625,5883,3.676875,5.683664796872344,14211,0.3172098214285714,56,3.334339541155877
scene-0539,2f0e54af35964a3fb347359836bec035,18ee2fd7403f4fed8b2d24e29df9a679,b2bb02e8331642db9b0cef439b2d9d24,1535659328898894,False,34752,33487,0.3588713134430727,16474,0.01986159336419753,2.032718222653879,33442,0.418025,5865,3.665625,5.701960784313726,14226,0.31754464285714284,56,3.3483543004640133
scene-0539,2f0e54af35964a3fb347359836bec035,9337c76d674b48acb535c84abb1c90de,b2bb02e8331642db9b0cef439b2d9d24,1535659328949239,False,34752,33500,0.35901063100137176,16502,0.019895351080246912,2.030056962792389,33452,0.41815,5881,3.675625,5.688148274103043,14254,0.31816964285714283,56,3.3642892105989155
scene-0539,2f0e54af35964a3fb347359836bec035,e45b0ad60e0a4cb69e7180b3ee10dab7,b2bb02e8331642db9b0cef439b2d9d24,1535659328998981,False,34752,33489,0.35889274691358025,16450,0.019832658179012346,2.03580547112462,33444,0.41805,5903,3.689375,5.665593765881755,14266,0.3184375,56,3.3815893233564944
scene-0539,2f0e54af35964a3fb347359836bec035,9f6200b8fb6b48bc9d5ca5de1171854f,b2bb02e8331642db9b0cef439b2d9d24,1535659329049288,True,34752,33492,0.35892489711934156,16388,0.019757908950617284,2.043690505247742,33443,0.4180375,5820,3.6375,5.746219931271478,14236,0.31776785714285716,56,3.397873162869363
scene-0539,2f0e54af35964a3fb347359836bec035,5826042bd3354529815493bea5ed8a2e,3817fa568c9e4f72bf433a02276f62ab,1535659329099072,False,34752,33484,0.3588391632373114,16333,0.019691599151234567,2.050082654748056,33442,0.418025,5805,3.628125,5.760895779500431,14254,0.31816964285714283,56,3.8109743468812765
scene-0539,2f0e54af35964a3fb347359836bec035,602c70f71ae74435a8a275751b61eb50,3817fa568c9e4f72bf433a02276f62ab,1535659329149397,False,34752,33456,0.3585390946502058,16386,0.019755497685185187,2.04174295129989,33407,0.4175875,5779,3.611875,5.780757916594567,14232,0.3176785714285714,56,3.8232708125688752
scene-0539,2f0e54af35964a3fb347359836bec035,0fb50a61856a48b5b6e993e74ea2e2ad,3817fa568c9e4f72bf433a02276f62ab,1535659329199158,False,34752,33451,0.3584855109739369,16219,0.01955415702160494,2.062457611443369,33407,0.4175875,5774,3.60875,5.785763768617943,14214,0.3172767857142857,56,3.8360108317278687
scene-0539,2f0e54af35964a3fb347359836bec035,d868ff24e7db4f5492aeff0d2079a0e8,3817fa568c9e4f72bf433a02276f62ab,1535659329249475,False,34720,33386,0.3577889231824417,16258,0.019601176697530864,2.053512117111576,33344,0.4168,5801,3.625625,5.747974487157387,14231,0.31765625,56,3.8475216923023154
scene-0539,2f0e54af35964a3fb347359836bec035,53dbf5b9d00540528bc53c9b30dbcf23,3817fa568c9e4f72bf433a02276f62ab,1535659329299238,False,34720,33414,0.35808899176954734,16140,0.01945891203703704,2.070260223048327,33368,0.4171,5746,3.59125,5.807170205360251,14221,0.3174330357142857,56,3.8593352837842017
scene-0539,2f0e54af35964a3fb347359836bec035,4ecd858850a243548576f6dc79fac3cd,3817fa568c9e4f72bf433a02276f62ab,1535659329349549,False,34752,33416,0.3581104252400549,16128,0.019444444444444445,2.0719246031746033,33374,0.417175,5734,3.58375,5.820369724450646,14213,0.3172544642857143,56,3.864717128189782
scene-0539,2f0e54af35964a3fb347359836bec035,f324fccb25404d6ebfc18f12b77ce002,3817fa568c9e4f72bf433a02276f62ab,1535659329399323,False,34752,33449,0.35846407750342935,16196,0.019526427469135802,2.0652630279081254,33402,0.417525,5742,3.58875,5.8171368861024035,14232,0.3176785714285714,56,3.8519595705746186
scene-0539,2f0e54af35964a3fb347359836bec035,9e7faeee863747bc9a2cc21b6b62a7cc,3817fa568c9e4f72bf433a02276f62ab,1535659329449638,False,34752,33418,0.3581318587105624,16008,0.019299768518518518,2.0875812093953026,33369,0.4171125,5754,3.59625,5.799270072992701,14219,0.3173883928571429,56,3.8394655847341506
scene-0539,2f0e54af35964a3fb347359836bec035,bd8208ea395c4951a9d8a0bcb06bb27d,3817fa568c9e4f72bf433a02276f62ab,1535659329499405,False,34720,33411,0.35805684156378603,15916,0.019188850308641977,2.099208343804976,33367,0.4170875,5707,3.566875,5.8466795163833885,14199,0.3169419642857143,56,3.827539565862613
scene-0539,2f0e54af35964a3fb347359836bec035,dff921320f644f1d9ae1045be83f0262,3817fa568c9e4f72bf433a02276f62ab,1535659329549728,True,34752,33462,0.3586033950617284,16031,0.019327498070987655,2.087330796581623,33419,0.4177375,5744,3.59,5.818071030640668,14234,0.31772321428571426,56,3.8146222221445365
scene-0539,2f0e54af35964a3fb347359836bec035,c205dd738d1c4fc6ae4c3181e860de02,f9996561781046e9a49e9ce17876693b,1535659329599497,False,34752,33466,0.35864626200274347,15991,0.01927927276234568,2.0928022012381966,33418,0.417725,5753,3.595625,5.808795411089866,14258,0.31825892857142857,58,3.9981838694419976
scene-0539,2f0e54af35964a3fb347359836bec035,3aa90b85b0d74aaaba6a670ccd2667ca,f9996561781046e9a49e9ce17876693b,1535659329649864,False,34752,33459,0.3585712448559671,16003,0.01929374035493827,2.0907954758482785,33410,0.417625,5763,3.601875,5.79732778066979,14233,0.31770089285714287,58,3.98259244898413
scene-0539,2f0e54af35964a3fb347359836bec035,0fb1f5049e7847a7ab64f0d5cef1a6e8,f9996561781046e9a49e9ce17876693b,1535659329699589,False,34752,33447,0.3584426440329218,15921,0.01919487847222222,2.100810250612399,33399,0.4174875,5764,3.6025,5.79441360166551,14201,0.31698660714285715,58,3.9676199603396327
scene-0539,2f0e54af35964a3fb347359836bec035,cf6f63d06bf243f29cdd83b638b0b49a,f9996561781046e9a49e9ce17876693b,1535659329749888,False,34752,33442,0.35838906035665297,16060,0.019362461419753087,2.082316313823163,33394,0.417425,5733,3.583125,5.824873539159253,14199,0.3169419642857143,58,3.949329057179324
scene-0539,2f0e54af35964a3fb347359836bec035,75618eccc73c4728936911ae232295a7,f9996561781046e9a49e9ce17876693b,1535659329799671,False,34784,33484,0.3588391632373114,16080,0.019386574074074073,2.0823383084577114,33437,0.4179625,5840,3.65,5.725513698630137,14244,0.3179464285714286,58,3.9303525700196387
scene-0539,2f0e54af35964a3fb347359836bec035,91b59f6500a440fda0ded352622df7e8,f9996561781046e9a49e9ce17876693b,1535659329849997,False,34752,33455,0.358528377914952,16031,0.019327498070987655,2.086894142598715,33406,0.417575,5817,3.635625,5.7428227608733025,14158,0.3160267857142857,58,3.9083050772340373
scene-0539,2f0e54af35964a3fb347359836bec035,eb129ad94bca4840b3884ddec559e53b,f9996561781046e9a49e9ce17876693b,1535659329900766,False,34752,33448,0.3584533607681756,16131,0.019448061342592592,2.0735230301903167,33403,0.4175375,5883,3.676875,5.677885432602413,14166,0.31620535714285714,58,3.8833513113167375
scene-0539,2f0e54af35964a3fb347359836bec035,c2b7ef750ce3481a872316577c1461ae,f9996561781046e9a49e9ce17876693b,1535659329950092,False,34784,33492,0.35892489711934156,16133,0.019450472608024693,2.075993305646811,33443,0.4180375,5868,3.6675,5.699216087252897,14170,0.31629464285714287,58,3.859987578873561
scene-0539,2f0e54af35964a3fb347359836bec035,65c6d0a8c88d42659e315ee24cd07772,f9996561781046e9a49e9ce17876693b,1535659329999847,False,34752,33433,0.358292609739369,16179,0.019505931712962964,2.0664441560046973,33387,0.4173375,5872,3.67,5.6857970027247955,14123,0.3152455357142857,58,3.8372113176268092
scene-0539,2f0e54af35964a3fb347359836bec035,4b24c7cbce7b4d1cb2b11ce4537bc8c0,f9996561781046e9a49e9ce17876693b,1535659330051672,True,34752,33470,0.3586891289437586,16202,0.019533661265432097,2.0657943463769906,33423,0.4177875,5868,3.6675,5.695807770961145,14185,0.3166294642857143,58,3.8141867527076796
scene-0539,2f0e54af35964a3fb347359836bec035,e556127573d54163a95e126ea2bd8e5e,701f5de5b95f46b683d78bed13e34a1a,1535659330099940,False,34784,33490,0.358903463648834,16199,0.01953004436728395,2.0674115686153467,33446,0.418075,5854,3.65875,5.7133583874274,14139,0.3156026785714286,59,3.749080135209008
scene-0539,2f0e54af35964a3fb347359836bec035,c2f4238b5cda44bf8a177b57b0e5e748,701f5de5b95f46b683d78bed13e34a1a,1535659330150236,False,34752,33438,0.35834619341563784,16237,0.019575858410493828,2.0593705733817824,33389,0.4173625,5832,3.645,5.725137174211248,14090,0.3145089285714286,59,3.7290499937795776
scene-0539,2f0e54af35964a3fb347359836bec035,a7aa7f615b2140d1bcf721fc6debb810,701f5de5b95f46b683d78bed13e34a1a,1535659330200004,False,34720,33409,0.35803540809327844,16293,0.01964337384259259,2.050512490026392,33364,0.41705,5871,3.669375,5.68284789644013,14144,0.3157142857142857,59,3.7094479034708154
scene-0539,2f0e54af35964a3fb347359836bec035,44434e75829b427f9577e455c6bc5965,701f5de5b95f46b683d78bed13e34a1a,1535659330250322,False,34752,33472,0.35871056241426613,16268,0.019613233024691357,2.0575362675190556,33425,0.4178125,5862,3.66375,5.701978846809962,14063,0.31390625,59,3.689762035445773
scene-0539,2f0e54af35964a3fb347359836bec035,f0808819047c4f1082beebb5db4122af,701f5de5b95f46b683d78bed13e34a1a,1535659330300095,False,34752,33453,0.3585069444444444,16343,0.01970365547839506,2.046931407942238,33406,0.417575,5853,3.658125,5.707500427131386,14177,0.31645089285714284,59,3.6730626555569676
scene-0539,2f0e54af35964a3fb347359836bec035,f4b97ce35570447a87a78f482a2783e9,701f5de5b95f46b683d78bed13e34a1a,1535659330350419,False,34752,33443,0.35839977709190673,16344,0.01970486111111111,2.0461943220753795,33395,0.4174375,5879,3.674375,5.680387821058003,15727,0.35104910714285714,59,3.659267970772302
scene-0539,2f0e54af35964a3fb347359836bec035,6a24b2c10b054c17b3b0e2b278762459,701f5de5b95f46b683d78bed13e34a1a,1535659330400178,False,34720,33430,0.3582604595336077,16429,0.01980733989197531,2.0348164830482682,33374,0.417175,5923,3.701875,5.634644605774101,14214,0.3172767857142857,59,3.648943508292149
scene-0539,2f0e54af35964a3fb347359836bec035,0321804a26c841afb297ad630397f2c5,701f5de5b95f46b683d78bed13e34a1a,1535659330450485,False,34752,33450,0.3584747942386831,16455,0.01983868634259259,2.03281677301732,33390,0.417375,5868,3.6675,5.690184049079755,14494,0.3235267857142857,59,3.6420792184277735
scene-0539,2f0e54af35964a3fb347359836bec035,2b08a9714617423aad6519b5e4573d8d,701f5de5b95f46b683d78bed13e34a1a,1535659330500263,False,34720,33410,0.3580461248285322,16372,0.019738618827160492,2.040679208404593,33349,0.4168625,5880,3.675,5.671598639455782,14181,0.3165401785714286,59,3.6389817158035704
scene-0539,2f0e54af35964a3fb347359836bec035,35e19f3106e3456d97459ad825aa0ef4,701f5de5b95f46b683d78bed13e34a1a,1535659330550580,True,34720,33419,0.3581425754458162,16422,0.019798900462962964,2.0350140056022408,33364,0.41705,5919,3.699375,5.636762966717351,14161,0.31609375,59,3.6396676479908447
scene-0539,2f0e54af35964a3fb347359836bec035,bff709923b1b42e9915a87cef89d656d,cbc5df424ab74edb9ecef9533816e26e,1535659330600357,False,34720,33403,0.35797110768175583,16455,0.01983868634259259,2.0299604983287756,33350,0.416875,5913,3.695625,5.6401150008455945,14170,0.31629464285714287,58,3.632578518302688
scene-0539,2f0e54af35964a3fb347359836bec035,27cc220f9f444033b2c50c7b6dc9d6d2,cbc5df424ab74edb9ecef9533816e26e,1535659330650120,False,34720,33431,0.35827117626886146,16408,0.01978202160493827,2.0374817162359826,33375,0.4171875,5886,3.67875,5.670234454638124,14286,0.31888392857142855,58,3.636206308340575
scene-0539,2f0e54af35964a3fb347359836bec035,040eb619336646d4982ca5034d517d7d,cbc5df424ab74edb9ecef9533816e26e,1535659330700439,False,34720,33400,0.3579389574759945,16374,0.019741030092592593,2.0398192256015633,33346,0.416825,5889,3.680625,5.662421463745967,16899,0.3772098214285714,58,3.6407419888621666
scene-0539,2f0e54af35964a3fb347359836bec035,6b88c9e0233b479786077cd07c1b2f75,cbc5df424ab74edb9ecef9533816e26e,1535659330750211,False,34720,33397,0.3579068072702332,16444,0.01982542438271605,2.0309535392848455,33344,0.4168,5918,3.69875,5.63433592429875,17296,0.38607142857142857,58,3.647778470671821
scene-0539,2f0e54af35964a3fb347359836bec035,139554f3165c4219b713805309c0590c,cbc5df424ab74edb9ecef9533816e26e,1535659330800532,False,34720,33397,0.3579068072702332,16431,0.019809751157407407,2.0325604041141743,33346,0.416825,5886,3.67875,5.665307509344206,14269,0.3185044642857143,58,3.657575631537716
scene-0539,2f0e54af35964a3fb347359836bec035,e2f9a683dff04243814c0b9c31aeae03,cbc5df424ab74edb9ecef9533816e26e,1535659330850326,False,34752,33454,0.35851766117969824,16352,0.019714506172839506,2.045865949119374,33399,0.4174875,5879,3.674375,5.681068208879061,14130,0.31540178571428573,58,3.6694283499918403
scene-0539,2f0e54af35964a3fb347359836bec035,e7b859595d534f9bb3befef5b406f4cd,cbc5df424ab74edb9ecef9533816e26e,1535659330900606,False,34720,33420,0.35815329218106995,16366,0.019731385030864197,2.0420383722351216,33360,0.417,5925,3.703125,5.630379746835443,14113,0.31502232142857145,58,3.6736203159203993
scene-0539,2f0e54af35964a3fb347359836bec035,2c95b5306a0442c8a7cee77d6056e80e,cbc5df424ab74edb9ecef9533816e26e,1535659330950391,False,34752,33455,0.358528377914952,16446,0.019827835648148148,2.0342332482062506,33394,0.417425,5895,3.684375,5.664800678541137,14378,0.3209375,58,3.680641797866444
scene-0539,2f0e54af35964a3fb347359836bec035,67a70a27c69448209283b7002a5be7d5,cbc5df424ab74edb9ecef9533816e26e,1535659331000972,False,34720,33423,0.35818544238683125,16387,0.019756703317901234,2.0396045645938856,33369,0.4171125,5948,3.7175,5.610121049092132,15538,0.34683035714285715,58,3.690564365973372
scene-0539,2f0e54af35964a3fb347359836bec035,56c134bb34114e5aaa985a1d7d5b6eaa,cbc5df424ab74edb9ecef9533816e26e,1535659331050456,True,34752,33431,0.35827117626886146,16412,0.019786844135802468,2.0369851328296367,33378,0.417225,5974,3.73375,5.58721124874456,14148,0.3158035714285714,58,3.7033918933634418
scene-0539,2f0e54af35964a3fb347359836bec035,e6e5ac443b6744d885fb5ce54e6e1f97,134555c482b54700b4632391bc006c7e,1535659331100869,False,34752,33437,0.35833547668038407,16439,0.019819396219135803,2.0340045014903585,33379,0.4172375,5973,3.733125,5.588314080026787,14623,0.32640625,57,3.741462349019165
scene-0539,2f0e54af35964a3fb347359836bec035,b6db6dab8b4e4ebbadebbe73ffa8ab1d,134555c482b54700b4632391bc006c7e,1535659331150550,False,34752,33439,0.3583569101508916,16353,0.019715711805555557,2.044823579771296,33385,0.4173125,5925,3.703125,5.634599156118144,14394,0.3212946428571429,57,3.7513864783606525
scene-0539,2f0e54af35964a3fb347359836bec035,44e62d5e30924be196891dfc20f5ec3f,134555c482b54700b4632391bc006c7e,1535659331200312,False,34720,33385,0.35777820644718794,16349,0.01971088927469136,2.0420209187106244,33328,0.4166,5973,3.733125,5.579775657123723,14057,0.3137723214285714,57,3.7622072549958827
scene-0539,2f0e54af35964a3fb347359836bec035,679c369559384cea818707441ae8444d,134555c482b54700b4632391bc006c7e,1535659331250622,False,34720,33370,0.35761745541838136,16312,0.01966628086419753,2.0457332025502697,33310,0.416375,5985,3.740625,5.565580618212197,14125,0.31529017857142855,57,3.773801857876674
scene-0539,2f0e54af35964a3fb347359836bec035,4fb3a4c862a5418fbe6d4a1ce1e9a9f3,134555c482b54700b4632391bc006c7e,1535659331300419,False,34752,33409,0.35803540809327844,16330,0.01968798225308642,2.045866503368034,33349,0.4168625,5965,3.728125,5.590779547359598,17694,0.3949553571428571,57,3.7857126875704648
scene-0539,2f0e54af35964a3fb347359836bec035,e15786101e8e4cf38c6e26e0c4d4062f,134555c482b54700b4632391bc006c7e,1535659331350707,False,34720,33388,0.35781035665294925,16412,0.019786844135802468,2.034365098708262,33324,0.41655,5929,3.705625,5.620509360769101,18834,0.4204017857142857,57,3.7957986376131725
scene-0539,2f0e54af35964a3fb347359836bec035,db6252a2e0504756b121bef7ef5cdad8,134555c482b54700b4632391bc006c7e,1535659331400483,False,34720,33354,0.357445987654321,16385,0.019754292052469136,2.035642355813244,33295,0.4161875,5934,3.70875,5.610886417256488,19627,0.4381026785714286,57,3.8061665056323175
scene-0539,2f0e54af35964a3fb347359836bec035,524d6cabce4a4a18920e773a02d675c7,134555c482b54700b4632391bc006c7e,1535659331450791,False,34688,33328,0.3571673525377229,16345,0.01970606674382716,2.0390333435301313,33265,0.4158125,5990,3.74375,5.553422370617696,19624,0.4380357142857143,57,3.8173403364687437
scene-0539,2f0e54af35964a3fb347359836bec035,1151c32d26c345f589f70fbaf669e7c0,134555c482b54700b4632391bc006c7e,1535659331500572,False,34688,33309,0.35696373456790126,16368,0.019733796296296298,2.0350073313782993,33242,0.415525,5955,3.721875,5.582199832073887,19418,0.4334375,57,3.828860254617658
scene-0539,2f0e54af35964a3fb347359836bec035,d1bc04cb3461437aa9f985b7301497dc,134555c482b54700b4632391bc006c7e,1535659331600660,False,34560,33159,0.3553562242798354,16226,0.019562596450617285,2.043572044866264,33087,0.4135875,6008,3.755,5.507157123834887,19340,0.4316964285714286,57,3.8529676711592646
scene-0539,2f0e54af35964a3fb347359836bec035,6e7b290afebd473791b767771b068ada,134555c482b54700b4632391bc006c7e,1535659331650416,True,34656,33267,0.3565136316872428,16320,0.019675925925925927,2.038419117647059,33203,0.4150375,5996,3.7475,5.537525016677785,19575,0.4369419642857143,57,3.8659850286778465
scene-0539,2f0e54af35964a3fb347359836bec035,80277e99c92e41f98ff38818387c76be,dc600c51de26458abeb9a15f367dfb9d,1535659331700183,False,34656,33252,0.35635288065843623,16367,0.019732590663580248,2.031649049917517,33185,0.4148125,5998,3.74875,5.5326775591863955,19555,0.43649553571428573,56,3.9922524479658485
scene-0539,2f0e54af35964a3fb347359836bec035,1a6d4b5bec9f47fb85a9c72c749541bb,dc600c51de26458abeb9a15f367dfb9d,1535659331749962,False,34688,33280,0.35665294924554186,16321,0.019677131558641977,2.039090741988849,33215,0.4151875,5982,3.73875,5.552490805750585,19561,0.4366294642857143,56,4.0029927088564135
scene-0539,2f0e54af35964a3fb347359836bec035,feda45afc5b84f528efa987939ef58d6,dc600c51de26458abeb9a15f367dfb9d,1535659331800265,False,34656,33242,0.3562457133058985,16343,0.01970365547839506,2.0340206816373985,33188,0.41485,6006,3.75375,5.525807525807526,19510,0.4354910714285714,56,4.014452977869017
scene-0539,2f0e54af35964a3fb347359836bec035,14da3f6da0834590b2fd785df21152d5,dc600c51de26458abeb9a15f367dfb9d,1535659331850032,False,34624,33226,0.35607424554183814,16255,0.019597559799382717,2.0440479852353124,33163,0.4145375,5961,3.725625,5.563328300620701,19606,0.4376339285714286,56,4.026873686996791
scene-0539,2f0e54af35964a3fb347359836bec035,b10bc4f1d86644118e4f6be757fc75b3,dc600c51de26458abeb9a15f367dfb9d,1535659331899801,False,34656,33253,0.35636359739369,16244,0.019584297839506173,2.0470943117458753,33183,0.4147875,5960,3.725,5.5676174496644295,19497,0.43520089285714286,56,4.0403449499995885
scene-0539,2f0e54af35964a3fb347359836bec035,22066e4b9c56430faa4fedbf7330cadf,dc600c51de26458abeb9a15f367dfb9d,1535659331949581,False,34656,33242,0.3562457133058985,16315,0.01966989776234568,2.0375114924915723,33172,0.41465,5953,3.720625,5.572316479086175,19573,0.4368973214285714,56,4.054840546666857
scene-0539,2f0e54af35964a3fb347359836bec035,4e4b0da44e9749d191768d430ea5a0ae,dc600c51de26458abeb9a15f367dfb9d,1535659331999892,False,34656,33246,0.35628858024691357,16297,0.01964819637345679,2.040007363318402,33180,0.41475,5969,3.730625,5.55872005361032,19578,0.4370089285714286,56,4.070496801508402
scene-0539,2f0e54af35964a3fb347359836bec035,830cca3649c2432f9a7673c928f68f4b,dc600c51de26458abeb9a15f367dfb9d,1535659332049665,False,34624,33195,0.3557420267489712,16326,0.01968315972222222,2.033259830944506,33135,0.4141875,5997,3.748125,5.525262631315658,19526,0.4358482142857143,56,4.086873964346693
scene-0539,2f0e54af35964a3fb347359836bec035,c48381978c5c42398a558f6f54fddc06,dc600c51de26458abeb9a15f367dfb9d,1535659332099424,False,34656,33222,0.35603137860082307,16318,0.019673514660493826,2.035911263635249,33166,0.414575,6001,3.750625,5.526745542409598,19561,0.4366294642857143,56,4.103441536152861
scene-0539,2f0e54af35964a3fb347359836bec035,8c0be3860c65422798d11102ab2c9da1,dc600c51de26458abeb9a15f367dfb9d,1535659332149202,True,34624,33179,0.35557055898491086,16356,0.019719328703703704,2.0285522132550744,33135,0.4141875,5998,3.74875,5.52434144714905,19531,0.4359598214285714,56,4.119681115090176
scene-0539,2f0e54af35964a3fb347359836bec035,ac80a444b6ce417ebc39f0e19499edbd,9a710dc7e170450e94f1b93d4ba6178a,1535659332198957,False,34656,33237,0.35619212962962965,16325,0.01968195408950617,2.035957120980092,33194,0.414925,6007,3.754375,5.525886465789911,19560,0.43660714285714286,55,3.8488420124271454
scene-0539,2f0e54af35964a3fb347359836bec035,6699f5e8aec64b678c29d67f294fe45f,9a710dc7e170450e94f1b93d4ba6178a,1535659332249273,False,34624,33190,0.3556884430727023,16265,0.01960961612654321,2.0405779280664,33144,0.4143,5994,3.74625,5.52952952952953,19563,0.43667410714285715,55,3.852423676279077
scene-0539,2f0e54af35964a3fb347359836bec035,7ae721446ede45cb84e4bc0b7a9e9c34,9a710dc7e170450e94f1b93d4ba6178a,1535659332299057,False,34656,33231,0.356127829218107,16225,0.019561390817901234,2.048135593220339,33188,0.41485,5962,3.72625,5.566588393156659,19555,0.43649553571428573,55,3.8566078260780294
scene-0539,2f0e54af35964a3fb347359836bec035,dd419baedc244d37859ebca091aa60bc,9a710dc7e170450e94f1b93d4ba6178a,1535659332348808,False,34688,33244,0.35626714677640603,16308,0.019661458333333333,2.0385087073828796,33198,0.414975,6000,3.75,5.533,19524,0.4358035714285714,55,3.8614321460807415
scene-0539,2f0e54af35964a3fb347359836bec035,4099e2a2a2524e9792012ce0166bbe85,9a710dc7e170450e94f1b93d4ba6178a,1535659332398570,False,34656,33197,0.35576346021947874,16247,0.01958791473765432,2.043269526681849,33149,0.4143625,5969,3.730625,5.5535265538616185,19512,0.4355357142857143,55,3.8668990449097898
scene-0539,2f0e54af35964a3fb347359836bec035,7190755eacb74c09b470e65bf83e4670,9a710dc7e170450e94f1b93d4ba6178a,1535659332448885,False,34688,33202,0.3558170438957476,16246,0.01958670910493827,2.0437030653699373,33151,0.4143875,5953,3.720625,5.56878884596002,19495,0.43515625,55,3.8730685906875086
scene-0539,2f0e54af35964a3fb347359836bec035,7fc952bc59eb4b4789e681a1cabae206,9a710dc7e170450e94f1b93d4ba6178a,1535659332498755,False,34688,33238,0.3562028463648834,16206,0.019538483796296295,2.050968776996174,33189,0.4148625,6005,3.753125,5.526894254787677,19524,0.4358035714285714,55,3.872197085311115
scene-0539,2f0e54af35964a3fb347359836bec035,e035c6b0711144f7a981584d57ef89ad,9a710dc7e170450e94f1b93d4ba6178a,1535659332548451,False,34720,33251,0.35634216392318246,16300,0.019651813271604937,2.0399386503067483,33207,0.4150875,6004,3.7525,5.530812791472352,19493,0.4351116071428571,55,3.87070131527354
scene-0539,2f0e54af35964a3fb347359836bec035,7c063b06fa294892b2527afc9818eb35,9a710dc7e170450e94f1b93d4ba6178a,1535659332598760,False,34720,33249,0.35632073045267487,16217,0.01955174575617284,2.050255904297959,33206,0.415075,6009,3.755625,5.526044266932934,19536,0.43607142857142855,55,3.868845408759614
scene-0539,2f0e54af35964a3fb347359836bec035,3d814b0d30714e5f9c1ef035641a0a82,9a710dc7e170450e94f1b93d4ba6178a,1535659332648536,True,34688,33219,0.3559992283950617,16235,0.019573447145061727,2.046134893748075,33179,0.4147375,5987,3.741875,5.5418406547519625,19527,0.4358705357142857,55,3.8633504298110397
scene-0539,2f0e54af35964a3fb347359836bec035,a9b4953b22ce449e8707c0f1f7793e92,f6498664b9ae46ea897e7a34c0ac7ee1,1535659332698852,False,34720,33253,0.35636359739369,16220,0.019555362654320986,2.050123304562269,33215,0.4151875,6007,3.754375,5.529382387214916,19571,0.43685267857142857,55,3.86266137439171
scene-0539,2f0e54af35964a3fb347359836bec035,deb4d7962cea4ab887b8b79f5d217b54,f6498664b9ae46ea897e7a34c0ac7ee1,1535659332748595,False,34752,33280,0.35665294924554186,16285,0.019633728780864196,2.043598403438747,33246,0.415575,5991,3.744375,5.549323985978968,19495,0.43515625,55,3.8619227003204246
scene-0539,2f0e54af35964a3fb347359836bec035,2e5031752edc49f9818b24c785e64267,f6498664b9ae46ea897e7a34c0ac7ee1,1535659332798942,False,34720,33258,0.35641718106995884,16261,0.019604793595679012,2.045261669024045,33225,0.4153125,5966,3.72875,5.569057995306738,19606,0.4376339285714286,55,3.86162313921595
scene-0539,2f0e54af35964a3fb347359836bec035,3644dd3aa6ae467991e3acb7cd7a9ae0,f6498664b9ae46ea897e7a34c0ac7ee1,1535659332848699,False,34720,33238,0.3562028463648834,16329,0.01968677662037037,2.035519627656317,33206,0.415075,5995,3.746875,5.538949124270225,19607,0.43765625,55,3.8604049437757313
scene-0539,2f0e54af35964a3fb347359836bec035,758c7b4852f24959a43844e06d307322,f6498664b9ae46ea897e7a34c0ac7ee1,1535659332898471,False,34752,33244,0.35626714677640603,16356,0.019719328703703704,2.0325262900464662,33204,0.41505,5982,3.73875,5.550651955867603,19584,0.43714285714285717,55,3.8586924952306174
scene-0539,2f0e54af35964a3fb347359836bec035,aebe780a733743dcb419110cbdb6c844,f6498664b9ae46ea897e7a34c0ac7ee1,1535659332948763,False,34752,33238,0.3562028463648834,16461,0.01984592013888889,2.0191968896178847,33200,0.415,6007,3.754375,5.52688530048277,19573,0.4368973214285714,55,3.857502425164416
scene-0539,2f0e54af35964a3fb347359836bec035,4ab18552b50646e182d0501e3785a103,f6498664b9ae46ea897e7a34c0ac7ee1,1535659332998537,False,34752,33263,0.3564707647462277,16445,0.019826630015432098,2.022681666159927,33215,0.4151875,6007,3.754375,5.529382387214916,19555,0.43649553571428573,55,3.856580197535119
scene-0539,2f0e54af35964a3fb347359836bec035,5bf64b6ceb2245619c0ba6df2e8806ec,f6498664b9ae46ea897e7a34c0ac7ee1,1535659333048865,False,34752,33217,0.35597779492455417,16365,0.019730179398148147,2.029758631225176,33156,0.41445,6022,3.76375,5.505812022583859,19592,0.4373214285714286,55,3.8558610873441173
scene-0539,2f0e54af35964a3fb347359836bec035,f97f13c8fcb34531a3c14dca991c1efc,f6498664b9ae46ea897e7a34c0ac7ee1,1535659333098624,False,34752,33219,0.3559992283950617,16427,0.01980492862654321,2.0222195166494186,33144,0.4143,6047,3.779375,5.4810649909045805,19487,0.43497767857142855,55,3.8554360052266414
scene-0539,2f0e54af35964a3fb347359836bec035,5c5b470f705b436a8b0996ab13be74e7,f6498664b9ae46ea897e7a34c0ac7ee1,1535659333148956,False,34752,33205,0.3558491941015089,16371,0.019737413194444445,2.0282817176714922,33104,0.4138,5979,3.736875,5.536711824719853,17588,0.3925892857142857,55,3.855431912626531
scene-0539,2f0e54af35964a3fb347359836bec035,8ac2547d8bec457bae80b7433b1762a0,f6498664b9ae46ea897e7a34c0ac7ee1,1535659333198736,True,34752,33167,0.3554419581618656,16332,0.019690393518518517,2.030798432525104,33068,0.41335,5962,3.72625,5.546460919154646,18080,0.4035714285714286,55,3.8559323560732435
scene-0539,2f0e54af35964a3fb347359836bec035,359671b1fa444bd1801a6a0b2f16eac4,739aee69745c4f9ea12f030c8b529ab0,1535659333249027,False,34752,33190,0.3556884430727023,16345,0.01970606674382716,2.0305903946160906,33089,0.4136125,6027,3.766875,5.490127758420441,13826,0.30861607142857145,54,3.8548675361445284
scene-0539,2f0e54af35964a3fb347359836bec035,487b5b8a73884689937524d1633b3a4c,739aee69745c4f9ea12f030c8b529ab0,1535659333298807,False,34720,33145,0.35520618998628256,16350,0.01971209490740741,2.027217125382263,33046,0.413075,5933,3.708125,5.569863475476151,13841,0.30895089285714283,54,3.8550070228363773
scene-0539,2f0e54af35964a3fb347359836bec035,de8f278550de478f8c487277d9cb8de5,739aee69745c4f9ea12f030c8b529ab0,1535659333349117,False,34720,33124,0.35498113854595337,16335,0.019694010416666668,2.027793082338537,33022,0.412775,5946,3.71625,5.553649512277161,13902,0.3103125,54,3.855697588772142
scene-0539,2f0e54af35964a3fb347359836bec035,a425c3f8337e4717a4545fa3f090c892,739aee69745c4f9ea12f030c8b529ab0,1535659333398922,False,34720,33150,0.35525977366255146,16316,0.01967110339506173,2.0317479774454523,33053,0.4131625,5944,3.715,5.560733512786003,19151,0.4274776785714286,54,3.856941794159565
scene-0539,2f0e54af35964a3fb347359836bec035,d153bdaadc744d05b9818dcf8afbeb35,739aee69745c4f9ea12f030c8b529ab0,1535659333449197,False,34688,33111,0.3548418209876543,16331,0.01968918788580247,2.0274937235931665,33013,0.4126625,5985,3.740625,5.515956558061821,19539,0.43613839285714284,54,3.858785242551719
scene-0539,2f0e54af35964a3fb347359836bec035,bfea20667eee4ab8b0ff12036a7d0e93,739aee69745c4f9ea12f030c8b529ab0,1535659333498974,False,34688,33111,0.3548418209876543,16404,0.019777199074074076,2.018471104608632,33011,0.4126375,6052,3.7825,5.454560475875744,19425,0.43359375,54,3.861041441688865
scene-0539,2f0e54af35964a3fb347359836bec035,4a32e4ced9034274857951a6867007ed,739aee69745c4f9ea12f030c8b529ab0,1535659333548730,False,34688,33081,0.35452031893004116,16300,0.019651813271604937,2.029509202453988,32992,0.4124,6048,3.78,5.455026455026455,13805,0.30814732142857143,54,3.863864136952147
scene-0539,2f0e54af35964a3fb347359836bec035,33ce487f06954b779b1ade812553181d,739aee69745c4f9ea12f030c8b529ab0,1535659333599060,False,34688,33088,0.35459533607681754,16425,0.019802517361111112,2.0144901065449012,32993,0.4124125,6035,3.771875,5.466942833471417,13918,0.3106696428571429,54,3.867388504074623
scene-0539,2f0e54af35964a3fb347359836bec035,23852789ac58462d8829a9c980a4d27c,739aee69745c4f9ea12f030c8b529ab0,1535659333648848,True,34688,33070,0.35440243484224965,16415,0.01979046103395062,2.014620773682607,32982,0.412275,6072,3.795,5.431818181818182,19387,0.4327455357142857,54,3.871577882348543
scene-0539,2f0e54af35964a3fb347359836bec035,a2b7ffcd605047b1baa710c9cec1fb48,9c1025fd6dfd46c599b7cc4d1e01e811,1535659333698628,False,34656,33073,0.35443458504801095,16526,0.0199242862654321,2.0012707249183106,32979,0.4122375,6138,3.83625,5.372922776148583,19328,0.43142857142857144,54,4.317717566561495
scene-0539,2f0e54af35964a3fb347359836bec035,3220b1e25c2d46e18f49b0cba1a4fb4e,9c1025fd6dfd46c599b7cc4d1e01e811,1535659333748345,False,34688,33113,0.35486325445816186,16627,0.020046055169753087,1.9915198171648523,33018,0.412725,6168,3.855,5.353112840466926,14425,0.32198660714285715,54,4.335249864902057
scene-0539,2f0e54af35964a3fb347359836bec035,a5157dcb4bf54cc19eb88088c08f8217,9c1025fd6dfd46c599b7cc4d1e01e811,1535659333798678,False,34688,33125,0.35499185528120714,16521,0.01991825810185185,2.0050239089643482,33033,0.4129125,6156,3.8475,5.365984405458089,19215,0.42890625,54,4.353607816167276
scene-0539,2f0e54af35964a3fb347359836bec035,5dd1d0780ef849808cad2c94ccc065b1,9c1025fd6dfd46c599b7cc4d1e01e811,1535659333848437,False,34688,33120,0.3549382716049383,16648,0.020071373456790123,1.9894281595386833,33026,0.412825,6171,3.856875,5.351806838437854,13922,0.31075892857142856,54,4.372382535971632
scene-0539,2f0e54af35964a3fb347359836bec035,b9d9971f000f44a9aa3475cb64cf4118,9c1025fd6dfd46c599b7cc4d1e01e811,1535659333898760,False,34720,33156,0.35532407407407407,16635,0.020055700231481483,1.9931469792605951,33059,0.4132375,6203,3.876875,5.329517975173303,13989,0.3122544642857143,54,4.3920248700811495
scene-0539,2f0e54af35964a3fb347359836bec035,87a54ad8148948a5ad27fb81b76072e4,9c1025fd6dfd46c599b7cc4d1e01e811,1535659333948564,False,34720,33127,0.3550132887517147,16625,0.020043643904320986,1.9926015037593985,33034,0.412925,6201,3.875625,5.327205289469441,19523,0.43578125,54,4.411516898446637
scene-0539,2f0e54af35964a3fb347359836bec035,15481abf4b794b959743c350963cdb9d,9c1025fd6dfd46c599b7cc4d1e01e811,1535659333998286,False,34688,33101,0.3547346536351166,16691,0.020123215663580246,1.9831645797136181,33014,0.412675,6208,3.88,5.317976804123711,19537,0.43609375,54,4.431497344552803
scene-0539,2f0e54af35964a3fb347359836bec035,88438b6df52141ae8070fa21a7470726,9c1025fd6dfd46c599b7cc4d1e01e811,1535659334048610,True,34720,33132,0.3550668724279835,16618,0.02003520447530864,1.9937417258394512,33046,0.413075,6188,3.8675,5.340336134453781,19550,0.43638392857142855,54,4.4524098326907495
scene-0539,2f0e54af35964a3fb347359836bec035,dce96ff394b247d8aceb9b027518b6e1,3d2d55013350465788c46ea7655305f0,1535659334098400,False,34752,33148,0.3552383401920439,16710,0.020146122685185185,1.9837223219628966,33061,0.4132625,6207,3.879375,5.326405671016595,19562,0.4366517857142857,50,4.178007103903878
scene-0539,2f0e54af35964a3fb347359836bec035,4e2db66a15524c1993e6aba6c6bc7efa,3d2d55013350465788c46ea7655305f0,1535659334148701,False,34720,33118,0.3549168381344307,16733,0.020173852237654322,1.9792027729636048,33031,0.4128875,6220,3.8875,5.310450160771704,19400,0.4330357142857143,50,4.183799274452114
scene-0539,2f0e54af35964a3fb347359836bec035,10f2a02101ba417aab1c7bd6fd670264,3d2d55013350465788c46ea7655305f0,1535659334198475,False,34752,33107,0.35479895404663925,16648,0.020071373456790123,1.9886472849591543,33023,0.4127875,6229,3.893125,5.301493016535559,13967,0.3117633928571429,50,4.1897962476754405
scene-0539,2f0e54af35964a3fb347359836bec035,03b1cde19aac447a82377f80079d2102,3d2d55013350465788c46ea7655305f0,1535659334248784,False,34720,33074,0.3544453017832647,16555,0.01995924961419753,1.9978254303835699,32982,0.412275,6249,3.905625,5.27796447431589,13842,0.3089732142857143,50,4.196702633621817
scene-0539,2f0e54af35964a3fb347359836bec035,7a1a862c2c754c23b99c2e9ee1a21d24,3d2d55013350465788c46ea7655305f0,1535659334298550,False,34752,33106,0.3547882373113855,16619,0.02003641010802469,1.9920572838317587,33044,0.41305,6271,3.919375,5.269335034284803,13853,0.30921875,50,4.203360214924151
scene-0539,2f0e54af35964a3fb347359836bec035,421f364618174123a20d8f7a1a2931b1,3d2d55013350465788c46ea7655305f0,1535659334348894,False,34752,33104,0.35476680384087794,16710,0.020146122685185185,1.9810891681627767,33039,0.4129875,6300,3.9375,5.244285714285715,14158,0.3160267857142857,50,4.206436190541462
scene-0539,2f0e54af35964a3fb347359836bec035,4c95412e555147ecbbf0b5a54826cde4,3d2d55013350465788c46ea7655305f0,1535659334398643,False,34752,33125,0.35499185528120714,16750,0.02019434799382716,1.9776119402985075,33062,0.413275,6284,3.9275,5.261298535964354,19527,0.4358705357142857,50,4.210053123224541
scene-0539,2f0e54af35964a3fb347359836bec035,da903e0ab27540e4ae59f1ae2b0786ef,3d2d55013350465788c46ea7655305f0,1535659334448948,False,34752,33171,0.35548482510288065,16904,0.020380015432098764,1.9623166114529105,33111,0.4138875,6351,3.969375,5.213509683514407,19520,0.4357142857142857,50,4.21451118669608
scene-0539,2f0e54af35964a3fb347359836bec035,5d3e9d0334bd4f14b37d638fc224a5d3,3d2d55013350465788c46ea7655305f0,1535659334498759,False,34720,33158,0.3553455075445816,16764,0.020211226851851852,1.97792889525173,33100,0.41375,6343,3.964375,5.218350938041936,19523,0.43578125,50,4.219698255347769
scene-0539,2f0e54af35964a3fb347359836bec035,9adbee1a4445478ca1636f126283416b,3d2d55013350465788c46ea7655305f0,1535659334548480,True,34720,33191,0.3556991598079561,16811,0.020267891589506173,1.974362024864672,33129,0.4141125,6337,3.960625,5.227868076376835,19563,0.43667410714285715,50,4.225622691554336
scene-0539,2f0e54af35964a3fb347359836bec035,88e5828950d2495cb240813594b41d31,16bacdf6ad9348ecb354110ae2b36ff9,1535659334598816,False,34720,33196,0.355752743484225,16764,0.020211226851851852,1.9801956573610118,33125,0.4140625,6348,3.9675,5.21817895400126,19559,0.4365848214285714,49,4.3754628627653585
scene-0539,2f0e54af35964a3fb347359836bec035,607ea9942b964f90b4007949ee3b221d,16bacdf6ad9348ecb354110ae2b36ff9,1535659334648578,False,34720,33186,0.35564557613168724,16741,0.020183497299382715,1.9823188578937936,33130,0.414125,6338,3.96125,5.227201009782266,19526,0.4358482142857143,49,4.384273011193403
scene-0539,2f0e54af35964a3fb347359836bec035,9179d3181f1042f9950c1269a2494f6a,16bacdf6ad9348ecb354110ae2b36ff9,1535659334698887,False,34720,33145,0.35520618998628256,16701,0.02013527199074074,1.9846116998982097,33091,0.4136375,6346,3.96625,5.214465805231642,19479,0.43479910714285713,49,4.39400501561432
scene-0539,2f0e54af35964a3fb347359836bec035,fc62a21a494b4523a403c1907513f0eb,16bacdf6ad9348ecb354110ae2b36ff9,1535659334748657,False,34688,33125,0.35499185528120714,16726,0.020165412808641977,1.9804495994260434,33060,0.41325,6346,3.96625,5.209580838323354,19433,0.4337723214285714,49,4.404232317507214
scene-0539,2f0e54af35964a3fb347359836bec035,7c3427aae7764a8583bc657f287c134d,16bacdf6ad9348ecb354110ae2b36ff9,1535659334798417,False,34688,33132,0.3550668724279835,16837,0.020299238040123457,1.9678089921007305,33068,0.41335,6361,3.975625,5.1985536865272755,13970,0.3118303571428571,49,4.41509094443282
scene-0539,2f0e54af35964a3fb347359836bec035,f8378d0927e241fdabea6b22779451d6,16bacdf6ad9348ecb354110ae2b36ff9,1535659334848742,False,34688,33111,0.3548418209876543,16962,0.02044994212962963,1.9520693314467634,33043,0.4130375,6427,4.016875,5.141278979306053,16462,0.36745535714285715,49,4.426841040630374
scene-0539,2f0e54af35964a3fb347359836bec035,a2e6965bc8304e6ab31abf912ba8e38d,16bacdf6ad9348ecb354110ae2b36ff9,1535659334898532,False,34656,33112,0.3548525377229081,16944,0.02042824074074074,1.9542020774315392,33027,0.4128375,6353,3.970625,5.198646308830474,13982,0.31209821428571427,49,4.439207852650481
scene-0539,2f0e54af35964a3fb347359836bec035,3ce87097e5f745fcaccb255ce5f82d3c,16bacdf6ad9348ecb354110ae2b36ff9,1535659334948268,False,34688,33133,0.3550775891632373,16876,0.020346257716049383,1.9633206921071344,33028,0.41285,6333,3.958125,5.215221853781778,13911,0.31051339285714286,49,4.452279375001174
scene-0539,2f0e54af35964a3fb347359836bec035,87ca4f54bf9646af9e2456307830f627,16bacdf6ad9348ecb354110ae2b36ff9,1535659334998602,False,34688,33143,0.355184756515775,16848,0.0203125,1.9671771130104463,33045,0.4130625,6355,3.971875,5.1998426435877265,14287,0.31890625,49,4.466220291126423
scene-0539,2f0e54af35964a3fb347359836bec035,abd11cd85e90442bbfe277210ba4e570,16bacdf6ad9348ecb354110ae2b36ff9,1535659335048366,True,34720,33161,0.3553776577503429,16758,0.020203993055555557,1.9788160878386443,33059,0.4132375,6342,3.96375,5.212708924629454,14951,0.3337276785714286,49,4.480689613537748
scene-0539,2f0e54af35964a3fb347359836bec035,27a5d090e0bd4ba0ba368b1939844bef,6c0eba722d794d74a9963cac8e2412b0,1535659335098134,False,34688,33126,0.3550025720164609,16605,0.02001953125,1.9949412827461608,33027,0.4128375,6299,3.936875,5.243213208445785,14090,0.3145089285714286,48,4.970943877297958
scene-0539,2f0e54af35964a3fb347359836bec035,39d8e901fa4a45aaace3f43280171e4e,6c0eba722d794d74a9963cac8e2412b0,1535659335148461,False,34720,33163,0.3553990912208505,16580,0.019989390432098766,2.000180940892642,33067,0.4133375,6280,3.925,5.265445859872611,14018,0.31290178571428573,48,5.000223335478478
scene-0539,2f0e54af35964a3fb347359836bec035,e6a9ff28e90d4dea8344745d1102dd38,6c0eba722d794d74a9963cac8e2412b0,1535659335198224,False,34720,33170,0.3554741083676269,16685,0.02011598186728395,1.9880131854959544,33071,0.4133875,6332,3.9575,5.222836386607707,14059,0.31381696428571426,48,5.024258166904061
scene-0539,2f0e54af35964a3fb347359836bec035,d609c409ddd8493aa014a4c732fac7d2,6c0eba722d794d74a9963cac8e2412b0,1535659335248528,False,34720,33187,0.355656292866941,16842,0.020305266203703702,1.9704904405652535,33098,0.413725,6376,3.985,5.191028858218319,14153,0.3159151785714286,48,5.049207354484743
scene-0539,2f0e54af35964a3fb347359836bec035,ac665ca9f0464941a7767420896afe16,6c0eba722d794d74a9963cac8e2412b0,1535659335298339,False,34720,33214,0.35594564471879286,16909,0.020386043595679013,1.9642793778461174,33143,0.4142875,6436,4.0225,5.1496270975761345,14085,0.3143973214285714,48,5.074679398799187
scene-0539,2f0e54af35964a3fb347359836bec035,aad3174c38734615b4a4da12fd7113bb,6c0eba722d794d74a9963cac8e2412b0,1535659335348063,False,34720,33243,0.35625643004115226,16881,0.02035228587962963,1.9692553758663587,33172,0.41465,6419,4.011875,5.167783143791868,14012,0.31276785714285715,48,5.10085362196406
scene-0539,2f0e54af35964a3fb347359836bec035,12c9a606e93e4330a21ea517dc8b678e,6c0eba722d794d74a9963cac8e2412b0,1535659335398389,False,34752,33306,0.3569315843621399,16817,0.020275125385802468,1.980495926740798,33234,0.415425,6379,3.986875,5.209907509013952,14068,0.3140178571428571,48,5.127685566262223
scene-0539,2f0e54af35964a3fb347359836bec035,52a3b3ab85484de2a8ea80bcc05fc4e0,6c0eba722d794d74a9963cac8e2412b0,1535659335448140,False,34720,33311,0.3569851680384088,16790,0.020242573302469136,1.9839785586658725,33232,0.4154,6394,3.99625,5.197372536753206,14073,0.3141294642857143,48,5.152822047240838
scene-0539,2f0e54af35964a3fb347359836bec035,db8ed4bdc5f94463b61e5634080c9d19,6c0eba722d794d74a9963cac8e2412b0,1535659335498468,False,34720,33363,0.3575424382716049,16724,0.020163001543209876,1.994917483855537,33284,0.41605,6383,3.989375,5.214475951746827,14098,0.3146875,48,5.171200367507662
scene-0539,2f0e54af35964a3fb347359836bec035,04ec486394744860995e5d1b64a99c15,6c0eba722d794d74a9963cac8e2412b0,1535659335549424,True,34720,33364,0.3575531550068587,16710,0.020146122685185185,1.9966487133453021,33276,0.41595,6341,3.963125,5.247752720391105,14098,0.3146875,48,5.184071489901964
scene-0539,2f0e54af35964a3fb347359836bec035,bfa7dd59929b4e29ace8dbafefadd0b1,4804690c02a941a7af77cc3ef238bca9,1535659335598571,False,34720,33393,0.3578639403292181,16706,0.020141300154320987,1.9988626840656052,33315,0.4164375,6364,3.9775,5.234915147705846,14148,0.3158035714285714,45,5.251689194027708
scene-0539,2f0e54af35964a3fb347359836bec035,5848ce11f1ba431d99deecde1f907d28,4804690c02a941a7af77cc3ef238bca9,1535659335648396,False,34752,33385,0.35777820644718794,16767,0.02021484375,1.9911134967495676,33315,0.4164375,6399,3.999375,5.206282231598688,14152,0.31589285714285714,45,5.252503410274881
scene-0539,2f0e54af35964a3fb347359836bec035,e1cacfa47b794a29ad151edb5aef1454,4804690c02a941a7af77cc3ef238bca9,1535659335698097,False,34720,33345,0.35734953703703703,16815,0.02027271412037037,1.9830508474576272,33267,0.4158375,6337,3.960625,5.249644942401767,14089,0.31448660714285714,45,5.254241979729164
scene-0539,2f0e54af35964a3fb347359836bec035,34d76f0e2d31458196478756f126e9f2,4804690c02a941a7af77cc3ef238bca9,1535659335748420,False,34752,33407,0.3580139746227709,16753,0.02019796489197531,1.994090610636901,33323,0.4165375,6385,3.990625,5.218950665622553,14171,0.31631696428571426,45,5.256957760640444
scene-0539,2f0e54af35964a3fb347359836bec035,f50b9689d6c447218cdbb26c117a889c,4804690c02a941a7af77cc3ef238bca9,1535659335798197,False,34752,33365,0.35756387174211246,16703,0.02013768325617284,1.9975453511345267,33300,0.41625,6324,3.9525,5.265654648956357,14192,0.3167857142857143,45,5.260599348546865
scene-0539,2f0e54af35964a3fb347359836bec035,dee543a310bf47cc872fe6f7fdeb5aa7,4804690c02a941a7af77cc3ef238bca9,1535659335848533,False,34752,33408,0.35802469135802467,16632,0.020052083333333335,2.0086580086580086,33352,0.4169,6288,3.93,5.304071246819339,14225,0.31752232142857145,45,5.265253925621443
scene-0539,2f0e54af35964a3fb347359836bec035,3d1c4e8b2e9745db87516eee07bf64c8,4804690c02a941a7af77cc3ef238bca9,1535659335898276,False,34720,33340,0.3572959533607682,16570,0.019977334104938273,2.012070006035003,33292,0.41615,6327,3.954375,5.261893472419788,14278,0.31870535714285714,45,5.27079532708905
scene-0539,2f0e54af35964a3fb347359836bec035,6722c1988d7a45efa044d9da91a8de85,4804690c02a941a7af77cc3ef238bca9,1535659335948584,False,34784,33417,0.35812114197530864,16583,0.019993007330246913,2.015135982632817,33371,0.4171375,6348,3.9675,5.2569313169502205,14206,0.3170982142857143,45,5.277320046988023
scene-0539,2f0e54af35964a3fb347359836bec035,d4842ccb6cbe4b81ad0f2dab29f112ed,4804690c02a941a7af77cc3ef238bca9,1535659335998341,False,34752,33430,0.3582604595336077,16671,0.02009910300925926,2.005278627556835,33385,0.4173125,6321,3.950625,5.281601012498022,14204,0.31705357142857143,45,5.284499643094074
scene-0539,2f0e54af35964a3fb347359836bec035,6f8424d0374f4094aa92a74830a34d60,4804690c02a941a7af77cc3ef238bca9,1535659336048660,True,34752,33473,0.3587212791495199,16783,0.02023413387345679,1.9944586784245963,33432,0.4179,6374,3.98375,5.245058048321305,14220,0.31741071428571427,45,5.292717038928604
scene-0539,2f0e54af35964a3fb347359836bec035,d288353c6eae429ab8295a7a9c476562,24c64836c81f4ca4ba66ae940f43d9bb,1535659336098447,False,34752,33460,0.35858196159122085,16830,0.020290798611111112,1.988116458704694,33425,0.4178125,6345,3.965625,5.267927501970055,14228,0.31758928571428574,48,5.988129331957708
scene-0539,2f0e54af35964a3fb347359836bec035,21e65038641a4b309f0110ce5595854e,24c64836c81f4ca4ba66ae940f43d9bb,1535659336148775,False,34784,33504,0.35905349794238683,16788,0.020240162037037036,1.995711222301644,33462,0.418275,6307,3.941875,5.305533534168385,14257,0.3182366071428571,48,6.000818344177266
scene-0539,2f0e54af35964a3fb347359836bec035,223cee201f7d4fe3a42b8a348aae3dd3,24c64836c81f4ca4ba66ae940f43d9bb,1535659336199073,False,34752,33480,0.3587962962962963,16820,0.02027874228395062,1.990487514863258,33440,0.418,6333,3.958125,5.280277909363651,14395,0.32131696428571427,48,6.014499519403223
scene-0539,2f0e54af35964a3fb347359836bec035,f92ccf31a0b646f5b9b998395de4cf32,24c64836c81f4ca4ba66ae940f43d9bb,1535659336248837,False,34784,33495,0.35895704732510286,16761,0.020207609953703704,1.9983891175944155,33451,0.4181375,6265,3.915625,5.339345570630487,19546,0.43629464285714287,48,6.028056832752725
scene-0539,2f0e54af35964a3fb347359836bec035,e5443a2571a94ebcba2443190389c0a1,24c64836c81f4ca4ba66ae940f43d9bb,1535659336299160,False,34752,33475,0.35874271262002744,16677,0.020106336805555555,2.007255501589015,33439,0.4179875,6265,3.915625,5.337430167597765,19660,0.4388392857142857,48,6.04209828040354
scene-0539,2f0e54af35964a3fb347359836bec035,2ad51bae642b4d3e8042fbcfc1fd3d67,24c64836c81f4ca4ba66ae940f43d9bb,1535659336348921,False,34784,33528,0.3593106995884774,16728,0.020167824074074074,2.004304160688666,33488,0.4186,6242,3.90125,5.364947132329382,19749,0.44082589285714285,48,6.056681302632544
scene-0539,2f0e54af35964a3fb347359836bec035,66a4ed7889744d2e930796d577ace82a,24c64836c81f4ca4ba66ae940f43d9bb,1535659336399262,False,34752,33502,0.3590320644718793,16775,0.020224488811728395,1.9971385991058122,33461,0.4182625,6236,3.8975,5.365779345734445,19782,0.4415625,48,6.072113481897593
scene-0539,2f0e54af35964a3fb347359836bec035,8d60e5472ce74e479b2f97de7d63d5d5,24c64836c81f4ca4ba66ae940f43d9bb,1535659336449007,False,34752,33529,0.35932141632373116,16860,0.02032696759259259,1.9886714116251483,33486,0.418575,6204,3.8775,5.397485493230174,19784,0.44160714285714286,48,6.08800710164306
scene-0539,2f0e54af35964a3fb347359836bec035,6c627cb81d4b4c55b4d7944f3bf00948,24c64836c81f4ca4ba66ae940f43d9bb,1535659336499329,False,34752,33547,0.35951431755829905,16908,0.020384837962962962,1.984090371421812,33510,0.418875,6220,3.8875,5.387459807073955,19726,0.4403125,48,6.104709703926209
scene-0539,2f0e54af35964a3fb347359836bec035,ce315f1cbda840cd985569339da4f041,24c64836c81f4ca4ba66ae940f43d9bb,1535659336549132,True,34752,33549,0.3595357510288066,16940,0.020423418209876542,1.9804604486422668,33513,0.4189125,6222,3.88875,5.386210221793635,19752,0.44089285714285714,48,6.121832740235948
scene-0539,2f0e54af35964a3fb347359836bec035,656d272e3f7d4941ba93d31f68750b43,2ebde5bf91fa4930ac37e12e489d2f27,1535659336599406,False,34752,33590,0.35997513717421126,16985,0.020477671682098766,1.9776273182219606,33547,0.4193375,6237,3.898125,5.378707712041045,19795,0.44185267857142857,46,5.594801428146837
scene-0539,2f0e54af35964a3fb347359836bec035,4741b044f2e8466d967a522eb15641bc,2ebde5bf91fa4930ac37e12e489d2f27,1535659336649172,False,34784,33636,0.3604681069958848,16994,0.02048852237654321,1.979286807108391,33588,0.41985,6229,3.893125,5.392197784556108,19804,0.44205357142857143,46,5.597106048158177
scene-0539,2f0e54af35964a3fb347359836bec035,3fd28dea879c465da16035b5d8725e44,2ebde5bf91fa4930ac37e12e489d2f27,1535659336699495,False,34720,33605,0.36013588820301784,17102,0.020618730709876545,1.9649748567419014,33556,0.41945,6258,3.91125,5.362096516458933,19804,0.44205357142857143,46,5.595506956592788
scene-0539,2f0e54af35964a3fb347359836bec035,bad5d3e91669419583ad730ef9c924f2,2ebde5bf91fa4930ac37e12e489d2f27,1535659336749255,False,34752,33659,0.36071459190672156,17172,0.020703125,1.960109480549732,33609,0.4201125,6201,3.875625,5.419932268988873,19892,0.44401785714285713,46,5.59346554181744
scene-0539,2f0e54af35964a3fb347359836bec035,72b10cb1d66743528b600e8c088e2030,2ebde5bf91fa4930ac37e12e489d2f27,1535659336799587,False,34720,33639,0.3605002572016461,17344,0.020910493827160495,1.9395179889298892,33588,0.41985,6245,3.903125,5.378382706164932,19853,0.44314732142857144,46,5.592216110641139
scene-0539,2f0e54af35964a3fb347359836bec035,1454ce919686435e902224658f8666a4,2ebde5bf91fa4930ac37e12e489d2f27,1535659336849360,False,34720,33617,0.3602644890260631,17330,0.020893614969135804,1.9398153491055972,33565,0.4195625,6153,3.845625,5.455062571103527,19841,0.4428794642857143,46,5.588731321465408
scene-0539,2f0e54af35964a3fb347359836bec035,c5789beb9b4a4ccfac3fa1cfc30308e7,2ebde5bf91fa4930ac37e12e489d2f27,1535659336899121,False,34720,33628,0.36038237311385457,17358,0.020927372685185186,1.9373199677382187,33578,0.419725,6183,3.864375,5.43069707261847,19852,0.443125,46,5.584208671515739
scene-0539,2f0e54af35964a3fb347359836bec035,c1932e536d7b401ea0589d5854380894,2ebde5bf91fa4930ac37e12e489d2f27,1535659336949445,False,34720,33689,0.3610360939643347,17365,0.02093581211419753,1.9400518283904404,33635,0.4204375,6152,3.845,5.467327698309493,19894,0.4440625,46,5.580568275538278
scene-0539,2f0e54af35964a3fb347359836bec035,9fa475a805f241f79d51a7b040e9a3e6,2ebde5bf91fa4930ac37e12e489d2f27,1535659336999209,False,34688,33655,0.36067172496570643,17310,0.020869502314814815,1.9442518775274409,33591,0.4198875,6116,3.8225,5.492315238718116,19837,0.44279017857142855,46,5.577931546962058
scene-0539,2f0e54af35964a3fb347359836bec035,2c21a679659d46628b2d148d43bf9e5b,2ebde5bf91fa4930ac37e12e489d2f27,1535659337049549,True,34688,33666,0.36078960905349794,17448,0.02103587962962963,1.9295048143053646,33603,0.4200375,6128,3.83,5.483518276762402,18509,0.4131473214285714,46,5.5762748818319
scene-0539,2f0e54af35964a3fb347359836bec035,3bf63c4092084f06941f97ca190b0529,5d75019058ae4acca81bcbbdd31473da,1535659337099350,False,34688,33707,0.3612289951989026,17479,0.02107325424382716,1.9284283997940386,33648,0.4206,6127,3.829375,5.491757793373592,19889,0.44395089285714284,46,5.35987168172003
scene-0539,2f0e54af35964a3fb347359836bec035,46bd949d62b2436694d599e4bb52a549,5d75019058ae4acca81bcbbdd31473da,1535659337149071,False,34688,33713,0.3612932956104252,17506,0.021105806327160494,1.9257968696446932,33659,0.4207375,6097,3.810625,5.520583893718222,19889,0.44395089285714284,46,5.355288313883663
scene-0539,2f0e54af35964a3fb347359836bec035,ef3d272cef114ddea0cbfecd0a95c39d,5d75019058ae4acca81bcbbdd31473da,1535659337199385,False,34688,33739,0.3615719307270233,17395,0.020971981095679014,1.9395803391779247,33676,0.42095,6050,3.78125,5.566280991735537,19898,0.4441517857142857,46,5.351784503648249
scene-0539,2f0e54af35964a3fb347359836bec035,f1a6004a3db14e8fba9288e9fb56f5e6,5d75019058ae4acca81bcbbdd31473da,1535659337249147,False,34688,33780,0.362011316872428,17407,0.020986448688271604,1.9405986097546963,33727,0.4215875,6051,3.781875,5.573789456288217,19903,0.44426339285714284,46,5.34785831513631
scene-0539,2f0e54af35964a3fb347359836bec035,82855d765ef84b0e9efad650d3262b69,5d75019058ae4acca81bcbbdd31473da,1535659337298907,False,34688,33768,0.3618827160493827,17455,0.021044319058641976,1.9345746204525924,33710,0.421375,6055,3.784375,5.56729975227085,19863,0.4433705357142857,46,5.343402937174947
scene-0539,2f0e54af35964a3fb347359836bec035,c69d2e25841e439886a887165d54e3cd,5d75019058ae4acca81bcbbdd31473da,1535659337349227,False,34688,33801,0.3622363683127572,17594,0.021211902006172838,1.9211663066954643,33760,0.422,6080,3.8,5.552631578947368,19948,0.44526785714285716,46,5.339024320592753
scene-0539,2f0e54af35964a3fb347359836bec035,4d22095596f747f784a104de901ca436,5d75019058ae4acca81bcbbdd31473da,1535659337398993,False,34720,33858,0.3628472222222222,17767,0.021420476466049384,1.9056678111104857,33815,0.4226875,6092,3.8075,5.550722258699935,19943,0.44515625,46,5.333463119231622
scene-0539,2f0e54af35964a3fb347359836bec035,42fa5023b2244bca8a6f6e16159cac41,5d75019058ae4acca81bcbbdd31473da,1535659337448772,False,34688,33865,0.36292223936899864,17870,0.02154465663580247,1.8950755456071628,33826,0.422825,6140,3.8375,5.509120521172639,19931,0.4448883928571429,46,5.328824212493054
scene-0539,2f0e54af35964a3fb347359836bec035,c5fc0a3ef33b4044a980e1d46bd29336,5d75019058ae4acca81bcbbdd31473da,1535659337499093,False,34720,33950,0.3638331618655693,17888,0.021566358024691357,1.8979203935599285,33911,0.4238875,6208,3.88,5.462467783505154,15075,0.3364955357142857,46,5.32504347621718
scene-0539,2f0e54af35964a3fb347359836bec035,7fd7d0500b1b40f082483b11185e1268,5d75019058ae4acca81bcbbdd31473da,1535659337548867,True,34752,34020,0.3645833333333333,17908,0.021590470679012347,1.8997096269823543,33989,0.4248625,6199,3.874375,5.482981125988062,20028,0.44705357142857144,46,5.322169555805604
scene-0539,2f0e54af35964a3fb347359836bec035,868c94210be14a6ab450f4bc8fcdddc5,1e18373d64cf4b7dbc31c019c8ccd211,1535659337599191,False,34720,33991,0.3642725480109739,17925,0.021610966435185185,1.8962900976290098,33959,0.4244875,6182,3.86375,5.493206082174054,20006,0.4465625,45,5.528052525979804
scene-0539,2f0e54af35964a3fb347359836bec035,ecd0c2f604bd40f7a0cc78be60ff9087,1e18373d64cf4b7dbc31c019c8ccd211,1535659337648954,False,34752,33974,0.3640903635116598,17992,0.021691743827160492,1.8882836816362827,33945,0.4243125,6158,3.84875,5.512341669373173,20021,0.4468973214285714,45,5.5240008035152455
scene-0539,2f0e54af35964a3fb347359836bec035,90820bd58f6e4277a04fa90290ba498f,1e18373d64cf4b7dbc31c019c8ccd211,1535659337699253,False,34784,33995,0.36431541495198905,18123,0.021849681712962962,1.875793190972797,33965,0.4245625,6155,3.846875,5.518277822908205,20075,0.44810267857142855,45,5.52075983783935
scene-0539,2f0e54af35964a3fb347359836bec035,b85194d6fbd343e88618cee486ff9375,1e18373d64cf4b7dbc31c019c8ccd211,1535659337749071,False,34752,33955,0.36388674554183814,18090,0.021809895833333332,1.877003869541183,33933,0.4241625,6115,3.821875,5.549141455437449,20022,0.44691964285714286,45,5.515026530121246
scene-0539,2f0e54af35964a3fb347359836bec035,7614b359327e441685139f6ecc7436f8,1e18373d64cf4b7dbc31c019c8ccd211,1535659337799335,False,34784,33956,0.3638974622770919,17973,0.021668836805555557,1.8892783619874256,33924,0.42405,6093,3.808125,5.567700640078779,20027,0.44703125,45,5.508247444704664
scene-0539,2f0e54af35964a3fb347359836bec035,55ae865731144cbbb341c9ce9636ce78,1e18373d64cf4b7dbc31c019c8ccd211,1535659337849116,False,34784,33936,0.3636831275720165,17959,0.021651957947530866,1.8896375076563283,33907,0.4238375,6117,3.823125,5.543076671571032,19954,0.44540178571428574,45,5.502077628645455
scene-0539,2f0e54af35964a3fb347359836bec035,22090ba14d5b437bb1be0ceb9c35df9f,1e18373d64cf4b7dbc31c019c8ccd211,1535659337899429,False,34784,33940,0.36372599451303156,17936,0.02162422839506173,1.8922836752899197,33896,0.4237,6088,3.805,5.567674113009199,19701,0.4397544642857143,45,5.492715085583754
scene-0539,2f0e54af35964a3fb347359836bec035,81d84fa9c6bc4778946ba59d6074d38b,1e18373d64cf4b7dbc31c019c8ccd211,1535659337949186,False,34752,33913,0.3634366426611797,18012,0.021715856481481482,1.8828003553186765,33863,0.4232875,6069,3.793125,5.57966716098204,19800,0.4419642857142857,45,5.481870094755435
scene-0539,2f0e54af35964a3fb347359836bec035,6dad6d633a5c4cf4966c9395c5b60992,1e18373d64cf4b7dbc31c019c8ccd211,1535659337999509,False,34752,33863,0.3629008058984911,18022,0.021727912808641975,1.878981245144823,33811,0.4226375,6060,3.7875,5.579372937293729,19834,0.44272321428571426,45,5.471511862533702
scene-0539,2f0e54af35964a3fb347359836bec035,6ef1fa4667794115a417916846220932,1e18373d64cf4b7dbc31c019c8ccd211,1535659338049283,True,34752,33895,0.3632437414266118,18045,0.021755642361111112,1.8783596564145193,33849,0.4231125,6053,3.783125,5.592103089377169,19815,0.44229910714285714,45,5.461863831561754
scene-0539,2f0e54af35964a3fb347359836bec035,5b46c63d13d44008ae415383f4b57ceb,777b7533fe0942c8bfb29e6e75436c32,1535659338099623,False,34752,33908,0.36338305898491086,18017,0.02172188464506173,1.8820003330188155,33870,0.423375,6045,3.778125,5.602977667493796,19826,0.44254464285714284,44,5.677029609726785
scene-0539,2f0e54af35964a3fb347359836bec035,a6fe42709d3d4dd28d21bfdfc6ca89f6,777b7533fe0942c8bfb29e6e75436c32,1535659338149403,False,34720,33867,0.3629436728395062,17853,0.02152416087962963,1.896992102167703,33832,0.4229,6014,3.75875,5.6255404057199865,19814,0.4422767857142857,44,5.662590235500782
scene-0539,2f0e54af35964a3fb347359836bec035,16bb2199f50b4e199020e72d0a48e76f,777b7533fe0942c8bfb29e6e75436c32,1535659338199689,False,34720,33860,0.36286865569272975,17887,0.021565152391975307,1.8929949125062895,33837,0.4229625,6035,3.771875,5.606793703396852,19727,0.44033482142857144,44,5.648212588876719
scene-0539,2f0e54af35964a3fb347359836bec035,6721a8ca9ca8403e8600d3fbea72eb96,777b7533fe0942c8bfb29e6e75436c32,1535659338249490,False,34720,33891,0.3632008744855967,17936,0.02162422839506173,1.8895517395182873,33860,0.42325,5959,3.724375,5.682161436482631,14929,0.33323660714285713,44,5.634466381626442
scene-0539,2f0e54af35964a3fb347359836bec035,d4650b0eb7664c1ba214e055784c4c51,777b7533fe0942c8bfb29e6e75436c32,1535659338299784,False,34720,33943,0.36375814471879286,17906,0.021588059413580246,1.8956215793588742,33911,0.4238875,5964,3.7275,5.6859490274983235,19901,0.44421875,44,5.621096907580983
scene-0539,2f0e54af35964a3fb347359836bec035,bfb451d5d0654421a1992ad30409ee60,777b7533fe0942c8bfb29e6e75436c32,1535659338349553,False,34688,33882,0.36310442386831276,17896,0.021576003086419753,1.893272239606616,33849,0.4231125,5988,3.7425,5.652805611222445,19860,0.4433035714285714,44,5.607091831940735
scene-0539,2f0e54af35964a3fb347359836bec035,cd964da982bd4a30bb458a235b84eed4,777b7533fe0942c8bfb29e6e75436c32,1535659338399366,False,34720,33939,0.3637152777777778,18005,0.021707417052469136,1.8849763954457095,33903,0.4237875,6054,3.78375,5.6000991080277505,19832,0.4426785714285714,44,5.588792474320619
scene-0539,2f0e54af35964a3fb347359836bec035,853b890f91e849fa917507bee4807c9c,777b7533fe0942c8bfb29e6e75436c32,1535659338449617,False,34688,33920,0.3635116598079561,18057,0.021770109953703702,1.8784958741762197,33896,0.4237,6003,3.751875,5.646510078294186,17947,0.40060267857142856,44,5.570944362600897
scene-0539,2f0e54af35964a3fb347359836bec035,1cf53ab0988243d9888ac4ec19d89c55,777b7533fe0942c8bfb29e6e75436c32,1535659338499400,False,34688,33908,0.36338305898491086,18083,0.021801456404320987,1.875131338826522,33879,0.4234875,5975,3.734375,5.670125523012552,15168,0.3385714285714286,44,5.553881600080072
scene-0539,2f0e54af35964a3fb347359836bec035,509dc9dd438b4afaa1ab6bf1b497cc67,777b7533fe0942c8bfb29e6e75436c32,1535659338549148,True,34688,33923,0.36354381001371744,18141,0.02187138310185185,1.8699630670856071,33891,0.4236375,6021,3.763125,5.628799202790234,15129,0.33770089285714283,44,5.537458620602471
scene-0539,2f0e54af35964a3fb347359836bec035,9f9c55f1ff46440198f87e2a7e0434b8,3c13512aa1204b4ba6c2447962651a14,1535659338599475,False,34720,33959,0.3639296124828532,18000,0.021701388888888888,1.886611111111111,33935,0.4241875,5965,3.728125,5.689019279128248,15104,0.33714285714285713,40,5.7238008143369
scene-0539,2f0e54af35964a3fb347359836bec035,7fc58e7761bd46a7b51c29ae07d56d9a,3c13512aa1204b4ba6c2447962651a14,1535659338649254,False,34720,33957,0.3639081790123457,17974,0.021670042438271604,1.8892288861689106,33923,0.4240375,5955,3.721875,5.696557514693535,20019,0.4468526785714286,40,5.714466515577461
scene-0539,2f0e54af35964a3fb347359836bec035,18831384a8444874b6bcf34d3d9c8b81,3c13512aa1204b4ba6c2447962651a14,1535659338699555,False,34720,33976,0.36411179698216734,18058,0.021771315586419752,1.881492967105992,33944,0.4243,5913,3.695625,5.740571621850161,20011,0.44667410714285716,40,5.705647522635178
scene-0539,2f0e54af35964a3fb347359836bec035,2164e58ee6ac4220b1a63adf672e390f,3c13512aa1204b4ba6c2447962651a14,1535659338749321,False,34720,33951,0.36384387860082307,18146,0.0218774112654321,1.8709908519783975,33926,0.424075,5928,3.705,5.723009446693657,19973,0.44582589285714286,40,5.6975296786596585
scene-0539,2f0e54af35964a3fb347359836bec035,0ca2886e04e34d88adebce77422ae6e8,3c13512aa1204b4ba6c2447962651a14,1535659338799089,False,34720,33941,0.3637367112482853,18229,0.021977478780864198,1.8619233090131109,33912,0.4239,5896,3.685,5.751696065128901,19973,0.44582589285714286,40,5.690015071618516
scene-0539,2f0e54af35964a3fb347359836bec035,eb0f478ba2ae4abaafef82bea1a5a493,3c13512aa1204b4ba6c2447962651a14,1535659338849402,False,34752,33984,0.36419753086419754,18219,0.021965422453703705,1.865305450354026,33945,0.4243125,5945,3.715625,5.7098402018502945,19961,0.4455580357142857,40,5.683029761117631
scene-0539,2f0e54af35964a3fb347359836bec035,77c8eeac5ee54dfc95bef4cc61945f85,3c13512aa1204b4ba6c2447962651a14,1535659338899173,False,34752,33954,0.3638760288065844,18229,0.021977478780864198,1.8626364583904766,33917,0.4239625,5973,3.733125,5.678386070651264,19911,0.4444419642857143,40,5.676721489821952
scene-0539,2f0e54af35964a3fb347359836bec035,1093049fe069405c85bf5168c48315fa,3c13512aa1204b4ba6c2447962651a14,1535659338949522,False,34720,33933,0.3636509773662551,18194,0.02193528163580247,1.8650654061778609,33892,0.42365,5908,3.6925,5.736628300609343,19739,0.4406026785714286,40,5.670944382770475
scene-0539,2f0e54af35964a3fb347359836bec035,7aeccdc6ce9049fcbd8bfcec9ea2d77d,3c13512aa1204b4ba6c2447962651a14,1535659338999336,False,34752,33931,0.3636295438957476,18306,0.0220703125,1.853545285698678,33896,0.4237,5953,3.720625,5.69393583067361,19946,0.44522321428571426,40,5.6658211853841705
scene-0539,2f0e54af35964a3fb347359836bec035,9e0d7709fd41440dac055b3bb4ccaea7,3c13512aa1204b4ba6c2447962651a14,1535659339049592,True,34752,33925,0.363565243484225,18249,0.022001591435185184,1.8590059729300235,33897,0.4237125,5986,3.74125,5.662712996992983,19893,0.4440401785714286,40,5.661242790688213
scene-0539,2f0e54af35964a3fb347359836bec035,7bade261b54f499d9f687135a5d33069,da7b7b79fb71463f93c15e4657427a9a,1535659339099352,False,34784,33950,0.3638331618655693,18262,0.022017264660493828,1.859051582521082,33923,0.4240375,5996,3.7475,5.6576050700466975,19562,0.4366517857142857,39,6.270954034585797
scene-0539,2f0e54af35964a3fb347359836bec035,88ca8ac40aa241dfb9b4ad10ba7d281b,da7b7b79fb71463f93c15e4657427a9a,1535659339149661,False,34752,33924,0.3635545267489712,18244,0.02199556327160494,1.8594606445954835,33885,0.4235625,5978,3.73625,5.6682837069253935,17532,0.3913392857142857,39,6.257914047435482
scene-0539,2f0e54af35964a3fb347359836bec035,22dd8e534e504b3abb080d628e039e38,da7b7b79fb71463f93c15e4657427a9a,1535659339199453,False,34720,33888,0.3631687242798354,18207,0.02195095486111111,1.8612621519195913,33847,0.4230875,6008,3.755,5.633655126498002,20029,0.44707589285714283,39,6.24117006839756
scene-0539,2f0e54af35964a3fb347359836bec035,2debd57ff2df46f58dd5945fb0cb703c,da7b7b79fb71463f93c15e4657427a9a,1535659339249762,False,34752,33926,0.36357596021947874,18257,0.02201123649691358,1.8582461521608151,33883,0.4235375,6014,3.75875,5.634020618556701,20013,0.44671875,39,6.2256658858040055
scene-0539,2f0e54af35964a3fb347359836bec035,cb3adee62df348e593f75fe0dd08d2bf,da7b7b79fb71463f93c15e4657427a9a,1535659339299537,False,34720,33892,0.3632115912208505,18163,0.021897907021604938,1.8659913009965314,33847,0.4230875,6029,3.768125,5.614032177807265,19927,0.44479910714285714,39,6.2120005225232315
scene-0539,2f0e54af35964a3fb347359836bec035,93b50fa8d2aa4fce88cb32fdcaed9b99,da7b7b79fb71463f93c15e4657427a9a,1535659339349843,False,34720,33890,0.3631901577503429,18151,0.021883439429012344,1.867114759517382,33855,0.4231875,6048,3.78,5.597718253968254,19373,0.4324330357142857,39,6.199866861874611
scene-0539,2f0e54af35964a3fb347359836bec035,4353fa6d930b4a849079de5d164dda49,da7b7b79fb71463f93c15e4657427a9a,1535659339399639,False,34688,33872,0.362997256515775,18067,0.0217821662808642,1.8747993579454254,33839,0.4229875,5986,3.74125,5.653023722018042,20052,0.4475892857142857,39,6.18947522510265
scene-0539,2f0e54af35964a3fb347359836bec035,e59e2db9e181472a84f5853eedd29104,da7b7b79fb71463f93c15e4657427a9a,1535659339449403,False,34688,33886,0.36314729080932784,18184,0.021923225308641974,1.863506379234492,33852,0.42315,6057,3.785625,5.5889053987122335,20030,0.4470982142857143,39,6.18035726368176
scene-0539,2f0e54af35964a3fb347359836bec035,e49a7ce4d16f4d2da9e8597bd9cdfc22,da7b7b79fb71463f93c15e4657427a9a,1535659339499725,False,34688,33909,0.3633937757201646,18277,0.02203534915123457,1.8552825956119714,33860,0.42325,6035,3.771875,5.610604805302403,19940,0.4450892857142857,39,6.172456929849064
scene-0539,2f0e54af35964a3fb347359836bec035,b76a5aa23445450da8a4c51b4d8d6f3e,da7b7b79fb71463f93c15e4657427a9a,1535659339549494,True,34688,33925,0.363565243484225,18343,0.022114920910493826,1.8494793654255028,33879,0.4234875,6068,3.7925,5.583223467369809,17422,0.38888392857142856,39,6.159396966787161
scene-0539,2f0e54af35964a3fb347359836bec035,e1a557f594db44cf956f0919bb1fbc8c,e5fe209eb4d04bd494f6115c94f00494,1535659339599222,False,34688,33940,0.36372599451303156,18228,0.021976273148148148,1.8619705946894887,33889,0.4236125,6127,3.829375,5.531091888362983,15108,0.33723214285714287,32,7.282316648043137
scene-0539,2f0e54af35964a3fb347359836bec035,3365948bc31a4aa3a650b5d8777f8354,e5fe209eb4d04bd494f6115c94f00494,1535659339649552,False,34720,33944,0.36376886145404663,18129,0.02185691550925926,1.8723592034861272,33885,0.4235625,6075,3.796875,5.5777777777777775,19717,0.44011160714285713,32,7.268887551004723
scene-0539,2f0e54af35964a3fb347359836bec035,2e6c6b0a01a941558f1ae313de2065c3,e5fe209eb4d04bd494f6115c94f00494,1535659339699302,False,34688,33917,0.3634795096021948,18203,0.021946132330246913,1.8632642970938855,33858,0.423225,6070,3.79375,5.577924217462932,20008,0.44660714285714287,32,7.25633800184875
scene-0539,2f0e54af35964a3fb347359836bec035,c59c6800359b4961ba3b59a87139e899,e5fe209eb4d04bd494f6115c94f00494,1535659339749641,False,34720,33881,0.363093707133059,18153,0.021885850694444445,1.8664132650250647,33807,0.4225875,6144,3.84,5.50244140625,19908,0.444375,32,7.244294940273159
scene-0539,2f0e54af35964a3fb347359836bec035,ffa386daa32a465a957a5f621c25cfd2,e5fe209eb4d04bd494f6115c94f00494,1535659339799398,False,34720,33834,0.3625900205761317,18166,0.021901523919753085,1.8624903666189585,33769,0.4221125,6134,3.83375,5.505216824258233,17590,0.3926339285714286,32,7.223875647768492
scene-0539,2f0e54af35964a3fb347359836bec035,4ab828e84d8144b2b411111509fce240,e5fe209eb4d04bd494f6115c94f00494,1535659339849169,False,34720,33794,0.3621613511659808,18101,0.021823157793209876,1.86696867576377,33738,0.421725,6106,3.81625,5.525384867343597,16381,0.3656473214285714,32,7.2000727790967884
scene-0539,2f0e54af35964a3fb347359836bec035,c65326f78abe49cab640dd5b28fd59ef,e5fe209eb4d04bd494f6115c94f00494,1535659339899477,False,34720,33707,0.3612289951989026,17940,0.021629050925925927,1.8788740245261983,33647,0.4205875,6125,3.828125,5.493387755102041,19744,0.4407142857142857,32,7.176807847966966
scene-0539,2f0e54af35964a3fb347359836bec035,81214fbbb34047c186569d6f00899658,e5fe209eb4d04bd494f6115c94f00494,1535659339949280,False,34720,33644,0.360553840877915,18010,0.02171344521604938,1.8680732926152137,33594,0.419925,6102,3.81375,5.5054080629301865,19682,0.4393303571428571,32,7.1545958004586225
scene-0539,2f0e54af35964a3fb347359836bec035,1864038b1e864678bf9ebeaf7f20350c,e5fe209eb4d04bd494f6115c94f00494,1535659339999573,False,34752,33624,0.3603395061728395,17973,0.021668836805555557,1.870806209313971,33588,0.41985,6157,3.848125,5.455254182231607,19624,0.4380357142857143,32,7.133028695909198
scene-0539,2f0e54af35964a3fb347359836bec035,84a47ed55dd145679c389f8812223dc0,e5fe209eb4d04bd494f6115c94f00494,1535659340049368,True,34720,33553,0.35957861796982166,17876,0.021551890432098767,1.8769859028865519,33518,0.418975,6115,3.821875,5.481275551921504,16812,0.37526785714285715,32,7.112569208559258
scene-0539,2f0e54af35964a3fb347359836bec035,e922ac860cba4158a467db2caf46818c,4c2502cbaa1449af895d4f0ede163f29,1535659340099678,False,34752,33537,0.3594071502057613,17810,0.021472318672839507,1.8830432341381247,33501,0.4187625,6114,3.82125,5.479391560353288,14600,0.32589285714285715,31,7.293720001275569
scene-0539,2f0e54af35964a3fb347359836bec035,05bfec716dfc45edb8c543207ef1c28c,4c2502cbaa1449af895d4f0ede163f29,1535659340149438,False,34752,33524,0.35926783264746226,17834,0.02150125385802469,1.8797801951328923,33494,0.418675,6207,3.879375,5.396165619461898,14542,0.3245982142857143,31,7.282595692582135
scene-0539,2f0e54af35964a3fb347359836bec035,7c78d9f9be194a8280e2e62bbbdc74bb,4c2502cbaa1449af895d4f0ede163f29,1535659340249513,False,34592,33400,0.3579389574759945,17927,0.021613377700617283,1.8631115077815585,33375,0.4171875,6221,3.888125,5.364893104002572,19512,0.4355357142857143,31,7.2636196982203645
scene-0539,2f0e54af35964a3fb347359836bec035,a7b7d11f531d4237b0358318f17d73e8,4c2502cbaa1449af895d4f0ede163f29,1535659340299813,False,34752,33561,0.35966435185185186,17843,0.021512104552469137,1.8809056772964188,33544,0.4193,6192,3.87,5.417312661498708,19589,0.4372544642857143,31,7.247720935269949
scene-0539,2f0e54af35964a3fb347359836bec035,57ff3a68a1664f8fb87854046d3dab1e,4c2502cbaa1449af895d4f0ede163f29,1535659340349622,False,34752,33556,0.359610768175583,17665,0.021297501929012346,1.8995754316444948,33538,0.419225,6171,3.856875,5.434775563117809,18198,0.40620535714285716,31,7.232856120246045
scene-0539,2f0e54af35964a3fb347359836bec035,ae2d380aa21145da82ee7a9f5e88a4e9,4c2502cbaa1449af895d4f0ede163f29,1535659340399903,False,34784,33586,0.3599322702331962,17686,0.021322820216049383,1.8990161709826983,33569,0.4196125,6153,3.845625,5.455712660490818,14544,0.3246428571428571,31,7.219087138150889
scene-0539,2f0e54af35964a3fb347359836bec035,89a06e5edd1d4db688782320c38b198d,4c2502cbaa1449af895d4f0ede163f29,1535659340449673,False,34752,33546,0.3595036008230453,17731,0.021377073688271606,1.8919406688850036,33521,0.4190125,6174,3.85875,5.4293812763200515,14469,0.32296875,31,7.206726366711111
scene-0539,2f0e54af35964a3fb347359836bec035,e85dcc6f893648849923a29c92706300,4c2502cbaa1449af895d4f0ede163f29,1535659340499993,False,34752,33535,0.35938571673525377,17869,0.021543451003086418,1.876713861995635,33513,0.4189125,6253,3.908125,5.359507436430514,14447,0.32247767857142856,31,7.195550054941317
scene-0539,2f0e54af35964a3fb347359836bec035,cf9d3033b6a842a589cb7781ffd9df5c,4c2502cbaa1449af895d4f0ede163f29,1535659340549762,True,34752,33541,0.3594500171467764,17898,0.02157841435185185,1.8740082690803441,33517,0.4189625,6184,3.865,5.419954721862872,14411,0.32167410714285716,31,7.18583207550449
scene-0539,2f0e54af35964a3fb347359836bec035,eb4adcabe6f447f2a572df39ba8da2e4,e7080b204c77441bb6d2e845b58b8699,1535659340600120,False,34720,33506,0.35907493141289437,17639,0.02126615547839506,1.8995407902942343,33469,0.4183625,6145,3.840625,5.446541903986981,14382,0.3210267857142857,31,7.458775455254903
scene-0539,2f0e54af35964a3fb347359836bec035,013c319367304d0680b04a54f5ff1e4a,e7080b204c77441bb6d2e845b58b8699,1535659340649840,False,34720,33499,0.358999914266118,17682,0.021317997685185185,1.894525506164461,33461,0.4182625,6145,3.840625,5.445240032546786,14372,0.3208035714285714,31,7.4466867243164065
scene-0539,2f0e54af35964a3fb347359836bec035,8be560630d164f5fa7c66bb9900950a9,e7080b204c77441bb6d2e845b58b8699,1535659340699622,False,34688,33440,0.35836762688614543,17649,0.021278211805555555,1.8947249135928381,33386,0.417325,6163,3.851875,5.417166964140841,14318,0.3195982142857143,31,7.43589756982317
scene-0539,2f0e54af35964a3fb347359836bec035,a90d578523b842eebe5895a649f213e5,e7080b204c77441bb6d2e845b58b8699,1535659340749927,False,34720,33449,0.35846407750342935,17826,0.021491608796296295,1.8764164703242454,33388,0.41735,6232,3.895,5.357509627727857,14295,0.3190848214285714,31,7.426328908840666
scene-0539,2f0e54af35964a3fb347359836bec035,3595281c2add4d808e4e957b431ab281,e7080b204c77441bb6d2e845b58b8699,1535659340799705,False,34688,33460,0.35858196159122085,17715,0.021357783564814815,1.8887948066610218,33384,0.4173,6214,3.88375,5.372384937238493,14243,0.3179241071428571,31,7.418170432480875
scene-0539,2f0e54af35964a3fb347359836bec035,563ded40706e45949aa017c796a8406b,e7080b204c77441bb6d2e845b58b8699,1535659340849555,False,34656,33395,0.3578853737997256,17751,0.021401186342592592,1.8813024618331362,33304,0.4163,6195,3.871875,5.375948345439871,14245,0.31796875,31,7.411289528208262
scene-0539,2f0e54af35964a3fb347359836bec035,f2e2a4e4358240b4be14d4b757d6a7a6,e7080b204c77441bb6d2e845b58b8699,1535659340899805,False,34688,33420,0.35815329218106995,17589,0.021205873842592593,1.9000511683438512,33341,0.4167625,6158,3.84875,5.414257875933744,14238,0.3178125,31,7.405636911383466
scene-0539,2f0e54af35964a3fb347359836bec035,2fb7149f8cf24203beddc1733c9a75c2,e7080b204c77441bb6d2e845b58b8699,1535659340949564,False,34656,33372,0.3576388888888889,17537,0.021143180941358024,1.9029480526886013,33261,0.4157625,6138,3.83625,5.418866080156403,14207,0.3171205357142857,31,7.401282854894169
scene-0539,2f0e54af35964a3fb347359836bec035,75a9468a421047da817c3058ea9a63bc,e7080b204c77441bb6d2e845b58b8699,1535659340999328,False,34656,33345,0.35734953703703703,17514,0.02111545138888889,1.9039054470709147,33246,0.415575,6208,3.88,5.35534793814433,14217,0.31734375,31,7.398136461779258
scene-0539,2f0e54af35964a3fb347359836bec035,525b882bce9c48aa921008d352f8c2e1,e7080b204c77441bb6d2e845b58b8699,1535659341049669,True,34656,33385,0.35777820644718794,17586,0.021202256944444445,1.8983850790401455,33289,0.4161125,6157,3.848125,5.406691570570083,14188,0.31669642857142855,31,7.396151361804163
scene-0539,2f0e54af35964a3fb347359836bec035,aeda1bc9040f4a4588d7b2e3c9f9e88b,005894cbaa2c482a82fd915fa7597ad3,1535659341099407,False,34688,33370,0.35761745541838136,17543,0.021150414737654322,1.9021832069771418,33271,0.4158875,6152,3.845,5.408159947984395,14144,0.3157142857142857,32,8.572601257154698
scene-0539,2f0e54af35964a3fb347359836bec035,8c9a72dafcdb416da8aff50e11ae345b,005894cbaa2c482a82fd915fa7597ad3,1535659341149163,False,34656,33309,0.35696373456790126,17528,0.02113233024691358,1.900330899132816,33219,0.4152375,6138,3.83625,5.412023460410557,14221,0.3174330357142857,32,8.564586612417576
scene-0539,2f0e54af35964a3fb347359836bec035,e19cef1d7f52445cbcc84bc4d5f04351,005894cbaa2c482a82fd915fa7597ad3,1535659341198941,False,34688,33397,0.3579068072702332,17444,0.021031057098765432,1.9145264847512038,33324,0.41655,6117,3.823125,5.44776851397744,14244,0.3179464285714286,32,8.55452144320747
scene-0539,2f0e54af35964a3fb347359836bec035,dfa518f0702e4bf7bc15d6199ddda018,005894cbaa2c482a82fd915fa7597ad3,1535659341249273,False,34688,33367,0.35758530521262005,17439,0.021025028935185184,1.9133551235735995,33288,0.4161,6153,3.845625,5.410043881033642,19666,0.4389732142857143,32,8.54329037885763
scene-0539,2f0e54af35964a3fb347359836bec035,a8239f0101f94ff685f09da528b714bc,005894cbaa2c482a82fd915fa7597ad3,1535659341299018,False,34688,33389,0.357821073388203,17540,0.02114679783950617,1.9035917901938426,33326,0.416575,6202,3.87625,5.373427926475331,17711,0.3953348214285714,32,8.534414104754049
scene-0539,2f0e54af35964a3fb347359836bec035,5bd7c9f3d97944d1b6f4951efcfe75f4,005894cbaa2c482a82fd915fa7597ad3,1535659341348819,False,34688,33394,0.35787465706447186,17396,0.02097318672839506,1.9196366980915154,33357,0.4169625,6197,3.873125,5.382765854445699,14177,0.31645089285714284,32,8.527985225271136
scene-0539,2f0e54af35964a3fb347359836bec035,1d05e5c912164cf182c98cc9a4df0a55,005894cbaa2c482a82fd915fa7597ad3,1535659341399190,False,34688,33418,0.3581318587105624,17414,0.02099488811728395,1.9190306649821982,33381,0.4172625,6275,3.921875,5.3196812749003985,14283,0.31881696428571427,32,8.524266167262795
scene-0539,2f0e54af35964a3fb347359836bec035,9ac4dfaae0bd4476aa999099bcfb197f,005894cbaa2c482a82fd915fa7597ad3,1535659341448884,False,34688,33419,0.3581425754458162,17411,0.020991271219135802,1.9194187582562747,33387,0.4173375,6280,3.925,5.31640127388535,14204,0.31705357142857143,32,8.523638744362334
scene-0539,2f0e54af35964a3fb347359836bec035,779cefbc1d6143c4b1c5a672fc7fd1d4,005894cbaa2c482a82fd915fa7597ad3,1535659341498665,False,34688,33394,0.35787465706447186,17211,0.020750144675925924,1.9402707570739643,33361,0.4170125,6298,3.93625,5.297078437599238,14225,0.31752232142857145,32,8.52499476427054
scene-0539,2f0e54af35964a3fb347359836bec035,8c247668037a4fe790a28bf936ce7375,005894cbaa2c482a82fd915fa7597ad3,1535659341548992,True,34720,33410,0.3580461248285322,17185,0.020718798225308643,1.944137329066046,33381,0.4172625,6281,3.925625,5.314599586053176,14184,0.31660714285714286,32,8.521235957812346
scene-0539,2f0e54af35964a3fb347359836bec035,b22f8dc8cf7c4839a4bad49b78643f5a,5b49aa1259fe466591d8b198194562ef,1535659341598758,False,34720,33424,0.358196159122085,17198,0.020734471450617284,1.9434818002093266,33393,0.4174125,6265,3.915625,5.330087789305666,14182,0.3165625,31,8.056712661918473
scene-0539,2f0e54af35964a3fb347359836bec035,3a70a23431714d7897cf4873fdd11d3e,5b49aa1259fe466591d8b198194562ef,1535659341649057,False,34688,33421,0.3581640089163237,17254,0.02080198688271605,1.9370001159151502,33391,0.4173875,6357,3.973125,5.2526348906717,14192,0.3167857142857143,31,8.052738049353696
scene-0539,2f0e54af35964a3fb347359836bec035,77e0800da0d24b2f9c865b903fd69d70,5b49aa1259fe466591d8b198194562ef,1535659341698872,False,34720,33463,0.35861411179698216,17184,0.020717592592592593,1.9473347299813781,33425,0.4178125,6368,3.98,5.248900753768845,14180,0.31651785714285713,31,8.052903451379038
scene-0539,2f0e54af35964a3fb347359836bec035,cdc1f10331f84f41829a9f609c31aebe,5b49aa1259fe466591d8b198194562ef,1535659341748579,False,34720,33482,0.3588177297668038,17228,0.020770640432098766,1.9434641281634548,33449,0.4181125,6398,3.99875,5.228040012503907,14236,0.31776785714285716,31,8.056942978634847
scene-0539,2f0e54af35964a3fb347359836bec035,0225d396f8af49a5835d8ba3376326c9,5b49aa1259fe466591d8b198194562ef,1535659341798896,False,34752,33556,0.359610768175583,17197,0.020733265817901234,1.951270570448334,33523,0.4190375,6400,4.0,5.23796875,20151,0.44979910714285715,31,8.064690135783904
scene-0539,2f0e54af35964a3fb347359836bec035,af0ee3746d474c8ba83edd778a0dfaa9,5b49aa1259fe466591d8b198194562ef,1535659341848663,False,34720,33522,0.3592463991769547,17203,0.020740499614197532,1.9486136139045516,33482,0.418525,6456,4.035,5.186183395291202,16906,0.3773660714285714,31,8.075649917133966
scene-0539,2f0e54af35964a3fb347359836bec035,218073938956487a8d2a0f58c91e6a98,5b49aa1259fe466591d8b198194562ef,1535659341898981,False,34720,33516,0.3591820987654321,17322,0.02088396990740741,1.9348804987876689,33479,0.4184875,6486,4.05375,5.161732963305581,20071,0.44801339285714287,31,8.08973224213272
scene-0539,2f0e54af35964a3fb347359836bec035,f3427d85faf44f86a363784f1ddb2987,5b49aa1259fe466591d8b198194562ef,1535659341999086,False,34624,33421,0.3581640089163237,17421,0.021003327546296295,1.9184317777395097,33379,0.4172375,6474,4.04625,5.155854185974668,14211,0.3172098214285714,31,8.125518564631314
scene-0539,2f0e54af35964a3fb347359836bec035,8dfed7db81004798a9ee678f58980955,5b49aa1259fe466591d8b198194562ef,1535659342048837,True,34720,33536,0.35939643347050754,17497,0.021094955632716048,1.916671429387895,33491,0.4186375,6519,4.074375,5.137444393311857,14238,0.3178125,31,8.146646618883649
scene-0539,2f0e54af35964a3fb347359836bec035,3d84115f1f3a4d97b3c185138b7f95f7,f3a30fbd730a463c8cbb2c6e9dc1021b,1535659342099148,False,34720,33546,0.3595036008230453,17452,0.021040702160493828,1.9221865688746276,33504,0.4188,6470,4.04375,5.178361669242658,20023,0.4469419642857143,32,9.290669262182394
scene-0539,2f0e54af35964a3fb347359836bec035,f7153352a18d4469ae921609de48f61a,f3a30fbd730a463c8cbb2c6e9dc1021b,1535659342148915,False,34752,33605,0.36013588820301784,17473,0.021066020447530864,1.9232530189435129,33565,0.4195625,6489,4.055625,5.17259978425027,17193,0.38377232142857143,32,9.316257770104048
scene-0539,2f0e54af35964a3fb347359836bec035,8cadc76188cb4933a9351d3372c762c4,f3a30fbd730a463c8cbb2c6e9dc1021b,1535659342199262,False,34752,33602,0.36010373799725653,17459,0.021049141589506173,1.9246234034022567,33561,0.4195125,6497,4.060625,5.165614899184239,14259,0.31828125,32,9.343760689184803
scene-0539,2f0e54af35964a3fb347359836bec035,47b1d1ba6dc94690bac030e5f1e0dc94,f3a30fbd730a463c8cbb2c6e9dc1021b,1535659342249002,False,34720,33582,0.35988940329218105,17507,0.021107011959876545,1.9182041469126636,33530,0.419125,6511,4.069375,5.1497465827061895,14276,0.3186607142857143,32,9.357336541763313
scene-0539,2f0e54af35964a3fb347359836bec035,cca152b941ba44d0867376beda015256,f3a30fbd730a463c8cbb2c6e9dc1021b,1535659342298821,False,34752,33595,0.3600287208504801,17477,0.021070842978395062,1.9222406591520285,33561,0.4195125,6527,4.079375,5.1418722230733875,15954,0.35611607142857143,32,9.358470105396606
scene-0539,2f0e54af35964a3fb347359836bec035,77f0054282514cea9961dd2bbc249e01,f3a30fbd730a463c8cbb2c6e9dc1021b,1535659342349119,False,34752,33614,0.36023233882030176,17724,0.02136863425925926,1.89652448657188,33581,0.4197625,6502,4.06375,5.164718548139034,14285,0.31886160714285716,32,9.359382251901474
scene-0539,2f0e54af35964a3fb347359836bec035,b2f6abad539d4b42937d07157df0778d,f3a30fbd730a463c8cbb2c6e9dc1021b,1535659342398976,False,34720,33605,0.36013588820301784,17736,0.02138310185185185,1.8947338746053226,33573,0.4196625,6634,4.14625,5.0607476635514015,14353,0.3203794642857143,32,9.36093227786462
scene-0539,2f0e54af35964a3fb347359836bec035,ef35fa4875d748e7bc2c6f246effcdec,f3a30fbd730a463c8cbb2c6e9dc1021b,1535659342449176,True,34752,33646,0.3605752743484225,17675,0.02130955825617284,1.9035926449787837,33609,0.4201125,6642,4.15125,5.060072267389341,14322,0.3196875,32,9.363460233329622
scene-0539,2f0e54af35964a3fb347359836bec035,ffe18c0112d84993a12d93bd934dcdb4,916c9f205b554433850ecec3ac8a6c98,1535659342498970,False,34720,33622,0.36031807270233196,17707,0.02134813850308642,1.8987970858982324,33588,0.41985,6643,4.151875,5.056149330121933,14356,0.3204464285714286,32,9.24886341950304
scene-0539,2f0e54af35964a3fb347359836bec035,4ce2131a4efd4ed78a2ae8901acbe150,916c9f205b554433850ecec3ac8a6c98,1535659342549282,False,34720,33645,0.36056455761316875,17698,0.021337287808641976,1.901062266922816,33610,0.420125,6653,4.158125,5.051856305426123,14331,0.3198883928571429,32,9.242985133791201
scene-0539,2f0e54af35964a3fb347359836bec035,4c84d4fc48e748cc8ebd89628c3f9852,916c9f205b554433850ecec3ac8a6c98,1535659342599024,False,34688,33567,0.35972865226337447,17711,0.021352961033950617,1.8952628310089774,33525,0.4190625,6654,4.15875,5.038322813345356,14294,0.3190625,32,9.238044515423203
scene-0539,2f0e54af35964a3fb347359836bec035,af0eb58048f0432fbeb522fe4b69ccaa,916c9f205b554433850ecec3ac8a6c98,1535659342648808,False,34720,33641,0.3605216906721536,17799,0.021459056712962964,1.8900500028091465,33599,0.4199875,6714,4.19625,5.0043193327375635,14297,0.31912946428571426,32,9.228675226238781
scene-0539,2f0e54af35964a3fb347359836bec035,10026acae9eb451a8e1c557c57a3647c,916c9f205b554433850ecec3ac8a6c98,1535659342699111,False,34688,33599,0.3600715877914952,17726,0.021371045524691358,1.8954642897438791,33561,0.4195125,6648,4.155,5.0482851985559565,14283,0.31881696428571427,32,9.220011324204126
scene-0539,2f0e54af35964a3fb347359836bec035,4e381c47694648e3ba12a44ef2e77186,916c9f205b554433850ecec3ac8a6c98,1535659342748908,False,34688,33593,0.36000728737997256,17645,0.021273389274691357,1.9038254463020685,33561,0.4195125,6673,4.170625,5.029372096508317,14284,0.3188392857142857,32,9.212602779471933
scene-0539,2f0e54af35964a3fb347359836bec035,2f4423803e0e41d29f2491e8b48db82e,916c9f205b554433850ecec3ac8a6c98,1535659342798694,False,34656,33587,0.35994298696844995,17729,0.021374662422839506,1.8944666929888883,33556,0.41945,6724,4.2025,4.990481856038072,14305,0.31930803571428573,32,9.206378285818344
scene-0539,2f0e54af35964a3fb347359836bec035,f2d93810ee8f43ffbf874fa5093d763e,916c9f205b554433850ecec3ac8a6c98,1535659342848987,False,34688,33660,0.36072530864197533,17676,0.02131076388888889,1.9042769857433808,33623,0.4202875,6692,4.1825,5.024357441721459,14342,0.3201339285714286,32,9.201311721712935
scene-0539,2f0e54af35964a3fb347359836bec035,5de171568b1c4cd8832947ea05396400,916c9f205b554433850ecec3ac8a6c98,1535659342898786,False,34688,33661,0.3607360253772291,17739,0.02138671875,1.8975703252719995,33620,0.42025,6696,4.185,5.020908004778972,14327,0.31979910714285714,32,9.196654450494448
scene-0539,2f0e54af35964a3fb347359836bec035,5d55de22f92044ea9aa4492e5a5585de,916c9f205b554433850ecec3ac8a6c98,1535659342948536,True,34720,33710,0.3612611454046639,17753,0.021403597608024693,1.898833999887343,33675,0.4209375,6671,4.169375,5.047968820266827,14332,0.31991071428571427,32,9.185455236779081
scene-0539,2f0e54af35964a3fb347359836bec035,efda421f9d1c4b06bc32562d25b6d59a,c73a37c131674219a004e24268d82099,1535659342998838,False,34688,33631,0.36041452331961593,17638,0.02126494984567901,1.9067354575348678,33594,0.419925,6659,4.161875,5.044901636882415,14287,0.31890625,32,8.61919321976251
scene-0539,2f0e54af35964a3fb347359836bec035,0d2be9440727463fb5e4fd7676f9b0dd,c73a37c131674219a004e24268d82099,1535659343048634,False,34720,33690,0.3610468106995885,17570,0.021182966820987654,1.9174729652817302,33652,0.42065,6626,4.14125,5.078780561424691,14286,0.31888392857142855,32,8.61740207501915
scene-0539,2f0e54af35964a3fb347359836bec035,1c16d1550b04423a8a7a716a54159618,c73a37c131674219a004e24268d82099,1535659343098926,False,34720,33662,0.36074674211248287,17569,0.021181761188271604,1.9159883886390803,33627,0.4203375,6607,4.129375,5.089601937339186,14301,0.31921875,32,8.611506691017723
scene-0539,2f0e54af35964a3fb347359836bec035,70e664e3a341408da527ea40e2cbb97d,c73a37c131674219a004e24268d82099,1535659343148674,False,34720,33684,0.3609825102880658,17525,0.021128713348765434,1.9220542082738945,33649,0.4206125,6564,4.1025,5.12629494210847,14243,0.3179241071428571,32,8.599749471266676
scene-0539,2f0e54af35964a3fb347359836bec035,53bdc772ad2844488f8a851bbf8dca19,c73a37c131674219a004e24268d82099,1535659343198456,False,34720,33716,0.36132544581618653,17621,0.021244454089506173,1.9133987855399808,33683,0.4210375,6577,4.110625,5.121331914246617,14270,0.3185267857142857,32,8.58849808323221
scene-0539,2f0e54af35964a3fb347359836bec035,b5e0983bf2844f9f9bb3b9bdd43fb720,c73a37c131674219a004e24268d82099,1535659343248753,False,34720,33711,0.3612718621399177,17606,0.02122636959876543,1.9147449733045552,33674,0.420925,6613,4.133125,5.092091335248752,14274,0.3186160714285714,32,8.578308336636344
scene-0539,2f0e54af35964a3fb347359836bec035,7f370a1a98a14d6e9bed7f48fa7bcc46,c73a37c131674219a004e24268d82099,1535659343298534,False,34752,33755,0.36174339849108367,17745,0.021393952546296297,1.9022259791490561,33723,0.4215375,6660,4.1625,5.063513513513514,14289,0.31895089285714284,32,8.569425903183298
scene-0539,2f0e54af35964a3fb347359836bec035,e3e6c7f65720446ba57890aaceceb1ff,c73a37c131674219a004e24268d82099,1535659343348872,False,34720,33723,0.36140046296296297,17698,0.021337287808641976,1.9054695445813086,33693,0.4211625,6708,4.1925,5.022808586762075,14253,0.31814732142857144,32,8.561674973544628
scene-0539,2f0e54af35964a3fb347359836bec035,59af29e8956b43c98f377d7c52d1e720,c73a37c131674219a004e24268d82099,1535659343398616,False,34752,33776,0.3619684499314129,17692,0.021330054012345678,1.9091114628080488,33738,0.421725,6713,4.195625,5.025770892298525,14264,0.31839285714285714,32,8.555241775590737
scene-0539,2f0e54af35964a3fb347359836bec035,84cdddfc047f47c89196544d391d7697,c73a37c131674219a004e24268d82099,1535659343448924,True,34752,33802,0.36224708504801095,17764,0.021416859567901233,1.9028371988290926,33762,0.422025,6723,4.201875,5.021865238732708,14256,0.3182142857142857,32,8.549256592783133
scene-0539,2f0e54af35964a3fb347359836bec035,a07a49c889c44d44985d39daf8e51ce7,d7e54347c68847d0be9f6f9a1641aabb,1535659343498695,False,34752,33812,0.3623542524005487,17684,0.021320408950617285,1.9120108572721104,33772,0.42215,6771,4.231875,4.987741840200856,14206,0.3170982142857143,29,9.255358337051101
scene-0539,2f0e54af35964a3fb347359836bec035,dea5051ba1fc40b4a86da6016338faaf,d7e54347c68847d0be9f6f9a1641aabb,1535659343549068,False,34752,33800,0.3622256515775034,17604,0.021223958333333334,1.9200181776868894,33757,0.4219625,6744,4.215,5.005486358244365,14194,0.3168303571428571,29,9.249678992607786
scene-0539,2f0e54af35964a3fb347359836bec035,b856cf32564b4fb0817741448138cfa5,d7e54347c68847d0be9f6f9a1641aabb,1535659343598796,False,34752,33801,0.3622363683127572,17702,0.021342110339506174,1.9094452604225511,33751,0.4218875,6720,4.2,5.022470238095238,14212,0.31723214285714285,29,9.24539147332952
scene-0539,2f0e54af35964a3fb347359836bec035,eeb4fd1ad62c48f4ad0f718b95ffdf98,d7e54347c68847d0be9f6f9a1641aabb,1535659343649131,False,34720,33778,0.36198988340192045,17589,0.021205873842592593,1.920404798453579,33733,0.4216625,6755,4.221875,4.993782383419689,14205,0.3170758928571429,29,9.242373485549567
scene-0539,2f0e54af35964a3fb347359836bec035,14c70ce319014feb84478f4973ae5fcd,d7e54347c68847d0be9f6f9a1641aabb,1535659343698862,False,34720,33762,0.3618184156378601,17543,0.021150414737654322,1.9245283018867925,33719,0.4214875,6678,4.17375,5.049266247379455,14123,0.3152455357142857,29,9.240681313621842
scene-0539,2f0e54af35964a3fb347359836bec035,9ee8bbe4623b400cbc09737e4b07d128,d7e54347c68847d0be9f6f9a1641aabb,1535659343749207,False,34720,33763,0.36182913237311387,17559,0.02116970486111111,1.9228315963323652,33706,0.421325,6708,4.1925,5.024746571258199,14147,0.31578125,29,9.240234409791075
scene-0539,2f0e54af35964a3fb347359836bec035,c6f333d9f3db4bcf91ffb439c2c0c4c3,d7e54347c68847d0be9f6f9a1641aabb,1535659343798971,False,34720,33779,0.3620006001371742,17533,0.021138358410493826,1.9265955626532825,33716,0.42145,6622,4.13875,5.091513138024766,14176,0.31642857142857145,29,9.240892197174414
scene-0539,2f0e54af35964a3fb347359836bec035,e3f6b4c7567e4932a9f74c68657d95f6,d7e54347c68847d0be9f6f9a1641aabb,1535659343848721,False,34720,33783,0.3620434670781893,17481,0.02107566550925926,1.932555345804016,33720,0.4215,6589,4.118125,5.117620276217939,14174,0.31638392857142855,29,9.24276422355931
scene-0539,2f0e54af35964a3fb347359836bec035,7c587b9ee2af42abb1220031d83bb009,d7e54347c68847d0be9f6f9a1641aabb,1535659343899058,False,34688,33749,0.36167909807956106,17528,0.02113233024691358,1.9254335919671384,33683,0.4210375,6540,4.0875,5.150305810397554,14197,0.3168973214285714,29,9.245865889709584
scene-0539,2f0e54af35964a3fb347359836bec035,71b7ef424dc64161aec2d8871b0e9611,d7e54347c68847d0be9f6f9a1641aabb,1535659343948803,True,34720,33795,0.3621720679012346,17393,0.020969569830246913,1.9430230552521128,33730,0.421625,6588,4.1175,5.1199149969641775,14684,0.32776785714285717,29,9.250094604768563
scene-0539,2f0e54af35964a3fb347359836bec035,8ce39f9236ee4b0d8a20bb8eec008a7d,21da2e5298cb47949f3f41eff443ee1a,1535659343998618,False,34688,33772,0.3619255829903978,17373,0.020945457175925927,1.9439359926322455,33711,0.4213875,6507,4.066875,5.1807284462886125,14251,0.3181026785714286,28,9.170072867548361
scene-0539,2f0e54af35964a3fb347359836bec035,bb4fbe6ab14c461d9831b01a8122c828,21da2e5298cb47949f3f41eff443ee1a,1535659344048895,False,34688,33760,0.36179698216735257,17457,0.021046730324074073,1.93389471272269,33696,0.4212,6490,4.05625,5.191987673343606,14184,0.31660714285714286,28,9.177965552625349
scene-0539,2f0e54af35964a3fb347359836bec035,d4cbba640822457294d79ef85725ed2a,21da2e5298cb47949f3f41eff443ee1a,1535659344098652,False,34688,33739,0.3615719307270233,17337,0.02090205439814815,1.9460691007671453,33680,0.421,6459,4.036875,5.214429478247407,14091,0.31453125,28,9.186743070456952
scene-0539,2f0e54af35964a3fb347359836bec035,807eb9d435a4438cb8234bd1973933e1,21da2e5298cb47949f3f41eff443ee1a,1535659344148430,False,34688,33724,0.36141117969821673,17326,0.020888792438271606,1.9464388779868407,33670,0.420875,6494,4.05875,5.184785956267324,14104,0.3148214285714286,28,9.19644924862436
scene-0539,2f0e54af35964a3fb347359836bec035,0652551f41d041b68384273d0e1c46a5,21da2e5298cb47949f3f41eff443ee1a,1535659344198757,False,34720,33739,0.3615719307270233,17238,0.02078269675925926,1.9572456201415478,33687,0.4210875,6414,4.00875,5.252104770813845,14079,0.31426339285714283,28,9.207024629563987
scene-0539,2f0e54af35964a3fb347359836bec035,58461103607246ffade4a632493de2ca,21da2e5298cb47949f3f41eff443ee1a,1535659344248516,False,34688,33724,0.36141117969821673,17177,0.020709153163580248,1.963323048262211,33661,0.4207625,6450,4.03125,5.21875968992248,14045,0.31350446428571427,28,9.21831480556512
scene-0539,2f0e54af35964a3fb347359836bec035,177335a314aa4723adb8ccd6fb115e40,21da2e5298cb47949f3f41eff443ee1a,1535659344298827,False,34720,33755,0.36174339849108367,17238,0.02078269675925926,1.9581738020652049,33681,0.4210125,6383,3.989375,5.276672411091963,14099,0.3147098214285714,28,9.230563391726603
scene-0539,2f0e54af35964a3fb347359836bec035,1b9869e69e854886b6531c47a1bf1065,21da2e5298cb47949f3f41eff443ee1a,1535659344348593,False,34752,33801,0.3622363683127572,17241,0.020786313657407407,1.9605011310248825,33739,0.4217375,6359,3.974375,5.305708444724013,14148,0.3158035714285714,28,9.243469136354038
scene-0539,2f0e54af35964a3fb347359836bec035,ee15e41e0e5341389b9addd74f1f61fb,21da2e5298cb47949f3f41eff443ee1a,1535659344398924,False,34720,33752,0.36171124828532236,17110,0.020628375771604937,1.9726475745178258,33695,0.4211875,6328,3.955,5.3247471554993675,14182,0.3165625,28,9.257286586725126
scene-0539,2f0e54af35964a3fb347359836bec035,a98957bf186b431ea65cd552f592d208,21da2e5298cb47949f3f41eff443ee1a,1535659344448731,True,34752,33808,0.3623113854595336,17064,0.020572916666666666,1.9812470698546647,33753,0.4219125,6203,3.876875,5.44139932290827,14231,0.31765625,28,9.271685533775614
scene-0539,2f0e54af35964a3fb347359836bec035,4136af7c5e4d4924bdae507674afbc0c,1e9da37a0a474220a4cf51c9bc6d2092,1535659344498460,False,34720,33741,0.36159336419753085,16940,0.020423418209876542,1.9917945690672962,33693,0.4211625,6128,3.83,5.498204960835509,14298,0.3191517857142857,26,10.097997928698817
scene-0539,2f0e54af35964a3fb347359836bec035,82fa10885cf44f45aceebcca5c314928,1e9da37a0a474220a4cf51c9bc6d2092,1535659344548870,False,34720,33742,0.3616040809327846,16920,0.020399305555555556,1.994208037825059,33680,0.421,6107,3.816875,5.514982806615359,14308,0.319375,26,10.110433650217642
scene-0539,2f0e54af35964a3fb347359836bec035,106f88cd524b40248d01872f798f0081,1e9da37a0a474220a4cf51c9bc6d2092,1535659344598562,False,34720,33734,0.3615183470507545,16931,0.0204125675154321,1.992439903136259,33665,0.4208125,6095,3.809375,5.5233798195242,14347,0.3202455357142857,26,10.123127557158671
scene-0539,2f0e54af35964a3fb347359836bec035,acf61b9c99184812a3920a4c6d187f92,1e9da37a0a474220a4cf51c9bc6d2092,1535659344648876,False,34720,33727,0.36144332990397804,16872,0.020341435185185185,1.9989924134660977,33659,0.4207375,6032,3.77,5.580072944297083,14317,0.3195758928571429,26,10.136403355304369
scene-0539,2f0e54af35964a3fb347359836bec035,7e7fe40bb7c54dd88049d42313362ffe,1e9da37a0a474220a4cf51c9bc6d2092,1535659344698615,False,34688,33680,0.36093964334705075,16781,0.02023172260802469,2.0070317621119123,33608,0.4201,6067,3.791875,5.539475852975111,14279,0.3187276785714286,26,10.1497080848338
scene-0539,2f0e54af35964a3fb347359836bec035,46c57be09dca47358b8575a4f9878caf,1e9da37a0a474220a4cf51c9bc6d2092,1535659344748439,False,34720,33682,0.3609610768175583,16719,0.020156973379629628,2.014594174292721,33615,0.4201875,5975,3.734375,5.625941422594142,14262,0.3183482142857143,26,10.163399388711762
scene-0539,2f0e54af35964a3fb347359836bec035,67892219efa14800b938618b79d134fc,1e9da37a0a474220a4cf51c9bc6d2092,1535659344798752,False,34688,33641,0.3605216906721536,16825,0.020284770447530864,1.9994650817236255,33577,0.4197125,6011,3.756875,5.585925802695059,14356,0.3204464285714286,26,10.177601383777146
scene-0539,2f0e54af35964a3fb347359836bec035,bbc290d9d64e4af1825fffcce1a0479c,1e9da37a0a474220a4cf51c9bc6d2092,1535659344848496,False,34688,33652,0.3606395747599451,16862,0.02032937885802469,1.99573004388566,33598,0.419975,6037,3.773125,5.565347026668875,14345,0.32020089285714287,26,10.192000492502295
scene-0539,2f0e54af35964a3fb347359836bec035,d504aceb03c247f5b681fcda391a302e,1e9da37a0a474220a4cf51c9bc6d2092,1535659344898265,False,34688,33627,0.3603716563786008,17000,0.020495756172839507,1.9780588235294119,33569,0.4196125,6020,3.7625,5.57624584717608,14370,0.32075892857142857,26,10.206749532940641
scene-0539,2f0e54af35964a3fb347359836bec035,46dc8eac49694c498b407fc6db65a6fc,1e9da37a0a474220a4cf51c9bc6d2092,1535659344948573,True,34688,33625,0.36035022290809327,17086,0.020599440586419753,1.9679854851925553,33565,0.4195625,5955,3.721875,5.636439966414778,14422,0.32191964285714286,26,10.221993872305918
scene-0539,2f0e54af35964a3fb347359836bec035,ddf0c9e0a6ee413daada94453374465c,b4f2666230bc4e9480d510ca955793af,1535659344998331,False,34720,33644,0.360553840877915,17158,0.02068624614197531,1.9608345961067724,33575,0.4196875,5970,3.73125,5.623953098827471,14434,0.3221875,26,10.750208413264463
scene-0539,2f0e54af35964a3fb347359836bec035,0af574eebe934a37902b6c7ca2e31886,b4f2666230bc4e9480d510ca955793af,1535659345048676,False,34720,33609,0.3601787551440329,17089,0.0206030574845679,1.9667037275440342,33542,0.419275,5974,3.73375,5.6146635420154,14432,0.3221428571428571,26,10.762485282921045
scene-0539,2f0e54af35964a3fb347359836bec035,7ac0810a161d4630a7a4e7eabc475c80,b4f2666230bc4e9480d510ca955793af,1535659345098415,False,34720,33645,0.36056455761316875,17206,0.02074411651234568,1.9554225270254562,33575,0.4196875,5933,3.708125,5.659025787965616,14474,0.32308035714285716,26,10.771217370374085
scene-0539,2f0e54af35964a3fb347359836bec035,0ddd01d10e2f48a7aabea721d3446d22,b4f2666230bc4e9480d510ca955793af,1535659345148195,False,34720,33621,0.3603073559670782,17294,0.020850212191358023,1.9440846536370995,33547,0.4193375,5830,3.64375,5.754202401372213,14472,0.32303571428571426,26,10.757226433233969
scene-0539,2f0e54af35964a3fb347359836bec035,176576199afc4cb687cd2d1c736b189a,b4f2666230bc4e9480d510ca955793af,1535659345198494,False,34752,33661,0.3607360253772291,17396,0.02097318672839506,1.9349850540354105,33581,0.4197625,5864,3.665,5.726637107776262,14596,0.3258035714285714,26,10.743390664276292
scene-0539,2f0e54af35964a3fb347359836bec035,4b387653a5f849318c996ab2439a3d2b,b4f2666230bc4e9480d510ca955793af,1535659345248259,False,34720,33632,0.3604252400548697,17387,0.020962336033950618,1.9343187438891125,33550,0.419375,5881,3.675625,5.70481210678456,14514,0.3239732142857143,26,10.729871002462648
scene-0539,2f0e54af35964a3fb347359836bec035,8f25f39ce06b4ef7a63edc4ad2b984f3,b4f2666230bc4e9480d510ca955793af,1535659345298584,False,34752,33654,0.36066100823045266,17391,0.020967158564814816,1.9351388649301362,33584,0.4198,5859,3.661875,5.732036183649087,14510,0.32388392857142856,26,10.714305667510049
scene-0539,2f0e54af35964a3fb347359836bec035,55d7d752900b4a3e822726967027c23f,b4f2666230bc4e9480d510ca955793af,1535659345348342,False,34752,33626,0.36036093964334703,17389,0.020964747299382715,1.93375122203692,33566,0.419575,5892,3.6825,5.696877121520706,14600,0.32589285714285715,26,10.671609835027615
scene-0539,2f0e54af35964a3fb347359836bec035,d919a54cdb9a4298ae5a87411453a4a4,b4f2666230bc4e9480d510ca955793af,1535659345398699,False,34752,33682,0.3609610768175583,17482,0.021076871141975307,1.926667429355909,33630,0.420375,5845,3.653125,5.753635585970915,14596,0.3258035714285714,26,10.628874640911942
scene-0539,2f0e54af35964a3fb347359836bec035,638d41dccbc04789b020b28913614490,b4f2666230bc4e9480d510ca955793af,1535659345448432,True,34720,33638,0.3604895404663923,17392,0.020968364197530863,1.9341076356945721,33589,0.4198625,5873,3.670625,5.719223565469096,14555,0.3248883928571429,26,10.587186183080266
scene-0539,2f0e54af35964a3fb347359836bec035,d3e30bd865884c64869dfb025c17576f,a2c712718f3c4338a05473b3ea4aa47e,1535659345498764,False,34752,33662,0.36074674211248287,17390,0.020965952932098766,1.9357101782633697,33603,0.4200375,5845,3.653125,5.74901625320787,14656,0.3271428571428571,27,10.04472014970355
scene-0539,2f0e54af35964a3fb347359836bec035,7b163bcd5d0c45e69116f848bc2ca957,a2c712718f3c4338a05473b3ea4aa47e,1535659345548523,False,34752,33647,0.3605859910836763,17500,0.021098572530864196,1.9226857142857143,33592,0.4199,5839,3.649375,5.753039904093167,14613,0.3261830357142857,27,10.004560470210087
scene-0539,2f0e54af35964a3fb347359836bec035,8c189320a6384769a1e53fcf0d3e1a9f,a2c712718f3c4338a05473b3ea4aa47e,1535659345598852,False,34720,33625,0.36035022290809327,17490,0.021086516203703703,1.922527158376215,33556,0.41945,5838,3.64875,5.747858855772525,14672,0.3275,27,9.964553663775007
scene-0539,2f0e54af35964a3fb347359836bec035,22842442633a417cacf89a558947cca5,a2c712718f3c4338a05473b3ea4aa47e,1535659345648604,False,34752,33658,0.3607038751714678,17444,0.021031057098765432,1.929488649392341,33587,0.4198375,5808,3.63,5.782885674931129,14693,0.32796875,27,9.925693324742975
scene-0539,2f0e54af35964a3fb347359836bec035,b20a7854a2614807a7dfaec8f9dd8bd3,a2c712718f3c4338a05473b3ea4aa47e,1535659345698925,False,34720,33636,0.3604681069958848,17442,0.021028645833333335,1.9284485724114206,33571,0.4196375,5750,3.59375,5.8384347826086955,14722,0.3286160714285714,27,9.8871830872499
scene-0539,2f0e54af35964a3fb347359836bec035,90e3a95382414292b52d886b0f6660d5,a2c712718f3c4338a05473b3ea4aa47e,1535659345748702,False,34720,33652,0.3606395747599451,17410,0.020990065586419752,1.9329121194715682,33582,0.419775,5774,3.60875,5.816072047107724,14738,0.3289732142857143,27,9.849991461738366
scene-0539,2f0e54af35964a3fb347359836bec035,74cb2b3416b643be94d20a2f299b2e26,a2c712718f3c4338a05473b3ea4aa47e,1535659345798457,False,34688,33586,0.3599322702331962,17286,0.02084056712962963,1.9429596205021404,33524,0.41905,5771,3.606875,5.809045226130653,14807,0.3305133928571429,27,9.81385062282268
scene-0539,2f0e54af35964a3fb347359836bec035,beb97f7f92ed4763a2a50a6bec0e24ce,a2c712718f3c4338a05473b3ea4aa47e,1535659345848772,False,34720,33642,0.3605324074074074,17245,0.020791136188271605,1.950826326471441,33583,0.4197875,5765,3.603125,5.825325238508239,14835,0.33113839285714286,27,9.778521258128263
scene-0539,2f0e54af35964a3fb347359836bec035,2cba0ea2f18445f1b65cf106bc19c76d,a2c712718f3c4338a05473b3ea4aa47e,1535659345898566,False,34688,33603,0.3601144547325103,17288,0.020842978395061728,1.9437181860249884,33537,0.4192125,5791,3.619375,5.7912277672250045,15010,0.33504464285714286,27,9.744959681467325
scene-0539,2f0e54af35964a3fb347359836bec035,2296f04a3ab54b0b8992614340970b3c,a2c712718f3c4338a05473b3ea4aa47e,1535659345948893,True,34720,33650,0.3606181412894376,17354,0.020922550154320988,1.9390342284199609,33587,0.4198375,5783,3.614375,5.8078851807020575,14875,0.33203125,27,9.71269067969573
scene-0539,2f0e54af35964a3fb347359836bec035,7cd628abbf494ea98bd50c15b07d2cd3,72b46ba6907f47dc8ebf06fee909b251,1535659345998647,False,34720,33670,0.360832475994513,17329,0.020892409336419754,1.9429857464366092,33615,0.4201875,5702,3.56375,5.895299894773763,15381,0.3433258928571429,23,7.837398962145329
scene-0539,2f0e54af35964a3fb347359836bec035,2bb4390369e644b694a35e3111eb7a82,72b46ba6907f47dc8ebf06fee909b251,1535659346048437,False,34720,33653,0.3606502914951989,17293,0.020849006558641976,1.9460475336841496,33599,0.4199875,5688,3.555,5.906997187060478,14915,0.33292410714285714,23,7.811745994281374
scene-0539,2f0e54af35964a3fb347359836bec035,cb7567bf5ed84cb89ec5d215eca5cc6a,72b46ba6907f47dc8ebf06fee909b251,1535659346098729,False,34720,33656,0.3606824417009602,17323,0.020885175540123455,1.94285054551752,33601,0.4200125,5661,3.538125,5.93552375905317,14939,0.33345982142857145,23,7.788483279451628
scene-0539,2f0e54af35964a3fb347359836bec035,da43888d9dd34600a584dbd7c8c706b9,72b46ba6907f47dc8ebf06fee909b251,1535659346148482,False,34720,33644,0.360553840877915,17288,0.020842978395061728,1.9460897732531235,33597,0.4199625,5638,3.52375,5.959028024122029,14982,0.3344196428571429,23,7.7684261041905645
scene-0539,2f0e54af35964a3fb347359836bec035,4b3adb72e3bb43318e03fca1530f235a,72b46ba6907f47dc8ebf06fee909b251,1535659346198793,False,34720,33665,0.36077889231824417,17282,0.020835744598765433,1.9479805578058096,33616,0.4202,5615,3.509375,5.986821015138023,15076,0.33651785714285715,23,7.751485770621557
scene-0539,2f0e54af35964a3fb347359836bec035,dd5bca1f67ac4bb5a32085f3f57925f2,72b46ba6907f47dc8ebf06fee909b251,1535659346248601,False,34720,33629,0.3603930898491084,17319,0.02088035300925926,1.941740285235868,33583,0.4197875,5570,3.48125,6.029263913824058,15044,0.3358035714285714,23,7.738362461152528
scene-0539,2f0e54af35964a3fb347359836bec035,15f336438f2f4667aeb99365e2c17511,72b46ba6907f47dc8ebf06fee909b251,1535659346298331,False,34720,33669,0.36082175925925924,17277,0.020829716435185185,1.948775829137003,33620,0.42025,5652,3.5325,5.948336871903751,15044,0.3358035714285714,23,7.729179809186209
scene-0539,2f0e54af35964a3fb347359836bec035,5941fb4891924ed99032b4caf1fc976d,72b46ba6907f47dc8ebf06fee909b251,1535659346348650,False,34720,33670,0.360832475994513,17266,0.02081645447530864,1.9500752924823352,33620,0.42025,5607,3.504375,5.996076333154985,15029,0.33546875,23,7.724113906215421
scene-0539,2f0e54af35964a3fb347359836bec035,b72f43186b1a444f821c3c3738d71cc1,72b46ba6907f47dc8ebf06fee909b251,1535659346398415,False,34688,33642,0.3605324074074074,17317,0.02087794174382716,1.942715250909511,33594,0.419925,5653,3.533125,5.942685299840792,15092,0.336875,23,7.723428473716545
scene-0539,2f0e54af35964a3fb347359836bec035,600c69ceba0e418a9f4176d7b2f00a2d,72b46ba6907f47dc8ebf06fee909b251,1535659346448742,True,34720,33677,0.36090749314128945,17277,0.020829716435185185,1.9492388724894367,33628,0.42035,5629,3.518125,5.974062888612542,15059,0.33613839285714286,23,7.727143673302153
scene-0539,2f0e54af35964a3fb347359836bec035,788e73588ff345049353b4a228c0d6c1,553014ec292249bea12785319d28242b,1535659346498519,False,34688,33669,0.36082175925925924,17218,0.02075858410493827,1.9554535950749217,33623,0.4202875,5563,3.476875,6.0440409850799925,15017,0.3352008928571429,23,7.732525098610896
scene-0539,2f0e54af35964a3fb347359836bec035,8b6955a127914023ae8f3c0f08c00f41,553014ec292249bea12785319d28242b,1535659346548273,False,34720,33698,0.36113254458161864,17282,0.020835744598765433,1.9498900590209467,33653,0.4206625,5585,3.490625,6.025604297224709,15014,0.3351339285714286,23,7.741294629654455
scene-0539,2f0e54af35964a3fb347359836bec035,e44e1f951fff410586d953d9c6c522b6,553014ec292249bea12785319d28242b,1535659346598612,False,34688,33681,0.3609503600823045,17183,0.020716386959876543,1.9601350171681313,33629,0.4203625,5544,3.465,6.065836940836941,15130,0.3377232142857143,23,7.753420064888718
scene-0539,2f0e54af35964a3fb347359836bec035,8592174428f74e0b92bff65a26e962d4,553014ec292249bea12785319d28242b,1535659346648367,False,34720,33708,0.3612397119341564,17248,0.020794753086419752,1.9543135435992578,33665,0.4208125,5545,3.465625,6.071235347159603,15043,0.33578125,23,7.768386483068898
scene-0539,2f0e54af35964a3fb347359836bec035,8f74f2fa2aa84cc5bf281f5d6553b934,553014ec292249bea12785319d28242b,1535659346698725,False,34752,33716,0.36132544581618653,17146,0.020671778549382715,1.9664061588708737,33668,0.42085,5509,3.443125,6.111453984389182,15029,0.33546875,23,7.786293932825646
scene-0539,2f0e54af35964a3fb347359836bec035,7e213e285c394080b1ed07ea82613525,553014ec292249bea12785319d28242b,1535659346748446,False,34720,33698,0.36113254458161864,17247,0.020793547453703702,1.9538470458630486,33644,0.42055,5542,3.46375,6.070732587513533,15003,0.33488839285714284,23,7.806438843942582
scene-0539,2f0e54af35964a3fb347359836bec035,4f4b8283c21a463792b864ebdb04cd56,553014ec292249bea12785319d28242b,1535659346798768,False,34752,33710,0.3612611454046639,17186,0.02072000385802469,1.9614802746421507,33661,0.4207625,5513,3.445625,6.105750045347361,15065,0.33627232142857144,23,7.8290629103793155
scene-0539,2f0e54af35964a3fb347359836bec035,0976c2088bed4ff6baf4fed3a5899f73,553014ec292249bea12785319d28242b,1535659346848544,False,34752,33716,0.36132544581618653,17158,0.02068624614197531,1.9650308893810466,33663,0.4207875,5472,3.42,6.151864035087719,15131,0.3377455357142857,23,7.853415372286892
scene-0539,2f0e54af35964a3fb347359836bec035,1cfbde6645ac4882b5d1ced27390e24f,553014ec292249bea12785319d28242b,1535659346898860,False,34752,33716,0.36132544581618653,17065,0.020574122299382717,1.975739818341635,33653,0.4206625,5414,3.38375,6.215921684521611,15108,0.33723214285714287,23,7.8798048833820955
scene-0539,2f0e54af35964a3fb347359836bec035,78780e993c834469ba7bd810e0411222,553014ec292249bea12785319d28242b,1535659346948632,True,34752,33733,0.3615076303155007,16999,0.020494550540123457,1.9844108476969233,33673,0.4209125,5434,3.39625,6.196724328303276,15061,0.3361830357142857,23,7.90746545573916
scene-0398,b519ec833e23450a8bd3340b67f2516b,31b572168028407b8799a08caabe5dec,9302dfabb787435aaf9a3210b34183b5,1535731401697349,True,34688,33629,0.3603930898491084,16098,0.019408275462962962,2.089017269225991,33608,0.4201,3312,2.07,10.147342995169081,20848,0.46535714285714286,27,5.559159999190444
scene-0398,b519ec833e23450a8bd3340b67f2516b,15b90eb5cded43449a25de59cc45ad5d,3b3154f8ebbb49288cadfa4e78d0eacf,1535731401747110,False,34688,33643,0.36054312414266115,16223,0.019558979552469137,2.0737841336374285,33619,0.4202375,3375,2.109375,9.961185185185185,20780,0.46383928571428573,30,5.006208173609981
scene-0398,b519ec833e23450a8bd3340b67f2516b,427acc12a0c8483583bc0e2254434811,3b3154f8ebbb49288cadfa4e78d0eacf,1535731401796874,False,34720,33665,0.36077889231824417,16262,0.019605999228395062,2.0701635715164186,33635,0.4204375,3347,2.091875,10.049297878697342,20404,0.4554464285714286,30,5.00039924447867
scene-0398,b519ec833e23450a8bd3340b67f2516b,fa465da235b741fba68b2c6ea529a238,3b3154f8ebbb49288cadfa4e78d0eacf,1535731401847195,False,34688,33639,0.3605002572016461,16301,0.019653018904320987,2.0636157290963744,33609,0.4201125,3346,2.09125,10.044530783024507,17157,0.38296875,30,4.99590953483026
scene-0398,b519ec833e23450a8bd3340b67f2516b,14bd848b227842cc9d78a02a24302f65,3b3154f8ebbb49288cadfa4e78d0eacf,1535731401896978,False,34688,33645,0.36056455761316875,16405,0.019778404706790122,2.050899116123133,33615,0.4201875,3370,2.10625,9.974777448071217,15358,0.3428125,30,4.992288972668442
scene-0398,b519ec833e23450a8bd3340b67f2516b,8e28ba3d93154a6796bfba68c04afb19,3b3154f8ebbb49288cadfa4e78d0eacf,1535731401997042,False,34656,33601,0.36009302126200277,16465,0.019850742669753087,2.040753112663225,33579,0.4197375,3365,2.103125,9.97890044576523,15336,0.34232142857142855,30,4.9824912790591
scene-0398,b519ec833e23450a8bd3340b67f2516b,e564371bdc054b77bd1808998845f6f6,3b3154f8ebbb49288cadfa4e78d0eacf,1535731402046818,False,34720,33687,0.36101466049382713,16477,0.019865210262345678,2.044486253565576,33660,0.42075,3368,2.105,9.994061757719715,15291,0.3413169642857143,30,4.979765135508514
scene-0398,b519ec833e23450a8bd3340b67f2516b,6b7683075f8a4f68985d63abdcad64a0,3b3154f8ebbb49288cadfa4e78d0eacf,1535731402097186,False,34688,33652,0.3606395747599451,16546,0.019948398919753085,2.033845038075668,33634,0.420425,3363,2.101875,10.0011894142135,18067,0.40328125,30,4.978461141073382
scene-0398,b519ec833e23450a8bd3340b67f2516b,b890df1df0134514ad2da7ee2020586a,3b3154f8ebbb49288cadfa4e78d0eacf,1535731402146894,False,34688,33672,0.36085390946502055,16630,0.020049672067901234,2.0247745039085987,33655,0.4206875,3343,2.089375,10.067304816033502,20276,0.4525892857142857,30,4.978603315809293
scene-0398,b519ec833e23450a8bd3340b67f2516b,e15b84fbd49b4ef78ee208a2d6d5acc0,3b3154f8ebbb49288cadfa4e78d0eacf,1535731402196662,True,34720,33685,0.3609932270233196,16658,0.020083429783950616,2.0221515187897707,33669,0.4208625,3380,2.1125,9.961242603550296,18263,0.40765625,30,4.980156822239305
scene-0398,b519ec833e23450a8bd3340b67f2516b,57ed76e7e6ea48f488da2a2e062eebb2,8569737ff7e6414dbb1fc302ede82d84,1535731402246994,False,34688,33656,0.3606824417009602,16692,0.020124421296296297,2.016295231248502,33641,0.4205125,3388,2.1175,9.929456906729634,19825,0.44252232142857145,30,4.983638843260162
scene-0398,b519ec833e23450a8bd3340b67f2516b,f88b1c6d131747579b4589e12e80dd08,8569737ff7e6414dbb1fc302ede82d84,1535731402296793,False,34720,33698,0.36113254458161864,16768,0.02021604938271605,2.0096612595419847,33688,0.4211,3396,2.1225,9.919905771495877,20086,0.4483482142857143,30,4.989001913632018
scene-0398,b519ec833e23450a8bd3340b67f2516b,9b155c80b70349088071c536ae9fe437,8569737ff7e6414dbb1fc302ede82d84,1535731402346517,False,34720,33703,0.36118612825788754,16846,0.0203100887345679,2.0006529739997627,33688,0.4211,3378,2.11125,9.972764949674364,19525,0.43582589285714285,30,4.996219794361637
scene-0398,b519ec833e23450a8bd3340b67f2516b,9dee16da2c5b453395afd4966cc5ad18,8569737ff7e6414dbb1fc302ede82d84,1535731402396836,False,34688,33694,0.36108967764060357,16754,0.02019917052469136,2.0111018264295093,33685,0.4210625,3387,2.116875,9.945379391792146,16368,0.3653571428571429,30,5.005366453126677
scene-0398,b519ec833e23450a8bd3340b67f2516b,89d920f5f0094849a67912c227a8cba9,8569737ff7e6414dbb1fc302ede82d84,1535731402446616,False,34720,33729,0.3614647633744856,16890,0.020363136574074073,1.9969804618117228,33718,0.421475,3405,2.128125,9.902496328928047,16037,0.35796875,30,5.016177201622034
scene-0398,b519ec833e23450a8bd3340b67f2516b,b6e7bf2b2bfd4f68bf4eb3435ae54fb6,8569737ff7e6414dbb1fc302ede82d84,1535731402496948,False,34688,33698,0.36113254458161864,16826,0.020285976080246914,2.0027338642576966,33686,0.421075,3381,2.113125,9.96332446021887,18976,0.4235714285714286,30,5.028624877184414
scene-0398,b519ec833e23450a8bd3340b67f2516b,a6eed014a55c4fa8ae13f4c135331dfa,8569737ff7e6414dbb1fc302ede82d84,1535731402548144,False,34720,33722,0.3613897462277092,16929,0.02041015625,1.991966448106799,33710,0.421375,3391,2.119375,9.941020347979947,15518,0.3463839285714286,30,5.040359864375586
scene-0398,b519ec833e23450a8bd3340b67f2516b,87b69ec510334b5582aa0340b96943c2,8569737ff7e6414dbb1fc302ede82d84,1535731402596475,False,34720,33740,0.3615826474622771,16864,0.02033179012345679,2.0007115749525615,33725,0.4215625,3374,2.10875,9.995554238292828,15722,0.3509375,30,5.05295862434033
scene-0398,b519ec833e23450a8bd3340b67f2516b,c3c51f6c16a44d268402ba7d75bbfc4b,8569737ff7e6414dbb1fc302ede82d84,1535731402646790,False,34688,33702,0.36117541152263377,16892,0.020365547839506174,1.9951456310679612,33688,0.4211,3358,2.09875,10.032162001191185,17050,0.38058035714285715,30,5.06756469545625
scene-0398,b519ec833e23450a8bd3340b67f2516b,00aef638acc44b3a8afcd7aa7bc7ad61,8569737ff7e6414dbb1fc302ede82d84,1535731402696556,True,34720,33749,0.36167909807956106,16824,0.020283564814814813,2.0060033285782217,33735,0.4216875,3344,2.09,10.088217703349283,16123,0.35988839285714286,30,5.082048838221826
scene-0398,b519ec833e23450a8bd3340b67f2516b,734aa110a4b648c9935e5359aef05460,5107383b55a44d6c93ddaca7f81ae565,1535731402746314,False,34688,33721,0.36137902949245543,16851,0.020316116898148148,2.0011275295234703,33705,0.4213125,3361,2.100625,10.028265397203214,17819,0.3977455357142857,32,4.9264864284550915
scene-0398,b519ec833e23450a8bd3340b67f2516b,54696e4a9ec3433e87c79bab2f69d5e6,5107383b55a44d6c93ddaca7f81ae565,1535731402796630,False,34688,33726,0.36143261316872427,16854,0.020319733796296296,2.0010679957280173,33710,0.421375,3363,2.101875,10.023788284269997,18003,0.4018526785714286,32,4.919518825682118
scene-0398,b519ec833e23450a8bd3340b67f2516b,a957bcf3faec4dd29356e7dbbfac6c94,5107383b55a44d6c93ddaca7f81ae565,1535731402846393,False,34688,33731,0.36148619684499317,16848,0.0203125,2.0020773979107314,33713,0.4214125,3359,2.099375,10.036618041083656,18146,0.40504464285714287,32,4.9129601777623995
scene-0398,b519ec833e23450a8bd3340b67f2516b,794771d698254aab805010f480498ae5,5107383b55a44d6c93ddaca7f81ae565,1535731402896850,False,34688,33715,0.36131472908093276,16851,0.020316116898148148,2.0007714675686903,33698,0.421225,3362,2.10125,10.023200475907197,19188,0.42830357142857145,32,4.900740672962389
scene-0398,b519ec833e23450a8bd3340b67f2516b,43c570eaceff45a0a611e862d72b64cf,5107383b55a44d6c93ddaca7f81ae565,1535731402946483,False,34656,33664,0.3607681755829904,16914,0.02039207175925926,1.9903038902684167,33654,0.420675,3395,2.121875,9.912812960235641,19396,0.43294642857142857,32,4.882570931222083
scene-0398,b519ec833e23450a8bd3340b67f2516b,047b3841d079481b937ccc5bffc3a519,5107383b55a44d6c93ddaca7f81ae565,1535731402996252,False,34688,33695,0.36110039437585734,16906,0.020382426697530865,1.993079380101739,33681,0.4210125,3366,2.10375,10.006238859180035,19693,0.4395758928571429,32,4.864429780011626
scene-0398,b519ec833e23450a8bd3340b67f2516b,bb3990373e1b4fdca744659de6f8bd66,5107383b55a44d6c93ddaca7f81ae565,1535731403046036,False,34688,33693,0.3610789609053498,16840,0.020302854938271605,2.000771971496437,33685,0.4210625,3381,2.113125,9.963028689736765,19657,0.4387723214285714,32,4.8409848356414535
scene-0398,b519ec833e23450a8bd3340b67f2516b,4f40ba0420b043f98c5730638e33397a,5107383b55a44d6c93ddaca7f81ae565,1535731403096365,False,34688,33687,0.36101466049382713,16865,0.02033299575617284,1.9974503409427808,33678,0.420975,3387,2.116875,9.943312666076174,19604,0.43758928571428574,32,4.816244293650962
scene-0398,b519ec833e23450a8bd3340b67f2516b,91dd84b28ce0417db6798153670ab0a9,5107383b55a44d6c93ddaca7f81ae565,1535731403146107,False,34688,33675,0.3608860596707819,16850,0.020314911265432098,1.9985163204747773,33667,0.4208375,3381,2.113125,9.957704821058858,19565,0.43671875,32,4.79208034138431
scene-0398,b519ec833e23450a8bd3340b67f2516b,7c733d485f5c48318e2aef80c75c5dc7,5107383b55a44d6c93ddaca7f81ae565,1535731403195867,True,34688,33653,0.3606502914951989,16777,0.020226900077160492,2.0059009358049713,33648,0.4206,3388,2.1175,9.931523022432113,19559,0.4365848214285714,32,4.768213845406632
scene-0398,b519ec833e23450a8bd3340b67f2516b,a6300dad22f44b729cf762b42f4fd938,e609bf7fcd19424db869eadce1b7a53c,1535731403246195,False,34688,33643,0.36054312414266115,16856,0.020322145061728396,1.995906502135738,33638,0.420475,3401,2.125625,9.890620405763011,19401,0.4330580357142857,33,5.75177193765192
scene-0398,b519ec833e23450a8bd3340b67f2516b,8bb57bb168524ec4afe89985e607cf9f,e609bf7fcd19424db869eadce1b7a53c,1535731403295964,False,34688,33635,0.360457390260631,16860,0.02032696759259259,1.994958481613286,33631,0.4203875,3415,2.134375,9.848023426061493,19306,0.4309375,33,5.727136524672616
scene-0398,b519ec833e23450a8bd3340b67f2516b,63aebbbb261e49a1978fcc4c698a29ff,e609bf7fcd19424db869eadce1b7a53c,1535731403345744,False,34688,33649,0.3606074245541838,16876,0.020346257716049383,1.9938966579758237,33647,0.4205875,3368,2.105,9.99020190023753,19300,0.43080357142857145,33,5.702860642920321
scene-0398,b519ec833e23450a8bd3340b67f2516b,a9df54181d0a4c0f8c586e75259fba9f,e609bf7fcd19424db869eadce1b7a53c,1535731403396072,False,34688,33654,0.36066100823045266,16922,0.020401716820987653,1.9887720127644486,33651,0.4206375,3432,2.145,9.80506993006993,19359,0.4321205357142857,33,5.6787129093413995
scene-0398,b519ec833e23450a8bd3340b67f2516b,e6f210218595408d9a43716beb2d6372,e609bf7fcd19424db869eadce1b7a53c,1535731403445815,False,34688,33646,0.3605752743484225,16886,0.020358314043209876,1.9925381973232263,33643,0.4205375,3423,2.139375,9.82851300029214,19177,0.4280580357142857,33,5.655262082076681
scene-0398,b519ec833e23450a8bd3340b67f2516b,cb27355a112d43c1a98dac4726bfcb8a,e609bf7fcd19424db869eadce1b7a53c,1535731403495562,False,34720,33689,0.3610360939643347,16909,0.020386043595679013,1.9923709267254126,33683,0.4210375,3446,2.15375,9.774521183981427,16723,0.37328125,33,5.632250203149202
scene-0398,b519ec833e23450a8bd3340b67f2516b,97aa5ac746e94664b8a7b6fc5657c621,e609bf7fcd19424db869eadce1b7a53c,1535731403545907,False,34688,33664,0.3607681755829904,16825,0.020284770447530864,2.0008320950965826,33655,0.4206875,3437,2.148125,9.791969741053244,16211,0.36185267857142855,33,5.609439668027104
scene-0398,b519ec833e23450a8bd3340b67f2516b,5631278c95494052806abd3a0b463a9e,e609bf7fcd19424db869eadce1b7a53c,1535731403595672,False,34688,33653,0.3606502914951989,16934,0.020416184413580247,1.9873036494626195,33645,0.4205625,3469,2.168125,9.69876044969732,19307,0.4309598214285714,33,5.587394905150477
scene-0398,b519ec833e23450a8bd3340b67f2516b,40a10886818949f2b400f57149eaea1e,e609bf7fcd19424db869eadce1b7a53c,1535731403645434,False,34688,33655,0.36067172496570643,16929,0.02041015625,1.9880087423947073,33646,0.420575,3503,2.189375,9.604910077076791,19315,0.43113839285714284,33,5.565883377683996
scene-0398,b519ec833e23450a8bd3340b67f2516b,b9a66a1f007b43f29c4246b29418bfa0,e609bf7fcd19424db869eadce1b7a53c,1535731403695787,True,34688,33660,0.36072530864197533,16943,0.020427035108024693,1.9866611580003541,33652,0.42065,3503,2.189375,9.606622894661719,19284,0.43044642857142856,33,5.544691854760887
scene-0398,b519ec833e23450a8bd3340b67f2516b,d4476a9f6efd41d285c6975e6894a2ac,714eab3a459b441a8281a95fac124a11,1535731403745512,False,34688,33661,0.3607360253772291,16878,0.020348668981481483,1.994371371015523,33654,0.420675,3519,2.199375,9.563512361466326,19222,0.4290625,34,5.510672909671173
scene-0398,b519ec833e23450a8bd3340b67f2516b,fe63113d090f4263b5571cb1c6dad478,714eab3a459b441a8281a95fac124a11,1535731403795286,False,34688,33666,0.36078960905349794,16894,0.02036795910493827,1.9927785012430448,33656,0.4207,3498,2.18625,9.621497998856489,17582,0.3924553571428571,34,5.49257582508212
scene-0398,b519ec833e23450a8bd3340b67f2516b,a2871a6e77b04fb49e650cd2eee70817,714eab3a459b441a8281a95fac124a11,1535731403845610,False,34688,33679,0.360928926611797,16919,0.020398099922839506,1.990602281458715,33670,0.420875,3534,2.20875,9.527447651386531,19202,0.42861607142857144,34,5.474948792859485
scene-0398,b519ec833e23450a8bd3340b67f2516b,f23cb8221fb342ceb5de24d9f9f41745,714eab3a459b441a8281a95fac124a11,1535731403895375,False,34720,33711,0.3612718621399177,16876,0.020346257716049383,1.997570514339891,33699,0.4212375,3512,2.195,9.595387243735763,18882,0.42147321428571427,34,5.458212756436902
scene-0398,b519ec833e23450a8bd3340b67f2516b,42aa37a2ad9b41de85acef000c6c19c4,714eab3a459b441a8281a95fac124a11,1535731403945705,False,34688,33663,0.36075745884773663,16906,0.020382426697530865,1.991186560984266,33650,0.420625,3514,2.19625,9.575981787137165,15372,0.343125,34,5.442023940434998
scene-0398,b519ec833e23450a8bd3340b67f2516b,c8e8f079b2b6432895e2f417c1828a12,714eab3a459b441a8281a95fac124a11,1535731404045198,False,34464,33421,0.3581640089163237,16785,0.020236545138888888,1.9911230265117665,33406,0.417575,3490,2.18125,9.571919770773638,15332,0.3422321428571429,34,5.412341707577308
scene-0398,b519ec833e23450a8bd3340b67f2516b,1250d5f51d744c65adfb8fd942b1f6fd,714eab3a459b441a8281a95fac124a11,1535731404095521,False,34688,33670,0.360832475994513,16840,0.020302854938271605,1.9994061757719714,33654,0.420675,3524,2.2025,9.54994324631101,15317,0.34189732142857143,34,5.398574846834183
scene-0398,b519ec833e23450a8bd3340b67f2516b,13f223d022c34dc6850475bf4a907453,714eab3a459b441a8281a95fac124a11,1535731404145292,False,34720,33690,0.3610468106995885,16828,0.02028838734567901,2.002020442120276,33675,0.4209375,3547,2.216875,9.493938539610939,15319,0.3419419642857143,34,5.385832247768513
scene-0398,b519ec833e23450a8bd3340b67f2516b,cd373c878d40415890862d43d227944a,714eab3a459b441a8281a95fac124a11,1535731404195107,True,34688,33662,0.36074674211248287,16790,0.020242573302469136,2.004883859440143,33646,0.420575,3508,2.1925,9.591220068415051,15387,0.34345982142857145,34,5.373986527991881
scene-0398,b519ec833e23450a8bd3340b67f2516b,2b6867097cb9445ca4b4fd9c5adc5abd,0f5b9559b9824a34b52369e17cef6d91,1535731404245384,False,34688,33652,0.3606395747599451,16780,0.020230516975308643,2.005482717520858,33635,0.4204375,3542,2.21375,9.496047430830039,15400,0.34375,34,5.363368262725644
scene-0398,b519ec833e23450a8bd3340b67f2516b,f2b792aab76f49748a931ce31bcf1178,0f5b9559b9824a34b52369e17cef6d91,1535731404295176,False,34688,33650,0.3606181412894376,16790,0.020242573302469136,2.004169148302561,33631,0.4203875,3527,2.204375,9.535299121066062,15419,0.3441741071428571,34,5.354047020732524
scene-0398,b519ec833e23450a8bd3340b67f2516b,e26bacb249df4c34bf51431963743305,0f5b9559b9824a34b52369e17cef6d91,1535731404344913,False,34688,33639,0.3605002572016461,16804,0.020259452160493827,2.001844798857415,33620,0.42025,3548,2.2175,9.47576099210823,15501,0.3460044642857143,34,5.345980136489758
scene-0398,b519ec833e23450a8bd3340b67f2516b,eea6832acbf6475da4c8e06ae3878a44,0f5b9559b9824a34b52369e17cef6d91,1535731404395236,False,34688,33620,0.3602966392318244,16696,0.020129243827160494,2.013655965500719,33602,0.420025,3523,2.201875,9.537893840476867,15479,0.34551339285714283,34,5.33908188070403
scene-0398,b519ec833e23450a8bd3340b67f2516b,dc1b6bacbcff43c1bb3b38c7ff99fa50,0f5b9559b9824a34b52369e17cef6d91,1535731404444991,False,34688,33579,0.35985725308641975,16702,0.02013647762345679,2.010477787091366,33562,0.419525,3508,2.1925,9.5672748004561,15831,0.3533705357142857,34,5.3322412976042965
scene-0398,b519ec833e23450a8bd3340b67f2516b,16d12a23f7a445f9bd880c67057d34d2,0f5b9559b9824a34b52369e17cef6d91,1535731404494770,False,34720,33603,0.3601144547325103,16608,0.020023148148148148,2.023302023121387,33585,0.4198125,3476,2.1725,9.661967779056386,15420,0.34419642857142857,34,5.326815746429884
scene-0398,b519ec833e23450a8bd3340b67f2516b,200aa24287474c7c9ce3f721e59f953b,0f5b9559b9824a34b52369e17cef6d91,1535731404545094,False,34720,33605,0.36013588820301784,16561,0.019966483410493827,2.0291649055008754,33587,0.4198375,3474,2.17125,9.66810592976396,15381,0.3433258928571429,34,5.322829027123513
scene-0398,b519ec833e23450a8bd3340b67f2516b,2857f90ac5e64a49bfeeb13c6205758f,0f5b9559b9824a34b52369e17cef6d91,1535731404594877,False,34720,33610,0.3601894718792867,16563,0.019968894675925927,2.0292217593431143,33594,0.419925,3470,2.16875,9.681268011527377,15393,0.34359375,34,5.320418410832892
scene-0398,b519ec833e23450a8bd3340b67f2516b,231353c4ce8d4008b62eceaf9e40c88e,0f5b9559b9824a34b52369e17cef6d91,1535731404645188,True,34720,33619,0.36028592249657065,16601,0.020014708719135802,2.025118968736823,33605,0.4200625,3499,2.186875,9.604172620748786,15443,0.34470982142857143,34,5.319576623704002
scene-0398,b519ec833e23450a8bd3340b67f2516b,ed2397dd25f6485cbfcd7eb2116878d2,63c58bcb18cb4fca8e2fc5a081ff4dd0,1535731404694967,False,34720,33609,0.3601787551440329,16604,0.02001832561728395,2.0241508070344496,33595,0.4199375,3461,2.163125,9.706732158335742,15479,0.34551339285714283,34,5.390344473936627
scene-0398,b519ec833e23450a8bd3340b67f2516b,a738fc16cc12400699cc3792a7e14062,63c58bcb18cb4fca8e2fc5a081ff4dd0,1535731404745273,False,34720,33625,0.36035022290809327,16542,0.019943576388888887,2.032704630637166,33611,0.4201375,3448,2.155,9.747969837587007,16376,0.3655357142857143,34,5.390611225204271
scene-0398,b519ec833e23450a8bd3340b67f2516b,9d3e40c1721240d4820f2b3d6126aea1,63c58bcb18cb4fca8e2fc5a081ff4dd0,1535731404795089,False,34752,33665,0.36077889231824417,16508,0.01990258487654321,2.039314271868185,33651,0.4206375,3481,2.175625,9.66704969836254,15459,0.34506696428571426,34,5.392218884934512
scene-0398,b519ec833e23450a8bd3340b67f2516b,07277d6f570747359ac023861d46dbda,63c58bcb18cb4fca8e2fc5a081ff4dd0,1535731404845341,False,34752,33642,0.3605324074074074,16500,0.019892939814814815,2.038909090909091,33627,0.4203375,3474,2.17125,9.679620034542314,15438,0.3445982142857143,34,5.395192025424454
scene-0398,b519ec833e23450a8bd3340b67f2516b,aadf0c74c8e24df09a5c073bcf28bfa5,63c58bcb18cb4fca8e2fc5a081ff4dd0,1535731404895132,False,34720,33632,0.3604252400548697,16481,0.019870032793209876,2.040652873005279,33617,0.4202125,3495,2.184375,9.61859799713877,15478,0.34549107142857144,34,5.399463865808083
scene-0398,b519ec833e23450a8bd3340b67f2516b,9dedbf0d288040fda89ac5e535ec1e81,63c58bcb18cb4fca8e2fc5a081ff4dd0,1535731404944877,False,34752,33649,0.3606074245541838,16519,0.019915846836419754,2.0369877111205277,33635,0.4204375,3501,2.188125,9.607255069980006,15643,0.3491741071428571,34,5.40502783044371
scene-0398,b519ec833e23450a8bd3340b67f2516b,14989fa6211847088618bf6e853d0170,63c58bcb18cb4fca8e2fc5a081ff4dd0,1535731404995225,False,34752,33652,0.3606395747599451,16512,0.01990740740740741,2.038032945736434,33640,0.4205,3487,2.179375,9.647261256094064,16061,0.3585044642857143,34,5.411947052850311
scene-0398,b519ec833e23450a8bd3340b67f2516b,c6b5566064d2417493bf59d72b299a4b,63c58bcb18cb4fca8e2fc5a081ff4dd0,1535731405044968,False,34752,33651,0.36062885802469136,16496,0.019888117283950617,2.0399490785645007,33636,0.42045,3511,2.194375,9.580176587866704,15497,0.34591517857142856,34,5.4200166577323365
scene-0398,b519ec833e23450a8bd3340b67f2516b,700149a4f3bf4bdd96bf2ba32bd811d3,63c58bcb18cb4fca8e2fc5a081ff4dd0,1535731405095302,False,34784,33682,0.3609610768175583,16548,0.019950810185185186,2.035412134396906,33667,0.4208375,3565,2.228125,9.443758765778401,15469,0.3452901785714286,34,5.429383975789811
scene-0398,b519ec833e23450a8bd3340b67f2516b,60d62aeb111044e488e21b82e09f850f,63c58bcb18cb4fca8e2fc5a081ff4dd0,1535731405145595,True,34752,33669,0.36082175925925924,16546,0.019948398919753085,2.0348724767315365,33648,0.4206,3545,2.215625,9.491678420310297,15507,0.3461383928571429,34,5.439899344610097
scene-0398,b519ec833e23450a8bd3340b67f2516b,80c8303d69434ddcbee26d088d005664,9d4dd236125b499b800a75442394450f,1535731405195366,False,34752,33684,0.3609825102880658,16575,0.019983362268518517,2.0322171945701357,33666,0.420825,3563,2.226875,9.44877911872018,16129,0.36002232142857143,34,5.681791929789086
scene-0398,b519ec833e23450a8bd3340b67f2516b,2439e2e82db442cd9629de1183a00aab,9d4dd236125b499b800a75442394450f,1535731405245686,False,34784,33713,0.3612932956104252,16581,0.019990596064814816,2.033230806344611,33693,0.4211625,3576,2.235,9.421979865771812,15663,0.3496205357142857,34,5.695285680596773
scene-0398,b519ec833e23450a8bd3340b67f2516b,60c6d575b10a49b796d40c11a5e15570,9d4dd236125b499b800a75442394450f,1535731405295515,False,34784,33709,0.36125042866941015,16556,0.019960455246913582,2.0360594346460497,33692,0.42115,3556,2.2225,9.474690663667042,15896,0.35482142857142857,34,5.7096677706878
scene-0398,b519ec833e23450a8bd3340b67f2516b,471e7aa4d549433e9dda50e527baa3c1,9d4dd236125b499b800a75442394450f,1535731405345793,False,34752,33678,0.3609182098765432,16629,0.020048466435185184,2.025257081003067,33656,0.4207,3598,2.24875,9.354085603112841,15666,0.3496875,34,5.725152509620904
scene-0398,b519ec833e23450a8bd3340b67f2516b,40ccf121dd144ec29f21bda2dba86cb5,9d4dd236125b499b800a75442394450f,1535731405395550,False,34784,33721,0.36137902949245543,16653,0.02007740162037037,2.0249204347565004,33703,0.4212875,3571,2.231875,9.437972556706805,15588,0.34794642857142855,34,5.741385231795602
scene-0398,b519ec833e23450a8bd3340b67f2516b,998fef460f3d48bda7f226ba351f2223,9d4dd236125b499b800a75442394450f,1535731405445865,False,34784,33721,0.36137902949245543,16700,0.020134066358024692,2.0192215568862277,33696,0.4212,3582,2.23875,9.407035175879397,15520,0.3464285714285714,34,5.758665968891186
scene-0398,b519ec833e23450a8bd3340b67f2516b,53fd509b71564c06967bc97d6d48401d,9d4dd236125b499b800a75442394450f,1535731405495643,False,34752,33695,0.36110039437585734,16700,0.020134066358024692,2.0176646706586827,33672,0.4209,3584,2.24,9.395089285714286,15596,0.348125,34,5.776568955496737
scene-0398,b519ec833e23450a8bd3340b67f2516b,877a7f9de38c430cbef94c7c0debb21b,9d4dd236125b499b800a75442394450f,1535731405545977,False,34784,33717,0.36133616255144035,16749,0.02019314236111111,2.013075407487014,33692,0.42115,3559,2.224375,9.466704130373701,15546,0.34700892857142857,34,5.793858460409575
scene-0398,b519ec833e23450a8bd3340b67f2516b,7d026a8be8e947a89b88f1ec282a0d8d,9d4dd236125b499b800a75442394450f,1535731405596275,False,34784,33724,0.36141117969821673,16756,0.020201581790123456,2.012652184292194,33699,0.4212375,3560,2.225,9.466011235955056,15498,0.3459375,34,5.811460235609393
scene-0398,b519ec833e23450a8bd3340b67f2516b,d974d676e9f245c58f2d379242d0ca55,9d4dd236125b499b800a75442394450f,1535731405646025,True,34752,33695,0.36110039437585734,16733,0.020173852237654322,2.0136855315842945,33676,0.42095,3578,2.23625,9.411961989938513,15495,0.3458705357142857,34,5.829565993880037
scene-0398,b519ec833e23450a8bd3340b67f2516b,2104111b01df4eaca5b7d9b9ac857a12,937e2f31913344d58706379ad85c5eaa,1535731405696342,False,34784,33722,0.3613897462277092,16773,0.020222077546296298,2.01049305431348,33700,0.42125,3547,2.216875,9.50098674936566,16154,0.36058035714285713,33,6.152012490006135
scene-0398,b519ec833e23450a8bd3340b67f2516b,72b3f5af81f74b6581bc303a279c28eb,937e2f31913344d58706379ad85c5eaa,1535731405746113,False,34784,33721,0.36137902949245543,16806,0.020261863425925924,2.006485778888492,33698,0.421225,3567,2.229375,9.447154471544716,17074,0.3811160714285714,33,6.155453051860448
scene-0398,b519ec833e23450a8bd3340b67f2516b,14948c4e16484d8c85d989ee0cb2f602,937e2f31913344d58706379ad85c5eaa,1535731405796464,False,34784,33722,0.3613897462277092,16786,0.02023775077160494,2.00893601811033,33701,0.4212625,3546,2.21625,9.503948110547096,17160,0.3830357142857143,33,6.159119033384807
scene-0398,b519ec833e23450a8bd3340b67f2516b,1f20c7b026e645fdb03f6e12754ab9a3,937e2f31913344d58706379ad85c5eaa,1535731405846232,False,34784,33706,0.36121827846364885,16805,0.020260657793209878,2.0057125855400177,33683,0.4210375,3552,2.22,9.482826576576576,18919,0.4222991071428571,33,6.162921951228114
scene-0398,b519ec833e23450a8bd3340b67f2516b,63a119143dcc43c282fee0cbc9c14b71,937e2f31913344d58706379ad85c5eaa,1535731405896528,False,34752,33672,0.36085390946502055,16819,0.02027753665123457,2.002021523277246,33647,0.4205875,3549,2.218125,9.480698788391097,18795,0.41953125,33,6.166942725770076
scene-0398,b519ec833e23450a8bd3340b67f2516b,dd9f0efd13c640b38afa90a2f8340992,937e2f31913344d58706379ad85c5eaa,1535731405946288,False,34784,33700,0.3611539780521262,16822,0.020281153549382716,2.003328973962668,33680,0.421,3540,2.2125,9.514124293785311,18633,0.41591517857142857,33,6.171092797182341
scene-0398,b519ec833e23450a8bd3340b67f2516b,27286c365dde4226a881c4e20a61df0c,937e2f31913344d58706379ad85c5eaa,1535731405996610,False,34784,33709,0.36125042866941015,16803,0.020258246527777777,2.0061298577634945,33689,0.4211125,3546,2.21625,9.500564015792442,17859,0.39863839285714286,33,6.175460530381136
scene-0398,b519ec833e23450a8bd3340b67f2516b,2658c72834ef4c4c9e71a2773df22d05,937e2f31913344d58706379ad85c5eaa,1535731406046927,False,34784,33695,0.36110039437585734,16832,0.02029320987654321,2.0018417300380227,33676,0.42095,3526,2.20375,9.550765740215542,15853,0.35386160714285714,33,6.179996356731839
scene-0398,b519ec833e23450a8bd3340b67f2516b,c347def47a4143b6a7f747d5ee3be135,937e2f31913344d58706379ad85c5eaa,1535731406097905,False,34784,33691,0.36105752743484226,16879,0.02034987461419753,1.9960305705314296,33675,0.4209375,3533,2.208125,9.531559581092555,16446,0.36709821428571426,33,6.1847605096821425
scene-0398,b519ec833e23450a8bd3340b67f2516b,54ac1f6f93c44d2d956fb044b90e29e9,937e2f31913344d58706379ad85c5eaa,1535731406147012,True,34784,33697,0.3611218278463649,16887,0.020359519675925926,1.9954402795049446,33679,0.4209875,3537,2.210625,9.5219112242013,15515,0.3463169642857143,33,6.189507636282547
scene-0398,b519ec833e23450a8bd3340b67f2516b,ffe13e7e68d74398904e8965bee78f61,871057df7b0d4624b67cdde35f61bd92,1535731406196795,False,34784,33691,0.36105752743484226,16947,0.020431857638888887,1.9880214787277983,33675,0.4209375,3509,2.193125,9.596751211171274,15767,0.3519419642857143,32,6.415482888676339
scene-0398,b519ec833e23450a8bd3340b67f2516b,8c0e7665fd0349de84ed249dab6722a3,871057df7b0d4624b67cdde35f61bd92,1535731406247116,False,34784,33681,0.3609503600823045,16887,0.020359519675925926,1.9944928051163617,33665,0.4208125,3506,2.19125,9.602110667427267,17365,0.38761160714285714,32,6.41902925061869
scene-0398,b519ec833e23450a8bd3340b67f2516b,8920004005c7479a80dbe00b2aaf44b0,871057df7b0d4624b67cdde35f61bd92,1535731406297420,False,34816,33712,0.36128257887517146,16938,0.020421006944444445,1.9903176289998818,33695,0.4211875,3480,2.175,9.682471264367816,18197,0.4061830357142857,32,6.4207448312579105
scene-0398,b519ec833e23450a8bd3340b67f2516b,dac84120c1594ab4807c86e56c006c39,871057df7b0d4624b67cdde35f61bd92,1535731406347190,False,34784,33682,0.3609610768175583,16871,0.020340229552469134,1.9964436014462688,33665,0.4208125,3483,2.176875,9.665518231409704,18652,0.4163392857142857,32,6.420041815670392
scene-0398,b519ec833e23450a8bd3340b67f2516b,93ea6e7bfff44a6385d928fc2b699be2,871057df7b0d4624b67cdde35f61bd92,1535731406397531,False,34784,33685,0.3609932270233196,16970,0.020459587191358024,1.9849734826163818,33670,0.420875,3510,2.19375,9.592592592592593,17657,0.39412946428571427,32,6.4195012667146525
scene-0398,b519ec833e23450a8bd3340b67f2516b,358e75ad1c6f442d85844e464ea99bbf,871057df7b0d4624b67cdde35f61bd92,1535731406447272,False,34784,33686,0.36100394375857336,17053,0.020559654706790123,1.975370902480502,33670,0.420875,3496,2.185,9.631006864988558,17643,0.3938169642857143,32,6.4191364827837685
scene-0398,b519ec833e23450a8bd3340b67f2516b,36fe7088b3b64f45b54047b255b00f89,871057df7b0d4624b67cdde35f61bd92,1535731406497590,False,34784,33672,0.36085390946502055,16954,0.020440297067901233,1.9860799811253982,33653,0.4206625,3495,2.184375,9.62889842632332,18871,0.42122767857142857,32,6.418939772583057
scene-0398,b519ec833e23450a8bd3340b67f2516b,3e1d8e1e991742f588e610f504256643,871057df7b0d4624b67cdde35f61bd92,1535731406547900,True,34784,33672,0.36085390946502055,17022,0.020522280092592594,1.978145928798026,33655,0.4206875,3503,2.189375,9.607479303454182,18876,0.4213392857142857,32,6.418838357037272
scene-0398,b519ec833e23450a8bd3340b67f2516b,3c0ffc62dbdf49cd8a46865f5215ab48,7277a4ef35534808a3dc5681920b70c9,1535731406597688,False,34784,33672,0.36085390946502055,17090,0.02060426311728395,1.9702750146284378,33654,0.420675,3481,2.175625,9.667911519678253,18849,0.42073660714285716,32,5.7042867709795395
scene-0398,b519ec833e23450a8bd3340b67f2516b,ca49892d637f4659a6e4424fb9ca99db,7277a4ef35534808a3dc5681920b70c9,1535731406647987,False,34784,33655,0.36067172496570643,17087,0.020600646219135803,1.969626031485925,33639,0.4204875,3505,2.190625,9.597432239657632,18744,0.4183928571428571,32,5.707587294268735
scene-0398,b519ec833e23450a8bd3340b67f2516b,c7ec4d74ac0549d7af7bde487722e08e,7277a4ef35534808a3dc5681920b70c9,1535731406697781,False,34784,33665,0.36077889231824417,17147,0.020672984182098765,1.9633171983437336,33645,0.4205625,3485,2.178125,9.654232424677188,18810,0.4198660714285714,32,5.711005893998873
scene-0398,b519ec833e23450a8bd3340b67f2516b,859af81252f44ca29f7a50ade64d42e0,7277a4ef35534808a3dc5681920b70c9,1535731406748350,False,34784,33668,0.3608110425240055,17199,0.020735677083333334,1.9575556718413862,33651,0.4206375,3510,2.19375,9.587179487179487,18321,0.40895089285714287,32,5.714633713439901
scene-0398,b519ec833e23450a8bd3340b67f2516b,afe08288d8e74514aad56db7ccd72b18,7277a4ef35534808a3dc5681920b70c9,1535731406797856,False,34784,33639,0.3605002572016461,17258,0.020806809413580245,1.9491829875999536,33623,0.4202875,3489,2.180625,9.636858698767556,18788,0.419375,32,5.718339709968748
scene-0398,b519ec833e23450a8bd3340b67f2516b,c27bd70649c346c5848c53b381590c37,7277a4ef35534808a3dc5681920b70c9,1535731406848189,False,34784,33648,0.36059670781893005,17308,0.020867091049382717,1.9440721053847931,33632,0.4204,3508,2.1925,9.587229190421892,18758,0.4187053571428571,32,5.722266597801684
scene-0398,b519ec833e23450a8bd3340b67f2516b,409d9abe8dbb48dab8661856735dc7d1,7277a4ef35534808a3dc5681920b70c9,1535731406898489,False,34752,33619,0.36028592249657065,17330,0.020893614969135804,1.939930755914599,33604,0.42005,3485,2.178125,9.642467718794835,18788,0.419375,32,5.726353542302018
scene-0398,b519ec833e23450a8bd3340b67f2516b,d11ac86575d542c8b8a5597dd8c6765f,7277a4ef35534808a3dc5681920b70c9,1535731406948328,True,34784,33655,0.36067172496570643,17368,0.02093942901234568,1.937759097190235,33638,0.420475,3484,2.1775,9.654994259471872,18781,0.41921875,32,5.730565963302321
scene-0398,b519ec833e23450a8bd3340b67f2516b,75defa0280da4ddb81c28e1e405a560b,f5f91bd2ffcc42b78bd498053c0d81a7,1535731406998564,False,34752,33618,0.3602752057613169,17373,0.020945457175925927,1.9350716629252287,33606,0.420075,3496,2.185,9.612700228832953,18733,0.4181473214285714,34,5.624273013502871
scene-0398,b519ec833e23450a8bd3340b67f2516b,1a2ad2bf3a87473c9d9534302448cb55,f5f91bd2ffcc42b78bd498053c0d81a7,1535731407048343,False,34784,33645,0.36056455761316875,17387,0.020962336033950618,1.935066428941163,33632,0.4204,3519,2.199375,9.557260585393578,18738,0.41825892857142855,34,5.6245858208574315
scene-0398,b519ec833e23450a8bd3340b67f2516b,98a964e271c14a2dbcb792574388bffb,f5f91bd2ffcc42b78bd498053c0d81a7,1535731407098653,False,34752,33615,0.3602430555555556,17457,0.021046730324074073,1.9255885891046571,33603,0.4200375,3538,2.21125,9.497738835500282,18705,0.41752232142857143,34,5.6213490775371655
scene-0398,b519ec833e23450a8bd3340b67f2516b,c97ffe52ed044c3cb2341a26a1f65081,f5f91bd2ffcc42b78bd498053c0d81a7,1535731407148450,False,34784,33657,0.36069315843621397,17449,0.02103708526234568,1.9288784457562038,33644,0.42055,3575,2.234375,9.41090909090909,18720,0.41785714285714287,34,5.618325648156874
scene-0398,b519ec833e23450a8bd3340b67f2516b,ee72c1ff8daf4b68ac546cc44c29328e,f5f91bd2ffcc42b78bd498053c0d81a7,1535731407198762,False,34752,33613,0.360221622085048,17506,0.021105806327160494,1.9200845424425912,33601,0.4200125,3552,2.22,9.45974099099099,18708,0.4175892857142857,34,5.615453537212419
scene-0398,b519ec833e23450a8bd3340b67f2516b,45377424d39143e59ba1f379c0cf2e92,f5f91bd2ffcc42b78bd498053c0d81a7,1535731407248503,False,34784,33641,0.3605216906721536,17528,0.02113233024691358,1.9192720219078045,33628,0.42035,3554,2.22125,9.462014631401239,18694,0.4172767857142857,34,5.612794837049977
scene-0398,b519ec833e23450a8bd3340b67f2516b,9ebbeea74c2740748009e2d508ea6e16,f5f91bd2ffcc42b78bd498053c0d81a7,1535731407298843,False,34752,33615,0.3602430555555556,17614,0.021236014660493827,1.908425116384694,33599,0.4199875,3536,2.21,9.50197963800905,18677,0.41689732142857144,34,5.610287568836029
scene-0398,b519ec833e23450a8bd3340b67f2516b,2a92ae785c0b414ea548976a3f2135c9,f5f91bd2ffcc42b78bd498053c0d81a7,1535731407348588,False,34752,33614,0.36023233882030176,17710,0.021351755401234566,1.8980237154150197,33598,0.419975,3524,2.2025,9.53405221339387,18616,0.4155357142857143,34,5.607882307206509
scene-0398,b519ec833e23450a8bd3340b67f2516b,9f6d6fb323f345a7acfab5f6a057145d,f5f91bd2ffcc42b78bd498053c0d81a7,1535731407398921,False,34752,33613,0.360221622085048,17613,0.021234809027777777,1.9084199171066825,33596,0.41995,3564,2.2275,9.42648709315376,18617,0.41555803571428573,34,5.605470182501247
scene-0398,b519ec833e23450a8bd3340b67f2516b,0d4ec01b40a646bfbde6755aa6b16777,f5f91bd2ffcc42b78bd498053c0d81a7,1535731407448669,True,34752,33602,0.36010373799725653,17734,0.021380690586419754,1.8947783917897822,33587,0.4198375,3569,2.230625,9.410759316335108,18602,0.4152232142857143,34,5.60326865045993
scene-0398,b519ec833e23450a8bd3340b67f2516b,b9ee6a9a3f9643cea63aebd61f0003a8,d1657d3bf2114ea2aca74d77dcb72cf4,1535731407499014,False,34720,33584,0.3599108367626886,17721,0.02136501736111111,1.8951526437559958,33573,0.4196625,3585,2.240625,9.364853556485356,18621,0.4156473214285714,35,5.384594791919587
scene-0398,b519ec833e23450a8bd3340b67f2516b,0ae37cc5b00b4439bd477b40d51c3760,d1657d3bf2114ea2aca74d77dcb72cf4,1535731407548760,False,34752,33609,0.3601787551440329,17690,0.02132764274691358,1.8998869417750142,33597,0.4199625,3625,2.265625,9.268137931034483,18602,0.4152232142857143,35,5.381683148262856
scene-0398,b519ec833e23450a8bd3340b67f2516b,2b7ec0a66b65440184983199a573755f,d1657d3bf2114ea2aca74d77dcb72cf4,1535731407599088,False,34720,33558,0.35963220164609055,17771,0.021425298996913582,1.888357436272579,33551,0.4193875,3596,2.2475,9.330088987764183,18586,0.4148660714285714,35,5.377023465092098
scene-0398,b519ec833e23450a8bd3340b67f2516b,6a15c87c51384c15b960c947758c1c8d,d1657d3bf2114ea2aca74d77dcb72cf4,1535731407648852,False,34752,33597,0.36005015432098764,17881,0.021557918595679012,1.8789217605279347,33584,0.4198,3626,2.26625,9.26199669056812,18541,0.41386160714285714,35,5.372715162015486
scene-0398,b519ec833e23450a8bd3340b67f2516b,740881ecc18049a0aa3e6acdd618a137,d1657d3bf2114ea2aca74d77dcb72cf4,1535731407699160,False,34720,33568,0.35973936899862824,17874,0.021549479166666666,1.878035134832718,33559,0.4194875,3615,2.259375,9.283264177040111,18609,0.41537946428571426,35,5.368668900692458
scene-0398,b519ec833e23450a8bd3340b67f2516b,f1de778062464d02904fcac4d3870cb9,d1657d3bf2114ea2aca74d77dcb72cf4,1535731407748950,False,34720,33543,0.35947145061728397,17900,0.02158082561728395,1.8739106145251396,33533,0.4191625,3611,2.256875,9.286347272223761,18538,0.41379464285714285,35,5.364599670112497
scene-0398,b519ec833e23450a8bd3340b67f2516b,4b6070560b5e42de87845f36e7bffb4c,d1657d3bf2114ea2aca74d77dcb72cf4,1535731407799254,False,34752,33594,0.36001800411522633,18015,0.02171947337962963,1.8647793505412156,33587,0.4198375,3623,2.264375,9.270494065691416,18562,0.41433035714285715,35,5.360776987727003
scene-0398,b519ec833e23450a8bd3340b67f2516b,be28daf7f5c94ed0ae3ff5d9c1625621,d1657d3bf2114ea2aca74d77dcb72cf4,1535731407849039,False,34720,33545,0.3594928840877915,17967,0.021661603009259258,1.8670340067902265,33533,0.4191625,3581,2.238125,9.36414409382854,18578,0.4146875,35,5.357326662091342
scene-0398,b519ec833e23450a8bd3340b67f2516b,fea405828cb6481e859b7860032997e1,d1657d3bf2114ea2aca74d77dcb72cf4,1535731407898831,False,34752,33595,0.3600287208504801,18051,0.021762876157407407,1.8611157276605175,33589,0.4198625,3611,2.256875,9.301855441705898,18534,0.41370535714285717,35,5.354215106103156
scene-0398,b519ec833e23450a8bd3340b67f2516b,275f048cdd8c47828eaeeeda478b3c17,d1657d3bf2114ea2aca74d77dcb72cf4,1535731407949100,True,34720,33555,0.3596000514403292,18043,0.02175323109567901,1.8597239926841433,33548,0.41935,3602,2.25125,9.313714602998335,18536,0.41375,35,5.351426505177269
scene-0398,b519ec833e23450a8bd3340b67f2516b,a07192bcff794832a1a55ddf0af3f5e9,48751c56671048da943ce4b576728bf3,1535731407998907,False,34752,33588,0.3599537037037037,18085,0.021803867669753087,1.8572297484102849,33580,0.41975,3631,2.269375,9.24814100798678,18530,0.41361607142857143,36,5.161172800293725
scene-0398,b519ec833e23450a8bd3340b67f2516b,3f23e15ac94f4099a0171a877c1f0a29,48751c56671048da943ce4b576728bf3,1535731408049197,False,34720,33579,0.35985725308641975,18082,0.02180025077160494,1.8570401504258378,33574,0.419675,3657,2.285625,9.1807492480175,18540,0.4138392857142857,36,5.156759029159826
scene-0398,b519ec833e23450a8bd3340b67f2516b,144bcade2d094d7a8bd21e6de7bd2577,48751c56671048da943ce4b576728bf3,1535731408098956,False,34752,33596,0.36003943758573387,18067,0.0217821662808642,1.8595228870316045,33591,0.4198875,3668,2.2925,9.157851690294438,18548,0.41401785714285716,36,5.1508717981352135
scene-0398,b519ec833e23450a8bd3340b67f2516b,a08f72121a3f419a98b951338828cd84,48751c56671048da943ce4b576728bf3,1535731408149276,False,34720,33563,0.3596857853223594,18129,0.02185691550925926,1.851343151856142,33555,0.4194375,3636,2.2725,9.228547854785479,18494,0.4128125,36,5.145140814835279
scene-0398,b519ec833e23450a8bd3340b67f2516b,485a91acb562432d953cc27d4a32bde8,48751c56671048da943ce4b576728bf3,1535731408199073,False,34720,33546,0.3595036008230453,18058,0.021771315586419752,1.8576808062908405,33538,0.419225,3622,2.26375,9.259525124240751,18484,0.4125892857142857,36,5.138244063295302
scene-0398,b519ec833e23450a8bd3340b67f2516b,1753ff1057e349a4a75d111a0d4d71ba,48751c56671048da943ce4b576728bf3,1535731408249369,False,34720,33522,0.3592463991769547,18084,0.021802662037037037,1.8536828135368282,33514,0.418925,3649,2.280625,9.184434091531926,18477,0.4124330357142857,36,5.131428999671115
scene-0398,b519ec833e23450a8bd3340b67f2516b,df11abab27894ca7aebe8c86eba2279a,48751c56671048da943ce4b576728bf3,1535731408348896,False,34528,33319,0.35707090192043894,18078,0.021795428240740742,1.8430689235534905,33310,0.416375,3659,2.286875,9.103580213172998,18444,0.4116964285714286,36,5.111757144670693
scene-0398,b519ec833e23450a8bd3340b67f2516b,b0280384840a4e6b87e5b2bfe0f14ee5,48751c56671048da943ce4b576728bf3,1535731408399229,False,34720,33501,0.35902134773662553,18143,0.021873794367283952,1.846497271675026,33494,0.418675,3639,2.274375,9.20417697169552,18446,0.4117410714285714,36,5.1022268381098534
scene-0398,b519ec833e23450a8bd3340b67f2516b,511e2c1ce1934f6fa25640f8b9a0074a,48751c56671048da943ce4b576728bf3,1535731408451577,True,34752,33536,0.35939643347050754,18229,0.021977478780864198,1.8397059630259476,33530,0.419125,3650,2.28125,9.186301369863013,18449,0.4118080357142857,36,5.092869365469827
scene-0398,b519ec833e23450a8bd3340b67f2516b,e9c0079af992474cbe9d031244b8c96c,a38bf0c15582483e92cfa7dbe01af80b,1535731408499301,False,34720,33514,0.3591606652949246,18203,0.021946132330246913,1.8411250892709994,33500,0.41875,3651,2.281875,9.175568337441797,18443,0.4116741071428571,36,5.08417087360849
scene-0398,b519ec833e23450a8bd3340b67f2516b,a5f566ce8b8f4a2fb7a448d26932b755,a38bf0c15582483e92cfa7dbe01af80b,1535731408549075,False,34752,33553,0.35957861796982166,18129,0.02185691550925926,1.8507915494511555,33535,0.4191875,3658,2.28625,9.16757791142701,18483,0.41256696428571427,36,5.076021279279976
scene-0398,b519ec833e23450a8bd3340b67f2516b,d7e5ceaee1b04d81a2405290df13cf47,a38bf0c15582483e92cfa7dbe01af80b,1535731408599725,False,34752,33522,0.3592463991769547,18262,0.022017264660493828,1.8356149381228781,33505,0.4188125,3707,2.316875,9.03830590774211,18410,0.4109375,36,5.068780354917802
scene-0398,b519ec833e23450a8bd3340b67f2516b,80103bb46f1a43398392f71cb815fc6a,a38bf0c15582483e92cfa7dbe01af80b,1535731408649157,False,34752,33523,0.3592571159122085,18285,0.02204499421296296,1.8333606781514904,33504,0.4188,3647,2.279375,9.186728818206745,18379,0.41024553571428574,36,5.062828541986523
scene-0398,b519ec833e23450a8bd3340b67f2516b,a20c379259714f6688c9a94da4c3ed41,a38bf0c15582483e92cfa7dbe01af80b,1535731408699493,False,34752,33534,0.359375,18275,0.02203293788580247,1.8349658002735978,33514,0.418925,3699,2.311875,9.060286563936199,18400,0.4107142857142857,36,5.057997107922757
scene-0398,b519ec833e23450a8bd3340b67f2516b,1ff9016236e5464c9e2228de00fa56b6,a38bf0c15582483e92cfa7dbe01af80b,1535731408749242,False,34752,33510,0.35911779835390945,18200,0.021942515432098766,1.841208791208791,33491,0.4186375,3665,2.290625,9.13806275579809,18390,0.41049107142857144,36,5.054532959314924
scene-0398,b519ec833e23450a8bd3340b67f2516b,5b34715dfd1344228d31631ec5f24ec8,a38bf0c15582483e92cfa7dbe01af80b,1535731408799582,False,34720,33457,0.35854981138545955,18287,0.022047405478395062,1.8295510471919942,33436,0.41795,3644,2.2775,9.17563117453348,18354,0.4096875,36,5.052432761887848
scene-0398,b519ec833e23450a8bd3340b67f2516b,76eeb6bddd034ffab4b2943d1b625fc2,a38bf0c15582483e92cfa7dbe01af80b,1535731408849341,False,34720,33476,0.3587534293552812,18186,0.021925636574074075,1.8407566259760255,33454,0.418175,3621,2.263125,9.23888428610881,18332,0.40919642857142857,36,5.051795193687779
scene-0398,b519ec833e23450a8bd3340b67f2516b,95656e100d84417193a49b00eeb43601,a38bf0c15582483e92cfa7dbe01af80b,1535731408899687,False,34752,33468,0.358667695473251,18185,0.021924430941358024,1.840417926862799,33445,0.4180625,3602,2.25125,9.285119378123264,18299,0.4084598214285714,36,5.052591769445858
scene-0398,b519ec833e23450a8bd3340b67f2516b,fd238c39ae5e4bec8425b19a3d7f521c,a38bf0c15582483e92cfa7dbe01af80b,1535731408949455,True,34720,33458,0.3585605281207133,18129,0.02185691550925926,1.845551326603784,33439,0.4179875,3647,2.279375,9.168905950095969,18303,0.40854910714285714,36,5.050456612732392
scene-0398,b519ec833e23450a8bd3340b67f2516b,8ac7d07fbc5a44df918ee60b49e54019,fcd522474ba34412acebe1a90a7ab181,1535731408999174,False,34720,33467,0.35865697873799723,18187,0.021926842206790125,1.840160554242041,33445,0.4180625,3683,2.301875,9.080912299755633,18302,0.4085267857142857,37,4.840329932998114
scene-0398,b519ec833e23450a8bd3340b67f2516b,d1c4d13b825641c6b701ee36721229d9,fcd522474ba34412acebe1a90a7ab181,1535731409049494,False,34720,33428,0.35823902606310015,18217,0.021963011188271604,1.8349892957127958,33401,0.4175125,3707,2.316875,9.01025087671972,18228,0.406875,37,4.838205650550926
scene-0398,b519ec833e23450a8bd3340b67f2516b,468566b7721f4b65981e366e592ecb99,fcd522474ba34412acebe1a90a7ab181,1535731409099563,False,34720,33463,0.35861411179698216,18225,0.02197265625,1.8361042524005486,33431,0.4178875,3709,2.318125,9.01348072256673,17916,0.3999107142857143,37,4.8373437229084795
scene-0398,b519ec833e23450a8bd3340b67f2516b,580edeea4c5046619b33a8e2026feb85,fcd522474ba34412acebe1a90a7ab181,1535731409149591,False,34720,33445,0.35842121056241427,18284,0.022043788580246915,1.829194924524174,33409,0.4176125,3724,2.3275,8.97126745435016,15048,0.33589285714285716,37,4.8353304280621066
scene-0398,b519ec833e23450a8bd3340b67f2516b,e9152c64d94f4b849eef65445b0906e3,fcd522474ba34412acebe1a90a7ab181,1535731409199360,False,34720,33434,0.35830332647462276,18318,0.02208478009259259,1.825199257560869,33402,0.417525,3738,2.33625,8.935794542536115,15026,0.3354017857142857,37,4.830990472603685
scene-0398,b519ec833e23450a8bd3340b67f2516b,230504fc5a3b4932a98c8c51a6f736ae,fcd522474ba34412acebe1a90a7ab181,1535731409249680,False,34720,33416,0.3581104252400549,18200,0.021942515432098766,1.836043956043956,33385,0.4173125,3761,2.350625,8.876628556235044,15058,0.3361160714285714,37,4.8276740293645215
scene-0398,b519ec833e23450a8bd3340b67f2516b,b40faf7c705b4ed6b96bbde7b0418423,fcd522474ba34412acebe1a90a7ab181,1535731409299474,False,34688,33419,0.3581425754458162,18175,0.02191237461419753,1.8387345254470426,33388,0.41735,3676,2.2975,9.082698585418933,15043,0.33578125,37,4.825559624916586
scene-0398,b519ec833e23450a8bd3340b67f2516b,9d7f9364fb25489d9fbfab4afed6e71f,fcd522474ba34412acebe1a90a7ab181,1535731409349221,False,34720,33432,0.3582818930041152,18172,0.021908757716049384,1.839753466872111,33403,0.4175375,3693,2.308125,9.044949905226103,15102,0.3370982142857143,37,4.824766827054192
scene-0398,b519ec833e23450a8bd3340b67f2516b,6adba1d5421e45ca8fefe7ff444537c7,fcd522474ba34412acebe1a90a7ab181,1535731409400026,False,34720,33448,0.3584533607681756,18177,0.02191478587962963,1.840127633822963,33417,0.4177125,3717,2.323125,8.990314769975788,15051,0.33595982142857145,37,4.825401823794115
scene-0398,b519ec833e23450a8bd3340b67f2516b,8ee8bf675fdf4ebc8f937d985bf5493c,fcd522474ba34412acebe1a90a7ab181,1535731409449284,True,34688,33386,0.3577889231824417,18088,0.021807484567901235,1.8457540911101282,33348,0.41685,3658,2.28625,9.116457080371788,15053,0.3360044642857143,37,4.824300090359541
scene-0398,b519ec833e23450a8bd3340b67f2516b,e1d7648313e9486fb87f8d520af0fb88,7ad5a122a62f4f64b3ca4c771efb7869,1535731409499051,False,34720,33430,0.3582604595336077,17998,0.02169897762345679,1.8574286031781309,33395,0.4174375,3720,2.325,8.977150537634408,15063,0.33622767857142855,36,4.904719706471687
scene-0398,b519ec833e23450a8bd3340b67f2516b,fb061a21e6ee43cfab67c6c2cfd55771,7ad5a122a62f4f64b3ca4c771efb7869,1535731409549375,False,34720,33444,0.3584104938271605,17950,0.02164110725308642,1.8631754874651811,33418,0.417725,3712,2.32,9.002693965517242,15001,0.33484375,36,4.90401269487601
scene-0398,b519ec833e23450a8bd3340b67f2516b,f63cb4315fe5473596ed1fe9f9211e07,7ad5a122a62f4f64b3ca4c771efb7869,1535731409599175,False,34720,33426,0.3582175925925926,17904,0.02158564814814815,1.8669571045576407,33404,0.41755,3726,2.32875,8.965110037573806,14994,0.3346875,36,4.905542433045806
scene-0398,b519ec833e23450a8bd3340b67f2516b,1eb495cb98924bd68026da9d0cbae181,7ad5a122a62f4f64b3ca4c771efb7869,1535731409652259,False,34720,33429,0.3582497427983539,17929,0.021615788966049383,1.8645211668246975,33404,0.41755,3748,2.3425,8.91248665955176,14956,0.3338392857142857,36,4.909460953268297
scene-0398,b519ec833e23450a8bd3340b67f2516b,b17cbef76117496b941aa832a99939c0,7ad5a122a62f4f64b3ca4c771efb7869,1535731409699245,False,34720,33460,0.35858196159122085,17971,0.021666425540123456,1.8618885982972566,33441,0.4180125,3790,2.36875,8.823482849604222,14991,0.33462053571428574,36,4.914613013022173
scene-0398,b519ec833e23450a8bd3340b67f2516b,3980a35e7aef478d887713448908afee,7ad5a122a62f4f64b3ca4c771efb7869,1535731409749559,False,34720,33454,0.35851766117969824,17833,0.02150004822530864,1.8759602983233332,33432,0.4179,3828,2.3925,8.733542319749215,15015,0.33515625,36,4.921540154275581
scene-0398,b519ec833e23450a8bd3340b67f2516b,e1c5bb20a69343c7812bdc3ff0b2ce56,7ad5a122a62f4f64b3ca4c771efb7869,1535731409799322,False,34720,33454,0.35851766117969824,17800,0.021460262345679014,1.879438202247191,33431,0.4178875,3844,2.4025,8.696930280957336,15001,0.33484375,36,4.929523861046352
scene-0398,b519ec833e23450a8bd3340b67f2516b,e5e397de516f4ca1a1b471b9f0d17b07,7ad5a122a62f4f64b3ca4c771efb7869,1535731409849095,False,34720,33443,0.35839977709190673,17699,0.021338493441358023,1.8895417820215832,33423,0.4177875,3823,2.389375,8.742610515302118,15898,0.3548660714285714,36,4.938396308512832
scene-0398,b519ec833e23450a8bd3340b67f2516b,dab7b90669e846ea941b238f0f1627a6,7ad5a122a62f4f64b3ca4c771efb7869,1535731409899398,False,34688,33356,0.35746742112482854,17662,0.0212938850308642,1.8885743403918016,33340,0.41675,3827,2.391875,8.71178468774497,18069,0.4033258928571429,36,4.948086448483308
scene-0398,b519ec833e23450a8bd3340b67f2516b,7412311c12fc4b02b6d3900229a19f2d,7ad5a122a62f4f64b3ca4c771efb7869,1535731409949155,True,34688,33295,0.35681370027434844,17579,0.0211938175154321,1.894021275385403,33286,0.416075,3849,2.405625,8.647960509223175,18042,0.4027232142857143,36,4.9582603798228355
scene-0398,b519ec833e23450a8bd3340b67f2516b,f71d879bb5e14f2aa54fe8fb895f76d7,8f2e5f770f1f47f29918a5114e9894a4,1535731409998974,False,34688,33276,0.35661008230452673,17389,0.020964747299382715,1.9136235551210536,33262,0.415775,3799,2.374375,8.755461963674652,18008,0.4019642857142857,37,4.860915792845533
scene-0398,b519ec833e23450a8bd3340b67f2516b,a8a745bcc1dc4f28a55dce62b0db708f,8f2e5f770f1f47f29918a5114e9894a4,1535731410049240,False,34720,33270,0.3565457818930041,17345,0.020911699459876542,1.9181320265206112,33236,0.41545,3841,2.400625,8.652954959645925,14811,0.33060267857142855,37,4.871296669883728
scene-0398,b519ec833e23450a8bd3340b67f2516b,2a991ccec27b41edaa133395da98cdbb,8f2e5f770f1f47f29918a5114e9894a4,1535731410099084,False,34688,33267,0.3565136316872428,17309,0.020868296682098764,1.9219481194754173,33218,0.415225,3821,2.388125,8.693535723632557,14753,0.32930803571428574,37,4.88135811919151
scene-0398,b519ec833e23450a8bd3340b67f2516b,e4f49d920c334042871d6cf015d6b971,8f2e5f770f1f47f29918a5114e9894a4,1535731410148778,False,34688,33226,0.35607424554183814,17343,0.020909288194444445,1.91581617943839,33143,0.4142875,3793,2.370625,8.737938307408385,14747,0.32917410714285716,37,4.8884806715781215
scene-0398,b519ec833e23450a8bd3340b67f2516b,53e034246106439dabcd12ce132020b3,8f2e5f770f1f47f29918a5114e9894a4,1535731410199106,False,34720,33303,0.3568994341563786,17355,0.02092375578703704,1.9189282627484874,33229,0.4153625,3840,2.4,8.653385416666667,14751,0.32926339285714284,37,4.8959825133387636
scene-0398,b519ec833e23450a8bd3340b67f2516b,0904c40dbaec45b78f305bf8a13609ea,8f2e5f770f1f47f29918a5114e9894a4,1535731410248863,False,34688,33233,0.3561492626886145,17358,0.020927372685185186,1.914563889849061,33145,0.4143125,3897,2.435625,8.505260456761611,14727,0.3287276785714286,37,4.903674302119981
scene-0398,b519ec833e23450a8bd3340b67f2516b,0a8d651f8d274ca9858c1ef7c255d1c8,8f2e5f770f1f47f29918a5114e9894a4,1535731410299203,False,34720,33280,0.35665294924554186,17365,0.02093581211419753,1.916498704290239,33179,0.4147375,3914,2.44625,8.477005620848237,14653,0.32707589285714284,37,4.908856240390609
scene-0398,b519ec833e23450a8bd3340b67f2516b,c9b62863e4ec41599f9ecc2bea60c106,8f2e5f770f1f47f29918a5114e9894a4,1535731410348947,False,34688,33268,0.3565243484224966,17357,0.020926167052469136,1.9166906723512127,33158,0.414475,3926,2.45375,8.44574630667346,14693,0.32796875,37,4.913196733256068
scene-0398,b519ec833e23450a8bd3340b67f2516b,e43e41ede5534caab468ca29c566bb2a,8f2e5f770f1f47f29918a5114e9894a4,1535731410398724,True,34720,33283,0.35668509945130317,17328,0.020891203703703703,1.920764081255771,33169,0.4146125,3952,2.47,8.392965587044534,14659,0.3272098214285714,37,4.91782915186664
scene-0398,b519ec833e23450a8bd3340b67f2516b,4272b84b1efc47aba5cb7cdb67d994d8,0b7e715ec73e4e6992ac058a6847e05e,1535731410449056,False,34688,33215,0.35595636145404663,17329,0.020892409336419754,1.9167291822955739,33094,0.413675,3978,2.48625,8.319255907491202,17768,0.3966071428571429,36,5.116469595116715
scene-0398,b519ec833e23450a8bd3340b67f2516b,03cfe2ae73a14c24875688dd1459a3d4,0b7e715ec73e4e6992ac058a6847e05e,1535731410498809,False,34720,33183,0.35561342592592593,17313,0.020873119212962962,1.916652226650494,33043,0.4130375,3891,2.431875,8.492161398098176,17729,0.39573660714285713,36,5.121571655437107
scene-0398,b519ec833e23450a8bd3340b67f2516b,c2154d31c65643f9b2c5fc433861b8b9,0b7e715ec73e4e6992ac058a6847e05e,1535731410548578,False,34688,33101,0.3547346536351166,17257,0.0208056037808642,1.9181201831140986,32953,0.4119125,3898,2.43625,8.45382247306311,17699,0.3950669642857143,36,5.126981254643058
scene-0398,b519ec833e23450a8bd3340b67f2516b,fbc6e3ad0a7c4e90b3fa961d3a5365d7,0b7e715ec73e4e6992ac058a6847e05e,1535731410598904,False,34656,33037,0.3540487825788752,17127,0.02064887152777778,1.9289426052431833,32903,0.4112875,3931,2.456875,8.370134825744085,14406,0.3215625,36,5.132758161461868
scene-0398,b519ec833e23450a8bd3340b67f2516b,32e68a46876d483abe7440efb28c767a,0b7e715ec73e4e6992ac058a6847e05e,1535731410648680,False,34688,33035,0.35402734910836764,17247,0.020793547453703702,1.9154055777816432,32898,0.411225,3944,2.465,8.34127789046653,14348,0.32026785714285716,36,5.138770911984277
scene-0398,b519ec833e23450a8bd3340b67f2516b,95576c37b2214afc9b5249ca71586769,0b7e715ec73e4e6992ac058a6847e05e,1535731410698448,False,34656,32956,0.3531807270233196,17267,0.02081766010802469,1.9086118028609487,32823,0.4102875,3938,2.46125,8.334941594718131,14368,0.32071428571428573,36,5.145075394463283
scene-0398,b519ec833e23450a8bd3340b67f2516b,2b431e23268f426b9e499605a48230c4,0b7e715ec73e4e6992ac058a6847e05e,1535731410748767,False,34656,32919,0.35278420781893005,17350,0.02091772762345679,1.897348703170029,32793,0.4099125,4001,2.500625,8.19620094976256,14341,0.32011160714285714,36,5.151742478357921
scene-0398,b519ec833e23450a8bd3340b67f2516b,6c69dc235f924409b625bc3d0be01851,0b7e715ec73e4e6992ac058a6847e05e,1535731410798643,False,34656,32902,0.35260202331961593,17365,0.02093581211419753,1.8947307803052116,32809,0.4101125,3985,2.490625,8.233124215809285,14256,0.3182142857142857,36,5.158636603295205
scene-0398,b519ec833e23450a8bd3340b67f2516b,31b25bb2c32142a8b618275bbfdabac3,0b7e715ec73e4e6992ac058a6847e05e,1535731410848317,False,34656,32875,0.35231267146776407,17365,0.02093581211419753,1.8931759285919953,32796,0.40995,4012,2.5075,8.174476570289132,14319,0.3196205357142857,36,5.165780748778223
scene-0398,b519ec833e23450a8bd3340b67f2516b,71c3faff70f24cb0ae2a250446c3c945,0b7e715ec73e4e6992ac058a6847e05e,1535731410898044,True,34656,32782,0.3513160150891632,17404,0.020982831790123457,1.8835899793151,32723,0.4090375,3987,2.491875,8.207424128417356,14421,0.3218973214285714,36,5.173205518255363
scene-0398,b519ec833e23450a8bd3340b67f2516b,f327813f7291456c9327697e2957be58,a751e2f90d474b97a5eb71dd694d4ee1,1535731410948361,False,34656,32743,0.35089806241426613,17378,0.020951485339506172,1.8841638853723097,32714,0.408925,4007,2.504375,8.164212627901174,17406,0.3885267857142857,38,5.265824729332024
scene-0398,b519ec833e23450a8bd3340b67f2516b,4e080ef7b5f24b2ba57e8ad39ac6ff86,a751e2f90d474b97a5eb71dd694d4ee1,1535731410998131,False,34688,32741,0.3508766289437586,17463,0.02105396412037037,1.874878314149917,32720,0.409,3988,2.4925,8.204613841524573,17398,0.3883482142857143,38,5.274438729802149
scene-0398,b519ec833e23450a8bd3340b67f2516b,55c9e2d657a748d8999720045bbe6853,a751e2f90d474b97a5eb71dd694d4ee1,1535731411047895,False,34656,32656,0.34996570644718794,17409,0.020988859953703705,1.875811361939227,32646,0.408075,3924,2.4525,8.319571865443425,17420,0.3888392857142857,38,5.2821386351471915
scene-0398,b519ec833e23450a8bd3340b67f2516b,30c358f3a6114db29c220c55daeba140,a751e2f90d474b97a5eb71dd694d4ee1,1535731411097688,False,34688,32660,0.350008573388203,17399,0.02097680362654321,1.8771193746767056,32651,0.4081375,3954,2.47125,8.257713707637835,17431,0.3890848214285714,38,5.289161041854887
scene-0398,b519ec833e23450a8bd3340b67f2516b,af02d18847ac4b41becf781be9d69656,a751e2f90d474b97a5eb71dd694d4ee1,1535731411147990,False,34656,32650,0.3499014060356653,17342,0.020908082561728394,1.8827124899088916,32643,0.4080375,3935,2.459375,8.295552731893265,17418,0.3887946428571429,38,5.294650884874883
scene-0398,b519ec833e23450a8bd3340b67f2516b,47d0f9a84da14452baec9d944367cc38,a751e2f90d474b97a5eb71dd694d4ee1,1535731411197753,False,34688,32683,0.3502550582990398,17221,0.02076220100308642,1.8978572672899368,32678,0.408475,3923,2.451875,8.329849604894214,16749,0.37386160714285716,38,5.299197904602182
scene-0398,b519ec833e23450a8bd3340b67f2516b,e341f7ca0c644120984b14625ec31835,a751e2f90d474b97a5eb71dd694d4ee1,1535731411247525,False,34656,32668,0.3500943072702332,17241,0.020786313657407407,1.8947856852850762,32666,0.408325,3923,2.451875,8.326790721386693,17494,0.3904910714285714,38,5.304092368862338
scene-0398,b519ec833e23450a8bd3340b67f2516b,7467c7b0762c4461919de0ca3591cda9,a751e2f90d474b97a5eb71dd694d4ee1,1535731411297859,False,34688,32695,0.350383659122085,17198,0.020734471450617284,1.9010931503663218,32693,0.4086625,3962,2.47625,8.251640585562846,14044,0.3134821428571429,38,5.309384120365415
scene-0398,b519ec833e23450a8bd3340b67f2516b,7b9a6d0bc5164906b555bc72ec815689,a751e2f90d474b97a5eb71dd694d4ee1,1535731411347621,False,34656,32655,0.3499549897119342,17230,0.020773051697530864,1.895240858966918,32654,0.408175,3913,2.445625,8.345003833375927,14029,0.31314732142857143,38,5.3149442155008035
scene-0398,b519ec833e23450a8bd3340b67f2516b,f1bfc4170920415d8051ec606c7bad22,a751e2f90d474b97a5eb71dd694d4ee1,1535731411397433,True,34656,32657,0.3499764231824417,17129,0.020651282793209876,1.9065327806643704,32656,0.4082,3914,2.44625,8.343382728666326,14041,0.3134151785714286,38,5.320828155509638
scene-0398,b519ec833e23450a8bd3340b67f2516b,c954589aa48f4b00a1561e65a4b9e980,59c6420a7b90485185a6ab62b799cb10,1535731411447134,False,34656,32651,0.34991212277091904,17138,0.020662133487654322,1.9051814680826233,32648,0.4081,3863,2.414375,8.451462593838984,14225,0.31752232142857145,37,5.445486375704941
scene-0398,b519ec833e23450a8bd3340b67f2516b,68a3e20e5f6641e189e18c0dbcdddc88,59c6420a7b90485185a6ab62b799cb10,1535731411497517,False,34688,32663,0.3500407235939643,17168,0.0206983024691358,1.9025512581547064,32661,0.4082625,3885,2.428125,8.406949806949807,13966,0.31174107142857144,37,5.451647253843202
scene-0398,b519ec833e23450a8bd3340b67f2516b,5d457689928e4494867e9db8a699f754,59c6420a7b90485185a6ab62b799cb10,1535731411548463,False,34656,32629,0.3496763545953361,17077,0.020588589891975307,1.9106986004567548,32628,0.40785,3868,2.4175,8.435367114788004,14021,0.31296875,37,5.457320731525261
scene-0398,b519ec833e23450a8bd3340b67f2516b,1c57e83bee4e4b2ab8f45ba439e1a990,59c6420a7b90485185a6ab62b799cb10,1535731411597011,False,34688,32661,0.3500192901234568,17033,0.020535542052469137,1.9175130628779429,32659,0.4082375,3858,2.41125,8.465266977708657,14041,0.3134151785714286,37,5.459753038207374
scene-0398,b519ec833e23450a8bd3340b67f2516b,734647059174428a928b38abf3f6a443,59c6420a7b90485185a6ab62b799cb10,1535731411647329,False,34688,32704,0.350480109739369,17105,0.020622347608024692,1.9119555685472085,32701,0.4087625,3861,2.413125,8.469567469567469,14042,0.3134375,37,5.462658419398268
scene-0398,b519ec833e23450a8bd3340b67f2516b,9ac94b27e18347f78d0e1efeaccffc4d,59c6420a7b90485185a6ab62b799cb10,1535731411697090,False,34688,32708,0.35052297668038407,17229,0.020771846064814813,1.8984270706367172,32706,0.408825,3882,2.42625,8.425038639876352,14000,0.3125,37,5.465321282144932
scene-0398,b519ec833e23450a8bd3340b67f2516b,7cecdce4c6d04d42b4f0f9b8976aac0b,59c6420a7b90485185a6ab62b799cb10,1535731411746831,False,34688,32736,0.3508230452674897,17186,0.02072000385802469,1.9048062376352846,32735,0.4091875,3857,2.410625,8.48716619134042,13974,0.31191964285714285,37,5.46560101482659
scene-0398,b519ec833e23450a8bd3340b67f2516b,68dc8b9b554646c9b97fafe206ab4707,59c6420a7b90485185a6ab62b799cb10,1535731411797187,False,34688,32725,0.35070516117969824,17103,0.02061993634259259,1.9134070046190728,32723,0.4090375,3823,2.389375,8.559508239602406,13981,0.3120758928571429,37,5.463861227746671
scene-0398,b519ec833e23450a8bd3340b67f2516b,308960917d2b493d91bb7e5e5e638312,59c6420a7b90485185a6ab62b799cb10,1535731411846946,False,34720,32757,0.35104809670781895,17067,0.020576533564814814,1.9193179820706627,32756,0.40945,3864,2.415,8.477225672877847,14000,0.3125,37,5.462430478152081
scene-0398,b519ec833e23450a8bd3340b67f2516b,72535b22a3dd4c22826bdca1ded65e89,59c6420a7b90485185a6ab62b799cb10,1535731411896712,True,34688,32752,0.35099451303155005,17110,0.020628375771604937,1.9142022209234366,32750,0.409375,3863,2.414375,8.477866942790577,13981,0.3120758928571429,37,5.461283702966137
scene-0398,b519ec833e23450a8bd3340b67f2516b,0c889075596b4b94b9549f0e39d94b42,1977f8ea49504d2fa77076a38f61e821,1535731411947006,False,34688,32769,0.3511766975308642,17119,0.020639226466049383,1.914188912903791,32766,0.409575,3825,2.390625,8.566274509803922,13989,0.3122544642857143,38,5.528639559695549
scene-0398,b519ec833e23450a8bd3340b67f2516b,853fcfd12fc742c5a29ce7fce0853c07,1977f8ea49504d2fa77076a38f61e821,1535731411997836,False,34720,32796,0.35146604938271603,17032,0.020534336419753087,1.92555190230155,32795,0.4099375,3846,2.40375,8.527041081643265,13971,0.31185267857142857,38,5.528685174328929
scene-0398,b519ec833e23450a8bd3340b67f2516b,d5806b42dff448c3b8805466544d6e7b,1977f8ea49504d2fa77076a38f61e821,1535731412046551,False,34688,32785,0.3513481652949246,17184,0.020717592592592593,1.9078794227188083,32784,0.4098,3871,2.419375,8.469129423921467,14001,0.31252232142857145,38,5.528987426311576
scene-0398,b519ec833e23450a8bd3340b67f2516b,0b6d482795684fc3b7cb1e33ee7da73b,1977f8ea49504d2fa77076a38f61e821,1535731412096899,False,34720,32826,0.3517875514403292,17144,0.020669367283950617,1.9147223518432104,32825,0.4103125,3891,2.431875,8.436134669750707,14023,0.31301339285714286,38,5.52956185881485
scene-0398,b519ec833e23450a8bd3340b67f2516b,b602ee76ca6544fab9bf8379a049af0b,1977f8ea49504d2fa77076a38f61e821,1535731412146622,False,34688,32788,0.3513803155006859,17182,0.020715181327160492,1.9082761028983821,32783,0.4097875,3836,2.3975,8.546141814389989,14081,0.3143080357142857,38,5.530387324375946
scene-0398,b519ec833e23450a8bd3340b67f2516b,bed8b7097e704131886b7556f36765c2,1977f8ea49504d2fa77076a38f61e821,1535731412197109,False,34720,32851,0.3520554698216735,17192,0.02072723765432099,1.9108306188925082,32845,0.4105625,3847,2.404375,8.53782167923057,14082,0.3143303571428571,38,5.531485157179691
scene-0398,b519ec833e23450a8bd3340b67f2516b,4f383ec493344cb5be7a069250c6287b,1977f8ea49504d2fa77076a38f61e821,1535731412246738,False,34720,32858,0.35213048696844995,17093,0.0206078800154321,1.9223073772889487,32851,0.4106375,3849,2.405625,8.534944141335412,14092,0.31455357142857143,38,5.532817130354381
scene-0398,b519ec833e23450a8bd3340b67f2516b,44e5f4f659ac4b86a8a22d054ddb1335,1977f8ea49504d2fa77076a38f61e821,1535731412296489,False,34720,32878,0.3523448216735254,17241,0.020786313657407407,1.9069659532509715,32872,0.4109,3971,2.481875,8.278015613195668,14122,0.31522321428571426,38,5.5344021931995195
scene-0398,b519ec833e23450a8bd3340b67f2516b,32da97299ca34a2e8718580652a3dc26,1977f8ea49504d2fa77076a38f61e821,1535731412346844,False,34720,32926,0.35285922496570643,17377,0.020950279706790125,1.8948034758588939,32918,0.411475,4002,2.50125,8.225387306346827,14155,0.31595982142857143,38,5.53625988634668
scene-0398,b519ec833e23450a8bd3340b67f2516b,0cb1c7a8756145c6a02d4f14d71fda7d,1977f8ea49504d2fa77076a38f61e821,1535731412396602,True,34720,32930,0.35290209190672156,17413,0.020993682484567903,1.8911158329983346,32914,0.411425,4075,2.546875,8.077055214723927,14207,0.3171205357142857,38,5.538345089886195
scene-0398,b519ec833e23450a8bd3340b67f2516b,444d29759f5548e7822c03ed8a8d07df,4e3a843b583f48b3bdd39859db01a47f,1535731412447117,False,34720,32949,0.3531057098765432,17308,0.020867091049382717,1.9036861566905476,32931,0.4116375,4071,2.544375,8.089167280766397,14276,0.3186607142857143,38,5.538420654722873
scene-0398,b519ec833e23450a8bd3340b67f2516b,db2aed6cc50d49079cbd0364c004cc14,4e3a843b583f48b3bdd39859db01a47f,1535731412496693,False,34688,32910,0.3526877572016461,17356,0.020924961419753085,1.8961742336943996,32895,0.4111875,4112,2.57,7.999756809338521,14304,0.3192857142857143,38,5.5381869034329565
scene-0398,b519ec833e23450a8bd3340b67f2516b,dddaf75a394f4df1b37241e9890fad86,4e3a843b583f48b3bdd39859db01a47f,1535731412546457,False,34688,32914,0.35273062414266115,17347,0.020914110725308643,1.897388597452009,32895,0.4111875,4115,2.571875,7.993924665856622,14287,0.31890625,38,5.538290648371122
scene-0398,b519ec833e23450a8bd3340b67f2516b,c5682cceb5ba4f358ea62228564f26ed,4e3a843b583f48b3bdd39859db01a47f,1535731412596798,False,34688,32933,0.35293424211248287,17358,0.020927372685185186,1.897280792718055,32914,0.411425,4204,2.6275,7.829210275927688,14309,0.3193973214285714,38,5.53874174620259
scene-0398,b519ec833e23450a8bd3340b67f2516b,c073d30f47ef47b38d490cd0df5114b6,4e3a843b583f48b3bdd39859db01a47f,1535731412646503,False,34688,32933,0.35293424211248287,17343,0.020909288194444445,1.8989217551749986,32911,0.4113875,4238,2.64875,7.765691363850873,14339,0.3200669642857143,38,5.538151921454158
scene-0398,b519ec833e23450a8bd3340b67f2516b,f6be6d0e63944b26bba2f2d6a0e5ac1e,4e3a843b583f48b3bdd39859db01a47f,1535731412696299,False,34656,32908,0.35266632373113854,17339,0.020904465663580247,1.8979179883499626,32890,0.411125,4204,2.6275,7.823501427212179,14340,0.3200892857142857,38,5.537659693060261
scene-0398,b519ec833e23450a8bd3340b67f2516b,fb4437732b844082be1cf4e81a47232c,4e3a843b583f48b3bdd39859db01a47f,1535731412746617,False,34688,32998,0.35363082990397804,17380,0.020953896604938273,1.8986191024165708,32979,0.4122375,4219,2.636875,7.816781227779095,14388,0.3211607142857143,38,5.5318859572502666
scene-0398,b519ec833e23450a8bd3340b67f2516b,587d4cd3fe9b47428fb49d823ff6e62e,4e3a843b583f48b3bdd39859db01a47f,1535731412796402,False,34688,33004,0.3536951303155007,17475,0.02106843171296296,1.8886409155937054,32991,0.4123875,4232,2.645,7.795604914933837,14405,0.3215401785714286,38,5.520653565879719
scene-0398,b519ec833e23450a8bd3340b67f2516b,db440dd4dd494073bd6459023b4261cd,4e3a843b583f48b3bdd39859db01a47f,1535731412846150,False,34688,33024,0.35390946502057613,17558,0.02116849922839506,1.8808520332611915,33008,0.4126,4224,2.64,7.8143939393939394,14432,0.3221428571428571,38,5.507496649703459
scene-0398,b519ec833e23450a8bd3340b67f2516b,5ae10a70db1c48459b734245f837112f,4e3a843b583f48b3bdd39859db01a47f,1535731412896502,True,34688,33023,0.35389874828532236,17651,0.021280623070987655,1.8708855022378335,33017,0.4127125,4226,2.64125,7.812825366777094,14457,0.3227008928571429,38,5.494123249123584
scene-0398,b519ec833e23450a8bd3340b67f2516b,abde56db5e14422fb1e332007efdadbe,648805fc7cc64aaea92f77876e2c6ed0,1535731412946211,False,34688,33003,0.35368441358024694,17778,0.021433738425925927,1.8563955450556868,32995,0.4124375,4295,2.684375,7.682188591385332,14515,0.3239955357142857,37,5.556332395654341
scene-0398,b519ec833e23450a8bd3340b67f2516b,6760c7c3e2ec4b06ae763c892151b475,648805fc7cc64aaea92f77876e2c6ed0,1535731412995986,False,34688,33016,0.3538237311385459,17884,0.02156153549382716,1.846119436367703,33007,0.4125875,4344,2.715,7.59829650092081,14488,0.32339285714285715,37,5.543861542351723
scene-0398,b519ec833e23450a8bd3340b67f2516b,4ef2f7e44507470693469a8637b2d9ef,648805fc7cc64aaea92f77876e2c6ed0,1535731413046292,False,34688,33023,0.35389874828532236,17942,0.021631462191358024,1.840541745624791,33005,0.4125625,4359,2.724375,7.571690754760266,14481,0.3232366071428571,37,5.531729440205803
scene-0398,b519ec833e23450a8bd3340b67f2516b,506fe6830d334c1996f197f72ac4b239,648805fc7cc64aaea92f77876e2c6ed0,1535731413096089,False,34688,33019,0.3538558813443073,18039,0.021748408564814813,1.8304229724485837,32996,0.41245,4337,2.710625,7.608023979709476,14466,0.32290178571428574,37,5.52020257205879
scene-0398,b519ec833e23450a8bd3340b67f2516b,a4545a24f12b40508f3cd5a39089cf99,648805fc7cc64aaea92f77876e2c6ed0,1535731413145826,False,34688,33062,0.3543167009602195,18144,0.021875,1.822200176366843,33046,0.413075,4333,2.708125,7.626586660512347,14491,0.32345982142857144,37,5.509184083007058
scene-0398,b519ec833e23450a8bd3340b67f2516b,00cbe81a983d4463ab6248e3eaadfbff,648805fc7cc64aaea92f77876e2c6ed0,1535731413196161,False,34656,33028,0.3539523319615912,18244,0.02199556327160494,1.810348607761456,33013,0.4126625,4420,2.7625,7.469004524886878,14513,0.32395089285714285,37,5.498551896485386
scene-0398,b519ec833e23450a8bd3340b67f2516b,73f053b7384b4e2e8c753a5bc7c16a9e,648805fc7cc64aaea92f77876e2c6ed0,1535731413245916,False,34688,33076,0.3544667352537723,18301,0.022064284336419753,1.8073329326266325,33060,0.41325,4405,2.753125,7.505107832009081,14503,0.3237276785714286,37,5.487484636678994
scene-0398,b519ec833e23450a8bd3340b67f2516b,3ba6aafa30954ce0aaf572942fdde1be,648805fc7cc64aaea92f77876e2c6ed0,1535731413295708,False,34656,33059,0.35428455075445814,18480,0.02228009259259259,1.7889069264069264,33036,0.41295,4465,2.790625,7.398880179171333,14559,0.32497767857142856,37,5.474841980267648
scene-0398,b519ec833e23450a8bd3340b67f2516b,e232ca1232214a6a8d256f9976d3642d,648805fc7cc64aaea92f77876e2c6ed0,1535731413345491,False,34688,33114,0.3548739711934156,18523,0.022331934799382717,1.7877233709442315,33088,0.4136,4486,2.80375,7.3758359340169415,14595,0.32578125,37,5.462755615135693
scene-0398,b519ec833e23450a8bd3340b67f2516b,21f85b9fdda745269c870304242cf12e,648805fc7cc64aaea92f77876e2c6ed0,1535731413395780,True,34656,33108,0.354809670781893,18536,0.022347608024691358,1.7861458782908934,33084,0.41355,4506,2.81625,7.342210386151797,14593,0.3257366071428571,37,5.451124338491862
scene-0398,b519ec833e23450a8bd3340b67f2516b,8852df2d7d0443f68bf118cf5be8a2f5,4b933f6dceae4df59410d569beb37bfd,1535731413445534,False,34656,33161,0.3553776577503429,18635,0.022466965663580248,1.7795009390931045,33133,0.4141625,4458,2.78625,7.432256617317183,14634,0.3266517857142857,38,5.154957140062074
scene-0398,b519ec833e23450a8bd3340b67f2516b,32b3c0b62f7e41b2969bd8ed84a8cf10,4b933f6dceae4df59410d569beb37bfd,1535731413495327,False,34688,33203,0.35582776063100136,18702,0.022547743055555555,1.775371618008769,33172,0.41465,4518,2.82375,7.342186808322267,14684,0.32776785714285717,38,5.147132814270003
scene-0398,b519ec833e23450a8bd3340b67f2516b,36678f5384af4de9b4c20c0aea5e8ba8,4b933f6dceae4df59410d569beb37bfd,1535731413545664,False,34688,33215,0.35595636145404663,18744,0.022598379629629628,1.7720337174562526,33189,0.4148625,4511,2.819375,7.357348703170029,14702,0.32816964285714284,38,5.139913530242839
scene-0398,b519ec833e23450a8bd3340b67f2516b,8603e2dcf6634de7835d95ae5dba2228,4b933f6dceae4df59410d569beb37bfd,1535731413595377,False,34688,33233,0.3561492626886145,18770,0.022629726080246913,1.7705380927011187,33207,0.4150875,4524,2.8275,7.340185676392573,14709,0.32832589285714286,38,5.133482873514265
scene-0398,b519ec833e23450a8bd3340b67f2516b,c5a95ad81a8a4614b0fc476c32f6381d,4b933f6dceae4df59410d569beb37bfd,1535731413645165,False,34688,33217,0.35597779492455417,18773,0.02263334297839506,1.76940286581793,33189,0.4148625,4507,2.816875,7.363878411360107,16285,0.3635044642857143,38,5.127756522815439
scene-0398,b519ec833e23450a8bd3340b67f2516b,c764dec01ac042e2b4d73d91faa0c66e,4b933f6dceae4df59410d569beb37bfd,1535731413695503,False,34688,33220,0.3560099451303155,18818,0.022687596450617284,1.7653310660006376,33188,0.41485,4515,2.821875,7.350609080841639,17985,0.40145089285714286,38,5.122711240764817
scene-0398,b519ec833e23450a8bd3340b67f2516b,5fb99c5c8ce441e1ac34db9bbc9e4d5e,4b933f6dceae4df59410d569beb37bfd,1535731413745237,False,34720,33269,0.35653506515775035,18873,0.02275390625,1.762782811423727,33240,0.4155,4537,2.835625,7.326427154507384,17317,0.3865401785714286,38,5.118478990920862
scene-0398,b519ec833e23450a8bd3340b67f2516b,81072bc90a3a420c833e1f92d0450e02,4b933f6dceae4df59410d569beb37bfd,1535731413795031,False,34688,33242,0.3562457133058985,18981,0.022884114583333334,1.751330277646067,33216,0.4152,4530,2.83125,7.332450331125828,14759,0.32944196428571426,38,5.115008051643781
scene-0398,b519ec833e23450a8bd3340b67f2516b,6a1c7288b7b14bb0ae9bc52742fa1ffa,4b933f6dceae4df59410d569beb37bfd,1535731413845317,False,34720,33265,0.3564921982167353,19023,0.022934751157407406,1.7486726594122903,33246,0.415575,4554,2.84625,7.300395256916996,14774,0.3297767857142857,38,5.111887796889398
scene-0398,b519ec833e23450a8bd3340b67f2516b,cfbcc5f556d94a728576baf03cc532ba,4b933f6dceae4df59410d569beb37bfd,1535731413895239,True,34720,33297,0.356835133744856,19023,0.022934751157407406,1.750354833622457,33271,0.4158875,4570,2.85625,7.280306345733042,14809,0.3305580357142857,38,5.108511368504474
scene-0398,b519ec833e23450a8bd3340b67f2516b,751a9852b5ba4ea7b7ff7a7dbf22185c,ee06737eaacb4c1db2042e0a9601382b,1535731413945407,False,34720,33315,0.35702803497942387,18990,0.022894965277777776,1.75434439178515,33293,0.4161625,4594,2.87125,7.247061384414454,14793,0.3302008928571429,37,5.225180103195022
scene-0398,b519ec833e23450a8bd3340b67f2516b,3b0afd7d3d114ae19fbad45db755d301,ee06737eaacb4c1db2042e0a9601382b,1535731413995227,False,34720,33319,0.35707090192043894,18982,0.022885320216049384,1.755294489516384,33303,0.4162875,4585,2.865625,7.263467829880043,14844,0.3313392857142857,37,5.223883730573983
scene-0398,b519ec833e23450a8bd3340b67f2516b,965d660d28974979950433207c017ad7,ee06737eaacb4c1db2042e0a9601382b,1535731414044958,False,34720,33334,0.3572316529492455,18983,0.02288652584876543,1.7559922035505453,33322,0.416525,4550,2.84375,7.323516483516483,18143,0.4049776785714286,37,5.2233225938209955
scene-0398,b519ec833e23450a8bd3340b67f2516b,724c76322e3143568de199a66ba3b4e0,ee06737eaacb4c1db2042e0a9601382b,1535731414095283,False,34752,33367,0.35758530521262005,19002,0.02290943287037037,1.7559730554678454,33354,0.416925,4591,2.869375,7.26508385972555,18202,0.40629464285714284,37,5.223519331958042
scene-0398,b519ec833e23450a8bd3340b67f2516b,68f282e1318a43f4a44cfe1b9d4203a9,ee06737eaacb4c1db2042e0a9601382b,1535731414145022,False,34720,33339,0.3572852366255144,18932,0.022825038580246912,1.7609866892034651,33324,0.41655,4613,2.883125,7.223932365055279,18223,0.40676339285714286,37,5.224486453352053
scene-0398,b519ec833e23450a8bd3340b67f2516b,e0b0521396e44218992cb456b955eb0d,ee06737eaacb4c1db2042e0a9601382b,1535731414195381,False,34720,33327,0.35715663580246915,18861,0.022739438657407407,1.7669794814696993,33313,0.4164125,4571,2.856875,7.287901990811639,18253,0.40743303571428574,37,5.226262952216124
scene-0398,b519ec833e23450a8bd3340b67f2516b,a6904e85d55c44e4999b75dd874c7d4c,ee06737eaacb4c1db2042e0a9601382b,1535731414245119,False,34752,33350,0.3574031207133059,18940,0.022834683641975308,1.7608236536430835,33334,0.416675,4606,2.87875,7.237082066869301,18241,0.4071651785714286,37,5.228816651058764
scene-0398,b519ec833e23450a8bd3340b67f2516b,10bce80dd6c64414a77094783d695105,ee06737eaacb4c1db2042e0a9601382b,1535731414295452,False,34720,33317,0.3570494684499314,18897,0.022782841435185185,1.7630840874212839,33304,0.4163,4537,2.835625,7.340533392109323,18246,0.4072767857142857,37,5.232217808831182
scene-0398,b519ec833e23450a8bd3340b67f2516b,4a7197e2bece463287c96f5ab80aa35a,ee06737eaacb4c1db2042e0a9601382b,1535731414345214,False,34752,33361,0.3575210048010974,18862,0.022740644290123457,1.7686883681475984,33346,0.416825,4548,2.8425,7.332014072119613,18251,0.40738839285714284,37,5.2363928920451945
scene-0398,b519ec833e23450a8bd3340b67f2516b,0ebf56169dc34f0f8c064727ea3fce51,ee06737eaacb4c1db2042e0a9601382b,1535731414395528,True,34720,33323,0.3571137688614541,18751,0.022606819058641977,1.7771318862993974,33308,0.41635,4558,2.84875,7.307591048705572,18296,0.40839285714285717,37,5.238242357782964
scene-0398,b519ec833e23450a8bd3340b67f2516b,66c80ff6ff5042b0b29f2349a8d013f0,d4d92e734bf54cc68d528d50500bb5e8,1535731414445293,False,34752,33325,0.3571352023319616,18762,0.022620081018518517,1.7761965675301141,33311,0.4163875,4555,2.846875,7.313062568605927,18279,0.40801339285714283,36,5.238260917359389
scene-0398,b519ec833e23450a8bd3340b67f2516b,940a21cd26c3409191b76f1857748c2c,d4d92e734bf54cc68d528d50500bb5e8,1535731414495644,False,34752,33345,0.35734953703703703,18761,0.02261887538580247,1.7773572837268803,33326,0.416575,4545,2.840625,7.332453245324532,18269,0.4077901785714286,36,5.242362025999423
scene-0398,b519ec833e23450a8bd3340b67f2516b,c47d7246ef764385ae62cb47e8b06967,d4d92e734bf54cc68d528d50500bb5e8,1535731414545383,False,34752,33381,0.35773533950617287,18603,0.022428385416666665,1.7943880019351717,33360,0.417,4494,2.80875,7.423230974632844,18350,0.4095982142857143,36,5.246877703046569
scene-0398,b519ec833e23450a8bd3340b67f2516b,4b5b064e4c8e4d28ae2d30e009585e4d,d4d92e734bf54cc68d528d50500bb5e8,1535731414596125,False,34752,33382,0.35774605624142664,18572,0.022391010802469136,1.7974370019384018,33362,0.417025,4441,2.775625,7.512272010808377,18325,0.40904017857142855,36,5.249880085298154
scene-0398,b519ec833e23450a8bd3340b67f2516b,78a4795315ee4735af9c52be3f021c9d,d4d92e734bf54cc68d528d50500bb5e8,1535731414645472,False,34752,33357,0.3574781378600823,18444,0.022236689814814813,1.808555627846454,33341,0.4167625,4444,2.7775,7.502475247524752,18332,0.40919642857142857,36,5.25349856967814
scene-0398,b519ec833e23450a8bd3340b67f2516b,7c3a86aa943041b5b2ee908c1ff2e399,d4d92e734bf54cc68d528d50500bb5e8,1535731414695803,False,34752,33373,0.35764960562414266,18408,0.022193287037037036,1.812961755758366,33357,0.4169625,4406,2.75375,7.570812528370404,18345,0.4094866071428571,36,5.2545568006863785
scene-0398,b519ec833e23450a8bd3340b67f2516b,de102f51947c4911977d9c50f2504144,d4d92e734bf54cc68d528d50500bb5e8,1535731414745554,False,34752,33387,0.3577996399176955,18333,0.022102864583333333,1.8211422025855015,33368,0.4171,4403,2.751875,7.578469225528049,18373,0.41011160714285716,36,5.255462494947548
scene-0398,b519ec833e23450a8bd3340b67f2516b,c25787733c204681aefba452d593ae24,d4d92e734bf54cc68d528d50500bb5e8,1535731414795881,False,34784,33427,0.3582283093278464,18297,0.022059461805555555,1.826911515548997,33407,0.4175875,4389,2.743125,7.611528822055138,18374,0.41013392857142855,36,5.2560480423249585
scene-0398,b519ec833e23450a8bd3340b67f2516b,1427c7380ad64f9da16814cebc6ac6eb,d4d92e734bf54cc68d528d50500bb5e8,1535731414845657,False,34752,33374,0.35766032235939643,18129,0.02185691550925926,1.8409178664018975,33350,0.416875,4367,2.729375,7.636821616670483,18394,0.4105803571428571,36,5.257423225599638
scene-0398,b519ec833e23450a8bd3340b67f2516b,2521dab0b5d54039ba327050e22830c8,d4d92e734bf54cc68d528d50500bb5e8,1535731414895956,True,34784,33413,0.35807827503429357,18130,0.021858121141975308,1.8429674572531716,33394,0.417425,4363,2.726875,7.653907861563145,18346,0.40950892857142857,36,5.259588486677789
scene-0398,b519ec833e23450a8bd3340b67f2516b,2533b8537cde40afabe630ec3a7ce605,755bc9b208e84c9c8024bcb962afb8b7,1535731414945708,False,34784,33408,0.35802469135802467,18050,0.021761670524691357,1.8508587257617728,33382,0.417275,4349,2.718125,7.675787537364911,18358,0.4097767857142857,35,5.355921914305978
scene-0398,b519ec833e23450a8bd3340b67f2516b,812aa6b50ba7464cbecdce12f6d4a732,755bc9b208e84c9c8024bcb962afb8b7,1535731414996059,False,34784,33431,0.35827117626886146,17879,0.021555507330246915,1.8698473068963588,33400,0.4175,4294,2.68375,7.778295295761528,18371,0.41006696428571426,35,5.359979684136196
scene-0398,b519ec833e23450a8bd3340b67f2516b,239bd0d5ceb34194815658c6e6bec753,755bc9b208e84c9c8024bcb962afb8b7,1535731415046361,False,34784,33423,0.35818544238683125,17808,0.021469907407407406,1.8768530997304582,33395,0.4174375,4273,2.670625,7.815352211560964,18353,0.4096651785714286,35,5.362899727694265
scene-0398,b519ec833e23450a8bd3340b67f2516b,d4e47492d07443bdbcfba57564566e92,755bc9b208e84c9c8024bcb962afb8b7,1535731415096163,False,34816,33465,0.3586355452674897,17703,0.02134331597222222,1.89035756651415,33427,0.4178375,4219,2.636875,7.922967527850202,18380,0.41026785714285713,35,5.366497015487116
scene-0398,b519ec833e23450a8bd3340b67f2516b,c0186daec9194b04a13e3df2e653e03e,755bc9b208e84c9c8024bcb962afb8b7,1535731415146444,False,34784,33441,0.3583783436213992,17539,0.021145592206790124,1.90666514624551,33408,0.4176,4222,2.63875,7.912837517764093,18417,0.41109375,35,5.370819287615069
scene-0398,b519ec833e23450a8bd3340b67f2516b,80338f6cfc7b46188554ff5d9df3e3ae,755bc9b208e84c9c8024bcb962afb8b7,1535731415196269,False,34816,33452,0.35849622770919065,17409,0.020988859953703705,1.9215348383020276,33418,0.417725,4196,2.6225,7.964251668255481,18399,0.4106919642857143,35,5.375765131315972
scene-0398,b519ec833e23450a8bd3340b67f2516b,07398c998131491497f7f5cd83c21c0a,755bc9b208e84c9c8024bcb962afb8b7,1535731415246524,False,34784,33444,0.3584104938271605,17169,0.020699508101851852,1.9479294076533287,33413,0.4176625,4130,2.58125,8.090314769975787,18421,0.4111830357142857,35,5.381401095928565
scene-0398,b519ec833e23450a8bd3340b67f2516b,07a680f53aa542ac8bb0378924532553,755bc9b208e84c9c8024bcb962afb8b7,1535731415296857,False,34816,33468,0.358667695473251,16975,0.020465615354938273,1.9716053019145803,33443,0.4180375,4077,2.548125,8.202845229335296,18462,0.4120982142857143,35,5.387677475789051
scene-0398,b519ec833e23450a8bd3340b67f2516b,7317aadd97f04eae8d6890ddb09b13d5,755bc9b208e84c9c8024bcb962afb8b7,1535731415346657,False,34816,33528,0.3593106995884774,16821,0.020279947916666666,1.993222757267701,33506,0.418825,3979,2.486875,8.420708720784116,18546,0.41397321428571426,35,5.394358687202226
scene-0398,b519ec833e23450a8bd3340b67f2516b,ce9b8485f24b4fe6bf600232504015b6,755bc9b208e84c9c8024bcb962afb8b7,1535731415396967,True,34784,33491,0.3589141803840878,16555,0.01995924961419753,2.0230141951072182,33470,0.418375,4012,2.5075,8.34247258225324,18490,0.4127232142857143,35,5.401420902092824
scene-0398,b519ec833e23450a8bd3340b67f2516b,375fa40326b74bbbab2f62ad2b164aa6,52f2da122cdf459a8dbb57278e3cdf25,1535731415447277,False,34816,33549,0.3595357510288066,16386,0.019755497685185187,2.0474185280117174,33528,0.4191,3988,2.4925,8.407221664994985,17140,0.3825892857142857,34,5.681001195318865
scene-0398,b519ec833e23450a8bd3340b67f2516b,8a990ccdbdc040ef9515802d70d71d22,52f2da122cdf459a8dbb57278e3cdf25,1535731415497011,False,34784,33554,0.3595893347050754,16263,0.019607204861111113,2.0632109696857897,33531,0.4191375,4023,2.514375,8.334824757643549,14038,0.3133482142857143,34,5.6920266327563
scene-0398,b519ec833e23450a8bd3340b67f2516b,bc38cdabf36346e08b5e72f6eb2460df,52f2da122cdf459a8dbb57278e3cdf25,1535731415547344,False,34816,33589,0.3599644204389575,16107,0.01941912615740741,2.0853666107903397,33565,0.4195625,3956,2.4725,8.484580384226492,16633,0.3712723214285714,34,5.703531463912227
scene-0398,b519ec833e23450a8bd3340b67f2516b,e741539f22924739ab9f69426fd2114e,52f2da122cdf459a8dbb57278e3cdf25,1535731415597145,False,34784,33521,0.35923568244170095,15922,0.019196084104938272,2.105325964074865,33493,0.4186625,3998,2.49875,8.377438719359679,18365,0.4099330357142857,34,5.714958244622769
scene-0398,b519ec833e23450a8bd3340b67f2516b,c9ebcc9210c7419eae5d0ba2095b6aa0,52f2da122cdf459a8dbb57278e3cdf25,1535731415647427,False,34784,33502,0.3590320644718793,15647,0.01886453510802469,2.1411133124560617,33472,0.4184,3932,2.4575,8.512716174974567,13620,0.3040178571428571,34,5.723153185037139
scene-0398,b519ec833e23450a8bd3340b67f2516b,9d46225fb79c458c8451e08aed219e44,52f2da122cdf459a8dbb57278e3cdf25,1535731415697754,False,34816,33534,0.359375,15558,0.018757233796296298,2.155418434246047,33501,0.4187625,3873,2.420625,8.649883810999226,14638,0.32674107142857145,34,5.73192526721485
scene-0398,b519ec833e23450a8bd3340b67f2516b,ffd9d05c8cd24e87abc875673eaecf21,52f2da122cdf459a8dbb57278e3cdf25,1535731415747502,False,34784,33502,0.3590320644718793,15349,0.018505256558641974,2.1826829109388233,33470,0.418375,3835,2.396875,8.727509778357236,18405,0.4108258928571429,34,5.741144448221635
scene-0398,b519ec833e23450a8bd3340b67f2516b,a116a620d4334256aa32aa061f6aa02f,52f2da122cdf459a8dbb57278e3cdf25,1535731415797838,False,34816,33529,0.35932141632373116,15172,0.018291859567901234,2.2099261798049037,33500,0.41875,3750,2.34375,8.933333333333334,18412,0.41098214285714285,34,5.747131164117723
scene-0398,b519ec833e23450a8bd3340b67f2516b,290bb56bf81e4621ae0bf24923955e1a,52f2da122cdf459a8dbb57278e3cdf25,1535731415848150,False,34784,33531,0.3593428497942387,15004,0.01808931327160494,2.234804052252733,33498,0.418725,3771,2.356875,8.883054892601432,18452,0.411875,34,5.75294225516558
scene-0398,b519ec833e23450a8bd3340b67f2516b,40ba86321ebd4dd09627f4d410c84df3,52f2da122cdf459a8dbb57278e3cdf25,1535731415897916,True,34816,33617,0.3602644890260631,14887,0.01794825424382716,2.2581446899979847,33583,0.4197875,3701,2.313125,9.074034044852743,18522,0.4134375,34,5.757410576122501
scene-0398,b519ec833e23450a8bd3340b67f2516b,b59df16a077b49a0bf38a09b4d652c4a,989a484e902b462c8c2e25a7af98474c,1535731415948227,False,34784,33611,0.36020018861454045,14869,0.01792655285493827,2.2604748133700987,33583,0.4197875,3663,2.289375,9.168168168168169,18522,0.4134375,33,6.262046298118338
scene-0398,b519ec833e23450a8bd3340b67f2516b,b82ab153b422412cb0e2d86ee5588d44,989a484e902b462c8c2e25a7af98474c,1535731415997996,False,34784,33646,0.3605752743484225,14838,0.017889178240740742,2.2675562744305164,33624,0.4203,3607,2.254375,9.321874133629054,18516,0.41330357142857144,33,6.251715276757064
scene-0398,b519ec833e23450a8bd3340b67f2516b,f60c4cd7e5024945913271ffbba28cc0,989a484e902b462c8c2e25a7af98474c,1535731416048350,False,34816,33698,0.36113254458161864,14903,0.017967544367283952,2.261155472052607,33675,0.4209375,3538,2.21125,9.518089315997738,15533,0.34671875,33,6.241626082556179
scene-0398,b519ec833e23450a8bd3340b67f2516b,1b21900b465f4438a3ebc5660f172ab0,989a484e902b462c8c2e25a7af98474c,1535731416098630,False,34784,33699,0.3611432613168724,14811,0.017856626157407407,2.275268381608264,33679,0.4209875,3547,2.216875,9.495066253171695,14576,0.32535714285714284,33,6.231929674854014
scene-0398,b519ec833e23450a8bd3340b67f2516b,61d356c2b6cd4c84bd6a2261feb77627,989a484e902b462c8c2e25a7af98474c,1535731416148394,False,34784,33742,0.3616040809327846,14869,0.01792655285493827,2.269285089784115,33725,0.4215625,3493,2.183125,9.655024334383052,17330,0.38683035714285713,33,6.222674792374357
scene-0398,b519ec833e23450a8bd3340b67f2516b,9ba757b75d994960aef1e3c4dfbd18ab,989a484e902b462c8c2e25a7af98474c,1535731416198728,False,34784,33812,0.3623542524005487,15000,0.01808449074074074,2.2541333333333333,33798,0.422475,3471,2.169375,9.737251512532412,18636,0.41598214285714286,33,6.212373802586997
scene-0398,b519ec833e23450a8bd3340b67f2516b,8da6025ba57c44adb9c343bc8e8868cd,989a484e902b462c8c2e25a7af98474c,1535731416248502,False,34784,33841,0.3626650377229081,15048,0.018142361111111113,2.2488702817650186,33826,0.422825,3415,2.134375,9.905124450951684,14461,0.32279017857142855,33,6.202611231423187
scene-0398,b519ec833e23450a8bd3340b67f2516b,d2edcf87cfa44d51b2c35429207fc67b,989a484e902b462c8c2e25a7af98474c,1535731416298855,False,34752,33832,0.3625685871056241,15048,0.018142361111111113,2.2482721956406166,33816,0.4227,3437,2.148125,9.838812918242654,14051,0.31363839285714284,33,6.193177625933192
scene-0398,b519ec833e23450a8bd3340b67f2516b,b163916bda2841a0b1009e507f5a02ea,989a484e902b462c8c2e25a7af98474c,1535731416348590,False,34784,33871,0.36298653978052126,15166,0.01828462577160494,2.2333509165238032,33851,0.4231375,3398,2.12375,9.96203649205415,18700,0.4174107142857143,33,6.184309966030382
scene-0398,b519ec833e23450a8bd3340b67f2516b,89edfa4ef22741d285d0daaa020f36d2,989a484e902b462c8c2e25a7af98474c,1535731416398928,True,34752,33842,0.36267575445816186,15060,0.018156828703703703,2.247144754316069,33814,0.422675,3325,2.078125,10.169624060150376,18739,0.41828125,33,6.175803425043886
scene-0398,b519ec833e23450a8bd3340b67f2516b,3a77b07d1cd9489898f355f0a0cc3f99,f4d1da1e33924e3384e4b39f19a8e416,1535731416449207,False,34784,33873,0.3630079732510288,15111,0.01821831597222222,2.2416120706769904,33848,0.4231,3285,2.053125,10.303805175038052,18763,0.4188169642857143,30,6.447379336423137
scene-0398,b519ec833e23450a8bd3340b67f2516b,82eb081af98f4598ab030cff12499681,f4d1da1e33924e3384e4b39f19a8e416,1535731416498994,False,34784,33904,0.3633401920438957,15261,0.01839916087962963,2.2216106415044887,33877,0.4234625,3253,2.033125,10.414079311404857,18811,0.41988839285714286,30,6.444642229875082
scene-0398,b519ec833e23450a8bd3340b67f2516b,a77653a4d9f04fd49c259f4cf6737d00,f4d1da1e33924e3384e4b39f19a8e416,1535731416549293,False,34752,33868,0.36295438957475995,15225,0.018355758101851853,2.2244991789819375,33845,0.4230625,3225,2.015625,10.494573643410853,18828,0.42026785714285714,30,6.442053245189939
scene-0398,b519ec833e23450a8bd3340b67f2516b,c6c648c6a8b04d39b7fc305d7de26dcf,f4d1da1e33924e3384e4b39f19a8e416,1535731416599070,False,34784,33925,0.363565243484225,15282,0.018424479166666667,2.219931946080356,33898,0.423725,3196,1.9975,10.606382978723405,18922,0.4223660714285714,30,6.43966504482486
scene-0398,b519ec833e23450a8bd3340b67f2516b,ac81ab3aafd2411faf2153d5e3053f4a,f4d1da1e33924e3384e4b39f19a8e416,1535731416649395,False,34784,33944,0.36376886145404663,15310,0.01845823688271605,2.217112998040496,33926,0.424075,3139,1.961875,10.807900605288308,18915,0.42220982142857144,30,6.437425268038414
scene-0398,b519ec833e23450a8bd3340b67f2516b,5848396ec78f454297701a6098df5c3f,f4d1da1e33924e3384e4b39f19a8e416,1535731416699165,False,34752,33944,0.36376886145404663,15394,0.018559510030864198,2.2050149408860595,33925,0.4240625,3150,1.96875,10.76984126984127,18960,0.4232142857142857,30,6.43538120973511
scene-0398,b519ec833e23450a8bd3340b67f2516b,41ebbfd97ab94fb782f79cd6545122be,f4d1da1e33924e3384e4b39f19a8e416,1535731416749461,False,34752,33960,0.363940329218107,15436,0.01861014660493827,2.20005182689816,33937,0.4242125,3152,1.97,10.766814720812183,18811,0.41988839285714286,30,6.433485949383055
scene-0398,b519ec833e23450a8bd3340b67f2516b,ff12743d252c462fa624ea5f962a1327,f4d1da1e33924e3384e4b39f19a8e416,1535731416799242,False,34752,33934,0.3636616941015089,15433,0.018606529706790123,2.1987947903842415,33915,0.4239375,3126,1.95375,10.849328214971209,18953,0.42305803571428574,30,6.431775887694241
scene-0398,b519ec833e23450a8bd3340b67f2516b,30f1c254d7c045c3974d3215203c24da,f4d1da1e33924e3384e4b39f19a8e416,1535731416849554,False,34752,33914,0.36344735939643347,15476,0.018658371913580246,2.1913931248384597,33900,0.42375,3071,1.919375,11.038749592966461,16328,0.36446428571428574,30,6.430211751009782
scene-0398,b519ec833e23450a8bd3340b67f2516b,4416115451ea488495a91ac23363e98a,f4d1da1e33924e3384e4b39f19a8e416,1535731416899332,True,34752,33914,0.36344735939643347,15384,0.018547453703703705,2.204498179927197,33897,0.4237125,3075,1.921875,11.023414634146341,15302,0.3415625,30,6.428822825115903
scene-0398,b519ec833e23450a8bd3340b67f2516b,6e567fabb69a4a7590596cf63ef10488,1e474056c409493daa9c2882731f1f31,1535731416949643,False,34752,33888,0.3631687242798354,15171,0.018290653935185187,2.2337354162546963,33867,0.4233375,3031,1.894375,11.173540085780271,16938,0.37808035714285715,31,5.9142321178383925
scene-0398,b519ec833e23450a8bd3340b67f2516b,d839a6273780445a88b3d2e37479b301,1e474056c409493daa9c2882731f1f31,1535731416999426,False,34784,33917,0.3634795096021948,15020,0.018108603395061727,2.2581225033288947,33895,0.4236875,2985,1.865625,11.355108877721943,19073,0.42573660714285716,31,5.913398023268126
scene-0398,b519ec833e23450a8bd3340b67f2516b,f16ad1b53ea94a5b9cbeb7b1e8aed3f6,1e474056c409493daa9c2882731f1f31,1535731417049731,False,34752,33915,0.36345807613168724,14886,0.01794704861111111,2.2783151954856913,33901,0.4237625,2990,1.86875,11.338127090301004,19032,0.42482142857142857,31,5.912707475701195
scene-0398,b519ec833e23450a8bd3340b67f2516b,86b708fadcdc4332988c03c3a9aa8b97,1e474056c409493daa9c2882731f1f31,1535731417100056,False,34752,33867,0.3629436728395062,14625,0.017632378472222224,2.3156923076923075,33848,0.4231,2940,1.8375,11.512925170068026,18997,0.42404017857142856,31,5.912165451353666
scene-0398,b519ec833e23450a8bd3340b67f2516b,ba405674aaeb45b4a1c63d1331fabd05,1e474056c409493daa9c2882731f1f31,1535731417149808,False,34752,33871,0.36298653978052126,14407,0.017369550540123457,2.3510099257305477,33852,0.42315,2898,1.81125,11.681159420289855,19064,0.4255357142857143,31,5.91177144455585
scene-0398,b519ec833e23450a8bd3340b67f2516b,c63b16ef4e444209afb7efd8f39d9470,1e474056c409493daa9c2882731f1f31,1535731417199589,False,34752,33861,0.3628793724279835,13953,0.016822193287037036,2.4267899376478175,33846,0.423075,2849,1.780625,11.87995787995788,19137,0.42716517857142855,31,5.911403399723295
scene-0398,b519ec833e23450a8bd3340b67f2516b,910f6b6c2b704ba8a4d8db68d9316689,1e474056c409493daa9c2882731f1f31,1535731417249904,False,34752,33868,0.36295438957475995,13724,0.01654610339506173,2.4677936461672982,33855,0.4231875,2780,1.7375,12.178057553956835,19119,0.4267633928571429,31,5.906720937054187
scene-0398,b519ec833e23450a8bd3340b67f2516b,5d48bbddb84d4cb09542610d34eccf1c,1e474056c409493daa9c2882731f1f31,1535731417299692,False,34752,33865,0.36292223936899864,13332,0.01607349537037037,2.54012901290129,33848,0.4231,2730,1.70625,12.398534798534799,19198,0.4285267857142857,31,5.900765564627542
scene-0398,b519ec833e23450a8bd3340b67f2516b,3a2dee4a533d465b9596b11301e9d094,1e474056c409493daa9c2882731f1f31,1535731417350013,False,34752,33819,0.36242926954732513,13099,0.015792582947530866,2.58180013741507,33804,0.42255,2687,1.679375,12.58057312988463,19202,0.42861607142857144,31,5.89433923495136
scene-0398,b519ec833e23450a8bd3340b67f2516b,71845bb660c249f6973a5a99a96dca0e,1e474056c409493daa9c2882731f1f31,1535731417399781,True,34752,33826,0.3625042866941015,12723,0.015339265046296296,2.6586496895386307,33807,0.4225875,2667,1.666875,12.676040494938134,19102,0.4263839285714286,31,5.888260361298366
scene-0398,b519ec833e23450a8bd3340b67f2516b,1b1b0ff6c24c4ecb8b159776f46074e7,255d5c5c0c3e4d7387ce4a7e9812cb82,1535731417450082,False,34752,33845,0.36270790466392316,12285,0.014811197916666666,2.754985754985755,33819,0.4227375,2635,1.646875,12.834535104364326,18841,0.42055803571428574,31,5.4214320990611204
scene-0398,b519ec833e23450a8bd3340b67f2516b,c5ecc24787e846cc818f18662e45e9fe,255d5c5c0c3e4d7387ce4a7e9812cb82,1535731417499889,False,34720,33794,0.3621613511659808,11931,0.014384403935185185,2.832453272986338,33767,0.4220875,2637,1.648125,12.805081532043989,19005,0.42421875,31,5.4151825950596955
scene-0398,b519ec833e23450a8bd3340b67f2516b,55eba1ec83e9478787867cea03a92b48,255d5c5c0c3e4d7387ce4a7e9812cb82,1535731417550175,False,34752,33839,0.36264360425240055,11689,0.014092640817901235,2.894943964410985,33817,0.4227125,2655,1.659375,12.737099811676083,15585,0.3478794642857143,31,5.409232414991064
scene-0398,b519ec833e23450a8bd3340b67f2516b,91265acb26a349a18ae1d8ffdbd7cb54,255d5c5c0c3e4d7387ce4a7e9812cb82,1535731417599932,False,34752,33795,0.3621720679012346,11396,0.013739390432098765,2.9655142155142156,33771,0.4221375,2616,1.635,12.909403669724771,15551,0.3471205357142857,31,5.403712794482931
scene-0398,b519ec833e23450a8bd3340b67f2516b,ed5985a401784a8cb1b459f40ee001e5,255d5c5c0c3e4d7387ce4a7e9812cb82,1535731417650294,False,34720,33730,0.36147548010973934,11059,0.013333092206790123,3.050004521204449,33707,0.4213375,2604,1.6275,12.94431643625192,15571,0.34756696428571426,31,5.398511113375092
scene-0398,b519ec833e23450a8bd3340b67f2516b,78f91e94150846138684e7d944516fcc,255d5c5c0c3e4d7387ce4a7e9812cb82,1535731417700007,False,34752,33714,0.361304012345679,10750,0.012960551697530864,3.136186046511628,33691,0.4211375,2601,1.625625,12.953094963475586,15543,0.3469419642857143,31,5.393767987201495
scene-0398,b519ec833e23450a8bd3340b67f2516b,36ea906e127141c0ab33c3767e699528,255d5c5c0c3e4d7387ce4a7e9812cb82,1535731417750372,False,34720,33622,0.36031807270233196,10635,0.012821903935185185,3.1614480488951573,33605,0.4200625,2629,1.643125,12.782426778242678,18230,0.4069196428571429,31,5.389370430260044
scene-0398,b519ec833e23450a8bd3340b67f2516b,71eb72e845d24f8ebe5f5c25ed2b313d,255d5c5c0c3e4d7387ce4a7e9812cb82,1535731417800103,False,34752,33619,0.36028592249657065,10478,0.012632619598765433,3.2085321626264554,33603,0.4200375,2648,1.655,12.689954682779456,19136,0.42714285714285716,31,5.385441035774963
scene-0398,b519ec833e23450a8bd3340b67f2516b,19a506d878ca4233ac22ea4a26dd97e0,255d5c5c0c3e4d7387ce4a7e9812cb82,1535731417850427,False,34752,33611,0.36020018861454045,10547,0.01271580825617284,3.186782971461079,33593,0.4199125,2687,1.679375,12.502046892445106,19123,0.42685267857142856,31,5.381891595985127
scene-0398,b519ec833e23450a8bd3340b67f2516b,33b1be709eba40a3828d8d85f5913fb9,255d5c5c0c3e4d7387ce4a7e9812cb82,1535731417900182,True,34720,33618,0.3602752057613169,10701,0.012901475694444444,3.1415755536865713,33601,0.4200125,2736,1.71,12.28106725146199,18379,0.41024553571428574,31,5.378812376710714
scene-0398,b519ec833e23450a8bd3340b67f2516b,384b7305f5f0458f8e759308929de294,b7cc5f1916664c62ad18089a56287d2d,1535731417950520,False,34752,33625,0.36035022290809327,11008,0.013271604938271606,3.054596656976744,33609,0.4201125,2791,1.744375,12.041920458616984,18970,0.4234375,28,5.632878955178489
scene-0398,b519ec833e23450a8bd3340b67f2516b,57e50a97f9a34ea2ab149a29e45e0469,b7cc5f1916664c62ad18089a56287d2d,1535731418000295,False,34720,33592,0.3599965706447188,11240,0.013551311728395061,2.9886120996441283,33582,0.419775,2800,1.75,11.993571428571428,19072,0.4257142857142857,28,5.630902519759514
scene-0398,b519ec833e23450a8bd3340b67f2516b,0be57789078d438fa13f6065c925b4f4,b7cc5f1916664c62ad18089a56287d2d,1535731418050084,False,34688,33549,0.3595357510288066,11768,0.014187885802469135,2.8508667573079536,33537,0.4192125,2833,1.770625,11.837980938933992,19033,0.42484375,28,5.627959748849396
scene-0398,b519ec833e23450a8bd3340b67f2516b,f23b422ad7a94af38a47a234debf16ca,b7cc5f1916664c62ad18089a56287d2d,1535731418100356,False,34720,33581,0.3598786865569273,12229,0.0147436824845679,2.746013574290621,33571,0.4196375,2862,1.78875,11.729909154437456,15674,0.3498660714285714,28,5.625384703684871
scene-0398,b519ec833e23450a8bd3340b67f2516b,719ab7594bfb4d318b0806c539cb7f12,b7cc5f1916664c62ad18089a56287d2d,1535731418150116,False,34720,33558,0.35963220164609055,12408,0.01495949074074074,2.7045454545454546,33545,0.4193125,2930,1.83125,11.448805460750853,16177,0.36109375,28,5.623310842334403
scene-0398,b519ec833e23450a8bd3340b67f2516b,c8429baae56841ddbe490207257f7784,b7cc5f1916664c62ad18089a56287d2d,1535731418199889,False,34688,33537,0.3594071502057613,12671,0.015276572145061729,2.6467524268013576,33526,0.419075,3001,1.875625,11.171609463512162,18863,0.42104910714285715,28,5.621705515092516
scene-0398,b519ec833e23450a8bd3340b67f2516b,b5f80c64c9d4473893dc1ab7ea0d7f33,b7cc5f1916664c62ad18089a56287d2d,1535731418250236,False,34688,33526,0.3592892661179698,12908,0.015562307098765433,2.597303997520917,33512,0.4189,3085,1.928125,10.862884927066451,18789,0.41939732142857145,28,5.620553497346633
scene-0398,b519ec833e23450a8bd3340b67f2516b,e3a0aff8d33448a58ed87cd94676fd2a,b7cc5f1916664c62ad18089a56287d2d,1535731418299970,False,34720,33550,0.35954646776406035,13296,0.016030092592592592,2.5233152827918173,33535,0.4191875,3119,1.949375,10.751843539596024,15273,0.34091517857142856,28,5.619874395196511
scene-0398,b519ec833e23450a8bd3340b67f2516b,7124195fa42f4498bdd2bf9cc67b605a,b7cc5f1916664c62ad18089a56287d2d,1535731418350294,False,34688,33515,0.35917138203017834,13579,0.01637128665123457,2.46814934825834,33503,0.4187875,3127,1.954375,10.714102974096578,15466,0.3452232142857143,28,5.619642851260529
scene-0398,b519ec833e23450a8bd3340b67f2516b,d789ebde7bee4314a7386c2024287e54,b7cc5f1916664c62ad18089a56287d2d,1535731418400098,True,34688,33512,0.359139231824417,13905,0.016764322916666668,2.4100683207479325,33499,0.4187375,3223,2.014375,10.393732547316166,17835,0.39810267857142856,28,5.619855114958118
scene-0398,b519ec833e23450a8bd3340b67f2516b,56ddd823587c4d07a8782f8bca4d78a9,84b40a7ae9c7446ebf39582115e82f63,1535731418449895,False,34688,33500,0.35901063100137176,14283,0.017220052083333333,2.3454456346705874,33486,0.418575,3297,2.060625,10.156505914467697,15181,0.3388616071428571,28,6.249198178730535
scene-0398,b519ec833e23450a8bd3340b67f2516b,4b1da4fbf47c42b59a3880b8b259f472,84b40a7ae9c7446ebf39582115e82f63,1535731418500172,False,34688,33482,0.3588177297668038,14726,0.01775414737654321,2.273665625424419,33469,0.4183625,3362,2.10125,9.955086258179655,15188,0.33901785714285715,28,6.247840327627199
scene-0398,b519ec833e23450a8bd3340b67f2516b,06aad0e7ceea4da7b7931669c6cad2fc,84b40a7ae9c7446ebf39582115e82f63,1535731418549925,False,34688,33512,0.359139231824417,15065,0.01816285686728395,2.224493859940259,33498,0.418725,3437,2.148125,9.746290369508293,15256,0.3405357142857143,28,6.246639183432377
scene-0398,b519ec833e23450a8bd3340b67f2516b,d51bc998bda04228860657664cf7b3a9,84b40a7ae9c7446ebf39582115e82f63,1535731418599770,False,34688,33513,0.3591499485596708,15440,0.01861496913580247,2.1705310880829014,33502,0.418775,3562,2.22625,9.405390230207749,15298,0.3414732142857143,28,6.245817261116977
scene-0398,b519ec833e23450a8bd3340b67f2516b,12deec56771b4a1b92c9e640d57e0d16,84b40a7ae9c7446ebf39582115e82f63,1535731418652071,False,34688,33523,0.3592571159122085,15791,0.019038146219135802,2.122918117915268,33511,0.4188875,3592,2.245,9.3293429844098,15378,0.3432589285714286,28,6.245354281829038
scene-0398,b519ec833e23450a8bd3340b67f2516b,d4dac13f21fa443d9ad3d0f24ad06d19,84b40a7ae9c7446ebf39582115e82f63,1535731418699763,False,34688,33492,0.35892489711934156,16041,0.019339554398148148,2.087899756873013,33477,0.4184625,3690,2.30625,9.072357723577236,15495,0.3458705357142857,28,6.245278722232032
scene-0398,b519ec833e23450a8bd3340b67f2516b,7c3782e0fa49425cb9cf0aaa9cdb9719,84b40a7ae9c7446ebf39582115e82f63,1535731418749571,False,34720,33477,0.358764146090535,16397,0.01976875964506173,2.0416539610904434,33467,0.4183375,3779,2.361875,8.856046573167504,15449,0.34484375,28,6.243813706343432
scene-0398,b519ec833e23450a8bd3340b67f2516b,e8f176d50e324a95a088fe07e9cef2f6,84b40a7ae9c7446ebf39582115e82f63,1535731418799850,False,34688,33425,0.35820687585733885,16636,0.02005690586419753,2.0091969223371002,33413,0.4176625,3826,2.39125,8.733141662310507,15512,0.34625,28,6.2422835828595495
scene-0398,b519ec833e23450a8bd3340b67f2516b,2212d7b78d8f47fd8b4673f1de5d16b7,84b40a7ae9c7446ebf39582115e82f63,1535731418849610,False,34720,33432,0.3582818930041152,16912,0.02038966049382716,1.9768211920529801,33424,0.4178,3898,2.43625,8.574653668547974,15556,0.3472321428571429,28,6.240988024053726
scene-0398,b519ec833e23450a8bd3340b67f2516b,eec16cbf6d934cc693757654e1389879,84b40a7ae9c7446ebf39582115e82f63,1535731418899404,True,34688,33382,0.35774605624142664,17086,0.020599440586419753,1.9537633149947324,33377,0.4172125,3986,2.49125,8.373557451078776,15516,0.34633928571428574,28,6.239904055681669
scene-0398,b519ec833e23450a8bd3340b67f2516b,033abe3cac8e4162a3645154ae03deb1,bc0048631a264fdbad856d9fc3e233ec,1535731418949694,False,34720,33422,0.3581747256515775,17294,0.020850212191358023,1.9325777726379092,33415,0.4176875,4023,2.514375,8.305990554312702,15588,0.34794642857142855,29,6.9165755011337176
scene-0398,b519ec833e23450a8bd3340b67f2516b,9023c565cd50416fa5ef470e06666bc5,bc0048631a264fdbad856d9fc3e233ec,1535731418999466,False,34688,33337,0.35726380315500683,17490,0.021086516203703703,1.906060606060606,33329,0.4166125,4083,2.551875,8.162870438403134,15584,0.34785714285714286,29,6.91609688368617
scene-0398,b519ec833e23450a8bd3340b67f2516b,f265f5ce7d034f298342c5eb634a7470,bc0048631a264fdbad856d9fc3e233ec,1535731419049793,False,34720,33378,0.3577031893004115,17782,0.021438560956790125,1.8770666966595433,33365,0.4170625,4185,2.615625,7.972520908004779,15624,0.34875,29,6.913257007922257
scene-0398,b519ec833e23450a8bd3340b67f2516b,38f220a26ad542e787e9c74f95fa522a,bc0048631a264fdbad856d9fc3e233ec,1535731419099578,False,34688,33334,0.3572316529492455,17989,0.021688126929012345,1.8530212907888153,33318,0.416475,4234,2.64625,7.869154463863959,15842,0.35361607142857143,29,6.9057957331343625
scene-0398,b519ec833e23450a8bd3340b67f2516b,6961a5fa398b42caa79cbd39d4ca32ab,bc0048631a264fdbad856d9fc3e233ec,1535731419149321,False,34720,33356,0.35746742112482854,18177,0.02191478587962963,1.8350662925675303,33338,0.416725,4295,2.684375,7.762048894062864,16884,0.376875,29,6.898595144058156
scene-0398,b519ec833e23450a8bd3340b67f2516b,fd74c14a1b3a44c3b04d0dbb8073cc31,bc0048631a264fdbad856d9fc3e233ec,1535731419199645,False,34720,33374,0.35766032235939643,18429,0.022218605324074076,1.8109501329426447,33355,0.4169375,4390,2.74375,7.597949886104783,15738,0.35129464285714285,29,6.891579193799499
scene-0398,b519ec833e23450a8bd3340b67f2516b,f154d28355624202abd863daea469f51,bc0048631a264fdbad856d9fc3e233ec,1535731419249421,False,34720,33359,0.35749957133058985,18569,0.022387393904320988,1.7964887716085949,33334,0.416675,4464,2.79,7.467293906810036,15745,0.35145089285714287,29,6.884915786696001
scene-0398,b519ec833e23450a8bd3340b67f2516b,bf201fed849640ac8a3f334bf4ae564e,bc0048631a264fdbad856d9fc3e233ec,1535731419299199,False,34688,33284,0.35669581618655694,18660,0.022497106481481483,1.7837084673097534,33260,0.41575,4480,2.8,7.424107142857143,16182,0.3612053571428571,29,6.87853727169756
scene-0398,b519ec833e23450a8bd3340b67f2516b,608d7c8c54d541f2a8e41d0127befa7b,bc0048631a264fdbad856d9fc3e233ec,1535731419349497,False,34688,33271,0.3565564986282579,18791,0.02265504436728395,1.7705816614336651,33246,0.415575,4511,2.819375,7.369984482376413,18852,0.42080357142857144,29,6.872392732895582
scene-0398,b519ec833e23450a8bd3340b67f2516b,c7129d272e074f89a2ab4e2f1f3c4d94,bc0048631a264fdbad856d9fc3e233ec,1535731419399279,True,34688,33258,0.35641718106995884,18904,0.02279128086419753,1.7593101988997037,33227,0.4153375,4590,2.86875,7.238997821350763,15823,0.3531919642857143,29,6.866619835453491
scene-0398,b519ec833e23450a8bd3340b67f2516b,fb5a170c201648fdb5bc616c315c2b0c,b68750958f53496490e19362136f3477,1535731419449019,False,34688,33230,0.3561171124828532,19046,0.022962480709876543,1.7447233014806258,33196,0.41495,4618,2.88625,7.188393243828497,15873,0.3543080357142857,30,6.207453884433295
scene-0398,b519ec833e23450a8bd3340b67f2516b,c882df5299f6414cb8332831dab81a1b,b68750958f53496490e19362136f3477,1535731419499384,False,34688,33181,0.3555919924554184,19162,0.023102334104938272,1.7316042166788435,33149,0.4143625,4667,2.916875,7.102849796443111,18800,0.41964285714285715,30,6.201814410323299
scene-0398,b519ec833e23450a8bd3340b67f2516b,277445ccdb40410ba02282d2a8203e2f,b68750958f53496490e19362136f3477,1535731419549133,False,34656,33148,0.3552383401920439,19143,0.023079427083333333,1.7315990179177767,33118,0.413975,4686,2.92875,7.067434912505335,18881,0.4214508928571429,30,6.196545128626713
scene-0398,b519ec833e23450a8bd3340b67f2516b,73f601f676844f248baccdb3c628d4af,b68750958f53496490e19362136f3477,1535731419598900,False,34656,33125,0.35499185528120714,19165,0.02310595100308642,1.728411166188364,33094,0.413675,4760,2.975,6.9525210084033615,18857,0.42091517857142857,30,6.191507853242882
scene-0398,b519ec833e23450a8bd3340b67f2516b,3507a92d13ae4c269f78faffe6fe999e,b68750958f53496490e19362136f3477,1535731419649188,False,34656,33114,0.3548739711934156,19228,0.023181905864197532,1.7221759933430414,33085,0.4135625,4801,3.000625,6.891272651530931,15898,0.3548660714285714,30,6.1866609803026105
scene-0398,b519ec833e23450a8bd3340b67f2516b,fcbb2378a5904a17892dcd1ca5bf43e7,b68750958f53496490e19362136f3477,1535731419698964,False,34656,33080,0.3545096021947874,19279,0.02324339313271605,1.7158566315680275,33052,0.41315,4817,3.010625,6.86153207390492,15899,0.35488839285714285,30,6.182196732499346
scene-0398,b519ec833e23450a8bd3340b67f2516b,bbf913dd67ac493591593fc7a84d5ec1,b68750958f53496490e19362136f3477,1535731419748794,False,34688,33115,0.3548846879286694,19285,0.023250626929012346,1.717137671765621,33087,0.4135875,4806,3.00375,6.884519350811486,16010,0.3573660714285714,30,6.178069316217294
scene-0398,b519ec833e23450a8bd3340b67f2516b,b3508438e08240b18698d3808247a57e,b68750958f53496490e19362136f3477,1535731419798499,False,34656,33090,0.35461676954732513,19294,0.02326147762345679,1.7150409453716182,33063,0.4132875,4851,3.031875,6.815708101422387,18926,0.42245535714285715,30,6.174301616236107
scene-0398,b519ec833e23450a8bd3340b67f2516b,27f1e673629a4a9c8a70b432d668edae,b68750958f53496490e19362136f3477,1535731419848815,False,34688,33136,0.35510973936899864,19263,0.02322410300925926,1.7201889632975134,33111,0.4138875,4910,3.06875,6.743584521384928,17702,0.3951339285714286,30,6.170851085181434
scene-0398,b519ec833e23450a8bd3340b67f2516b,84b0c29423cc45979e6befc897649480,b68750958f53496490e19362136f3477,1535731419898598,True,34688,33133,0.3550775891632373,19328,0.02330246913580247,1.7142487582781456,33109,0.4138625,4947,3.091875,6.692743076612088,16014,0.35745535714285714,30,6.167804029926813
scene-0398,b519ec833e23450a8bd3340b67f2516b,b354e6b67a254369b6f9a3eaeef62810,538b4336b7084e6c8e77cfab20139e72,1535731419948336,False,34688,33140,0.3551526063100137,19329,0.02330367476851852,1.7145222204976978,33115,0.4139375,5018,3.13625,6.599242726185731,16038,0.35799107142857145,30,6.940535835976863
scene-0398,b519ec833e23450a8bd3340b67f2516b,e785754d5b964b5bb735eca148968136,538b4336b7084e6c8e77cfab20139e72,1535731419998689,False,34688,33142,0.35517403978052126,19277,0.02324098186728395,1.7192509207864295,33110,0.413875,5033,3.145625,6.578581363004172,19211,0.4288169642857143,30,6.939346527006051
scene-0398,b519ec833e23450a8bd3340b67f2516b,9f476ad117444705a9a048d7b019d4ab,538b4336b7084e6c8e77cfab20139e72,1535731420048446,False,34688,33150,0.35525977366255146,19295,0.02326268325617284,1.7180616740088106,33113,0.4139125,5043,3.151875,6.566131271068809,19126,0.42691964285714284,30,6.938651337061543
scene-0398,b519ec833e23450a8bd3340b67f2516b,56de299d5aef43599a1c17652f018934,538b4336b7084e6c8e77cfab20139e72,1535731420098200,False,34688,33133,0.3550775891632373,19337,0.023313319830246912,1.7134508972436262,33096,0.4137,5056,3.16,6.545886075949367,16084,0.35901785714285717,30,6.938434566108547
scene-0398,b519ec833e23450a8bd3340b67f2516b,2076fc5ab42f476180020bb062ffe896,538b4336b7084e6c8e77cfab20139e72,1535731420148509,False,34688,33137,0.3551204561042524,19384,0.023369984567901233,1.7095026826248452,33102,0.413775,5053,3.158125,6.550959825846032,16061,0.3585044642857143,30,6.938701436893008
scene-0398,b519ec833e23450a8bd3340b67f2516b,229a5a3b7c694ab79f2b8b0ba4b9ea2c,538b4336b7084e6c8e77cfab20139e72,1535731420198294,False,34656,33103,0.3547560871056241,19376,0.02336033950617284,1.7084537572254335,33069,0.4133625,5049,3.155625,6.549613784907902,16112,0.35964285714285715,30,6.939444759263636
scene-0398,b519ec833e23450a8bd3340b67f2516b,bc90d54b807740eb98fe2a65f11d6c91,538b4336b7084e6c8e77cfab20139e72,1535731420248098,False,34656,33078,0.35448816872427985,19275,0.023238570601851853,1.7161089494163424,33046,0.413075,5054,3.15875,6.538583300356153,16122,0.3598660714285714,30,6.940661902196676
scene-0398,b519ec833e23450a8bd3340b67f2516b,e24e130fedd14c868de4c49d23ac2258,538b4336b7084e6c8e77cfab20139e72,1535731420297813,False,34656,33082,0.3545310356652949,19261,0.023221691743827162,1.7175639894086496,33046,0.413075,5057,3.160625,6.5347043701799485,16159,0.36069196428571426,30,6.942344304465483
scene-0398,b519ec833e23450a8bd3340b67f2516b,75fd8752043043ae9a2b5d75816d03d4,538b4336b7084e6c8e77cfab20139e72,1535731420348138,False,34656,33084,0.35455246913580246,19275,0.023238570601851853,1.716420233463035,33048,0.4131,5089,3.180625,6.494006681076832,16416,0.36642857142857144,30,6.9445165320357765
scene-0398,b519ec833e23450a8bd3340b67f2516b,290b39921cad4b85a52e5295cd8c87b9,538b4336b7084e6c8e77cfab20139e72,1535731420397910,True,34656,33047,0.3541559499314129,19318,0.023290412808641976,1.7106843358525727,33010,0.412625,5143,3.214375,6.418432821310519,16072,0.35875,30,6.947121472054315
scene-0398,b519ec833e23450a8bd3340b67f2516b,98ff6834e07a4bb69313d5881272026d,9733a0a4c74f4350a48c03193785d66d,1535731420447682,False,34656,33058,0.35427383401920437,19228,0.023181905864197532,1.7192635739546496,33022,0.412775,5154,3.22125,6.407062475746993,19162,0.4277232142857143,29,6.667919630892414
scene-0398,b519ec833e23450a8bd3340b67f2516b,a6a24f8ea8194ade907b3738a7a74152,9733a0a4c74f4350a48c03193785d66d,1535731420497441,False,34656,33061,0.35430598422496573,19193,0.0231397087191358,1.72255509821289,33024,0.4128,5108,3.1925,6.465152701644479,19299,0.43078125,29,6.672633422798082
scene-0398,b519ec833e23450a8bd3340b67f2516b,35ec0993349b4096ba5f7e0b460ce987,9733a0a4c74f4350a48c03193785d66d,1535731420547750,False,34656,33032,0.35399519890260633,19111,0.023040846836419753,1.7284286536549631,32996,0.41245,5079,3.174375,6.496554439850364,19206,0.4287053571428571,29,6.677837791919711
scene-0398,b519ec833e23450a8bd3340b67f2516b,6565797148634e7f91b8f59e54637d33,9733a0a4c74f4350a48c03193785d66d,1535731420597530,False,34656,33037,0.3540487825788752,19160,0.02309992283950617,1.7242693110647183,32996,0.41245,5119,3.199375,6.445790193397148,18997,0.42404017857142856,29,6.680996563973907
scene-0398,b519ec833e23450a8bd3340b67f2516b,663940eba47347c29b67f99accedc31d,9733a0a4c74f4350a48c03193785d66d,1535731420647281,False,34656,33041,0.35409164951989025,19170,0.023111979166666668,1.7235785080855504,33002,0.412525,5133,3.208125,6.429378531073446,19006,0.4242410714285714,29,6.683564103209821
scene-0398,b519ec833e23450a8bd3340b67f2516b,dee9dc15a8564af88ebd2ec08e87a096,9733a0a4c74f4350a48c03193785d66d,1535731420697075,False,34656,33026,0.35393089849108367,19184,0.02312885802469136,1.7215387823185988,32986,0.412325,5149,3.218125,6.406292483977471,16097,0.3593080357142857,29,6.686602301694708
scene-0398,b519ec833e23450a8bd3340b67f2516b,16c8486cd9f1446c823d0127ebdfd149,9733a0a4c74f4350a48c03193785d66d,1535731420747366,False,34688,33047,0.3541559499314129,19146,0.02308304398148148,1.726052439151781,33007,0.4125875,5126,3.20375,6.439133827545844,16157,0.3606473214285714,29,6.690121558127398
scene-0398,b519ec833e23450a8bd3340b67f2516b,fe858c960d1f48638a1f4fad5b1b85e1,9733a0a4c74f4350a48c03193785d66d,1535731420797153,False,34688,33061,0.35430598422496573,19072,0.022993827160493828,1.7334836409395973,33021,0.4127625,5118,3.19875,6.451934349355217,16735,0.37354910714285716,29,6.694009716641922
scene-0398,b519ec833e23450a8bd3340b67f2516b,141cfcf34916402992b58126ef481159,9733a0a4c74f4350a48c03193785d66d,1535731420846900,False,34688,33059,0.35428455075445814,18983,0.02288652584876543,1.7415055576041722,33022,0.412775,5085,3.178125,6.494001966568338,16137,0.36020089285714285,29,6.698338924882581
scene-0398,b519ec833e23450a8bd3340b67f2516b,7eafd983a650445c8c6ebc14212d1a81,9733a0a4c74f4350a48c03193785d66d,1535731420897221,True,34656,33026,0.35393089849108367,18947,0.022843123070987653,1.7430727819707605,32979,0.4122375,5046,3.15375,6.535671819262783,19275,0.4302455357142857,29,6.699102483657292
scene-0398,b519ec833e23450a8bd3340b67f2516b,d5a17059c65c4f068fa2ea9ffe5d8e5f,000bc348ae6541abac85e51b266039b5,1535731420946996,False,34688,33037,0.3540487825788752,18889,0.02277319637345679,1.7490073587802424,32991,0.4123875,5056,3.16,6.5251186708860756,19220,0.4290178571428571,28,7.7363324388520995
scene-0398,b519ec833e23450a8bd3340b67f2516b,d23c4c2c74d3413faf39545543c3c83c,000bc348ae6541abac85e51b266039b5,1535731420996766,False,34688,33021,0.3538773148148148,18857,0.02273461612654321,1.751126902476534,32982,0.412275,5056,3.16,6.523338607594937,16133,0.3601116071428571,28,7.734211140594461
scene-0398,b519ec833e23450a8bd3340b67f2516b,6e78d6705c4a413d98dc4053a3eb5335,000bc348ae6541abac85e51b266039b5,1535731421047072,False,34656,32998,0.35363082990397804,18801,0.022667100694444445,1.755119408542099,32953,0.4119125,5032,3.145,6.548688394276629,16229,0.3622544642857143,28,7.732520574366944
scene-0398,b519ec833e23450a8bd3340b67f2516b,e949400a650d4f63bab9d9c4a05a732d,000bc348ae6541abac85e51b266039b5,1535731421096842,False,34688,33027,0.35394161522633744,18800,0.022665895061728395,1.7567553191489362,32987,0.4123375,5048,3.155,6.5346671949286845,19219,0.4289955357142857,28,7.731303796442302
scene-0398,b519ec833e23450a8bd3340b67f2516b,3cd3bfa02e7647e59aec458d55ea69da,000bc348ae6541abac85e51b266039b5,1535731421146607,False,34688,33014,0.3538022976680384,18764,0.022622492283950617,1.7594329567256448,32975,0.4121875,4964,3.1025,6.642828364222401,19287,0.43051339285714285,28,7.730548055401833
scene-0398,b519ec833e23450a8bd3340b67f2516b,06708aa1ed6c42e0bde1dbb4294b0c83,000bc348ae6541abac85e51b266039b5,1535731421196926,False,34656,32995,0.35359867969821673,18716,0.022564621913580246,1.7629301132720667,32956,0.41195,4998,3.12375,6.593837535014005,19297,0.43073660714285716,28,7.7302608873068674
scene-0398,b519ec833e23450a8bd3340b67f2516b,5901e538469248098c926326e374b448,000bc348ae6541abac85e51b266039b5,1535731421246695,False,34688,33018,0.3538451646090535,18774,0.02263454861111111,1.7587088526685841,32980,0.41225,4998,3.12375,6.598639455782313,19345,0.4318080357142857,28,7.728042903499221
scene-0398,b519ec833e23450a8bd3340b67f2516b,2c42b8d18f1a417e8572ef9dd168dea1,000bc348ae6541abac85e51b266039b5,1535731421296490,False,34688,33003,0.35368441358024694,18793,0.02265745563271605,1.7561326025647848,32965,0.4120625,4984,3.115,6.61416532905297,19340,0.4316964285714286,28,7.725410881263969
scene-0398,b519ec833e23450a8bd3340b67f2516b,2dd4e809b21440acb26d92e9a7a9a5df,000bc348ae6541abac85e51b266039b5,1535731421346799,False,34688,33000,0.3536522633744856,18790,0.022653838734567902,1.7562533262373603,32963,0.4120375,4958,3.09875,6.648446954417103,19313,0.43109375,28,7.7231789968780316
scene-0398,b519ec833e23450a8bd3340b67f2516b,f5b8dc41464d4b51bbc989c17f056495,000bc348ae6541abac85e51b266039b5,1535731421396558,True,34688,32969,0.35332004458161864,18752,0.022608024691358024,1.7581591296928327,32929,0.4116125,4957,3.098125,6.6429291910429695,19246,0.42959821428571426,28,7.721407464233665
scene-0434,e0a212aafd574781b122a6ba66599a1e,5ed6ea54009146c5aaef04af28e7a3ad,a1a5807c41e1433dbd6d6f5ca2345db6,1538985540297552,True,34720,31827,0.3410815329218107,16446,0.019827835648148148,1.9352426121853339,31726,0.396575,5679,3.549375,5.586546927275929,12658,0.28254464285714287,3,24.992141627171886
scene-0434,e0a212aafd574781b122a6ba66599a1e,3e04fb1c9b5243de8f40585035c48caa,bece4e7c250d4553b7224e2f2bba9731,1538985540347329,False,34720,31850,0.34132801783264743,16295,0.019645785108024692,1.9545872967167843,31754,0.396925,5681,3.550625,5.589508889280056,12613,0.28154017857142855,2,40.473665560278356
scene-0434,e0a212aafd574781b122a6ba66599a1e,14e2428c24434ac1b64e1401e1d3d10d,bece4e7c250d4553b7224e2f2bba9731,1538985540397639,False,34720,31838,0.3411994170096022,16284,0.01963252314814815,1.9551707197248833,31763,0.3970375,5642,3.52625,5.62974122651542,16306,0.3639732142857143,2,40.04597299016596
scene-0434,e0a212aafd574781b122a6ba66599a1e,9a53d0f0a2e74ddaabe50d3ce613972f,bece4e7c250d4553b7224e2f2bba9731,1538985540447429,False,34688,31825,0.34106009945130317,16276,0.019622878086419753,1.9553330056524945,31758,0.396975,5658,3.53625,5.612937433722164,14834,0.3311160714285714,2,39.62277994833507
scene-0434,e0a212aafd574781b122a6ba66599a1e,5994aaf9d65444d6b5096236328cf86d,bece4e7c250d4553b7224e2f2bba9731,1538985540497753,False,34720,31868,0.3415209190672154,16253,0.019595148533950616,1.9607457084845874,31807,0.3975875,5669,3.543125,5.610689715999294,12602,0.28129464285714284,2,39.19513053573455
scene-0434,e0a212aafd574781b122a6ba66599a1e,59cdc84dc114463b9cf9b370ae815a5c,bece4e7c250d4553b7224e2f2bba9731,1538985540547510,False,34720,31800,0.34079218106995884,16237,0.019575858410493828,1.9584898688181314,31757,0.3969625,5657,3.535625,5.613752872547287,12576,0.2807142857142857,2,38.77238355838161
scene-0434,e0a212aafd574781b122a6ba66599a1e,146f661146e048e3a440c0ad9c5deb9d,bece4e7c250d4553b7224e2f2bba9731,1538985540597293,False,34720,31847,0.34129586762688613,16166,0.01949025848765432,1.9699987628355808,31807,0.3975875,5656,3.535,5.623585572842998,12615,0.28158482142857144,2,38.34950216077306
scene-0434,e0a212aafd574781b122a6ba66599a1e,aad1b19496334efdb7de085108eb0863,bece4e7c250d4553b7224e2f2bba9731,1538985540647625,False,34752,31880,0.34164951989026066,16084,0.01939139660493827,1.9820940064660533,31839,0.3979875,5651,3.531875,5.63422403114493,16382,0.3656696428571429,2,37.92204817873381
scene-0434,e0a212aafd574781b122a6ba66599a1e,88937f9764dc40ce9dd059c3c2ea7573,bece4e7c250d4553b7224e2f2bba9731,1538985540697367,False,34752,31941,0.34230324074074076,16173,0.019498697916666665,1.974958263772955,31903,0.3987875,5657,3.535625,5.639561605091037,16424,0.36660714285714285,2,37.4996977206559
scene-0434,e0a212aafd574781b122a6ba66599a1e,f02b775bc7e14be4948e2f0591cbaee1,bece4e7c250d4553b7224e2f2bba9731,1538985540747670,False,34720,31927,0.34215320644718794,16198,0.019528838734567903,1.9710458081244597,31883,0.3985375,5681,3.550625,5.612216159126914,16351,0.3649776785714286,2,37.07268100187935
scene-0434,e0a212aafd574781b122a6ba66599a1e,f1be79f4cf6a4d5a92974643e47e850f,bece4e7c250d4553b7224e2f2bba9731,1538985540797461,True,34752,31990,0.3428283607681756,16202,0.019533661265432097,1.9744475990618442,31949,0.3993625,5601,3.500625,5.704159971433673,16390,0.3658482142857143,2,36.65011008169014
scene-0434,e0a212aafd574781b122a6ba66599a1e,71a4b221325849099ab6c1fc7bc4c077,3a0ffcfc84514cb491bfb2591b5dba79,1538985540847757,False,34720,31965,0.34256044238683125,16097,0.019407069830246912,1.9857737466608685,31923,0.3990375,5635,3.521875,5.665128660159716,16412,0.3663392857142857,2,36.232329577514065
scene-0434,e0a212aafd574781b122a6ba66599a1e,c09d68ec10c24c37b4edf4b5aa88e65a,3a0ffcfc84514cb491bfb2591b5dba79,1538985540897528,False,34720,31968,0.3425925925925926,16076,0.019381751543209876,1.9885543667579,31922,0.399025,5602,3.50125,5.6983220278471975,16384,0.3657142857142857,2,35.81899350650761
scene-0434,e0a212aafd574781b122a6ba66599a1e,39b19bccc2e642c484b5315320cea2da,3a0ffcfc84514cb491bfb2591b5dba79,1538985540947867,False,34720,31982,0.34274262688614543,16110,0.019422743055555556,1.9852265673494724,31929,0.3991125,5600,3.5,5.701607142857143,16394,0.3659375,2,35.40102786058714
scene-0434,e0a212aafd574781b122a6ba66599a1e,c9d05ce7cc71417e959c0e125d90d92d,3a0ffcfc84514cb491bfb2591b5dba79,1538985540997595,False,34720,31990,0.3428283607681756,16080,0.019386574074074073,1.9894278606965174,31914,0.398925,5585,3.490625,5.714234556848702,15845,0.3536830357142857,2,34.98822485979092
scene-0434,e0a212aafd574781b122a6ba66599a1e,784298ac16ac4a0c9e20cbf77a89886b,3a0ffcfc84514cb491bfb2591b5dba79,1538985541047375,False,34720,32040,0.3433641975308642,16094,0.019403452932098764,1.9908040263452218,31941,0.3992625,5572,3.4825,5.732412060301508,16402,0.36611607142857144,2,34.5750824949137
scene-0434,e0a212aafd574781b122a6ba66599a1e,4b3135cf4d484ad7ac3ee77edb6f99ae,3a0ffcfc84514cb491bfb2591b5dba79,1538985541097704,False,34720,32048,0.34344993141289437,16104,0.01941550925925926,1.9900645802285146,31938,0.399225,5554,3.47125,5.75045012603529,12460,0.278125,2,34.15748107761184
scene-0434,e0a212aafd574781b122a6ba66599a1e,e1310e874fa94a3d98682ab79344070e,3a0ffcfc84514cb491bfb2591b5dba79,1538985541147458,False,34720,32068,0.3436642661179698,16092,0.019401041666666667,1.992791449167288,31961,0.3995125,5547,3.466875,5.761853254011177,12454,0.27799107142857143,2,33.744750388889585
scene-0434,e0a212aafd574781b122a6ba66599a1e,d0300da434c2472c8c59061801622523,3a0ffcfc84514cb491bfb2591b5dba79,1538985541197799,False,34720,32094,0.3439429012345679,16134,0.01945167824074074,1.9892153216809223,31990,0.399875,5508,3.4425,5.807915758896151,16406,0.3662053571428571,2,33.3272549560465
scene-0434,e0a212aafd574781b122a6ba66599a1e,1a28bc45988940e1b7c3a42d91385ddd,3a0ffcfc84514cb491bfb2591b5dba79,1538985541247555,False,34720,32096,0.3439643347050754,16183,0.01951075424382716,1.9833158252487177,31995,0.3999375,5530,3.45625,5.785714285714286,14687,0.32783482142857145,2,32.914718495449804
scene-0434,e0a212aafd574781b122a6ba66599a1e,a0faaa817c9b447b8dc15e069bdbb290,3a0ffcfc84514cb491bfb2591b5dba79,1538985541297854,True,34752,32161,0.34466092249657065,16162,0.019485435956790125,1.989914614527905,32071,0.4008875,5535,3.459375,5.794218608852756,12424,0.27732142857142855,2,32.49779257118872
scene-0434,e0a212aafd574781b122a6ba66599a1e,0b96dec957e44ac482df064dfc675217,6fdbde7387634d6fa2174ec86ab5f132,1538985541347628,False,34752,32188,0.3449502743484225,16201,0.01953245563271605,1.9867909388309364,32109,0.4013625,5533,3.458125,5.8031809145129225,12393,0.2766294642857143,2,32.08698198370504
scene-0434,e0a212aafd574781b122a6ba66599a1e,6b2f4bef757c4f90a7464dc65b96af29,6fdbde7387634d6fa2174ec86ab5f132,1538985541397954,False,34784,32193,0.34500385802469136,16131,0.019448061342592592,1.995722521852334,32117,0.4014625,5480,3.425,5.860766423357664,12407,0.27694196428571427,2,31.671733207108833
scene-0434,e0a212aafd574781b122a6ba66599a1e,a5d360739d9b4c3d9ffb4e25a10c97af,6fdbde7387634d6fa2174ec86ab5f132,1538985541447732,False,34784,32240,0.34550754458161864,16220,0.019555362654320986,1.9876695437731196,32171,0.4021375,5511,3.444375,5.837597532208311,12375,0.27622767857142855,2,31.261127158729813
scene-0434,e0a212aafd574781b122a6ba66599a1e,48d5ac0e7dff4a0c98d8a52dd9ae2233,6fdbde7387634d6fa2174ec86ab5f132,1538985541498040,False,34784,32214,0.34522890946502055,16195,0.019525221836419752,1.9891324482865083,32172,0.40215,5466,3.41625,5.885839736553238,12386,0.2764732142857143,2,30.84627654644721
scene-0434,e0a212aafd574781b122a6ba66599a1e,956492e5da734bad9a8cfb06b600378a,6fdbde7387634d6fa2174ec86ab5f132,1538985541547802,False,34752,32182,0.34488597393689985,16206,0.019538483796296295,1.985807725533753,32144,0.4018,5510,3.44375,5.833756805807623,12417,0.2771651785714286,2,30.436059347806555
scene-0434,e0a212aafd574781b122a6ba66599a1e,1b2a839e7a7b4e04931eb73c5d7f1c69,6fdbde7387634d6fa2174ec86ab5f132,1538985541598116,False,34784,32188,0.3449502743484225,16092,0.019401041666666667,2.0002485707183695,32182,0.402275,5468,3.4175,5.885515727871251,12395,0.2766741071428571,2,30.021429600938955
scene-0434,e0a212aafd574781b122a6ba66599a1e,0bda138620234bcc818df90754d33ac3,6fdbde7387634d6fa2174ec86ab5f132,1538985541647892,False,34752,32207,0.34515389231824417,16108,0.019420331790123455,1.999441271417929,32201,0.4025125,5460,3.4125,5.897619047619048,12425,0.27734375,2,29.61137557223224
scene-0434,e0a212aafd574781b122a6ba66599a1e,25d02f187a51436ba3122db5b69d6eeb,6fdbde7387634d6fa2174ec86ab5f132,1538985541698255,False,34752,32248,0.34559327846364885,16252,0.01959394290123457,1.9842480925424564,32241,0.4030125,5471,3.419375,5.893072564430634,16457,0.36734375,2,29.19663584528568
scene-0434,e0a212aafd574781b122a6ba66599a1e,75e3748281194eaf96cbffc8e4820790,6fdbde7387634d6fa2174ec86ab5f132,1538985541747967,False,34752,32246,0.3455718449931413,16257,0.019599971064814814,1.9835147936273605,32240,0.403,5486,3.42875,5.876777251184834,16387,0.36578125,2,28.787411418077074
scene-0434,e0a212aafd574781b122a6ba66599a1e,c1296ad9ed0241c2b5e015ce4f3fd924,6fdbde7387634d6fa2174ec86ab5f132,1538985541798302,True,34720,32243,0.34553969478737995,16338,0.019697627314814815,1.9734973680989105,32238,0.402975,5452,3.4075,5.913059427732942,12482,0.2786160714285714,2,28.373221530168273
scene-0434,e0a212aafd574781b122a6ba66599a1e,17cd8040ae904efbaf5153e41233384f,6753f9332588441eb637838b716531ca,1538985541848065,False,34752,32329,0.34646133401920437,16366,0.019731385030864197,1.9753757790541366,32322,0.404025,5470,3.41875,5.908957952468008,12528,0.27964285714285714,2,27.974767033856537
scene-0434,e0a212aafd574781b122a6ba66599a1e,9d92a2ac42f34e3ca12fd15db3f2a8ae,6753f9332588441eb637838b716531ca,1538985541898384,False,34720,32332,0.34649348422496573,16337,0.019696421682098765,1.9790659239762503,32321,0.4040125,5466,3.41625,5.913099158433956,12523,0.27953125,2,27.571985520297712
scene-0434,e0a212aafd574781b122a6ba66599a1e,ac197c01f355418b8fe4bba8eae9df74,6753f9332588441eb637838b716531ca,1538985541948171,False,34752,32395,0.34716863854595337,16380,0.019748263888888888,1.9777167277167278,32381,0.4047625,5446,3.40375,5.945831803158281,12528,0.27964285714285714,2,27.1735914981868
scene-0434,e0a212aafd574781b122a6ba66599a1e,4b00aec32f094870941b856d26a7602d,6753f9332588441eb637838b716531ca,1538985541998476,False,34720,32417,0.34740440672153633,16416,0.019791666666666666,1.9747197855750487,32403,0.4050375,5465,3.415625,5.929185727355901,14205,0.3170758928571429,2,26.771188707798704
scene-0434,e0a212aafd574781b122a6ba66599a1e,1bcaa5565af0485cad6235dc6835425a,6753f9332588441eb637838b716531ca,1538985542048226,False,34720,32429,0.3475330075445816,16531,0.019930314429012344,1.9617083056076463,32413,0.4051625,5420,3.3875,5.980258302583026,12569,0.2805580357142857,2,26.37336632725424
scene-0434,e0a212aafd574781b122a6ba66599a1e,cad6f70176594b65a46b1525adf8b34d,6753f9332588441eb637838b716531ca,1538985542097995,False,34720,32419,0.3474258401920439,16571,0.01997853973765432,1.9563695612817573,32407,0.4050875,5384,3.365,6.019130757800892,12627,0.2818526785714286,2,25.975538596689894
scene-0434,e0a212aafd574781b122a6ba66599a1e,77f16bd0fe7847baa23a430e3461f55b,6753f9332588441eb637838b716531ca,1538985542148332,False,34752,32473,0.3480045438957476,16613,0.020029176311728396,1.9546740504424247,32463,0.4057875,5393,3.370625,6.019469682922307,12649,0.28234375,2,25.573326681753638
scene-0434,e0a212aafd574781b122a6ba66599a1e,8d9f8a011b18455aabd0299ea3f028d9,6753f9332588441eb637838b716531ca,1538985542198079,False,34752,32446,0.3477151920438957,16489,0.01987967785493827,1.9677360664685548,32428,0.40535,5337,3.335625,6.076072700018737,12633,0.2819866071428571,2,25.17599068021895
scene-0434,e0a212aafd574781b122a6ba66599a1e,466f730c77f945099cb39d7b43c2b463,6753f9332588441eb637838b716531ca,1538985542248400,False,34720,32444,0.3476937585733882,16571,0.01997853973765432,1.9578782209884737,32421,0.4052625,5345,3.340625,6.0656688493919555,12693,0.2833258928571429,2,24.774241413448596
scene-0434,e0a212aafd574781b122a6ba66599a1e,1263e4c0c79a4eeab6078117faa501d8,6753f9332588441eb637838b716531ca,1538985542298183,True,34752,32513,0.3484332133058985,16529,0.019927903163580247,1.9670276483755824,32493,0.4061625,5293,3.308125,6.1388626487814095,12772,0.2850892857142857,2,24.376965295130567
scene-0434,e0a212aafd574781b122a6ba66599a1e,0505a12f2b5048029b0870cdc3553281,3c894715d87c4fef9982c0066ebfb736,1538985542348487,False,34720,32453,0.34779020919067216,16576,0.019984567901234568,1.9578305984555984,32432,0.4054,5300,3.3125,6.119245283018868,16695,0.37265625,2,24.02031655033097
scene-0434,e0a212aafd574781b122a6ba66599a1e,eefac7b4e5c8425489eaa828fe5b78d9,3c894715d87c4fef9982c0066ebfb736,1538985542398270,False,34720,32447,0.3477259087791495,16683,0.02011357060185185,1.9449139842953904,32422,0.405275,5242,3.27625,6.18504387638306,16711,0.37301339285714286,2,23.667536336936738
scene-0434,e0a212aafd574781b122a6ba66599a1e,07b36cc635724105b826c20887dc20d8,3c894715d87c4fef9982c0066ebfb736,1538985542448587,False,34752,32531,0.3486261145404664,16630,0.020049672067901234,1.9561635598316296,32501,0.4062625,5241,3.275625,6.201297462316352,16757,0.37404017857142857,2,23.3111566893917
scene-0434,e0a212aafd574781b122a6ba66599a1e,dcb198c048fd4032812f88fd87bf069b,3c894715d87c4fef9982c0066ebfb736,1538985542498348,False,34688,32500,0.34829389574759945,16625,0.020043643904320986,1.9548872180451127,32466,0.405825,5265,3.290625,6.166381766381766,16744,0.37375,2,22.958906059356483
scene-0434,e0a212aafd574781b122a6ba66599a1e,c0d7f1ae6aba485c975f15e351f4dd42,3c894715d87c4fef9982c0066ebfb736,1538985542548105,False,34720,32546,0.34878686556927296,16691,0.020123215663580246,1.949913126834821,32516,0.40645,5207,3.254375,6.244670635682735,12785,0.2853794642857143,2,22.60688261542647
scene-0434,e0a212aafd574781b122a6ba66599a1e,08d4ac4647894be5a91473b0d14f186d,3c894715d87c4fef9982c0066ebfb736,1538985542598422,False,34720,32559,0.348926183127572,16649,0.020072579089506173,1.9556129497267103,32525,0.4065625,5156,3.2225,6.308184639255237,12732,0.28419642857142857,2,22.25110912102883
scene-0434,e0a212aafd574781b122a6ba66599a1e,e09a0d1a121f40fe84bf901d6a1a0adb,3c894715d87c4fef9982c0066ebfb736,1538985542648191,False,34720,32549,0.34881901577503427,16598,0.020011091820987655,1.9610193999277021,32511,0.4063875,5154,3.22125,6.307916181606519,12708,0.28366071428571427,2,21.89943006280738
scene-0434,e0a212aafd574781b122a6ba66599a1e,691c144473194e0caeec99f862e80ce8,3c894715d87c4fef9982c0066ebfb736,1538985542698509,False,34688,32553,0.3488618827160494,16660,0.020085841049382717,1.9539615846338536,32518,0.406475,5230,3.26875,6.217590822179733,12746,0.28450892857142857,2,21.54410475509662
scene-0434,e0a212aafd574781b122a6ba66599a1e,e800422fa30c47298024af9f648d9a4d,3c894715d87c4fef9982c0066ebfb736,1538985542748283,False,34720,32652,0.34992283950617287,16794,0.020247395833333334,1.9442658092175777,32619,0.4077375,5231,3.269375,6.2357101892563565,12790,0.28549107142857144,2,21.192863070227244
scene-0434,e0a212aafd574781b122a6ba66599a1e,a7c59d04d28546c5afcc126edb80e73a,3c894715d87c4fef9982c0066ebfb736,1538985542798059,True,34688,32586,0.34921553497942387,16794,0.020247395833333334,1.9403358342265096,32549,0.4068625,5191,3.244375,6.270275476786746,12918,0.2883482142857143,2,20.84186030564441
scene-0434,e0a212aafd574781b122a6ba66599a1e,5794381c78c44acdaf5724e9db788b3e,9c47aa77c66b473bafac7bd613698bd4,1538985542848359,False,34720,32640,0.3497942386831276,16826,0.020285976080246914,1.9398549863306787,32595,0.4074375,5185,3.240625,6.286403085824494,16139,0.3602455357142857,2,20.484694528223173
scene-0434,e0a212aafd574781b122a6ba66599a1e,15f5c706466b41b8b7f632cbe82cc401,9c47aa77c66b473bafac7bd613698bd4,1538985542898142,False,34688,32631,0.3496977880658436,16841,0.020304060570987655,1.9375927795261565,32591,0.4073875,5217,3.260625,6.2470768640981404,16145,0.36037946428571427,2,20.13142064243705
scene-0434,e0a212aafd574781b122a6ba66599a1e,6111a5cc600b4620b6e19fbdcc3a52f9,9c47aa77c66b473bafac7bd613698bd4,1538985542947900,False,34688,32611,0.3494834533607682,16833,0.02029441550925926,1.937325491593893,32567,0.4070875,5178,3.23625,6.289494013132484,13656,0.3048214285714286,2,19.778555482771896
scene-0434,e0a212aafd574781b122a6ba66599a1e,a86074056064482d907ffb010507475b,9c47aa77c66b473bafac7bd613698bd4,1538985542998238,False,34720,32634,0.3497299382716049,16848,0.0203125,1.936965811965812,32585,0.4073125,5198,3.24875,6.268757214313197,16823,0.37551339285714286,2,19.421825378210446
scene-0434,e0a212aafd574781b122a6ba66599a1e,fd91e487a2c145d1932f76d427435778,9c47aa77c66b473bafac7bd613698bd4,1538985543047978,False,34720,32662,0.35003000685871055,16972,0.020461998456790125,1.9244638227669102,32609,0.4076125,5208,3.255,6.261328725038402,16832,0.3757142857142857,2,19.069591977498032
scene-0434,e0a212aafd574781b122a6ba66599a1e,0395b394c48746a4899253e023d5b403,9c47aa77c66b473bafac7bd613698bd4,1538985543098326,False,34720,32627,0.34965492112482854,16882,0.020353491512345678,1.9326501599336572,32572,0.40715,5174,3.23375,6.295322767684577,12897,0.28787946428571426,2,18.713329996762475
scene-0434,e0a212aafd574781b122a6ba66599a1e,53bc209f95694daaa7fb70e9a08f4ac8,9c47aa77c66b473bafac7bd613698bd4,1538985543148069,False,34720,32648,0.34987997256515774,16911,0.02038845486111111,1.9305777304712908,32589,0.4073625,5200,3.25,6.267115384615384,12916,0.28830357142857144,2,18.361638437864716
scene-0434,e0a212aafd574781b122a6ba66599a1e,5aecd89dde344939ab80a06a70a1658e,9c47aa77c66b473bafac7bd613698bd4,1538985543198396,False,34720,32617,0.3495477537722908,16887,0.020359519675925926,1.9314857582755967,32550,0.406875,5173,3.233125,6.292286874154263,12858,0.28700892857142857,2,18.006127975306732
scene-0434,e0a212aafd574781b122a6ba66599a1e,d5ec5e39f3f54218b8a6e1abd34b7188,9c47aa77c66b473bafac7bd613698bd4,1538985543248173,False,34720,32633,0.34971922153635115,16874,0.020343846450617285,1.9339220101931967,32577,0.4072125,5155,3.221875,6.319495635305529,12875,0.28738839285714285,2,17.654827904996488
scene-0434,e0a212aafd574781b122a6ba66599a1e,7c0650761a4f4acd8dcdb71a8f0f233b,9c47aa77c66b473bafac7bd613698bd4,1538985543297927,True,34752,32665,0.35006215706447186,16893,0.02036675347222222,1.933641153140354,32612,0.40765,5195,3.246875,6.277574590952839,12898,0.2879017857142857,2,17.30403308480421
scene-0434,e0a212aafd574781b122a6ba66599a1e,f727c5c2b2f9497087f7dc2b4dc0d17f,c90d824e5d2f47bf8e4daf930b2935c7,1538985543348236,False,34752,32660,0.350008573388203,16870,0.020339023919753087,1.935981031416716,32602,0.407525,5189,3.243125,6.282906147619966,12861,0.28707589285714286,2,16.986055632197882
scene-0434,e0a212aafd574781b122a6ba66599a1e,af832963541f42b9adfd55a75a37f7f4,c90d824e5d2f47bf8e4daf930b2935c7,1538985543398006,False,34720,32646,0.3498585390946502,16908,0.020384837962962962,1.9308019872249822,32594,0.407425,5238,3.27375,6.222604047346316,12879,0.2874776785714286,2,16.6718621165265
scene-0434,e0a212aafd574781b122a6ba66599a1e,985ceaf8bf154ef285219de221be0ad4,c90d824e5d2f47bf8e4daf930b2935c7,1538985543448326,False,34720,32617,0.3495477537722908,16917,0.02039568865740741,1.9280605308269787,32567,0.4070875,5202,3.25125,6.260476739715494,12887,0.28765625,2,16.35460004657179
scene-0434,e0a212aafd574781b122a6ba66599a1e,28168571eb1446b09ad9f12051c9b3b6,c90d824e5d2f47bf8e4daf930b2935c7,1538985543498093,False,34720,32652,0.34992283950617287,16955,0.020441502700617283,1.9258035977587733,32601,0.4075125,5190,3.24375,6.28150289017341,12895,0.2878348214285714,2,16.041247187120423
scene-0434,e0a212aafd574781b122a6ba66599a1e,65e3b8e2e9f94b6f824aa4537ea2f6ae,c90d824e5d2f47bf8e4daf930b2935c7,1538985543548414,False,34720,32672,0.3501371742112483,16876,0.020346257716049383,1.9360037923678597,32623,0.4077875,5273,3.295625,6.186800682723307,12883,0.28756696428571427,2,15.724859172935627
scene-0434,e0a212aafd574781b122a6ba66599a1e,683003d35079417ea04a59f49f680647,c90d824e5d2f47bf8e4daf930b2935c7,1538985543598176,False,34720,32699,0.35042652606310015,16952,0.020437885802469136,1.9289169419537517,32650,0.408125,5242,3.27625,6.228538725677223,13627,0.30417410714285714,2,15.412461193504049
scene-0434,e0a212aafd574781b122a6ba66599a1e,371cbcb7e37a4ad48cf761a87374dd41,c90d824e5d2f47bf8e4daf930b2935c7,1538985543647943,False,34688,32707,0.3505122599451303,16877,0.020347463348765433,1.9379629080997807,32658,0.408225,5246,3.27875,6.225314525352649,16827,0.3756026785714286,2,15.100534076273302
scene-0434,e0a212aafd574781b122a6ba66599a1e,89a3ca804fc64ea49cc85a53b82bda35,c90d824e5d2f47bf8e4daf930b2935c7,1538985543698258,True,34720,32771,0.35119813100137176,16916,0.020394483024691358,1.9372783163868528,32723,0.4090375,5268,3.2925,6.211655277145026,16895,0.3771205357142857,2,14.785715268460978
scene-0434,e0a212aafd574781b122a6ba66599a1e,08a53fbd6cfd40818d7eb2d26d14a1cf,71b97a463fbd447c8d22885fb7fb15e3,1538985543748031,False,34688,32755,0.3510266632373114,16925,0.020405333719135804,1.9353028064992615,32715,0.4089375,5261,3.288125,6.218399543812963,16870,0.3765625,2,14.489172258799432
scene-0434,e0a212aafd574781b122a6ba66599a1e,efc54975786c463fac0335b2388c3257,71b97a463fbd447c8d22885fb7fb15e3,1538985543798361,False,34720,32804,0.35155178326474623,16902,0.020377604166666667,1.94083540409419,32766,0.409575,5274,3.29625,6.212741751990899,16909,0.3774330357142857,2,14.189718056665603
scene-0434,e0a212aafd574781b122a6ba66599a1e,c373cd2e60da4ea9a5aa1e898fc323be,71b97a463fbd447c8d22885fb7fb15e3,1538985543848113,False,34688,32762,0.3511016803840878,16964,0.02045235339506173,1.9312662107993397,32731,0.4091375,5256,3.285,6.227359208523592,12949,0.28904017857142855,2,13.8941312834874
scene-0434,e0a212aafd574781b122a6ba66599a1e,c372ef905db747ad92aa767e3ce006e4,71b97a463fbd447c8d22885fb7fb15e3,1538985543897876,False,34688,32746,0.35093021262002744,16950,0.02043547453703704,1.9319174041297935,32717,0.4089625,5282,3.30125,6.194055282090117,12940,0.2888392857142857,2,13.598933154878171
scene-0434,e0a212aafd574781b122a6ba66599a1e,073a28d144cf45f6bcd15c355886cfe1,71b97a463fbd447c8d22885fb7fb15e3,1538985543948205,False,34688,32720,0.35065157750342935,16955,0.020441502700617283,1.9298142140961367,32698,0.408725,5228,3.2675,6.254399387911247,12969,0.2894866071428571,2,13.300870155666994
scene-0434,e0a212aafd574781b122a6ba66599a1e,603dee4b54fd412aa0192b7d547c214a,71b97a463fbd447c8d22885fb7fb15e3,1538985543997990,False,34688,32710,0.3505444101508916,17021,0.020521074459876543,1.9217437283355854,32680,0.4085,5230,3.26875,6.248565965583174,13043,0.2911383928571429,2,13.006549618407387
scene-0434,e0a212aafd574781b122a6ba66599a1e,db1f6c5dbb864241868baa2796f4b820,71b97a463fbd447c8d22885fb7fb15e3,1538985544047735,False,34720,32741,0.3508766289437586,17042,0.02054639274691358,1.9211946954582795,32712,0.4089,5191,3.244375,6.301675977653631,13089,0.2921651785714286,2,12.7130188847415
scene-0434,e0a212aafd574781b122a6ba66599a1e,91fd7cd682994ab2901b917043b940d7,71b97a463fbd447c8d22885fb7fb15e3,1538985544098060,False,34688,32690,0.3503300754458162,17042,0.02054639274691358,1.9182020889566953,32659,0.4082375,5190,3.24375,6.292678227360308,13120,0.29285714285714287,2,12.416668640132507
scene-0434,e0a212aafd574781b122a6ba66599a1e,25019c01975c4fed89a3c5df77e52512,71b97a463fbd447c8d22885fb7fb15e3,1538985544147816,False,34688,32672,0.3501371742112483,17005,0.020501784336419752,1.9213172596295207,32644,0.40805,5187,3.241875,6.29342587237324,16976,0.37892857142857145,2,12.124308612286843
scene-0434,e0a212aafd574781b122a6ba66599a1e,45b3982fc3494ffbb786ad4b579862fc,71b97a463fbd447c8d22885fb7fb15e3,1538985544197601,True,34688,32678,0.3502014746227709,17039,0.020542775848765432,1.917835553729679,32646,0.408075,5203,3.251875,6.27445704401307,16956,0.3784821428571429,2,11.832462000784236
scene-0434,e0a212aafd574781b122a6ba66599a1e,15a5f58d19a7485db0f69be9325678f3,cea64cb3c70d48f48ab410006ce122e6,1538985544247928,False,34656,32658,0.3499871399176955,16921,0.020400511188271606,1.9300277761361622,32619,0.4077375,5187,3.241875,6.288606130711394,16978,0.3789732142857143,2,11.558148617241795
scene-0434,e0a212aafd574781b122a6ba66599a1e,5c69c58fd84149448bcb54cf77aadcd9,cea64cb3c70d48f48ab410006ce122e6,1538985544297686,False,34688,32677,0.35019075788751713,17069,0.020578944830246915,1.9144062335227605,32635,0.4079375,5195,3.246875,6.282001924927815,16964,0.3786607142857143,2,11.287799250409288
scene-0434,e0a212aafd574781b122a6ba66599a1e,cc2cbd2ea77244699d57982c57474975,cea64cb3c70d48f48ab410006ce122e6,1538985544347457,False,34688,32690,0.3503300754458162,17076,0.02058738425925926,1.9143827594284375,32636,0.40795,5217,3.260625,6.25570251102166,16930,0.37790178571428573,2,11.018300703555738
scene-0434,e0a212aafd574781b122a6ba66599a1e,5fb5d610b3d145149a8f403ab5d5394b,cea64cb3c70d48f48ab410006ce122e6,1538985544397756,False,34688,32732,0.3507801783264746,17089,0.0206030574845679,1.9153841652525017,32669,0.4083625,5182,3.23875,6.304322655345427,15727,0.35104910714285714,2,10.746950127432385
scene-0434,e0a212aafd574781b122a6ba66599a1e,0777440c47f64055a527c47b7c2cdf3e,cea64cb3c70d48f48ab410006ce122e6,1538985544447533,False,34720,32764,0.3511231138545953,17086,0.020599440586419753,1.9175933512817511,32703,0.4087875,5215,3.259375,6.270949185043145,15282,0.3411160714285714,2,10.479489066695802
scene-0434,e0a212aafd574781b122a6ba66599a1e,13d1ce06fad14cff9ff75021c788d643,cea64cb3c70d48f48ab410006ce122e6,1538985544497293,False,34720,32733,0.3507908950617284,17057,0.02056447723765432,1.9190361728322682,32676,0.40845,5198,3.24875,6.2862639476721816,13300,0.296875,2,10.213270794983721
scene-0434,e0a212aafd574781b122a6ba66599a1e,0dc3832f4f1541a488b7e711ca61d0d9,cea64cb3c70d48f48ab410006ce122e6,1538985544547613,False,34752,32777,0.35126243141289437,17119,0.020639226466049383,1.9146562299199719,32727,0.4090875,5250,3.28125,6.233714285714286,13213,0.2949330357142857,2,9.945321632819311
scene-0434,e0a212aafd574781b122a6ba66599a1e,ff4c5a13c0ef4e9081784b8ac445365e,cea64cb3c70d48f48ab410006ce122e6,1538985544597388,False,34752,32703,0.3504693930041152,17202,0.020739293981481482,1.9011161492849669,32655,0.4081875,5232,3.27,6.241399082568807,13215,0.2949776785714286,2,9.681629323187643
scene-0434,e0a212aafd574781b122a6ba66599a1e,8d3bf184a41c4bc6b1c858d70bb2789e,cea64cb3c70d48f48ab410006ce122e6,1538985544647694,False,34752,32704,0.350480109739369,17180,0.020712770061728395,1.9036088474970896,32647,0.4080875,5204,3.2525,6.273443504996157,13265,0.29609375,2,9.416608824477992
scene-0434,e0a212aafd574781b122a6ba66599a1e,11cd658f499b4be19085ed40ef767c5b,cea64cb3c70d48f48ab410006ce122e6,1538985544697480,True,34784,32735,0.35081232853223593,17121,0.02064163773148148,1.9119794404532446,32676,0.40845,5228,3.2675,6.250191277735271,13283,0.2964955357142857,2,9.155924202394838
scene-0434,e0a212aafd574781b122a6ba66599a1e,179221bc56bd4ebea8fbb9d10f294ce2,a947cd1e2e74443eabecda428171ec76,1538985544747783,False,34784,32736,0.3508230452674897,17224,0.02076581790123457,1.9006038086391082,32664,0.4083,5213,3.258125,6.265873777095722,13322,0.2973660714285714,2,8.897765738553886
scene-0434,e0a212aafd574781b122a6ba66599a1e,446ada62c1e7479d9b433d39fc16696a,a947cd1e2e74443eabecda428171ec76,1538985544798116,False,34784,32706,0.35050154320987653,17205,0.02074291087962963,1.9009590235396687,32628,0.40785,5187,3.241875,6.290341237709659,13283,0.2964955357142857,2,8.641323861034707
scene-0434,e0a212aafd574781b122a6ba66599a1e,b748f8f4b1b44c889633d11935f7c3a9,a947cd1e2e74443eabecda428171ec76,1538985544847867,False,34816,32752,0.35099451303155005,17196,0.020732060185185187,1.9046289834845314,32680,0.4085,5129,3.205625,6.371612400077988,13300,0.296875,2,8.389853928550664
scene-0434,e0a212aafd574781b122a6ba66599a1e,be94767eb7ad48229c6636044cd32daa,a947cd1e2e74443eabecda428171ec76,1538985544898197,False,34784,32738,0.35084447873799723,17106,0.02062355324074074,1.9138314041856659,32662,0.408275,5135,3.209375,6.360662122687439,16904,0.3773214285714286,2,8.137677062191006
scene-0434,e0a212aafd574781b122a6ba66599a1e,f24916d0b22a4d33b125001342d6d779,a947cd1e2e74443eabecda428171ec76,1538985544947967,False,34784,32734,0.35080161179698216,17144,0.020669367283950617,1.9093560429304712,32647,0.4080875,5156,3.2225,6.331846392552366,16921,0.37770089285714287,2,7.89071033938548
scene-0434,e0a212aafd574781b122a6ba66599a1e,7f7270c4365143beabd44637cef66767,a947cd1e2e74443eabecda428171ec76,1538985544998286,False,34784,32725,0.35070516117969824,17181,0.020713975694444445,1.9047203305977534,32631,0.4078875,5129,3.205625,6.362058880873465,16904,0.3773214285714286,2,7.643687270418214
scene-0434,e0a212aafd574781b122a6ba66599a1e,1616a28fbb864793b83b61cbaf6d34b3,a947cd1e2e74443eabecda428171ec76,1538985545048611,False,34784,32721,0.3506622942386831,17055,0.020562065972222224,1.9185576077396658,32634,0.407925,5136,3.21,6.353971962616822,16895,0.3771205357142857,2,7.399585472282308
scene-0434,e0a212aafd574781b122a6ba66599a1e,0c8ba905d3e440f586852562b60a61c7,a947cd1e2e74443eabecda428171ec76,1538985545098366,False,34752,32690,0.3503300754458162,16959,0.02044632523148148,1.9275900701692317,32607,0.4075875,5090,3.18125,6.406090373280943,13157,0.2936830357142857,2,7.1614449462844005
scene-0434,e0a212aafd574781b122a6ba66599a1e,78a8a4601fca412f8d614f63c26df030,a947cd1e2e74443eabecda428171ec76,1538985545148713,False,34752,32705,0.35049082647462276,17049,0.020554832175925925,1.9182943281130858,32618,0.407725,5082,3.17625,6.418339236521055,13186,0.29433035714285716,2,6.924042595443488
scene-0434,e0a212aafd574781b122a6ba66599a1e,5d125a0a0f9942f6855c6012517ac631,a947cd1e2e74443eabecda428171ec76,1538985545198472,True,34720,32691,0.35034079218106995,17093,0.0206078800154321,1.9125372959691103,32607,0.4075875,5063,3.164375,6.440252814536836,13129,0.29305803571428574,2,6.6933156208265485
scene-0434,e0a212aafd574781b122a6ba66599a1e,a2f80bf98348464ebd5bd014de73991d,2027bd6fa8394d3895d1f39cf69be2ca,1538985545248757,False,34752,32710,0.3505444101508916,17048,0.020553626543209875,1.918700140778977,32625,0.4078125,5033,3.145625,6.482217365388436,13138,0.29325892857142855,2,6.492358255749605
scene-0434,e0a212aafd574781b122a6ba66599a1e,c2011febb1684da1bc9f13e1de2b0359,2027bd6fa8394d3895d1f39cf69be2ca,1538985545298542,False,34720,32684,0.35026577503429357,17014,0.020512635030864198,1.9210062301633948,32604,0.40755,5058,3.16125,6.446026097271649,13148,0.29348214285714286,2,6.297062020467033
scene-0434,e0a212aafd574781b122a6ba66599a1e,8dc5df7409c74903a2aa9c6d79aee345,2027bd6fa8394d3895d1f39cf69be2ca,1538985545348298,False,34720,32683,0.3502550582990398,17038,0.020541570216049382,1.9182415776499588,32591,0.4073875,5057,3.160625,6.4447300771208225,13140,0.29330357142857144,2,6.105871551648488
scene-0434,e0a212aafd574781b122a6ba66599a1e,263f3f87058c448ebfef141319bab191,2027bd6fa8394d3895d1f39cf69be2ca,1538985545398609,False,34720,32692,0.3503515089163237,17010,0.0205078125,1.921928277483833,32599,0.4074875,5042,3.15125,6.465489884966283,13117,0.2927901785714286,2,5.91700120968815
scene-0434,e0a212aafd574781b122a6ba66599a1e,98034ab5bf2b4382acf05103ff31d1f7,2027bd6fa8394d3895d1f39cf69be2ca,1538985545448389,False,34720,32728,0.35073731138545955,16899,0.02037398726851852,1.9366826439434286,32649,0.4081125,4991,3.119375,6.541574834702464,16938,0.37808035714285715,2,5.734963353329082
scene-0434,e0a212aafd574781b122a6ba66599a1e,98385bf10e4c4ec5a7a8a52bf7fd070b,2027bd6fa8394d3895d1f39cf69be2ca,1538985545499665,False,34720,32729,0.3507480281207133,16968,0.020457175925925927,1.928866100895804,32660,0.40825,4965,3.103125,6.57804632426989,16891,0.37703125,2,5.552989024940629
scene-0434,e0a212aafd574781b122a6ba66599a1e,36bf8ba495fc4006a1511726fd2295f7,2027bd6fa8394d3895d1f39cf69be2ca,1538985545548470,False,34688,32762,0.3511016803840878,17039,0.020542775848765432,1.9227654205058982,32699,0.4087375,4960,3.1,6.592540322580645,16958,0.3785267857142857,2,5.385515999930428
scene-0434,e0a212aafd574781b122a6ba66599a1e,eeedce5a974f4db5b76bac9a37c779ca,2027bd6fa8394d3895d1f39cf69be2ca,1538985545598249,False,34720,32824,0.35176611796982166,17147,0.020672984182098765,1.9142707179098384,32769,0.4096125,4942,3.08875,6.630716309186564,16958,0.3785267857142857,2,5.221026981310626
scene-0434,e0a212aafd574781b122a6ba66599a1e,95854ef4e7014eca83bf41367cdbed29,2027bd6fa8394d3895d1f39cf69be2ca,1538985545648557,False,34720,32848,0.3520233196159122,17140,0.02066454475308642,1.9164527421236872,32799,0.4099875,4907,3.066875,6.684124719788058,16974,0.37888392857142855,2,5.061911655658045
scene-0434,e0a212aafd574781b122a6ba66599a1e,1e64c807b16548ee875bc19d3f67396a,2027bd6fa8394d3895d1f39cf69be2ca,1538985545698314,True,34688,32827,0.351798268175583,17161,0.020689863040123456,1.9128838645766564,32772,0.40965,4831,3.019375,6.783688677292486,13324,0.2974107142857143,2,4.912260681193631
scene-0434,e0a212aafd574781b122a6ba66599a1e,29f59944d3af4f83a8bb6399acded015,9f04a676b7644820968f6bf568a7958f,1538985545748696,False,34720,32875,0.35231267146776407,17095,0.020610291280864196,1.9230769230769231,32823,0.4102875,4849,3.030625,6.769024541142503,13031,0.2908705357142857,2,4.766835518982125
scene-0434,e0a212aafd574781b122a6ba66599a1e,49d6e18580934c77b78981700d4cec97,9f04a676b7644820968f6bf568a7958f,1538985545798407,False,34752,32917,0.3527627743484225,17027,0.02052830825617284,1.9332237035296882,32875,0.4109375,4820,3.0125,6.820539419087137,13033,0.29091517857142857,2,4.633497306857643
scene-0434,e0a212aafd574781b122a6ba66599a1e,98388bcaa422485aa179c0e5dac5e0df,9f04a676b7644820968f6bf568a7958f,1538985545848733,False,34752,32921,0.3528056412894376,17064,0.020572916666666666,1.9292662916080638,32895,0.4111875,4787,2.991875,6.871735951535409,13078,0.29191964285714284,2,4.509698389615253
scene-0434,e0a212aafd574781b122a6ba66599a1e,23987c53a83d44c29ec70fc76228905e,9f04a676b7644820968f6bf568a7958f,1538985545898504,False,34752,33010,0.3537594307270233,16976,0.02046682098765432,1.9445098963242224,32986,0.412325,4780,2.9875,6.900836820083682,13120,0.29285714285714287,2,4.399264438853972
scene-0434,e0a212aafd574781b122a6ba66599a1e,40799e34a91a46ce86576dea3bda7fbf,9f04a676b7644820968f6bf568a7958f,1538985545948809,False,34784,33048,0.3541666666666667,17006,0.020502989969135802,1.943314124426673,33019,0.4127375,4755,2.971875,6.944058885383806,13165,0.29386160714285714,2,4.300712564210908
scene-0434,e0a212aafd574781b122a6ba66599a1e,5e9b0949efe44d699d888602adea420a,9f04a676b7644820968f6bf568a7958f,1538985545998573,False,34784,33094,0.3546596364883402,17013,0.020511429398148148,1.945218362428731,33073,0.4134125,4711,2.944375,7.020377839099979,17119,0.3821205357142857,2,4.217045909684874
scene-0434,e0a212aafd574781b122a6ba66599a1e,7e5b3e72014443519eb480a9b62329c4,9f04a676b7644820968f6bf568a7958f,1538985546048894,False,34752,33084,0.35455246913580246,17122,0.02064284336419753,1.932250905268076,33060,0.41325,4714,2.94625,7.013152312261349,13252,0.29580357142857144,2,4.147277656321554
scene-0434,e0a212aafd574781b122a6ba66599a1e,e963dedeb9534cf7a305df0fc029bfd5,9f04a676b7644820968f6bf568a7958f,1538985546098669,False,34752,33075,0.35445601851851855,17084,0.020597029320987656,1.9360220088972138,33051,0.4131375,4679,2.924375,7.063688822397948,13207,0.2947991071428571,2,4.0936868459216935
scene-0434,e0a212aafd574781b122a6ba66599a1e,895fedfa2ebb4965bdf012b6e8f754ef,9f04a676b7644820968f6bf568a7958f,1538985546149000,False,34752,33081,0.35452031893004116,17033,0.020535542052469137,1.942171079668878,33051,0.4131375,4690,2.93125,7.047121535181237,16177,0.36109375,2,4.055714425332372
scene-0434,e0a212aafd574781b122a6ba66599a1e,1169957ea30f4190b2047ecc08c36370,9f04a676b7644820968f6bf568a7958f,1538985546198767,True,34752,33078,0.35448816872427985,17061,0.02056929976851852,1.9388078072797608,33056,0.4132,4672,2.92,7.075342465753424,17143,0.38265625,2,4.03465091426766
scene-0434,e0a212aafd574781b122a6ba66599a1e,9038b3936502424caab7f28c901124ce,94c131d82a424cd0a8c6d199db24bd0f,1538985546249088,False,34720,33056,0.35425240054869683,17109,0.02062717013888889,1.9320825296627506,33038,0.412975,4597,2.873125,7.186860996301936,17182,0.3835267857142857,1,
scene-0434,e0a212aafd574781b122a6ba66599a1e,2030e63a7eb24704929a73ef5ccc41b5,94c131d82a424cd0a8c6d199db24bd0f,1538985546298832,False,34720,33124,0.35498113854595337,17087,0.020600646219135803,1.938549774682507,33104,0.4138,4640,2.9,7.13448275862069,13091,0.29220982142857144,1,
scene-0434,e0a212aafd574781b122a6ba66599a1e,8ae36c090c9b4a3180f28784b773a720,94c131d82a424cd0a8c6d199db24bd0f,1538985546348612,False,34720,33105,0.3547775205761317,17028,0.02052951388888889,1.9441508104298801,33088,0.4136,4636,2.8975,7.137187230371009,13079,0.2919419642857143,1,
scene-0434,e0a212aafd574781b122a6ba66599a1e,c2411d25a4d34178800387e9c8e39a19,94c131d82a424cd0a8c6d199db24bd0f,1538985546398937,False,34688,33082,0.3545310356652949,17116,0.020635609567901236,1.9328114045337697,33060,0.41325,4700,2.9375,7.034042553191489,13140,0.29330357142857144,1,
scene-0434,e0a212aafd574781b122a6ba66599a1e,950cbd1f30dc49bc9b27947783de5c82,94c131d82a424cd0a8c6d199db24bd0f,1538985546448680,False,34688,33092,0.35463820301783266,16955,0.020441502700617283,1.9517546446475966,33079,0.4134875,4613,2.883125,7.1708215911554305,15148,0.338125,1,
scene-0434,e0a212aafd574781b122a6ba66599a1e,a4dba122e9474fbaa6f671887afcc1b9,94c131d82a424cd0a8c6d199db24bd0f,1538985546498472,False,34656,33047,0.3541559499314129,17043,0.02054759837962963,1.9390365545971953,33033,0.4129125,4611,2.881875,7.163955757970071,13118,0.2928125,1,
scene-0434,e0a212aafd574781b122a6ba66599a1e,c01e79b4901e42b4840d27b5c8ef8ae8,94c131d82a424cd0a8c6d199db24bd0f,1538985546548809,False,34688,33061,0.35430598422496573,17096,0.020611496913580246,1.9338441740758072,33048,0.4131,4627,2.891875,7.14242489734169,13076,0.291875,1,
scene-0434,e0a212aafd574781b122a6ba66599a1e,5f7b60cec2c34b5ebba45ef73948bdbd,94c131d82a424cd0a8c6d199db24bd0f,1538985546598549,False,34656,33061,0.35430598422496573,17089,0.0206030574845679,1.9346363157586752,33042,0.413025,4657,2.910625,7.0951256173502255,13166,0.2938839285714286,1,
scene-0434,e0a212aafd574781b122a6ba66599a1e,f2a3e48ed6d549dca61c1cf7fe97216a,94c131d82a424cd0a8c6d199db24bd0f,1538985546648307,False,34688,33093,0.35464891975308643,17157,0.020685040509259258,1.9288337121874453,33075,0.4134375,4729,2.955625,6.99407908648763,17019,0.3798883928571429,1,
scene-0434,e0a212aafd574781b122a6ba66599a1e,93913c359fbf4b6a83226a4a5345be6e,94c131d82a424cd0a8c6d199db24bd0f,1538985546698633,True,34656,33022,0.3538880315500686,17174,0.0207055362654321,1.9227902643530919,33005,0.4125625,4703,2.939375,7.017860939825643,16944,0.3782142857142857,1,
scene-0434,e0a212aafd574781b122a6ba66599a1e,ce35318b6afe49a287b8a3dd6ceba011,941355dd75ba4a10a5e6258be99479ca,1538985546748388,False,34688,33039,0.3540702160493827,17168,0.0206983024691358,1.9244524697110903,33022,0.412775,4690,2.93125,7.0409381663113,16935,0.37801339285714286,1,
scene-0434,e0a212aafd574781b122a6ba66599a1e,53608f3a87c34752ba4a53c52f7652f5,941355dd75ba4a10a5e6258be99479ca,1538985546798150,False,34656,32979,0.3534272119341564,17249,0.020795958719135803,1.911936923879645,32961,0.4120125,4689,2.930625,7.029430582213692,13060,0.29151785714285716,1,
scene-0434,e0a212aafd574781b122a6ba66599a1e,494eaf026e994232bb01cbad5e3ba87c,941355dd75ba4a10a5e6258be99479ca,1538985546847927,False,34688,33022,0.3538880315500686,17135,0.02065851658950617,1.9271666180332652,33000,0.4125,4702,2.93875,7.018290089323692,13065,0.2916294642857143,1,
scene-0434,e0a212aafd574781b122a6ba66599a1e,e52c566a587d47b69a7f5248adadb121,941355dd75ba4a10a5e6258be99479ca,1538985546898238,False,34656,33002,0.35367369684499317,17262,0.020811631944444443,1.9118294519754373,32977,0.4122125,4683,2.926875,7.041853512705531,13094,0.2922767857142857,1,
scene-0434,e0a212aafd574781b122a6ba66599a1e,f58f5322de9b4e818e6de962895f3f24,941355dd75ba4a10a5e6258be99479ca,1538985546948007,False,34688,33041,0.35409164951989025,17220,0.02076099537037037,1.9187572590011615,33017,0.4127125,4678,2.92375,7.057930739632321,13061,0.29154017857142855,1,
scene-0434,e0a212aafd574781b122a6ba66599a1e,232ad91abd574033bf8d6c1ccc1c403e,941355dd75ba4a10a5e6258be99479ca,1538985546997773,False,34688,33037,0.3540487825788752,17345,0.020911699459876542,1.9046987604496972,33007,0.4125875,4721,2.950625,6.9915272188095745,13064,0.29160714285714284,1,
scene-0434,e0a212aafd574781b122a6ba66599a1e,2afce152856d463cae30923aaa5dd686,941355dd75ba4a10a5e6258be99479ca,1538985547048098,False,34656,33016,0.3538237311385459,17305,0.020863474151234566,1.9078878936723491,32991,0.4123875,4736,2.96,6.9660050675675675,13089,0.2921651785714286,1,
scene-0434,e0a212aafd574781b122a6ba66599a1e,0cd73ea5779b467b89c8df43a485a517,941355dd75ba4a10a5e6258be99479ca,1538985547097903,False,34688,33076,0.3544667352537723,17387,0.020962336033950618,1.9023408293552655,33047,0.4130875,4730,2.95625,6.9866807610993655,13126,0.29299107142857145,1,
scene-0434,e0a212aafd574781b122a6ba66599a1e,38349f61d1a643989155a2ed7598e327,941355dd75ba4a10a5e6258be99479ca,1538985547147676,False,34720,33114,0.3548739711934156,17378,0.020951485339506172,1.9055127172286799,33080,0.4135,4712,2.945,7.020373514431239,17075,0.38113839285714285,1,
scene-0434,e0a212aafd574781b122a6ba66599a1e,9f44afa51f9e4327946b7de1b3585e64,941355dd75ba4a10a5e6258be99479ca,1538985547197961,True,34720,33157,0.35533479080932784,17404,0.020982831790123457,1.9051367501723742,33114,0.413925,4733,2.958125,6.996408197760406,17116,0.38205357142857144,1,
scene-0434,e0a212aafd574781b122a6ba66599a1e,eeca1302dc154267bc207cd04225abb9,694a7d96591a415894f1c1984742a63d,1538985547247743,False,34720,33134,0.3550883058984911,17481,0.02107566550925926,1.8954293232652595,33087,0.4135875,4748,2.9675,6.968618365627632,17055,0.3806919642857143,1,
scene-0434,e0a212aafd574781b122a6ba66599a1e,0614da42d96f44ec9476cf8537c6b882,694a7d96591a415894f1c1984742a63d,1538985547298031,False,34752,33153,0.35529192386831276,17442,0.021028645833333335,1.9007567939456484,33106,0.413825,4761,2.975625,6.953581180424281,17070,0.3810267857142857,1,
scene-0434,e0a212aafd574781b122a6ba66599a1e,e51d7bba1504410d9f65423ef6f73a10,694a7d96591a415894f1c1984742a63d,1538985547347819,False,34752,33095,0.35467035322359397,17404,0.020982831790123457,1.9015743507239715,33050,0.413125,4724,2.9525,6.99618966977138,13127,0.29301339285714284,1,
scene-0434,e0a212aafd574781b122a6ba66599a1e,077d3eae7e8344caabacac1db4167b1d,694a7d96591a415894f1c1984742a63d,1538985547398173,False,34752,33098,0.3547025034293553,17454,0.021043113425925925,1.8962988426721668,33044,0.41305,4749,2.968125,6.958096441356075,13172,0.29401785714285716,1,
scene-0434,e0a212aafd574781b122a6ba66599a1e,7f634b1090cf426aafe4a73604885fcd,694a7d96591a415894f1c1984742a63d,1538985547447897,False,34752,33095,0.35467035322359397,17453,0.021041907793209875,1.8962356041941213,33036,0.41295,4770,2.98125,6.925786163522012,13161,0.2937723214285714,1,
scene-0434,e0a212aafd574781b122a6ba66599a1e,e0a9fa21302f477c972b315d52a60de2,694a7d96591a415894f1c1984742a63d,1538985547498202,False,34752,33105,0.3547775205761317,17444,0.021031057098765432,1.8977872047695483,33032,0.4129,4751,2.969375,6.952641549147548,13234,0.2954017857142857,1,
scene-0434,e0a212aafd574781b122a6ba66599a1e,82bf8afd2add432abd138eda56301dd8,694a7d96591a415894f1c1984742a63d,1538985547547987,False,34720,33098,0.3547025034293553,17538,0.021144386574074074,1.887216330254305,33030,0.412875,4781,2.988125,6.908596527923029,13268,0.2961607142857143,1,
scene-0434,e0a212aafd574781b122a6ba66599a1e,e4001f3b060c49deaf5896985cc42db1,694a7d96591a415894f1c1984742a63d,1538985547597766,False,34688,33075,0.35445601851851855,17491,0.021087721836419753,1.8909725001429307,33005,0.4125625,4792,2.995,6.887520868113523,13286,0.2965625,1,
scene-0434,e0a212aafd574781b122a6ba66599a1e,65eb2dd255d64fcf8b5d34c94f2cb8d2,694a7d96591a415894f1c1984742a63d,1538985547648058,False,34720,33118,0.3549168381344307,17566,0.021178144290123456,1.8853466924740976,33048,0.4131,4818,3.01125,6.859277708592777,13805,0.30814732142857143,1,
scene-0434,e0a212aafd574781b122a6ba66599a1e,51e6b16d7e02453aac434c4dd7f90bcd,694a7d96591a415894f1c1984742a63d,1538985547697831,True,34688,33090,0.35461676954732513,17525,0.021128713348765434,1.8881597717546363,33035,0.4129375,4838,3.02375,6.828234807771807,17179,0.38345982142857143,1,
scene-0434,e0a212aafd574781b122a6ba66599a1e,2f8f1637baf74cd99333bd009f264fd6,06b5c8a828ba45889ebf643af17ce504,1538985547748170,False,34688,33092,0.35463820301783266,17486,0.021081693672839505,1.8924854169049525,33027,0.4128375,4801,3.000625,6.8791918350343675,15358,0.3428125,1,
scene-0434,e0a212aafd574781b122a6ba66599a1e,a821676337544705934418b11cc0ce11,06b5c8a828ba45889ebf643af17ce504,1538985547797929,False,34656,33028,0.3539523319615912,17489,0.021085310570987656,1.8885013437017555,32960,0.412,4779,2.986875,6.8968403431680265,13408,0.29928571428571427,1,
scene-0434,e0a212aafd574781b122a6ba66599a1e,3783c53177ed4ffbafa2b29a71996e19,06b5c8a828ba45889ebf643af17ce504,1538985547847697,False,34688,33017,0.35383444787379975,17423,0.021005738811728396,1.895023819089709,32953,0.4119125,4767,2.979375,6.9127333752884415,14327,0.31979910714285714,1,
scene-0434,e0a212aafd574781b122a6ba66599a1e,f931dedbe61c4e999671fd6550bba96b,06b5c8a828ba45889ebf643af17ce504,1538985547897447,False,34656,32961,0.3532343106995885,17462,0.02105275848765432,1.8875844691329744,32911,0.4113875,4837,3.023125,6.804010750465165,17189,0.3836830357142857,1,
scene-0434,e0a212aafd574781b122a6ba66599a1e,7866514b30124b0eb2d01b83cca13ac6,06b5c8a828ba45889ebf643af17ce504,1538985547947774,False,34688,32990,0.3535450960219479,17404,0.020982831790123457,1.8955412548839348,32936,0.4117,4807,3.004375,6.851674641148326,16645,0.37154017857142857,1,
scene-0434,e0a212aafd574781b122a6ba66599a1e,17b20f9bfa2e40d280edf5cfe3005f06,06b5c8a828ba45889ebf643af17ce504,1538985547997563,False,34656,32948,0.35309499314128945,17476,0.021069637345679012,1.8853284504463264,32908,0.41135,4801,3.000625,6.854405332222454,13420,0.2995535714285714,1,
scene-0434,e0a212aafd574781b122a6ba66599a1e,e724adae591c457d928d1af66e58220c,06b5c8a828ba45889ebf643af17ce504,1538985548047291,False,34688,32983,0.35347007887517146,17567,0.021179349922839506,1.8775545056071041,32951,0.4118875,4755,2.971875,6.929758149316509,13393,0.2989508928571429,1,
scene-0434,e0a212aafd574781b122a6ba66599a1e,f4fcac8210954f269a5444aff1a865d1,06b5c8a828ba45889ebf643af17ce504,1538985548097626,False,34656,32919,0.35278420781893005,17542,0.021149209104938272,1.8765819176832745,32897,0.4112125,4839,3.024375,6.798305435007233,13657,0.30484375,1,
scene-0434,e0a212aafd574781b122a6ba66599a1e,1516dc5f11214a5aa707c1604b1bf26a,06b5c8a828ba45889ebf643af17ce504,1538985548147379,False,34656,32964,0.3532664609053498,17601,0.021220341435185187,1.872848133628771,32952,0.4119,4845,3.028125,6.8012383900928794,17270,0.3854910714285714,1,
scene-0434,e0a212aafd574781b122a6ba66599a1e,481593e505e5491481de1a6902cd0d21,06b5c8a828ba45889ebf643af17ce504,1538985548197171,True,34688,33011,0.3537701474622771,17635,0.021261332947530864,1.8719024666855684,32996,0.41245,4867,3.041875,6.779535648243271,17260,0.38526785714285716,1,
scene-0434,e0a212aafd574781b122a6ba66599a1e,065a937580944536af6f8891966c1481,1bb84aa1b88c4ef9ad3a532c27c7cc6e,1538985548246929,False,34656,32998,0.35363082990397804,17543,0.021150414737654322,1.8809781679302287,32985,0.4123125,4873,3.045625,6.768930843422943,17355,0.3873883928571429,1,
scene-0434,e0a212aafd574781b122a6ba66599a1e,f4f8dc13f1ed4f7daae6425ca1ec4fa5,1bb84aa1b88c4ef9ad3a532c27c7cc6e,1538985548297229,False,34688,33001,0.35366298010973934,17650,0.021279417438271605,1.8697450424929178,32988,0.41235,4880,3.05,6.75983606557377,17310,0.38638392857142856,1,
scene-0434,e0a212aafd574781b122a6ba66599a1e,5df04890a9b7458381d089c93146f7da,1bb84aa1b88c4ef9ad3a532c27c7cc6e,1538985548346995,False,34656,32961,0.3532343106995885,17669,0.021302324459876544,1.8654705982228763,32948,0.41185,4895,3.059375,6.730949948927477,17281,0.3857366071428571,1,
scene-0434,e0a212aafd574781b122a6ba66599a1e,82a8d9e671ce448aa5ab07752b7febb7,1bb84aa1b88c4ef9ad3a532c27c7cc6e,1538985548396770,False,34688,32985,0.353491512345679,17584,0.021199845679012345,1.8758530482256597,32974,0.412175,4875,3.046875,6.7638974358974355,17320,0.38660714285714287,1,
scene-0434,e0a212aafd574781b122a6ba66599a1e,0b44bcdde41e4f5fbd9e9210bea48119,1bb84aa1b88c4ef9ad3a532c27c7cc6e,1538985548447083,False,34688,32965,0.35327717764060357,17689,0.02132643711419753,1.8635875402792696,32954,0.411925,4881,3.050625,6.751485351362426,17308,0.3863392857142857,1,
scene-0434,e0a212aafd574781b122a6ba66599a1e,298bab8cbc924ceba723d9b3d666ce63,1bb84aa1b88c4ef9ad3a532c27c7cc6e,1538985548496862,False,34656,32925,0.35284850823045266,17656,0.0212866512345679,1.8648051653828728,32916,0.41145,4891,3.056875,6.729912083418524,17252,0.3850892857142857,1,
scene-0434,e0a212aafd574781b122a6ba66599a1e,d9d97d2c44d74297a370fed8b9b9d520,1bb84aa1b88c4ef9ad3a532c27c7cc6e,1538985548546648,False,34688,32984,0.3534807956104252,17716,0.021358989197530865,1.8618198238880108,32974,0.412175,4884,3.0525,6.751433251433252,16981,0.3790401785714286,1,
scene-0434,e0a212aafd574781b122a6ba66599a1e,b6d10c1a0001421b8dc73ff45d1ac9e3,1bb84aa1b88c4ef9ad3a532c27c7cc6e,1538985548596957,False,34688,32988,0.35352366255144035,17762,0.021414448302469136,1.8572232856660287,32978,0.412225,4921,3.075625,6.7014834383255435,13498,0.30129464285714286,1,
scene-0434,e0a212aafd574781b122a6ba66599a1e,de0eb4cd315b44df8dde440cd0f3a4d2,1bb84aa1b88c4ef9ad3a532c27c7cc6e,1538985548646701,False,34656,32927,0.3528699417009602,17757,0.021408420138888887,1.8543109759531453,32920,0.4115,4928,3.08,6.680194805194805,13509,0.30154017857142856,1,
scene-0434,e0a212aafd574781b122a6ba66599a1e,d35c140fc7ef42c88827f6232d94b0b4,1bb84aa1b88c4ef9ad3a532c27c7cc6e,1538985548696496,True,34688,32964,0.3532664609053498,17857,0.021528983410493828,1.845998767990144,32955,0.4119375,4940,3.0875,6.671052631578948,13554,0.30254464285714283,1,
scene-0434,e0a212aafd574781b122a6ba66599a1e,57238e52a7344b8c8a895b8b7ce443cc,67347409df91414cafd9ddf9bad17eb6,1538985548746233,False,34656,32931,0.35291280864197533,17788,0.02144579475308642,1.8513042500562176,32920,0.4115,4991,3.119375,6.595872570627129,13636,0.304375,1,
scene-0434,e0a212aafd574781b122a6ba66599a1e,65557d42bf9a46a28050d5ec361ef480,67347409df91414cafd9ddf9bad17eb6,1538985548796557,False,34688,32962,0.35324502743484226,17730,0.021375868055555556,1.8591088550479413,32943,0.4117875,4898,3.06125,6.725806451612903,17330,0.38683035714285713,1,
scene-0434,e0a212aafd574781b122a6ba66599a1e,f349191d1de6497ba53cf21ec5fdc8ea,67347409df91414cafd9ddf9bad17eb6,1538985548846319,False,34688,32989,0.3535343792866941,17820,0.021484375,1.8512345679012345,32973,0.4121625,4941,3.088125,6.673345476624165,17319,0.3865848214285714,1,
scene-0434,e0a212aafd574781b122a6ba66599a1e,b64dc231e7a543c8af8499d5fc8a8cac,67347409df91414cafd9ddf9bad17eb6,1538985548896105,False,34656,32974,0.35337362825788754,17894,0.021573591820987656,1.8427405834357886,32949,0.4118625,4926,3.07875,6.688794153471377,16422,0.3665625,1,
scene-0434,e0a212aafd574781b122a6ba66599a1e,0bb2ef924a5b43cd8192b9d9d04bd106,67347409df91414cafd9ddf9bad17eb6,1538985548946404,False,34688,32978,0.3534164951989026,17786,0.02144338348765432,1.854154953334083,32950,0.411875,4919,3.074375,6.698515958528156,17351,0.38729910714285715,1,
scene-0434,e0a212aafd574781b122a6ba66599a1e,420e9ec3fa6c4f6db01ef55a4289e8fd,67347409df91414cafd9ddf9bad17eb6,1538985548996188,False,34688,32947,0.3530842764060357,17796,0.021455439814814816,1.8513710946280062,32913,0.4114125,4892,3.0575,6.727923139820114,17283,0.38578125,1,
scene-0434,e0a212aafd574781b122a6ba66599a1e,4ff03ca8b8f6461b990ccedcf639f5b7,67347409df91414cafd9ddf9bad17eb6,1538985549045958,False,34656,32889,0.3524627057613169,17805,0.02146629050925926,1.8471777590564449,32853,0.4106625,4894,3.05875,6.712913771965672,15880,0.35446428571428573,1,
scene-0434,e0a212aafd574781b122a6ba66599a1e,4626999c5af44267a3bebbd397c136be,67347409df91414cafd9ddf9bad17eb6,1538985549096305,False,34688,32905,0.35263417352537724,17904,0.02158564814814815,1.8378574620196604,32874,0.410925,4890,3.05625,6.722699386503067,13598,0.3035267857142857,1,
scene-0434,e0a212aafd574781b122a6ba66599a1e,d9dbc297a9a541abbb845beaeb7f43c7,67347409df91414cafd9ddf9bad17eb6,1538985549146042,False,34720,32928,0.35288065843621397,17890,0.021568769290123458,1.840581330352152,32895,0.4111875,4939,3.086875,6.660255112370925,13643,0.30453125,1,
scene-0434,e0a212aafd574781b122a6ba66599a1e,2dde274e56c6434499c03da36962b401,67347409df91414cafd9ddf9bad17eb6,1538985549195793,True,34720,32941,0.353019975994513,17886,0.02156394675925926,1.8417197808341719,32903,0.4112875,4935,3.084375,6.667274569402229,17320,0.38660714285714287,1,
scene-0434,e0a212aafd574781b122a6ba66599a1e,f3cd6d14328c43a68c87aac1aa17e72f,1c1d3f771a0f4339b3a3011443b57d5c,1538985549246110,False,34752,32938,0.3529878257887517,17975,0.021671248070987654,1.8324339360222532,32900,0.41125,4941,3.088125,6.658571139445456,17237,0.3847544642857143,1,
scene-0434,e0a212aafd574781b122a6ba66599a1e,17fad830d4bc4ccfaa0d71f6ac042778,1c1d3f771a0f4339b3a3011443b57d5c,1538985549295885,False,34752,32946,0.3530735596707819,17962,0.021655574845679013,1.8342055450395278,32911,0.4113875,4985,3.115625,6.602006018054163,15421,0.34421875,1,
scene-0434,e0a212aafd574781b122a6ba66599a1e,f860c71a365b4925aad0cc03f3217a30,1c1d3f771a0f4339b3a3011443b57d5c,1538985549346217,False,34752,32914,0.35273062414266115,17887,0.021565152391975307,1.8401073405266395,32882,0.411025,4952,3.095,6.640145395799677,13932,0.3109821428571429,1,
scene-0434,e0a212aafd574781b122a6ba66599a1e,410a9ea6c5bd4369934d10a5aa5a7441,1c1d3f771a0f4339b3a3011443b57d5c,1538985549395985,False,34784,32942,0.3530306927297668,17993,0.021692949459876543,1.8308230978713944,32900,0.41125,4998,3.12375,6.582633053221288,17351,0.38729910714285715,1,
scene-0434,e0a212aafd574781b122a6ba66599a1e,e2a6a27a457a4c3b92583edfa090de86,1c1d3f771a0f4339b3a3011443b57d5c,1538985549446291,False,34752,32937,0.35297710905349794,18097,0.021818335262345678,1.8200254185776648,32890,0.411125,5015,3.134375,6.5583250249252245,17321,0.38662946428571426,1,
scene-0434,e0a212aafd574781b122a6ba66599a1e,ca90a01acb11459383c7d91aa99cdd23,1c1d3f771a0f4339b3a3011443b57d5c,1538985549496071,False,34752,32937,0.35297710905349794,18059,0.021772521219135803,1.823855141480702,32886,0.411075,5062,3.16375,6.496641643619123,17306,0.3862946428571429,1,
scene-0434,e0a212aafd574781b122a6ba66599a1e,b532fcc6c99c4eaeb649201a616cbf42,1c1d3f771a0f4339b3a3011443b57d5c,1538985549546376,False,34752,32955,0.3531700102880658,18081,0.02179904513888889,1.8226314916210387,32892,0.41115,5038,3.14875,6.528781262405716,17320,0.38660714285714287,1,
scene-0434,e0a212aafd574781b122a6ba66599a1e,f56831af1231414f952ac55d29b9f07c,1c1d3f771a0f4339b3a3011443b57d5c,1538985549596147,False,34752,32949,0.3531057098765432,18045,0.021755642361111112,1.825935162094763,32882,0.411025,5078,3.17375,6.47538400945254,13825,0.30859375,1,
scene-0434,e0a212aafd574781b122a6ba66599a1e,219dc1ebd02a4a3b87369c8477678eec,1c1d3f771a0f4339b3a3011443b57d5c,1538985549646450,False,34752,32944,0.3530521262002744,17995,0.021695360725308643,1.83073075854404,32879,0.4109875,5105,3.190625,6.440548481880509,13769,0.30734375,1,
scene-0434,e0a212aafd574781b122a6ba66599a1e,db670209fe6b4095a6213450227dbbe3,1c1d3f771a0f4339b3a3011443b57d5c,1538985549696255,True,34752,32949,0.3531057098765432,18058,0.021771315586419752,1.8246206667405027,32877,0.4109625,5158,3.22375,6.3739821636293135,13688,0.3055357142857143,1,
scene-0434,e0a212aafd574781b122a6ba66599a1e,f84988cbf78a4562a5df75cbaa9e0173,ed50430af00c4069bf5b3b0e5e4244bb,1538985549746546,False,34720,32959,0.35321287722908096,18065,0.021779755015432098,1.8244672017713812,32874,0.410925,5134,3.20875,6.403194390338917,14066,0.3139732142857143,1,
scene-0434,e0a212aafd574781b122a6ba66599a1e,ea6fa2cff8a243958fa8b68eae2b4963,ed50430af00c4069bf5b3b0e5e4244bb,1538985549796322,False,34720,32968,0.3533093278463649,18071,0.021786988811728396,1.8243594709755964,32864,0.4108,5152,3.22,6.37888198757764,15816,0.3530357142857143,1,
scene-0434,e0a212aafd574781b122a6ba66599a1e,ff2159f736b443a193a3ec0d484e50a3,ed50430af00c4069bf5b3b0e5e4244bb,1538985549846626,False,34752,32970,0.3533307613168724,18106,0.021829185956790124,1.8209433337015355,32864,0.4108,5196,3.2475,6.324865280985374,13687,0.30551339285714285,1,
scene-0434,e0a212aafd574781b122a6ba66599a1e,5ac2fd38000b4068ba0732cf43f565e6,ed50430af00c4069bf5b3b0e5e4244bb,1538985549896390,False,34720,32929,0.3528913751714678,18078,0.021795428240740742,1.8214957406792787,32817,0.4102125,5212,3.2575,6.296431312356101,13662,0.30495535714285715,1,
scene-0434,e0a212aafd574781b122a6ba66599a1e,53c478707dcd4833b2d869648b2faadc,ed50430af00c4069bf5b3b0e5e4244bb,1538985549946713,False,34720,32956,0.3531807270233196,18120,0.021846064814814815,1.8187637969094923,32840,0.4105,5267,3.291875,6.2350484146573,13701,0.30582589285714284,1,
scene-0434,e0a212aafd574781b122a6ba66599a1e,8eb5fcab7cb5455190a55dcb9be64d6b,ed50430af00c4069bf5b3b0e5e4244bb,1538985549996479,False,34720,32992,0.35356652949245543,18067,0.0217821662808642,1.8260917695245475,32873,0.4109125,5255,3.284375,6.255566127497621,16317,0.36421875,1,
scene-0434,e0a212aafd574781b122a6ba66599a1e,e99fda436c7d43078699436e81d7ccd2,ed50430af00c4069bf5b3b0e5e4244bb,1538985550046246,False,34720,32993,0.3535772462277092,18029,0.02173635223765432,1.8299961173664652,32877,0.4109625,5206,3.25375,6.315213215520553,17186,0.3836160714285714,1,
scene-0434,e0a212aafd574781b122a6ba66599a1e,79bca3d2cd7d459faa2243fc8e630156,ed50430af00c4069bf5b3b0e5e4244bb,1538985550096569,False,34720,32979,0.3534272119341564,18152,0.021884645061728394,1.8168245923314235,32865,0.4108125,5248,3.28,6.262385670731708,17134,0.38245535714285717,1,
scene-0434,e0a212aafd574781b122a6ba66599a1e,07adb1c49e4c4089b1750ae9041f2c9f,ed50430af00c4069bf5b3b0e5e4244bb,1538985550146331,False,34720,32940,0.35300925925925924,18188,0.021928047839506172,1.8110842313613371,32831,0.4103875,5262,3.28875,6.239262637780311,13673,0.30520089285714286,1,
scene-0434,e0a212aafd574781b122a6ba66599a1e,6743f171d1f448c28a784a9790e4b4ee,ed50430af00c4069bf5b3b0e5e4244bb,1538985550196691,True,34688,32943,0.35304140946502055,18107,0.021830391589506174,1.8193516319655383,32830,0.410375,5274,3.29625,6.224876753886993,13596,0.30348214285714287,1,
scene-0434,e0a212aafd574781b122a6ba66599a1e,2d1056735f664fe2b43a0a8a4168930b,9f467bd834b341c2bd6524f050f21b81,1538985550246412,False,34720,33014,0.3538022976680384,18152,0.021884645061728394,1.8187527545174085,32906,0.411325,5286,3.30375,6.225122966326144,13647,0.3046205357142857,1,
scene-0434,e0a212aafd574781b122a6ba66599a1e,90481e4f00e0473492cff2b2b8bf2352,9f467bd834b341c2bd6524f050f21b81,1538985550296215,False,34720,33036,0.3540380658436214,18224,0.02197145061728395,1.812774363476734,32949,0.4118625,5310,3.31875,6.205084745762712,13904,0.31035714285714283,1,
scene-0434,e0a212aafd574781b122a6ba66599a1e,3138eb9eadd04f45af7488d802f06c54,9f467bd834b341c2bd6524f050f21b81,1538985550346508,False,34688,32988,0.35352366255144035,18155,0.021888261959876542,1.8170201046543653,32914,0.411425,5326,3.32875,6.179872324446113,16833,0.3757366071428571,1,
scene-0434,e0a212aafd574781b122a6ba66599a1e,6e22ce9a20e0482c8c453aea3f7373f1,9f467bd834b341c2bd6524f050f21b81,1538985550396284,False,34720,33059,0.35428455075445814,18195,0.021936487268518517,1.8169277273976367,32984,0.4123,5393,3.370625,6.116076395327276,13638,0.30441964285714285,1,
scene-0434,e0a212aafd574781b122a6ba66599a1e,91b25bfd9fca4ee99a63989a8b105a7d,9f467bd834b341c2bd6524f050f21b81,1538985550446585,False,34720,33062,0.3543167009602195,18171,0.021907552083333334,1.819492598095867,32990,0.412375,5350,3.34375,6.166355140186916,13622,0.3040625,1,
scene-0434,e0a212aafd574781b122a6ba66599a1e,d79403004cc34e6e92c310c9f13ac6d1,9f467bd834b341c2bd6524f050f21b81,1538985550496368,False,34752,33061,0.35430598422496573,18165,0.02190031828703704,1.820038535645472,32987,0.4123375,5350,3.34375,6.165794392523365,14537,0.32448660714285715,1,
scene-0434,e0a212aafd574781b122a6ba66599a1e,deb37686e0b54eae93389296704d7caa,9f467bd834b341c2bd6524f050f21b81,1538985550546709,False,34752,33081,0.35452031893004116,18200,0.021942515432098766,1.8176373626373625,33013,0.4126625,5342,3.33875,6.179895170348185,17150,0.3828125,1,
scene-0434,e0a212aafd574781b122a6ba66599a1e,2967c0dd398c4ec0b94dfd9419f530a3,9f467bd834b341c2bd6524f050f21b81,1538985550596469,False,34752,33089,0.3546060528120713,18267,0.022023292824074073,1.8114085509388516,33035,0.4129375,5319,3.324375,6.210753901109231,16215,0.3619419642857143,1,
scene-0434,e0a212aafd574781b122a6ba66599a1e,f591404332f34edbaca4363eaa914278,9f467bd834b341c2bd6524f050f21b81,1538985550646757,False,34752,33073,0.35443458504801095,18172,0.021908757716049384,1.819997798811358,33011,0.4126375,5279,3.299375,6.253267664330366,17066,0.3809375,1,
scene-0434,e0a212aafd574781b122a6ba66599a1e,8d334bfba2b74971ad6ac650b3c30526,9f467bd834b341c2bd6524f050f21b81,1538985550696563,True,34752,33083,0.3545417524005487,18245,0.021996768904320986,1.8132639079199782,33024,0.4128,5284,3.3025,6.249810749432248,17062,0.3808482142857143,1,
scene-0434,e0a212aafd574781b122a6ba66599a1e,04779432ffa040f2b9639f6e23cfc195,0e6e1d14b9d648f8a51a72851bcd814a,1538985550746854,False,34720,33014,0.3538022976680384,18249,0.022001591435185184,1.8090854293385938,32961,0.4120125,5272,3.295,6.252086494688923,15897,0.35484375,1,
scene-0434,e0a212aafd574781b122a6ba66599a1e,60513284ca0148179532575c09bc2a86,0e6e1d14b9d648f8a51a72851bcd814a,1538985550796609,False,34752,33047,0.3541559499314129,18274,0.022031732253086418,1.8084163292109008,32997,0.4124625,5256,3.285,6.27796803652968,13553,0.30252232142857144,1,
scene-0434,e0a212aafd574781b122a6ba66599a1e,9c9c717ca5544eae9a179680f6fc796a,0e6e1d14b9d648f8a51a72851bcd814a,1538985550846954,False,34752,33007,0.353727280521262,18298,0.022060667438271606,1.803858345174336,32959,0.4119875,5276,3.2975,6.24696739954511,15115,0.33738839285714284,1,
scene-0434,e0a212aafd574781b122a6ba66599a1e,5fedb99b2e1c4b93857275c2498d54b3,0e6e1d14b9d648f8a51a72851bcd814a,1538985550896727,False,34720,32999,0.3536415466392318,18334,0.022104070216049383,1.7998800043634777,32942,0.411775,5280,3.3,6.239015151515152,13498,0.30129464285714286,1,
scene-0434,e0a212aafd574781b122a6ba66599a1e,a270b2c9afca43d790128a8fd6e12f71,0e6e1d14b9d648f8a51a72851bcd814a,1538985550946464,False,34720,32979,0.3534272119341564,18389,0.0221703800154321,1.7934091032682582,32925,0.4115625,5256,3.285,6.264269406392694,13463,0.30051339285714285,1,
scene-0434,e0a212aafd574781b122a6ba66599a1e,6a12cf22d15b4a479894cf5bc63e3c95,0e6e1d14b9d648f8a51a72851bcd814a,1538985550996788,False,34752,33029,0.353963048696845,18339,0.022110098379629628,1.8010251376847157,32974,0.412175,5199,3.249375,6.342373533371802,13523,0.30185267857142856,1,
scene-0434,e0a212aafd574781b122a6ba66599a1e,ebb51af8d66640158fa4e579d4c2a04a,0e6e1d14b9d648f8a51a72851bcd814a,1538985551046577,False,34720,32971,0.3533414780521262,18355,0.02212938850308642,1.7962952873876328,32924,0.41155,5237,3.273125,6.286805422952072,13960,0.31160714285714286,1,
scene-0434,e0a212aafd574781b122a6ba66599a1e,f6fc20946a854cde89435665e26ca91b,0e6e1d14b9d648f8a51a72851bcd814a,1538985551096866,False,34720,32975,0.3533843449931413,18312,0.022077546296296297,1.800731760594146,32921,0.4115125,5207,3.254375,6.322450547340119,13473,0.30073660714285716,1,
scene-0434,e0a212aafd574781b122a6ba66599a1e,5006b063431540e8b83943f0e2816a5c,0e6e1d14b9d648f8a51a72851bcd814a,1538985551146640,False,34752,32968,0.3533093278463649,18353,0.022126977237654322,1.7963275758731543,32916,0.41145,5208,3.255,6.320276497695852,13440,0.3,1,
scene-0434,e0a212aafd574781b122a6ba66599a1e,ea4100142a4a41f48481e6b087a7932c,0e6e1d14b9d648f8a51a72851bcd814a,1538985551196955,True,34752,32969,0.35332004458161864,18263,0.022018470293209875,1.8052346273887094,32922,0.411525,5195,3.246875,6.337247353224254,13476,0.30080357142857145,1,
scene-0434,e0a212aafd574781b122a6ba66599a1e,8943c2aebacf473bbecb3b3334bfa746,fd344035f4a247a7afb7f5a69698bcbb,1538985551246758,False,34784,32971,0.3533414780521262,18314,0.022079957561728394,1.800316697608387,32925,0.4115625,5183,3.239375,6.352498552961605,16780,0.37455357142857143,1,
scene-0434,e0a212aafd574781b122a6ba66599a1e,142d92894ed4436d87c135b555607eeb,fd344035f4a247a7afb7f5a69698bcbb,1538985551297063,False,34784,32968,0.3533093278463649,18269,0.022025704089506173,1.8045870053095407,32914,0.411425,5218,3.26125,6.30778075891146,15618,0.34861607142857143,1,
scene-0434,e0a212aafd574781b122a6ba66599a1e,15e12f5c97c84e5887f6c37ea30f2f4f,fd344035f4a247a7afb7f5a69698bcbb,1538985551346827,False,34784,32978,0.3534164951989026,18239,0.02198953510802469,1.808103514447064,32932,0.41165,5181,3.238125,6.356301872225439,13328,0.2975,1,
scene-0434,e0a212aafd574781b122a6ba66599a1e,8e7282f59f2f407fb35443e3b82ad4a9,fd344035f4a247a7afb7f5a69698bcbb,1538985551397145,False,34784,33000,0.3536522633744856,18249,0.022001591435185184,1.8083182640144666,32943,0.4117875,5164,3.2275,6.379357087529047,13324,0.2974107142857143,1,
scene-0434,e0a212aafd574781b122a6ba66599a1e,c9ba62164e8444a3ab691460e98c72d4,fd344035f4a247a7afb7f5a69698bcbb,1538985551447459,False,34816,33000,0.3536522633744856,18286,0.022046199845679012,1.8046593021984032,32956,0.41195,5151,3.219375,6.397980974568045,13314,0.2971875,1,
scene-0434,e0a212aafd574781b122a6ba66599a1e,a8d100e125104bd4b4c0be14a6cf72e7,fd344035f4a247a7afb7f5a69698bcbb,1538985551497232,False,34816,32996,0.3536093964334705,18291,0.02205222800925926,1.80394729648461,32951,0.4118875,5160,3.225,6.385852713178295,13461,0.30046875,1,
scene-0434,e0a212aafd574781b122a6ba66599a1e,399ec19e96c54ab79847457fe83deb77,fd344035f4a247a7afb7f5a69698bcbb,1538985551547536,False,34784,32982,0.3534593621399177,18259,0.02201364776234568,1.806342077879402,32934,0.411675,5137,3.210625,6.411134903640257,13332,0.2975892857142857,1,
scene-0434,e0a212aafd574781b122a6ba66599a1e,7ecb3211179b423698f9bf6bf6d92275,fd344035f4a247a7afb7f5a69698bcbb,1538985551597870,False,34784,32964,0.3532664609053498,18116,0.021841242283950617,1.8196069772576728,32910,0.411375,5118,3.19875,6.430246189917937,13231,0.2953348214285714,1,
scene-0434,e0a212aafd574781b122a6ba66599a1e,c9b5b50277a241d39096981e996052d6,fd344035f4a247a7afb7f5a69698bcbb,1538985551647677,False,34784,32976,0.3533950617283951,18117,0.021842447916666667,1.8201689021361152,32929,0.4116125,5131,3.206875,6.417657376729682,15478,0.34549107142857144,1,
scene-0434,e0a212aafd574781b122a6ba66599a1e,157499591f064d6e9347aea1120e55e3,fd344035f4a247a7afb7f5a69698bcbb,1538985551697936,True,34784,32955,0.3531700102880658,18032,0.021739969135802468,1.8275842945874001,32902,0.411275,5071,3.169375,6.488266614080063,16585,0.37020089285714286,1,
scene-0434,e0a212aafd574781b122a6ba66599a1e,8a0c282f19bf4cb987c1f79dc111ce70,b612ce2f1e2443c586df8aa6abbfcd45,1538985551747708,False,34752,32918,0.3527734910836763,17981,0.02167848186728395,1.8307101940937656,32866,0.410825,5076,3.1725,6.47478329393223,15902,0.35495535714285714,1,
scene-0434,e0a212aafd574781b122a6ba66599a1e,851037b2cdba4468834dfc7c6b56733f,b612ce2f1e2443c586df8aa6abbfcd45,1538985551798060,False,34752,32925,0.35284850823045266,17942,0.021631462191358024,1.8350797012596143,32876,0.41095,5112,3.195,6.431142410015649,16348,0.3649107142857143,1,
scene-0434,e0a212aafd574781b122a6ba66599a1e,4406233626624a3bb7c630981b01411e,b612ce2f1e2443c586df8aa6abbfcd45,1538985551847790,False,34752,32956,0.3531807270233196,18009,0.021712239583333334,1.82997390193792,32906,0.411325,5076,3.1725,6.482663514578408,16593,0.3703794642857143,1,
scene-0434,e0a212aafd574781b122a6ba66599a1e,0c0437350c494d21962d936d91a9164a,b612ce2f1e2443c586df8aa6abbfcd45,1538985551898144,False,34752,32956,0.3531807270233196,17974,0.021670042438271604,1.8335373317013464,32891,0.4111375,5069,3.168125,6.48865653975143,15266,0.3407589285714286,1,
scene-0434,e0a212aafd574781b122a6ba66599a1e,7c91ffa1dd774c269b3908c718641e66,b612ce2f1e2443c586df8aa6abbfcd45,1538985551947875,False,34752,32989,0.3535343792866941,17924,0.021609760802469135,1.8404931934835973,32912,0.4114,5051,3.156875,6.515937438131063,13461,0.30046875,1,
scene-0434,e0a212aafd574781b122a6ba66599a1e,ecaa3a025d494fe98fd6523c8d0222b2,b612ce2f1e2443c586df8aa6abbfcd45,1538985551998201,False,34720,32949,0.3531057098765432,17865,0.021538628472222224,1.8443324937027707,32870,0.410875,5054,3.15875,6.503759398496241,15949,0.3560044642857143,1,
scene-0434,e0a212aafd574781b122a6ba66599a1e,c5b8b0045afa4e10ad9a45f8ef07c4ad,b612ce2f1e2443c586df8aa6abbfcd45,1538985552047962,False,34720,32968,0.3533093278463649,17850,0.021520543981481483,1.8469467787114846,32893,0.4111625,5012,3.1325,6.562849162011173,16781,0.3745758928571429,1,
scene-0434,e0a212aafd574781b122a6ba66599a1e,fc6a57c64ea848bd909413d6ba7ca470,b612ce2f1e2443c586df8aa6abbfcd45,1538985552098297,False,34752,32984,0.3534807956104252,17798,0.021457851080246913,1.8532419372963254,32902,0.411275,5018,3.13625,6.5567955360701475,13420,0.2995535714285714,1,
scene-0434,e0a212aafd574781b122a6ba66599a1e,1f02d2ea03cf4145a9c38b879940d696,b612ce2f1e2443c586df8aa6abbfcd45,1538985552148044,False,34720,32943,0.35304140946502055,17874,0.021549479166666666,1.8430681436723733,32868,0.41085,5011,3.131875,6.55916982638196,13474,0.30075892857142855,1,
scene-0434,e0a212aafd574781b122a6ba66599a1e,3eb19caac8f84adb821d5b4ce0e76f6d,b612ce2f1e2443c586df8aa6abbfcd45,1538985552197835,True,34720,32973,0.35336291152263377,17815,0.021478346836419752,1.8508560202076902,32891,0.4111375,4971,3.106875,6.616576141621404,16825,0.3755580357142857,1,
scene-0434,e0a212aafd574781b122a6ba66599a1e,db22d26560da4a9ea6aaf4f9485210b0,2c0815bafba64bb39d6010e8f7904dae,1538985552248144,False,34720,32991,0.35355581275720166,17811,0.021473524305555554,1.852282297456628,32906,0.411325,4982,3.11375,6.60497792051385,13540,0.30223214285714284,1,
scene-0434,e0a212aafd574781b122a6ba66599a1e,4e9260bcae10461784f9da5c5e4493a1,2c0815bafba64bb39d6010e8f7904dae,1538985552297942,False,34720,33011,0.3537701474622771,17784,0.021440972222222222,1.8562190733243364,32926,0.411575,4986,3.11625,6.60369033293221,13495,0.30122767857142857,1,
scene-0434,e0a212aafd574781b122a6ba66599a1e,5a6f657c211a44ac981f426a59d5baf0,2c0815bafba64bb39d6010e8f7904dae,1538985552348252,False,34720,33021,0.3538773148148148,17728,0.021373456790123455,1.8626466606498195,32929,0.4116125,4954,3.09625,6.646951958013727,13526,0.30191964285714284,1,
scene-0434,e0a212aafd574781b122a6ba66599a1e,d8aff5167bb24a238ca0b8b3f4293ef0,2c0815bafba64bb39d6010e8f7904dae,1538985552397997,False,34688,32988,0.35352366255144035,17636,0.021262538580246914,1.8704921750963936,32898,0.411225,5007,3.129375,6.570401437986819,16920,0.3776785714285714,1,
scene-0434,e0a212aafd574781b122a6ba66599a1e,54277bd029924dcab81a42d6cef8f979,2c0815bafba64bb39d6010e8f7904dae,1538985552447763,False,34720,33068,0.3543810013717421,17675,0.02130955825617284,1.870891089108911,32991,0.4123875,4996,3.1225,6.603482786228983,13525,0.30189732142857145,1,
scene-0434,e0a212aafd574781b122a6ba66599a1e,609d2d64edba42cc8088bd9c1364d11f,2c0815bafba64bb39d6010e8f7904dae,1538985552498106,False,34720,33050,0.3541881001371742,17754,0.02140480324074074,1.8615523262363411,32975,0.4121875,4971,3.106875,6.633474150070408,13602,0.30361607142857144,1,
scene-0434,e0a212aafd574781b122a6ba66599a1e,036d0fc61021441aae82772b944b3773,2c0815bafba64bb39d6010e8f7904dae,1538985552547834,False,34688,33051,0.354198816872428,17717,0.021360194830246912,1.8654964158717615,32970,0.412125,4879,3.049375,6.757532281205165,16017,0.35752232142857143,1,
scene-0434,e0a212aafd574781b122a6ba66599a1e,aca751b9add9464cafe1d372131817fa,2c0815bafba64bb39d6010e8f7904dae,1538985552598173,False,34720,33068,0.3543810013717421,17795,0.021454234182098766,1.858274796291093,32983,0.4122875,4934,3.08375,6.684839886501824,16961,0.37859375,1,
scene-0434,e0a212aafd574781b122a6ba66599a1e,079843cc73134d28b251ea95f626f663,2c0815bafba64bb39d6010e8f7904dae,1538985552647921,False,34688,33045,0.3541345164609053,17806,0.02146749614197531,1.8558351117600809,32933,0.4116625,4914,3.07125,6.7018722018722015,16984,0.37910714285714286,1,
scene-0434,e0a212aafd574781b122a6ba66599a1e,1694d14cd1a0485fabf6089255b73073,2c0815bafba64bb39d6010e8f7904dae,1538985552697685,True,34720,33063,0.35432741769547327,17858,0.021530189043209875,1.8514391309217157,32917,0.4114625,4979,3.111875,6.611166900984133,16937,0.3780580357142857,1,
scene-0434,e0a212aafd574781b122a6ba66599a1e,14ce8cf2cd6842ee9e4b56ad158de276,d3a9133fae964342a27fa50fc701f0a3,1538985552748009,False,34688,32972,0.35335219478737995,17791,0.021449411651234568,1.8532966106458322,32818,0.410225,4946,3.09125,6.635260816821674,13629,0.30421875,1,
scene-0434,e0a212aafd574781b122a6ba66599a1e,b2fe7d50e7c44cf191e2eb8ee6c1d556,d3a9133fae964342a27fa50fc701f0a3,1538985552797781,False,34688,32991,0.35355581275720166,17761,0.021413242669753085,1.8574967625696752,32827,0.4103375,4957,3.098125,6.622352229170869,13651,0.30470982142857145,1,
scene-0434,e0a212aafd574781b122a6ba66599a1e,0a17298bd9e944d19b831be20393fb44,d3a9133fae964342a27fa50fc701f0a3,1538985552847541,False,34688,33015,0.35381301440329216,17863,0.021536217206790123,1.848233779320383,32849,0.4106125,4905,3.065625,6.697043832823649,13649,0.30466517857142855,1,
scene-0434,e0a212aafd574781b122a6ba66599a1e,e3ec29e776ce447daf3c6989484ae740,d3a9133fae964342a27fa50fc701f0a3,1538985552897876,False,34720,33036,0.3540380658436214,17881,0.021557918595679012,1.8475476763044572,32867,0.4108375,4959,3.099375,6.6277475297439,13632,0.30428571428571427,1,
scene-0434,e0a212aafd574781b122a6ba66599a1e,96379bd9c2d54410986846eafa6fad7d,d3a9133fae964342a27fa50fc701f0a3,1538985552947624,False,34688,33006,0.35371656378600824,17885,0.02156274112654321,1.8454570869443667,32829,0.4103625,4954,3.09625,6.626766249495358,13613,0.30386160714285715,1,
scene-0434,e0a212aafd574781b122a6ba66599a1e,d6d485215b8f481394fb608d29c8c053,d3a9133fae964342a27fa50fc701f0a3,1538985552997419,False,34688,33029,0.353963048696845,17874,0.021549479166666666,1.8478796016560366,32847,0.4105875,4960,3.1,6.622379032258064,13649,0.30466517857142855,1,
scene-0434,e0a212aafd574781b122a6ba66599a1e,8231964ceccc4f9ab2ae3dba606929a9,d3a9133fae964342a27fa50fc701f0a3,1538985553047733,False,34688,33010,0.3537594307270233,17930,0.021616994598765434,1.8410485220301172,32830,0.410375,4966,3.10375,6.610954490535643,13788,0.30776785714285715,1,
scene-0434,e0a212aafd574781b122a6ba66599a1e,35e8218c1985448083611b92e50a5444,d3a9133fae964342a27fa50fc701f0a3,1538985553097499,False,34688,33001,0.35366298010973934,17956,0.021648341049382715,1.8378814880819783,32834,0.410425,4997,3.123125,6.57074244546728,13585,0.30323660714285716,1,
scene-0434,e0a212aafd574781b122a6ba66599a1e,150e6cc17d834a26a43798673ed13ba3,d3a9133fae964342a27fa50fc701f0a3,1538985553147254,False,34688,32983,0.35347007887517146,17970,0.02166521990740741,1.8354479688369505,32814,0.410175,5006,3.12875,6.554934079105074,13601,0.30359375,1,
scene-0434,e0a212aafd574781b122a6ba66599a1e,2e127cdaf36d4273b0bd3f3b870c4b21,d3a9133fae964342a27fa50fc701f0a3,1538985553197586,True,34688,32989,0.3535343792866941,17876,0.021551890432098767,1.84543522040725,32834,0.410425,4978,3.11125,6.595821615106469,13622,0.3040625,1,
scene-0434,e0a212aafd574781b122a6ba66599a1e,b825778e94cf494b89841b147e412290,21f9e70901f84551abaf2059484ca3d9,1538985553247360,False,34656,32972,0.35335219478737995,18015,0.02171947337962963,1.8302525673050236,32848,0.4106,4963,3.101875,6.618577473302438,13704,0.30589285714285713,1,
scene-0434,e0a212aafd574781b122a6ba66599a1e,21192228e6944ffeab74a310df80ef88,21f9e70901f84551abaf2059484ca3d9,1538985553297150,False,34688,32996,0.3536093964334705,17955,0.021647135416666668,1.8377053745474798,32886,0.411075,5005,3.128125,6.570629370629371,16723,0.37328125,1,
scene-0434,e0a212aafd574781b122a6ba66599a1e,97bf870812144eb894c8c702cddec8dd,21f9e70901f84551abaf2059484ca3d9,1538985553347420,False,34720,33043,0.3541130829903978,18108,0.02183159722222222,1.8247735807377954,32958,0.411975,5009,3.130625,6.57975643841086,13719,0.3062276785714286,1,
scene-0434,e0a212aafd574781b122a6ba66599a1e,932a33462dcb4b6e85a98b01b6e1a99b,21f9e70901f84551abaf2059484ca3d9,1538985553397190,False,34720,33042,0.354102366255144,18023,0.021729118441358025,1.8333240858902513,32963,0.4120375,5004,3.1275,6.587330135891287,13744,0.3067857142857143,1,
scene-0434,e0a212aafd574781b122a6ba66599a1e,aad6d7c8df174ba7b6bc46dd8e9d9d53,21f9e70901f84551abaf2059484ca3d9,1538985553447508,False,34720,33062,0.3543167009602195,18115,0.021840036651234566,1.8251173060999173,32989,0.4123625,5011,3.131875,6.5833167032528435,13764,0.30723214285714284,1,
scene-0434,e0a212aafd574781b122a6ba66599a1e,cf7458c42db74e9080bc6ba16ffa0775,21f9e70901f84551abaf2059484ca3d9,1538985553497274,False,34752,33062,0.3543167009602195,18079,0.02179663387345679,1.828751590242823,33005,0.4125625,5044,3.1525,6.5434179222839015,13863,0.3094419642857143,1,
scene-0434,e0a212aafd574781b122a6ba66599a1e,ee4c53ee880443a59b934e54f8645629,21f9e70901f84551abaf2059484ca3d9,1538985553547592,False,34752,33063,0.35432741769547327,18036,0.021744791666666666,1.833166999334664,33006,0.412575,5031,3.144375,6.560524746571258,13831,0.3087276785714286,1,
scene-0434,e0a212aafd574781b122a6ba66599a1e,72666e33e01d4646a7ad454a7b17356d,21f9e70901f84551abaf2059484ca3d9,1538985553597355,False,34784,33026,0.35393089849108367,18100,0.02182195216049383,1.8246408839779005,32974,0.412175,5037,3.148125,6.546356958507048,13817,0.3084151785714286,1,
scene-0434,e0a212aafd574781b122a6ba66599a1e,218bf396cb0c4bfca35e672ef49d120f,21f9e70901f84551abaf2059484ca3d9,1538985553647696,False,34784,33043,0.3541130829903978,18035,0.02174358603395062,1.832159689492653,32985,0.4123125,5009,3.130625,6.5851467358754245,15252,0.3404464285714286,1,
scene-0434,e0a212aafd574781b122a6ba66599a1e,dad48e764f8d48cdaf7772fc4b5ea681,21f9e70901f84551abaf2059484ca3d9,1538985553697512,True,34784,33052,0.35420953360768176,18117,0.021842447916666667,1.8243638571507423,32986,0.412325,5087,3.179375,6.484371928445056,15978,0.35665178571428574,1,
scene-0434,e0a212aafd574781b122a6ba66599a1e,0488f4349540464d91d04ffa4619879b,cc417ee6f7d8408bab19d3a6d87cd6ec,1538985553747780,False,34816,33074,0.3544453017832647,18226,0.02197386188271605,1.8146603752880501,33016,0.4127,5065,3.165625,6.518460019743337,13906,0.3104017857142857,1,
scene-0434,e0a212aafd574781b122a6ba66599a1e,7e8448a602f34b72ae99fa30b3b120b8,cc417ee6f7d8408bab19d3a6d87cd6ec,1538985553798081,False,34784,33075,0.35445601851851855,18202,0.021944926697530863,1.8171080101087793,33013,0.4126625,5104,3.19,6.468064263322884,13908,0.31044642857142857,1,
scene-0434,e0a212aafd574781b122a6ba66599a1e,a0ef2af118694385a31ba635fe46f9b9,cc417ee6f7d8408bab19d3a6d87cd6ec,1538985553847941,False,34816,33089,0.3546060528120713,18270,0.022026909722222224,1.8111111111111111,33030,0.412875,5138,3.21125,6.428571428571429,13904,0.31035714285714283,1,
scene-0434,e0a212aafd574781b122a6ba66599a1e,ca665a7fddc34486967bfc77ae3183cf,cc417ee6f7d8408bab19d3a6d87cd6ec,1538985553898181,False,34816,33092,0.35463820301783266,18200,0.021942515432098766,1.8182417582417583,33032,0.4129,5125,3.203125,6.445268292682927,16002,0.3571875,1,
scene-0434,e0a212aafd574781b122a6ba66599a1e,f541315906944a72865ca81e6542dce8,cc417ee6f7d8408bab19d3a6d87cd6ec,1538985553947938,False,34784,33065,0.3543488511659808,18193,0.02193407600308642,1.8174572637827735,33005,0.4125625,5146,3.21625,6.413719393703848,14190,0.31674107142857144,1,
scene-0434,e0a212aafd574781b122a6ba66599a1e,232625809cd2436fb5c9da36fa9b66a9,cc417ee6f7d8408bab19d3a6d87cd6ec,1538985553998259,False,34784,33086,0.35457390260631,18108,0.02183159722222222,1.8271482217804285,33026,0.412825,5069,3.168125,6.515289011639377,13914,0.31058035714285714,1,
scene-0434,e0a212aafd574781b122a6ba66599a1e,6339ddf2ed49460ebce5b82507247a2a,cc417ee6f7d8408bab19d3a6d87cd6ec,1538985554048613,False,34784,33089,0.3546060528120713,18135,0.021864149305555556,1.8245933278191342,33026,0.412825,5084,3.1775,6.496066089693155,13881,0.30984375,1,
scene-0434,e0a212aafd574781b122a6ba66599a1e,d738784ad3144d7cb03ac2f6dbcb709c,cc417ee6f7d8408bab19d3a6d87cd6ec,1538985554098349,False,34784,33086,0.35457390260631,18149,0.021881028163580247,1.8230205520965344,33019,0.4127375,5082,3.17625,6.497245179063361,13897,0.31020089285714286,1,
scene-0434,e0a212aafd574781b122a6ba66599a1e,d32f8c4a02414a8a84b09b5c52833443,cc417ee6f7d8408bab19d3a6d87cd6ec,1538985554148721,False,34752,33017,0.35383444787379975,18100,0.02182195216049383,1.8241436464088399,32946,0.411825,5044,3.1525,6.531720856463124,14495,0.3235491071428571,1,
scene-0434,e0a212aafd574781b122a6ba66599a1e,2aa4e59b0bf44390bbe3258d0811fd40,cc417ee6f7d8408bab19d3a6d87cd6ec,1538985554198425,True,34752,33013,0.3537915809327846,18059,0.021772521219135803,1.8280635694113738,32943,0.4117875,5061,3.163125,6.5091879075281565,17254,0.3851339285714286,1,
scene-0434,e0a212aafd574781b122a6ba66599a1e,6ac2d37d4bb84bc4aa1b27c7de491b1b,8c99c5b3f1724321a32cc3fc2144374b,1538985554248741,False,34752,33032,0.35399519890260633,18053,0.021765287422839508,1.8297235916468177,32960,0.412,5034,3.14625,6.547477155343663,17261,0.38529017857142855,1,
scene-0434,e0a212aafd574781b122a6ba66599a1e,b91a3dd77e3e4657ad4826cf7b03c421,8c99c5b3f1724321a32cc3fc2144374b,1538985554298532,False,34752,33041,0.35409164951989025,18003,0.021705005787037036,1.8353052269066266,32969,0.4121125,5024,3.14,6.562300955414012,17234,0.3846875,1,
scene-0434,e0a212aafd574781b122a6ba66599a1e,08c626d305cb427a8e2f3190257491ff,8c99c5b3f1724321a32cc3fc2144374b,1538985554348836,False,34720,32994,0.35358796296296297,18032,0.021739969135802468,1.8297471162377994,32917,0.4114625,5032,3.145,6.541534181240063,15247,0.3403348214285714,1,
scene-0434,e0a212aafd574781b122a6ba66599a1e,230c910e6e3e46889370b9adc13acecc,8c99c5b3f1724321a32cc3fc2144374b,1538985554398596,False,34752,33035,0.35402734910836764,17987,0.021685715663580248,1.8366042141546672,32958,0.411975,4999,3.124375,6.592918583716743,13740,0.3066964285714286,1,
scene-0434,e0a212aafd574781b122a6ba66599a1e,aae928e7fcdb45c191fc6169c44c430a,8c99c5b3f1724321a32cc3fc2144374b,1538985554448914,False,34720,33007,0.353727280521262,17961,0.021654369212962963,1.8377039140359668,32931,0.4116375,4987,3.116875,6.60336875877281,14107,0.3148883928571429,1,
scene-0434,e0a212aafd574781b122a6ba66599a1e,91ea6a8c854f4dd6addcf57a52dcdc3e,8c99c5b3f1724321a32cc3fc2144374b,1538985554498676,False,34720,33020,0.35386659807956106,17928,0.021614583333333333,1.8418116912092817,32937,0.4117125,4968,3.105,6.629830917874396,17143,0.38265625,1,
scene-0434,e0a212aafd574781b122a6ba66599a1e,baa2d16613af475dbf9f08eca9c63752,8c99c5b3f1724321a32cc3fc2144374b,1538985554548445,False,34720,33033,0.3540059156378601,17909,0.021591676311728394,1.8444915964040427,32961,0.4120125,4958,3.09875,6.648043565954014,16464,0.3675,1,
scene-0434,e0a212aafd574781b122a6ba66599a1e,4bda29dcc62449d2b006dda0a0d4829a,8c99c5b3f1724321a32cc3fc2144374b,1538985554598767,False,34720,33031,0.35398448216735257,17918,0.02160252700617284,1.8434535104364327,32958,0.411975,4959,3.099375,6.646098003629764,17220,0.384375,1,
scene-0434,e0a212aafd574781b122a6ba66599a1e,b1a05b26bafa48b09c4c5776e3b660a4,8c99c5b3f1724321a32cc3fc2144374b,1538985554648552,False,34688,33010,0.3537594307270233,17921,0.021606143904320987,1.8419731041794543,32928,0.4116,4922,3.07625,6.689963429500203,17203,0.38399553571428574,1,
scene-0434,e0a212aafd574781b122a6ba66599a1e,37d72f30312a44f4b4f931bcc336eeef,8c99c5b3f1724321a32cc3fc2144374b,1538985554698868,True,34720,33061,0.35430598422496573,17796,0.021455439814814816,1.8577770285457407,32991,0.4123875,4894,3.05875,6.741111565181855,17140,0.3825892857142857,1,
scene-0434,e0a212aafd574781b122a6ba66599a1e,0cf3dbb9854c49e5a393cf16c3cc1827,0c232cd83bf84a9797eb01b4d960e483,1538985554748635,False,34688,33024,0.35390946502057613,17743,0.021391541280864197,1.8612410528095586,32946,0.411825,4868,3.0425,6.767871815940838,13640,0.3044642857142857,1,
scene-0434,e0a212aafd574781b122a6ba66599a1e,759d7685120d449c8a4c61dd94de0eb6,0c232cd83bf84a9797eb01b4d960e483,1538985554798386,False,34720,33095,0.35467035322359397,17772,0.02142650462962963,1.8621989646635155,33012,0.41265,4836,3.0225,6.826302729528536,17131,0.3823883928571429,1,
scene-0434,e0a212aafd574781b122a6ba66599a1e,f33fa652bf2d4d6a99d545104dba4e45,0c232cd83bf84a9797eb01b4d960e483,1538985554848731,False,34688,33021,0.3538773148148148,17778,0.021433738425925927,1.857408032399595,32947,0.4118375,4853,3.033125,6.788996497012158,16994,0.3793303571428571,1,
scene-0434,e0a212aafd574781b122a6ba66599a1e,20c9df32d45d46d8b34ebab0eb21be47,0c232cd83bf84a9797eb01b4d960e483,1538985554898474,False,34720,33097,0.3546917866941015,17796,0.021455439814814816,1.8597999550460778,33030,0.412875,4892,3.0575,6.751839738348324,17252,0.3850892857142857,1,
scene-0434,e0a212aafd574781b122a6ba66599a1e,bf5497cb8b9e4b93b901f70614b9accc,0c232cd83bf84a9797eb01b4d960e483,1538985554948244,False,34688,33028,0.3539523319615912,17818,0.021481963734567903,1.8536311595016275,32953,0.4119125,4937,3.085625,6.6747012355681585,17203,0.38399553571428574,1,
scene-0434,e0a212aafd574781b122a6ba66599a1e,3c9f44f2f3044d6d803ac01660318579,0c232cd83bf84a9797eb01b4d960e483,1538985554998559,False,34688,33047,0.3541559499314129,17649,0.021278211805555555,1.8724573630234007,32966,0.412075,4936,3.085,6.678687196110211,13594,0.3034375,1,
scene-0434,e0a212aafd574781b122a6ba66599a1e,4a4dd40104f24098bf50668756f8617b,0c232cd83bf84a9797eb01b4d960e483,1538985555048318,False,34688,33018,0.3538451646090535,17781,0.021437355324074075,1.8569259321747933,32935,0.4116875,4995,3.121875,6.593593593593593,14319,0.3196205357142857,1,
scene-0434,e0a212aafd574781b122a6ba66599a1e,820efa433d56406fa77e18868db8cbdf,0c232cd83bf84a9797eb01b4d960e483,1538985555098092,False,34720,33058,0.35427383401920437,17751,0.021401186342592592,1.862317615908963,32968,0.4121,5014,3.13375,6.575189469485441,17222,0.38441964285714286,1,
scene-0434,e0a212aafd574781b122a6ba66599a1e,99a3894f35744662b9ae39a51fbef2a7,0c232cd83bf84a9797eb01b4d960e483,1538985555148418,False,34688,33037,0.3540487825788752,17708,0.02134934413580247,1.8656539417212559,32959,0.4119875,4996,3.1225,6.597077662129704,17198,0.38388392857142856,1,
scene-0434,e0a212aafd574781b122a6ba66599a1e,15b5857d832547ea8e9e154db15097c3,0c232cd83bf84a9797eb01b4d960e483,1538985555198195,True,34688,33056,0.35425240054869683,17751,0.021401186342592592,1.8622049462002142,32976,0.4122,4966,3.10375,6.640354409987918,17071,0.38104910714285717,1,
scene-0434,e0a212aafd574781b122a6ba66599a1e,f5dba4963cb0463099b7358f39f67c1a,85a5a3825961400fb674216af0abea62,1538985555248515,False,34720,33113,0.35486325445816186,17614,0.021236014660493827,1.8799250596116726,33038,0.412975,4969,3.105625,6.648822700744617,13543,0.3022991071428571,1,
scene-0434,e0a212aafd574781b122a6ba66599a1e,8d752de5a2f04056ad0c63fa445f7a45,85a5a3825961400fb674216af0abea62,1538985555298257,False,34720,33059,0.35428455075445814,17596,0.02121431327160494,1.878779268015458,32988,0.41235,4928,3.08,6.6939935064935066,13594,0.3034375,1,
scene-0434,e0a212aafd574781b122a6ba66599a1e,00d7541680f842439a14e5f3e9d44bdc,85a5a3825961400fb674216af0abea62,1538985555348046,False,34752,33069,0.3543917181069959,17585,0.021201051311728395,1.8805231731589422,32990,0.412375,4904,3.065,6.727161500815661,13443,0.3000669642857143,1,
scene-0434,e0a212aafd574781b122a6ba66599a1e,24904d5d330d462eb0da1b516873b235,85a5a3825961400fb674216af0abea62,1538985555398362,False,34784,33112,0.3548525377229081,17634,0.021260127314814813,1.8777361914483384,33031,0.4128875,4878,3.04875,6.771422714227143,13469,0.3006473214285714,1,
scene-0434,e0a212aafd574781b122a6ba66599a1e,13ffff0e2b414aa4b95b09c6eebf3d84,85a5a3825961400fb674216af0abea62,1538985555448666,False,34752,33022,0.3538880315500686,17607,0.021227575231481482,1.8755040608848754,32926,0.411575,4769,2.980625,6.904172782553995,13465,0.3005580357142857,1,
scene-0434,e0a212aafd574781b122a6ba66599a1e,dc1a62fb1127473b8a77a190f9ad38ff,85a5a3825961400fb674216af0abea62,1538985555498432,False,34784,33091,0.3546274862825789,17638,0.02126494984567901,1.8761197414672866,32994,0.412425,4737,2.960625,6.965167827739076,13495,0.30122767857142857,1,
scene-0434,e0a212aafd574781b122a6ba66599a1e,344df59aec6548d7b5f8929566e82748,85a5a3825961400fb674216af0abea62,1538985555548755,False,34816,33095,0.35467035322359397,17687,0.021324025848765433,1.8711483010120427,33015,0.4126875,4670,2.91875,7.069593147751606,13543,0.3022991071428571,1,
scene-0434,e0a212aafd574781b122a6ba66599a1e,e4042862a6984993944f314dadc9e77e,85a5a3825961400fb674216af0abea62,1538985555598521,False,34784,33105,0.3547775205761317,17574,0.021187789351851852,1.8837487196995562,33028,0.41285,4595,2.871875,7.1878128400435255,13503,0.30140625,1,
scene-0434,e0a212aafd574781b122a6ba66599a1e,dd50e83f321a4cfeb612a93347baef7c,85a5a3825961400fb674216af0abea62,1538985555648869,True,34784,33106,0.3547882373113855,17559,0.02116970486111111,1.88541488695256,33025,0.4128125,4545,2.840625,7.266226622662266,13460,0.30044642857142856,1,
scene-0434,e0a212aafd574781b122a6ba66599a1e,c25323cddca544799795951dc819ab61,804b0f993b89497f8932440bfd02b580,1538985555699156,False,34784,33100,0.3547239368998628,17509,0.021109423225308642,1.8904563367411045,33014,0.412675,4550,2.84375,7.255824175824176,13485,0.3010044642857143,1,
scene-0434,e0a212aafd574781b122a6ba66599a1e,5639f2a11353446ba15ebe00a4d2e42c,804b0f993b89497f8932440bfd02b580,1538985555748923,False,34752,33059,0.35428455075445814,17616,0.021238425925925924,1.8766462306993643,32972,0.41215,4540,2.8375,7.262555066079295,14357,0.32046875,1,
scene-0434,e0a212aafd574781b122a6ba66599a1e,a2fb9825286342cab31ecd63d964c7f2,804b0f993b89497f8932440bfd02b580,1538985555799241,False,34784,33128,0.35502400548696844,17539,0.021145592206790124,1.8888192029192086,33038,0.412975,4531,2.831875,7.291547119841095,13566,0.3028125,1,
scene-0434,e0a212aafd574781b122a6ba66599a1e,5ca5e8c516f142c88ff12686f40aede0,804b0f993b89497f8932440bfd02b580,1538985555849033,False,34720,33070,0.35440243484224965,17520,0.021122685185185185,1.8875570776255708,32981,0.4122625,4553,2.845625,7.243795299802328,13505,0.3014508928571429,1,
scene-0434,e0a212aafd574781b122a6ba66599a1e,3b705f4d35dd480f9226fbd8ce31f072,804b0f993b89497f8932440bfd02b580,1538985555898789,False,34720,33107,0.35479895404663925,17384,0.02095871913580247,1.9044523699953981,33005,0.4125625,4519,2.824375,7.3036069926975,17039,0.38033482142857145,1,
scene-0434,e0a212aafd574781b122a6ba66599a1e,a84aad9f7b364dd6a57b2096736b253f,804b0f993b89497f8932440bfd02b580,1538985555949093,False,34720,33100,0.3547239368998628,17465,0.02105637538580247,1.8952190094474664,32990,0.412375,4606,2.87875,7.1623968736430745,17015,0.37979910714285714,1,
scene-0434,e0a212aafd574781b122a6ba66599a1e,230f2923dea046acadb8fc0c56a02e57,804b0f993b89497f8932440bfd02b580,1538985555998873,False,34656,33051,0.354198816872428,17373,0.020945457175925927,1.902434812640304,32923,0.4115375,4627,2.891875,7.115409552625891,17000,0.3794642857142857,1,
scene-0434,e0a212aafd574781b122a6ba66599a1e,b2ce2772e0004e0e848317c22dc25182,804b0f993b89497f8932440bfd02b580,1538985556048672,False,34688,33096,0.35468106995884774,17317,0.02087794174382716,1.9111855402205924,32949,0.4118625,4636,2.8975,7.107204486626402,16989,0.37921875,1,
scene-0434,e0a212aafd574781b122a6ba66599a1e,9102e77988b24ef789012a800915116f,804b0f993b89497f8932440bfd02b580,1538985556098951,False,34656,33033,0.3540059156378601,17299,0.02085624035493827,1.9095323429099949,32885,0.4110625,4612,2.8825,7.1303122289679095,16197,0.36154017857142856,1,
scene-0434,e0a212aafd574781b122a6ba66599a1e,d1a9921022b8426fb87f05b8436935ad,804b0f993b89497f8932440bfd02b580,1538985556148712,True,34656,33022,0.3538880315500686,17284,0.02083815586419753,1.9105531127053923,32855,0.4106875,4622,2.88875,7.108394634357421,16011,0.35738839285714286,1,
scene-0434,e0a212aafd574781b122a6ba66599a1e,ea6638cb0de544eca071efb5a9700e58,bc0b0ce075ee4b44ac3d002639f749aa,1538985556198494,False,34688,33054,0.3542309670781893,17269,0.02082007137345679,1.9140656668017835,32874,0.410925,4635,2.896875,7.0925566343042075,13310,0.2970982142857143,1,
scene-0434,e0a212aafd574781b122a6ba66599a1e,ee12295e1c9c48cfb3d6a767b836b016,bc0b0ce075ee4b44ac3d002639f749aa,1538985556248834,False,34656,33073,0.35443458504801095,16966,0.020454764660493827,1.9493693268890722,32897,0.4112125,4602,2.87625,7.1484137331594955,13228,0.29526785714285714,1,
scene-0434,e0a212aafd574781b122a6ba66599a1e,08991fbf58ae4fafb85493a38b3a5b29,bc0b0ce075ee4b44ac3d002639f749aa,1538985556298586,False,34688,33166,0.3554312414266118,17132,0.020654899691358024,1.935909409292552,32980,0.41225,4578,2.86125,7.2040192223678465,13293,0.29671875,1,
scene-0434,e0a212aafd574781b122a6ba66599a1e,48851e139a634b3c8623f0e544958f98,bc0b0ce075ee4b44ac3d002639f749aa,1538985556348331,False,34656,33128,0.35502400548696844,17058,0.02056568287037037,1.9420799624809473,32938,0.411725,4595,2.871875,7.168226332970621,13317,0.2972544642857143,1,
scene-0434,e0a212aafd574781b122a6ba66599a1e,256bf531fafa4b388ff64cd360d85b7f,bc0b0ce075ee4b44ac3d002639f749aa,1538985556398132,False,34688,33181,0.3555919924554184,17079,0.020591001157407408,1.94279524562328,33000,0.4125,4597,2.873125,7.178594735697194,13314,0.2971875,1,
scene-0434,e0a212aafd574781b122a6ba66599a1e,452356ffc79142cb9ee01f9af6b08c4f,bc0b0ce075ee4b44ac3d002639f749aa,1538985556448417,False,34656,33171,0.35548482510288065,17041,0.02054518711419753,1.9465406959685465,32998,0.412475,4595,2.871875,7.181284004352557,16982,0.3790625,1,
scene-0434,e0a212aafd574781b122a6ba66599a1e,42db790e98fb43d9b67b53ff77207fa9,bc0b0ce075ee4b44ac3d002639f749aa,1538985556498201,False,34688,33159,0.3553562242798354,17191,0.02072603202160494,1.928858123436682,32975,0.4121875,4597,2.873125,7.173156406351969,16886,0.37691964285714286,1,
scene-0434,e0a212aafd574781b122a6ba66599a1e,9f58e76379ae42fea0a37715697ff556,bc0b0ce075ee4b44ac3d002639f749aa,1538985556548002,False,34656,33150,0.35525977366255146,17191,0.02072603202160494,1.928334593682741,32967,0.4120875,4591,2.869375,7.1807884992376385,16936,0.3780357142857143,1,
scene-0434,e0a212aafd574781b122a6ba66599a1e,0908648abed148fcbe859f1fd38116e7,bc0b0ce075ee4b44ac3d002639f749aa,1538985556598326,False,34688,33193,0.35572059327846367,17139,0.02066333912037037,1.9366940895034717,33003,0.4125375,4631,2.894375,7.126538544590801,16929,0.3778794642857143,1,
scene-0434,e0a212aafd574781b122a6ba66599a1e,602eab258429437f9567f5f5106e1a23,bc0b0ce075ee4b44ac3d002639f749aa,1538985556648051,True,34656,33145,0.35520618998628256,17025,0.02052589699074074,1.9468428781204112,32944,0.4118,4594,2.87125,7.171092729647366,16887,0.3769419642857143,1,
scene-0434,e0a212aafd574781b122a6ba66599a1e,0da6d577e7ab4169b958522f1c30334a,bf91ce21b46f465eafc952c971f03345,1538985556697839,False,34688,33150,0.35525977366255146,17074,0.02058497299382716,1.9415485533559798,32962,0.412025,4610,2.88125,7.150108459869848,16822,0.3754910714285714,1,
scene-0434,e0a212aafd574781b122a6ba66599a1e,a5a0f5adc85741898b07468440e3c1e5,bf91ce21b46f465eafc952c971f03345,1538985556747601,False,34656,33104,0.35476680384087794,17025,0.02052589699074074,1.9444346549192364,32933,0.4116625,4629,2.893125,7.11449557139771,15105,0.3371651785714286,1,
scene-0434,e0a212aafd574781b122a6ba66599a1e,c969325a95ca4b709d1a4d8a43d341f8,bf91ce21b46f465eafc952c971f03345,1538985556797889,False,34656,33107,0.35479895404663925,16903,0.020378809799382717,1.9586463941312193,32945,0.4118125,4597,2.873125,7.166630411137699,13093,0.2922544642857143,1,
scene-0434,e0a212aafd574781b122a6ba66599a1e,09a4118e87934ff28f2680e4fe11db1a,bf91ce21b46f465eafc952c971f03345,1538985556847652,False,34688,33105,0.3547775205761317,17060,0.02056809413580247,1.940504103165299,32935,0.4116875,4594,2.87125,7.169133652590335,13117,0.2927901785714286,1,
scene-0434,e0a212aafd574781b122a6ba66599a1e,30056ce878754af8b6bfacb16dbfe6db,bf91ce21b46f465eafc952c971f03345,1538985556897428,False,34656,33089,0.3546060528120713,16981,0.020472849151234568,1.9485896001413345,32921,0.4115125,4560,2.85,7.2195175438596495,13092,0.2922321428571429,1,
scene-0434,e0a212aafd574781b122a6ba66599a1e,7da7a9d28c904d8b84015165b931420c,bf91ce21b46f465eafc952c971f03345,1538985556947742,False,34720,33195,0.3557420267489712,17022,0.020522280092592594,1.9501233697567852,33049,0.4131125,4563,2.851875,7.242822704361166,13084,0.2920535714285714,1,
scene-0434,e0a212aafd574781b122a6ba66599a1e,abf4fd1db9c0472fb24c0ca51318bfb0,bf91ce21b46f465eafc952c971f03345,1538985556997514,False,34720,33197,0.35576346021947874,16976,0.02046682098765432,1.9555254476908577,33056,0.4132,4576,2.86,7.223776223776224,13155,0.2936383928571429,1,
scene-0434,e0a212aafd574781b122a6ba66599a1e,c3087b2999844c19b568c3cfa6c7d18d,bf91ce21b46f465eafc952c971f03345,1538985557047829,False,34720,33215,0.35595636145404663,17042,0.02054639274691358,1.9490083323553573,33085,0.4135625,4605,2.878125,7.184581976112921,13207,0.2947991071428571,1,
scene-0434,e0a212aafd574781b122a6ba66599a1e,c823742aee1d4e648b0e9c9f31ff9e2d,bf91ce21b46f465eafc952c971f03345,1538985557097595,False,34752,33254,0.35637431412894377,17032,0.020534336419753087,1.952442461249413,33114,0.413925,4570,2.85625,7.245951859956237,15625,0.34877232142857145,1,
scene-0434,e0a212aafd574781b122a6ba66599a1e,a26bc864f2cb44c38943286a4335dfbf,bf91ce21b46f465eafc952c971f03345,1538985557147963,True,34752,33261,0.35644933127572015,17073,0.020583767361111113,1.9481637673519592,33134,0.414175,4576,2.86,7.240821678321678,16933,0.37796875,1,
scene-0434,e0a212aafd574781b122a6ba66599a1e,f5764820e9cc40509eb8b3e9525b73df,ae9c02dd7eb14076a825c7e4abbe6b91,1538985557197677,False,34752,33283,0.35668509945130317,17069,0.020578944830246915,1.9499091921026421,33148,0.41435,4616,2.885,7.181109185441941,16925,0.37779017857142855,2,56.41327188509294
scene-0434,e0a212aafd574781b122a6ba66599a1e,f856d20a722743e181f33cacf764db0f,ae9c02dd7eb14076a825c7e4abbe6b91,1538985557247997,False,34784,33328,0.3571673525377229,17047,0.020552420910493828,1.9550654074030622,33202,0.415025,4603,2.876875,7.213121877036715,16939,0.3781026785714286,2,56.229056557224325
scene-0434,e0a212aafd574781b122a6ba66599a1e,d3e085ff736a498a94b101e0d30d312d,ae9c02dd7eb14076a825c7e4abbe6b91,1538985557297763,False,34784,33324,0.35712448559670784,17061,0.02056929976851852,1.9532266572885528,33191,0.4148875,4609,2.880625,7.20134519418529,13146,0.2934375,2,56.04687355768521
scene-0434,e0a212aafd574781b122a6ba66599a1e,3f4a3d6934e141e098b47ad60b63aad9,ae9c02dd7eb14076a825c7e4abbe6b91,1538985557348087,False,34784,33319,0.35707090192043894,17101,0.020617525077160494,1.9483655926554002,33175,0.4146875,4555,2.846875,7.283205268935236,13205,0.2947544642857143,2,55.862652127612485
scene-0434,e0a212aafd574781b122a6ba66599a1e,dccdde2ef15440589676fce6c490e86d,ae9c02dd7eb14076a825c7e4abbe6b91,1538985557397889,False,34816,33374,0.35766032235939643,17192,0.02072723765432099,1.9412517449976734,33231,0.4153875,4598,2.87375,7.2272727272727275,13202,0.2946875,2,55.68034587726937
scene-0434,e0a212aafd574781b122a6ba66599a1e,62fa4d9718ae4612bc23575a1ee70825,ae9c02dd7eb14076a825c7e4abbe6b91,1538985557448182,False,34752,33303,0.3568994341563786,17182,0.020715181327160492,1.9382493306949133,33166,0.414575,4624,2.89,7.17257785467128,13187,0.29435267857142855,2,55.4962466364804
scene-0434,e0a212aafd574781b122a6ba66599a1e,cc39826aef154fe3a967625152c1297e,ae9c02dd7eb14076a825c7e4abbe6b91,1538985557498542,False,34784,33324,0.35712448559670784,17210,0.020748939043209878,1.936316095293434,33190,0.414875,4582,2.86375,7.243561763422086,13218,0.2950446428571429,2,55.31190658851037
scene-0434,e0a212aafd574781b122a6ba66599a1e,cccbd93069fd4ff8bd8e4f1414cf44b6,ae9c02dd7eb14076a825c7e4abbe6b91,1538985557548254,False,34752,33301,0.35687800068587106,17135,0.02065851658950617,1.9434490808287133,33174,0.414675,4637,2.898125,7.1541945223204655,13206,0.2947767857142857,2,55.12994291898845
scene-0434,e0a212aafd574781b122a6ba66599a1e,66f3e157444c4f3f939ebfaf9de085d9,ae9c02dd7eb14076a825c7e4abbe6b91,1538985557598676,False,34752,33318,0.3570601851851852,17193,0.020728443287037036,1.9378816960390857,33197,0.4149625,4647,2.904375,7.1437486550462665,13212,0.2949107142857143,2,54.945384916183116
scene-0434,e0a212aafd574781b122a6ba66599a1e,a4245a5788c34978bffe9515f7197a38,ae9c02dd7eb14076a825c7e4abbe6b91,1538985557648373,True,34752,33285,0.3567065329218107,17133,0.020656105324074074,1.942742076694099,33150,0.414375,4622,2.88875,7.172219818260493,14874,0.33200892857142855,2,54.763485106410165
scene-0434,e0a212aafd574781b122a6ba66599a1e,c57a33f893af40e3801a81d63734a6d8,5708639404524329b17e420e0b48b89a,1538985557698687,False,34752,33325,0.3571352023319616,17114,0.020633198302469135,1.9472361809045227,33194,0.414925,4662,2.91375,7.12012012012012,16964,0.3786607142857143,2,54.572176501044474
scene-0434,e0a212aafd574781b122a6ba66599a1e,08bf33f5a7aa4588ba95b18c0473e90a,5708639404524329b17e420e0b48b89a,1538985557748430,False,34720,33324,0.35712448559670784,17225,0.02076702353395062,1.9346298984034833,33194,0.414925,4639,2.899375,7.155421427031688,17007,0.3796205357142857,2,54.38304420076539
scene-0434,e0a212aafd574781b122a6ba66599a1e,3abd026ebf2f4c22b3686678ef0bec73,5708639404524329b17e420e0b48b89a,1538985557798190,False,34752,33355,0.3574567043895748,17246,0.020792341820987655,1.9340716687927635,33220,0.41525,4648,2.905,7.147160068846816,16971,0.37881696428571426,2,54.19385248597618
scene-0434,e0a212aafd574781b122a6ba66599a1e,ad6db914d5e74dcfbf6f588a20241ced,5708639404524329b17e420e0b48b89a,1538985557848522,False,34720,33305,0.35692086762688613,17237,0.02078149112654321,1.9321807739165748,33177,0.4147125,4650,2.90625,7.134838709677419,14392,0.32125,2,54.002491349039644
scene-0434,e0a212aafd574781b122a6ba66599a1e,a14aaa90ad9943eb9a3ebccfb5572690,5708639404524329b17e420e0b48b89a,1538985557898282,False,34688,33296,0.3568244170096022,17233,0.02077666859567901,1.9321070040039459,33166,0.414575,4666,2.91625,7.108015430775825,13192,0.29446428571428573,2,53.8133103085464
scene-0434,e0a212aafd574781b122a6ba66599a1e,f5d5a808dd664891a74e88c62b0ac9d6,5708639404524329b17e420e0b48b89a,1538985557948600,False,34720,33337,0.35726380315500683,17215,0.020754967206790122,1.936508858553587,33208,0.4151,4673,2.920625,7.106355660175476,13138,0.29325892857142855,2,53.62201330722176
scene-0434,e0a212aafd574781b122a6ba66599a1e,472253972aab45c3a80ef45a09438cd6,5708639404524329b17e420e0b48b89a,1538985557998384,False,34720,33332,0.357210219478738,17323,0.020885175540123455,1.9241470876868902,33193,0.4149125,4649,2.905625,7.139815013981502,13200,0.29464285714285715,2,53.43275192965719
scene-0434,e0a212aafd574781b122a6ba66599a1e,76185994b250408cbda8f5db35de8c05,5708639404524329b17e420e0b48b89a,1538985558048128,False,34688,33295,0.35681370027434844,17226,0.020768229166666666,1.9328340880065018,33160,0.4145,4624,2.89,7.171280276816609,17020,0.37991071428571427,2,53.24364812405941
scene-0434,e0a212aafd574781b122a6ba66599a1e,f26efb29090d4389ada36745986ef5b4,5708639404524329b17e420e0b48b89a,1538985558098465,False,34720,33299,0.3568565672153635,17255,0.020803192515432098,1.929817444219067,33155,0.4144375,4636,2.8975,7.151639344262295,13230,0.2953125,2,53.05229566794108
scene-0434,e0a212aafd574781b122a6ba66599a1e,9590ce4e96244015afd841ec50f81c3e,5708639404524329b17e420e0b48b89a,1538985558148232,True,34720,33315,0.35702803497942387,17313,0.020873119212962962,1.9242765551897418,33172,0.41465,4625,2.890625,7.172324324324324,13266,0.29611607142857144,2,52.8631156857027
scene-0434,e0a212aafd574781b122a6ba66599a1e,b1ede886f925438fa907244909a0a91d,b77b04681d3546e9ba3ab5c97d665ea8,1538985558198595,False,34688,33264,0.35648148148148145,17142,0.020666956018518517,1.9404970248512425,33116,0.41395,4601,2.875625,7.1975657465768315,17066,0.3809375,2,52.65987021577483
scene-0434,e0a212aafd574781b122a6ba66599a1e,a09b4b4afff34e20b27a41fe6ee6356a,b77b04681d3546e9ba3ab5c97d665ea8,1538985558248354,False,34688,33277,0.3566207990397805,17259,0.020808015046296296,1.928095486412886,33111,0.4138875,4570,2.85625,7.245295404814004,17070,0.3810267857142857,2,52.45907904792677
scene-0434,e0a212aafd574781b122a6ba66599a1e,1d255f834d534bea924480fdea037ddc,b77b04681d3546e9ba3ab5c97d665ea8,1538985558298082,False,34720,33260,0.3564386145404664,17222,0.020763406635802468,1.931250725815817,33076,0.41345,4638,2.89875,7.13152220784821,17031,0.38015625,2,52.25842984273065
scene-0434,e0a212aafd574781b122a6ba66599a1e,6585b164d6734adf9eb156669e974417,b77b04681d3546e9ba3ab5c97d665ea8,1538985558348391,False,34688,33253,0.35636359739369,17270,0.02082127700617284,1.9254777070063693,33043,0.4130375,4606,2.87875,7.173903603994789,17016,0.3798214285714286,2,52.05545370066579
scene-0434,e0a212aafd574781b122a6ba66599a1e,1e7bdcc8a96848659228773ac703efde,b77b04681d3546e9ba3ab5c97d665ea8,1538985558398152,False,34688,33213,0.3559349279835391,17231,0.020774257330246914,1.9275143636469154,33005,0.4125625,4629,2.893125,7.130049686757399,13257,0.29591517857142857,2,51.854705890049686
scene-0434,e0a212aafd574781b122a6ba66599a1e,dffb661c5b9347cea209b6d46b84b5eb,b77b04681d3546e9ba3ab5c97d665ea8,1538985558447920,False,34688,33218,0.35598851165980794,17198,0.020734471450617284,1.9315036632166531,33004,0.41255,4601,2.875625,7.1732232123451425,13260,0.29598214285714286,2,51.65394732715621
scene-0434,e0a212aafd574781b122a6ba66599a1e,c18515a73ba8406d9c487ab598d07b0a,b77b04681d3546e9ba3ab5c97d665ea8,1538985558498252,False,34688,33216,0.3559670781893004,17131,0.020653694058641977,1.9389411009281419,33004,0.41255,4598,2.87375,7.177903436276642,17105,0.38180803571428573,2,51.450931647178685
scene-0434,e0a212aafd574781b122a6ba66599a1e,2b56356b77c5446daab24a1d43823a3c,b77b04681d3546e9ba3ab5c97d665ea8,1538985558548058,False,34688,33235,0.35617069615912206,17168,0.0206983024691358,1.9358690587138863,33016,0.4127,4646,2.90375,7.106328024106759,15526,0.3465625,2,51.25005562938312
scene-0434,e0a212aafd574781b122a6ba66599a1e,6be625cb66e04825a9681c96e994a4b7,b77b04681d3546e9ba3ab5c97d665ea8,1538985558597772,False,34688,33225,0.3560635288065844,17156,0.02068383487654321,1.9366402424807647,33000,0.4125,4629,2.893125,7.128969539857421,13287,0.29658482142857145,2,51.04956875539967
scene-0434,e0a212aafd574781b122a6ba66599a1e,dcad433993554d5e8d60faa2c8700b1c,b77b04681d3546e9ba3ab5c97d665ea8,1538985558648096,True,34688,33192,0.3557098765432099,17089,0.0206030574845679,1.9423020656562702,32976,0.4122,4674,2.92125,7.055198973042362,13295,0.29676339285714287,2,50.8466404986602
scene-0434,e0a212aafd574781b122a6ba66599a1e,23920de7a2e34fd49308bb23375f9661,93d4a5ef1d0146a8af2953d8178d22bd,1538985558697890,False,34688,33221,0.3560206618655693,17205,0.02074291087962963,1.9308921825050858,33000,0.4125,4693,2.933125,7.031749414020882,17229,0.38457589285714283,2,50.63938105259602
scene-0434,e0a212aafd574781b122a6ba66599a1e,18460bec9f6345ff8bafff88e5bb365e,93d4a5ef1d0146a8af2953d8178d22bd,1538985558747624,False,34688,33202,0.3558170438957476,17158,0.02068624614197531,1.9350740179508101,32978,0.412225,4682,2.92625,7.043571123451517,13441,0.30002232142857144,2,50.43237905863676
scene-0434,e0a212aafd574781b122a6ba66599a1e,6d2d0781c68644eeb35a35872ab04ea3,93d4a5ef1d0146a8af2953d8178d22bd,1538985558797994,False,34688,33146,0.35521690672153633,17128,0.020650077160493826,1.9351938346567026,32927,0.4115875,4675,2.921875,7.043208556149732,17241,0.38484375,2,50.22273786973554
scene-0434,e0a212aafd574781b122a6ba66599a1e,f84f1eb3b62a4dab952feee7a9b99091,93d4a5ef1d0146a8af2953d8178d22bd,1538985558847725,False,34688,33106,0.3547882373113855,17207,0.02074532214506173,1.923984424943337,32897,0.4112125,4692,2.9325,7.011295822676897,13467,0.3006026785714286,2,50.0157641646993
scene-0434,e0a212aafd574781b122a6ba66599a1e,3aadcbcc80544d3fbb3abce1d5f27755,93d4a5ef1d0146a8af2953d8178d22bd,1538985558897508,False,34688,33117,0.35490612139917693,17062,0.02057050540123457,1.94097995545657,32914,0.411425,4664,2.915,7.057032590051458,13370,0.2984375,2,49.80858205343755
scene-0434,e0a212aafd574781b122a6ba66599a1e,cfee8519f4184ef3bf04279f39136051,93d4a5ef1d0146a8af2953d8178d22bd,1538985558947797,False,34688,33057,0.3542631172839506,17074,0.02058497299382716,1.936101675061497,32878,0.410975,4729,2.955625,6.952421230704166,13382,0.2987053571428571,2,49.5993023597736
scene-0434,e0a212aafd574781b122a6ba66599a1e,95dd52bce9f54fdb874dbf23816f5f9e,93d4a5ef1d0146a8af2953d8178d22bd,1538985558997575,False,34688,33009,0.35374871399176955,17043,0.02054759837962963,1.936806900193628,32847,0.4105875,4716,2.9475,6.9650127226463106,13430,0.29977678571428573,2,49.39215747180551
scene-0434,e0a212aafd574781b122a6ba66599a1e,f03f2abf2c2841deb0a1bab26c296ce2,93d4a5ef1d0146a8af2953d8178d22bd,1538985559047328,False,34688,32953,0.3531485768175583,17004,0.020500578703703705,1.9379557751117384,32812,0.41015,4690,2.93125,6.9961620469083154,13431,0.2997991071428571,2,49.18512493257156
scene-0434,e0a212aafd574781b122a6ba66599a1e,b02fe93bba014c5a9dd5cbcc07c50d3d,93d4a5ef1d0146a8af2953d8178d22bd,1538985559097656,False,34656,32925,0.35284850823045266,16979,0.02047043788580247,1.9391601389952293,32799,0.4099875,4713,2.945625,6.959261616804583,13412,0.299375,2,48.97570826385073
scene-0434,e0a212aafd574781b122a6ba66599a1e,dfcaa5f7e1b84ae5880b0169b406def3,93d4a5ef1d0146a8af2953d8178d22bd,1538985559147420,True,34688,32963,0.35325574417009603,17014,0.020512635030864198,1.9374044904196543,32868,0.41085,4721,2.950625,6.962084304172845,13424,0.29964285714285716,2,48.76864699784074
scene-0434,e0a212aafd574781b122a6ba66599a1e,9e55fd8a7fbd48209d85963be0243668,8a108cc599824e6491797f20988fc4b7,1538985559197185,False,34688,32923,0.3528270747599451,17108,0.02062596450617284,1.9244213233574936,32841,0.4105125,4764,2.9775,6.893576826196473,17293,0.3860044642857143,2,48.55264102743482
scene-0434,e0a212aafd574781b122a6ba66599a1e,19721f471e904d09b90446d844b8aacb,8a108cc599824e6491797f20988fc4b7,1538985559247502,False,34688,32923,0.3528270747599451,17106,0.02062355324074074,1.9246463229276278,32838,0.410475,4766,2.97875,6.890054553084347,17351,0.38729910714285715,2,48.334247775951795
scene-0434,e0a212aafd574781b122a6ba66599a1e,a741e39e825946c78438b031d28941fb,8a108cc599824e6491797f20988fc4b7,1538985559297300,False,34656,32886,0.3524305555555556,17066,0.020575327932098767,1.926989335520919,32795,0.4099375,4764,2.9775,6.8839210747271204,17353,0.38734375,2,48.11811588005928
scene-0434,e0a212aafd574781b122a6ba66599a1e,e6f06062ea3b43fa846cc85c5f53fd9e,8a108cc599824e6491797f20988fc4b7,1538985559347043,False,34688,32863,0.3521840706447188,17056,0.02056327160493827,1.9267706378986866,32788,0.40985,4741,2.963125,6.91584053997047,17284,0.3858035714285714,2,47.902231467005926
scene-0434,e0a212aafd574781b122a6ba66599a1e,f5012fb2fd114403abf3ff22b2684b93,8a108cc599824e6491797f20988fc4b7,1538985559396815,False,34688,32857,0.3521197702331962,17202,0.020739293981481482,1.9100685966748052,32774,0.409675,4814,3.00875,6.808059825508932,17266,0.38540178571428574,2,47.686230089524024
scene-0434,e0a212aafd574781b122a6ba66599a1e,57d96a2782124f96bf328d276fe8f61e,8a108cc599824e6491797f20988fc4b7,1538985559447129,False,34688,32829,0.35181970164609055,17195,0.020730854552469136,1.9092177958708927,32750,0.409375,4804,3.0025,6.817235636969192,17288,0.38589285714285715,2,47.46788569896783
scene-0434,e0a212aafd574781b122a6ba66599a1e,352d035e6942447fbed5633629101344,8a108cc599824e6491797f20988fc4b7,1538985559496893,False,34656,32763,0.35111239711934156,17144,0.020669367283950617,1.9110475968268783,32684,0.40855,4845,3.028125,6.745923632610939,17236,0.38473214285714286,2,47.251937299249995
scene-0434,e0a212aafd574781b122a6ba66599a1e,72a29198be59472ca26416e9b822d29d,8a108cc599824e6491797f20988fc4b7,1538985559546660,False,34688,32789,0.35139103223593965,17165,0.020694685570987654,1.9102242936207399,32701,0.4087625,4850,3.03125,6.742474226804124,16771,0.37435267857142857,2,47.03598514951736
scene-0434,e0a212aafd574781b122a6ba66599a1e,178a5faaea904a1c8d6e1969d03e955d,8a108cc599824e6491797f20988fc4b7,1538985559596979,False,34688,32803,0.35154106652949246,17190,0.020724826388888888,1.90826061663758,32702,0.408775,4834,3.02125,6.764997931319818,13453,0.3002901785714286,2,46.81764728034742
scene-0434,e0a212aafd574781b122a6ba66599a1e,038e0037f1084193a35aa832baba4647,8a108cc599824e6491797f20988fc4b7,1538985559646748,True,34688,32793,0.3514338991769547,17286,0.02084056712962963,1.897084345713294,32679,0.4084875,4857,3.035625,6.728227300802965,13812,0.30830357142857145,2,46.6017054838125
scene-0434,e0a212aafd574781b122a6ba66599a1e,002dd9261f95455ea9b4e4b632219148,11f9312f5e9d4ec1804e9d413ac4622e,1538985559696528,False,34656,32755,0.3510266632373114,17252,0.02079957561728395,1.8986204498029213,32651,0.4081375,4888,3.055,6.679828150572831,17215,0.38426339285714284,2,46.384481632030734
scene-0434,e0a212aafd574781b122a6ba66599a1e,a30d86aaf7614b7ea81dfa2cef3efbbe,11f9312f5e9d4ec1804e9d413ac4622e,1538985559746851,False,34688,32775,0.35124099794238683,17289,0.02084418402777778,1.8957140378275203,32660,0.40825,4896,3.06,6.670751633986928,17198,0.38388392857142856,2,46.16489808422512
scene-0434,e0a212aafd574781b122a6ba66599a1e,e2da2ee62ecd499e9ccbb4fa27dcb82e,11f9312f5e9d4ec1804e9d413ac4622e,1538985559796592,False,34688,32807,0.35158393347050754,17278,0.020830922067901235,1.8987730061349692,32675,0.4084375,4845,3.028125,6.7440660474716205,17241,0.38484375,2,45.947863884780155
scene-0434,e0a212aafd574781b122a6ba66599a1e,66d4563f43784769997b549ff856e552,11f9312f5e9d4ec1804e9d413ac4622e,1538985559846377,False,34720,32860,0.3521519204389575,17281,0.020834538966049383,1.9015103292633528,32719,0.4089875,4896,3.06,6.6828022875816995,17296,0.38607142857142857,2,45.730647597528026
scene-0434,e0a212aafd574781b122a6ba66599a1e,63723e79e7e14782908dac6915668a32,11f9312f5e9d4ec1804e9d413ac4622e,1538985559896719,False,34720,32832,0.35185185185185186,17261,0.020810426311728396,1.9020914199640808,32688,0.4086,4910,3.06875,6.6574338085539715,17326,0.38674107142857145,2,45.51101128338513
scene-0434,e0a212aafd574781b122a6ba66599a1e,fad6f2f68d7e4659aea965f86f8a46cf,11f9312f5e9d4ec1804e9d413ac4622e,1538985559946463,False,34720,32827,0.351798268175583,17280,0.020833333333333332,1.899710648148148,32663,0.4082875,4951,3.094375,6.597253080185821,17321,0.38662946428571426,2,45.29399420671984
scene-0434,e0a212aafd574781b122a6ba66599a1e,47563e821c144526a93a86396f96b925,11f9312f5e9d4ec1804e9d413ac4622e,1538985559996779,False,34752,32835,0.35188400205761317,17225,0.02076702353395062,1.9062409288824382,32658,0.408225,4951,3.094375,6.596243183195314,17326,0.38674107142857145,2,45.074492176345714
scene-0434,e0a212aafd574781b122a6ba66599a1e,4596f0afbf7446979ea97c189650d098,11f9312f5e9d4ec1804e9d413ac4622e,1538985560046557,False,34720,32825,0.3517768347050754,17188,0.02072241512345679,1.9097626250872701,32629,0.4078625,4955,3.096875,6.585065590312816,17326,0.38674107142857145,2,44.857347695760325
scene-0434,e0a212aafd574781b122a6ba66599a1e,ba47381e2a7f41679cbc712c7dfd56f8,11f9312f5e9d4ec1804e9d413ac4622e,1538985560096860,False,34752,32865,0.35220550411522633,17183,0.020716386959876543,1.9126462201012628,32674,0.408425,4949,3.093125,6.602141846837745,17296,0.38607142857142857,2,44.637923837075334
scene-0434,e0a212aafd574781b122a6ba66599a1e,36eaa13894144d7ea43124c1476c6018,11f9312f5e9d4ec1804e9d413ac4622e,1538985560147204,True,34720,32835,0.35188400205761317,17192,0.02072723765432099,1.9098999534667287,32625,0.4078125,5003,3.126875,6.521087347591445,17243,0.3848883928571429,2,44.41833217265145
