A,B,contrast,effect,executions,maximum,mean,metric,minimum,model_id,mps_enabled,pair,range,std
scene-0770,scene-0398,BA-AA,co_runner,3,0.01940378449723895,0.010579504809477539,R,0.0011115589098404932,yolov3,False,3dssd+yolov3,0.01829222558739846,0.009163084026641984
scene-0770,scene-0398,BB-AB,co_runner,3,-0.033521487584106946,-0.045422937039578636,R,-0.06130074172593525,yolov3,False,3dssd+yolov3,0.027779254141828302,0.014310146430442655
scene-0770,scene-0398,AB-AA,own_input,3,0.09602081055202205,0.091968226092562,R,0.08891800697036834,yolov3,False,3dssd+yolov3,0.007102803581653716,0.0036559549890422724
scene-0770,scene-0398,BB-BA,own_input,3,0.048407720036761415,0.03596578424350583,R,0.016394094223079914,yolov3,False,3dssd+yolov3,0.0320136258136815,0.017156430454482466
scene-0770,scene-0398,BB-BA-AB+AA,interaction,3,-0.0425581407185342,-0.05600244184905617,R,-0.07252391274728842,yolov3,False,3dssd+yolov3,0.029965772028754223,0.015218035472895306
scene-0770,scene-0398,BA-AA,co_runner,3,0.7297279999999979,0.3683769999999977,P50_ms,0.18694249999999712,yolov3,False,3dssd+yolov3,0.5427855000000008,0.31294006611769953
scene-0770,scene-0398,BB-AB,co_runner,3,0.7505270000000017,0.5600566666666668,P50_ms,0.4171049999999994,yolov3,False,3dssd+yolov3,0.3334220000000023,0.17171509916816804
scene-0770,scene-0398,AB-AA,own_input,3,-0.9335290000000036,-0.9871851666666677,P50_ms,-1.0529659999999978,yolov3,False,3dssd+yolov3,0.11943699999999424,0.06063460149603509
scene-0770,scene-0398,BB-BA,own_input,3,-0.369944499999999,-0.7955054999999985,P50_ms,-1.1922505,yolov3,False,3dssd+yolov3,0.8223060000000011,0.41190965125983675
scene-0770,scene-0398,BB-BA-AB+AA,interaction,3,0.5635845000000046,0.19167966666666914,P50_ms,-0.21718999999999866,yolov3,False,3dssd+yolov3,0.7807745000000033,0.39169759271673416
scene-0770,scene-0398,BA-AA,co_runner,3,1.0586137499999992,0.8373330833333318,P99_ms,0.6027042500000022,yolov3,False,3dssd+yolov3,0.4559094999999971,0.22824766858082599
scene-0770,scene-0398,BB-AB,co_runner,3,-0.3642639999999986,-0.5116701466666669,P99_ms,-0.7137774800000045,yolov3,False,3dssd+yolov3,0.3495134800000059,0.18106375408260206
scene-0770,scene-0398,AB-AA,own_input,3,1.3162295799999981,1.2895285300000008,P99_ms,1.269018299999999,yolov3,False,3dssd+yolov3,0.04721127999999908,0.02420683641068859
scene-0770,scene-0398,BB-BA,own_input,3,0.1012843300000057,-0.05947469999999792,P99_ms,-0.24656440999999774,yolov3,False,3dssd+yolov3,0.34784874000000343,0.17541284163892948
scene-0770,scene-0398,BB-BA-AB+AA,interaction,3,-1.2149452499999924,-1.3490032299999986,P99_ms,-1.5155827099999968,yolov3,False,3dssd+yolov3,0.30063746000000435,0.15293448453668212
scene-0770,scene-0398,BA-AA,co_runner,3,0.6622207499999959,0.4689560833333341,P99_minus_P50_ms,0.3288857500000013,yolov3,False,3dssd+yolov3,0.3333349999999946,0.17291698407135167
scene-0770,scene-0398,BB-AB,co_runner,3,-0.781368999999998,-1.0717268133333337,P99_minus_P50_ms,-1.4643044800000062,yolov3,False,3dssd+yolov3,0.6829354800000083,0.3527561356976333
scene-0770,scene-0398,AB-AA,own_input,3,2.369195579999996,2.2767136966666683,P99_minus_P50_ms,2.2168667100000086,yolov3,False,3dssd+yolov3,0.1523288699999874,0.08123914400830017
scene-0770,scene-0398,BB-BA,own_input,3,0.9456860900000024,0.7360308000000005,P99_minus_P50_ms,0.3368004799999973,yolov3,False,3dssd+yolov3,0.6088856100000051,0.3458893472136655
scene-0770,scene-0398,BB-BA-AB+AA,interaction,3,-1.2983927099999981,-1.5406828966666677,P99_minus_P50_ms,-1.8800662300000113,yolov3,False,3dssd+yolov3,0.5816735200000132,0.30274796500476864
scene-0770,scene-0398,BA-AA,co_runner,3,0.0,0.0,throughput_hz,0.0,yolov3,False,3dssd+yolov3,0.0,0.0
scene-0770,scene-0398,BB-AB,co_runner,3,0.0005550975265418145,-3.2919411151984455e-05,throughput_hz,-0.00046625254825727325,yolov3,False,3dssd+yolov3,0.0010213500747990878,0.0005279529358251596
scene-0770,scene-0398,AB-AA,own_input,3,-0.18388402821278227,-0.18432123463651648,throughput_hz,-0.18467817852624258,yolov3,False,3dssd+yolov3,0.0007941503134603067,0.0004031131799709931
scene-0770,scene-0398,BB-BA,own_input,3,-0.18407163142452276,-0.18435415404766844,throughput_hz,-0.18486774971878184,yolov3,False,3dssd+yolov3,0.0007961182942590739,0.0004455301894780018
scene-0770,scene-0398,BB-BA-AB+AA,interaction,3,0.0005550975265418145,-3.2919411151984455e-05,throughput_hz,-0.00046625254825727325,yolov3,False,3dssd+yolov3,0.0010213500747990878,0.0005279529358251596
scene-0770,scene-0398,BA-AA,co_runner,3,0.0,0.0,analysis_count,0.0,yolov3,False,3dssd+yolov3,0.0,0.0
scene-0770,scene-0398,BB-AB,co_runner,3,0.0,0.0,analysis_count,0.0,yolov3,False,3dssd+yolov3,0.0,0.0
scene-0770,scene-0398,AB-AA,own_input,3,-3.0,-3.0,analysis_count,-3.0,yolov3,False,3dssd+yolov3,0.0,0.0
scene-0770,scene-0398,BB-BA,own_input,3,-3.0,-3.0,analysis_count,-3.0,yolov3,False,3dssd+yolov3,0.0,0.0
scene-0770,scene-0398,BB-BA-AB+AA,interaction,3,0.0,0.0,analysis_count,0.0,yolov3,False,3dssd+yolov3,0.0,0.0
scene-0770,scene-0398,BA-AA,co_runner,3,0.0,0.0,analysis_unique_source_count,0.0,yolov3,False,3dssd+yolov3,0.0,0.0
scene-0770,scene-0398,BB-AB,co_runner,3,0.0,0.0,analysis_unique_source_count,0.0,yolov3,False,3dssd+yolov3,0.0,0.0
scene-0770,scene-0398,AB-AA,own_input,3,-3.0,-3.0,analysis_unique_source_count,-3.0,yolov3,False,3dssd+yolov3,0.0,0.0
scene-0770,scene-0398,BB-BA,own_input,3,-3.0,-3.0,analysis_unique_source_count,-3.0,yolov3,False,3dssd+yolov3,0.0,0.0
scene-0770,scene-0398,BB-BA-AB+AA,interaction,3,0.0,0.0,analysis_unique_source_count,0.0,yolov3,False,3dssd+yolov3,0.0,0.0
scene-0770,scene-0398,AB-AA,co_runner,3,0.008176989265733084,0.003917109769594751,R,-0.0030334024579304307,3dssd,False,3dssd+yolov3,0.011210391723663515,0.00607024291284159
scene-0770,scene-0398,BB-BA,co_runner,3,0.012627787874839723,0.005333287681175351,R,-0.0011188043883141874,3dssd,False,3dssd+yolov3,0.01374659226315391,0.0069119055475395175
scene-0770,scene-0398,BA-AA,own_input,3,0.004860611862756051,-0.0014660128482492883,R,-0.00831309877098741,3dssd,False,3dssd+yolov3,0.013173710633743462,0.006602258921769894
scene-0770,scene-0398,BB-AB,own_input,3,0.007348091561782743,-4.983493666868797e-05,R,-0.004631661345249071,3dssd,False,3dssd+yolov3,0.011979752907031814,0.006467335982884537
scene-0770,scene-0398,BB-BA-AB+AA,interaction,3,0.015661190332770154,0.0014161779115806003,R,-0.007726546889295787,3dssd,False,3dssd+yolov3,0.02338773722206594,0.012500862662728637
scene-0770,scene-0398,AB-AA,co_runner,3,0.04980399999999463,-0.0984788333333384,P50_ms,-0.24210550000000808,3dssd,False,3dssd+yolov3,0.2919095000000027,0.1460104412827511
scene-0770,scene-0398,BB-BA,co_runner,3,0.14439999999999742,-0.08863316666666539,P50_ms,-0.2236804999999933,3dssd,False,3dssd+yolov3,0.3680804999999907,0.2026616176550998
scene-0770,scene-0398,BA-AA,own_input,3,0.2311160000000001,0.11797683333333235,P50_ms,0.03723500000000257,3dssd,False,3dssd+yolov3,0.19388099999999753,0.10091903163221157
scene-0770,scene-0398,BB-AB,own_input,3,0.14763200000000154,0.12782250000000536,P50_ms,0.10400450000000916,3dssd,False,3dssd+yolov3,0.04362749999999238,0.02208824898559942
scene-0770,scene-0398,BB-BA-AB+AA,interaction,3,0.09459600000000279,0.009845666666673006,P50_ms,-0.08348399999999856,3dssd,False,3dssd+yolov3,0.17808000000000135,0.08934945618375952
scene-0770,scene-0398,AB-AA,co_runner,3,0.19231484000000165,0.07594779000000074,P99_ms,-0.08626197000000246,3dssd,False,3dssd+yolov3,0.2785768100000041,0.1448358564463677
scene-0770,scene-0398,BB-BA,co_runner,3,0.7202767999999864,0.15129175999999234,P99_ms,-0.24152970000000096,3dssd,False,3dssd+yolov3,0.9618064999999874,0.5045226863574808
scene-0770,scene-0398,BA-AA,own_input,3,0.4558082400000032,0.05400234000000618,P99_ms,-0.3380865199999974,3dssd,False,3dssd+yolov3,0.7938947600000006,0.39703657027865297
scene-0770,scene-0398,BB-AB,own_input,3,0.46845224999999147,0.12934630999999777,P99_ms,-0.10237701999999871,3dssd,False,3dssd+yolov3,0.5708292699999902,0.30018291518670587
scene-0770,scene-0398,BB-BA-AB+AA,interaction,3,0.8065387699999889,0.0753439699999916,P99_ms,-0.4338445400000026,3dssd,False,3dssd+yolov3,1.2403833099999915,0.6493094666885028
scene-0770,scene-0398,AB-AA,co_runner,3,0.3638960000000111,0.17442662333333914,P99_minus_P50_ms,-0.1360659699999971,3dssd,False,3dssd+yolov3,0.4999619700000082,0.27106356651315583
scene-0770,scene-0398,BB-BA,co_runner,3,0.575876799999989,0.23992492666665774,P99_minus_P50_ms,-0.054910700000000645,3dssd,False,3dssd+yolov3,0.6307874999999896,0.31739742728009823
scene-0770,scene-0398,BA-AA,own_input,3,0.2246922400000031,-0.06397449333332617,P99_minus_P50_ms,-0.37532151999999996,3dssd,False,3dssd+yolov3,0.6000137600000031,0.30064917233646304
scene-0770,scene-0398,BB-AB,own_input,3,0.3366212499999861,0.0015238099999924277,P99_minus_P50_ms,-0.20638152000000787,3dssd,False,3dssd+yolov3,0.543002769999994,0.2929955233303137
scene-0770,scene-0398,BB-BA-AB+AA,interaction,3,0.7119427699999861,0.06549830333331859,P99_minus_P50_ms,-0.35036054000000405,3dssd,False,3dssd+yolov3,1.0623033099999901,0.5674498901887761
scene-0770,scene-0398,AB-AA,co_runner,3,0.0442540679824468,0.00958086269834979,throughput_hz,-0.05881330577323496,3dssd,False,3dssd+yolov3,0.10306737375568176,0.059233000953372916
scene-0770,scene-0398,BB-BA,co_runner,3,0.09484182668155228,0.0437854425010021,throughput_hz,-0.007655089218154387,3dssd,False,3dssd+yolov3,0.10249691589970666,0.05124953774656361
scene-0770,scene-0398,BA-AA,own_input,3,-0.05180497255289751,-0.13791554617752175,throughput_hz,-0.20681309556008998,3dssd,False,3dssd+yolov3,0.15500812300719247,0.07892462038059754
scene-0770,scene-0398,BB-AB,own_input,3,-0.05093720839912663,-0.10371096637486943,throughput_hz,-0.1562253368609845,3dssd,False,3dssd+yolov3,0.10528812846185787,0.052644543498376946
scene-0770,scene-0398,BB-BA-AB+AA,interaction,3,0.05115821655508057,0.03420457980265231,throughput_hz,0.000867764153770878,3dssd,False,3dssd+yolov3,0.05029045240130969,0.02887193817094707
scene-0770,scene-0398,AB-AA,co_runner,3,1.0,0.3333333333333333,analysis_count,-1.0,3dssd,False,3dssd+yolov3,2.0,1.1547005383792517
scene-0770,scene-0398,BB-BA,co_runner,3,2.0,1.0,analysis_count,0.0,3dssd,False,3dssd+yolov3,2.0,1.0
scene-0770,scene-0398,BA-AA,own_input,3,-1.0,-2.6666666666666665,analysis_count,-4.0,3dssd,False,3dssd+yolov3,3.0,1.5275252316519465
scene-0770,scene-0398,BB-AB,own_input,3,-1.0,-2.0,analysis_count,-3.0,3dssd,False,3dssd+yolov3,2.0,1.0
scene-0770,scene-0398,BB-BA-AB+AA,interaction,3,1.0,0.6666666666666666,analysis_count,0.0,3dssd,False,3dssd+yolov3,1.0,0.5773502691896258
scene-0770,scene-0398,AB-AA,co_runner,3,1.0,0.3333333333333333,analysis_unique_source_count,-1.0,3dssd,False,3dssd+yolov3,2.0,1.1547005383792517
scene-0770,scene-0398,BB-BA,co_runner,3,2.0,1.0,analysis_unique_source_count,0.0,3dssd,False,3dssd+yolov3,2.0,1.0
scene-0770,scene-0398,BA-AA,own_input,3,-1.0,-2.6666666666666665,analysis_unique_source_count,-4.0,3dssd,False,3dssd+yolov3,3.0,1.5275252316519465
scene-0770,scene-0398,BB-AB,own_input,3,-1.0,-2.0,analysis_unique_source_count,-3.0,3dssd,False,3dssd+yolov3,2.0,1.0
scene-0770,scene-0398,BB-BA-AB+AA,interaction,3,1.0,0.6666666666666666,analysis_unique_source_count,0.0,3dssd,False,3dssd+yolov3,1.0,0.5773502691896258
scene-0245,scene-0184,BA-AA,co_runner,3,0.3648416124352355,0.34020166895848725,R,0.32577140282207884,dino,False,centerpoint+dino,0.03907020961315666,0.021442911494230162
scene-0245,scene-0184,BB-AB,co_runner,3,0.4374438110562071,0.3608372306090965,R,0.3222625549414721,dino,False,centerpoint+dino,0.11518125611473501,0.06634379983019494
scene-0245,scene-0184,AB-AA,own_input,3,0.026771062662778178,-0.01338310873182876,R,-0.09110022641633742,dino,False,centerpoint+dino,0.1178712890791156,0.06731746725610405
scene-0245,scene-0184,BB-BA,own_input,3,0.021213760565604423,0.007252452918780554,R,-0.0184980277953658,dino,False,centerpoint+dino,0.039711788360970224,0.0223270012521853
scene-0245,scene-0184,BB-BA-AB+AA,interaction,3,0.07260219862097161,0.020635561650609313,R,-0.007729436676675139,dino,False,centerpoint+dino,0.08033163529764675,0.04506740415618977
scene-0245,scene-0184,BA-AA,co_runner,3,-1.8808725000000095,-3.228732833333344,P50_ms,-5.557900500000017,dino,False,centerpoint+dino,3.677028000000007,2.025427557341006
scene-0245,scene-0184,BB-AB,co_runner,3,-2.092658,-5.391166000000003,P50_ms,-9.602277000000015,dino,False,centerpoint+dino,7.509619000000015,3.8370858158239134
scene-0245,scene-0184,AB-AA,own_input,3,5.915224499999994,2.2007978333333305,P50_ms,-0.869512499999999,dino,False,centerpoint+dino,6.784736999999993,3.4379250177894094
scene-0245,scene-0184,BB-BA,own_input,3,1.8708479999999952,0.03836466666667112,P50_ms,-1.0812979999999897,dino,False,centerpoint+dino,2.952145999999985,1.5999613990497732
scene-0245,scene-0184,BB-BA-AB+AA,interaction,3,-0.21178549999999063,-2.162433166666659,P50_ms,-4.0443764999999985,dino,False,centerpoint+dino,3.832591000000008,1.9172189904610135
scene-0245,scene-0184,BA-AA,co_runner,3,28.550529119999993,26.869401609999993,P99_ms,24.961362169999973,dino,False,centerpoint+dino,3.5891669500000205,1.805310670418076
scene-0245,scene-0184,BB-AB,co_runner,3,27.31588479000007,25.883364990000036,P99_ms,23.225084720000012,dino,False,centerpoint+dino,4.090800070000057,2.3044582553257653
scene-0245,scene-0184,AB-AA,own_input,3,4.628017260000007,1.7653390766666253,P99_ms,-0.6435632100000817,dino,False,centerpoint+dino,5.271580470000089,2.6649248744042153
scene-0245,scene-0184,BB-BA,own_input,3,1.7109594100000152,0.7793024566666702,P99_ms,-0.1298404800000128,dino,False,centerpoint+dino,1.840799890000028,0.9206064411386001
scene-0245,scene-0184,BB-BA-AB+AA,interaction,3,2.354522620000097,-0.9860366199999552,P99_ms,-3.871228819999999,dino,False,centerpoint+dino,6.225751440000096,3.1377563009266023
scene-0245,scene-0184,BA-AA,co_runner,3,30.51926266999999,30.098134443333336,P99_minus_P50_ms,29.343739040000017,dino,False,centerpoint+dino,1.1755236299999723,0.6548008929854985
scene-0245,scene-0184,BB-AB,co_runner,3,36.918161790000084,31.27453099000004,P99_minus_P50_ms,27.703647720000006,dino,False,centerpoint+dino,9.214514070000078,4.9445959520367495
scene-0245,scene-0184,AB-AA,own_input,3,3.071335760000011,-0.43545875666670497,P99_minus_P50_ms,-6.558787710000075,dino,False,centerpoint+dino,9.630123470000086,5.321607732213874
scene-0245,scene-0184,BB-BA,own_input,3,1.4312444400000004,0.740937789999999,P99_minus_P50_ms,-0.15988858999998,dino,False,centerpoint+dino,1.5911330299999804,0.8161893146376503
scene-0245,scene-0184,BB-BA-AB+AA,interaction,3,6.398899120000095,1.1763965466667041,P99_minus_P50_ms,-1.6400913200000105,dino,False,centerpoint+dino,8.038990440000106,4.5274741192110115
scene-0245,scene-0184,BA-AA,co_runner,3,0.09700261535082788,-0.0826441728939938,throughput_hz,-0.20199669001705267,dino,False,centerpoint+dino,0.29899930536788055,0.15835622974861852
scene-0245,scene-0184,BB-AB,co_runner,3,-0.04580701215663119,-0.08877965655301463,throughput_hz,-0.1679048468808233,dino,False,centerpoint+dino,0.12209783472419211,0.06860922127583792
scene-0245,scene-0184,AB-AA,own_input,3,0.03043090499104295,-0.012498799818918846,throughput_hz,-0.08763334432078551,dino,False,centerpoint+dino,0.11806424931182846,0.06528901527881521
scene-0245,scene-0184,BB-BA,own_input,3,0.06452274812727232,-0.01863428347793968,throughput_hz,-0.12992368609943128,dino,False,centerpoint+dino,0.1944464342267036,0.10022937029692519
scene-0245,scene-0184,BB-BA-AB+AA,interaction,3,0.09713143185912543,-0.006135483659020835,throughput_hz,-0.1496297259724173,dino,False,centerpoint+dino,0.24676115783154273,0.12820470201755385
scene-0245,scene-0184,BA-AA,co_runner,3,2.0,-1.3333333333333333,analysis_count,-3.0,dino,False,centerpoint+dino,5.0,2.8867513459481287
scene-0245,scene-0184,BB-AB,co_runner,3,-1.0,-2.0,analysis_count,-4.0,dino,False,centerpoint+dino,3.0,1.7320508075688772
scene-0245,scene-0184,AB-AA,own_input,3,1.0,-0.3333333333333333,analysis_count,-3.0,dino,False,centerpoint+dino,4.0,2.3094010767585034
scene-0245,scene-0184,BB-BA,own_input,3,0.0,-1.0,analysis_count,-2.0,dino,False,centerpoint+dino,2.0,1.0
scene-0245,scene-0184,BB-BA-AB+AA,interaction,3,2.0,-0.6666666666666666,analysis_count,-3.0,dino,False,centerpoint+dino,5.0,2.5166114784235836
scene-0245,scene-0184,BA-AA,co_runner,3,2.0,-1.3333333333333333,analysis_unique_source_count,-3.0,dino,False,centerpoint+dino,5.0,2.8867513459481287
scene-0245,scene-0184,BB-AB,co_runner,3,-1.0,-2.0,analysis_unique_source_count,-4.0,dino,False,centerpoint+dino,3.0,1.7320508075688772
scene-0245,scene-0184,AB-AA,own_input,3,1.0,-0.3333333333333333,analysis_unique_source_count,-3.0,dino,False,centerpoint+dino,4.0,2.3094010767585034
scene-0245,scene-0184,BB-BA,own_input,3,0.0,-1.0,analysis_unique_source_count,-2.0,dino,False,centerpoint+dino,2.0,1.0
scene-0245,scene-0184,BB-BA-AB+AA,interaction,3,2.0,-0.6666666666666666,analysis_unique_source_count,-3.0,dino,False,centerpoint+dino,5.0,2.5166114784235836
scene-0245,scene-0184,AB-AA,co_runner,3,0.11162979974304064,0.018719243897839324,R,-0.048030242612194504,centerpoint,False,centerpoint+dino,0.15966004235523515,0.08298272978631428
scene-0245,scene-0184,BB-BA,co_runner,3,0.017390697988708785,-0.0036778664733289543,R,-0.034081324628194035,centerpoint,False,centerpoint+dino,0.05147202261690282,0.0269758680724278
scene-0245,scene-0184,BA-AA,own_input,3,0.013197751697802906,-0.025811875523075872,R,-0.0472540747042797,centerpoint,False,centerpoint+dino,0.060451826402082603,0.03383883456597983
scene-0245,scene-0184,BB-AB,own_input,3,0.006433195127413194,-0.048208985894244154,R,-0.1376184053170827,centerpoint,False,centerpoint+dino,0.1440516004444959,0.07806591155676464
scene-0245,scene-0184,BB-BA-AB+AA,interaction,3,0.05368726983169289,-0.022397110371168275,R,-0.09423910175433185,centerpoint,False,centerpoint+dino,0.14792637158602473,0.07405438035541712
scene-0245,scene-0184,AB-AA,co_runner,3,0.9291740000000175,0.3953905000000096,P50_ms,-0.05616199999997207,centerpoint,False,centerpoint+dino,0.9853359999999896,0.4977883197150654
scene-0245,scene-0184,BB-BA,co_runner,3,12.552211999999997,2.2256715000000136,P50_ms,-3.376126499999941,centerpoint,False,centerpoint+dino,15.928338499999938,8.953791689062514
scene-0245,scene-0184,BA-AA,own_input,3,85.59952349999998,76.98127550000002,P50_ms,64.36021500000004,centerpoint,False,centerpoint+dino,21.239308499999936,11.171120683358483
scene-0245,scene-0184,BB-AB,own_input,3,81.91023750000005,78.81155650000002,P50_ms,76.96858900000001,centerpoint,False,centerpoint+dino,4.941648500000042,2.6995526981242426
scene-0245,scene-0184,BB-BA-AB+AA,interaction,3,12.60837399999997,1.830281000000004,P50_ms,-3.6892859999999246,centerpoint,False,centerpoint+dino,16.297659999999894,9.335014844037818
scene-0245,scene-0184,AB-AA,co_runner,3,25.800978920000034,4.721874983333407,P99_ms,-9.881747389999873,centerpoint,False,centerpoint+dino,35.68272630999991,18.70195538804412
scene-0245,scene-0184,BB-BA,co_runner,3,3.4587362000000326,1.4752149766666776,P99_ms,-0.9217357999999649,centerpoint,False,centerpoint+dino,4.3804719999999975,2.219307714665322
scene-0245,scene-0184,BA-AA,own_input,3,78.92530089000002,75.9633372866667,P99_ms,73.92888181999999,centerpoint,False,centerpoint+dino,4.99641907000003,2.6241673705105124
scene-0245,scene-0184,BB-AB,own_input,3,83.99584074,72.71667727999997,P99_ms,55.01296649999995,centerpoint,False,centerpoint+dino,28.982874240000058,15.522817270170515
scene-0245,scene-0184,BB-BA-AB+AA,interaction,3,8.960011589999908,-3.2466600066667297,P99_ms,-23.91233439000007,centerpoint,False,centerpoint+dino,32.87234597999998,17.9948278309583
scene-0245,scene-0184,AB-AA,co_runner,3,25.48781942000005,4.326484483333398,P99_minus_P50_ms,-10.81092138999989,centerpoint,False,centerpoint+dino,36.29874080999994,18.884264272614462
scene-0245,scene-0184,BB-BA,co_runner,3,5.264771029999906,-0.7504565233333361,P99_minus_P50_ms,-9.093475799999965,centerpoint,False,centerpoint+dino,14.358246829999871,7.456793797485277
scene-0245,scene-0184,BA-AA,own_input,3,9.568666819999947,-1.0179382133333188,P99_minus_P50_ms,-6.674222609999958,centerpoint,False,centerpoint+dino,16.242889429999906,9.175451511727163
scene-0245,scene-0184,BB-AB,own_input,3,6.4399977399999955,-6.0948792200000526,P99_minus_P50_ms,-26.897271000000103,centerpoint,False,centerpoint+dino,33.3372687400001,18.14131259680337
scene-0245,scene-0184,BB-BA-AB+AA,interaction,3,12.38825658999994,-5.0769410066667335,P99_minus_P50_ms,-20.223048390000145,centerpoint,False,centerpoint+dino,32.611304980000085,16.428875119369195
scene-0245,scene-0184,AB-AA,co_runner,3,-0.017189440244503196,-0.03934035084833276,throughput_hz,-0.05353846275020935,centerpoint,False,centerpoint+dino,0.03634902250570615,0.019435743224158468
scene-0245,scene-0184,BB-BA,co_runner,3,0.022648607724530034,0.012413636627556013,throughput_hz,0.005569171171840637,centerpoint,False,centerpoint+dino,0.017079436552689398,0.009030417189526223
scene-0245,scene-0184,BA-AA,own_input,3,-0.932028585004312,-0.9638554708042842,throughput_hz,-0.9874309078247894,centerpoint,False,centerpoint+dino,0.05540232282047741,0.028608025948957515
scene-0245,scene-0184,BB-AB,own_input,3,-0.8791662642821856,-0.9121014833283955,throughput_hz,-0.9322688716147183,centerpoint,False,centerpoint+dino,0.05310260733253269,0.02876169072069876
scene-0245,scene-0184,BB-BA-AB+AA,interaction,3,0.06256159373650672,0.05175398747588863,throughput_hz,0.039838047969032786,centerpoint,False,centerpoint+dino,0.02272354576747393,0.011402244735145686
scene-0245,scene-0184,AB-AA,co_runner,3,-1.0,-1.0,analysis_count,-1.0,centerpoint,False,centerpoint+dino,0.0,0.0
scene-0245,scene-0184,BB-BA,co_runner,3,0.0,0.0,analysis_count,0.0,centerpoint,False,centerpoint+dino,0.0,0.0
scene-0245,scene-0184,BA-AA,own_input,3,-18.0,-18.666666666666668,analysis_count,-19.0,centerpoint,False,centerpoint+dino,1.0,0.5773502691896258
scene-0245,scene-0184,BB-AB,own_input,3,-17.0,-17.666666666666668,analysis_count,-18.0,centerpoint,False,centerpoint+dino,1.0,0.5773502691896258
scene-0245,scene-0184,BB-BA-AB+AA,interaction,3,1.0,1.0,analysis_count,1.0,centerpoint,False,centerpoint+dino,0.0,0.0
scene-0245,scene-0184,AB-AA,co_runner,3,-1.0,-1.0,analysis_unique_source_count,-1.0,centerpoint,False,centerpoint+dino,0.0,0.0
scene-0245,scene-0184,BB-BA,co_runner,3,0.0,0.0,analysis_unique_source_count,0.0,centerpoint,False,centerpoint+dino,0.0,0.0
scene-0245,scene-0184,BA-AA,own_input,3,-18.0,-18.666666666666668,analysis_unique_source_count,-19.0,centerpoint,False,centerpoint+dino,1.0,0.5773502691896258
scene-0245,scene-0184,BB-AB,own_input,3,-17.0,-17.666666666666668,analysis_unique_source_count,-18.0,centerpoint,False,centerpoint+dino,1.0,0.5773502691896258
scene-0245,scene-0184,BB-BA-AB+AA,interaction,3,1.0,1.0,analysis_unique_source_count,1.0,centerpoint,False,centerpoint+dino,0.0,0.0
scene-0770,scene-0245,BA-AA,co_runner,3,0.8217813633684858,0.5455094212152296,R,0.06218833811132707,yolov3,False,centerpoint+yolov3,0.7595930252571588,0.4199969060375696
scene-0770,scene-0245,BB-AB,co_runner,3,0.23613922006853205,0.08024420815408229,R,-0.014031648161010768,yolov3,False,centerpoint+yolov3,0.2501708682295428,0.13599285304847503
scene-0770,scene-0245,AB-AA,own_input,3,0.6623264697500567,0.3292032362639015,R,-0.24404775421224512,yolov3,False,centerpoint+yolov3,0.9063742239623018,0.49862266617513445
scene-0770,scene-0245,BB-BA,own_input,3,-0.07009687225504013,-0.13606197679724574,R,-0.1734865417794399,yolov3,False,centerpoint+yolov3,0.10338966952439976,0.05729989301799423
scene-0770,scene-0245,BB-BA-AB+AA,interaction,3,0.17395088195720498,-0.46526521306114726,R,-0.8358130115294966,yolov3,False,centerpoint+yolov3,1.0097638934867015,0.5559161540427351
scene-0770,scene-0245,BA-AA,co_runner,3,-1.0090299999999992,-11.227137833333336,P50_ms,-16.9504435,yolov3,False,centerpoint+yolov3,15.9414135,8.870434092117426
scene-0770,scene-0245,BB-AB,co_runner,3,0.059962999999999766,-1.3432256666666664,P50_ms,-3.764284,yolov3,False,centerpoint+yolov3,3.8242469999999997,2.1055308767606173
scene-0770,scene-0245,AB-AA,own_input,3,3.748783000000003,-7.996243833333334,P50_ms,-14.705426499999998,yolov3,False,centerpoint+yolov3,18.4542095,10.205844253205397
scene-0770,scene-0245,BB-BA,own_input,3,2.364495999999999,1.887668333333334,P50_ms,0.9935290000000023,yolov3,False,centerpoint+yolov3,1.3709669999999967,0.7749189629402103
scene-0770,scene-0245,BB-BA-AB+AA,interaction,3,17.0104065,9.883912166666668,P50_ms,-2.7552540000000008,yolov3,False,centerpoint+yolov3,19.7656605,10.97554084347715
scene-0770,scene-0245,BA-AA,co_runner,3,-0.21728575000000205,-0.374525583333335,P99_ms,-0.5327040000000025,yolov3,False,centerpoint+yolov3,0.31541825000000046,0.15771121967783683
scene-0770,scene-0245,BB-AB,co_runner,3,-0.07039496000000156,-0.1549095733333369,P99_ms,-0.2558768800000024,yolov3,False,centerpoint+yolov3,0.18548192000000085,0.09382912127992105
scene-0770,scene-0245,AB-AA,own_input,3,0.007059499999996888,-0.0893043133333317,P99_ms,-0.18149225999999885,yolov3,False,centerpoint+yolov3,0.18855175999999574,0.09434521687180172
scene-0770,scene-0245,BB-BA,own_input,3,0.15395028999999738,0.13031169666666642,P99_ms,0.09533486000000124,yolov3,False,centerpoint+yolov3,0.05861542999999614,0.030908881893972406
scene-0770,scene-0245,BB-BA-AB+AA,interaction,3,0.2768271200000001,0.2196160099999981,P99_ms,0.1468907900000005,yolov3,False,centerpoint+yolov3,0.1299363299999996,0.06634288334317535
scene-0770,scene-0245,BA-AA,co_runner,3,16.417739499999996,10.852612249999998,P99_minus_P50_ms,0.6354429999999986,yolov3,False,centerpoint+yolov3,15.782296499999998,8.860098294082356
scene-0770,scene-0245,BB-AB,co_runner,3,3.625827119999993,1.1883160933333297,P99_minus_P50_ms,-0.3158398800000022,yolov3,False,centerpoint+yolov3,3.9416669999999954,2.1301522073338774
scene-0770,scene-0245,AB-AA,own_input,3,14.523934239999999,7.906939520000002,P99_minus_P50_ms,-3.8422631799999962,yolov3,False,centerpoint+yolov3,18.366197419999995,10.20215521250708
scene-0770,scene-0245,BB-BA,own_input,3,-0.8518790600000017,-1.7573566366666675,P99_minus_P50_ms,-2.2105457100000017,yolov3,False,centerpoint+yolov3,1.35866665,0.7841667132320681
scene-0770,scene-0245,BB-BA-AB+AA,interaction,3,2.9903841199999945,-9.66429615666667,P99_minus_P50_ms,-16.73357938,yolov3,False,centerpoint+yolov3,19.723963499999993,10.98436066504881
scene-0770,scene-0245,BA-AA,co_runner,3,0.0,-0.003034243122344904,throughput_hz,-0.00867863953351744,yolov3,False,centerpoint+yolov3,0.00867863953351744,0.004892787669781536
scene-0770,scene-0245,BB-AB,co_runner,3,0.009858973814310446,0.0036126208353438236,throughput_hz,-0.0015432015011747069,yolov3,False,centerpoint+yolov3,0.011402175315485152,0.005778783893939401
scene-0770,scene-0245,AB-AA,own_input,3,-0.06433068371889661,-0.0700920848168618,throughput_hz,-0.07646347578491763,yolov3,False,centerpoint+yolov3,0.012132792066021025,0.006089353542087664
scene-0770,scene-0245,BB-BA,own_input,3,-0.058281365220357984,-0.06344522085917308,throughput_hz,-0.06618041213708992,yolov3,False,centerpoint+yolov3,0.007899046916731933,0.004474655683022552
scene-0770,scene-0245,BB-BA-AB+AA,interaction,3,0.011200729726413172,0.006646863957688727,throughput_hz,-0.0015432015011747069,yolov3,False,centerpoint+yolov3,0.012743931227587879,0.007107630190386774
scene-0770,scene-0245,BA-AA,co_runner,3,0.0,0.0,analysis_count,0.0,yolov3,False,centerpoint+yolov3,0.0,0.0
scene-0770,scene-0245,BB-AB,co_runner,3,0.0,0.0,analysis_count,0.0,yolov3,False,centerpoint+yolov3,0.0,0.0
scene-0770,scene-0245,AB-AA,own_input,3,-1.0,-1.0,analysis_count,-1.0,yolov3,False,centerpoint+yolov3,0.0,0.0
scene-0770,scene-0245,BB-BA,own_input,3,-1.0,-1.0,analysis_count,-1.0,yolov3,False,centerpoint+yolov3,0.0,0.0
scene-0770,scene-0245,BB-BA-AB+AA,interaction,3,0.0,0.0,analysis_count,0.0,yolov3,False,centerpoint+yolov3,0.0,0.0
scene-0770,scene-0245,BA-AA,co_runner,3,0.0,0.0,analysis_unique_source_count,0.0,yolov3,False,centerpoint+yolov3,0.0,0.0
scene-0770,scene-0245,BB-AB,co_runner,3,0.0,0.0,analysis_unique_source_count,0.0,yolov3,False,centerpoint+yolov3,0.0,0.0
scene-0770,scene-0245,AB-AA,own_input,3,-1.0,-1.0,analysis_unique_source_count,-1.0,yolov3,False,centerpoint+yolov3,0.0,0.0
scene-0770,scene-0245,BB-BA,own_input,3,-1.0,-1.0,analysis_unique_source_count,-1.0,yolov3,False,centerpoint+yolov3,0.0,0.0
scene-0770,scene-0245,BB-BA-AB+AA,interaction,3,0.0,0.0,analysis_unique_source_count,0.0,yolov3,False,centerpoint+yolov3,0.0,0.0
scene-0770,scene-0245,AB-AA,co_runner,3,0.02117478252406521,0.008736143235227123,R,-0.01064561902932161,centerpoint,False,centerpoint+yolov3,0.03182040155338682,0.0170085186376291
scene-0770,scene-0245,BB-BA,co_runner,3,0.01984931197190229,0.010154685326693197,R,-0.005649798060295502,centerpoint,False,centerpoint+yolov3,0.02549911003219779,0.013803945637473903
scene-0770,scene-0245,BA-AA,own_input,3,0.1252623608543736,0.09932055565964205,R,0.06707280569784098,centerpoint,False,centerpoint+yolov3,0.05818955515653261,0.029602867882737086
scene-0770,scene-0245,BB-AB,own_input,3,0.10621177628424668,0.10073909775110813,R,0.09756773669906488,centerpoint,False,centerpoint+yolov3,0.008644039585181798,0.00475940140134697
scene-0770,scene-0245,BB-BA-AB+AA,interaction,3,0.0304949310012239,0.001418542091466075,R,-0.026824580584360713,centerpoint,False,centerpoint+yolov3,0.05731951158558461,0.028668839382942405
scene-0770,scene-0245,AB-AA,co_runner,3,0.989412499999986,-1.0686135000000074,P50_ms,-2.4107199999999978,centerpoint,False,centerpoint+yolov3,3.400132499999984,1.8095940987550845
scene-0770,scene-0245,BB-BA,co_runner,3,0.17487450000000138,0.052799500000001366,P50_ms,-0.08795100000000389,centerpoint,False,centerpoint+yolov3,0.26282550000000526,0.13240427329867735
scene-0770,scene-0245,BA-AA,own_input,3,-33.124170500000005,-34.31968283333334,P50_ms,-35.14236650000001,centerpoint,False,centerpoint+yolov3,2.018196000000003,1.0594950139667187
scene-0770,scene-0245,BB-AB,own_input,3,-32.210316500000005,-33.198269833333335,P50_ms,-34.201533999999995,centerpoint,False,centerpoint+yolov3,1.9912174999999905,0.9956970419206708
scene-0770,scene-0245,BB-BA-AB+AA,interaction,3,2.4821950000000186,1.1214130000000182,P50_ms,-1.07736349999999,centerpoint,False,centerpoint+yolov3,3.5595585000000085,1.9220536582658858
scene-0770,scene-0245,AB-AA,co_runner,3,0.3705990900000131,0.08258184666666087,P99_ms,-0.4291085300000361,centerpoint,False,centerpoint+yolov3,0.7997076200000492,0.44430318736523033
scene-0770,scene-0245,BB-BA,co_runner,3,2.0306353400000177,1.1524002066666696,P99_ms,-0.5208678899999768,centerpoint,False,centerpoint+yolov3,2.5515032299999945,1.4496897056835976
scene-0770,scene-0245,BA-AA,own_input,3,-23.75428531,-26.220435030000008,P99_ms,-28.900175810000036,centerpoint,False,centerpoint+yolov3,5.145890500000036,2.5795858417935236
scene-0770,scene-0245,BB-AB,own_input,3,-24.36566578000003,-25.15061667,P99_ms,-26.440431939999982,centerpoint,False,centerpoint+yolov3,2.074766159999953,1.1257573834156425
scene-0770,scene-0245,BB-BA-AB+AA,interaction,3,2.4597438700000396,1.0698183600000089,P99_ms,-0.8914669799999899,centerpoint,False,centerpoint+yolov3,3.3512108500000295,1.7471383980076318
scene-0770,scene-0245,AB-AA,co_runner,3,2.781319090000011,1.1511953466666682,P99_minus_P50_ms,-1.4185210300000222,centerpoint,False,centerpoint+yolov3,4.199840120000033,2.252063497295579
scene-0770,scene-0245,BB-BA,co_runner,3,2.1185863400000216,1.0996007066666682,P99_minus_P50_ms,-0.5923428899999834,centerpoint,False,centerpoint+yolov3,2.710929230000005,1.4754452337607726
scene-0770,scene-0245,BA-AA,own_input,3,10.938226190000009,8.099247803333332,P99_minus_P50_ms,4.223994689999969,centerpoint,False,centerpoint+yolov3,6.714231500000039,3.475000020250975
scene-0770,scene-0245,BB-AB,own_input,3,8.817293219999968,8.047653163333331,P99_minus_P50_ms,7.5645642100000146,centerpoint,False,centerpoint+yolov3,1.2527290099999533,0.6737329918001808
scene-0770,scene-0245,BB-BA-AB+AA,interaction,3,3.5371073700000437,-0.05159463999999995,P99_minus_P50_ms,-3.3736619799999943,centerpoint,False,centerpoint+yolov3,6.910769350000038,3.4630916516401227
scene-0770,scene-0245,AB-AA,co_runner,3,-0.035228383035303956,-0.05173602107183791,throughput_hz,-0.07787941035147838,centerpoint,False,centerpoint+yolov3,0.04265102731617443,0.022900072255247057
scene-0770,scene-0245,BB-BA,co_runner,3,-0.05955342997030222,-0.08219953255307051,throughput_hz,-0.11396259888802263,centerpoint,False,centerpoint+yolov3,0.05440916891772041,0.028327172231326466
scene-0770,scene-0245,BA-AA,own_input,3,1.8583081381296873,1.8353230891027341,throughput_hz,1.8167139703153223,centerpoint,False,centerpoint+yolov3,0.04159416781436498,0.021139542879125547
scene-0770,scene-0245,BB-AB,own_input,3,1.849273139244369,1.8048595776215015,throughput_hz,1.7795739222769686,centerpoint,False,centerpoint+yolov3,0.06969921696740045,0.038586303404339654
scene-0770,scene-0245,BB-BA-AB+AA,interaction,3,0.018325980381176166,-0.030463511481232608,throughput_hz,-0.07873421585271867,centerpoint,False,centerpoint+yolov3,0.09706019623389484,0.048532177764717056
scene-0770,scene-0245,AB-AA,co_runner,3,-1.0,-1.3333333333333333,analysis_count,-2.0,centerpoint,False,centerpoint+yolov3,1.0,0.5773502691896257
scene-0770,scene-0245,BB-BA,co_runner,3,-1.0,-1.6666666666666667,analysis_count,-2.0,centerpoint,False,centerpoint+yolov3,1.0,0.5773502691896257
scene-0770,scene-0245,BA-AA,own_input,3,35.0,35.0,analysis_count,35.0,centerpoint,False,centerpoint+yolov3,0.0,0.0
scene-0770,scene-0245,BB-AB,own_input,3,36.0,34.666666666666664,analysis_count,34.0,centerpoint,False,centerpoint+yolov3,2.0,1.1547005383792517
scene-0770,scene-0245,BB-BA-AB+AA,interaction,3,1.0,-0.3333333333333333,analysis_count,-1.0,centerpoint,False,centerpoint+yolov3,2.0,1.1547005383792517
scene-0770,scene-0245,AB-AA,co_runner,3,-1.0,-1.3333333333333333,analysis_unique_source_count,-2.0,centerpoint,False,centerpoint+yolov3,1.0,0.5773502691896257
scene-0770,scene-0245,BB-BA,co_runner,3,-1.0,-1.6666666666666667,analysis_unique_source_count,-2.0,centerpoint,False,centerpoint+yolov3,1.0,0.5773502691896257
scene-0770,scene-0245,BA-AA,own_input,3,35.0,35.0,analysis_unique_source_count,35.0,centerpoint,False,centerpoint+yolov3,0.0,0.0
scene-0770,scene-0245,BB-AB,own_input,3,36.0,34.666666666666664,analysis_unique_source_count,34.0,centerpoint,False,centerpoint+yolov3,2.0,1.1547005383792517
scene-0770,scene-0245,BB-BA-AB+AA,interaction,3,1.0,-0.3333333333333333,analysis_unique_source_count,-1.0,centerpoint,False,centerpoint+yolov3,2.0,1.1547005383792517
scene-0245,scene-0398,BA-AA,co_runner,3,0.10987400890306423,0.0845405178787435,R,0.05330757798664559,vit-upernet,False,pointpillars+vit-upernet,0.056566430916418636,0.02874096204658307
scene-0245,scene-0398,BB-AB,co_runner,3,0.02061386698854345,-0.026151323501689677,R,-0.056169390524158036,vit-upernet,False,pointpillars+vit-upernet,0.07678325751270149,0.04103981928443247
scene-0245,scene-0398,AB-AA,own_input,3,0.10817530038971418,0.08213460159784162,R,0.04682227269388972,vit-upernet,False,pointpillars+vit-upernet,0.06135302769582446,0.031709948684325605
scene-0245,scene-0398,BB-BA,own_input,3,0.014128561695787578,-0.028557239782591542,R,-0.06136622416259768,vit-upernet,False,pointpillars+vit-upernet,0.07549478585838526,0.038704383601174897
scene-0245,scene-0398,BB-BA-AB+AA,interaction,3,-0.03269371099810214,-0.11069184138043316,R,-0.15277245587251867,vit-upernet,False,pointpillars+vit-upernet,0.12007874487441653,0.06761861580547426
scene-0245,scene-0398,BA-AA,co_runner,3,-0.8827919999999949,-1.9692986666666645,P50_ms,-2.9101229999999987,vit-upernet,False,pointpillars+vit-upernet,2.0273310000000038,1.02148678531557
scene-0245,scene-0398,BB-AB,co_runner,3,2.0013119999999986,0.9043359999999984,P50_ms,-0.7328690000000009,vit-upernet,False,pointpillars+vit-upernet,2.7341809999999995,1.4449297438010607
scene-0245,scene-0398,AB-AA,own_input,3,-0.965562999999996,-2.510976333333332,P50_ms,-3.712783999999999,vit-upernet,False,pointpillars+vit-upernet,2.7472210000000032,1.4054730329445453
scene-0245,scene-0398,BB-BA,own_input,3,1.5001059999999953,0.36265833333333103,P50_ms,-0.8156400000000019,vit-upernet,False,pointpillars+vit-upernet,2.315745999999997,1.158413340243598
scene-0245,scene-0398,BB-BA-AB+AA,interaction,3,4.354687999999996,2.873634666666663,P50_ms,0.14992299999999403,vit-upernet,False,pointpillars+vit-upernet,4.204765000000002,2.361813281434064
scene-0245,scene-0398,BA-AA,co_runner,3,1.0044232800000046,0.8566253466666657,P99_ms,0.585439639999997,vit-upernet,False,pointpillars+vit-upernet,0.41898364000000754,0.2351706393303208
scene-0245,scene-0398,BB-AB,co_runner,3,0.4150113800000028,0.15707148666666626,P99_ms,-0.16679264000000416,vit-upernet,False,pointpillars+vit-upernet,0.581804020000007,0.2964514847786784
scene-0245,scene-0398,AB-AA,own_input,3,0.6166424399999997,0.04799700666666714,P99_ms,-0.4249715999999992,vit-upernet,False,pointpillars+vit-upernet,1.041614039999999,0.5273570834378091
scene-0245,scene-0398,BB-BA,own_input,3,-0.41012373999999596,-0.6515568533333322,P99_ms,-1.014383500000001,vit-upernet,False,pointpillars+vit-upernet,0.604259760000005,0.3198980413196978
scene-0245,scene-0398,BB-BA-AB+AA,interaction,3,-0.3624439199999969,-0.6995538599999994,P99_ms,-1.1468057599999995,vit-upernet,False,pointpillars+vit-upernet,0.7843618400000025,0.40361406383639337
scene-0245,scene-0398,BA-AA,co_runner,3,3.4955626399999957,2.82592401333333,P99_minus_P50_ms,1.8628051199999902,vit-upernet,False,pointpillars+vit-upernet,1.6327575200000055,0.8550276486589184
scene-0245,scene-0398,BB-AB,co_runner,3,0.5660763599999967,-0.7472645133333321,P99_minus_P50_ms,-1.5863006199999958,vit-upernet,False,pointpillars+vit-upernet,2.1523769799999926,1.1519138096101253
scene-0245,scene-0398,AB-AA,own_input,3,3.2878124,2.558973339999999,P99_minus_P50_ms,1.5822054399999956,vit-upernet,False,pointpillars+vit-upernet,1.7056069600000043,0.8794175957859407
scene-0245,scene-0398,BB-BA,own_input,3,0.28547668000000215,-1.0142151866666633,P99_minus_P50_ms,-1.9102297399999912,vit-upernet,False,pointpillars+vit-upernet,2.1957064199999934,1.1521710813426593
scene-0245,scene-0398,BB-BA-AB+AA,interaction,3,-1.2967287599999935,-3.5731885266666623,P99_minus_P50_ms,-4.717131919999993,vit-upernet,False,pointpillars+vit-upernet,3.4204031599999993,1.9714802677520178
scene-0245,scene-0398,BA-AA,co_runner,3,-0.00026326039128576895,-0.0010955757232427032,throughput_hz,-0.0027247917222439355,vit-upernet,False,pointpillars+vit-upernet,0.0024615313309581666,0.0014110535525535188
scene-0245,scene-0398,BB-AB,co_runner,3,0.0010449544189903293,-0.00021347100104958847,throughput_hz,-0.002359692286930226,vit-upernet,False,pointpillars+vit-upernet,0.0034046467059205554,0.0018678974604048337
scene-0245,scene-0398,AB-AA,own_input,3,-0.10067232216909616,-0.10084228846816264,throughput_hz,-0.10115127698700732,vit-upernet,False,pointpillars+vit-upernet,0.0004789548179111591,0.0002680388266541288
scene-0245,scene-0398,BB-BA,own_input,3,-0.09738153084577306,-0.09996018374596953,throughput_hz,-0.10276428347911626,vit-upernet,False,pointpillars+vit-upernet,0.005382752633343202,0.002698448847728315
scene-0245,scene-0398,BB-BA-AB+AA,interaction,3,0.0037697461412342648,0.0008821047221931148,throughput_hz,-0.002061017230731821,vit-upernet,False,pointpillars+vit-upernet,0.005830763371966086,0.0029157775879163606
scene-0245,scene-0398,BA-AA,co_runner,3,0.0,0.0,analysis_count,0.0,vit-upernet,False,pointpillars+vit-upernet,0.0,0.0
scene-0245,scene-0398,BB-AB,co_runner,3,0.0,0.0,analysis_count,0.0,vit-upernet,False,pointpillars+vit-upernet,0.0,0.0
scene-0245,scene-0398,AB-AA,own_input,3,-2.0,-2.0,analysis_count,-2.0,vit-upernet,False,pointpillars+vit-upernet,0.0,0.0
scene-0245,scene-0398,BB-BA,own_input,3,-2.0,-2.0,analysis_count,-2.0,vit-upernet,False,pointpillars+vit-upernet,0.0,0.0
scene-0245,scene-0398,BB-BA-AB+AA,interaction,3,0.0,0.0,analysis_count,0.0,vit-upernet,False,pointpillars+vit-upernet,0.0,0.0
scene-0245,scene-0398,BA-AA,co_runner,3,0.0,0.0,analysis_unique_source_count,0.0,vit-upernet,False,pointpillars+vit-upernet,0.0,0.0
scene-0245,scene-0398,BB-AB,co_runner,3,0.0,0.0,analysis_unique_source_count,0.0,vit-upernet,False,pointpillars+vit-upernet,0.0,0.0
scene-0245,scene-0398,AB-AA,own_input,3,-2.0,-2.0,analysis_unique_source_count,-2.0,vit-upernet,False,pointpillars+vit-upernet,0.0,0.0
scene-0245,scene-0398,BB-BA,own_input,3,-2.0,-2.0,analysis_unique_source_count,-2.0,vit-upernet,False,pointpillars+vit-upernet,0.0,0.0
scene-0245,scene-0398,BB-BA-AB+AA,interaction,3,0.0,0.0,analysis_unique_source_count,0.0,vit-upernet,False,pointpillars+vit-upernet,0.0,0.0
scene-0245,scene-0398,AB-AA,co_runner,3,0.0051628073273375374,0.00188160265739723,R,-0.00400075905685171,pointpillars,False,pointpillars+vit-upernet,0.009163566384189248,0.00510560972815472
scene-0245,scene-0398,BB-BA,co_runner,3,0.010756282128648875,0.004801659120751034,R,-0.0024107359122054195,pointpillars,False,pointpillars+vit-upernet,0.013167018040854295,0.00667301160438903
scene-0245,scene-0398,BA-AA,own_input,3,-0.010937240838608253,-0.016294655638766198,R,-0.021202275408752747,pointpillars,False,pointpillars+vit-upernet,0.010265034570144493,0.005147277956205644
scene-0245,scene-0398,BB-AB,own_input,3,-0.005343766037296915,-0.013374599175412394,R,-0.023637946282848876,pointpillars,False,pointpillars+vit-upernet,0.01829418024555196,0.009349189626999549
scene-0245,scene-0398,BB-BA-AB+AA,interaction,3,0.010060190202661357,0.002920056463353804,R,-0.006893495613911282,pointpillars,False,pointpillars+vit-upernet,0.01695368581657264,0.00878733406096865
scene-0245,scene-0398,AB-AA,co_runner,3,0.2002095000000068,0.014300166666667261,P50_ms,-0.11798900000000145,pointpillars,False,pointpillars+vit-upernet,0.31819850000000827,0.16573748234960306
scene-0245,scene-0398,BB-BA,co_runner,3,-0.06545049999999719,-0.14352749999999995,P50_ms,-0.2965805000000046,pointpillars,False,pointpillars+vit-upernet,0.23113000000000739,0.13255685443235693
scene-0245,scene-0398,BA-AA,own_input,3,1.4057300000000055,1.364177333333333,P50_ms,1.3030904999999962,pointpillars,False,pointpillars+vit-upernet,0.10263950000000932,0.05403614059667599
scene-0245,scene-0398,BB-AB,own_input,3,1.3575810000000033,1.2063496666666655,P50_ms,0.9089399999999941,pointpillars,False,pointpillars+vit-upernet,0.44864100000000917,0.2575767178382695
scene-0245,scene-0398,BB-BA-AB+AA,interaction,3,0.049437500000003354,-0.15782766666666723,P50_ms,-0.4967900000000114,pointpillars,False,pointpillars+vit-upernet,0.5462275000000147,0.29597166793476826
scene-0245,scene-0398,AB-AA,co_runner,3,0.5917990100000026,0.13495915999999872,P99_ms,-0.42918314000000635,pointpillars,False,pointpillars+vit-upernet,1.020982150000009,0.5188800434461344
scene-0245,scene-0398,BB-BA,co_runner,3,0.5466803599999963,0.06002393333333108,P99_ms,-0.6229660199999927,pointpillars,False,pointpillars+vit-upernet,1.169646379999989,0.6090388360620326
scene-0245,scene-0398,BA-AA,own_input,3,1.5738883000000072,1.2297934766666714,P99_ms,0.8409507000000076,pointpillars,False,pointpillars+vit-upernet,0.7329375999999996,0.36851209731714524
scene-0245,scene-0398,BB-AB,own_input,3,1.8783070500000036,1.1548582500000037,P99_ms,0.05977640000000406,pointpillars,False,pointpillars+vit-upernet,1.8185306499999996,0.9645448533565362
scene-0245,scene-0398,BB-BA-AB+AA,interaction,3,0.685540599999996,-0.07493522666666763,P99_ms,-1.2147650299999952,pointpillars,False,pointpillars+vit-upernet,1.9003056299999912,1.005346930945743
scene-0245,scene-0398,AB-AA,co_runner,3,0.39158950999999576,0.12065899333333145,P99_minus_P50_ms,-0.3111941400000049,pointpillars,False,pointpillars+vit-upernet,0.7027836500000006,0.3780188898626196
scene-0245,scene-0398,BB-BA,co_runner,3,0.6121308599999935,0.20355143333333103,P99_minus_P50_ms,-0.3263855199999881,pointpillars,False,pointpillars+vit-upernet,0.9385163799999816,0.4808835470683663
scene-0245,scene-0398,BA-AA,own_input,3,0.19017680000001036,-0.13438385666666144,P99_minus_P50_ms,-0.46213979999998855,pointpillars,False,pointpillars+vit-upernet,0.6523165999999989,0.32617003855589066
scene-0245,scene-0398,BB-AB,own_input,3,0.5207260500000004,-0.05149141666666187,P99_minus_P50_ms,-0.84916359999999,pointpillars,False,pointpillars+vit-upernet,1.3698896499999904,0.712230149070305
scene-0245,scene-0398,BB-BA-AB+AA,interaction,3,0.6361030999999926,0.08289243999999958,P99_minus_P50_ms,-0.7179750299999839,pointpillars,False,pointpillars+vit-upernet,1.3540781299999765,0.7101987870945619
scene-0245,scene-0398,AB-AA,co_runner,3,-0.2222265892600177,-0.2910446140922751,throughput_hz,-0.37726321642062643,pointpillars,False,pointpillars+vit-upernet,0.15503662716060873,0.07896944987292603
scene-0245,scene-0398,BB-BA,co_runner,3,0.1439627906415346,0.0017524867283036372,throughput_hz,-0.17215204149626473,pointpillars,False,pointpillars+vit-upernet,0.31611483213779934,0.160423002295183
scene-0245,scene-0398,BA-AA,own_input,3,-0.7271946851606934,-0.7627243455356426,throughput_hz,-0.7824943117497511,pointpillars,False,pointpillars+vit-upernet,0.05529962658905774,0.03083485276849446
scene-0245,scene-0398,BB-AB,own_input,3,-0.41630493184819883,-0.4699272447150638,throughput_hz,-0.5733728647721215,pointpillars,False,pointpillars+vit-upernet,0.15706793292392263,0.08960667019131272
scene-0245,scene-0398,BB-BA-AB+AA,interaction,3,0.3661893799015523,0.29279710082057875,throughput_hz,0.2051111749243617,pointpillars,False,pointpillars+vit-upernet,0.1610782049771906,0.08148483468798134
scene-0245,scene-0398,AB-AA,co_runner,3,-4.0,-5.333333333333333,analysis_count,-7.0,pointpillars,False,pointpillars+vit-upernet,3.0,1.5275252316519465
scene-0245,scene-0398,BB-BA,co_runner,3,3.0,0.3333333333333333,analysis_count,-3.0,pointpillars,False,pointpillars+vit-upernet,6.0,3.0550504633038935
scene-0245,scene-0398,BA-AA,own_input,3,-14.0,-14.666666666666666,analysis_count,-15.0,pointpillars,False,pointpillars+vit-upernet,1.0,0.5773502691896257
scene-0245,scene-0398,BB-AB,own_input,3,-8.0,-9.0,analysis_count,-11.0,pointpillars,False,pointpillars+vit-upernet,3.0,1.7320508075688772
scene-0245,scene-0398,BB-BA-AB+AA,interaction,3,7.0,5.666666666666667,analysis_count,4.0,pointpillars,False,pointpillars+vit-upernet,3.0,1.5275252316519465
scene-0245,scene-0398,AB-AA,co_runner,3,-4.0,-5.333333333333333,analysis_unique_source_count,-7.0,pointpillars,False,pointpillars+vit-upernet,3.0,1.5275252316519465
scene-0245,scene-0398,BB-BA,co_runner,3,3.0,0.3333333333333333,analysis_unique_source_count,-3.0,pointpillars,False,pointpillars+vit-upernet,6.0,3.0550504633038935
scene-0245,scene-0398,BA-AA,own_input,3,-14.0,-14.666666666666666,analysis_unique_source_count,-15.0,pointpillars,False,pointpillars+vit-upernet,1.0,0.5773502691896257
scene-0245,scene-0398,BB-AB,own_input,3,-8.0,-9.0,analysis_unique_source_count,-11.0,pointpillars,False,pointpillars+vit-upernet,3.0,1.7320508075688772
scene-0245,scene-0398,BB-BA-AB+AA,interaction,3,7.0,5.666666666666667,analysis_unique_source_count,4.0,pointpillars,False,pointpillars+vit-upernet,3.0,1.5275252316519465
scene-0770,scene-0184,BA-AA,co_runner,3,0.0021920870226048855,-0.01020149420592977,R,-0.03190393307811905,mask-rcnn,False,pointpillars+mask-rcnn,0.034096020100723934,0.018858042572059617
scene-0770,scene-0184,BB-AB,co_runner,3,0.012116128213095573,-0.005757215858823254,R,-0.022918330651189853,mask-rcnn,False,pointpillars+mask-rcnn,0.035034458864285425,0.017528085459864562
scene-0770,scene-0184,AB-AA,own_input,3,0.05802639092621639,0.04214153838120103,R,0.019067184325266953,mask-rcnn,False,pointpillars+mask-rcnn,0.03895920660094944,0.020450468056391582
scene-0770,scene-0184,BB-BA,own_input,3,0.06308724561648157,0.04658581672830755,R,0.032915973252421654,mask-rcnn,False,pointpillars+mask-rcnn,0.03017127236405992,0.015283645703067176
scene-0770,scene-0184,BB-BA-AB+AA,interaction,3,0.04402006129121462,0.004444278347106516,R,-0.025110417673794738,mask-rcnn,False,pointpillars+mask-rcnn,0.06913047896500936,0.035638075394509604
scene-0770,scene-0184,BA-AA,co_runner,3,0.8647115000000056,0.43594733333333363,P50_ms,-0.04183100000000195,mask-rcnn,False,pointpillars+mask-rcnn,0.9065425000000076,0.45525445354997524
scene-0770,scene-0184,BB-AB,co_runner,3,1.862479499999992,1.4485396666666663,P50_ms,1.0285690000000045,mask-rcnn,False,pointpillars+mask-rcnn,0.8339104999999876,0.41698795991680404
scene-0770,scene-0184,AB-AA,own_input,3,-10.847990500000002,-11.343750499999999,P50_ms,-11.743575,mask-rcnn,False,pointpillars+mask-rcnn,0.8955844999999982,0.45543453347352636
scene-0770,scene-0184,BB-BA,own_input,3,-10.062168,-10.331158166666667,P50_ms,-10.684133000000003,mask-rcnn,False,pointpillars+mask-rcnn,0.621965000000003,0.31937467570642597
scene-0770,scene-0184,BB-BA-AB+AA,interaction,3,1.4964015000000046,1.0125923333333329,P50_ms,0.16385749999999888,mask-rcnn,False,pointpillars+mask-rcnn,1.3325440000000057,0.7374255451420738
scene-0770,scene-0184,BA-AA,co_runner,3,0.4616660000000081,-0.1668164166666628,P99_ms,-1.0544797499999987,mask-rcnn,False,pointpillars+mask-rcnn,1.5161457500000068,0.7906045436777481
scene-0770,scene-0184,BB-AB,co_runner,3,1.7739087499999968,1.3177625833333313,P99_ms,0.4396445,mask-rcnn,False,pointpillars+mask-rcnn,1.3342642499999968,0.7606645095234286
scene-0770,scene-0184,AB-AA,own_input,3,-9.5901195,-10.0619655,P99_ms,-10.886128,mask-rcnn,False,pointpillars+mask-rcnn,1.2960084999999992,0.7162434608059258
scene-0770,scene-0184,BB-BA,own_input,3,-8.057739500000004,-8.577386500000005,P99_ms,-9.242839500000002,mask-rcnn,False,pointpillars+mask-rcnn,1.1850999999999985,0.6058548049879592
scene-0770,scene-0184,BB-BA-AB+AA,interaction,3,2.8283885000000026,1.4845789999999965,P99_ms,0.3472799999999978,mask-rcnn,False,pointpillars+mask-rcnn,2.481108500000005,1.2533793468662067
scene-0770,scene-0184,BA-AA,co_runner,3,0.13419550000000413,-0.6027637499999964,P99_minus_P50_ms,-1.9191912500000043,mask-rcnn,False,pointpillars+mask-rcnn,2.0533867500000085,1.142775951723457
scene-0770,scene-0184,BB-AB,co_runner,3,0.7453397499999923,-0.13077708333333504,P99_minus_P50_ms,-1.0149260000000027,mask-rcnn,False,pointpillars+mask-rcnn,1.760265749999995,0.8801603623361861
scene-0770,scene-0184,AB-AA,own_input,3,2.1534554999999997,1.2817849999999993,P99_minus_P50_ms,-0.038137499999997715,mask-rcnn,False,pointpillars+mask-rcnn,2.1915929999999975,1.1625262840212451
scene-0770,scene-0184,BB-BA,own_input,3,2.626393499999999,1.7537716666666607,P99_minus_P50_ms,1.004333999999993,mask-rcnn,False,pointpillars+mask-rcnn,1.622059500000006,0.8180158981175666
scene-0770,scene-0184,BB-BA-AB+AA,interaction,3,2.6645309999999967,0.4719866666666614,P99_minus_P50_ms,-1.1491215000000068,mask-rcnn,False,pointpillars+mask-rcnn,3.8136525000000034,1.9699976693184413
scene-0770,scene-0184,BA-AA,co_runner,3,0.004388813710914263,0.002004549590642668,throughput_hz,-0.0007292264896108236,mask-rcnn,False,pointpillars+mask-rcnn,0.005118040200525087,0.0025768591019253474
scene-0770,scene-0184,BB-AB,co_runner,3,-0.0030726220452734765,-0.003780786079451204,throughput_hz,-0.004312660458714035,mask-rcnn,False,pointpillars+mask-rcnn,0.0012400384134405584,0.0006385392302157748
scene-0770,scene-0184,AB-AA,own_input,3,0.009308763952185828,0.007298739886162882,throughput_hz,0.004524833114677662,mask-rcnn,False,pointpillars+mask-rcnn,0.004783930837508166,0.0024817606966211847
scene-0770,scene-0184,BB-BA,own_input,3,0.002635938995727116,0.0015134042160690104,throughput_hz,0.0006072897825575296,mask-rcnn,False,pointpillars+mask-rcnn,0.0020286492131695866,0.0010314953864138533
scene-0770,scene-0184,BB-BA-AB+AA,interaction,3,-0.0032278492447552765,-0.005785335670093872,throughput_hz,-0.008701474169628298,mask-rcnn,False,pointpillars+mask-rcnn,0.005473624924873022,0.002754381225845748
scene-0770,scene-0184,BA-AA,co_runner,3,0.0,0.0,analysis_count,0.0,mask-rcnn,False,pointpillars+mask-rcnn,0.0,0.0
scene-0770,scene-0184,BB-AB,co_runner,3,0.0,0.0,analysis_count,0.0,mask-rcnn,False,pointpillars+mask-rcnn,0.0,0.0
scene-0770,scene-0184,AB-AA,own_input,3,0.0,0.0,analysis_count,0.0,mask-rcnn,False,pointpillars+mask-rcnn,0.0,0.0
scene-0770,scene-0184,BB-BA,own_input,3,0.0,0.0,analysis_count,0.0,mask-rcnn,False,pointpillars+mask-rcnn,0.0,0.0
scene-0770,scene-0184,BB-BA-AB+AA,interaction,3,0.0,0.0,analysis_count,0.0,mask-rcnn,False,pointpillars+mask-rcnn,0.0,0.0
scene-0770,scene-0184,BA-AA,co_runner,3,0.0,0.0,analysis_unique_source_count,0.0,mask-rcnn,False,pointpillars+mask-rcnn,0.0,0.0
scene-0770,scene-0184,BB-AB,co_runner,3,0.0,0.0,analysis_unique_source_count,0.0,mask-rcnn,False,pointpillars+mask-rcnn,0.0,0.0
scene-0770,scene-0184,AB-AA,own_input,3,0.0,0.0,analysis_unique_source_count,0.0,mask-rcnn,False,pointpillars+mask-rcnn,0.0,0.0
scene-0770,scene-0184,BB-BA,own_input,3,0.0,0.0,analysis_unique_source_count,0.0,mask-rcnn,False,pointpillars+mask-rcnn,0.0,0.0
scene-0770,scene-0184,BB-BA-AB+AA,interaction,3,0.0,0.0,analysis_unique_source_count,0.0,mask-rcnn,False,pointpillars+mask-rcnn,0.0,0.0
scene-0770,scene-0184,AB-AA,co_runner,3,0.008922515960905208,-0.0018348783662543837,R,-0.010585412538974485,pointpillars,False,pointpillars+mask-rcnn,0.019507928499879694,0.009907594781212658
scene-0770,scene-0184,BB-BA,co_runner,3,0.04195782321483216,0.03564491514071325,R,0.025504641517023197,pointpillars,False,pointpillars+mask-rcnn,0.01645318169780896,0.008869235721459433
scene-0770,scene-0184,BA-AA,own_input,3,0.30003337069054314,0.24964096410416037,R,0.21917270187642257,pointpillars,False,pointpillars+mask-rcnn,0.08086066881412057,0.04395839608749184
scene-0770,scene-0184,BB-AB,own_input,3,0.35257660644434974,0.28712075761112793,R,0.24851908191413966,pointpillars,False,pointpillars+mask-rcnn,0.10405752453021008,0.056989929496025174
scene-0770,scene-0184,BB-BA-AB+AA,interaction,3,0.05254323575380664,0.03747979350696764,R,0.02934638003771707,pointpillars,False,pointpillars+mask-rcnn,0.023196855716089572,0.013059192276780453
scene-0770,scene-0184,AB-AA,co_runner,3,-7.577781999999992,-7.697254666666666,P50_ms,-7.883785500000009,pointpillars,False,pointpillars+mask-rcnn,0.30600350000001697,0.16365247871812447
scene-0770,scene-0184,BB-BA,co_runner,3,-6.486413499999998,-7.07580333333333,P50_ms,-7.457690499999998,pointpillars,False,pointpillars+mask-rcnn,0.9712770000000006,0.517820210292707
scene-0770,scene-0184,BA-AA,own_input,3,1.2334954999999894,1.1882629999999967,P50_ms,1.1273654999999962,pointpillars,False,pointpillars+mask-rcnn,0.10612999999999317,0.05477169336208097
scene-0770,scene-0184,BB-AB,own_input,3,2.2711484999999954,1.809714333333332,P50_ms,1.3240194999999986,pointpillars,False,pointpillars+mask-rcnn,0.9471289999999968,0.4740303477843818
scene-0770,scene-0184,BB-BA-AB+AA,interaction,3,1.143782999999999,0.6214513333333352,P50_ms,0.1200915000000009,pointpillars,False,pointpillars+mask-rcnn,1.0236914999999982,0.5121678778858376
scene-0770,scene-0184,AB-AA,co_runner,3,-7.742380449999999,-8.262100896666666,P99_ms,-8.659298659999997,pointpillars,False,pointpillars+mask-rcnn,0.9169182099999986,0.4705779498720708
scene-0770,scene-0184,BB-BA,co_runner,3,-6.7991195899997905,-7.108036756666597,P99_ms,-7.608258960000015,pointpillars,False,pointpillars+mask-rcnn,0.8091393700002243,0.4371782734898886
scene-0770,scene-0184,BA-AA,own_input,3,21.645537190000013,18.18684471666667,P99_ms,16.01713506999998,pointpillars,False,pointpillars+mask-rcnn,5.6284021200000325,3.0275130308037292
scene-0770,scene-0184,BB-AB,own_input,3,22.696576889999996,19.34090885666674,P99_ms,17.602639060000193,pointpillars,False,pointpillars+mask-rcnn,5.093937829999803,2.906722113645406
scene-0770,scene-0184,BB-BA-AB+AA,interaction,3,1.5855039900002197,1.154064140000069,P99_ms,0.8256487300000117,pointpillars,False,pointpillars+mask-rcnn,0.759855260000208,0.39026341164077316
scene-0770,scene-0184,AB-AA,co_runner,3,0.14140505000001014,-0.5648462300000006,P99_minus_P50_ms,-1.0815166600000055,pointpillars,False,pointpillars+mask-rcnn,1.2229217100000156,0.6331193025112913
scene-0770,scene-0184,BB-BA,co_runner,3,0.3665742800000089,-0.03223342333326684,P99_minus_P50_ms,-0.3127060899997929,pointpillars,False,pointpillars+mask-rcnn,0.6792803699998018,0.35476448658787374
scene-0770,scene-0184,BA-AA,own_input,3,20.44160919000001,16.998581716666674,P99_minus_P50_ms,14.889769569999984,pointpillars,False,pointpillars+mask-rcnn,5.551839620000024,3.0067970824424854
scene-0770,scene-0184,BB-AB,own_input,3,21.372557389999997,17.531194523333408,P99_minus_P50_ms,15.331490560000198,pointpillars,False,pointpillars+mask-rcnn,6.041066829999799,3.3383985797536635
scene-0770,scene-0184,BB-BA-AB+AA,interaction,3,0.9309481999999889,0.5326128066667337,P99_minus_P50_ms,0.22516922999999878,pointpillars,False,pointpillars+mask-rcnn,0.7057789699999901,0.361561862447171
scene-0770,scene-0184,AB-AA,co_runner,3,3.3699538242131872,3.150826080488708,throughput_hz,3.01504037671997,pointpillars,False,pointpillars+mask-rcnn,0.3549134474932174,0.19157325105783532
scene-0770,scene-0184,BB-BA,co_runner,3,2.6415030629629523,2.5550488331394874,throughput_hz,2.486456057708269,pointpillars,False,pointpillars+mask-rcnn,0.1550470052546835,0.07905167376068761
scene-0770,scene-0184,BA-AA,own_input,3,-0.4691854943191043,-0.6014355860637318,throughput_hz,-0.7709840156860785,pointpillars,False,pointpillars+mask-rcnn,0.30179852136697427,0.15431772866768542
scene-0770,scene-0184,BB-AB,own_input,3,-0.9376745619430302,-1.1972128334129526,throughput_hz,-1.3526832608240227,pointpillars,False,pointpillars+mask-rcnn,0.41500869888099245,0.22623139075295626
scene-0770,scene-0184,BB-BA-AB+AA,interaction,3,-0.37353731375701926,-0.595777247349222,throughput_hz,-0.8834977665049202,pointpillars,False,pointpillars+mask-rcnn,0.5099604527479009,0.26121006136061203
scene-0770,scene-0184,AB-AA,co_runner,3,65.0,60.666666666666664,analysis_count,58.0,pointpillars,False,pointpillars+mask-rcnn,7.0,3.7859388972001824
scene-0770,scene-0184,BB-BA,co_runner,3,51.0,49.333333333333336,analysis_count,48.0,pointpillars,False,pointpillars+mask-rcnn,3.0,1.5275252316519465
scene-0770,scene-0184,BA-AA,own_input,3,-9.0,-11.666666666666666,analysis_count,-15.0,pointpillars,False,pointpillars+mask-rcnn,6.0,3.055050463303893
scene-0770,scene-0184,BB-AB,own_input,3,-18.0,-23.0,analysis_count,-26.0,pointpillars,False,pointpillars+mask-rcnn,8.0,4.358898943540674
scene-0770,scene-0184,BB-BA-AB+AA,interaction,3,-7.0,-11.333333333333334,analysis_count,-17.0,pointpillars,False,pointpillars+mask-rcnn,10.0,5.131601439446884
scene-0770,scene-0184,AB-AA,co_runner,3,65.0,60.666666666666664,analysis_unique_source_count,58.0,pointpillars,False,pointpillars+mask-rcnn,7.0,3.7859388972001824
scene-0770,scene-0184,BB-BA,co_runner,3,51.0,49.333333333333336,analysis_unique_source_count,48.0,pointpillars,False,pointpillars+mask-rcnn,3.0,1.5275252316519465
scene-0770,scene-0184,BA-AA,own_input,3,-9.0,-11.666666666666666,analysis_unique_source_count,-15.0,pointpillars,False,pointpillars+mask-rcnn,6.0,3.055050463303893
scene-0770,scene-0184,BB-AB,own_input,3,-18.0,-23.0,analysis_unique_source_count,-26.0,pointpillars,False,pointpillars+mask-rcnn,8.0,4.358898943540674
scene-0770,scene-0184,BB-BA-AB+AA,interaction,3,-7.0,-11.333333333333334,analysis_unique_source_count,-17.0,pointpillars,False,pointpillars+mask-rcnn,10.0,5.131601439446884
scene-0770,scene-0245,BA-AA,co_runner,3,0.09857719074264557,0.02343577496590683,R,-0.022073656044330703,yolov3,True,3dssd+yolov3,0.12065084678697627,0.06555682724556783
scene-0770,scene-0245,BB-AB,co_runner,3,0.11027095451154129,0.031121402416167714,R,-0.009716147786943963,yolov3,True,3dssd+yolov3,0.11998710229848525,0.0685571535015953
scene-0770,scene-0245,AB-AA,own_input,3,0.16474130119420047,0.09773147376179143,R,0.04978449026108939,yolov3,True,3dssd+yolov3,0.11495681093311108,0.0598022667551258
scene-0770,scene-0245,BB-BA,own_input,3,0.18212910081696138,0.10541710121205232,R,0.05644796266461094,yolov3,True,3dssd+yolov3,0.12568113815235044,0.06727694164093681
scene-0770,scene-0245,BB-BA-AB+AA,interaction,3,0.132344610555872,0.0076856274502608846,R,-0.10829333852958953,yolov3,True,3dssd+yolov3,0.24063794908546152,0.12055356758715985
scene-0770,scene-0245,BA-AA,co_runner,3,0.04842500000000172,-0.008039499999999459,P50_ms,-0.058676999999999424,yolov3,True,3dssd+yolov3,0.10710200000000114,0.05378824265348396
scene-0770,scene-0245,BB-AB,co_runner,3,0.289199,0.03200433333333367,P50_ms,-0.2421179999999996,yolov3,True,3dssd+yolov3,0.5313169999999996,0.26606267691341684
scene-0770,scene-0245,AB-AA,own_input,3,0.11584499999999842,0.016012833333333514,P50_ms,-0.065414999999998,yolov3,True,3dssd+yolov3,0.18125999999999642,0.0920208482577889
scene-0770,scene-0245,BB-BA,own_input,3,0.17535900000000026,0.056056666666666644,P50_ms,-0.11240650000000052,yolov3,True,3dssd+yolov3,0.2877655000000008,0.15004944651042024
scene-0770,scene-0245,BB-BA-AB+AA,interaction,3,0.24077399999999827,0.04004383333333313,P50_ms,-0.22825149999999894,yolov3,True,3dssd+yolov3,0.4690254999999972,0.24170233495475937
scene-0770,scene-0245,BA-AA,co_runner,3,0.9902325000000012,0.21003508333333384,P99_ms,-0.22527649999999966,yolov3,True,3dssd+yolov3,1.2155090000000008,0.6771818151691402
scene-0770,scene-0245,BB-AB,co_runner,3,0.7060802799999983,0.337377146666667,P99_ms,-0.0005153999999976122,yolov3,True,3dssd+yolov3,0.706595679999996,0.3543040120245921
scene-0770,scene-0245,AB-AA,own_input,3,1.4577833499999997,0.9399066266666652,P99_ms,0.6217825300000008,yolov3,True,3dssd+yolov3,0.8360008199999989,0.45238277670059807
scene-0770,scene-0245,BB-BA,own_input,3,1.5531393099999988,1.0672486899999984,P99_ms,0.7741174099999988,yolov3,True,3dssd+yolov3,0.7790219,0.42377576917260085
scene-0770,scene-0245,BB-BA-AB+AA,interaction,3,0.931356779999998,0.12734206333333317,P99_ms,-0.6836659400000009,yolov3,True,3dssd+yolov3,1.615022719999999,0.8075340711529455
scene-0770,scene-0245,BA-AA,co_runner,3,0.9418074999999995,0.2180745833333333,P99_minus_P50_ms,-0.211409999999999,yolov3,True,3dssd+yolov3,1.1532174999999985,0.630407972529413
scene-0770,scene-0245,BB-AB,co_runner,3,0.948198279999998,0.3053728133333333,P99_minus_P50_ms,-0.049447399999998254,yolov3,True,3dssd+yolov3,0.9976456799999962,0.5577046666169844
scene-0770,scene-0245,AB-AA,own_input,3,1.5231983499999977,0.9238937933333317,P99_minus_P50_ms,0.5059375300000024,yolov3,True,3dssd+yolov3,1.0172608199999953,0.532325367231312
scene-0770,scene-0245,BB-BA,own_input,3,1.6655458099999993,1.0111920233333318,P99_minus_P50_ms,0.5987584099999985,yolov3,True,3dssd+yolov3,1.0667874000000008,0.5730644526568659
scene-0770,scene-0245,BB-BA-AB+AA,interaction,3,1.159608279999997,0.08729823000000003,P99_minus_P50_ms,-0.9244399399999992,yolov3,True,3dssd+yolov3,2.084048219999996,1.043343644398306
scene-0770,scene-0245,BA-AA,co_runner,3,0.043337039931193644,0.014445679977064549,throughput_hz,0.0,yolov3,True,3dssd+yolov3,0.043337039931193644,0.02502065167015621
scene-0770,scene-0245,BB-AB,co_runner,3,0.0014768579616113442,-0.0002699026186151106,throughput_hz,-0.001578012867357259,yolov3,True,3dssd+yolov3,0.0030548708289686033,0.0015739661782911028
scene-0770,scene-0245,AB-AA,own_input,3,-0.018438273231272007,-0.04804009548788102,throughput_hz,-0.06360180427605933,yolov3,True,3dssd+yolov3,0.04516353104478732,0.025647216686478357
scene-0770,scene-0245,BB-BA,own_input,3,-0.06212494631444798,-0.06275567808356068,throughput_hz,-0.06335332602982291,yolov3,True,3dssd+yolov3,0.0012283797153749276,0.0006148577768776676
scene-0770,scene-0245,BB-BA-AB+AA,interaction,3,0.0014768579616113442,-0.014715582595679658,throughput_hz,-0.0449150527985509,yolov3,True,3dssd+yolov3,0.04639191076016225,0.026176325288585434
scene-0770,scene-0245,BA-AA,co_runner,3,0.0,0.0,analysis_count,0.0,yolov3,True,3dssd+yolov3,0.0,0.0
scene-0770,scene-0245,BB-AB,co_runner,3,0.0,0.0,analysis_count,0.0,yolov3,True,3dssd+yolov3,0.0,0.0
scene-0770,scene-0245,AB-AA,own_input,3,-1.0,-1.0,analysis_count,-1.0,yolov3,True,3dssd+yolov3,0.0,0.0
scene-0770,scene-0245,BB-BA,own_input,3,-1.0,-1.0,analysis_count,-1.0,yolov3,True,3dssd+yolov3,0.0,0.0
scene-0770,scene-0245,BB-BA-AB+AA,interaction,3,0.0,0.0,analysis_count,0.0,yolov3,True,3dssd+yolov3,0.0,0.0
scene-0770,scene-0245,BA-AA,co_runner,3,0.0,0.0,analysis_unique_source_count,0.0,yolov3,True,3dssd+yolov3,0.0,0.0
scene-0770,scene-0245,BB-AB,co_runner,3,0.0,0.0,analysis_unique_source_count,0.0,yolov3,True,3dssd+yolov3,0.0,0.0
scene-0770,scene-0245,AB-AA,own_input,3,-1.0,-1.0,analysis_unique_source_count,-1.0,yolov3,True,3dssd+yolov3,0.0,0.0
scene-0770,scene-0245,BB-BA,own_input,3,-1.0,-1.0,analysis_unique_source_count,-1.0,yolov3,True,3dssd+yolov3,0.0,0.0
scene-0770,scene-0245,BB-BA-AB+AA,interaction,3,0.0,0.0,analysis_unique_source_count,0.0,yolov3,True,3dssd+yolov3,0.0,0.0
scene-0770,scene-0245,AB-AA,co_runner,3,0.014022231517269425,0.01248640642090746,R,0.009700893709198785,3dssd,True,3dssd+yolov3,0.00432133780807064,0.0024165635652364705
scene-0770,scene-0245,BB-BA,co_runner,3,0.006842118846765326,0.004206732641089735,R,0.0008110069727317107,3dssd,True,3dssd+yolov3,0.006031111874033615,0.0030866105493180503
scene-0770,scene-0245,BA-AA,own_input,3,0.017275334857885155,0.00820681533391926,R,0.0026904736622831993,3dssd,True,3dssd+yolov3,0.014584861195601956,0.007914734338225187
scene-0770,scene-0245,BB-AB,own_input,3,0.004350247794362695,-7.285844589846602e-05,R,-0.004400521931907833,3dssd,True,3dssd+yolov3,0.008750769726270528,0.0043761655236128315
scene-0770,scene-0245,BB-BA-AB+AA,interaction,3,-0.0028587748624334594,-0.008279673779817726,R,-0.01292508706352246,3dssd,True,3dssd+yolov3,0.010066312201089,0.005077764646818601
scene-0770,scene-0245,AB-AA,co_runner,3,0.1440525000000008,0.03616066666666503,P50_ms,-0.14263000000000403,3dssd,True,3dssd+yolov3,0.28668250000000484,0.15593812034773288
scene-0770,scene-0245,BB-BA,co_runner,3,0.025810999999997364,-0.0773785000000018,P50_ms,-0.19245150000000422,3dssd,True,3dssd+yolov3,0.21826250000000158,0.10961543187777088
scene-0770,scene-0245,BA-AA,own_input,3,0.20578100000000177,0.11629883333333406,P50_ms,-0.0322400000000016,3dssd,True,3dssd+yolov3,0.23802100000000337,0.12953480813504858
scene-0770,scene-0245,BB-AB,own_input,3,0.15595950000000158,0.002759666666667234,P50_ms,-0.20479449999999844,3dssd,True,3dssd+yolov3,0.360754,0.18641796397633778
scene-0770,scene-0245,BB-BA-AB+AA,interaction,3,-0.049821500000000185,-0.11353916666666682,P50_ms,-0.17255449999999684,3dssd,True,3dssd+yolov3,0.12273299999999665,0.061501473773667825
scene-0770,scene-0245,AB-AA,co_runner,3,0.6962274300000004,0.5238420699999983,P99_ms,0.38636069999999734,3dssd,True,3dssd+yolov3,0.3098667300000031,0.15785456591009284
scene-0770,scene-0245,BB-BA,co_runner,3,0.22106775000000312,0.08322432333333296,P99_ms,-0.16925803999999545,3dssd,True,3dssd+yolov3,0.39032578999999856,0.21896374114183223
scene-0770,scene-0245,BA-AA,own_input,3,0.8872222500000007,0.44037860333333373,P99_ms,0.07136116000000214,3dssd,True,3dssd+yolov3,0.8158610899999985,0.4134610235414672
scene-0770,scene-0245,BB-AB,own_input,3,0.3316035100000079,-0.00023914333333152626,P99_ms,-0.21971366000000359,3dssd,True,3dssd+yolov3,0.5513171700000115,0.29233132587469907
scene-0770,scene-0245,BB-BA-AB+AA,interaction,3,-0.29107482000000573,-0.44061774666666526,P99_ms,-0.5556187399999928,3dssd,True,3dssd+yolov3,0.26454391999998705,0.1356124266837046
scene-0770,scene-0245,AB-AA,co_runner,3,0.5521749299999996,0.4876814033333332,P99_minus_P50_ms,0.38187857999999864,3dssd,True,3dssd+yolov3,0.17029635000000098,0.09235829794421187
scene-0770,scene-0245,BB-BA,co_runner,3,0.26335825999998974,0.16060282333333475,P99_minus_P50_ms,0.02319346000000877,3dssd,True,3dssd+yolov3,0.24016479999998097,0.12377582059845928
scene-0770,scene-0245,BA-AA,own_input,3,0.6814412499999989,0.3240797699999997,P99_minus_P50_ms,0.10360116000000374,3dssd,True,3dssd+yolov3,0.5778400899999951,0.31229390400291035
scene-0770,scene-0245,BB-AB,own_input,3,0.1756440100000063,-0.0029988099999987603,P99_minus_P50_ms,-0.16972127999999742,3dssd,True,3dssd+yolov3,0.3453652900000037,0.17299094468291876
scene-0770,scene-0245,BB-BA-AB+AA,interaction,3,-0.1185203200000089,-0.32707857999999845,P99_minus_P50_ms,-0.5057972399999926,3dssd,True,3dssd+yolov3,0.3872769199999837,0.1953552008196563
scene-0770,scene-0245,AB-AA,co_runner,3,0.05063540705945613,0.029962141137704162,throughput_hz,-0.010993257168259163,3dssd,True,3dssd+yolov3,0.06162866422771529,0.03546895451181392
scene-0770,scene-0245,BB-BA,co_runner,3,-0.0008358065699241024,-0.035671165994160724,throughput_hz,-0.10481100921881747,3dssd,True,3dssd+yolov3,0.10397520264889337,0.05987744899442173
scene-0770,scene-0245,BA-AA,own_input,3,0.15477279315279446,0.08275359980309342,throughput_hz,-5.93802584738512e-05,3dssd,True,3dssd+yolov3,0.15483217341126831,0.07797839351063993
scene-0770,scene-0245,BB-AB,own_input,3,0.10277070389959775,0.017120292671228537,throughput_hz,-0.05113946035031347,3dssd,True,3dssd+yolov3,0.15391016424991122,0.07841499161199138
scene-0770,scene-0245,BB-BA-AB+AA,interaction,3,-0.05108008009183962,-0.06563330713186488,throughput_hz,-0.09381775205055831,3dssd,True,3dssd+yolov3,0.04273767195871869,0.024412798421208384
scene-0770,scene-0245,AB-AA,co_runner,3,1.0,0.0,analysis_count,-2.0,3dssd,True,3dssd+yolov3,3.0,1.7320508075688772
scene-0770,scene-0245,BB-BA,co_runner,3,0.0,-0.6666666666666666,analysis_count,-2.0,3dssd,True,3dssd+yolov3,2.0,1.1547005383792517
scene-0770,scene-0245,BA-AA,own_input,3,3.0,1.0,analysis_count,0.0,3dssd,True,3dssd+yolov3,3.0,1.7320508075688772
scene-0770,scene-0245,BB-AB,own_input,3,2.0,0.3333333333333333,analysis_count,-1.0,3dssd,True,3dssd+yolov3,3.0,1.5275252316519468
scene-0770,scene-0245,BB-BA-AB+AA,interaction,3,0.0,-0.6666666666666666,analysis_count,-1.0,3dssd,True,3dssd+yolov3,1.0,0.5773502691896258
scene-0770,scene-0245,AB-AA,co_runner,3,1.0,0.0,analysis_unique_source_count,-2.0,3dssd,True,3dssd+yolov3,3.0,1.7320508075688772
scene-0770,scene-0245,BB-BA,co_runner,3,0.0,-0.6666666666666666,analysis_unique_source_count,-2.0,3dssd,True,3dssd+yolov3,2.0,1.1547005383792517
scene-0770,scene-0245,BA-AA,own_input,3,3.0,1.0,analysis_unique_source_count,0.0,3dssd,True,3dssd+yolov3,3.0,1.7320508075688772
scene-0770,scene-0245,BB-AB,own_input,3,2.0,0.3333333333333333,analysis_unique_source_count,-1.0,3dssd,True,3dssd+yolov3,3.0,1.5275252316519468
scene-0770,scene-0245,BB-BA-AB+AA,interaction,3,0.0,-0.6666666666666666,analysis_unique_source_count,-1.0,3dssd,True,3dssd+yolov3,1.0,0.5773502691896258
scene-0245,scene-0184,BA-AA,co_runner,3,0.2677949453412312,0.23540571119427645,R,0.2148153406383559,dino,True,centerpoint+dino,0.05297960470287533,0.028392243925905298
scene-0245,scene-0184,BB-AB,co_runner,3,0.26979677516528533,0.24201876977492573,R,0.20869452649466347,dino,True,centerpoint+dino,0.06110224867062186,0.030926392680042263
scene-0245,scene-0184,AB-AA,own_input,3,-0.004572619270726774,-0.008332704088405363,R,-0.011210110038045284,dino,True,centerpoint+dino,0.00663749076731851,0.0034056441989176044
scene-0245,scene-0184,BB-BA,own_input,3,0.02153955698842719,-0.0017196455077561068,R,-0.024127704065022848,dino,True,centerpoint+dino,0.04566726105345004,0.02284552510962605
scene-0245,scene-0184,BB-BA-AB+AA,interaction,3,0.03274966702647247,0.006613058580649256,R,-0.014912321108578819,dino,True,centerpoint+dino,0.04766198813505129,0.024163274844910407
scene-0245,scene-0184,BA-AA,co_runner,3,1.4062760000000054,0.574403833333335,P50_ms,0.05306299999999453,dino,True,centerpoint+dino,1.3532130000000109,0.7280924649923175
scene-0245,scene-0184,BB-AB,co_runner,3,0.8788935000000038,0.5310321666666624,P50_ms,0.344664999999992,dino,True,centerpoint+dino,0.5342285000000118,0.3015133445696683
scene-0245,scene-0184,AB-AA,own_input,3,0.6992719999999935,0.2207321666666644,P50_ms,-0.4587395000000072,dino,True,centerpoint+dino,1.1580115000000006,0.6045890007005474
scene-0245,scene-0184,BB-BA,own_input,3,0.9908739999999909,0.17736049999999182,P50_ms,-0.615074000000007,dino,True,centerpoint+dino,1.605947999999998,0.8031814787809467
scene-0245,scene-0184,BB-BA-AB+AA,interaction,3,0.6150209999999987,-0.04337166666667258,P50_ms,-1.036738000000014,dino,True,centerpoint+dino,1.6517590000000126,0.8753470549104198
scene-0245,scene-0184,BA-AA,co_runner,3,24.481971779999995,20.630589913333335,P99_ms,18.143927579999996,dino,True,centerpoint+dino,6.338044199999999,3.382239734818416
scene-0245,scene-0184,BB-AB,co_runner,3,23.18793311000003,21.171336963333346,P99_ms,18.816648060000006,dino,True,centerpoint+dino,4.371285050000026,2.2051674043417373
scene-0245,scene-0184,AB-AA,own_input,3,0.14371481999999958,-0.4285374266666698,P99_ms,-1.3615563199999912,dino,True,centerpoint+dino,1.5052711399999907,0.8149078053617744
scene-0245,scene-0184,BB-BA,own_input,3,3.297731359999986,0.11220962333334228,P99_ms,-1.8107786399999952,dino,True,centerpoint+dino,5.108509999999981,2.778436913714301
scene-0245,scene-0184,BB-BA-AB+AA,interaction,3,3.365502140000004,0.5407470500000121,P99_ms,-1.2940386699999635,dino,True,centerpoint+dino,4.659540809999967,2.4825107563044835
scene-0245,scene-0184,BA-AA,co_runner,3,23.07569577999999,20.05618608,P99_minus_P50_ms,18.09086458,dino,True,centerpoint+dino,4.984831199999988,2.6543586972916358
scene-0245,scene-0184,BB-AB,co_runner,3,22.81839511000004,20.640304796666683,P99_minus_P50_ms,17.937754560000002,dino,True,centerpoint+dino,4.880640550000038,2.4822281730258533
scene-0245,scene-0184,AB-AA,own_input,3,-0.27794918000000735,-0.6492695933333342,P99_minus_P50_ms,-0.902816819999984,dino,True,centerpoint+dino,0.6248676399999766,0.32866059164889705
scene-0245,scene-0184,BB-BA,own_input,3,2.306857359999995,-0.06515087666664954,P99_minus_P50_ms,-1.9670601399999867,dino,True,centerpoint+dino,4.273917499999982,2.175393638574016
scene-0245,scene-0184,BB-BA-AB+AA,interaction,3,3.0739001400000063,0.5841187166666847,P99_minus_P50_ms,-1.0642433200000028,dino,True,centerpoint+dino,4.138143460000009,2.193638019838062
scene-0245,scene-0184,BA-AA,co_runner,3,-0.18524925921164304,-0.32916692594868496,throughput_hz,-0.5833614308711379,dino,True,centerpoint+dino,0.39811217165949486,0.22078057225668263
scene-0245,scene-0184,BB-AB,co_runner,3,-0.39360632994085876,-0.47071942730121324,throughput_hz,-0.5525544015548753,dino,True,centerpoint+dino,0.15894807161401658,0.07957917100912965
scene-0245,scene-0184,AB-AA,own_input,3,0.36393732554657454,0.20120498703503742,throughput_hz,0.06028781572632269,dino,True,centerpoint+dino,0.30364950982025185,0.15299569387268758
scene-0245,scene-0184,BB-BA,own_input,3,0.25004291665660183,0.05965248568250914,throughput_hz,-0.06771764281241666,dino,True,centerpoint+dino,0.3177605594690185,0.16799289324831623
scene-0245,scene-0184,BB-BA-AB+AA,interaction,3,0.18975510093027914,-0.14155250135252828,throughput_hz,-0.3673051423432323,dino,True,centerpoint+dino,0.5570602432735114,0.2931474305686799
scene-0245,scene-0184,BA-AA,co_runner,3,-3.0,-6.333333333333333,analysis_count,-12.0,dino,True,centerpoint+dino,9.0,4.932882862316247
scene-0245,scene-0184,BB-AB,co_runner,3,-8.0,-9.0,analysis_count,-10.0,dino,True,centerpoint+dino,2.0,1.0
scene-0245,scene-0184,AB-AA,own_input,3,7.0,4.0,analysis_count,1.0,dino,True,centerpoint+dino,6.0,3.0
scene-0245,scene-0184,BB-BA,own_input,3,5.0,1.3333333333333333,analysis_count,-1.0,dino,True,centerpoint+dino,6.0,3.2145502536643185
scene-0245,scene-0184,BB-BA-AB+AA,interaction,3,4.0,-2.6666666666666665,analysis_count,-7.0,dino,True,centerpoint+dino,11.0,5.859465277082315
scene-0245,scene-0184,BA-AA,co_runner,3,-3.0,-6.333333333333333,analysis_unique_source_count,-12.0,dino,True,centerpoint+dino,9.0,4.932882862316247
scene-0245,scene-0184,BB-AB,co_runner,3,-8.0,-9.0,analysis_unique_source_count,-10.0,dino,True,centerpoint+dino,2.0,1.0
scene-0245,scene-0184,AB-AA,own_input,3,7.0,4.0,analysis_unique_source_count,1.0,dino,True,centerpoint+dino,6.0,3.0
scene-0245,scene-0184,BB-BA,own_input,3,5.0,1.3333333333333333,analysis_unique_source_count,-1.0,dino,True,centerpoint+dino,6.0,3.2145502536643185
scene-0245,scene-0184,BB-BA-AB+AA,interaction,3,4.0,-2.6666666666666665,analysis_unique_source_count,-7.0,dino,True,centerpoint+dino,11.0,5.859465277082315
scene-0245,scene-0184,AB-AA,co_runner,3,0.036215836693379355,-0.021567406102518605,R,-0.07030711111707347,centerpoint,True,centerpoint+dino,0.10652294781045282,0.05383422502701278
scene-0245,scene-0184,BB-BA,co_runner,3,0.018053428590388526,-0.006133104529543058,R,-0.04629346242700175,centerpoint,True,centerpoint+dino,0.06434689101739027,0.03502146348196102
scene-0245,scene-0184,BA-AA,own_input,3,-0.01304330560157907,-0.027705202519981625,R,-0.0409149058864714,centerpoint,True,centerpoint+dino,0.02787160028489233,0.013992432783271296
scene-0245,scene-0184,BB-AB,own_input,3,0.007749466587778836,-0.012270900947006077,R,-0.03941842204697438,centerpoint,True,centerpoint+dino,0.04716788863475321,0.024378262202655054
scene-0245,scene-0184,BB-BA-AB+AA,interaction,3,0.048664372474250234,0.015434301572975548,R,-0.026375116445395308,centerpoint,True,centerpoint+dino,0.07503948891964554,0.03824833489247763
scene-0245,scene-0184,AB-AA,co_runner,3,2.881130999999982,1.7797024999999944,P50_ms,0.06354849999999601,centerpoint,True,centerpoint+dino,2.817582499999986,1.5060240258173971
scene-0245,scene-0184,BB-BA,co_runner,3,9.848971500000005,2.140501499999999,P50_ms,-2.268711499999995,centerpoint,True,centerpoint+dino,12.117683,6.698759802094643
scene-0245,scene-0184,BA-AA,own_input,3,49.28676149999998,46.562414166666656,P50_ms,42.970969999999994,centerpoint,True,centerpoint+dino,6.315791499999989,3.245951055800218
scene-0245,scene-0184,BB-AB,own_input,3,49.93881050000002,46.92321316666666,P50_ms,44.62362199999998,centerpoint,True,centerpoint+dino,5.315188500000033,2.7289752326948085
scene-0245,scene-0184,BB-BA-AB+AA,interaction,3,6.9678405000000225,0.3607990000000048,P50_ms,-4.6631395,centerpoint,True,centerpoint+dino,11.630980000000022,5.974912992802231
scene-0245,scene-0184,AB-AA,co_runner,3,9.201124280000016,-1.7648232999999796,P99_ms,-9.12844205999997,centerpoint,True,centerpoint+dino,18.329566339999985,9.681210164471542
scene-0245,scene-0184,BB-BA,co_runner,3,2.7177864899999804,1.0763158399999686,P99_ms,-0.4330432200000587,centerpoint,True,centerpoint+dino,3.150829710000039,1.5795638858602634
scene-0245,scene-0184,BA-AA,own_input,3,54.51383085000006,48.92121578000004,P99_ms,45.23727015000003,centerpoint,True,centerpoint+dino,9.276560700000033,4.924013492933254
scene-0245,scene-0184,BB-AB,own_input,3,55.30991645999998,51.762354919999986,P99_ms,44.87966334999999,centerpoint,True,centerpoint+dino,10.430253109999995,5.961532036517293
scene-0245,scene-0184,BB-BA-AB+AA,interaction,3,10.072646309999953,2.841139139999948,P99_ms,-9.634167500000075,centerpoint,True,centerpoint+dino,19.70681381000003,10.849548483539825
scene-0245,scene-0184,AB-AA,co_runner,3,6.806696280000011,-3.544525799999974,P99_minus_P50_ms,-12.009573059999951,centerpoint,True,centerpoint+dino,18.816269339999963,9.54888682295257
scene-0245,scene-0184,BB-BA,co_runner,3,3.8765419899999927,-1.0641856600000306,P99_minus_P50_ms,-8.90476725000002,centerpoint,True,centerpoint+dino,12.781309240000013,6.866391419597883
scene-0245,scene-0184,BA-AA,own_input,3,5.227069350000079,2.358801613333384,P99_minus_P50_ms,-0.41696465999996235,centerpoint,True,centerpoint+dino,5.644034010000041,2.8231537979799106
scene-0245,scene-0184,BB-AB,own_input,3,8.890277950000012,4.839141753333327,P99_minus_P50_ms,0.25604135000000383,centerpoint,True,centerpoint+dino,8.634236600000008,4.341629861477804
scene-0245,scene-0184,BB-BA-AB+AA,interaction,3,9.307242609999975,2.4803401399999436,P99_minus_P50_ms,-4.971028000000075,centerpoint,True,centerpoint+dino,14.27827061000005,7.159589438847329
scene-0245,scene-0184,AB-AA,co_runner,3,0.006721332477091835,-0.07680419331942752,throughput_hz,-0.12292000061203368,centerpoint,True,centerpoint+dino,0.1296413330891255,0.07246608924309299
scene-0245,scene-0184,BB-BA,co_runner,3,0.09983250630391094,-0.0013904079752546927,throughput_hz,-0.1104028680531024,centerpoint,True,centerpoint+dino,0.21023537435701334,0.10533392580536771
scene-0245,scene-0184,BA-AA,own_input,3,-0.9811437184826364,-1.1104826565511425,throughput_hz,-1.198904121518754,centerpoint,True,centerpoint+dino,0.21776040303611754,0.11450143224577988
scene-0245,scene-0184,BB-AB,own_input,3,-0.9761516146028093,-1.0350688712069698,throughput_hz,-1.0982679190128306,centerpoint,True,centerpoint+dino,0.1221163044100213,0.061170648620163144
scene-0245,scene-0184,BB-BA-AB+AA,interaction,3,0.22275250691594461,0.07541378534417269,throughput_hz,-0.11712420053019468,centerpoint,True,centerpoint+dino,0.3398767074461393,0.17438828569095186
scene-0245,scene-0184,AB-AA,co_runner,3,0.0,-1.3333333333333333,analysis_count,-2.0,centerpoint,True,centerpoint+dino,2.0,1.1547005383792517
scene-0245,scene-0184,BB-BA,co_runner,3,2.0,0.0,analysis_count,-2.0,centerpoint,True,centerpoint+dino,4.0,2.0
scene-0245,scene-0184,BA-AA,own_input,3,-19.0,-21.333333333333332,analysis_count,-23.0,centerpoint,True,centerpoint+dino,4.0,2.081665999466133
scene-0245,scene-0184,BB-AB,own_input,3,-19.0,-20.0,analysis_count,-21.0,centerpoint,True,centerpoint+dino,2.0,1.0
scene-0245,scene-0184,BB-BA-AB+AA,interaction,3,4.0,1.3333333333333333,analysis_count,-2.0,centerpoint,True,centerpoint+dino,6.0,3.055050463303893
scene-0245,scene-0184,AB-AA,co_runner,3,0.0,-1.3333333333333333,analysis_unique_source_count,-2.0,centerpoint,True,centerpoint+dino,2.0,1.1547005383792517
scene-0245,scene-0184,BB-BA,co_runner,3,2.0,0.0,analysis_unique_source_count,-2.0,centerpoint,True,centerpoint+dino,4.0,2.0
scene-0245,scene-0184,BA-AA,own_input,3,-19.0,-21.333333333333332,analysis_unique_source_count,-23.0,centerpoint,True,centerpoint+dino,4.0,2.081665999466133
scene-0245,scene-0184,BB-AB,own_input,3,-19.0,-20.0,analysis_unique_source_count,-21.0,centerpoint,True,centerpoint+dino,2.0,1.0
scene-0245,scene-0184,BB-BA-AB+AA,interaction,3,4.0,1.3333333333333333,analysis_unique_source_count,-2.0,centerpoint,True,centerpoint+dino,6.0,3.055050463303893
scene-0245,scene-0184,BA-AA,co_runner,3,1.6857513619532978,1.5431967838457303,R,1.2793974425866077,yolov3,True,centerpoint+yolov3,0.4063539193666901,0.22870526095812746
scene-0245,scene-0184,BB-AB,co_runner,3,1.7274464614832272,1.5116332089391618,R,1.3181963656981353,yolov3,True,centerpoint+yolov3,0.40925009578509197,0.20554059938367308
scene-0245,scene-0184,AB-AA,own_input,3,0.16519502888218618,-0.07932403491498759,R,-0.4072175714767814,yolov3,True,centerpoint+yolov3,0.5724126003589676,0.29517371714638235
scene-0245,scene-0184,BB-BA,own_input,3,0.045745537379561885,-0.11088760982155632,R,-0.19735821442726653,yolov3,True,centerpoint+yolov3,0.24310375180682842,0.13589313935305322
scene-0245,scene-0184,BB-BA-AB+AA,interaction,3,0.20985935704951464,-0.0315635749065688,R,-0.3462451812991505,yolov3,True,centerpoint+yolov3,0.5561045383486651,0.285198508811214
scene-0245,scene-0184,BA-AA,co_runner,3,1.5308770000000003,0.6651600000000008,P50_ms,0.18140900000000038,yolov3,True,centerpoint+yolov3,1.349468,0.7514582421019809
scene-0245,scene-0184,BB-AB,co_runner,3,1.1403694999999985,0.6821263333333322,P50_ms,0.43183849999999957,yolov3,True,centerpoint+yolov3,0.7085309999999989,0.3974142800486453
scene-0245,scene-0184,AB-AA,own_input,3,0.6742980000000021,-0.03170816666666513,P50_ms,-0.3854054999999992,yolov3,True,centerpoint+yolov3,1.0597035000000012,0.6114196697126973
scene-0245,scene-0184,BB-BA,own_input,3,0.4731584999999985,-0.014741833333333787,P50_ms,-0.38240799999999986,yolov3,True,centerpoint+yolov3,0.8555664999999983,0.4402734378838707
scene-0245,scene-0184,BB-BA-AB+AA,interaction,3,0.8571754999999968,0.016966333333331345,P50_ms,-1.056706000000002,yolov3,True,centerpoint+yolov3,1.9138814999999987,0.9780666575714984
scene-0245,scene-0184,BA-AA,co_runner,3,21.26486512000001,20.997774773333344,P99_ms,20.619572520000006,yolov3,True,centerpoint+yolov3,0.6452926000000048,0.3366898079182358
scene-0245,scene-0184,BB-AB,co_runner,3,22.150199750000006,20.623822416666666,P99_ms,19.7541545,yolov3,True,centerpoint+yolov3,2.3960452500000073,1.3261631322977983
scene-0245,scene-0184,AB-AA,own_input,3,0.665447080000007,-1.0402783233333228,P99_ms,-2.6571062299999895,yolov3,True,centerpoint+yolov3,3.3225533099999964,1.6630595894715205
scene-0245,scene-0184,BB-BA,own_input,3,0.012987559999999121,-1.4142306799999982,P99_ms,-4.167816850000001,yolov3,True,centerpoint+yolov3,4.18080441,2.385208647680164
scene-0245,scene-0184,BB-BA-AB+AA,interaction,3,1.041313069999994,-0.3739523566666752,P99_ms,-1.5107106200000118,yolov3,True,centerpoint+yolov3,2.5520236900000057,1.2986072957600754
scene-0245,scene-0184,BA-AA,co_runner,3,20.92747768000001,20.332614773333344,P99_minus_P50_ms,19.733988120000014,yolov3,True,centerpoint+yolov3,1.1934895599999962,0.5967536818478577
scene-0245,scene-0184,BB-AB,co_runner,3,21.718361250000005,19.941696083333337,P99_minus_P50_ms,18.8267435,yolov3,True,centerpoint+yolov3,2.8916177500000053,1.5552366251587022
scene-0245,scene-0184,AB-AA,own_input,3,1.049464080000007,-1.008570156666656,P99_minus_P50_ms,-3.3314042299999898,yolov3,True,centerpoint+yolov3,4.380868309999997,2.202405730676021
scene-0245,scene-0184,BB-BA,own_input,3,0.04711325000000954,-1.3994888466666637,P99_minus_P50_ms,-3.785408850000003,yolov3,True,centerpoint+yolov3,3.8325221000000127,2.081776887441498
scene-0245,scene-0184,BB-BA-AB+AA,interaction,3,0.7908835699999948,-0.39091869000000773,P99_minus_P50_ms,-1.5096350200000046,yolov3,True,centerpoint+yolov3,2.3005185899999994,1.151556043645671
scene-0245,scene-0184,BA-AA,co_runner,3,0.006830490614758489,-0.00897477561452753,throughput_hz,-0.026802392358776572,yolov3,True,centerpoint+yolov3,0.03363288297353506,0.016907398690570487
scene-0245,scene-0184,BB-AB,co_runner,3,0.0,-0.00902842578334706,throughput_hz,-0.014264502248941824,yolov3,True,centerpoint+yolov3,0.014264502248941824,0.007852097879764925
scene-0245,scene-0184,AB-AA,own_input,3,0.07960635982039044,0.07175966207796236,throughput_hz,0.06364176197406124,yolov3,True,centerpoint+yolov3,0.015964597846329198,0.007985753511059939
scene-0245,scene-0184,BB-BA,own_input,3,0.09044415433283781,0.07170601190914283,throughput_hz,0.05237959872357756,yolov3,True,centerpoint+yolov3,0.03806455560926025,0.019039095180695173
scene-0245,scene-0184,BB-BA-AB+AA,interaction,3,0.026802392358776572,-5.365016881953011e-05,throughput_hz,-0.019651265715857846,yolov3,True,centerpoint+yolov3,0.04645365807463442,0.024062401351544877
scene-0245,scene-0184,BA-AA,co_runner,3,0.0,0.0,analysis_count,0.0,yolov3,True,centerpoint+yolov3,0.0,0.0
scene-0245,scene-0184,BB-AB,co_runner,3,0.0,0.0,analysis_count,0.0,yolov3,True,centerpoint+yolov3,0.0,0.0
scene-0245,scene-0184,AB-AA,own_input,3,1.0,1.0,analysis_count,1.0,yolov3,True,centerpoint+yolov3,0.0,0.0
scene-0245,scene-0184,BB-BA,own_input,3,1.0,1.0,analysis_count,1.0,yolov3,True,centerpoint+yolov3,0.0,0.0
scene-0245,scene-0184,BB-BA-AB+AA,interaction,3,0.0,0.0,analysis_count,0.0,yolov3,True,centerpoint+yolov3,0.0,0.0
scene-0245,scene-0184,BA-AA,co_runner,3,0.0,0.0,analysis_unique_source_count,0.0,yolov3,True,centerpoint+yolov3,0.0,0.0
scene-0245,scene-0184,BB-AB,co_runner,3,0.0,0.0,analysis_unique_source_count,0.0,yolov3,True,centerpoint+yolov3,0.0,0.0
scene-0245,scene-0184,AB-AA,own_input,3,1.0,1.0,analysis_unique_source_count,1.0,yolov3,True,centerpoint+yolov3,0.0,0.0
scene-0245,scene-0184,BB-BA,own_input,3,1.0,1.0,analysis_unique_source_count,1.0,yolov3,True,centerpoint+yolov3,0.0,0.0
scene-0245,scene-0184,BB-BA-AB+AA,interaction,3,0.0,0.0,analysis_unique_source_count,0.0,yolov3,True,centerpoint+yolov3,0.0,0.0
scene-0245,scene-0184,AB-AA,co_runner,3,0.014324531287201625,0.00620549458201682,R,-0.0005874091243730228,centerpoint,True,centerpoint+yolov3,0.014911940411574648,0.007543902389178824
scene-0245,scene-0184,BB-BA,co_runner,3,0.013342908838138573,0.006429942023353702,R,-0.005789358886155602,centerpoint,True,centerpoint+yolov3,0.019132267724294175,0.010612671822502728
scene-0245,scene-0184,BA-AA,own_input,3,-0.11445150305197059,-0.12553775271420864,R,-0.1366658017906074,centerpoint,True,centerpoint+yolov3,0.022214298738636798,0.011107208357891656
scene-0245,scene-0184,BB-AB,own_input,3,-0.11156563533753631,-0.12531330527287174,R,-0.13456539322532782,centerpoint,True,centerpoint+yolov3,0.022999757887791503,0.012141042325428614
scene-0245,scene-0184,BB-BA-AB+AA,interaction,3,0.013930317962511596,0.0002244474413368817,R,-0.020113890173357213,centerpoint,True,centerpoint+yolov3,0.03404420813586881,0.017965083960548363
scene-0245,scene-0184,AB-AA,co_runner,3,0.3195685000000026,-0.6068138333333337,P50_ms,-2.0630555000000044,centerpoint,True,centerpoint+yolov3,2.382624000000007,1.2766312961009307
scene-0245,scene-0184,BB-BA,co_runner,3,0.4377760000000137,-0.05747666666666381,P50_ms,-0.5492830000000026,centerpoint,True,centerpoint+yolov3,0.9870590000000163,0.49353852461620606
scene-0245,scene-0184,BA-AA,own_input,3,38.515889500000014,38.15528916666667,P50_ms,37.813214999999985,centerpoint,True,centerpoint+yolov3,0.702674500000029,0.35170339403550466
scene-0245,scene-0184,BB-AB,own_input,3,39.81534749999999,38.70462633333334,P50_ms,37.64703800000001,centerpoint,True,centerpoint+yolov3,2.168309499999978,1.0851307964623707
scene-0245,scene-0184,BB-BA-AB+AA,interaction,3,2.002132500000002,0.5493371666666699,P50_ms,-0.8688515000000052,centerpoint,True,centerpoint+yolov3,2.870984000000007,1.4358048259068301
scene-0245,scene-0184,AB-AA,co_runner,3,1.332262010000008,-0.10442513999999885,P99_ms,-1.9600543700000088,centerpoint,True,centerpoint+yolov3,3.292316380000017,1.6856663775196297
scene-0245,scene-0184,BB-BA,co_runner,3,1.5589508500000022,0.8294367133333177,P99_ms,-0.3361227600000234,centerpoint,True,centerpoint+yolov3,1.8950736100000256,1.0200135531213228
scene-0245,scene-0184,BA-AA,own_input,3,28.91769124000001,27.460114253333334,P99_ms,25.82561561999998,centerpoint,True,centerpoint+yolov3,3.092075620000031,1.5536115543288425
scene-0245,scene-0184,BB-AB,own_input,3,29.34462083999999,28.393976106666653,P99_ms,27.24930646999998,centerpoint,True,centerpoint+yolov3,2.095314370000011,1.0610465704281167
scene-0245,scene-0184,BB-BA-AB+AA,interaction,3,3.519005220000011,0.9338618533333166,P99_ms,-1.6683847700000314,centerpoint,True,centerpoint+yolov3,5.187389990000042,2.593737287801063
scene-0245,scene-0184,AB-AA,co_runner,3,1.4092165100000074,0.5023886933333349,P99_minus_P50_ms,-0.00505155999999829,centerpoint,True,centerpoint+yolov3,1.4142680700000057,0.7871920748866771
scene-0245,scene-0184,BB-BA,co_runner,3,1.814765049999977,0.8869133799999815,P99_minus_P50_ms,-0.7738987600000371,centerpoint,True,centerpoint+yolov3,2.588663810000014,1.4416027081820908
scene-0245,scene-0184,BA-AA,own_input,3,-9.219071759999991,-10.695174913333332,P99_minus_P50_ms,-11.987599380000006,centerpoint,True,centerpoint+yolov3,2.7685276200000146,1.3933734928680932
scene-0245,scene-0184,BB-AB,own_input,3,-9.059036990000024,-10.310650226666686,P99_minus_P50_ms,-11.402187030000036,centerpoint,True,centerpoint+yolov3,2.343150040000012,1.1797484375363883
scene-0245,scene-0184,BB-BA-AB+AA,interaction,3,1.8198166099999753,0.3845246866666467,P99_minus_P50_ms,-2.1831152700000445,centerpoint,True,centerpoint+yolov3,4.00293188000002,2.228794508344269
scene-0245,scene-0184,AB-AA,co_runner,3,0.19827065844994607,0.009639603709273933,throughput_hz,-0.14100577915615986,centerpoint,True,centerpoint+yolov3,0.33927643760610593,0.172798462752226
scene-0245,scene-0184,BB-BA,co_runner,3,0.004947453324411377,-0.04461276214886922,throughput_hz,-0.08971158774871313,centerpoint,True,centerpoint+yolov3,0.0946590410731245,0.04748696151495661
scene-0245,scene-0184,BA-AA,own_input,3,-2.2779219949573495,-2.37725657446652,throughput_hz,-2.45029517072094,centerpoint,True,centerpoint+yolov3,0.17237317576359068,0.08914447252750457
scene-0245,scene-0184,BB-AB,own_input,3,-2.358363543587086,-2.431508940324663,throughput_hz,-2.5659042411560087,centerpoint,True,centerpoint+yolov3,0.20754069756892246,0.11654161638861295
scene-0245,scene-0184,BB-BA-AB+AA,interaction,3,0.09193162713385483,-0.05425236585814316,throughput_hz,-0.2879822461986592,centerpoint,True,centerpoint+yolov3,0.37991387333251403,0.20452835886829468
scene-0245,scene-0184,AB-AA,co_runner,3,3.0,-0.3333333333333333,analysis_count,-3.0,centerpoint,True,centerpoint+yolov3,6.0,3.0550504633038935
scene-0245,scene-0184,BB-BA,co_runner,3,0.0,-1.0,analysis_count,-2.0,centerpoint,True,centerpoint+yolov3,2.0,1.0
scene-0245,scene-0184,BA-AA,own_input,3,-44.0,-45.666666666666664,analysis_count,-47.0,centerpoint,True,centerpoint+yolov3,3.0,1.5275252316519465
scene-0245,scene-0184,BB-AB,own_input,3,-45.0,-46.333333333333336,analysis_count,-49.0,centerpoint,True,centerpoint+yolov3,4.0,2.309401076758503
scene-0245,scene-0184,BB-BA-AB+AA,interaction,3,2.0,-0.6666666666666666,analysis_count,-5.0,centerpoint,True,centerpoint+yolov3,7.0,3.7859388972001824
scene-0245,scene-0184,AB-AA,co_runner,3,3.0,-0.3333333333333333,analysis_unique_source_count,-3.0,centerpoint,True,centerpoint+yolov3,6.0,3.0550504633038935
scene-0245,scene-0184,BB-BA,co_runner,3,0.0,-1.0,analysis_unique_source_count,-2.0,centerpoint,True,centerpoint+yolov3,2.0,1.0
scene-0245,scene-0184,BA-AA,own_input,3,-44.0,-45.666666666666664,analysis_unique_source_count,-47.0,centerpoint,True,centerpoint+yolov3,3.0,1.5275252316519465
scene-0245,scene-0184,BB-AB,own_input,3,-45.0,-46.333333333333336,analysis_unique_source_count,-49.0,centerpoint,True,centerpoint+yolov3,4.0,2.309401076758503
scene-0245,scene-0184,BB-BA-AB+AA,interaction,3,2.0,-0.6666666666666666,analysis_unique_source_count,-5.0,centerpoint,True,centerpoint+yolov3,7.0,3.7859388972001824
scene-0184,scene-0398,BA-AA,co_runner,3,-0.058269442988075265,-0.06644563217171749,R,-0.08110499961858186,vit-upernet,True,pointpillars+vit-upernet,0.022835556630506598,0.012723575045984734
scene-0184,scene-0398,BB-AB,co_runner,3,-0.05195706151004936,-0.06462434862070675,R,-0.0757984246856605,vit-upernet,True,pointpillars+vit-upernet,0.02384136317561114,0.011990617537812855
scene-0184,scene-0398,AB-AA,own_input,3,0.01639072820818538,0.011236751772261244,R,0.0076341020781380275,vit-upernet,True,pointpillars+vit-upernet,0.008756626130047351,0.004579801992469434
scene-0184,scene-0398,BB-BA,own_input,3,0.01599780650848623,0.013058035323271997,R,0.010235622450270376,vit-upernet,True,pointpillars+vit-upernet,0.005762184058215852,0.0028828841479104344
scene-0184,scene-0398,BB-BA-AB+AA,interaction,3,0.006312381478025875,0.001821283551010744,R,-0.006155105757915003,vit-upernet,True,pointpillars+vit-upernet,0.012467487235940877,0.006926037937176094
scene-0184,scene-0398,BA-AA,co_runner,3,0.1193269999999984,-0.06516500000000036,P50_ms,-0.16845699999999653,vit-upernet,True,pointpillars+vit-upernet,0.28778399999999493,0.16015613526805517
scene-0184,scene-0398,BB-AB,co_runner,3,0.08155800000000113,-0.07112566666666709,P50_ms,-0.15996200000000016,vit-upernet,True,pointpillars+vit-upernet,0.2415200000000013,0.13281693822827592
scene-0184,scene-0398,AB-AA,own_input,3,0.0943784999999977,-0.03523866666666701,P50_ms,-0.10489599999999655,vit-upernet,True,pointpillars+vit-upernet,0.19927449999999425,0.11235643193686298
scene-0184,scene-0398,BB-BA,own_input,3,0.10577049999999844,-0.04119933333333373,P50_ms,-0.13296749999999946,vit-upernet,True,pointpillars+vit-upernet,0.2387379999999979,0.1285860651979174
scene-0184,scene-0398,BB-BA-AB+AA,interaction,3,0.011392000000000735,-0.005960666666666725,P50_ms,-0.03776899999999728,vit-upernet,True,pointpillars+vit-upernet,0.04916099999999801,0.027584881807490257
scene-0184,scene-0398,BA-AA,co_runner,3,-2.23717525,-2.391601499999998,P99_ms,-2.671983499999996,vit-upernet,True,pointpillars+vit-upernet,0.4348082499999961,0.24323484903599185
scene-0184,scene-0398,BB-AB,co_runner,3,-2.003853740000004,-2.3342846266666677,P99_ms,-2.5253062799999952,vit-upernet,True,pointpillars+vit-upernet,0.5214525399999914,0.2873227951660852
scene-0184,scene-0398,AB-AA,own_input,3,0.6926712699999982,0.34530872000000085,P99_ms,0.140995580000002,vit-upernet,True,pointpillars+vit-upernet,0.5516756899999962,0.30238033502569855
scene-0184,scene-0398,BB-BA,own_input,3,0.48462315999999106,0.40262559333333076,P99_ms,0.28767280000000284,vit-upernet,True,pointpillars+vit-upernet,0.19695035999998822,0.10252753922493128
scene-0184,scene-0398,BB-BA-AB+AA,interaction,3,0.23332150999999612,0.057316873333329944,P99_ms,-0.2080481100000071,vit-upernet,True,pointpillars+vit-upernet,0.44136962000000324,0.23386051191260898
scene-0184,scene-0398,BA-AA,co_runner,3,-2.0687182500000034,-2.3264364999999976,P99_minus_P50_ms,-2.7913104999999945,vit-upernet,True,pointpillars+vit-upernet,0.722592249999991,0.40338569447683714
scene-0184,scene-0398,BB-AB,co_runner,3,-1.8438917400000037,-2.2631589600000006,P99_minus_P50_ms,-2.6068642799999964,vit-upernet,True,pointpillars+vit-upernet,0.7629725399999927,0.38705810254691453
scene-0184,scene-0398,AB-AA,own_input,3,0.5982927700000005,0.3805473866666678,P99_minus_P50_ms,0.2361940800000042,vit-upernet,True,pointpillars+vit-upernet,0.3620986899999963,0.1918818986069635
scene-0184,scene-0398,BB-BA,own_input,3,0.5319818199999986,0.4438249266666645,P99_minus_P50_ms,0.3788526599999926,vit-upernet,True,pointpillars+vit-upernet,0.15312916000000598,0.07915352232106437
scene-0184,scene-0398,BB-BA-AB+AA,interaction,3,0.22482650999999976,0.06327753999999668,P99_minus_P50_ms,-0.21944011000000785,vit-upernet,True,pointpillars+vit-upernet,0.4442666200000076,0.24567172033277426
scene-0184,scene-0398,BA-AA,co_runner,3,-2.5500006328726954e-05,-0.0002858347066201361,throughput_hz,-0.0006607489623799978,vit-upernet,True,pointpillars+vit-upernet,0.0006352489560512709,0.00033276367731404895
scene-0184,scene-0398,BB-AB,co_runner,3,0.00102537975789474,0.0003365269772217516,throughput_hz,-0.0008900014535413447,vit-upernet,True,pointpillars+vit-upernet,0.0019153812114360846,0.0010648908980761627
scene-0184,scene-0398,AB-AA,own_input,3,-0.18253830914631486,-0.18303292643248584,throughput_hz,-0.18401291471832693,vit-upernet,True,pointpillars+vit-upernet,0.0014746055720120665,0.0008487073428118882
scene-0184,scene-0398,BB-BA,own_input,3,-0.18163860651267427,-0.18241056474864395,throughput_hz,-0.1828162798092805,vit-upernet,True,pointpillars+vit-upernet,0.0011776732966062298,0.000668826693541327
scene-0184,scene-0398,BB-BA-AB+AA,interaction,3,0.0011966349090464234,0.0006223616838418877,throughput_hz,-0.00022925249116134694,vit-upernet,True,pointpillars+vit-upernet,0.0014258874002077704,0.0007523145760546261
scene-0184,scene-0398,BA-AA,co_runner,3,0.0,0.0,analysis_count,0.0,vit-upernet,True,pointpillars+vit-upernet,0.0,0.0
scene-0184,scene-0398,BB-AB,co_runner,3,0.0,0.0,analysis_count,0.0,vit-upernet,True,pointpillars+vit-upernet,0.0,0.0
scene-0184,scene-0398,AB-AA,own_input,3,-3.0,-3.0,analysis_count,-3.0,vit-upernet,True,pointpillars+vit-upernet,0.0,0.0
scene-0184,scene-0398,BB-BA,own_input,3,-3.0,-3.0,analysis_count,-3.0,vit-upernet,True,pointpillars+vit-upernet,0.0,0.0
scene-0184,scene-0398,BB-BA-AB+AA,interaction,3,0.0,0.0,analysis_count,0.0,vit-upernet,True,pointpillars+vit-upernet,0.0,0.0
scene-0184,scene-0398,BA-AA,co_runner,3,0.0,0.0,analysis_unique_source_count,0.0,vit-upernet,True,pointpillars+vit-upernet,0.0,0.0
scene-0184,scene-0398,BB-AB,co_runner,3,0.0,0.0,analysis_unique_source_count,0.0,vit-upernet,True,pointpillars+vit-upernet,0.0,0.0
scene-0184,scene-0398,AB-AA,own_input,3,-3.0,-3.0,analysis_unique_source_count,-3.0,vit-upernet,True,pointpillars+vit-upernet,0.0,0.0
scene-0184,scene-0398,BB-BA,own_input,3,-3.0,-3.0,analysis_unique_source_count,-3.0,vit-upernet,True,pointpillars+vit-upernet,0.0,0.0
scene-0184,scene-0398,BB-BA-AB+AA,interaction,3,0.0,0.0,analysis_unique_source_count,0.0,vit-upernet,True,pointpillars+vit-upernet,0.0,0.0
scene-0184,scene-0398,AB-AA,co_runner,3,0.041432690592325294,0.013948415358718325,R,-0.001514433357363676,pointpillars,True,pointpillars+vit-upernet,0.04294712394968897,0.0238641967290893
scene-0184,scene-0398,BB-BA,co_runner,3,0.14442473065894817,0.14015210946348858,R,0.13314132838737053,pointpillars,True,pointpillars+vit-upernet,0.011283402271577647,0.0061197983099606
scene-0184,scene-0398,BA-AA,own_input,3,0.060781208654733576,0.05095559563252703,R,0.03581019821847353,pointpillars,True,pointpillars+vit-upernet,0.024971010436260044,0.013308377813759117
scene-0184,scene-0398,BB-AB,own_input,3,0.20221454404068584,0.1771592897372973,R,0.1524898464497788,pointpillars,True,pointpillars+vit-upernet,0.04972469759090703,0.024864593807898086
scene-0184,scene-0398,BB-BA-AB+AA,interaction,3,0.14593916401631185,0.12620369410477025,R,0.09170863779504523,pointpillars,True,pointpillars+vit-upernet,0.05423052622126662,0.029977016805261873
scene-0184,scene-0398,AB-AA,co_runner,3,-0.2060730000000035,-0.691840333333334,P50_ms,-1.1174140000000037,pointpillars,True,pointpillars+vit-upernet,0.9113410000000002,0.4586426307053596
scene-0184,scene-0398,BB-BA,co_runner,3,-2.1069035000000014,-2.596351,P50_ms,-3.202287000000002,pointpillars,True,pointpillars+vit-upernet,1.0953835000000005,0.556905226220989
scene-0184,scene-0398,BA-AA,own_input,3,-2.580415000000002,-3.385693000000001,P50_ms,-3.8409720000000007,pointpillars,True,pointpillars+vit-upernet,1.2605569999999986,0.6993750514302027
scene-0184,scene-0398,BB-AB,own_input,3,-4.830461499999998,-5.290203666666667,P50_ms,-5.5766290000000005,pointpillars,True,pointpillars+vit-upernet,0.7461675000000021,0.40214490926976115
scene-0184,scene-0398,BB-BA-AB+AA,interaction,3,-0.9894894999999977,-1.9045106666666645,P50_ms,-2.996213999999995,pointpillars,True,pointpillars+vit-upernet,2.006724499999997,1.0149621893147447
scene-0184,scene-0398,AB-AA,co_runner,3,-0.05916900999999797,-0.4710916066666731,P99_ms,-1.1275161600000132,pointpillars,True,pointpillars+vit-upernet,1.0683471500000152,0.5746105753801087
scene-0184,scene-0398,BB-BA,co_runner,3,1.1330610300000004,0.5576126200000028,P99_ms,-0.3010563099999999,pointpillars,True,pointpillars+vit-upernet,1.4341173400000002,0.7578479619514551
scene-0184,scene-0398,BA-AA,own_input,3,-2.4950638800000036,-3.0936193466666686,P99_ms,-3.4257599000000027,pointpillars,True,pointpillars+vit-upernet,0.9306960199999992,0.5194048998091607
scene-0184,scene-0398,BB-AB,own_input,3,-1.4574105999999816,-2.0649151199999927,P99_ms,-2.5695305399999953,pointpillars,True,pointpillars+vit-upernet,1.1121199400000137,0.5631539002888263
scene-0184,scene-0398,BB-BA-AB+AA,interaction,3,1.9683493000000212,1.028704226666676,P99_ms,-0.07446665999999169,pointpillars,True,pointpillars+vit-upernet,2.042815960000013,1.0311788304302203
scene-0184,scene-0398,AB-AA,co_runner,3,1.0582449900000057,0.22074872666666087,P99_minus_P50_ms,-0.37548216000001844,pointpillars,True,pointpillars+vit-upernet,1.4337271500000242,0.7466927893353322
scene-0184,scene-0398,BB-BA,co_runner,3,3.320695640000004,3.1539636200000025,P99_minus_P50_ms,2.901230690000002,pointpillars,True,pointpillars+vit-upernet,0.41946495000000183,0.22256421199340873
scene-0184,scene-0398,BA-AA,own_input,3,0.48093774000000167,0.2920736533333326,P99_minus_P50_ms,0.08535111999999856,pointpillars,True,pointpillars+vit-upernet,0.3955866200000031,0.19839704274198822
scene-0184,scene-0398,BB-AB,own_input,3,4.00610990000002,3.225288546666674,P99_minus_P50_ms,2.6626572799999977,pointpillars,True,pointpillars+vit-upernet,1.343452620000022,0.6977975501432614
scene-0184,scene-0398,BB-BA-AB+AA,interaction,3,3.6961778000000223,2.9332148933333415,P99_minus_P50_ms,2.181719539999996,pointpillars,True,pointpillars+vit-upernet,1.5144582600000263,0.7572942518632809
scene-0184,scene-0398,AB-AA,co_runner,3,0.028460733613535183,-0.08882187138150736,throughput_hz,-0.21588184723342252,pointpillars,True,pointpillars+vit-upernet,0.2443425808469577,0.12246437008123069
scene-0184,scene-0398,BB-BA,co_runner,3,0.13148352212819248,0.09591145657462856,throughput_hz,0.029241880375394658,pointpillars,True,pointpillars+vit-upernet,0.10224164175279782,0.05778087662319628
scene-0184,scene-0398,BA-AA,own_input,3,-0.052170048946130976,-0.1668598652713745,throughput_hz,-0.3125043617200838,pointpillars,True,pointpillars+vit-upernet,0.2603343127739528,0.13289895698624252
scene-0184,scene-0398,BB-AB,own_input,3,0.20698562930581232,0.01787346268476142,throughput_hz,-0.10197633906725656,pointpillars,True,pointpillars+vit-upernet,0.3089619683730689,0.16571762388375771
scene-0184,scene-0398,BB-BA-AB+AA,interaction,3,0.34289081445372105,0.18473332795613592,throughput_hz,0.0007811467618594747,pointpillars,True,pointpillars+vit-upernet,0.3421096676918616,0.1725073357510649
scene-0184,scene-0398,AB-AA,co_runner,3,1.0,-1.0,analysis_count,-3.0,pointpillars,True,pointpillars+vit-upernet,4.0,2.0
scene-0184,scene-0398,BB-BA,co_runner,3,3.0,2.3333333333333335,analysis_count,1.0,pointpillars,True,pointpillars+vit-upernet,2.0,1.1547005383792515
scene-0184,scene-0398,BA-AA,own_input,3,-1.0,-3.0,analysis_count,-6.0,pointpillars,True,pointpillars+vit-upernet,5.0,2.6457513110645907
scene-0184,scene-0398,BB-AB,own_input,3,4.0,0.3333333333333333,analysis_count,-2.0,pointpillars,True,pointpillars+vit-upernet,6.0,3.2145502536643185
scene-0184,scene-0398,BB-BA-AB+AA,interaction,3,6.0,3.3333333333333335,analysis_count,0.0,pointpillars,True,pointpillars+vit-upernet,6.0,3.055050463303893
scene-0184,scene-0398,AB-AA,co_runner,3,1.0,-1.0,analysis_unique_source_count,-3.0,pointpillars,True,pointpillars+vit-upernet,4.0,2.0
scene-0184,scene-0398,BB-BA,co_runner,3,3.0,2.3333333333333335,analysis_unique_source_count,1.0,pointpillars,True,pointpillars+vit-upernet,2.0,1.1547005383792515
scene-0184,scene-0398,BA-AA,own_input,3,-1.0,-3.0,analysis_unique_source_count,-6.0,pointpillars,True,pointpillars+vit-upernet,5.0,2.6457513110645907
scene-0184,scene-0398,BB-AB,own_input,3,4.0,0.3333333333333333,analysis_unique_source_count,-2.0,pointpillars,True,pointpillars+vit-upernet,6.0,3.2145502536643185
scene-0184,scene-0398,BB-BA-AB+AA,interaction,3,6.0,3.3333333333333335,analysis_unique_source_count,0.0,pointpillars,True,pointpillars+vit-upernet,6.0,3.055050463303893
scene-0184,scene-0398,BA-AA,co_runner,3,-0.03745916556862808,-0.04939681678801979,R,-0.06302571432372758,mask-rcnn,True,pointpillars+mask-rcnn,0.025566548755099505,0.012866908695897378
scene-0184,scene-0398,BB-AB,co_runner,3,0.03846520519591827,0.030479239033439035,R,0.016853441917061354,mask-rcnn,True,pointpillars+mask-rcnn,0.021611763278856916,0.011858450484643866
scene-0184,scene-0398,AB-AA,own_input,3,-0.10769670601863592,-0.11471375800402112,R,-0.11829799140571724,mask-rcnn,True,pointpillars+mask-rcnn,0.010601285387081327,0.006077416847310777
scene-0184,scene-0398,BB-BA,own_input,3,-0.01915320709465218,-0.0348377021825623,R,-0.05338409853294648,mask-rcnn,True,pointpillars+mask-rcnn,0.0342308914382943,0.01729396835004001
scene-0184,scene-0398,BB-BA-AB+AA,interaction,3,0.09914478431106506,0.07987605582145882,R,0.05431260748568942,mask-rcnn,True,pointpillars+mask-rcnn,0.044832176825375644,0.023069430924530787
scene-0184,scene-0398,BA-AA,co_runner,3,-0.006726999999997929,-0.3663926666666673,P50_ms,-0.626902500000007,mask-rcnn,True,pointpillars+mask-rcnn,0.6201755000000091,0.32175817342079377
scene-0184,scene-0398,BB-AB,co_runner,3,-2.6616070000000036,-3.134445333333337,P50_ms,-3.8706420000000037,mask-rcnn,True,pointpillars+mask-rcnn,1.209035,0.64611114880362
scene-0184,scene-0398,AB-AA,own_input,3,13.750229500000003,13.067974500000004,P50_ms,12.654766000000002,mask-rcnn,True,pointpillars+mask-rcnn,1.095463500000001,0.5952306984100789
scene-0184,scene-0398,BB-BA,own_input,3,10.620061500000006,10.299921833333334,P50_ms,9.886314499999997,mask-rcnn,True,pointpillars+mask-rcnn,0.7337470000000081,0.37569711009846213
scene-0184,scene-0398,BB-BA-AB+AA,interaction,3,-2.0347044999999966,-2.7680526666666694,P50_ms,-3.8639150000000058,mask-rcnn,True,pointpillars+mask-rcnn,1.8292105000000092,0.9669876700884505
scene-0184,scene-0398,BA-AA,co_runner,3,-1.861214000000004,-2.3607855833333318,P99_ms,-3.0039474999999953,mask-rcnn,True,pointpillars+mask-rcnn,1.1427334999999914,0.5847423371670991
scene-0184,scene-0398,BB-AB,co_runner,3,-1.4014040399999956,-1.9681706199999975,P99_ms,-2.372910019999999,mask-rcnn,True,pointpillars+mask-rcnn,0.9715059800000034,0.5056140549747467
scene-0184,scene-0398,AB-AA,own_input,3,10.498302209999999,9.9523893,P99_ms,9.5157029,mask-rcnn,True,pointpillars+mask-rcnn,0.9825993099999977,0.5003230694943046
scene-0184,scene-0398,BB-BA,own_input,3,11.11824636,10.345004263333335,P99_ms,9.93016024,mask-rcnn,True,pointpillars+mask-rcnn,1.1880861200000012,0.6702417782867218
scene-0184,scene-0398,BB-BA-AB+AA,interaction,3,1.6025434599999997,0.3926149633333343,P99_ms,-0.5116960199999951,mask-rcnn,True,pointpillars+mask-rcnn,2.114239479999995,1.0897493716629072
scene-0184,scene-0398,BA-AA,co_runner,3,-1.590292749999989,-1.9943929166666645,P99_minus_P50_ms,-2.5383989999999983,mask-rcnn,True,pointpillars+mask-rcnn,0.9481062500000093,0.4892919521727529
scene-0184,scene-0398,BB-AB,co_runner,3,1.4977319800000046,1.1662747133333393,P99_minus_P50_ms,0.5314092000000059,mask-rcnn,True,pointpillars+mask-rcnn,0.9663227799999987,0.5499885016032042
scene-0184,scene-0398,AB-AA,own_input,3,-2.8116032100000012,-3.115585200000003,P99_minus_P50_ms,-3.283225100000003,mask-rcnn,True,pointpillars+mask-rcnn,0.47162189000000154,0.2637208294977282
scene-0184,scene-0398,BB-BA,own_input,3,0.7248568600000027,0.045082430000000784,P99_minus_P50_ms,-0.6899012600000063,mask-rcnn,True,pointpillars+mask-rcnn,1.414758120000009,0.7089930756494037
scene-0184,scene-0398,BB-BA-AB+AA,interaction,3,4.0080819600000055,3.160667630000004,P99_minus_P50_ms,2.121701949999995,mask-rcnn,True,pointpillars+mask-rcnn,1.8863800100000105,0.9576671265617447
scene-0184,scene-0398,BA-AA,co_runner,3,0.003231496805335965,0.0013378510104621693,throughput_hz,-6.324594483686496e-07,mask-rcnn,True,pointpillars+mask-rcnn,0.0032321292647843336,0.0016860660726563436
scene-0184,scene-0398,BB-AB,co_runner,3,0.003172104805639009,0.0021496520839262936,throughput_hz,0.0011657885724822847,mask-rcnn,True,pointpillars+mask-rcnn,0.002006316233156724,0.0010037146268830192
scene-0184,scene-0398,AB-AA,own_input,3,-0.19295737128950208,-0.1957306283689917,throughput_hz,-0.19831453681256583,mask-rcnn,True,pointpillars+mask-rcnn,0.005357165523063756,0.002683597453013031
scene-0184,scene-0398,BB-BA,own_input,3,-0.1938082816718012,-0.19491882729552756,throughput_hz,-0.19592512069242574,mask-rcnn,True,pointpillars+mask-rcnn,0.002116839020624539,0.0010622632700553298
scene-0184,scene-0398,BB-BA-AB+AA,interaction,3,0.0023894161201400976,0.0008118010734641246,throughput_hz,-0.00206570823285368,mask-rcnn,True,pointpillars+mask-rcnn,0.004455124352993778,0.002495861988341282
scene-0184,scene-0398,BA-AA,co_runner,3,0.0,0.0,analysis_count,0.0,mask-rcnn,True,pointpillars+mask-rcnn,0.0,0.0
scene-0184,scene-0398,BB-AB,co_runner,3,0.0,0.0,analysis_count,0.0,mask-rcnn,True,pointpillars+mask-rcnn,0.0,0.0
scene-0184,scene-0398,AB-AA,own_input,3,-3.0,-3.0,analysis_count,-3.0,mask-rcnn,True,pointpillars+mask-rcnn,0.0,0.0
scene-0184,scene-0398,BB-BA,own_input,3,-3.0,-3.0,analysis_count,-3.0,mask-rcnn,True,pointpillars+mask-rcnn,0.0,0.0
scene-0184,scene-0398,BB-BA-AB+AA,interaction,3,0.0,0.0,analysis_count,0.0,mask-rcnn,True,pointpillars+mask-rcnn,0.0,0.0
scene-0184,scene-0398,BA-AA,co_runner,3,0.0,0.0,analysis_unique_source_count,0.0,mask-rcnn,True,pointpillars+mask-rcnn,0.0,0.0
scene-0184,scene-0398,BB-AB,co_runner,3,0.0,0.0,analysis_unique_source_count,0.0,mask-rcnn,True,pointpillars+mask-rcnn,0.0,0.0
scene-0184,scene-0398,AB-AA,own_input,3,-3.0,-3.0,analysis_unique_source_count,-3.0,mask-rcnn,True,pointpillars+mask-rcnn,0.0,0.0
scene-0184,scene-0398,BB-BA,own_input,3,-3.0,-3.0,analysis_unique_source_count,-3.0,mask-rcnn,True,pointpillars+mask-rcnn,0.0,0.0
scene-0184,scene-0398,BB-BA-AB+AA,interaction,3,0.0,0.0,analysis_unique_source_count,0.0,mask-rcnn,True,pointpillars+mask-rcnn,0.0,0.0
scene-0184,scene-0398,AB-AA,co_runner,3,0.14393035266150772,0.1281665173176191,R,0.10634816234493352,pointpillars,True,pointpillars+mask-rcnn,0.0375821903165742,0.01950892521897135
scene-0184,scene-0398,BB-BA,co_runner,3,0.2303056395972171,0.1914313930395556,R,0.1709193575105677,pointpillars,True,pointpillars+mask-rcnn,0.059386282086649395,0.03368324094286254
scene-0184,scene-0398,BA-AA,own_input,3,0.018695399711938232,0.010160085759089332,R,-0.005611516311804565,pointpillars,True,pointpillars+mask-rcnn,0.024306916023742797,0.013674042596900174
scene-0184,scene-0398,BB-AB,own_input,3,0.118345960940479,0.07342496148102583,R,0.045684404560998204,pointpillars,True,pointpillars+mask-rcnn,0.0726615563794808,0.03925940840435569
scene-0184,scene-0398,BB-BA-AB+AA,interaction,3,0.12395747725228357,0.0632648757219365,R,0.026989004849059972,pointpillars,True,pointpillars+mask-rcnn,0.0969684724032236,0.05289474181857098
scene-0184,scene-0398,AB-AA,co_runner,3,1.0574300000000036,0.4324835000000012,P50_ms,0.056082500000002256,pointpillars,True,pointpillars+mask-rcnn,1.0013475000000014,0.5449819750383971
scene-0184,scene-0398,BB-BA,co_runner,3,0.11368249999999591,-0.7185245000000009,P50_ms,-2.076377000000001,pointpillars,True,pointpillars+mask-rcnn,2.1900594999999967,1.1858826025951088
scene-0184,scene-0398,BA-AA,own_input,3,-1.6935079999999942,-2.0675086666666664,P50_ms,-2.417856999999998,pointpillars,True,pointpillars+mask-rcnn,0.7243490000000037,0.3627532813143596
scene-0184,scene-0398,BB-AB,own_input,3,-2.3602570000000043,-3.2185166666666682,P50_ms,-4.827314999999999,pointpillars,True,pointpillars+mask-rcnn,2.4670579999999944,1.3943009042033667
scene-0184,scene-0398,BB-BA-AB+AA,interaction,3,0.057599999999993656,-1.151008000000002,P50_ms,-3.1338070000000045,pointpillars,True,pointpillars+mask-rcnn,3.191406999999998,1.730837496206101
scene-0184,scene-0398,AB-AA,co_runner,3,6.590813439999998,6.367079500000007,P99_ms,6.166247580000011,pointpillars,True,pointpillars+mask-rcnn,0.4245658599999871,0.21320745591897636
scene-0184,scene-0398,BB-BA,co_runner,3,7.4800496800000005,7.300086436666668,P99_ms,7.166132730000001,pointpillars,True,pointpillars+mask-rcnn,0.3139169499999994,0.161937089551889
scene-0184,scene-0398,BA-AA,own_input,3,-1.6558192399999854,-1.9596712833333239,P99_ms,-2.218051289999984,pointpillars,True,pointpillars+mask-rcnn,0.5622320499999987,0.28386087983510877
scene-0184,scene-0398,BB-AB,own_input,3,-0.7459198199999975,-1.0266643466666636,P99_ms,-1.218166139999994,pointpillars,True,pointpillars+mask-rcnn,0.47224631999999644,0.2484498858482097
scene-0184,scene-0398,BB-BA-AB+AA,interaction,3,0.9998851499999901,0.9330069366666601,P99_ms,0.8892362400000025,pointpillars,True,pointpillars+mask-rcnn,0.11064890999998767,0.058832502206873236
scene-0184,scene-0398,AB-AA,co_runner,3,6.534730939999996,5.934596000000006,P99_minus_P50_ms,5.108817580000007,pointpillars,True,pointpillars+mask-rcnn,1.4259133599999885,0.7392519615168431
scene-0184,scene-0398,BB-BA,co_runner,3,9.242509730000002,8.018610936666668,P99_minus_P50_ms,7.366367180000005,pointpillars,True,pointpillars+mask-rcnn,1.8761425499999973,1.06069308835775
scene-0184,scene-0398,BA-AA,own_input,3,0.43534176000002134,0.10783738333334252,P99_minus_P50_ms,-0.5245432899999898,pointpillars,True,pointpillars+mask-rcnn,0.9598850500000111,0.5477745836612546
scene-0184,scene-0398,BB-AB,own_input,3,3.609148860000005,2.1918523200000046,P99_minus_P50_ms,1.2443499200000048,pointpillars,True,pointpillars+mask-rcnn,2.36479894,1.2504392856672553
scene-0184,scene-0398,BB-BA-AB+AA,interaction,3,4.133692149999995,2.0840149366666623,P99_minus_P50_ms,0.8316362400000088,pointpillars,True,pointpillars+mask-rcnn,3.3020559099999858,1.7895968824572264
scene-0184,scene-0398,AB-AA,co_runner,3,0.07528049631499911,0.04055287844191824,throughput_hz,-0.024743038035722975,pointpillars,True,pointpillars+mask-rcnn,0.10002353435072209,0.056586151271187324
scene-0184,scene-0398,BB-BA,co_runner,3,0.11380840364276779,-0.054159545216181236,throughput_hz,-0.19739597814781362,pointpillars,True,pointpillars+mask-rcnn,0.3112043817905814,0.15706934048840285
scene-0184,scene-0398,BA-AA,own_input,3,-0.05145982322954268,-0.10242096059684751,throughput_hz,-0.20350532260061627,pointpillars,True,pointpillars+mask-rcnn,0.1520454993710736,0.08754262793472592
scene-0184,scene-0398,BB-AB,own_input,3,-0.0649538809221255,-0.19713338425494698,throughput_hz,-0.3241362976923554,pointpillars,True,pointpillars+mask-rcnn,0.2591824167702299,0.12966872831536239
scene-0184,scene-0398,BB-BA-AB+AA,interaction,3,0.13855144167849076,-0.09471242365809947,throughput_hz,-0.27267647446281273,pointpillars,True,pointpillars+mask-rcnn,0.4112279161413035,0.21111762567091533
scene-0184,scene-0398,AB-AA,co_runner,3,2.0,1.3333333333333333,analysis_count,0.0,pointpillars,True,pointpillars+mask-rcnn,2.0,1.1547005383792517
scene-0184,scene-0398,BB-BA,co_runner,3,3.0,-0.3333333333333333,analysis_count,-3.0,pointpillars,True,pointpillars+mask-rcnn,6.0,3.0550504633038935
scene-0184,scene-0398,BA-AA,own_input,3,-1.0,-2.0,analysis_count,-4.0,pointpillars,True,pointpillars+mask-rcnn,3.0,1.7320508075688772
scene-0184,scene-0398,BB-AB,own_input,3,-1.0,-3.6666666666666665,analysis_count,-6.0,pointpillars,True,pointpillars+mask-rcnn,5.0,2.5166114784235836
scene-0184,scene-0398,BB-BA-AB+AA,interaction,3,3.0,-1.6666666666666667,analysis_count,-5.0,pointpillars,True,pointpillars+mask-rcnn,8.0,4.163331998932266
scene-0184,scene-0398,AB-AA,co_runner,3,2.0,1.3333333333333333,analysis_unique_source_count,0.0,pointpillars,True,pointpillars+mask-rcnn,2.0,1.1547005383792517
scene-0184,scene-0398,BB-BA,co_runner,3,3.0,-0.3333333333333333,analysis_unique_source_count,-3.0,pointpillars,True,pointpillars+mask-rcnn,6.0,3.0550504633038935
scene-0184,scene-0398,BA-AA,own_input,3,-1.0,-2.0,analysis_unique_source_count,-4.0,pointpillars,True,pointpillars+mask-rcnn,3.0,1.7320508075688772
scene-0184,scene-0398,BB-AB,own_input,3,-1.0,-3.6666666666666665,analysis_unique_source_count,-6.0,pointpillars,True,pointpillars+mask-rcnn,5.0,2.5166114784235836
scene-0184,scene-0398,BB-BA-AB+AA,interaction,3,3.0,-1.6666666666666667,analysis_unique_source_count,-5.0,pointpillars,True,pointpillars+mask-rcnn,8.0,4.163331998932266
