api_gap:cuKernelGetFunction,api_gap:cuLaunchKernel,api_gap:cudaEventCreateWithFlags,api_gap:cudaEventRecord,api_gap:cudaEventSynchronize,api_gap:cudaLaunchKernel,api_gap:cudaLaunchKernelExC,api_gap:cudaMalloc,api_gap:cudaMemcpyAsync,api_gap:cudaMemsetAsync,api_gap:cudaStreamIsCapturing,api_gap:cudaStreamSynchronize,completion_boundary,completion_monotonic_ns,copy_in_gap_ms,decode_ms,gap_outside_cuda_api_ms,gap_outside_module_ms,gap_without_copy_ms,host_module_gap:backbone,host_module_gap:bbox_head,host_module_gap:data_preprocessor,host_module_gap:decoder,host_module_gap:encoder,host_module_gap:neck,host_module_gap:positional_encoding,host_module_wall:backbone,host_module_wall:bbox_head,host_module_wall:data_preprocessor,host_module_wall:decoder,host_module_wall:encoder,host_module_wall:neck,host_module_wall:positional_encoding,inference_end_ns,inference_start_ns,input_id,latency_ms,model_id,mps_enabled,nonkernel_ms,preprocess_ms,run_id,scene_id,source_frame_id
0.0,0.0,0.001702,0.002315,0.001671,1.343303,0.0,0.111568,0.438648,0.088987,0.0,0.536783,NVTX inference includes CUDA event synchronization,3124281022022471,0.340195,3.387491,5.717052000000001,1.4725520000000003,7.901834000000001,0.087575,1.200568,0.815199,3.581194,1.076589,0.00288,0.005472,3.440155,1.639996,0.88912,10.133619,26.541585,0.338294,1.328113,7309939791,7247614448,1,62.325343,dino,False,8.242029,1.495795,i2-i30-0770,scene-0770,scene-0770:image:1
3.2e-05,0.000544,0.002039,0.002786,0.001777,1.326832,0.0,,0.413086,0.091677,,0.53525,NVTX inference includes CUDA event synchronization,3124281160097030,0.332356,3.333666,5.607722,1.4241790000000005,7.649389,0.088823,1.214712,0.767547,3.401354,1.07601,0.004512,0.004608,3.398307,1.637311,0.841884,9.912487,26.578024,0.329793,1.307156,7448013818,7385875378,3,62.13844,dino,False,7.981745,1.676947,i2-i30-0770,scene-0770,scene-0770:image:3
0.0,0.0,0.001915,0.002273,0.001721,1.31188,0.001536,,0.435791,0.090379,,0.522992,NVTX inference includes CUDA event synchronization,3124281245345685,0.332164,3.427912,5.708553,1.4525139999999999,7.7448760000000005,0.091424,1.195075,0.850922,3.385723,1.09342,0.002554,0.005408,3.437969,1.644648,0.922347,10.05356,26.632345,0.330274,1.325648,7533262559,7471054079,4,62.20848,dino,False,8.07704,1.707944,i2-i30-0770,scene-0770,scene-0770:image:4
0.0,0.0,0.001988,0.002905,0.001581,1.31268,0.00064,,0.4,0.092121,,0.557335,NVTX inference includes CUDA event synchronization,3124281315458830,0.328227,3.349878,5.639983999999999,1.4410149999999993,7.681006999999999,0.087526,1.220275,0.764751,3.411972,1.076591,0.004192,0.002912,3.375681,1.659702,0.843856,10.114028,26.96291,0.329077,1.366877,7603375566,7540130359,5,63.245207,dino,False,8.009234,1.645402,i2-i30-0770,scene-0770,scene-0770:image:5
0.0,0.000491,0.001985,0.002476,0.002093,1.329597,0.0,,0.442841,0.098736,,0.540631,NVTX inference includes CUDA event synchronization,3124281450563755,0.352035,12.52502,5.942331,1.4392430000000003,8.009146,0.106542,1.276853,0.997021,3.45367,1.078924,0.00272,0.006208,3.694037,1.725818,1.068255,10.262729,26.583832,0.341484,1.340292,7738480454,7675969558,6,62.510896,dino,False,8.361181,2.948937,i2-i30-0770,scene-0770,scene-0770:image:6
0.0,0.00048,0.002036,0.002618,0.001859,1.377676,0.0,,0.40539,0.093899,,0.555319,NVTX inference includes CUDA event synchronization,3124281520144397,0.330722,3.339296,5.895149,1.5466460000000009,8.003704,0.091365,1.240054,0.742577,3.617549,1.087275,0.004256,0.004704,3.409904,1.675097,0.839987,10.198806,26.536736,0.324674,1.322031,7808061157,7745475253,7,62.585904,dino,False,8.334426,1.672516,i2-i30-0770,scene-0770,scene-0770:image:7
0.0,0.0,0.00206,0.002964,0.001788,1.320911,0.0,,0.39936,0.098927,,0.54744,NVTX inference includes CUDA event synchronization,3124281589543082,0.333123,3.401011,5.5967139999999995,1.4820599999999997,7.637041,0.094779,1.203333,0.791175,3.344084,1.045644,0.004353,0.004736,3.405202,1.647466,0.866792,10.104091,26.520659,0.340594,1.328831,7877460566,7815214511,8,62.246055,dino,False,7.970164,1.646952,i2-i30-0770,scene-0770,scene-0770:image:8
0.0,0.0,0.002168,0.002333,0.001745,1.389096,0.0,,0.435537,0.100694,,0.54321,NVTX inference includes CUDA event synchronization,3124281659378654,0.336836,3.368665,6.201169,1.518161000000001,8.339116,0.096305,1.235503,0.838543,3.648736,1.329264,0.002784,0.006656,3.594295,1.663058,0.910447,10.203099,26.833002,0.344973,1.349508,7947295491,7884374779,9,62.920712,dino,False,8.675952,1.536412,i2-i30-0770,scene-0770,scene-0770:image:9
0.000512,0.000375,0.002129,0.002272,0.001727,1.3681,0.0,,0.443369,0.093827,,0.538743,NVTX inference includes CUDA event synchronization,3124281746885822,0.336355,3.439902,5.982672999999999,1.4537879999999994,8.097372,0.098813,1.239838,0.912089,3.658628,1.064267,0.00048,0.005824,3.649773,1.647841,0.983161,10.029926,26.606055,0.344297,1.396289,8034803274,7972579447,10,62.223827,dino,False,8.433727,3.172412,i2-i30-0770,scene-0770,scene-0770:image:10
0.0,0.001088,0.002443,0.00237,0.001771,1.363093,0.0,,0.411719,0.090686,,0.563726,NVTX inference includes CUDA event synchronization,3124281816629330,0.313282,3.334959,5.993428000000001,1.4826180000000004,8.117042000000001,0.088532,1.325733,0.771395,3.558802,1.193996,0.004288,0.00496,3.471002,1.762286,0.843588,10.215904,26.73687,0.327171,1.311051,8104546434,8041858116,11,62.688318,dino,False,8.430324,1.621145,i2-i30-0770,scene-0770,scene-0770:image:11
0.0,0.0,0.002929,0.002439,0.001852,1.347174,0.0,,0.417328,0.107324,,0.593606,NVTX inference includes CUDA event synchronization,3124281933480783,0.330693,3.573931,6.4764420000000005,1.4805970000000004,8.618401,0.09643,1.240904,0.924253,4.140114,1.057964,0.002656,0.006176,3.680519,1.688523,0.995613,10.637359,26.514804,0.341176,1.342414,8221397934,8158606329,12,62.791605,dino,False,8.949094,1.733249,i2-i30-0770,scene-0770,scene-0770:image:12
0.002104,0.004232,0.001959,0.002278,0.001785,1.40573,0.003416,,0.471789,0.093656,,0.916409,NVTX inference includes CUDA event synchronization,3124282005200141,0.341987,3.393663,6.030882000000001,1.8256440000000005,8.592253000000001,0.325345,1.229346,0.980742,3.513313,1.05377,0.00112,0.00496,3.493189,1.673639,1.081288,10.100483,26.699477,0.337343,1.316722,8293117137,8228707979,13,64.409158,dino,False,8.93424,1.655806,i2-i30-0770,scene-0770,scene-0770:image:13
0.0,0.00018,0.002107,0.002338,0.001845,1.342509,0.0,,0.41735,0.093261,,0.545935,NVTX inference includes CUDA event synchronization,3124282074868044,0.326915,3.419587,5.895248,1.4693139999999998,7.973858,0.094739,1.292476,0.807376,3.547019,1.082096,0.002304,0.005449,3.522268,1.731359,0.881873,10.220493,26.544795,0.337912,1.337284,8362785373,8300192131,14,62.593242,dino,False,8.300773,1.610443,i2-i30-0770,scene-0770,scene-0770:image:14
0.000399,0.001566,0.002191,0.002354,0.001761,1.333678,0.0,,0.406574,0.096944,,0.557045,NVTX inference includes CUDA event synchronization,3124282145640317,0.326821,3.409783,5.754552,1.4525370000000004,7.830243,0.092653,1.202559,0.809408,3.527129,1.06321,0.004448,0.00512,3.429601,1.647682,0.882625,10.1803,26.544481,0.342386,1.313295,8433557322,8371170825,15,62.386497,dino,False,8.157064,1.906489,i2-i30-0770,scene-0770,scene-0770:image:15
0.0,0.0,0.002066,0.003017,0.001693,1.342232,0.0,,0.412471,0.093467,,0.534388,NVTX inference includes CUDA event synchronization,3124282245437692,0.310787,3.397799,5.990647000000001,1.438505000000001,8.069194000000001,0.094409,1.24461,0.863133,3.636882,1.094058,0.002592,0.005792,3.497961,1.655909,0.934493,10.054482,26.660159,0.34682,1.318158,8533355511,8471188533,16,62.166978,dino,False,8.379981,1.681817,i2-i30-0770,scene-0770,scene-0770:image:16
0.0,0.0,0.002353,0.002443,0.00177,1.373873,0.0,,0.40535,0.10413,,0.53213,NVTX inference includes CUDA event synchronization,3124282315215417,0.316387,3.35315,5.979438,1.4643439999999996,8.085099999999999,0.086777,1.369429,0.762941,3.625533,1.08379,0.00432,0.004353,3.374896,1.812857,0.835517,10.376859,26.631307,0.323618,1.3482,8603132055,8540341781,17,62.790274,dino,False,8.401487,1.616519,i2-i30-0770,scene-0770,scene-0770:image:17
0.0,3e-06,0.00214,0.002301,0.002246,1.387583,0.0,,0.472054,0.09997,,0.51943,NVTX inference includes CUDA event synchronization,3124282447008814,0.354722,11.117296,6.243593,1.4835179999999992,8.374597999999999,0.099826,1.246979,1.001719,3.801234,1.087243,0.002592,0.006209,3.576053,1.651653,1.072248,10.126873,26.602144,0.334338,1.368353,8734925869,8672505392,18,62.420477,dino,False,8.72932,2.789658,i2-i30-0770,scene-0770,scene-0770:image:18
0.0,0.0,0.002127,0.0024,0.001596,1.355897,0.0,,0.406367,0.088784,,0.542628,NVTX inference includes CUDA event synchronization,3124282516387799,0.323236,3.328945,5.854718,1.4538649999999995,7.931281,0.087655,1.254954,0.773311,3.569186,1.106991,0.004224,0.004331,3.46544,1.688404,0.845632,10.184508,26.631495,0.329445,1.30661,8804304906,8741933879,19,62.371027,dino,False,8.254517,1.641704,i2-i30-0770,scene-0770,scene-0770:image:19
0.0,0.0,0.00225,0.002445,0.001652,1.357957,0.0,,0.437691,0.097331,,0.555356,NVTX inference includes CUDA event synchronization,3124282586507977,0.373059,3.674171,5.811401999999999,1.4683979999999996,7.893025,0.088732,1.217125,0.787444,3.644344,1.051017,0.004448,0.004576,3.410432,1.66212,0.881557,10.263068,26.693515,0.326838,1.300702,8874424999,8811777730,20,62.647269,dino,False,8.266084,1.633974,i2-i30-0770,scene-0770,scene-0770:image:20
0.0,0.0,0.002176,0.002254,0.001829,1.384689,0.0,,0.404594,0.094441,,0.555752,NVTX inference includes CUDA event synchronization,3124282657211038,0.328164,3.399021,6.083799,1.5127540000000002,8.20137,0.092237,1.218115,0.768583,3.540229,1.38952,0.003136,0.00496,3.451445,1.646471,0.844488,10.074814,27.621339,0.33697,1.320835,8945128495,8881667914,21,63.460581,dino,False,8.529534,1.750912,i2-i30-0770,scene-0770,scene-0770:image:21
0.0,0.0,0.002153,0.002229,0.001794,1.333047,0.0,,0.40179,0.094871,,0.521678,NVTX inference includes CUDA event synchronization,3124282752397650,0.334693,8.820023,6.699149,1.4497720000000003,8.722018,0.097494,1.200874,0.853285,3.360734,2.086421,0.002688,0.005443,3.612928,1.649935,0.92455,10.201824,27.661557,0.334254,1.334147,9040314370,8976915066,22,63.399304,dino,False,9.056711,1.7985,i2-i30-0770,scene-0770,scene-0770:image:22
0.0,0.0,0.002296,0.002848,0.00165,1.383691,0.0,,0.40912,0.101471,,0.54679,NVTX inference includes CUDA event synchronization,3124282822172746,0.31309,3.356979,5.9352350000000005,1.5055319999999996,8.070011,0.092272,1.210865,0.787835,3.673851,1.10385,0.004384,0.004512,3.39362,1.648923,0.862428,10.206726,26.687335,0.335472,1.326953,9110090216,9047296781,23,62.793435,dino,False,8.383101,1.475806,i2-i30-0770,scene-0770,scene-0770:image:23
0.000357,0.0,0.002299,0.002995,0.00177,1.333298,0.000512,,0.402927,0.093787,,0.549165,NVTX inference includes CUDA event synchronization,3124282933722574,0.327364,3.41831,5.785768000000001,1.4582460000000008,7.8455140000000005,0.10314,1.211039,0.849572,3.443539,1.100046,0.00224,0.005056,3.608564,1.661025,0.920549,10.262244,26.760571,0.342846,1.332783,9221639446,9158860266,24,62.77918,dino,False,8.172878,1.549612,i2-i30-0770,scene-0770,scene-0770:image:24
0.0,0.000576,0.002531,0.002889,0.001859,1.335144,0.0,,0.404997,0.091032,,0.535732,NVTX inference includes CUDA event synchronization,3124283004070866,0.345092,3.349326,5.671854,1.5169689999999996,7.701522,0.104845,1.213122,0.762641,3.367043,1.073034,0.00064,0.00832,5.836496,1.662181,0.864082,10.025675,26.804768,0.339152,1.33626,9291988114,9228893239,25,63.094875,dino,False,8.046614,1.728452,i2-i30-0770,scene-0770,scene-0770:image:25
0.0,6.7e-05,0.002084,0.002348,0.001947,1.283844,0.0,,0.384397,0.091516,,0.561128,NVTX inference includes CUDA event synchronization,3124283073454479,0.322596,3.400421,5.473227,1.4275189999999993,7.477962,0.096761,1.228705,0.753874,3.235896,1.049291,0.003552,0.00496,3.475324,1.674275,0.829747,10.015866,26.557106,0.338994,1.34388,9361371350,9299011347,26,62.360003,dino,False,7.800558,1.71924,i2-i30-0770,scene-0770,scene-0770:image:26
0.0,0.001249,0.001988,0.002452,0.00169,1.354149,0.000576,,0.389329,0.098121,,0.5581,NVTX inference includes CUDA event synchronization,3124283145546311,0.320036,3.381376,5.653035999999999,1.466830999999999,7.740653999999999,0.100079,1.199625,0.78469,3.430955,1.069422,0.004512,0.004576,3.422138,1.644973,0.858611,10.095706,26.703148,0.325422,1.330874,9433463068,9370890610,27,62.572458,dino,False,8.06069,1.745767,i2-i30-0770,scene-0770,scene-0770:image:27
0.0,0.0,0.002152,0.002953,0.001823,1.337075,0.0,,0.451633,0.087693,,0.525323,NVTX inference includes CUDA event synchronization,3124283447281018,0.348835,11.464133,5.695410000000001,1.445044000000001,7.7552270000000005,0.108341,1.168627,1.028487,3.295695,1.049068,0.002144,0.006656,3.631583,1.620632,1.10036,10.137196,26.575578,0.338608,1.389327,9735198543,9672706582,30,62.491961,dino,False,8.104062,2.924255,i2-i30-0770,scene-0770,scene-0770:image:30
0.0,0.0,0.002626,0.002494,0.00167,1.346182,0.0,,0.387774,0.093784,,0.538587,NVTX inference includes CUDA event synchronization,3124283516571564,0.313316,3.33649,5.772857999999999,1.433319,7.832659,0.087741,1.252722,0.736396,3.547402,1.081259,0.002752,0.004384,3.445815,1.659226,0.815917,9.924854,26.729354,0.323705,1.307108,9804488497,9742067645,31,62.420852,dino,False,8.145975,1.642624,i2-i30-0770,scene-0770,scene-0770:image:31
0.000282,0.000544,0.001978,0.002959,0.001884,1.322665,0.0,,0.390602,0.09535,,0.552377,NVTX inference includes CUDA event synchronization,3124283586089453,0.332514,3.370406,5.685910999999999,1.4178469999999992,7.7220379999999995,0.087432,1.191054,0.817029,3.481435,1.050954,0.004161,0.00464,3.373439,1.635666,0.88903,10.199525,26.676093,0.326804,1.296789,9874006751,9811614890,32,62.391861,dino,False,8.054552,1.671968,i2-i30-0770,scene-0770,scene-0770:image:32
0.0,0.001184,0.002201,0.002313,0.001832,1.352576,0.000382,,0.398935,0.093287,,0.552559,NVTX inference includes CUDA event synchronization,3124283655695064,0.327235,3.383305,5.869321999999999,1.4896909999999988,7.947355999999999,0.087628,1.22382,0.759497,3.564438,1.140813,0.004384,0.00432,3.420496,1.660015,0.835274,10.197984,26.742977,0.325292,1.298505,9943613081,9880990144,33,62.622937,dino,False,8.274591,1.658265,i2-i30-0770,scene-0770,scene-0770:image:33
0.0,0.0,0.001924,0.002334,0.001652,1.366241,0.0,,0.403923,0.090704,,0.531657,NVTX inference includes CUDA event synchronization,3124283745738787,0.321924,3.447976,6.040817,1.4565839999999994,8.117328,0.094687,1.2352,0.851992,3.691143,1.101038,0.002656,0.005952,3.49293,1.642118,0.924153,10.131719,26.632716,0.339342,1.298241,10033655743,9971323958,34,62.331785,dino,False,8.439252,1.712849,i2-i30-0770,scene-0770,scene-0770:image:34
0.0,0.000608,0.002374,0.002301,0.001898,1.360229,0.001152,,0.404473,0.098795,,0.538122,NVTX inference includes CUDA event synchronization,3124283815974694,0.315652,3.353823,6.316975999999999,1.4926509999999995,8.411275999999999,0.095116,1.263367,0.766484,3.95285,1.14846,0.005088,0.002912,3.403173,1.69966,0.843988,10.618484,26.7272,0.330967,1.357901,10103891382,10040531811,35,63.359571,dino,False,8.726928,1.476544,i2-i30-0770,scene-0770,scene-0770:image:35
0.0,0.0,0.002122,0.002902,0.001719,1.373321,0.0,,0.428969,0.09333,,0.529818,NVTX inference includes CUDA event synchronization,3124283940403620,0.32906,6.034197,5.982494000000001,1.4737940000000007,8.085615,0.105989,1.220691,0.954377,3.593573,1.057451,0.001088,0.007712,4.480475,1.661017,1.025449,10.182416,26.61004,0.422632,1.757633,10228321650,10165812703,36,62.508947,dino,False,8.414675,1.56651,i2-i30-0770,scene-0770,scene-0770:image:36
0.0,0.0,0.002099,0.002314,0.001771,1.376928,0.0,,0.429889,0.09598,,0.542137,NVTX inference includes CUDA event synchronization,3124284010159382,0.325346,3.375345,5.9755259999999994,1.4466959999999993,8.101298,0.104974,1.230395,0.925865,3.599885,1.110381,0.000512,0.007936,4.400755,1.64566,1.00097,10.087282,26.877448,0.411913,1.716408,10298076159,10235240523,37,62.835636,dino,False,8.426644,1.469551,i2-i30-0770,scene-0770,scene-0770:image:37
0.0,0.0,0.002236,0.003103,0.001829,1.370686,0.000544,,0.42676,0.092728,,0.550331,NVTX inference includes CUDA event synchronization,3124284079706187,0.332867,3.384081,5.902862000000001,1.4600280000000003,8.018212,0.105829,1.213678,0.931888,3.590844,1.040587,0.00112,0.007105,4.416909,1.654422,1.004304,10.185151,26.633662,0.40857,1.700313,10367623952,10304955397,38,62.668555,dino,False,8.351079,1.531521,i2-i30-0770,scene-0770,scene-0770:image:38
0.000295,0.000542,0.001965,0.002427,0.00182,1.317917,0.0,,0.421837,0.09269,,0.548871,NVTX inference includes CUDA event synchronization,3124284149139799,0.333606,3.36595,5.621408,1.4390149999999995,7.676166,0.103391,1.217509,0.870015,3.341591,1.030155,0.000576,0.00752,4.324557,1.663529,0.943808,10.15561,26.593172,0.40657,1.702007,10437056883,10374432133,39,62.62475,dino,False,8.009772,1.44999,i2-i30-0770,scene-0770,scene-0770:image:39
0.0,0.0,0.001946,0.002316,0.001866,1.351538,0.000959,,0.46087,0.095409,,0.54926,NVTX inference includes CUDA event synchronization,3124284249959923,0.354468,5.951484,5.806248999999999,1.4681469999999992,7.915945,0.108059,1.196072,1.010262,3.415068,1.064302,0.000544,0.007959,4.461932,1.64699,1.08143,10.262581,26.652031,0.427793,1.757852,10537876877,10475147131,40,62.729746,dino,False,8.270413,2.042518,i2-i30-0770,scene-0770,scene-0770:image:40
0.0,0.000544,0.002365,0.002919,0.001811,1.339719,0.0,,0.420514,0.094354,,0.552126,NVTX inference includes CUDA event synchronization,3124284319622901,0.333542,3.342031,5.95921,1.4415139999999997,8.04002,0.103487,1.320258,0.885196,3.549465,1.066378,0.000576,0.006688,4.335243,1.754342,0.958925,10.167551,26.638123,0.402012,1.71673,10607540463,10544692726,41,62.847737,dino,False,8.373562,1.485848,i2-i30-0770,scene-0770,scene-0770:image:41
0.0,0.000512,0.002238,0.002109,0.00187,1.370974,0.0,,0.483181,0.092031,,0.540918,NVTX inference includes CUDA event synchronization,3124284448796393,0.357925,11.677401,5.944882,1.4744920000000006,8.08079,0.117671,1.252262,1.1645,3.358003,1.063307,0.000992,0.007488,4.580061,1.703213,1.234772,10.201329,26.629546,0.4257,1.745268,10736713109,10673954742,42,62.758367,dino,False,8.438715,2.636578,i2-i30-0770,scene-0770,scene-0770:image:42
0.0,0.000544,0.00212,0.002303,0.001765,1.349224,0.0,,0.422374,0.099548,,0.535658,NVTX inference includes CUDA event synchronization,3124284518311969,0.329284,3.336469,5.894178999999999,1.4315220000000002,7.978431,0.103692,1.255227,0.883231,3.550703,1.075436,0.000544,0.00736,4.308686,1.687552,0.956544,10.135057,26.632843,0.404011,1.692504,10806229007,10743497037,43,62.73197,dino,False,8.307715,1.454889,i2-i30-0770,scene-0770,scene-0770:image:43
0.0,0.000544,0.002673,0.002293,0.001727,1.34515,0.0,,0.420467,0.100649,,0.533045,NVTX inference includes CUDA event synchronization,3124284587857213,0.331814,3.400787,5.720198000000001,1.4350690000000004,7.794932000000001,0.103819,1.210766,0.894178,3.437684,1.03739,0.000512,0.007328,4.365227,1.656372,0.968099,10.190925,26.581159,0.40627,1.711974,10875774134,10813335035,44,62.439099,dino,False,8.126746,1.517983,i2-i30-0770,scene-0770,scene-0770:image:44
0.0,0.0,0.002362,0.002407,0.001781,1.34215,0.0,,0.429485,0.093108,,0.542557,NVTX inference includes CUDA event synchronization,3124284659013174,0.331941,3.363366,5.882802,1.4324639999999995,7.964711,0.104576,1.231409,0.894827,3.544884,1.080076,0.000512,0.007904,4.343204,1.668953,0.967244,10.109319,26.567655,0.402938,1.703687,10946929821,10884398923,45,62.530898,dino,False,8.296652,3.20988,i2-i30-0770,scene-0770,scene-0770:image:45
0.0,0.001216,0.002075,0.002308,0.001643,1.366491,0.0,,0.445199,0.093197,,0.533496,NVTX inference includes CUDA event synchronization,3124284745842985,0.334564,3.542135,5.974499,1.4860849999999992,8.08556,0.111197,1.223616,0.979285,3.555543,1.055726,0.001216,0.007456,4.457928,1.671623,1.050839,10.293876,26.588147,0.416023,1.740606,11033759926,10971122593,46,62.637333,dino,False,8.420124,1.53097,i2-i30-0770,scene-0770,scene-0770:image:46
0.0,0.0,0.002096,0.002357,0.001844,1.401058,0.0,,0.445411,0.096329,,0.573296,NVTX inference includes CUDA event synchronization,3124284816946208,0.335523,3.389058,6.149836,1.5427819999999999,8.336704,0.108344,1.29115,0.927741,3.61807,1.175916,0.000544,0.00768,4.386041,1.724946,1.003326,10.292218,27.090034,0.409321,1.73914,11104863205,11040834779,47,64.028426,dino,False,8.672227,1.471584,i2-i30-0770,scene-0770,scene-0770:image:47
0.0,0.0,0.002916,0.002228,0.001699,1.354115,0.000576,,0.478878,0.093237,,0.53829,NVTX inference includes CUDA event synchronization,3124284948342813,0.348772,11.821535,5.978757000000001,1.470199000000001,8.101924,0.117543,1.206176,1.17834,3.412409,1.057581,0.000512,0.007936,4.595076,1.655781,1.248772,10.199158,26.720692,0.419519,1.766609,11236259547,11173424056,48,62.835491,dino,False,8.450696,2.696175,i2-i30-0770,scene-0770,scene-0770:image:48
0.0,0.0,0.002163,0.002548,0.001827,1.364329,0.001184,,0.43271,0.094522,,0.536044,NVTX inference includes CUDA event synchronization,3124285018019598,0.334884,3.375659,5.9072059999999995,1.4322059999999999,8.007648999999999,0.10572,1.244972,0.887609,3.597037,1.067405,0.000512,0.007072,4.404656,1.67336,0.964346,10.15944,26.590563,0.404292,1.69761,11305936606,11243222013,49,62.714593,dino,False,8.342533,1.491178,i2-i30-0770,scene-0770,scene-0770:image:49
0.0,0.000608,0.002133,0.002338,0.001763,1.351709,0.0,,0.417221,0.097504,,0.54533,NVTX inference includes CUDA event synchronization,3124285087535039,0.330917,3.418699,5.834116999999999,1.4811569999999996,7.921805999999999,0.105659,1.22441,0.888787,3.512604,1.03233,0.000512,0.007264,4.340779,1.671133,0.962388,10.252012,26.549171,0.400483,1.716607,11375452339,11312953280,50,62.499059,dino,False,8.252723,1.462129,i2-i30-0770,scene-0770,scene-0770:image:50
0.0,0.0,0.002086,0.002293,0.001779,1.288109,0.0,,0.420603,0.093247,,0.533804,NVTX inference includes CUDA event synchronization,3124285157104732,0.324099,3.390272,5.806078,1.4213330000000006,7.8239,0.106157,1.220512,0.896424,3.470826,1.024491,0.000608,0.007648,4.375479,1.653828,0.971753,10.087378,26.56896,0.401642,1.696013,11445021988,11382547782,51,62.474206,dino,False,8.147999,1.462373,i2-i30-0770,scene-0770,scene-0770:image:51
0.0,0.001696,0.002711,0.002282,0.001882,1.392836,0.000576,,0.453923,0.097933,,0.507775,NVTX inference includes CUDA event synchronization,3124285246936214,0.342978,3.879147,6.0488349999999995,1.450913,8.167470999999999,0.105199,1.234351,0.980264,3.703328,1.028394,0.001152,0.006848,4.462926,1.639027,1.051786,10.050204,26.597931,0.414076,1.757052,11534853254,11472513400,52,62.339854,dino,False,8.510449,2.406723,i2-i30-0770,scene-0770,scene-0770:image:52
0.0,0.000118,0.002156,0.002427,0.001995,1.375636,0.0,,0.427082,0.095687,,0.547253,NVTX inference includes CUDA event synchronization,3124285316422873,0.32989,3.352073,6.055900000000001,1.4614130000000012,8.178364,0.103438,1.371595,0.882018,3.564688,1.118862,0.00048,0.00576,4.351257,1.805105,0.953027,10.183704,26.661603,0.397756,1.711518,11604340468,11541669435,53,62.671033,dino,False,8.508254,1.452723,i2-i30-0770,scene-0770,scene-0770:image:53
0.0,0.0,0.002529,0.002441,0.001764,1.36018,0.000237,,0.631673,0.09325,,0.529257,NVTX inference includes CUDA event synchronization,3124285447744011,0.43847,11.020398,5.875784000000001,1.4569290000000006,8.058645,0.119228,1.194175,1.277946,3.400216,1.040012,0.00048,0.008129,4.536641,1.641379,1.348186,10.241255,26.59389,0.422284,1.78559,11735661016,11672930782,54,62.730234,dino,False,8.497115,2.769104,i2-i30-0770,scene-0770,scene-0770:image:54
0.000288,0.0,0.002454,0.002378,0.001738,1.352263,0.0,,0.535446,0.09638,,0.550488,NVTX inference includes CUDA event synchronization,3124285518356452,0.348005,3.373383,5.965642000000001,1.4689810000000003,8.159072,0.104913,1.258267,0.903929,3.679681,1.08321,0.00064,0.007456,4.358975,1.692732,0.979514,10.333557,26.910969,0.40462,1.684506,11806274125,11742559324,55,63.714801,dino,False,8.507077,1.46512,i2-i30-0770,scene-0770,scene-0770:image:55
0.0,0.0,0.001958,0.002264,0.001681,1.396886,0.0,,0.480924,0.097012,,0.555471,NVTX inference includes CUDA event synchronization,3124285589583906,0.347622,3.568273,6.268786,1.6127660000000006,8.457360000000001,0.116723,1.276459,1.017611,3.592672,1.178926,0.001217,0.008608,4.612096,1.722002,1.091084,10.291821,26.760305,0.438872,1.81993,11877501011,11814280257,56,63.220754,dino,False,8.804982,1.861352,i2-i30-0770,scene-0770,scene-0770:image:56
0.0,0.000576,0.001988,0.002825,0.001843,1.36947,0.0,,0.436058,0.093986,,0.529842,NVTX inference includes CUDA event synchronization,3124285659551725,0.333507,3.345203,5.993691,1.5186620000000008,8.096772000000001,0.106277,1.209216,0.884776,3.524103,1.178893,0.000576,0.007776,4.318009,1.639718,0.956329,10.067642,26.83927,0.396875,1.69498,11947469295,11884656678,57,62.812617,dino,False,8.430279,1.875889,i2-i30-0770,scene-0770,scene-0770:image:57
0.0,0.0,0.002079,0.002732,0.001677,1.346221,0.0,,0.427913,0.098157,,0.529194,NVTX inference includes CUDA event synchronization,3124285745459105,0.331238,3.486049,5.71997,1.454428,7.796705,0.109803,1.222572,0.942557,3.326826,1.062892,0.001088,0.007777,4.421847,1.672562,1.01379,10.041829,26.684758,0.41357,1.726447,12033376619,11970936702,58,62.439917,dino,False,8.127943,1.518994,i2-i30-0770,scene-0770,scene-0770:image:58
0.0,0.000576,0.002858,0.002266,0.002102,1.509223,0.0,,0.460816,0.112455,,0.540609,NVTX inference includes CUDA event synchronization,3124285816528322,0.333476,3.324069,6.897715999999999,1.5800419999999997,9.195145,0.106511,1.471384,0.891908,4.135273,1.335886,0.000576,0.007041,4.363056,1.903261,0.968196,10.84255,27.07978,0.401699,1.702758,12104445349,12040206385,59,64.238964,dino,False,9.528621,1.463128,i2-i30-0770,scene-0770,scene-0770:image:59
0.0,0.0,0.002017,0.002407,0.001849,1.400168,0.0,,0.502038,0.097577,,0.520333,NVTX inference includes CUDA event synchronization,3124285943346544,0.361029,8.543792,6.247738999999999,1.483211999999999,8.413098999999999,0.125748,1.24125,1.253848,3.579886,1.07844,0.003136,0.008608,4.752258,1.653641,1.324088,10.014526,26.777866,0.42585,1.786941,12231263238,12168506957,60,62.756281,dino,False,8.774128,2.730552,i2-i30-0770,scene-0770,scene-0770:image:60
0.000576,0.0,0.002168,0.002934,0.001834,1.326336,0.00048,,0.431887,0.089262,,0.556066,NVTX inference includes CUDA event synchronization,3124286012855593,0.332773,3.35216,5.63416,1.4856299999999996,7.71293,0.106767,1.207242,0.888237,3.281303,1.068524,0.001056,0.006944,4.399338,1.656558,0.959854,10.116546,26.706714,0.411647,1.690686,12300772769,12238132492,61,62.640277,dino,False,8.045703,1.44506,i2-i30-0770,scene-0770,scene-0770:image:61
0.0,0.0,0.002138,0.002717,0.001786,1.351735,0.0,,0.443121,0.097057,,0.552707,NVTX inference includes CUDA event synchronization,3124286082673906,0.34839,3.376093,5.865473999999999,1.4704669999999993,7.968344999999999,0.111718,1.192107,0.955015,3.551093,1.027983,0.000576,0.007776,4.439171,1.642479,1.028264,10.225474,26.620139,0.418557,1.713015,12370591651,12307629880,62,62.961771,dino,False,8.316735,1.499202,i2-i30-0770,scene-0770,scene-0770:image:62
0.0,0.000608,0.00201,0.002223,0.001863,1.32958,0.0,,0.434728,0.095552,,0.536334,NVTX inference includes CUDA event synchronization,3124286152468313,0.336743,3.366778,5.646737999999999,1.4294069999999994,7.712892999999999,0.107959,1.21932,0.894599,3.341409,1.049198,0.000576,0.007168,4.366124,1.668224,0.970664,10.193113,26.648391,0.402543,1.706214,12440385024,12377539344,63,62.84568,dino,False,8.049636,1.497693,i2-i30-0770,scene-0770,scene-0770:image:63
0.0,0.0,0.002535,0.002274,0.00189,1.340317,0.0,,0.440371,0.08843,,0.528183,NVTX inference includes CUDA event synchronization,3124286248785554,0.336515,5.365758,5.689169,1.4559849999999992,7.756653999999999,0.107787,1.206085,0.953406,3.310854,1.050956,0.000576,0.00752,4.440345,1.660871,1.024735,10.188372,26.780827,0.423693,1.727494,12536702468,12474020237,64,62.682231,dino,False,8.093169,1.897659,i2-i30-0770,scene-0770,scene-0770:image:64
0.0,0.000544,0.001998,0.002205,0.001784,1.359346,0.0,,0.424729,0.10085,,0.538369,NVTX inference includes CUDA event synchronization,3124286318476556,0.329475,3.406353,6.025543,1.4217500000000003,8.125893,0.10382,1.326406,0.884671,3.621589,1.089164,0.000608,0.00736,4.338025,1.76161,0.957856,10.206408,26.668706,0.39504,1.687884,12606393195,12543471738,65,62.921457,dino,False,8.455368,1.45407,i2-i30-0770,scene-0770,scene-0770:image:65
0.0,0.0,0.002184,0.00231,0.002012,1.344461,0.00048,,0.439906,0.09161,,0.558388,NVTX inference includes CUDA event synchronization,3124286435368510,0.350692,3.546323,5.926179,1.4813170000000007,8.016838,0.100072,1.244191,0.907876,3.53224,1.092938,0.002848,0.006048,3.639061,1.682692,0.979173,10.228528,26.681118,0.347375,1.338114,12723285559,12660557595,66,62.727964,dino,False,8.36753,1.991228,i2-i30-0770,scene-0770,scene-0770:image:66
0.000341,0.000113,0.002172,0.002471,0.001889,1.328737,0.000931,,0.390536,0.093198,,0.560858,NVTX inference includes CUDA event synchronization,3124286505156676,0.313797,3.345942,5.688604000000001,1.4469650000000005,7.7560530000000005,0.094989,1.232492,0.752264,3.472824,1.061132,0.004032,0.005152,3.464389,1.677041,0.829032,10.157297,26.833642,0.328249,1.309432,12793074020,12730107455,67,62.966565,dino,False,8.06985,1.485421,i2-i30-0770,scene-0770,scene-0770:image:67
0.0,0.000512,0.002751,0.002285,0.001733,1.3715,0.0,,0.454395,0.096332,,0.531079,NVTX inference includes CUDA event synchronization,3124286579607982,0.344774,3.377553,5.994501999999999,1.4881239999999991,8.110315,0.105338,1.231452,0.993678,3.583524,1.045293,0.000608,0.007072,3.941669,1.667878,1.065551,10.17558,26.643517,0.357143,1.381588,12867524817,12804738449,68,62.786368,dino,False,8.455089,6.213276,i2-i30-0770,scene-0770,scene-0770:image:68
0.0,0.000739,0.001905,0.002193,0.001715,1.334546,0.0,,0.404985,0.088471,,0.542682,NVTX inference includes CUDA event synchronization,3124286649262355,0.333636,3.35342,5.640274,1.4657839999999993,7.683873999999999,0.089293,1.236723,0.782354,3.376213,1.059463,0.004768,0.002912,3.424536,1.684438,0.857171,10.217435,26.640912,0.327818,1.326933,12937179452,12874534500,69,62.644952,dino,False,8.01751,1.655185,i2-i30-0770,scene-0770,scene-0770:image:69
0.0,0.0,0.002597,0.002404,0.001733,1.383959,0.0,,0.440928,0.098835,,0.543352,NVTX inference includes CUDA event synchronization,3124286750115851,0.348966,6.220302,6.014646000000001,1.4636980000000008,8.139488,0.091937,1.234527,0.890107,3.727948,1.071053,0.00432,0.004864,3.527496,1.652742,0.961851,10.081941,26.781814,0.331399,1.332147,13038032898,12975590488,70,62.44241,dino,False,8.488454,2.035816,i2-i30-0770,scene-0770,scene-0770:image:70
0.000274,0.0,0.00226,0.002359,0.002226,1.374161,0.0,,0.422668,0.098307,,0.549508,NVTX inference includes CUDA event synchronization,3124286819958956,0.334786,3.373327,5.872785,1.4925230000000003,7.989762,0.08865,1.238319,0.765516,3.621066,1.111402,0.002144,0.004928,3.454836,1.681685,0.859661,10.29408,26.752582,0.326283,1.304764,13107875720,13045136151,71,62.739569,dino,False,8.324548,1.654279,i2-i30-0770,scene-0770,scene-0770:image:71
0.0,0.0,0.001995,0.002818,0.001728,1.363823,0.0,,0.44956,0.092761,,0.531951,NVTX inference includes CUDA event synchronization,3124286946808907,0.330149,11.485008,6.007910999999999,1.5149939999999988,8.122397999999999,0.110261,1.218661,1.039831,3.489363,1.072141,0.000608,0.006688,3.662689,1.669485,1.110936,10.317467,26.67244,0.343064,1.315791,13234726426,13171924111,72,62.802315,dino,False,8.452547,2.597134,i2-i30-0770,scene-0770,scene-0770:image:72
0.0,0.001125,0.002303,0.002211,0.001859,1.388623,0.000576,,0.40212,0.095732,,0.540264,NVTX inference includes CUDA event synchronization,3124287016526738,0.30938,3.355948,6.025912999999999,1.4642679999999997,8.151346,0.090831,1.303359,0.788447,3.701681,1.1027,0.004352,0.005088,3.497492,1.711621,0.8664,10.096135,26.757008,0.346367,1.329445,13304443767,13241749875,73,62.693892,dino,False,8.460726,1.506183,i2-i30-0770,scene-0770,scene-0770:image:73
0.0,0.0,0.002264,0.002113,0.001838,1.373586,0.000576,,0.393296,0.102182,,0.559288,NVTX inference includes CUDA event synchronization,3124287086314667,0.312419,3.411055,5.854032999999999,1.4469839999999996,7.976756999999999,0.098111,1.221492,0.784672,3.682322,1.046607,0.004352,0.004636,3.438955,1.667799,0.857089,10.452216,26.714706,0.342127,1.296232,13374231583,13311429315,74,62.802268,dino,False,8.289176,1.490664,i2-i30-0770,scene-0770,scene-0770:image:74
0.0,0.0,0.001777,0.002879,0.001751,1.329221,0.0,,0.398163,0.08958,,0.548723,NVTX inference includes CUDA event synchronization,3124287155626304,0.319778,3.342473,5.682741,1.4505240000000006,7.735057,0.094385,1.209682,0.758848,3.461418,1.070954,0.004512,0.004512,3.422876,1.643476,0.834465,10.099748,26.703224,0.331164,1.270597,13443543894,13381143899,75,62.399995,dino,False,8.054835,1.453851,i2-i30-0770,scene-0770,scene-0770:image:75
0.0,0.0,0.002146,0.002944,0.001823,1.361026,0.0,,0.501085,0.098906,,0.538801,NVTX inference includes CUDA event synchronization,3124287247148819,0.387716,4.335808,5.979621999999999,1.4606149999999998,8.098637,0.095001,1.205035,1.00279,3.651796,1.0627,0.00272,0.005696,3.539915,1.656911,1.074471,10.095071,26.650342,0.336121,1.330132,13535065570,13472483884,76,62.581686,dino,False,8.486353,1.832111,i2-i30-0770,scene-0770,scene-0770:image:76
0.0,0.000232,0.00291,0.002637,0.002423,1.390647,0.000608,,0.407454,0.103112,,0.541117,NVTX inference includes CUDA event synchronization,3124287317231703,0.313282,3.361925,6.206244999999999,1.4719419999999994,8.344103,0.08875,1.466106,0.783483,3.734863,1.103313,0.003968,0.00496,3.451833,1.900411,0.861372,10.354902,26.766486,0.326954,1.319492,13605148676,13541894871,77,63.253805,dino,False,8.657385,1.44791,i2-i30-0770,scene-0770,scene-0770:image:77
0.000234,0.0,0.002046,0.002308,0.001714,1.390509,0.0,,0.411559,0.112197,,0.533268,NVTX inference includes CUDA event synchronization,3124287433226933,0.328838,3.545775,6.140967,1.4639689999999996,8.265964,0.098131,1.256233,0.861747,3.828823,1.078059,0.002624,0.005216,3.670304,1.661133,0.93234,10.182372,26.728986,0.339928,1.34976,13721144074,13658687506,78,62.456568,dino,False,8.594802,1.668457,i2-i30-0770,scene-0770,scene-0770:image:78
0.0,0.0,0.002611,0.002841,0.001794,1.355212,0.0,,0.422147,0.092176,,0.543422,NVTX inference includes CUDA event synchronization,3124287503082873,0.335012,3.370737,5.944937,1.4759280000000006,8.030128,0.106034,1.206245,0.974861,3.516846,1.077066,0.001056,0.007104,4.398983,1.655787,1.045646,10.117602,26.769972,0.408471,1.717077,13790999763,13728155154,79,62.844609,dino,False,8.36514,1.558592,i2-i30-0770,scene-0770,scene-0770:image:79
0.0,0.0,0.001892,0.002288,0.001823,1.350168,0.0,,0.418404,0.094827,,0.549808,NVTX inference includes CUDA event synchronization,3124287572914087,0.328292,3.409206,5.804162,1.4634979999999995,7.895079999999999,0.107339,1.246142,0.86919,3.481673,1.046826,0.001056,0.007648,4.451944,1.688066,0.94663,10.194585,26.608753,0.443063,1.753249,13860831271,13798134191,80,62.69708,dino,False,8.223372,1.567824,i2-i30-0770,scene-0770,scene-0770:image:80
0.000429,0.0,0.001962,0.002955,0.001708,1.38172,0.0,,0.433315,0.096631,,0.550901,NVTX inference includes CUDA event synchronization,3124287746064611,0.328517,3.407205,5.904608,1.4641399999999996,8.045712,0.110314,1.209873,0.99037,3.519711,1.070861,0.001056,0.007904,4.45667,1.660695,1.06061,10.269769,26.696422,0.420212,1.80036,14033982083,13971348899,82,62.633184,dino,False,8.374229,1.679445,i2-i30-0770,scene-0770,scene-0770:image:82
0.0,0.0,0.003061,0.002309,0.002162,1.38664,0.0,,0.43208,0.100079,,0.544275,NVTX inference includes CUDA event synchronization,3124287816313070,0.334469,3.395297,6.101141,1.4789720000000006,8.237278,0.106819,1.257437,0.890042,3.687678,1.143023,0.000576,0.0072,4.424643,1.689184,0.966971,10.340366,26.70876,0.405822,1.69742,14104229898,14041088642,83,63.141256,dino,False,8.571747,1.568908,i2-i30-0770,scene-0770,scene-0770:image:83
0.0,0.00048,0.002295,0.002688,0.001834,1.402565,0.002112,,0.438561,0.101744,,0.51918,NVTX inference includes CUDA event synchronization,3124287932454630,0.322246,3.399475,6.313939000000001,1.4665300000000006,8.463152000000001,0.106738,1.267186,0.988422,3.865849,1.082224,0.001088,0.007361,4.549938,1.67183,1.059142,10.241428,26.785171,0.419026,1.765069,14220372252,14157628632,84,62.74362,dino,False,8.785398,1.649704,i2-i30-0770,scene-0770,scene-0770:image:84
0.0,0.001056,0.002125,0.002466,0.001662,1.386138,0.0,,0.461798,0.102612,,0.557271,NVTX inference includes CUDA event synchronization,3124288002845266,0.350212,3.404368,6.172075,1.5792450000000002,8.336991,0.108625,1.229351,0.953538,3.65595,1.152366,0.000544,0.007584,4.423152,1.677801,1.024995,10.334975,26.836378,0.422187,1.750009,14290762252,14227627289,85,63.134963,dino,False,8.687203,1.565135,i2-i30-0770,scene-0770,scene-0770:image:85
0.0,0.0,0.002361,0.00282,0.002111,1.388034,0.0,,0.442426,0.100578,,0.547809,NVTX inference includes CUDA event synchronization,3124288073100332,0.336675,3.443646,6.056595,1.4719879999999996,8.206059,0.106725,1.3336,0.909811,3.654102,1.05742,0.001152,0.007936,4.483842,1.777642,0.984756,10.420063,26.658995,0.4417,1.776065,14361017592,14297873042,86,63.14455,dino,False,8.542734,1.48386,i2-i30-0770,scene-0770,scene-0770:image:86
0.0,0.000608,0.001892,0.002842,0.001853,1.347304,0.0,,0.522258,0.097025,,0.538785,NVTX inference includes CUDA event synchronization,3124288147793866,0.376644,5.013151,5.710509,1.4639120000000005,7.846432000000001,0.116396,1.194508,1.083303,3.273006,1.083469,0.00112,0.007362,4.67482,1.641103,1.155881,10.073593,26.71614,0.438897,1.818126,14435711317,14372947751,87,62.763566,dino,False,8.223076,1.618167,i2-i30-0770,scene-0770,scene-0770:image:87
0.000367,0.0,0.001928,0.002422,0.001791,1.30382,0.0,,0.435275,0.080451,,0.545578,NVTX inference includes CUDA event synchronization,3124288250972410,0.337988,6.756644,5.511622,1.4169549999999997,7.545266,0.108853,1.177418,1.004512,3.13275,1.034094,0.000544,0.008128,4.496535,1.631729,1.077152,10.090669,26.705447,0.419668,1.718509,14538889687,14476035112,88,62.854575,dino,False,7.883254,1.965271,i2-i30-0770,scene-0770,scene-0770:image:88
0.0,0.000991,0.002564,0.002471,0.00175,1.349764,0.0,,0.438672,0.095834,,1.385813,NVTX inference includes CUDA event synchronization,3124288322591811,0.331173,3.324722,6.083569000000001,2.2689329999999996,9.030255,0.1058,1.30648,0.842181,3.441143,1.388539,0.000544,0.007808,4.324975,1.755382,0.941798,10.110756,27.215187,0.421962,1.750536,14610508814,14545604668,89,64.904146,dino,False,9.361428,1.500632,i2-i30-0770,scene-0770,scene-0770:image:89
0.0,0.0,0.001914,0.002367,0.001689,1.365648,0.0,,0.453608,0.092825,,0.520547,NVTX inference includes CUDA event synchronization,3124288442519134,0.332932,8.79776,5.852472,1.4761339999999992,7.958138,0.11431,1.256948,1.029853,3.356403,1.047758,0.001056,0.008608,4.477638,1.706262,1.100926,9.990927,26.586831,0.413302,1.778003,14730436480,14668089982,90,62.346498,dino,False,8.29107,2.407554,i2-i30-0770,scene-0770,scene-0770:image:90
0.0,0.000383,0.001992,0.00236,0.001902,1.309349,0.0,,0.427647,0.092073,,0.534534,NVTX inference includes CUDA event synchronization,3124288512250493,0.329188,3.335108,5.633752,1.439953,7.674804,0.106956,1.204371,0.877991,3.270036,1.097005,0.000544,0.007136,4.342292,1.650743,0.9546,10.05922,26.69867,0.399103,1.701312,14800167695,14737423715,91,62.74398,dino,False,8.003992,1.757835,i2-i30-0770,scene-0770,scene-0770:image:91
8.9e-05,0.0,0.001854,0.002479,0.001755,1.374367,0.0,,0.449882,0.09063,,0.545129,NVTX inference includes CUDA event synchronization,3124288583696158,0.339908,3.393871,5.9076070000000005,1.462592,8.033884,0.108074,1.225812,0.948829,3.560728,1.059885,0.000576,0.007296,4.495082,1.671959,1.021918,10.211459,26.79776,0.413661,1.740427,14871613148,14808545547,92,63.067601,dino,False,8.373792,2.87881,i2-i30-0770,scene-0770,scene-0770:image:92
0.0,0.000461,0.002361,0.002392,0.001841,1.341104,0.0,,0.436029,0.09642,,0.535518,NVTX inference includes CUDA event synchronization,3124288653740865,0.343523,3.413249,5.933296,1.5656920000000003,8.005899000000001,0.112151,1.206628,0.865189,3.389927,1.201547,0.000576,0.007712,4.358216,1.644233,0.960486,10.079263,26.798838,0.394977,1.691615,14941657978,14878810838,93,62.84714,dino,False,8.349422,1.795986,i2-i30-0770,scene-0770,scene-0770:image:93
0.0,0.000512,0.001958,0.002297,0.00173,1.320501,0.0,,0.435226,0.090658,,0.524012,NVTX inference includes CUDA event synchronization,3124288747872389,0.333444,4.846096,5.695544,1.424881,7.738994,0.108696,1.194973,0.967103,3.306119,1.062346,0.001088,0.007232,4.469633,1.645604,1.038721,10.158835,26.700137,0.417039,1.737684,15035789536,14973318009,94,62.471527,dino,False,8.072438,1.803096,i2-i30-0770,scene-0770,scene-0770:image:94
0.0,0.0,0.002176,0.002313,0.001679,1.430374,0.0,,0.426817,0.099628,,0.558309,NVTX inference includes CUDA event synchronization,3124288818687051,0.328962,3.323071,6.078557,1.4855619999999998,8.270890999999999,0.105735,1.254535,0.89009,3.652556,1.203055,0.000608,0.007712,4.389018,1.68987,0.967243,10.186381,26.899625,0.397528,1.680842,15106604170,15042940259,95,63.663911,dino,False,8.599853,1.761483,i2-i30-0770,scene-0770,scene-0770:image:95
0.0,0.0,0.002156,0.002361,0.001642,1.360952,0.00078,,0.524641,0.090255,,0.535377,NVTX inference includes CUDA event synchronization,3124288939598547,0.3697,4.051672,6.009454,1.4920030000000004,8.157918,0.143134,1.19873,1.366737,3.27134,1.045645,0.00256,0.007469,5.123878,1.650989,1.437873,10.146982,26.588339,0.410679,1.75554,15227515622,15164665813,96,62.849809,dino,False,8.527618,3.490851,i2-i30-0770,scene-0770,scene-0770:image:96
0.0,0.00026,0.002352,0.00238,0.001789,1.322078,0.0,,0.443103,0.093031,,0.559986,NVTX inference includes CUDA event synchronization,3124289009711024,0.339747,3.408209,5.648018,1.4466110000000008,7.733250000000001,0.115437,1.209249,0.929173,3.282051,1.082284,0.00064,0.007552,4.427324,1.655779,1.005846,10.087762,26.727694,0.408825,1.72194,15297627920,15234763546,97,62.864374,dino,False,8.072997,1.70572,i2-i30-0770,scene-0770,scene-0770:image:97
0.0,0.0,0.002386,0.002262,0.001814,1.380856,0.0,,0.438337,0.097833,,0.550243,NVTX inference includes CUDA event synchronization,3124289080163355,0.325028,3.371116,6.097781,1.4855900000000002,8.246484,0.107267,1.247101,0.939479,3.748767,1.035852,0.000544,0.006912,4.429851,1.688195,1.013368,10.284211,26.709951,0.411206,1.795455,15368080202,15304712733,98,63.367469,dino,False,8.571512,1.716334,i2-i30-0770,scene-0770,scene-0770:image:98
0.0,0.0,0.002189,0.00288,0.001698,1.32567,0.0,,0.436358,0.096385,,0.555404,NVTX inference includes CUDA event synchronization,3124289150325657,0.331525,3.40313,5.6676280000000006,1.4389460000000005,7.756687,0.108128,1.194918,0.909788,3.369348,1.059532,0.000544,0.007008,4.479221,1.641386,0.985117,10.154959,26.782927,0.415879,1.702146,15438242698,15375390591,99,62.852107,dino,False,8.088212,1.755588,i2-i30-0770,scene-0770,scene-0770:image:99
0.0,0.0,0.002015,0.002362,0.001746,1.420797,0.000286,,0.424599,0.095272,,0.54648,NVTX inference includes CUDA event synchronization,3124289249234280,0.331203,5.765134,6.022514999999999,1.448892999999999,8.184868999999999,0.107664,1.258245,0.935183,3.706363,1.050732,0.001056,0.007936,4.489458,1.661453,1.006224,10.112606,26.587526,0.425329,1.741357,15537151961,15474842505,100,62.309456,dino,False,8.516072,1.987833,i2-i30-0770,scene-0770,scene-0770:image:100
0.0,0.00048,0.002082,0.002266,0.001812,1.385025,0.000513,,0.414764,0.101177,,0.548075,NVTX inference includes CUDA event synchronization,3124289319364024,0.330082,3.341311,6.216919000000001,1.4613470000000008,8.343031,0.100061,1.348372,0.883328,3.834139,1.039466,0.000576,0.005824,4.356728,1.786427,0.954528,10.464422,26.676564,0.404529,1.695696,15607280862,15544142611,101,63.138251,dino,False,8.673113,1.664964,i2-i30-0770,scene-0770,scene-0770:image:101
0.0,0.0,0.00265,0.002366,0.002459,1.395748,0.0,,0.486591,0.101141,,0.530225,NVTX inference includes CUDA event synchronization,3124289449903949,0.351586,12.821988,6.33546,1.5002960000000005,8.505054000000001,0.111508,1.273711,1.164052,3.740437,1.05934,0.000576,0.00672,3.802254,1.678003,1.234613,10.095992,26.729999,0.335268,1.330081,15737821071,15675024712,102,62.796359,dino,False,8.85664,3.147331,i2-i30-0770,scene-0770,scene-0770:image:102
0.000192,0.0,0.001953,0.002457,0.001733,1.360996,0.0,,0.390438,0.094225,,0.538982,NVTX inference includes CUDA event synchronization,3124289519160868,0.301988,3.342547,5.819906,1.4641279999999997,7.908894,0.087573,1.247434,0.76106,3.54514,1.096651,0.00416,0.004736,3.443578,1.6883,0.832741,10.181905,26.69382,0.336463,1.301608,15807077621,15744732388,103,62.345233,dino,False,8.210882,1.557863,i2-i30-0770,scene-0770,scene-0770:image:103
0.0,0.001216,0.001979,0.002385,0.001673,1.322366,0.001502,,0.39774,0.099669,,0.55106,NVTX inference includes CUDA event synchronization,3124289589184889,0.324869,3.411615,5.705619,1.4654120000000006,7.760340000000001,0.090453,1.231593,0.76831,3.460786,1.058927,0.004576,0.005152,3.446661,1.677774,0.842935,10.262111,26.771591,0.330701,1.317913,15877101916,15814350392,104,62.751524,dino,False,8.085209,1.672691,i2-i30-0770,scene-0770,scene-0770:image:104
0.0,9.2e-05,0.002264,0.003078,0.001833,1.36221,0.0,,0.402123,0.098014,,0.561605,NVTX inference includes CUDA event synchronization,3124289659055853,0.325957,3.340704,5.918540999999999,1.5095429999999999,8.023803,0.089095,1.242223,0.752646,3.580784,1.165932,0.004448,0.005089,3.4166,1.683665,0.827239,10.171843,26.7343,0.330013,1.309808,15946972904,15884105562,105,62.867342,dino,False,8.34976,1.65195,i2-i30-0770,scene-0770,scene-0770:image:105
0.0,0.000576,0.002341,0.002273,0.001765,1.337861,0.0,,0.429843,0.097959,,0.525191,NVTX inference includes CUDA event synchronization,3124289746557520,0.335078,3.511872,5.725337999999999,1.4577799999999996,7.788068999999999,0.096736,1.205156,0.88311,3.371967,1.099758,0.002784,0.005856,3.575622,1.656456,0.955015,10.235403,26.737836,0.340954,1.319988,16034474576,15971797203,106,62.677373,dino,False,8.123147,1.7431,i2-i30-0770,scene-0770,scene-0770:image:106
2e-05,0.0,0.002246,0.00278,0.001783,1.391692,0.0,,0.409589,0.099971,,0.542007,NVTX inference includes CUDA event synchronization,3124289817088536,0.320388,3.34229,6.1716690000000005,1.5381270000000002,8.301369000000001,0.090643,1.268208,0.765639,3.719119,1.231221,0.004896,0.003904,3.440716,1.701939,0.842504,10.306075,26.947185,0.32941,1.29799,16105006034,16041745126,107,63.260908,dino,False,8.621757,1.795954,i2-i30-0770,scene-0770,scene-0770:image:107
0.0,0.0,0.00216,0.00226,0.001955,1.41933,0.0,,0.468389,0.100186,,0.539045,NVTX inference includes CUDA event synchronization,3124289946797586,0.347908,10.240024,6.263834000000001,1.5066420000000003,8.449251,0.111979,1.26286,1.084382,3.74671,1.077546,0.000544,0.006496,3.834618,1.667121,1.155327,10.105725,26.708711,0.339059,1.329533,16234714494,16171931932,108,62.782562,dino,False,8.797159,3.280387,i2-i30-0770,scene-0770,scene-0770:image:108
0.0,0.0,0.002285,0.002579,0.001715,1.387235,0.0,,0.438878,0.097717,,0.548012,NVTX inference includes CUDA event synchronization,3124290016688111,0.34538,3.330032,5.930162999999999,1.517790999999999,8.063203999999999,0.092063,1.270856,0.795583,3.615862,1.107853,0.004224,0.004352,3.486893,1.704975,0.867263,10.208035,26.754305,0.333098,1.319287,16304605469,16241848890,109,62.756579,dino,False,8.408584,1.649517,i2-i30-0770,scene-0770,scene-0770:image:109
0.0,0.001696,0.00253,0.002375,0.001832,1.370428,0.000525,,0.404194,0.0975,,0.543154,NVTX inference includes CUDA event synchronization,3124290086386387,0.330851,3.405426,5.85425,1.4328900000000004,7.947633000000001,0.08905,1.235721,0.763098,3.692112,1.056429,0.00384,0.005344,3.456268,1.644173,0.860187,10.106686,26.78337,0.331873,1.301369,16374303156,16311827563,110,62.475593,dino,False,8.278484,1.689579,i2-i30-0770,scene-0770,scene-0770:image:110
0.0,0.000576,0.001986,0.002358,0.002424,1.360317,0.000512,,0.402239,0.097172,,0.546627,NVTX inference includes CUDA event synchronization,3124290155986786,0.325538,3.34316,5.85224,1.4730049999999997,7.940913,0.091858,1.242571,0.76981,3.575435,1.106316,0.002048,0.005408,3.467694,1.674001,0.841459,10.184288,26.724247,0.329329,1.323292,16443903706,16381412205,111,62.491501,dino,False,8.266451,1.666261,i2-i30-0770,scene-0770,scene-0770:image:111
0.000144,0.000519,0.002607,0.002358,0.001918,1.329488,0.0,,0.430803,0.094396,,0.554673,NVTX inference includes CUDA event synchronization,3124290245943097,0.33658,3.433194,5.6570279999999995,1.4603289999999998,7.737354,0.098041,1.197544,0.879303,3.343823,1.085806,0.002528,0.00656,3.508331,1.65112,0.95156,10.245953,26.721912,0.363968,1.313476,16533859884,16471263302,112,62.596582,dino,False,8.073934,1.729343,i2-i30-0770,scene-0770,scene-0770:image:112
0.000249,0.000608,0.002635,0.002421,0.001843,1.343215,0.0,,0.414442,0.096081,,0.552456,NVTX inference includes CUDA event synchronization,3124290315906417,0.329412,3.388623,5.860369,1.449954,7.944907000000001,0.089551,1.378893,0.777128,3.456284,1.116301,0.003424,0.002784,3.44896,1.809745,0.856169,10.10698,26.786483,0.339101,1.30107,16603823357,16540907897,113,62.91546,dino,False,8.274319,1.645216,i2-i30-0770,scene-0770,scene-0770:image:113
0.0,0.0,0.002767,0.00231,0.002408,1.33865,0.000387,,0.426825,0.095324,,0.534156,NVTX inference includes CUDA event synchronization,3124290451600965,0.330373,11.964875,5.722662999999999,1.455996999999999,7.795116999999999,0.101872,1.198587,0.938236,3.368301,1.055179,0.000576,0.006742,3.815628,1.65328,1.009469,10.27488,26.793318,0.353918,1.353757,16739517573,16676705170,114,62.812403,dino,False,8.12549,5.092671,i2-i30-0770,scene-0770,scene-0770:image:114
0.0,0.00112,0.002124,0.003022,0.001822,1.34322,0.001056,,0.40087,0.103008,,0.535048,NVTX inference includes CUDA event synchronization,3124290521634372,0.321092,3.344367,5.846062,1.4251929999999993,7.916259999999999,0.088803,1.275748,0.74493,3.618664,1.074318,0.004544,0.005152,3.460295,1.692554,0.820642,10.119574,26.89579,0.335973,1.332201,16809552534,16746590379,115,62.962155,dino,False,8.237352,1.669494,i2-i30-0770,scene-0770,scene-0770:image:115
0.000544,0.000544,0.00244,0.002447,0.001918,1.317313,0.000512,,0.383713,0.092102,,0.561136,NVTX inference includes CUDA event synchronization,3124290591649628,0.325318,3.399396,5.570358000000001,1.4324370000000002,7.607709,0.095183,1.20907,0.768635,3.35489,1.064236,0.004384,0.004192,3.445738,1.65685,0.841916,10.195422,26.880489,0.330214,1.318187,16879566748,16816787635,116,62.779113,dino,False,7.933027,1.65555,i2-i30-0770,scene-0770,scene-0770:image:116
0.0,0.000181,0.003777,0.002947,0.002943,1.602518,0.0,,0.406852,0.108982,,0.538342,NVTX inference includes CUDA event synchronization,3124290662790345,0.320389,3.39595,6.268537,1.7130489999999998,8.61469,0.090223,1.33368,0.770093,3.910563,1.109294,0.003025,0.005152,3.480182,1.785429,0.843598,10.662965,27.054041,0.33282,1.338174,16950710125,16886683335,117,64.02679,dino,False,8.935079,1.656918,i2-i30-0770,scene-0770,scene-0770:image:117
0.0,0.0,0.002042,0.002317,0.001736,1.351878,0.000544,,0.525837,0.093902,,0.561806,NVTX inference includes CUDA event synchronization,3124290748181117,0.422757,4.285221,5.920443,1.5442449999999992,8.037747999999999,0.108393,1.212376,1.02579,3.279222,1.282671,0.001152,0.006656,3.816585,1.667772,1.09939,10.159152,27.068459,0.364576,1.419863,17036098114,16972840201,118,63.257913,dino,False,8.460505,1.891911,i2-i30-0770,scene-0770,scene-0770:image:118
0.0,0.000157,0.002003,0.002487,0.001781,1.446314,0.0,,0.457577,0.103698,,0.551303,NVTX inference includes CUDA event synchronization,3124290819192820,0.326116,3.378438,6.513203000000001,1.8487430000000007,8.752407,0.103957,1.314861,0.83572,3.682777,1.283537,0.002784,0.006144,3.741656,1.758547,0.910857,10.292103,27.060815,0.347691,1.378977,17107109831,17043111854,119,63.997977,dino,False,9.078523,1.558018,i2-i30-0770,scene-0770,scene-0770:image:119
0.0,0.0,0.002099,0.002373,0.001685,1.329508,0.0,,0.452988,0.091246,,0.556033,NVTX inference includes CUDA event synchronization,3124290948912663,0.351814,11.672148,5.7154180000000006,1.4760610000000005,7.799536000000001,0.110185,1.208015,1.015229,3.258391,1.077423,0.000608,0.005438,3.661714,1.659733,1.086205,10.158196,26.946868,0.338752,1.349543,17236829610,17173909526,120,62.920084,dino,False,8.15135,2.948555,i2-i30-0770,scene-0770,scene-0770:image:120
0.0,0.000576,0.002117,0.00234,0.00188,1.341769,0.0,,0.422803,0.094175,,0.55323,NVTX inference includes CUDA event synchronization,3124291018681809,0.343044,3.342879,5.767124999999999,1.452107999999999,7.8429709999999995,0.095442,1.232305,0.800521,3.475129,1.121517,0.00448,0.004513,3.497149,1.674997,0.875818,10.094445,26.80819,0.334014,1.313551,17306598792,17243668555,121,62.930237,dino,False,8.186015,1.470887,i2-i30-0770,scene-0770,scene-0770:image:121
0.000279,0.000177,0.002435,0.002211,0.001719,1.31215,0.00064,,0.398423,0.093467,,0.544805,NVTX inference includes CUDA event synchronization,3124291088433035,0.334053,3.38765,5.528504,1.4214789999999997,7.550757,0.088618,1.208884,0.762567,3.329234,1.064588,0.004768,0.004672,3.429103,1.657208,0.839912,10.097626,26.866066,0.333758,1.303333,17376350037,17313673069,122,62.676968,dino,False,7.88481,1.683445,i2-i30-0770,scene-0770,scene-0770:image:122
0.0,0.000576,0.002367,0.00232,0.001803,1.324595,0.0,,0.396125,0.091044,,0.55699,NVTX inference includes CUDA event synchronization,3124291157894813,0.315268,3.342059,5.678204999999999,1.4467459999999992,7.738757,0.090919,1.209536,0.79353,3.421571,1.082123,0.004416,0.005184,3.427007,1.649124,0.867931,10.00366,26.794864,0.340739,1.330831,17445811797,17383180885,123,62.630912,dino,False,8.054025,1.483145,i2-i30-0770,scene-0770,scene-0770:image:123
0.000512,0.0,0.002786,0.002465,0.001813,1.347352,0.000521,,0.400269,0.099283,,0.537914,NVTX inference includes CUDA event synchronization,3124291246363043,0.31242,3.763208,5.793744,1.5035560000000006,7.874239,0.096084,1.220175,0.818384,3.462845,1.076943,0.002688,0.005984,3.583051,1.674646,0.890961,10.281807,26.824622,0.33772,1.333375,17534280108,17471473544,124,62.806564,dino,False,8.186659,1.534046,i2-i30-0770,scene-0770,scene-0770:image:124
0.0,0.000602,0.002108,0.00233,0.001844,1.462308,0.0,,0.416516,0.09719,,0.559137,NVTX inference includes CUDA event synchronization,3124291317001160,0.315396,3.412249,6.520082,1.7919930000000006,8.746721,0.090975,1.353429,0.771179,3.844995,1.202826,0.002112,0.004608,3.481795,1.787928,0.850476,10.375761,27.037037,0.343227,1.334812,17604918029,17541236231,125,63.681798,dino,False,9.062117,1.477762,i2-i30-0770,scene-0770,scene-0770:image:125
0.0,0.000268,0.002173,0.002362,0.001771,1.363424,0.0,,0.472858,0.095864,,0.523976,NVTX inference includes CUDA event synchronization,3124291449255989,0.347653,11.755135,6.01733,1.5990400000000005,8.132373000000001,0.105614,1.283591,1.009422,3.372649,1.102894,0.000544,0.006272,3.702854,1.734956,1.08027,10.2829,26.789063,0.337677,1.334198,17737172882,17674120613,126,63.052269,dino,False,8.480026,2.962318,i2-i30-0770,scene-0770,scene-0770:image:126
0.0,0.000608,0.002034,0.002426,0.001855,1.376787,0.0,,0.411393,0.094148,,0.558055,NVTX inference includes CUDA event synchronization,3124291519371066,0.324132,3.331208,6.034624999999999,1.4963199999999999,8.157798999999999,0.088774,1.235629,0.756719,3.676765,1.218188,0.004544,0.004992,3.511361,1.678641,0.832656,10.333547,26.870153,0.329902,1.360258,17807288462,17744128458,127,63.160004,dino,False,8.481931,1.643924,i2-i30-0770,scene-0770,scene-0770:image:127
0.000204,0.0,0.002069,0.002267,0.001738,1.325697,0.0,,0.403383,0.089963,,0.553562,NVTX inference includes CUDA event synchronization,3124291589181720,0.327332,3.40688,5.603738,1.4340010000000003,7.655289,0.0913,1.227333,0.776059,3.38406,1.060619,0.004065,0.005184,3.466156,1.676013,0.85174,10.171176,26.674317,0.335497,1.321843,17877098566,17814539175,128,62.559391,dino,False,7.982621,1.652178,i2-i30-0770,scene-0770,scene-0770:image:128
0.0,0.0,0.002185,0.003012,0.00185,1.337076,0.000544,,0.409183,0.090825,,0.549259,NVTX inference includes CUDA event synchronization,3124291658905441,0.327203,3.342971,5.805256,1.4530849999999997,7.871987,0.090819,1.227946,0.78279,3.533849,1.101805,0.00384,0.005056,3.448881,1.669583,0.856871,10.119209,26.679254,0.329179,1.31569,17946822407,17884123293,129,62.699114,dino,False,8.19919,1.674667,i2-i30-0770,scene-0770,scene-0770:image:129
0.0,0.0,0.001915,0.00231,0.001805,1.402107,0.0,,0.500313,0.096412,,0.537522,NVTX inference includes CUDA event synchronization,3124291747727624,0.357252,3.719891,6.455199,1.582554000000001,8.640331,0.165939,1.204161,1.444468,3.469756,1.124017,0.000576,0.006112,3.996918,1.657704,1.516309,10.432116,26.785333,0.346901,1.349263,18035644487,17972039585,130,63.604902,dino,False,8.997583,1.865482,i2-i30-0770,scene-0770,scene-0770:image:130
0.0,0.000576,0.001999,0.002368,0.001834,1.443339,0.0,,0.371179,0.100903,,0.565627,NVTX inference includes CUDA event synchronization,3124291819005186,0.287877,3.390446,6.315821000000001,1.6274840000000008,8.515769,0.091606,1.278555,0.703604,3.84679,1.247894,0.002944,0.004769,3.439383,1.721698,0.781717,10.460494,27.227434,0.324784,1.298099,18106922015,18042640223,131,64.281792,dino,False,8.803646,1.466062,i2-i30-0770,scene-0770,scene-0770:image:131
0.0,0.0,0.002392,0.002328,0.001879,1.334739,0.0,,0.429938,0.093116,,0.527192,NVTX inference includes CUDA event synchronization,3124291948781072,0.328803,11.622533,5.754111,1.4706989999999998,7.816892,0.109867,1.216314,0.996414,3.271329,1.074192,0.000544,0.006336,3.642213,1.669696,1.067295,10.168374,26.812814,0.331884,1.333197,18236698316,18173925268,132,62.773048,dino,False,8.145695,2.802619,i2-i30-0770,scene-0770,scene-0770:image:132
0.0,0.000545,0.002118,0.002514,0.001884,1.345824,0.0,,0.388933,0.09481,,0.54008,NVTX inference includes CUDA event synchronization,3124292018596992,0.316834,3.375868,5.787883,1.447298,7.847757,0.088721,1.250372,0.740422,3.548643,1.079567,0.005152,0.004416,3.41857,1.693674,0.81831,10.13967,26.650632,0.330499,1.31443,18306513813,18243782168,133,62.731645,dino,False,8.164591,1.643616,i2-i30-0770,scene-0770,scene-0770:image:133
0.0,0.000576,0.00225,0.002321,0.001751,1.328757,0.0,,0.371088,0.091853,,0.55944,NVTX inference includes CUDA event synchronization,3124292088290443,0.317346,3.403492,5.639609,1.4482360000000005,7.680299000000001,0.089946,1.216804,0.727959,3.43296,1.07198,0.004576,0.005184,3.439959,1.665354,0.80316,10.2073,26.744959,0.324118,1.295654,18376207467,18313641212,134,62.566255,dino,False,7.997645,1.634078,i2-i30-0770,scene-0770,scene-0770:image:134
0.0,0.000544,0.002265,0.002317,0.001849,1.341319,0.0,,0.372368,0.090464,,0.537031,NVTX inference includes CUDA event synchronization,3124292158028583,0.3169,3.374963,5.736853,1.431712,7.76811,0.090409,1.205516,0.783208,3.51838,1.046089,0.004512,0.005184,3.428053,1.64629,0.855561,10.1,26.700845,0.345332,1.318601,18445945796,18383338993,135,62.606803,dino,False,8.08501,1.666832,i2-i30-0770,scene-0770,scene-0770:image:135
0.0,0.000512,0.001899,0.002944,0.001761,1.326677,0.0,,0.394322,0.09424,,0.534985,NVTX inference includes CUDA event synchronization,3124292246134592,0.323587,3.694203,5.646678,1.466475,7.6804310000000005,0.098232,1.201315,0.806278,3.34729,1.075244,0.002688,0.006496,3.527134,1.65313,0.878438,10.251277,26.693682,0.333781,1.342434,18534052238,18471568768,136,62.48347,dino,False,8.004018,1.731071,i2-i30-0770,scene-0770,scene-0770:image:136
0.000233,5.7e-05,0.002304,0.003056,0.001836,1.347347,0.0,,0.38014,0.099004,,0.562899,NVTX inference includes CUDA event synchronization,3124292316678989,0.320098,3.382781,5.8768009999999995,1.4642079999999993,7.9535789999999995,0.087725,1.397011,0.734801,3.496126,1.086574,0.004768,0.002464,3.428591,1.830873,0.812082,10.034127,26.982056,0.331418,1.309792,18604596435,18541084963,137,63.511472,dino,False,8.273677,1.63259,i2-i30-0770,scene-0770,scene-0770:image:137
0.0,0.0,0.002598,0.002314,0.001813,1.359956,0.0,,0.398602,0.10112,,0.538153,NVTX inference includes CUDA event synchronization,3124292435051131,0.321922,3.677376,5.75553,1.4654639999999999,7.838164,0.096955,1.214899,0.840248,3.458669,1.076523,0.000544,0.006784,3.730927,1.659481,0.911833,10.292106,26.690067,0.340013,1.333549,18722968336,18660451196,138,62.51714,dino,False,8.160086,1.794062,i2-i30-0770,scene-0770,scene-0770:image:138
0.0,0.000544,0.001897,0.002808,0.001833,1.318783,0.000576,,0.376542,0.093269,,0.5492,NVTX inference includes CUDA event synchronization,3124292504897059,0.313378,3.386321,5.702994,1.4759799999999998,7.735068,0.087306,1.220102,0.727146,3.437387,1.091949,0.003968,0.004608,3.461622,1.668778,0.804075,10.205347,26.752603,0.329666,1.329041,18792814743,18730072125,139,62.742618,dino,False,8.048446,1.664187,i2-i30-0770,scene-0770,scene-0770:image:139
0.0,0.000512,0.002597,0.002368,0.001873,1.340794,0.00048,,0.374019,0.092612,,0.562174,NVTX inference includes CUDA event synchronization,3124292575106935,0.322531,3.357768,5.730889000000001,1.4245270000000003,7.785787000000001,0.092709,1.230139,0.741492,3.542991,1.067628,0.002688,0.006144,3.54609,1.663648,0.816756,10.189284,26.668087,0.340769,1.340104,18863023662,18800531733,140,62.491929,dino,False,8.108318,2.261738,i2-i30-0770,scene-0770,scene-0770:image:140
0.0,0.0,0.002161,0.002371,0.001745,1.322303,0.000544,,0.385709,0.101352,,0.531194,NVTX inference includes CUDA event synchronization,3124292645699754,0.322278,3.394858,5.686522,1.4597660000000001,7.711623,0.089738,1.229291,0.758152,3.422256,1.066059,0.003615,0.005024,3.450618,1.67736,0.831913,10.268608,26.793153,0.33413,1.319913,18933616896,18870829497,141,62.787399,dino,False,8.033901,1.669643,i2-i30-0770,scene-0770,scene-0770:image:141
0.0,0.0,0.002092,0.002338,0.001839,1.371505,0.000608,,0.409511,0.099332,,0.53225,NVTX inference includes CUDA event synchronization,3124292753338526,0.328867,7.404949,5.998469999999999,1.469423,8.089077999999999,0.098832,1.254067,0.847826,3.665,1.075853,0.000608,0.006336,3.67315,1.659382,0.940916,10.07046,26.709882,0.362778,1.352381,19041255889,18978954790,142,62.301099,dino,False,8.417945,3.479265,i2-i30-0770,scene-0770,scene-0770:image:142
0.0,0.000544,0.002911,0.00233,0.001749,1.379111,0.0,,0.386043,0.102015,,0.53577,NVTX inference includes CUDA event synchronization,3124292823169952,0.31738,3.368345,5.919565,1.5145359999999997,8.012658,0.088605,1.235285,0.732582,3.593927,1.157103,0.002592,0.005408,3.448559,1.684025,0.805031,10.310721,26.75316,0.357825,1.41937,19111086858,19048379252,143,62.707606,dino,False,8.330038,1.641215,i2-i30-0770,scene-0770,scene-0770:image:143
0.0,0.000544,0.002106,0.002828,0.001796,1.387379,0.0,,0.425477,0.093074,,0.528104,NVTX inference includes CUDA event synchronization,3124292937048241,0.337445,3.51379,6.186634,1.5609499999999992,8.290496999999998,0.097147,1.315128,0.812856,3.724415,1.108723,0.002195,0.006528,3.580376,1.74307,0.906458,10.361948,26.777558,0.349513,1.339559,19224965978,19162124608,144,62.84137,dino,False,8.627942,1.730229,i2-i30-0770,scene-0770,scene-0770:image:144
0.00018,0.0,0.002276,0.002439,0.001812,1.638604,0.0,,0.389157,0.1225,,0.561916,NVTX inference includes CUDA event synchronization,3124293008864440,0.282468,3.384561,7.097290999999999,1.8763569999999996,9.533707,0.09877,1.26275,0.745195,4.450017,1.373838,0.00208,0.007168,3.48514,1.713697,0.820299,11.094789,27.412846,0.333428,1.419546,19296782265,19231972367,145,64.809898,dino,False,9.816175,1.480093,i2-i30-0770,scene-0770,scene-0770:image:145
0.0,0.0,0.002137,0.002227,0.001862,1.40085,0.0,,0.398571,0.097367,,0.562346,NVTX inference includes CUDA event synchronization,3124293079057833,0.312324,3.377847,6.066165,1.5129010000000003,8.219201,0.097848,1.250144,0.812099,3.75583,1.093614,0.002752,0.006337,3.565701,1.670149,0.88586,10.276445,26.768668,0.344751,1.330898,19366975164,19303896705,146,63.078459,dino,False,8.531525,1.570019,i2-i30-0770,scene-0770,scene-0770:image:146
0.0,0.001088,0.002167,0.002376,0.001826,1.347137,0.0,,0.335214,0.094253,,0.571836,NVTX inference includes CUDA event synchronization,3124293149092814,0.287011,3.404385,5.754484999999999,1.4740129999999994,7.823371,0.095285,1.250239,0.700249,3.505239,1.079117,0.00224,0.004,3.479118,1.6985,0.77337,10.35192,26.87233,0.32457,1.315112,19437009899,19373936323,147,63.073576,dino,False,8.110382,1.485388,i2-i30-0770,scene-0770,scene-0770:image:147
0.0,0.0,0.003779,0.002345,0.001827,1.369492,0.0,,0.372612,0.099077,,0.53198,NVTX inference includes CUDA event synchronization,3124293246035723,0.291939,3.481723,5.944306000000001,1.5017380000000005,8.033479000000002,0.098348,1.228367,0.818151,3.54472,1.123982,0.002816,0.007296,3.530398,1.680884,0.889384,10.387128,26.814062,0.356115,1.575224,19533952997,19471051331,148,62.901666,dino,False,8.325418,1.527445,i2-i30-0770,scene-0770,scene-0770:image:148
0.000576,0.0,0.002353,0.002483,0.001899,1.339808,0.0,,0.375929,0.096646,,0.525655,NVTX inference includes CUDA event synchronization,3124293434919402,0.295075,3.700669,5.849508999999999,1.4808149999999998,7.899783,0.098493,1.241598,0.820244,3.468064,1.077708,0.002144,0.005792,3.708051,1.676482,0.891765,10.122793,26.711016,0.33176,1.354953,19722836627,19660317420,150,62.519207,dino,False,8.194858,1.606978,i2-i30-0770,scene-0770,scene-0770:image:150
0.0,0.000576,0.0023,0.002955,0.001833,1.340696,0.0,,0.424591,0.096047,,0.55397,NVTX inference includes CUDA event synchronization,3124293505437380,0.327043,3.355294,5.808243999999999,1.479575999999999,7.904169,0.095798,1.435347,0.825164,3.295346,1.090509,0.002656,0.006816,3.557317,1.88543,0.900429,10.085275,26.86259,0.335957,1.366586,19793354782,19730172474,151,63.182308,dino,False,8.231212,1.943326,i2-i30-0770,scene-0770,scene-0770:image:151
0.0,0.000512,0.00273,0.002392,0.001844,1.372576,0.0,,0.445403,0.094311,,0.542846,NVTX inference includes CUDA event synchronization,3124293579623965,0.337604,3.43879,6.006579,1.4977020000000003,8.131589,0.10523,1.214724,0.9901,3.600847,1.052843,0.000576,0.007171,3.962755,1.661479,1.06271,10.202206,26.693572,0.362545,1.390182,19867540918,19804576045,152,62.964873,dino,False,8.469193,5.480051,i2-i30-0770,scene-0770,scene-0770:image:152
0.0,0.000576,0.001909,0.002378,0.001745,1.354737,0.0,,0.404153,0.096228,,0.560379,NVTX inference includes CUDA event synchronization,3124293649679410,0.337475,3.381529,5.857315999999999,1.5715699999999995,7.941945999999999,0.089206,1.242908,0.761304,3.544309,1.061804,0.004672,0.003648,3.441534,1.691266,0.839129,10.278025,26.748392,0.331777,1.341227,19937596446,19874535807,153,63.060639,dino,False,8.279421,1.656356,i2-i30-0770,scene-0770,scene-0770:image:153
0.0,0.0,0.00265,0.002283,0.002374,1.442499,0.0,,0.531046,0.104516,,0.543949,NVTX inference includes CUDA event synchronization,3124293750800512,0.420934,6.238902,6.6083110000000005,1.6625660000000009,8.816694,0.100983,1.241039,1.105625,3.884736,1.233047,0.002816,0.006816,3.70541,1.654964,1.177914,10.27225,26.849976,0.370171,1.593429,20038717534,19975414576,154,63.302958,dino,False,9.237628,2.03715,i2-i30-0770,scene-0770,scene-0770:image:154
0.0,0.000576,0.002535,0.002403,0.001827,1.38846,0.0,,0.397867,0.102162,,0.542524,NVTX inference includes CUDA event synchronization,3124293820747497,0.331778,3.372414,5.956446999999999,1.544071999999999,8.063023,0.089682,1.237898,0.757856,3.5525,1.204825,0.003168,0.0048,3.432401,1.692051,0.830241,10.287181,26.804283,0.341341,1.324099,20108664540,20045860738,155,62.803802,dino,False,8.394801,1.646817,i2-i30-0770,scene-0770,scene-0770:image:155
0.0,0.0,0.002274,0.002356,0.001893,1.384427,0.0,,0.456123,0.110463,,0.533531,NVTX inference includes CUDA event synchronization,3124293950003673,0.357189,11.760893,6.696763,1.5615449999999997,8.830641,0.106558,1.260708,0.9998,4.189412,1.063983,0.000576,0.005248,3.667816,1.712684,1.071961,11.039678,26.725029,0.340806,1.355766,20237921180,20174174010,156,63.74717,dino,False,9.18783,2.96671,i2-i30-0770,scene-0770,scene-0770:image:156
0.000291,0.0,0.002471,0.002407,0.002359,1.375963,0.0,,0.400761,0.093552,,0.538231,NVTX inference includes CUDA event synchronization,3124294020507192,0.323939,3.460926,5.989724,1.513661,8.08182,0.09592,1.26394,0.774159,3.569392,1.180655,0.002144,0.005888,3.500491,1.714408,0.870384,10.236475,26.828722,0.35015,1.34146,20308424362,20245290116,157,63.134246,dino,False,8.405759,1.593624,i2-i30-0770,scene-0770,scene-0770:image:157
0.0,0.000617,0.002044,0.002257,0.00179,1.32056,2.6e-05,,0.368585,0.099156,,0.571392,NVTX inference includes CUDA event synchronization,3124294090421512,0.320133,3.400438,5.675114000000001,1.4611280000000004,7.721408,0.093321,1.207737,0.753958,3.461481,1.053772,0.00512,0.005024,3.405438,1.653663,0.830567,10.223634,26.701151,0.343936,1.303484,20378338877,20315563500,158,62.775377,dino,False,8.041541,1.650844,i2-i30-0770,scene-0770,scene-0770:image:158
0.0,0.0,0.002014,0.002442,0.001753,1.331243,0.0,,0.391367,0.096232,,0.553382,NVTX inference includes CUDA event synchronization,3124294160298831,0.319685,3.369295,5.713602,1.447729999999999,7.772349999999999,0.090877,1.204447,0.763556,3.468388,1.107309,0.004544,0.005184,3.445303,1.655462,0.837477,10.074636,26.837573,0.328358,1.306565,20448216228,20385447102,159,62.769126,dino,False,8.092035,1.661974,i2-i30-0770,scene-0770,scene-0770:image:159
0.0,0.0,0.002138,0.00238,0.001846,1.34079,0.0,,0.410039,0.092098,,0.542008,NVTX inference includes CUDA event synchronization,3124294245889278,0.331939,3.436992,5.689342,1.4560810000000002,7.748702,0.097144,1.218981,0.845452,3.379674,1.073709,0.00288,0.00672,3.530407,1.667498,0.918733,10.23381,26.672133,0.3542,1.330952,20533806572,20471229866,160,62.576706,dino,False,8.080641,1.800161,i2-i30-0770,scene-0770,scene-0770:image:160
0.000393,0.000839,0.002324,0.002781,0.001981,1.333044,0.0,,0.392663,0.096727,,0.555394,NVTX inference includes CUDA event synchronization,3124294315812326,0.326309,3.402082,5.791339000000001,1.448017000000001,7.851176000000001,0.089487,1.367696,0.742983,3.444457,1.078765,0.00448,0.0016,3.406508,1.803159,0.817032,10.085175,26.768422,0.33561,1.284675,20603728847,20540857881,161,62.870966,dino,False,8.177485,1.647487,i2-i30-0770,scene-0770,scene-0770:image:161
0.0,0.000544,0.002837,0.002329,0.001761,1.345076,0.0,,0.449889,0.088728,,0.528963,NVTX inference includes CUDA event synchronization,3124294449511152,0.35786,11.976537,5.783986,1.4747369999999993,7.846253,0.110114,1.230047,1.048925,3.27212,1.059306,0.002112,0.006752,3.6979,1.68445,1.119293,10.215993,26.602069,0.369464,1.338019,20737428217,20674774502,162,62.653715,dino,False,8.204113,3.052918,i2-i30-0770,scene-0770,scene-0770:image:162
0.0,0.0,0.002286,0.00243,0.001708,1.371064,0.0,,0.384936,0.096583,,0.563649,NVTX inference includes CUDA event synchronization,3124294519711776,0.314851,3.36906,5.99516,1.5265190000000004,8.102965000000001,0.088992,1.254827,0.757715,3.684023,1.098636,0.003008,0.004096,3.437913,1.7044,0.834772,10.356747,26.808291,0.327269,1.300976,20807628903,20744312523,163,63.31638,dino,False,8.417816,1.478387,i2-i30-0770,scene-0770,scene-0770:image:163
0.000336,0.0,0.002717,0.002396,0.00211,1.321108,0.001494,,0.395909,0.095902,,0.545629,NVTX inference includes CUDA event synchronization,3124294589604579,0.313476,3.439434,5.6719919999999995,1.4795230000000004,7.726117,0.093233,1.228659,0.761951,3.397366,1.069581,0.004192,0.005088,3.469898,1.678041,0.841152,10.186264,26.684947,0.330507,1.325185,20877521335,20814825136,164,62.696199,dino,False,8.039593,1.473236,i2-i30-0770,scene-0770,scene-0770:image:164
0.0,0.00021,0.002241,0.002376,0.001794,1.346699,0.0,,0.37304,0.094658,,0.54675,NVTX inference includes CUDA event synchronization,3124294659265644,0.30503,3.38407,5.775546,1.450106,7.838284,0.08668,1.209788,0.735681,3.563251,1.088528,0.00464,0.00464,3.421662,1.655488,0.809154,10.176988,26.69216,0.333327,1.312887,20947183205,20884384413,165,62.798792,dino,False,8.143314,1.459669,i2-i30-0770,scene-0770,scene-0770:image:165
0.000256,0.001083,0.002797,0.00227,0.001763,1.350093,0.001184,,0.403182,0.096196,,0.53332,NVTX inference includes CUDA event synchronization,3124294745724385,0.305922,3.494406,5.673883999999999,1.4925119999999996,7.7601059999999995,0.097057,1.208443,0.83671,3.339518,1.084012,0.002144,0.005632,3.491995,1.660703,0.909543,10.241067,26.710719,0.335966,1.399425,21033641538,20971009104,166,62.632434,dino,False,8.066028,1.504227,i2-i30-0770,scene-0770,scene-0770:image:166
0.0,0.0,0.003523,0.002431,0.003066,1.401896,0.0,,0.425097,0.096068,,0.550545,NVTX inference includes CUDA event synchronization,3124294820052236,0.325026,3.372229,6.139514999999999,1.5588019999999991,8.297115,0.10132,1.250033,0.900896,3.668549,1.134829,0.001056,0.006656,3.870001,1.702007,0.974177,10.367978,26.867309,0.349985,1.367372,21107971535,21044673363,167,63.298172,dino,False,8.622141,5.490576,i2-i30-0770,scene-0770,scene-0770:image:167
0.000513,0.0,0.001913,0.002292,0.001726,1.360511,0.0,,0.444836,0.097997,,0.539156,NVTX inference includes CUDA event synchronization,3124294949066003,0.349604,11.874034,5.864581,1.4937010000000006,7.963921,0.113543,1.233789,1.015819,3.385429,1.065516,0.000608,0.00512,3.681269,1.686113,1.086156,10.302549,26.764958,0.341495,1.357336,21236983365,21174051508,168,62.931857,dino,False,8.313525,2.994744,i2-i30-0770,scene-0770,scene-0770:image:168
0.0,0.000559,0.00223,0.002996,0.001946,1.448052,0.0,,0.419652,0.1091,,0.551618,NVTX inference includes CUDA event synchronization,3124295020253683,0.353347,3.446861,6.464098,1.477316,8.646904000000001,0.094719,1.34585,0.851034,4.146775,1.076525,0.002208,0.005824,3.590386,1.796288,0.925947,10.847778,26.794311,0.343178,1.334074,21308171291,21244369144,169,63.802147,dino,False,9.000251,1.731489,i2-i30-0770,scene-0770,scene-0770:image:169
8.1e-05,0.000381,0.002213,0.002893,0.001923,1.459923,0.0,,0.416147,0.111883,,0.536478,NVTX inference includes CUDA event synchronization,3124295091221246,0.322724,3.445273,6.496663,1.5508189999999997,8.705860999999999,0.104349,1.318329,0.892859,4.036362,1.116427,0.001216,0.008224,4.550536,1.763646,0.969244,10.775983,26.833749,0.399035,1.771497,21379139349,21315340227,170,63.799122,dino,False,9.028585,1.524253,i2-i30-0770,scene-0770,scene-0770:image:170
0.0,0.0,0.002721,0.002401,0.002317,1.451289,0.0,,0.429136,0.103243,,0.543726,NVTX inference includes CUDA event synchronization,3124295162016286,0.30922,3.425837,6.465921000000001,1.5095090000000004,8.691534,0.11922,1.350316,0.905274,3.979783,1.126572,0.001184,0.008896,4.601887,1.801714,0.979067,10.629427,26.802217,0.42604,1.778697,21449933063,21386332533,171,63.60053,dino,False,9.000754,1.495674,i2-i30-0770,scene-0770,scene-0770:image:171
0.000146,2.8e-05,0.002593,0.002297,0.002114,1.421041,0.0,,0.440809,0.101477,,0.532413,NVTX inference includes CUDA event synchronization,3124295246372820,0.321638,3.418116,6.298559999999999,1.5143899999999997,8.47984,0.109207,1.290863,0.971143,3.819506,1.087025,0.0032,0.006144,4.674806,1.743284,1.043111,10.698872,26.746447,0.452156,1.816405,21534289764,21470902091,172,63.387673,dino,False,8.801478,1.552116,i2-i30-0770,scene-0770,scene-0770:image:172
0.0,0.000608,0.002169,0.003025,0.001744,1.402399,0.00043,,0.414122,0.112681,,0.567718,NVTX inference includes CUDA event synchronization,3124295318004494,0.322628,3.41347,6.396381,1.4836740000000006,8.578649,0.116063,1.324034,0.886466,3.934769,1.147566,0.00112,0.007585,4.603187,1.768106,0.964675,10.620795,27.284201,0.437347,1.783041,21605922313,21541412510,173,64.509803,dino,False,8.901277,1.649676,i2-i30-0770,scene-0770,scene-0770:image:173
0.000373,0.000512,0.001997,0.003025,0.001803,1.36509,0.000576,,0.507371,0.097713,,0.517218,NVTX inference includes CUDA event synchronization,3124295450626974,0.364899,12.999155,6.119555,1.469048,8.250334,0.125722,1.217643,1.259936,3.482872,1.051276,0.000992,0.007744,4.67708,1.658579,1.330785,10.244452,26.685787,0.424818,1.764142,21738544629,21675586415,174,62.958214,dino,False,8.615233,3.43428,i2-i30-0770,scene-0770,scene-0770:image:174
0.0,0.000576,0.002128,0.002246,0.001736,1.34188,0.0,,0.402779,0.098872,,0.539865,NVTX inference includes CUDA event synchronization,3124295520457834,0.320005,3.386806,5.777013,1.4247610000000002,7.84709,0.104675,1.230803,0.824387,3.504598,1.069839,0.000576,0.007456,4.331088,1.679802,0.922085,10.171209,26.679891,0.40466,1.722885,21808374993,21745656982,175,62.718011,dino,False,8.167095,1.65051,i2-i30-0770,scene-0770,scene-0770:image:175
0.0,0.000541,0.002213,0.002959,0.001704,1.344511,0.0,,0.397829,0.090306,,0.57377,NVTX inference includes CUDA event synchronization,3124295591267578,0.316642,3.412358,5.7684619999999995,1.4552589999999999,7.865653,0.105426,1.239836,0.845119,3.498916,1.029163,0.000608,0.007968,4.3385,1.683808,0.921888,10.236956,26.958682,0.403859,1.682175,21879185378,21815682455,176,63.502923,dino,False,8.182295,1.655158,i2-i30-0770,scene-0770,scene-0770:image:176
0.0,0.000135,0.002439,0.002448,0.001644,1.372691,0.0,,0.42752,0.103166,,0.541174,NVTX inference includes CUDA event synchronization,3124295661582953,0.32714,3.404408,5.977298000000001,1.5005190000000006,8.101375,0.107818,1.23674,0.88287,3.591467,1.100717,0.000608,0.007776,4.364419,1.688202,0.956119,10.298117,26.746155,0.41634,1.720191,21949500078,21886422733,177,63.077345,dino,False,8.428515,1.66506,i2-i30-0770,scene-0770,scene-0770:image:177
0.0,0.0,0.002032,0.002359,0.001845,1.408469,0.000544,,0.41973,0.100327,,0.528215,NVTX inference includes CUDA event synchronization,3124295747355993,0.315716,3.45051,6.244182,1.4835420000000008,8.391987,0.106779,1.24326,0.941958,3.824244,1.099599,0.00112,0.007201,4.46367,1.648991,1.01348,10.229742,26.703721,0.413943,1.735792,22035272969,21972552504,178,62.720465,dino,False,8.707703,2.996291,i2-i30-0770,scene-0770,scene-0770:image:178
0.0,0.0,0.003158,0.00285,0.001854,1.468755,0.0,,0.437182,0.100753,,0.536301,NVTX inference includes CUDA event synchronization,3124295818468540,0.313091,3.357476,6.874929,1.7069320000000001,9.112691,0.104107,1.312321,0.864284,3.822483,1.605991,0.001056,0.008608,4.689341,1.750789,0.93574,10.320924,27.453958,0.417136,1.790575,22106386026,22042556081,179,63.829945,dino,False,9.425782,1.724491,i2-i30-0770,scene-0770,scene-0770:image:179
0.000339,0.000231,0.001927,0.002678,0.001805,1.33302,0.0,,0.457205,0.094483,,0.528105,NVTX inference includes CUDA event synchronization,3124295947435346,0.335107,11.750412,5.778297,1.4813730000000005,7.862983000000001,0.123738,1.201199,1.150038,3.211457,1.023341,0.001568,0.005376,4.606884,1.652468,1.219926,10.11261,26.650622,0.42249,1.766268,22235352355,22172625752,180,62.726603,dino,False,8.19809,3.040138,i2-i30-0770,scene-0770,scene-0770:image:180
0.0,0.0,0.001942,0.002284,0.001826,1.357214,0.0,,0.404187,0.093208,,0.559622,NVTX inference includes CUDA event synchronization,3124296018212974,0.313731,3.343965,5.840193000000001,1.4562050000000006,7.946745000000001,0.10897,1.324041,0.859329,3.450607,1.053228,0.000544,0.007552,4.336414,1.769327,0.936802,10.090404,27.045384,0.411406,1.703883,22306129968,22242414178,181,63.71579,dino,False,8.260476,1.672322,i2-i30-0770,scene-0770,scene-0770:image:181
0.0,0.00064,0.002976,0.002312,0.002354,1.323496,0.0,,0.408302,0.094638,,0.543434,NVTX inference includes CUDA event synchronization,3124296087845258,0.32394,3.377945,5.640755,1.4357220000000002,7.694967,0.105434,1.208076,0.88294,3.330529,1.048078,0.000512,0.007616,4.33778,1.655954,0.958492,10.134697,26.675216,0.402763,1.715364,22375762039,22313156280,182,62.605759,dino,False,8.018907,1.674209,i2-i30-0770,scene-0770,scene-0770:image:182
0.0,0.0,0.001938,0.002819,0.001889,1.3579,0.0,,0.413171,0.096867,,0.552164,NVTX inference includes CUDA event synchronization,3124296157758168,0.320675,3.351848,5.909288999999999,1.4700929999999994,8.015362,0.103672,1.237898,0.878028,3.567006,1.070892,0.000544,0.007904,4.361995,1.681106,0.950765,10.135211,26.72288,0.40858,1.694385,22445675737,22382775401,183,62.900336,dino,False,8.336037,1.670313,i2-i30-0770,scene-0770,scene-0770:image:183
0.000346,0.0,0.0024,0.002373,0.001613,1.324046,0.0,,0.416884,0.091744,,0.520328,NVTX inference includes CUDA event synchronization,3124296246046811,0.315107,3.50805,5.648976000000001,1.4475460000000009,7.693603,0.112055,1.213524,0.957323,3.239849,1.029677,0.001024,0.007712,4.461141,1.665912,1.029324,10.157674,26.666864,0.424012,1.755555,22533963805,22471258799,184,62.705006,dino,False,8.00871,1.743359,i2-i30-0770,scene-0770,scene-0770:image:184
0.0,0.0,0.002167,0.002514,0.001811,1.335935,0.0,,0.401507,0.094776,,0.553913,NVTX inference includes CUDA event synchronization,3124296315956606,0.314339,3.348763,5.822502,1.4360410000000003,7.900786,0.103433,1.238489,0.854048,3.484382,1.091148,0.000544,0.00704,4.337249,1.678685,0.928353,10.153051,26.744526,0.401325,1.709849,22603873393,22540925300,185,62.948093,dino,False,8.215125,1.657514,i2-i30-0770,scene-0770,scene-0770:image:185
0.0,0.0,0.003293,0.00237,0.002104,1.351573,0.0,,0.46295,0.089534,,0.543665,NVTX inference includes CUDA event synchronization,3124296448285434,0.340196,11.966263,5.962020000000001,1.4787730000000012,8.077313,0.122071,1.215785,1.175651,3.351681,1.0651,0.000512,0.007936,4.591106,1.666603,1.245539,10.21694,26.725437,0.424559,1.770402,22736202397,22673229430,186,62.972967,dino,False,8.417509,3.021756,i2-i30-0770,scene-0770,scene-0770:image:186
0.0,0.000402,0.002046,0.002917,0.001884,1.340083,0.0,,0.398695,0.093409,,0.552511,NVTX inference includes CUDA event synchronization,3124296518791670,0.311235,3.376347,5.825922,1.458513,7.906634,0.106358,1.229545,0.854521,3.50476,1.056524,0.000576,0.007072,4.304174,1.6788,0.932346,10.185019,26.848235,0.400635,1.686306,22806708904,22743203747,187,63.505157,dino,False,8.217869,1.690562,i2-i30-0770,scene-0770,scene-0770:image:187
0.0,0.0,0.002442,0.002622,0.001762,1.345422,0.0,,0.414792,0.093978,,0.560044,NVTX inference includes CUDA event synchronization,3124296588980044,0.320262,3.382661,5.739089000000001,1.4444240000000006,7.839889000000001,0.104795,1.237673,0.868639,3.450176,1.046764,0.000544,0.007136,4.325541,1.686385,0.945024,10.241279,26.805342,0.399148,1.704306,22876897132,22813930090,188,62.967042,dino,False,8.160151,1.674193,i2-i30-0770,scene-0770,scene-0770:image:188
0.0,0.0,0.002748,0.002336,0.001944,1.329899,0.0,,0.404846,0.095493,,0.543319,NVTX inference includes CUDA event synchronization,3124296658781297,0.316516,3.380705,5.77549,1.444991,7.8395589999999995,0.103585,1.202202,0.849044,3.481489,1.067244,0.000608,0.006912,4.306114,1.65475,0.922933,10.115547,26.733384,0.401229,1.695176,22946698135,22883925541,189,62.772594,dino,False,8.156075,1.655193,i2-i30-0770,scene-0770,scene-0770:image:189
0.0,0.0,0.002371,0.00238,0.002242,1.385759,0.0,,0.442295,0.096849,,0.533054,NVTX inference includes CUDA event synchronization,3124296746641090,0.32893,3.631768,5.988950000000001,1.4645800000000007,8.124970000000001,0.11075,1.224366,0.9661,3.538556,1.140684,0.001056,0.007808,4.48284,1.674902,1.037973,10.356296,26.799502,0.421641,1.768198,23034557928,22971528119,190,63.029809,dino,False,8.4539,1.75103,i2-i30-0770,scene-0770,scene-0770:image:190
0.000388,0.0,0.002171,0.002358,0.001749,1.399649,0.0,,0.430502,0.101133,,0.559007,NVTX inference includes CUDA event synchronization,3124296817495853,0.315202,3.36399,6.323088,1.6603980000000007,8.504843000000001,0.104172,1.397088,0.880794,3.629548,1.140045,0.000544,0.007456,4.341095,1.84058,0.955003,10.266592,26.849778,0.401077,1.716524,23105412588,23041800434,191,63.612154,dino,False,8.820045,1.6706,i2-i30-0770,scene-0770,scene-0770:image:191
0.000456,0.0,0.002819,0.002458,0.00236,1.417329,0.0,,0.531744,0.095866,,0.525814,NVTX inference includes CUDA event synchronization,3124296940382363,0.365796,3.690947,6.5560659999999995,1.5002430000000002,8.769116,0.15476,1.264413,1.441143,3.703939,1.06235,0.001024,0.00704,5.369181,1.679011,1.512281,10.140487,26.684951,0.41811,1.756703,23228299299,23164955586,192,63.343713,dino,False,9.134912,3.258636,i2-i30-0770,scene-0770,scene-0770:image:192
0.0,0.0,0.001917,0.002831,0.001717,1.346218,0.0,,0.42296,0.094818,,0.549405,NVTX inference includes CUDA event synchronization,3124297010280996,0.323974,3.35744,5.734789,1.4531770000000002,7.830681,0.106936,1.215229,0.919505,3.382164,1.068908,0.001056,0.00768,4.424229,1.66455,0.991569,10.203166,26.874504,0.414493,1.71819,23298198299,23235256665,193,62.941634,dino,False,8.154655,1.48516,i2-i30-0770,scene-0770,scene-0770:image:193
0.0,0.0,0.002613,0.00237,0.001698,1.371613,0.0,,0.41466,0.095635,,0.558057,NVTX inference includes CUDA event synchronization,3124297080496498,0.315973,3.391928,5.894033,1.4811769999999997,8.024706,0.108848,1.238377,0.92301,3.54068,1.040683,0.000544,0.00736,4.441198,1.69518,0.997091,10.273111,26.758648,0.411383,1.748021,23368413431,23305122437,194,63.290994,dino,False,8.340679,1.505571,i2-i30-0770,scene-0770,scene-0770:image:194
0.0,0.000808,0.001929,0.002297,0.001943,1.343952,0.0,,0.398062,0.093824,,0.565973,NVTX inference includes CUDA event synchronization,3124297150382199,0.317955,3.352372,5.779905000000001,1.4362100000000009,7.870738000000001,0.102598,1.21136,0.880518,3.452681,1.097901,0.000576,0.006849,4.327244,1.653252,0.956744,10.167773,26.90551,0.401217,1.695783,23438299054,23375243988,195,63.055066,dino,False,8.188693,1.450283,i2-i30-0770,scene-0770,scene-0770:image:195
0.0,0.0,0.001972,0.003254,0.001847,1.438619,0.0,,0.438476,0.101612,,0.518428,NVTX inference includes CUDA event synchronization,3124297249778741,0.312324,5.860752,6.476456000000001,1.593998000000001,8.66834,0.10867,1.290705,0.948802,3.959566,1.070891,0.000512,0.00752,4.462424,1.703926,1.019715,10.325131,26.742646,0.417105,1.730656,23537696185,23474818219,196,62.877966,dino,False,8.980664,1.776831,i2-i30-0770,scene-0770,scene-0770:image:196
0.0,0.0,0.002195,0.002324,0.001767,1.344151,0.0,,0.415033,0.095699,,0.543303,NVTX inference includes CUDA event synchronization,3124297319602319,0.32247,3.352281,5.779799000000001,1.4409240000000008,7.861801000000001,0.104189,1.218662,0.89332,3.480028,1.039532,0.00048,0.007136,4.40696,1.672556,0.966665,10.283992,26.785719,0.430893,1.766169,23607519196,23544753708,197,62.765488,dino,False,8.184271,1.573467,i2-i30-0770,scene-0770,scene-0770:image:197
0.0,0.000256,0.002236,0.003,0.001806,1.352102,0.0,,0.465535,0.094314,,0.532503,NVTX inference includes CUDA event synchronization,3124297446921722,0.340036,11.334148,5.953674,1.4687550000000007,8.06539,0.12565,1.210658,1.161838,3.38411,1.047407,0.001536,0.005472,4.602849,1.661764,1.232463,10.232544,26.663469,0.420589,1.774076,23734839523,23671952727,198,62.886796,dino,False,8.405426,2.582119,i2-i30-0770,scene-0770,scene-0770:image:198
0.0,0.000608,0.002329,0.003084,0.001686,1.369564,0.0,,0.416069,0.097303,,0.545816,NVTX inference includes CUDA event synchronization,3124297517068248,0.314819,3.351511,5.986306,1.4736440000000002,8.107946,0.105923,1.264491,0.856287,3.615177,1.098987,0.000608,0.007648,4.326463,1.708687,0.930848,10.233412,26.848789,0.399308,1.70469,23804985674,23741694033,199,63.291641,dino,False,8.422765,1.44639,i2-i30-0770,scene-0770,scene-0770:image:199
0.0,0.0,0.002447,0.002372,0.001705,1.373717,0.0,,0.397263,0.094715,,0.54744,NVTX inference includes CUDA event synchronization,3124297586752515,0.315587,3.397318,5.855754000000001,1.4258600000000001,7.9598260000000005,0.109747,1.240155,0.824813,3.633099,1.033003,0.000544,0.008192,4.385794,1.656705,0.92203,10.131494,26.710788,0.398181,1.698176,23874669350,23812082826,200,62.586524,dino,False,8.275413,1.482544,i2-i30-0770,scene-0770,scene-0770:image:200
0.0,0.0,0.002238,0.002919,0.001944,1.333381,0.0,,0.410154,0.092816,,0.537912,NVTX inference includes CUDA event synchronization,3124297656439532,0.321283,3.344455,6.121346000000001,1.5109430000000001,8.181427000000001,0.106137,1.252383,0.869265,3.627628,1.128622,0.000512,0.00722,4.375728,1.695141,0.941778,10.25273,26.779806,0.410243,1.728231,23944357168,23881466485,201,62.890683,dino,False,8.50271,1.456581,i2-i30-0770,scene-0770,scene-0770:image:201
0.0,0.000576,0.002,0.002801,0.001718,1.39782,0.0,,0.428326,0.098135,,0.532297,NVTX inference includes CUDA event synchronization,3124297747110858,0.324899,4.052609,6.212756000000001,1.5289900000000003,8.35153,0.115856,1.278733,0.946962,3.689029,1.108859,0.001088,0.006912,4.447829,1.736239,1.018067,10.288019,26.900544,0.415028,1.735116,24035028260,23971876465,202,63.151795,dino,False,8.676429,1.501811,i2-i30-0770,scene-0770,scene-0770:image:202
0.0,0.00021,0.00239,0.00241,0.001866,1.385883,0.0,,0.424115,0.097586,,0.549835,NVTX inference includes CUDA event synchronization,3124297817519887,0.315556,3.404511,6.139138000000001,1.5323550000000008,8.287877,0.105714,1.263373,0.869092,3.669482,1.155545,0.000544,0.007328,4.352532,1.704273,0.944549,10.296189,26.772828,0.402709,1.700526,24105437015,24042079484,203,63.357531,dino,False,8.603433,1.462503,i2-i30-0770,scene-0770,scene-0770:image:203
0.0,0.0,0.002117,0.002227,0.001991,1.620493,0.0,,0.474751,0.09926,,0.53052,NVTX inference includes CUDA event synchronization,3124297948129343,0.34938,11.914438,5.9829740000000005,1.478193,8.364953,0.117642,1.227348,1.163563,3.657494,1.061997,0.001056,0.00704,4.638818,1.679225,1.235115,10.524507,26.674356,0.416398,1.772825,24236046089,24172893859,204,63.15223,dino,False,8.714333,2.794235,i2-i30-0770,scene-0770,scene-0770:image:204
0.0,0.000985,0.002343,0.002817,0.001993,1.353796,0.0,,0.406054,0.095779,,0.530136,NVTX inference includes CUDA event synchronization,3124298018157075,0.310627,3.389025,5.911947,1.4498679999999995,7.995222999999999,0.105935,1.241046,0.887509,3.560808,1.052748,0.000544,0.007392,4.338069,1.685947,0.961718,10.169511,26.69728,0.405781,1.690961,24306073813,24243079033,205,62.99478,dino,False,8.30585,1.458479,i2-i30-0770,scene-0770,scene-0770:image:205
0.0,0.000196,0.002625,0.002957,0.001865,1.357565,0.0,,0.408025,0.097152,,0.546917,NVTX inference includes CUDA event synchronization,3124298088086821,0.316644,3.437307,5.945272000000001,1.4948580000000007,8.04593,0.106153,1.232304,0.861779,3.589546,1.070926,0.00064,0.006368,4.362676,1.680466,0.937588,10.363764,26.666532,0.402106,1.700823,24376004126,24313121646,206,62.88248,dino,False,8.362574,1.514634,i2-i30-0770,scene-0770,scene-0770:image:206
0.0,0.0,0.001857,0.002712,0.001837,1.354617,0.0,,0.436592,0.093142,,0.547331,NVTX inference includes CUDA event synchronization,3124298158165326,0.327046,3.395565,5.906611,1.4497270000000002,8.017653000000001,0.108897,1.212932,0.931569,3.53404,1.09899,0.001184,0.00736,4.471936,1.661385,1.005714,10.142154,26.752649,0.423688,1.727935,24446082912,24383123102,207,62.95981,dino,False,8.344699,1.474196,i2-i30-0770,scene-0770,scene-0770:image:207
0.0,0.000544,0.002596,0.002303,0.001775,1.348237,0.0,,0.424162,0.091745,,0.540364,NVTX inference includes CUDA event synchronization,3124298246142767,0.317125,3.67574,5.7634620000000005,1.451212,7.8580630000000005,0.112061,1.191657,0.938575,3.414661,1.058446,0.000992,0.007584,4.468729,1.641101,1.010384,10.297037,26.685298,0.418754,1.730904,24534059824,24471346233,208,62.713591,dino,False,8.175188,1.504214,i2-i30-0770,scene-0770,scene-0770:image:208
0.0,0.001173,0.002639,0.003248,0.002242,1.426601,0.0,,0.418256,0.091984,,0.546935,NVTX inference includes CUDA event synchronization,3124298316203051,0.313379,3.368539,6.047739,1.468846000000001,8.227438000000001,0.105285,1.341482,0.866446,3.687098,1.06382,0.000544,0.007296,4.324722,1.777711,0.942095,10.358248,26.662805,0.409536,1.703682,24604120603,24540889563,209,63.23104,dino,False,8.540817,1.447444,i2-i30-0770,scene-0770,scene-0770:image:209
0.000576,0.001024,0.001908,0.002461,0.001733,1.347167,0.0,,0.503974,0.090875,,0.533836,NVTX inference includes CUDA event synchronization,3124298436441741,0.346852,3.648105,5.843852,1.4520119999999999,7.980554,0.11875,1.221089,1.064158,3.394009,1.06654,0.003104,0.007744,4.68871,1.669606,1.158176,10.06179,26.703273,0.450308,1.795055,24724358815,24661823535,210,62.53528,dino,False,8.327406,1.681866,i2-i30-0770,scene-0770,scene-0770:image:210
0.0,0.0,0.002524,0.00232,0.001784,1.325047,0.0,,0.398822,0.094048,,0.548609,NVTX inference includes CUDA event synchronization,3124298506023608,0.313859,3.606875,5.574237999999999,1.4456699999999998,7.633533,0.105451,1.201513,0.857683,3.308418,1.020369,0.00064,0.007648,4.34305,1.651373,0.932851,10.122774,26.630561,0.40014,1.696068,24793940741,24731350144,211,62.590597,dino,False,7.947392,1.458258,i2-i30-0770,scene-0770,scene-0770:image:211
0.0,0.0,0.002305,0.002302,0.001762,1.34419,0.000576,,0.446475,0.094022,,0.552909,NVTX inference includes CUDA event synchronization,3124298575825066,0.363523,3.353881,5.910049999999999,1.4390009999999993,7.991067999999999,0.113805,1.308212,0.968205,3.479496,1.037296,0.00112,0.007456,4.479604,1.74396,1.042159,10.059227,26.657659,0.405169,1.742252,24863741757,24800772055,212,62.969702,dino,False,8.354591,1.494414,i2-i30-0770,scene-0770,scene-0770:image:212
0.0,0.00064,0.002889,0.002759,0.002058,1.414043,0.0,,0.415501,0.110381,,0.553082,NVTX inference includes CUDA event synchronization,3124298646372077,0.324451,3.357369,6.402665000000001,1.519641000000001,8.579567,0.105746,1.641611,0.894616,3.674103,1.060109,0.00064,0.007552,4.386568,2.091182,0.969593,10.556104,26.809636,0.403377,1.710726,24934290203,24870578114,213,63.712089,dino,False,8.904018,1.47472,i2-i30-0770,scene-0770,scene-0770:image:213
0.0,0.0,0.002466,0.002165,0.001869,1.340021,0.0,,0.424665,0.092937,,0.551439,NVTX inference includes CUDA event synchronization,3124298746197439,0.320292,3.417339,5.760076,1.4666259999999989,7.855345999999999,0.112631,1.194857,0.974806,3.350929,1.066829,0.001184,0.007776,4.490804,1.647115,1.046934,10.177495,26.811049,0.415145,1.74962,25034114023,24971051468,214,63.062555,dino,False,8.175638,1.538887,i2-i30-0770,scene-0770,scene-0770:image:214
0.0,0.0,0.002145,0.002839,0.001834,1.400434,0.0,,0.535613,0.093508,,0.551901,NVTX inference includes CUDA event synchronization,3124298817314281,0.386919,3.388714,6.263999,1.6376230000000005,8.465354,0.110349,1.288935,1.019798,3.589124,1.197996,0.000544,0.007904,4.456309,1.713162,1.097686,10.1724,27.136092,0.421873,1.765052,25105231414,25041046171,215,64.185243,dino,False,8.852273,1.503286,i2-i30-0770,scene-0770,scene-0770:image:215
0.000576,0.0,0.002444,0.002327,0.001858,1.43434,0.0,,0.443503,0.095524,,0.534522,NVTX inference includes CUDA event synchronization,3124298933378390,0.324069,3.557525,6.348598000000001,1.5302420000000003,8.539623,0.109149,1.276135,1.001335,3.78979,1.147537,0.001056,0.008448,4.569375,1.707438,1.071609,10.143587,26.871248,0.431116,1.787466,25221295576,25158421776,216,62.8738,dino,False,8.863692,1.611009,i2-i30-0770,scene-0770,scene-0770:image:216
0.0,0.000512,0.001856,0.002394,0.001823,1.367338,0.0,,0.598249,0.096466,,1.139585,NVTX inference includes CUDA event synchronization,3124299005722471,0.420166,3.455579,5.977256000000001,1.9333370000000007,8.765313,0.120214,1.21315,1.405193,3.375025,1.130688,0.000512,0.00736,4.568259,1.664678,1.481994,10.229518,26.772351,0.426302,1.805278,25293639310,25228888491,217,64.750819,dino,False,9.185479,1.966078,i2-i30-0770,scene-0770,scene-0770:image:217
0.0,0.0,0.002048,0.002385,0.00174,1.37739,0.0,,0.461426,0.094339,,0.551059,NVTX inference includes CUDA event synchronization,3124299075720841,0.355908,3.372335,5.910064,1.4601490000000004,8.044543,0.112948,1.215944,0.98927,3.552595,1.061065,0.001088,0.007392,4.458688,1.657836,1.062039,10.182586,26.724679,0.424449,1.753083,25363638001,25300562368,218,63.075633,dino,False,8.400451,1.567059,i2-i30-0770,scene-0770,scene-0770:image:218
0.000306,0.0,0.002128,0.00234,0.001809,1.341795,0.0,,0.418258,0.09606,,0.557521,NVTX inference includes CUDA event synchronization,3124299145678865,0.319973,3.41569,5.722527,1.4555470000000001,7.822771,0.107617,1.216219,0.903026,3.372069,1.079402,0.000608,0.008256,4.398628,1.664865,0.976723,10.21019,26.713441,0.41579,1.709214,25433595841,25370740961,219,62.85488,dino,False,8.142744,1.507561,i2-i30-0770,scene-0770,scene-0770:image:219
0.0,0.0,0.00183,0.002312,0.001678,1.398178,0.0,,0.457016,0.096836,,0.525256,NVTX inference includes CUDA event synchronization,3124299247036470,0.344098,3.439371,6.089685000000001,1.4490890000000007,8.228693,0.112239,1.263201,0.997112,3.692675,1.049963,0.000992,0.00752,4.474282,1.667301,1.068473,10.0466,26.665699,0.429773,1.752632,25534953260,25472470775,220,62.482485,dino,False,8.572791,2.90203,i2-i30-0770,scene-0770,scene-0770:image:220
0.0,0.000512,0.002421,0.002468,0.001931,1.363361,0.0,,0.424265,0.096134,,0.529568,NVTX inference includes CUDA event synchronization,3124299316604271,0.317157,3.345432,5.970252,1.49242,8.073755,0.105821,1.257255,0.873732,3.529091,1.125073,0.000576,0.006944,4.357403,1.700843,0.945444,10.12021,26.896731,0.401939,1.696226,25604521457,25541801426,221,62.720031,dino,False,8.390912,1.494694,i2-i30-0770,scene-0770,scene-0770:image:221
0.0,0.000608,0.002447,0.00218,0.001808,1.366774,0.0,,0.503374,0.091449,,0.522597,NVTX inference includes CUDA event synchronization,3124299447924488,0.35591,11.707054,6.094118,1.501894,8.229445,0.125456,1.216631,1.212,3.444146,1.071436,0.003136,0.010656,4.637322,1.669435,1.282882,10.357783,26.716748,0.430707,2.404405,25735841442,25672663349,222,63.178093,dino,False,8.585355,2.649912,i2-i30-0770,scene-0770,scene-0770:image:222
0.00051,0.0,0.002195,0.002365,0.001883,1.347714,0.0,,0.405897,0.096514,,0.564443,NVTX inference includes CUDA event synchronization,3124299518566675,0.314947,3.402272,5.909181,1.457059,8.015755,0.104169,1.315798,0.872891,3.514182,1.058187,0.00064,0.007776,4.355548,1.765946,0.95062,10.188067,26.905183,0.403671,1.700324,25806483424,25742772409,223,63.711015,dino,False,8.330702,1.458562,i2-i30-0770,scene-0770,scene-0770:image:223
0.0,0.0,0.002561,0.002276,0.001798,1.32858,0.0,,0.406342,0.093172,,0.551205,NVTX inference includes CUDA event synchronization,3124299588322849,0.323235,3.35339,5.712240999999999,1.4258729999999993,7.774939999999999,0.107568,1.225146,0.872084,3.412676,1.047052,0.000544,0.007232,4.347401,1.673441,0.947892,10.191622,26.739598,0.400034,1.711591,25876239823,25813457761,224,62.782062,dino,False,8.098175,1.480815,i2-i30-0770,scene-0770,scene-0770:image:224
0.0,0.000544,0.002132,0.002364,0.001687,1.361619,0.000576,,0.535992,0.095622,,0.669162,NVTX inference includes CUDA event synchronization,3124299659431127,0.39498,3.444931,6.077603,1.5677070000000004,8.352321,0.119975,1.221336,1.180495,3.527375,1.120557,0.001216,0.00864,4.592714,1.665435,1.248241,10.178317,26.701251,0.43199,1.801643,25947348604,25883289694,225,64.05891,dino,False,8.747301,1.565506,i2-i30-0770,scene-0770,scene-0770:image:225
0.0,0.000512,0.002523,0.002359,0.002234,1.411349,0.0,,0.438417,0.101812,,0.533715,NVTX inference includes CUDA event synchronization,3124299746825566,0.325477,3.627593,6.423934,1.5035299999999996,8.591378,0.108109,1.351648,0.975466,3.923561,1.045869,0.001056,0.007616,4.465632,1.80586,1.047403,10.812407,26.683155,0.426938,1.767082,26034743607,25971243898,226,63.499709,dino,False,8.916855,1.541276,i2-i30-0770,scene-0770,scene-0770:image:226
0.0,0.0,0.002207,0.002929,0.001857,1.374181,0.000573,,0.443959,0.095986,,0.55003,NVTX inference includes CUDA event synchronization,3124299817883698,0.319077,3.561944,6.073726000000001,1.508845,8.226371,0.108668,1.238557,0.934705,3.570116,1.175981,0.000576,0.008,4.472668,1.686979,1.008305,10.217834,26.786418,0.41522,1.740519,26105801193,26042576246,227,63.224947,dino,False,8.545448,1.555405,i2-i30-0770,scene-0770,scene-0770:image:227
0.0,0.001056,0.001923,0.002844,0.001826,1.412217,0.0,,0.477132,0.100548,,0.52943,NVTX inference includes CUDA event synchronization,3124299947026039,0.346404,11.78218,6.323863000000001,1.4833470000000002,8.504435,0.122418,1.274495,1.193589,3.718223,1.050767,0.002592,0.005408,4.629739,1.677091,1.264279,10.084044,26.675016,0.416701,1.757715,26234943586,26172158220,228,62.785366,dino,False,8.850839,2.720511,i2-i30-0770,scene-0770,scene-0770:image:228
0.000474,0.000474,0.002685,0.002292,0.002304,1.397958,9.6e-05,,0.43204,0.096167,,0.534674,NVTX inference includes CUDA event synchronization,3124300017327336,0.32477,3.437971,6.119314999999999,1.5367059999999997,8.263708999999999,0.111006,1.276335,0.930692,3.586427,1.139121,0.000576,0.007616,4.455479,1.7229,1.001765,10.23735,26.948727,0.427639,1.748307,26305244402,26242114545,229,63.129857,dino,False,8.588479,1.534755,i2-i30-0770,scene-0770,scene-0770:image:229
0.0,0.000544,0.002515,0.002985,0.001847,1.328543,0.0,,0.414007,0.091377,,0.555403,NVTX inference includes CUDA event synchronization,3124300087492900,0.335396,3.424681,5.634843,1.4445110000000003,7.696668,0.10499,1.204073,0.872747,3.365568,1.033358,0.00064,0.006177,4.360009,1.657166,0.94942,10.245672,26.645249,0.396479,1.710976,26375410193,26312673206,230,62.736987,dino,False,8.032064,1.880273,i2-i30-0770,scene-0770,scene-0770:image:230
0.0,0.0,0.002758,0.002388,0.001794,1.428786,0.0,,0.412582,0.102118,,0.551098,NVTX inference includes CUDA event synchronization,3124300157993127,0.315364,3.396341,6.380058999999999,1.5728389999999992,8.566218999999998,0.103336,1.239737,0.871469,3.89473,1.190928,0.000544,0.008,4.355059,1.688734,0.944879,10.469363,26.919381,0.410178,1.696435,26445910481,26382401426,231,63.509055,dino,False,8.881583,1.477981,i2-i30-0770,scene-0770,scene-0770:image:231
0.0,7.4e-05,0.001946,0.002511,0.001862,1.340874,0.000608,0.113709,0.404163,0.100406,0.0,0.537976,NVTX inference includes CUDA event synchronization,3124322192670893,0.320164,3.598963,5.6983760000000006,1.4929080000000008,7.882341,0.087718,1.230589,0.742026,3.547299,1.095693,0.003488,0.002784,3.319148,1.675812,0.815146,10.263824,26.487921,0.320435,1.300797,7236849136,7174439339,1,62.409797,dino,False,8.202505,1.238582,i2-i30-0398,scene-0398,scene-0398:image:1
0.0,0.0,0.00238,0.003203,0.001789,1.301726,0.0,,0.416741,0.088489,,0.550914,NVTX inference includes CUDA event synchronization,3124322275047111,0.335522,3.768056,5.484703,1.4458000000000002,7.514423,0.091434,1.224174,0.822884,3.197897,1.060107,0.004128,0.003521,3.386432,1.67384,0.899173,9.989569,26.540477,0.3252,1.308757,7319225811,7256671385,2,62.554426,dino,False,7.849945,1.329765,i2-i30-0398,scene-0398,scene-0398:image:2
0.000431,0.0,0.002567,0.002627,0.002392,1.358922,0.000544,,0.397106,0.089139,,0.547652,NVTX inference includes CUDA event synchronization,3124322344139812,0.329604,3.617281,5.610844,1.4206469999999998,7.68262,0.089929,1.250028,0.758392,3.444734,1.040942,0.004032,0.00352,3.339468,1.690739,0.832249,10.021259,26.500782,0.325,1.302174,7388318661,7326044138,3,62.274523,dino,False,8.012224,1.237427,i2-i30-0398,scene-0398,scene-0398:image:3
0.0,0.0,0.002573,0.002277,0.001943,1.32859,0.0,,0.401933,0.090426,,0.531259,NVTX inference includes CUDA event synchronization,3124322424141480,0.326597,3.678629,5.622878,1.4431630000000002,7.655282,0.089092,1.205733,0.784907,3.397052,1.052556,0.00496,0.004416,3.333174,1.652392,0.856588,9.988686,26.587608,0.32494,1.318112,7468319646,7406221451,4,62.098195,dino,False,7.981879,1.2763,i2-i30-0398,scene-0398,scene-0398:image:4
0.0,0.000576,0.002134,0.002536,0.001706,1.352626,0.000404,,0.514474,0.08947,,0.542005,NVTX inference includes CUDA event synchronization,3124322538064801,0.376707,13.059104,6.051612,1.4658570000000006,8.180836000000001,0.142356,1.187849,1.258943,3.437693,1.057068,0.0016,0.006177,4.625122,1.614991,1.329759,10.026656,26.624407,0.413191,1.738312,7582242732,7519738440,5,62.504292,dino,False,8.557543,2.990966,i2-i30-0398,scene-0398,scene-0398:image:5
0.0,0.0006,0.002381,0.002279,0.001919,1.337494,0.0,,0.441164,0.093727,,0.549641,NVTX inference includes CUDA event synchronization,3124322610698300,0.340102,3.64973,5.869301,1.461887,7.958404,0.106991,1.290972,0.918884,3.47365,1.037482,0.000512,0.008128,4.336669,1.73888,0.991685,10.300684,26.652575,0.410432,1.737227,7654876798,7591930831,6,62.945967,dino,False,8.298506,1.489633,i2-i30-0398,scene-0398,scene-0398:image:6
0.0,0.0,0.002777,0.00227,0.001823,1.356515,0.0,,0.422534,0.095902,,0.541627,NVTX inference includes CUDA event synchronization,3124322681041880,0.331779,3.587771,5.946159999999999,1.477874,8.037829,0.103506,1.241237,0.867159,3.621389,1.049867,0.00064,0.007936,4.256822,1.67494,0.942264,10.189239,26.747097,0.402858,1.706247,7725220231,7661869557,7,63.350674,dino,False,8.369608,1.45275,i2-i30-0398,scene-0398,scene-0398:image:7
0.0,0.0,0.002428,0.002328,0.001943,1.372,0.0,,0.443068,0.095616,,0.541564,NVTX inference includes CUDA event synchronization,3124322777800900,0.330149,5.599075,6.159082,1.5019109999999998,8.28788,0.109276,1.241318,0.953674,3.719567,1.083531,0.001056,0.007696,4.411723,1.677613,1.024939,10.478578,26.504876,0.417075,1.753642,7821979317,7759280012,8,62.699305,dino,False,8.618029,1.642,i2-i30-0398,scene-0398,scene-0398:image:8
0.0,0.000608,0.002023,0.002288,0.001721,1.335731,0.0,,0.437544,0.094031,,0.523318,NVTX inference includes CUDA event synchronization,3124322847501392,0.337987,3.594947,5.826116000000001,1.4417780000000002,7.8853930000000005,0.106686,1.216212,0.905113,3.488969,1.055822,0.000608,0.008192,4.32024,1.66457,0.978746,10.188484,26.562958,0.413336,1.733934,7891679494,7829140143,9,62.539351,dino,False,8.22338,1.504968,i2-i30-0398,scene-0398,scene-0398:image:9
0.0,0.000544,0.002593,0.002271,0.001804,1.339798,0.0,,0.450688,0.1011,,0.56736,NVTX inference includes CUDA event synchronization,3124322924742068,0.342758,3.687858,5.8925,1.5002120000000003,8.0159,0.108071,1.201129,0.932835,3.554765,1.053134,0.000608,0.007904,4.330526,1.644686,1.004516,10.124533,26.55373,0.415003,1.725623,7968920611,7906420932,10,62.499679,dino,False,8.358658,1.513514,i2-i30-0398,scene-0398,scene-0398:image:10
0.0,0.0,0.002687,0.002388,0.001814,1.339052,0.0,,0.452236,0.09439,,0.555636,NVTX inference includes CUDA event synchronization,3124323031913771,0.342244,7.971495,5.814951000000001,1.4603229999999998,7.92091,0.106587,1.203795,1.007606,3.411679,1.067052,0.000608,0.005504,4.381904,1.651573,1.079159,10.203822,26.705516,0.41729,1.794758,8076092050,8013242269,11,62.849781,dino,False,8.263154,2.047422,i2-i30-0398,scene-0398,scene-0398:image:11
0.0,0.0,0.0026,0.002356,0.001812,1.349673,0.0,,0.443927,0.093596,,0.557982,NVTX inference includes CUDA event synchronization,3124323111072779,0.337123,3.628336,5.918987000000001,1.458972000000001,8.03381,0.107574,1.315366,0.954785,3.488207,1.038093,0.000576,0.00736,4.339593,1.761263,1.03085,10.294095,26.538779,0.414099,1.750505,8155250753,8091969985,12,63.280768,dino,False,8.370933,1.544462,i2-i30-0398,scene-0398,scene-0398:image:12
0.0,0.000278,0.002232,0.002195,0.001826,1.357545,0.0,,0.440402,0.094447,,0.560045,NVTX inference includes CUDA event synchronization,3124323181060173,0.339429,3.634966,5.941166,1.5052750000000001,8.060707,0.106585,1.235213,0.928089,3.572161,1.044237,0.000576,0.008,4.350396,1.661427,0.999002,10.149212,26.620712,0.421109,1.723703,8225238742,8162525101,13,62.713641,dino,False,8.400136,1.514583,i2-i30-0398,scene-0398,scene-0398:image:13
0.0,0.0,0.002461,0.002865,0.001875,1.410112,0.0,,0.436773,0.097024,,0.549672,NVTX inference includes CUDA event synchronization,3124323278545347,0.333539,5.859772,6.179678,1.4734569999999998,8.346921,0.104439,1.267712,0.933807,3.83905,1.053867,0.000544,0.007584,4.345124,1.670339,1.004303,10.183258,26.651365,0.414023,1.730111,8322724115,8260253483,14,62.470632,dino,False,8.68046,1.652286,i2-i30-0398,scene-0398,scene-0398:image:14
0.0,0.001056,0.002378,0.002316,0.001789,1.404234,0.0,,0.460138,0.097392,,0.537458,NVTX inference includes CUDA event synchronization,3124323349129428,0.341126,3.60554,6.3011740000000005,1.5476770000000002,8.466809000000001,0.105905,1.257084,0.932694,3.792179,1.164972,0.000608,0.006816,4.353489,1.704862,1.003447,10.474325,27.039941,0.42251,1.766109,8393307596,8330026445,15,63.281151,dino,False,8.807935,1.4841,i2-i30-0398,scene-0398,scene-0398:image:15
0.000665,0.000576,0.002164,0.002862,0.001709,1.416224,0.0,,0.427902,0.093525,,0.550728,NVTX inference includes CUDA event synchronization,3124323425127216,0.341701,3.652092,5.94304,1.5147429999999993,8.097693999999999,0.090972,1.293917,0.824408,3.573296,1.133355,0.003328,0.005376,3.428613,1.742242,0.896377,10.126284,26.622413,0.333629,1.344493,8469305374,8406738206,16,62.567168,dino,False,8.439395,1.687661,i2-i30-0398,scene-0398,scene-0398:image:16
0.0,0.0,0.00252,0.002311,0.001879,1.338883,0.0,,0.413736,0.089991,,0.543658,NVTX inference includes CUDA event synchronization,3124323524893069,0.339234,3.719431,5.908741000000001,1.461506,7.962485,0.094284,1.273972,0.845205,3.537843,1.080109,0.002208,0.006592,3.458662,1.693465,0.915958,10.039432,26.573914,0.331073,1.363871,8569071558,8506912690,17,62.158868,dino,False,8.301719,1.734012,i2-i30-0398,scene-0398,scene-0398:image:17
0.0,0.001221,0.002332,0.002205,0.001894,1.322418,0.000544,,0.425288,0.093363,,0.553844,NVTX inference includes CUDA event synchronization,3124323610430714,0.346818,3.809419,5.8552979999999994,1.457884,7.911589,0.094857,1.302343,0.847517,3.472304,1.075054,0.003424,0.005024,3.44842,1.749518,0.921086,10.227274,26.721686,0.334643,1.308478,8654608850,8591920363,18,62.688487,dino,False,8.258407,1.763727,i2-i30-0398,scene-0398,scene-0398:image:18
0.000181,0.000495,0.003216,0.002473,0.002824,1.394595,0.000576,,0.41326,0.098666,,0.544781,NVTX inference includes CUDA event synchronization,3124323775138558,0.325251,3.729113,6.2826070000000005,1.4773930000000002,8.418423,0.097067,1.34775,0.826777,3.887411,1.099532,0.002816,0.004928,3.450767,1.754925,0.898009,10.25332,26.586443,0.33691,1.313361,8819317099,8756915286,20,62.401813,dino,False,8.743674,1.749969,i2-i30-0398,scene-0398,scene-0398:image:20
0.0,0.000576,0.002837,0.002364,0.001842,1.359376,0.0,,0.409609,0.096354,,0.541355,NVTX inference includes CUDA event synchronization,3124323845312990,0.33002,3.601808,5.9444420000000004,1.5036880000000004,8.028735000000001,0.092125,1.227231,0.798268,3.600343,1.128363,0.004449,0.004288,3.390004,1.675205,0.870493,10.190552,26.713631,0.326329,1.311206,8889491338,8826841033,21,62.650305,dino,False,8.358755,1.675465,i2-i30-0398,scene-0398,scene-0398:image:21
0.000165,0.0,0.002164,0.002259,0.001724,1.344561,0.0,,0.418504,0.097813,,0.539518,NVTX inference includes CUDA event synchronization,3124323925058563,0.326212,3.749846,5.8654530000000005,1.4680850000000003,7.945949000000001,0.091784,1.272782,0.829923,3.509225,1.09089,0.004448,0.005024,3.409534,1.719569,0.901828,10.085487,26.626812,0.33917,1.331634,8969236827,8906775350,22,62.461477,dino,False,8.272161,1.70904,i2-i30-0398,scene-0398,scene-0398:image:22
0.000292,0.0,0.002167,0.002201,0.001865,1.39007,0.0,,0.415982,0.094781,,0.541648,NVTX inference includes CUDA event synchronization,3124324025238856,0.322788,3.731431,6.173331999999999,1.541878999999999,8.29955,0.095716,1.289161,0.820801,3.650865,1.216108,0.002176,0.005632,3.450642,1.705262,0.892002,10.10203,26.691251,0.331925,1.337758,9069417084,9006967232,23,62.449852,dino,False,8.622338,1.780164,i2-i30-0398,scene-0398,scene-0398:image:23
0.0003,0.0,0.002577,0.002412,0.001741,1.330737,0.00112,,0.413066,0.090408,,0.533972,NVTX inference includes CUDA event synchronization,3124324110328485,0.329796,3.715165,5.949044,1.4748539999999997,7.995581,0.094329,1.284279,0.830332,3.543265,1.090414,0.00272,0.005184,3.444703,1.733694,0.903037,10.35143,26.781933,0.332221,1.313551,9154506431,9091789596,24,62.716835,dino,False,8.325377,1.709108,i2-i30-0398,scene-0398,scene-0398:image:24
0.0,0.0,0.003502,0.002186,0.00193,1.316889,0.0,,0.38324,0.131259,,0.532426,NVTX inference includes CUDA event synchronization,3124324180103282,0.318723,3.630913,5.553336,1.407419,7.606045,0.100904,1.210782,0.755246,3.393093,1.05054,0.000576,0.006208,5.736524,1.639559,0.828111,9.99049,26.542116,0.328407,1.322601,9224281463,9162034389,25,62.247074,dino,False,7.924768,1.65878,i2-i30-0398,scene-0398,scene-0398:image:25
0.000338,0.0,0.002675,0.002417,0.001863,1.32281,0.000608,,0.406433,0.089677,,0.545644,NVTX inference includes CUDA event synchronization,3124324279134517,0.329124,6.228684,5.6209,1.4425929999999996,7.664241,0.095867,1.251231,0.836366,3.305474,1.05297,0.003808,0.005056,3.410695,1.691714,0.908047,10.089736,26.589321,0.332469,1.319141,9323313350,9260994693,26,62.318657,dino,False,7.993365,1.940645,i2-i30-0398,scene-0398,scene-0398:image:26
0.00039,0.0,0.002262,0.002303,0.001807,1.321974,0.000544,,0.406855,0.094725,,0.611953,NVTX inference includes CUDA event synchronization,3124324350522545,0.334052,3.730848,5.775168999999999,1.4658539999999993,7.883929999999999,0.106508,1.220327,0.910929,3.452783,1.053837,0.002272,0.005472,3.585433,1.666441,0.979314,10.241283,26.569538,0.337478,1.448051,9394700773,9331072670,27,63.628103,dino,False,8.217982,1.773655,i2-i30-0398,scene-0398,scene-0398:image:27
0.0,0.0,0.002061,0.002307,0.001793,1.306133,0.0,,0.408966,0.092157,,0.561897,NVTX inference includes CUDA event synchronization,3124324424892813,0.330788,3.811568,5.617991,1.452128,7.662517,0.09353,1.236859,0.830326,3.297184,1.074382,0.003264,0.005632,3.443945,1.686271,0.902167,9.919266,26.572305,0.334107,1.342548,9469071182,9406829238,28,62.241944,dino,False,7.993305,1.700657,i2-i30-0398,scene-0398,scene-0398:image:28
0.0,0.0,0.002737,0.002306,0.002198,1.288175,0.0,,0.425998,0.089757,,0.545225,NVTX inference includes CUDA event synchronization,3124324530571828,0.345829,7.377456,5.470188,1.4118060000000003,7.480755,0.095453,1.168156,0.878683,3.191192,1.072174,0.002208,0.006912,3.462112,1.616513,0.949851,10.045109,26.608128,0.332116,1.379731,9574749837,9512514009,29,62.235828,dino,False,7.826584,2.106725,i2-i30-0398,scene-0398,scene-0398:image:29
0.0,0.001024,0.002434,0.002322,0.002193,1.303444,0.0,,0.406011,0.096792,,0.539358,NVTX inference includes CUDA event synchronization,3124324608826997,0.325318,3.680001,5.695513999999999,1.4376470000000001,7.723774,0.095351,1.358229,0.807077,3.287801,1.053963,0.004512,0.004512,3.385888,1.804344,0.880902,9.986862,26.555137,0.330441,1.32657,9653005218,9590721055,30,62.284163,dino,False,8.049092,1.707196,i2-i30-0398,scene-0398,scene-0398:image:30
0.000425,0.000544,0.002175,0.002782,0.001809,1.303118,0.000576,,0.398888,0.089662,,0.563967,NVTX inference includes CUDA event synchronization,3124324678406690,0.322179,3.621457,5.610211,1.4784410000000001,7.651978,0.087454,1.196395,0.750147,3.366282,1.088814,0.003264,0.00336,3.312724,1.628435,0.825444,9.980758,26.670944,0.322387,1.297556,9722585318,9660222493,31,62.362825,dino,False,7.974157,1.676408,i2-i30-0398,scene-0398,scene-0398:image:31
3e-06,0.00143,0.002394,0.002366,0.002083,1.38007,0.000484,,0.408727,0.096817,,0.551487,NVTX inference includes CUDA event synchronization,3124324779395557,0.328581,6.394361,6.101553,1.4912459999999994,8.218833,0.092229,1.24856,0.827005,3.78078,1.09953,0.00336,0.004704,3.43282,1.672662,0.898654,10.328463,26.63629,0.329046,1.311468,9823573966,9760947639,32,62.626327,dino,False,8.547414,1.962429,i2-i30-0398,scene-0398,scene-0398:image:32
0.000568,0.00064,0.002248,0.002945,0.001658,1.3216,0.001184,,0.394304,0.09447,,0.554992,NVTX inference includes CUDA event synchronization,3124324849285971,0.32487,3.648413,5.575647,1.4360990000000005,7.625386000000001,0.089819,1.206809,0.767248,3.387229,1.053868,0.004064,0.00512,3.450788,1.656447,0.84024,10.18223,26.633829,0.337684,1.342752,9893464760,9830941280,33,62.52348,dino,False,7.950256,1.65457,i2-i30-0398,scene-0398,scene-0398:image:33
0.0,0.0,0.002064,0.002246,0.001793,1.355927,0.0,,0.408094,0.096662,,0.549754,NVTX inference includes CUDA event synchronization,3124324924984279,0.329891,3.690549,5.771503000000001,1.4952210000000008,7.8581520000000005,0.09155,1.245198,0.809283,3.452059,1.08686,0.003488,0.004384,3.35832,1.691378,0.882404,10.038109,26.603213,0.326143,1.316641,9969162602,9906572162,34,62.59044,dino,False,8.188043,1.702657,i2-i30-0398,scene-0398,scene-0398:image:34
0.0,0.0,0.002243,0.00269,0.001742,1.3633,0.0,,0.472795,0.094845,,0.516349,NVTX inference includes CUDA event synchronization,3124325074313490,0.360898,11.686274,6.208623,1.4732210000000006,8.301689,0.116173,1.284572,1.138927,3.593616,1.048622,0.000992,0.006464,3.824266,1.686941,1.209519,9.930787,26.529491,0.339392,1.337523,10118491634,10056246720,35,62.244914,dino,False,8.662587,3.513723,i2-i30-0398,scene-0398,scene-0398:image:35
0.0,0.0,0.002665,0.002398,0.002145,1.35057,0.0,,0.396317,0.095062,,0.525538,NVTX inference includes CUDA event synchronization,3124325144182045,0.323075,3.607673,6.202808999999999,1.433413999999999,8.254429,0.086696,1.640842,0.760276,3.568105,1.078635,0.004576,0.00496,3.318517,2.084111,0.831829,10.138474,26.571116,0.322179,1.291145,10188360047,10125848040,36,62.512007,dino,False,8.577504,1.659485,i2-i30-0398,scene-0398,scene-0398:image:36
0.0,0.0,0.002818,0.002445,0.001768,1.318304,0.0,,0.383801,0.089293,,0.54931,NVTX inference includes CUDA event synchronization,3124325213992480,0.320098,3.637494,5.556995000000001,1.4304970000000008,7.584636000000001,0.087917,1.188596,0.750748,3.376864,1.062032,0.002784,0.005296,3.291509,1.635,0.825437,10.186665,26.632279,0.344657,1.354955,10258170636,10195718763,37,62.451873,dino,False,7.904734,1.66164,i2-i30-0398,scene-0398,scene-0398:image:37
0.0,0.0,0.002189,0.002746,0.001902,1.283219,0.0,,0.380633,0.08661,,0.559346,NVTX inference includes CUDA event synchronization,3124325283754472,0.314435,3.649757,5.723163000000001,1.434603000000001,7.725373000000001,0.086734,1.194904,0.727917,3.482389,1.105837,0.002848,0.004576,3.362583,1.637534,0.801102,10.022066,26.576698,0.325439,1.28598,10327933362,10265491655,38,62.441707,dino,False,8.039808,1.683849,i2-i30-0398,scene-0398,scene-0398:image:38
0.0,0.0,0.002936,0.002196,0.001712,1.388559,0.0,,0.405195,0.091795,,0.545592,NVTX inference includes CUDA event synchronization,3124325353865509,0.347974,3.684746,5.736913000000001,1.514241000000001,7.826924000000001,0.095862,1.210856,0.807689,3.505117,1.031469,0.005344,0.00432,3.377738,1.657584,0.882954,10.26523,26.547973,0.335945,1.312697,10398043848,10335456973,39,62.586875,dino,False,8.174898,1.740997,i2-i30-0398,scene-0398,scene-0398:image:39
0.0,0.0,0.002146,0.00226,0.001737,1.333216,0.0,,0.388081,0.095146,,0.555166,NVTX inference includes CUDA event synchronization,3124325427053695,0.320867,3.682438,5.802665999999999,1.4479889999999997,7.859551,0.097254,1.220354,0.822029,3.520044,1.062892,0.002976,0.00688,3.550162,1.666119,0.895854,10.172104,26.60456,0.343274,1.335495,10471231967,10408666391,40,62.565576,dino,False,8.180418,3.717735,i2-i30-0398,scene-0398,scene-0398:image:40
0.000332,0.0,0.002085,0.002666,0.001739,1.353641,0.00048,,0.431833,0.093698,,0.538409,NVTX inference includes CUDA event synchronization,3124325574694452,0.335811,13.188501,6.069841,1.45362,8.158913,0.103435,1.276671,0.975608,3.609954,1.067116,0.002752,0.005568,3.569917,1.67908,1.046425,9.960933,26.557721,0.338414,1.320034,10618873307,10556753942,41,62.119365,dino,False,8.494724,3.028272,i2-i30-0398,scene-0398,scene-0398:image:41
0.0,0.0,0.002283,0.002123,0.001749,1.363153,0.0,,0.397176,0.101441,,0.547117,NVTX inference includes CUDA event synchronization,3124325644739551,0.317827,3.582069,5.956842,1.4972129999999995,8.054057,0.088109,1.319146,0.738817,3.595529,1.12379,0.004576,0.004704,3.36294,1.767692,0.810626,10.187964,26.760007,0.326131,1.308934,10688917814,10626069925,42,62.847889,dino,False,8.371884,1.597224,i2-i30-0398,scene-0398,scene-0398:image:42
0.0,0.0,0.002229,0.002702,0.001736,1.316574,0.0,,0.387002,0.094337,,0.557614,NVTX inference includes CUDA event synchronization,3124325714719915,0.32413,3.63485,5.616315999999999,1.4450839999999996,7.65438,0.09338,1.218916,0.74495,3.401444,1.067568,0.002944,0.004224,3.321567,1.66529,0.820535,10.171192,26.649816,0.341895,1.361189,10758898681,10696320066,43,62.578615,dino,False,7.97851,1.665078,i2-i30-0398,scene-0398,scene-0398:image:43
0.0,0.0,0.002083,0.002214,0.001746,1.366915,0.0,,0.421172,0.094581,,0.540312,NVTX inference includes CUDA event synchronization,3124325785015776,0.318469,3.609532,6.036634,1.556203,8.147188,0.09134,1.249047,0.78279,3.643115,1.135851,0.003183,0.004128,3.396453,1.696924,0.855367,10.150058,26.701823,0.327926,1.311374,10829194173,10766328571,44,62.865602,dino,False,8.465657,1.644211,i2-i30-0398,scene-0398,scene-0398:image:44
0.0,0.0,0.002743,0.002121,0.001886,1.313419,0.000544,,0.399869,0.097512,,0.562317,NVTX inference includes CUDA event synchronization,3124325855129523,0.335556,3.693949,5.605235,1.4398749999999998,7.65009,0.092412,1.210172,0.799604,3.396075,1.037194,0.005504,0.00481,3.400611,1.653411,0.875349,10.133813,26.646699,0.334548,1.306512,10899307588,10836795664,45,62.511924,dino,False,7.985646,1.721353,i2-i30-0398,scene-0398,scene-0398:image:45
0.0,0.000608,0.002035,0.003184,0.001621,1.332836,0.0,,0.412421,0.091345,,0.537796,NVTX inference includes CUDA event synchronization,3124325925180719,0.330499,3.674571,5.669722,1.4487319999999997,7.721069,0.092562,1.256674,0.794525,3.386051,1.06334,0.00512,0.004564,3.374154,1.70292,0.868094,10.003644,26.653591,0.330109,1.311292,10969358796,10906867931,46,62.490865,dino,False,8.051568,1.690235,i2-i30-0398,scene-0398,scene-0398:image:46
0.0,0.0,0.002331,0.002258,0.00184,1.398558,0.0,,0.474053,0.091722,,0.516459,NVTX inference includes CUDA event synchronization,3124326060095643,0.36567,3.776764,6.178846999999999,1.522867999999999,8.300398,0.102356,1.254508,0.922769,3.690371,1.166732,0.000544,0.00592,3.659815,1.657268,0.99429,10.013239,26.766063,0.35779,1.378816,11104274127,11041914706,47,62.359421,dino,False,8.666068,1.752697,i2-i30-0398,scene-0398,scene-0398:image:47
0.0,0.0,0.003105,0.002138,0.001868,1.326849,0.0,,0.398436,0.094753,,0.521617,NVTX inference includes CUDA event synchronization,3124326130975564,0.320738,3.601336,5.692086,1.4286889999999994,7.720113999999999,0.096743,1.276875,0.80749,3.357411,1.065548,0.00272,0.005376,3.468731,1.727185,0.878531,10.211331,26.643447,0.339743,1.335712,11175153449,11112807661,48,62.345788,dino,False,8.040852,2.757749,i2-i30-0398,scene-0398,scene-0398:image:48
0.0,0.0,0.002667,0.00222,0.001756,1.35249,0.000403,,0.381844,0.09924,,0.555762,NVTX inference includes CUDA event synchronization,3124326201196286,0.321221,3.606704,5.837765,1.4343339999999998,7.912926000000001,0.094482,1.225372,0.774296,3.556979,1.13838,0.005216,0.005088,3.491296,1.659424,0.847993,10.149741,26.759515,0.335658,1.347878,11245374307,11182663962,49,62.710345,dino,False,8.234147,1.85183,i2-i30-0398,scene-0398,scene-0398:image:49
0.000233,0.0,0.002911,0.00236,0.002194,1.323258,0.0,,0.403008,0.093519,,0.556695,NVTX inference includes CUDA event synchronization,3124326274884813,0.325541,3.70624,5.644174999999999,1.4648179999999993,7.702811999999999,0.095093,1.252168,0.777789,3.370088,1.061645,0.00336,0.003392,3.345083,1.698218,0.851933,10.164081,26.583619,0.328728,1.297154,11319063024,11256659279,50,62.403745,dino,False,8.028353,1.533313,i2-i30-0398,scene-0398,scene-0398:image:50
0.0,0.0,0.002307,0.002355,0.001912,1.35893,0.0,,0.390393,0.094945,,0.539557,NVTX inference includes CUDA event synchronization,3124326344667053,0.309346,3.578751,5.839525,1.4411580000000006,7.920578000000001,0.089253,1.379998,0.754287,3.487457,1.068107,0.004544,0.00512,3.343136,1.828898,0.82792,10.102826,26.637914,0.326844,1.336652,11388845213,11326244054,51,62.601159,dino,False,8.229924,1.437693,i2-i30-0398,scene-0398,scene-0398:image:51
0.0,0.000131,0.002819,0.002217,0.001862,1.320765,0.0,,0.396084,0.097097,,0.545075,NVTX inference includes CUDA event synchronization,3124326424895501,0.307108,3.81433,5.789943000000001,1.4630310000000009,7.848885,0.0946,1.256007,0.785208,3.494606,1.053004,0.004449,0.005088,3.391749,1.702252,0.857625,10.106634,26.608664,0.329218,1.311192,11469073353,11406711559,52,62.361794,dino,False,8.155993,1.519546,i2-i30-0398,scene-0398,scene-0398:image:52
0.0,0.0,0.002263,0.002368,0.001683,1.331519,0.0,,0.460045,0.087613,,0.532593,NVTX inference includes CUDA event synchronization,3124326574170746,0.353476,12.078304,5.867179,1.5207970000000008,7.931787000000001,0.112798,1.227091,1.012765,3.318423,1.084653,0.002848,0.005888,3.50447,1.678553,1.083613,10.155609,26.626377,0.348212,1.333833,11618349040,11555806808,53,62.542232,dino,False,8.285263,2.308691,i2-i30-0398,scene-0398,scene-0398:image:53
0.000398,0.0,0.002282,0.002389,0.00188,1.397863,0.000293,,0.409269,0.096491,,0.554927,NVTX inference includes CUDA event synchronization,3124326644126736,0.316546,3.58464,5.951696999999999,1.4992849999999995,8.100943,0.093049,1.321797,0.754131,3.631648,1.109451,0.005312,0.002816,3.351908,1.76705,0.828276,10.258866,26.637483,0.33035,1.288921,11688305310,11625469572,54,62.835738,dino,False,8.417489,1.473054,i2-i30-0398,scene-0398,scene-0398:image:54
0.0,0.000544,0.00281,0.002293,0.001799,1.345537,0.001184,,0.396541,0.092453,,0.55712,NVTX inference includes CUDA event synchronization,3124326714383029,0.329155,3.664495,5.765992000000001,1.4437300000000004,7.837118,0.090594,1.239714,0.779529,3.52146,1.082478,0.003584,0.005184,3.335405,1.686151,0.854474,10.356165,26.646015,0.347525,1.371007,11758561042,11695741136,55,62.819906,dino,False,8.166273,1.602997,i2-i30-0398,scene-0398,scene-0398:image:55
0.000437,0.00064,0.002615,0.00236,0.001795,1.405392,0.0,,0.434246,0.102007,,0.532288,NVTX inference includes CUDA event synchronization,3124326785767309,0.338243,3.761598,6.582483,1.6231670000000005,8.72602,0.102307,1.246924,0.840693,3.943767,1.298861,0.002336,0.006208,3.601275,1.692945,0.91327,10.444605,26.875279,0.347245,1.389808,11829945993,11766466649,56,63.479344,dino,False,9.064263,1.63657,i2-i30-0398,scene-0398,scene-0398:image:56
0.0,0.0,0.001855,0.002266,0.001761,1.317963,0.0,,0.423272,0.088916,,0.545754,NVTX inference includes CUDA event synchronization,3124326859107276,0.328964,3.6768,5.7527669999999995,1.4438449999999996,7.80559,0.103573,1.212226,0.92619,3.397538,1.044109,0.000544,0.006529,3.766879,1.643467,0.997647,9.992696,26.559305,0.341878,1.362779,11903285613,11840914604,57,62.371009,dino,False,8.134554,5.250436,i2-i30-0398,scene-0398,scene-0398:image:57
6e-06,0.0,0.002015,0.002172,0.001967,1.305956,0.0,,0.395859,0.0913,,0.549989,NVTX inference includes CUDA event synchronization,3124327038536616,0.321032,3.663218,5.5533470000000005,1.443772,7.5815790000000005,0.092949,1.195894,0.760321,3.314269,1.085518,0.004736,0.005152,3.329451,1.626748,0.832353,9.882718,26.619776,0.32851,1.313528,12082715034,12020568837,59,62.146197,dino,False,7.902611,1.659349,i2-i30-0398,scene-0398,scene-0398:image:59
0.0,0.00064,0.002675,0.002081,0.001754,1.332093,0.0,,0.405379,0.093593,,0.546065,NVTX inference includes CUDA event synchronization,3124327108505011,0.328836,3.63166,5.898764,1.5092880000000006,7.954208,0.092176,1.357828,0.791081,3.434321,1.088622,0.004448,0.00528,3.444674,1.80324,0.865258,10.122455,26.5786,0.339541,1.336176,12152682799,12090040233,60,62.642566,dino,False,8.283044,1.764146,i2-i30-0398,scene-0398,scene-0398:image:60
0.0,0.0,0.002023,0.002425,0.001725,1.331242,0.0,,0.377236,0.089462,,0.545165,NVTX inference includes CUDA event synchronization,3124327178138759,0.315331,3.677507,5.737753,1.436763,7.7717,0.090584,1.216173,0.744116,3.539225,1.050794,0.004992,0.004384,3.341726,1.621011,0.820917,9.889591,26.747395,0.322016,1.301341,12222316912,12160108760,61,62.208152,dino,False,8.087031,1.682612,i2-i30-0398,scene-0398,scene-0398:image:61
0.0,0.00112,0.002161,0.002247,0.001819,1.341895,0.0,,0.40054,0.090832,,0.540676,NVTX inference includes CUDA event synchronization,3124327361935334,0.334021,3.714147,5.827482,1.4820079999999995,7.874751,0.095409,1.202444,0.810543,3.557492,1.051436,0.004416,0.005024,3.377624,1.645265,0.882864,10.144543,26.807705,0.339668,1.31775,12406113480,12343597365,63,62.516115,dino,False,8.208772,1.696428,i2-i30-0398,scene-0398,scene-0398:image:63
0.0,0.0,0.002105,0.002316,0.001901,1.29474,0.0,,0.370763,0.086847,,0.543404,NVTX inference includes CUDA event synchronization,3124327432190862,0.321125,3.671859,5.615375,1.4427969999999997,7.5963259999999995,0.08896,1.190472,0.710173,3.405199,1.072586,0.003104,0.00416,3.318024,1.626222,0.788094,10.095757,26.791451,0.322838,1.337226,12476369330,12413392949,64,62.976381,dino,False,7.917451,1.637395,i2-i30-0398,scene-0398,scene-0398:image:64
4.1e-05,0.000103,0.002043,0.002925,0.001583,1.348485,0.0,,0.391446,0.132345,,0.546466,NVTX inference includes CUDA event synchronization,3124327526850939,0.324291,5.114536,5.812365,1.4442830000000004,7.913511000000001,0.092829,1.220392,0.796927,3.615359,1.059276,0.003328,0.005408,3.417075,1.630542,0.868319,10.006753,26.661561,0.334338,1.331433,12571030008,12508967080,65,62.062928,dino,False,8.237802,1.783254,i2-i30-0398,scene-0398,scene-0398:image:65
0.000171,0.0,0.002221,0.002412,0.001869,1.330712,0.0,,0.3827,0.094005,,0.550784,NVTX inference includes CUDA event synchronization,3124327596672496,0.317733,3.600888,5.748576,1.4403709999999998,7.795717000000001,0.088289,1.34833,0.724024,3.422248,1.08398,0.003264,0.002944,3.287781,1.783537,0.796793,10.077774,26.661942,0.322106,1.288156,12640850652,12578328233,66,62.522419,dino,False,8.11345,1.705133,i2-i30-0398,scene-0398,scene-0398:image:66
0.0,0.00112,0.002773,0.002213,0.001858,1.346126,0.0,,0.419788,0.094016,,0.543928,NVTX inference includes CUDA event synchronization,3124327675300288,0.33293,3.871733,5.737519,1.5063019999999998,7.8164109999999996,0.094886,1.26496,0.817103,3.353154,1.10356,0.00384,0.005536,3.435886,1.700389,0.89048,10.060744,26.653817,0.333468,1.337594,12719478427,12657077781,67,62.400646,dino,False,8.149341,1.728525,i2-i30-0398,scene-0398,scene-0398:image:67
0.0,0.001036,0.002067,0.002777,0.001826,1.365525,0.000122,,0.412974,0.091345,,0.533034,NVTX inference includes CUDA event synchronization,3124327781282654,0.326726,7.597598,5.998022000000001,1.5294869999999996,8.082002,0.092163,1.229542,0.855941,3.64251,1.049677,0.004448,0.00496,3.37873,1.673384,0.927142,10.390082,26.550372,0.332633,1.378617,12825461516,12762752427,68,62.709089,dino,False,8.408728,1.922212,i2-i30-0398,scene-0398,scene-0398:image:68
0.0,0.0,0.002702,0.002324,0.001856,1.339723,0.000724,,0.405331,0.096413,,0.539196,NVTX inference includes CUDA event synchronization,3124327862244850,0.327811,3.666051,5.867546,1.4520369999999998,7.9280040000000005,0.092479,1.235856,0.820855,3.590608,1.055244,0.004352,0.004384,3.383897,1.654802,0.892152,10.124982,26.641036,0.333216,1.303829,12906423032,12844033480,69,62.389552,dino,False,8.255815,1.719294,i2-i30-0398,scene-0398,scene-0398:image:69
0.0,0.0,0.002353,0.002843,0.001908,1.317664,0.0,,0.381931,0.090887,,0.564153,NVTX inference includes CUDA event synchronization,3124327932357549,0.322566,3.626581,5.587081,1.4354660000000008,7.626254,0.089562,1.193628,0.744539,3.360397,1.117996,0.005056,0.002176,3.327019,1.642942,0.81798,10.173583,26.780627,0.346414,1.299211,12976536410,12913836928,70,62.699482,dino,False,7.94882,1.639376,i2-i30-0398,scene-0398,scene-0398:image:70
0.0,0.0,0.002481,0.002335,0.001838,1.424068,0.000588,,0.535067,0.095614,,0.51999,NVTX inference includes CUDA event synchronization,3124328034424612,0.369571,8.264861,6.537347,1.5719029999999998,8.749756999999999,0.145775,1.206301,1.458983,3.677567,1.050735,0.001056,0.007008,4.768362,1.65783,1.530121,10.520282,26.638282,0.420455,1.755767,13078603250,13015000226,71,63.603024,dino,False,9.119328,3.641538,i2-i30-0398,scene-0398,scene-0398:image:71
0.0,0.0,0.002063,0.002256,0.001771,1.349766,0.000161,,0.395962,0.094797,,0.546306,NVTX inference includes CUDA event synchronization,3124328104397685,0.30538,3.599739,5.974899000000001,1.4198630000000003,8.062601,0.112774,1.324045,0.849448,3.5748,1.078603,0.000512,0.007936,4.387415,1.76853,0.923497,10.204628,26.603509,0.410398,1.716564,13148575541,13085775355,72,62.800186,dino,False,8.367981,1.462891,i2-i30-0398,scene-0398,scene-0398:image:72
0.0,0.00128,0.002295,0.002747,0.001701,1.360289,0.0,,0.408197,0.101525,,0.55636,NVTX inference includes CUDA event synchronization,3124328175001279,0.318565,3.611436,5.9494110000000004,1.4950600000000005,8.065240000000001,0.109308,1.234683,0.882256,3.589492,1.06507,0.000544,0.007392,4.25885,1.676352,0.956529,10.284849,26.677442,0.400258,1.698731,13219179904,13156281917,73,62.897987,dino,False,8.383805,1.472694,i2-i30-0398,scene-0398,scene-0398:image:73
0.0,0.0,0.002051,0.002263,0.001898,1.353114,0.0,,0.41904,0.090747,,0.542045,NVTX inference includes CUDA event synchronization,3124328282361044,0.3097,8.008484,6.031431999999999,1.4506289999999993,8.13289,0.107636,1.243772,0.972429,3.612145,1.047819,0.000512,0.007648,4.35756,1.656222,1.04379,10.100644,26.544982,0.41405,1.74211,13326539337,13264144873,74,62.394464,dino,False,8.44259,2.001069,i2-i30-0398,scene-0398,scene-0398:image:74
0.0,0.0,0.002434,0.002793,0.001736,1.365006,0.000576,,0.414042,0.093243,,0.537022,NVTX inference includes CUDA event synchronization,3124328362722834,0.315875,3.643821,5.938896,1.4532439999999998,8.039873,0.108471,1.217591,0.91558,3.587953,1.064781,0.000544,0.007584,4.361942,1.663993,0.986878,10.231972,26.756549,0.408151,1.727665,13406901818,13344226030,75,62.675788,dino,False,8.355748,1.522952,i2-i30-0398,scene-0398,scene-0398:image:75
0.00064,0.000608,0.002997,0.002188,0.001709,1.3214,0.0,,0.402238,0.095107,,0.551944,NVTX inference includes CUDA event synchronization,3124328432536057,0.310211,3.595049,5.660736999999999,1.4452209999999992,7.729356999999999,0.104477,1.210263,0.839164,3.355439,1.077164,0.000544,0.007296,4.23351,1.657342,0.915581,10.158838,26.614614,0.397596,1.692998,13476714925,13414080239,76,62.634686,dino,False,8.039568,1.460061,i2-i30-0398,scene-0398,scene-0398:image:76
0.0,0.0,0.002257,0.00225,0.001795,1.408627,0.0,,0.439249,0.097721,,0.521688,NVTX inference includes CUDA event synchronization,3124328525002322,0.315171,3.779609,6.18735,1.4890510000000008,8.345766000000001,0.109564,1.275141,0.967192,3.750475,1.060842,0.001024,0.007648,4.427008,1.68033,1.038041,10.08629,26.603152,0.414257,1.761715,13569180538,13506747913,77,62.432625,dino,False,8.660937,1.57294,i2-i30-0398,scene-0398,scene-0398:image:77
0.000782,0.001482,0.002692,0.002455,0.001862,1.316047,0.0,,0.39851,0.090127,,0.54375,NVTX inference includes CUDA event synchronization,3124328594612308,0.314245,3.585477,5.779553,1.4287509999999992,7.823015,0.102111,1.35257,0.8378,3.331056,1.077004,0.000512,0.007456,4.228133,1.797727,0.911401,10.141719,26.610952,0.399175,1.679153,13638790917,13576272531,78,62.518386,dino,False,8.13726,1.448563,i2-i30-0398,scene-0398,scene-0398:image:78
0.0,0.0,0.002125,0.002837,0.001755,1.331407,0.0,,0.412947,0.08798,,0.559166,NVTX inference includes CUDA event synchronization,3124328675094438,0.317283,3.735825,5.746690999999999,1.4517719999999992,7.827624999999999,0.108204,1.233513,0.909017,3.362485,1.070957,0.000576,0.008384,4.386799,1.672174,0.983483,10.122473,26.640265,0.410024,1.751768,13719273457,13656710972,79,62.562485,dino,False,8.144908,1.517327,i2-i30-0398,scene-0398,scene-0398:image:79
0.0,0.0,0.002919,0.002384,0.001726,1.399246,0.0,,0.435297,0.094303,,0.523935,NVTX inference includes CUDA event synchronization,3124328775793855,0.322307,3.769396,6.275810000000001,1.4948230000000011,8.413313,0.106784,1.263901,0.969182,3.789686,1.102604,0.001024,0.007616,4.420483,1.701951,1.040575,10.533894,26.619752,0.411219,1.757755,13819972231,13757042495,80,62.929736,dino,False,8.73562,1.59668,i2-i30-0398,scene-0398,scene-0398:image:80
0.0,0.000576,0.002496,0.002215,0.002833,1.336469,0.0,,0.411881,0.095096,,0.540572,NVTX inference includes CUDA event synchronization,3124328867081848,0.316516,4.492401,5.84416,1.4438969999999998,7.919782,0.108298,1.2157,0.913521,3.508148,1.038926,0.000576,0.007232,4.393621,1.665081,0.985107,10.246084,26.660823,0.417369,1.76723,13911260063,13848687946,81,62.572117,dino,False,8.236298,1.568199,i2-i30-0398,scene-0398,scene-0398:image:81
0.0,0.000245,0.002475,0.002195,0.001741,1.33562,0.0,,0.404228,0.093447,,0.55166,NVTX inference includes CUDA event synchronization,3124328936894689,0.321668,3.576236,5.823989999999999,1.4546999999999999,7.893933,0.108951,1.230033,0.871895,3.469657,1.072493,0.000576,0.007296,4.306595,1.663862,0.948408,10.130461,26.643327,0.411523,1.684232,13981072953,13918489153,82,62.5838,dino,False,8.215601,1.463225,i2-i30-0398,scene-0398,scene-0398:image:82
0.0,0.0,0.002244,0.002834,0.001746,1.388757,0.000512,,0.428686,0.100113,,0.542229,NVTX inference includes CUDA event synchronization,3124329025608775,0.314693,3.929144,6.122045,1.5203200000000008,8.274473,0.112797,1.255263,0.934583,3.679345,1.078442,0.000512,0.007904,4.36875,1.665256,1.005912,10.093692,26.593458,0.412597,1.750453,14069787720,14007233994,83,62.553726,dino,False,8.589166,1.546322,i2-i30-0398,scene-0398,scene-0398:image:83
0.0,0.000665,0.002129,0.002337,0.00237,1.323717,0.0,,0.420336,0.095075,,0.541078,NVTX inference includes CUDA event synchronization,3124329095437800,0.325602,3.49927,5.805108,1.440753,7.867213,0.103517,1.328827,0.864131,3.397399,1.05006,0.000512,0.007616,4.262875,1.767167,0.94058,10.104763,26.702022,0.394085,1.702776,14139615863,14076775064,84,62.840799,dino,False,8.192815,1.467038,i2-i30-0398,scene-0398,scene-0398:image:84
0.0,0.0,0.002937,0.00216,0.001954,1.398019,0.000608,,0.443578,0.095531,,0.535446,NVTX inference includes CUDA event synchronization,3124329281114831,0.333828,6.840238,6.228289,1.5071750000000002,8.374694,0.106351,1.267216,0.956869,3.775348,1.086923,0.000512,0.008128,4.414762,1.670933,1.027622,10.111115,26.632431,0.419653,1.763346,14325293330,14262874077,85,62.419253,dino,False,8.708522,1.840637,i2-i30-0398,scene-0398,scene-0398:image:85
0.0,0.0,0.002657,0.002911,0.002147,1.382959,0.0,,0.46106,0.097926,,0.528691,NVTX inference includes CUDA event synchronization,3124329363509484,0.345476,3.600225,6.153059000000001,1.484585000000001,8.285934000000001,0.10533,1.243795,0.954231,3.775042,1.060907,0.000544,0.006976,4.359966,1.698362,1.025208,10.494394,26.718979,0.417468,1.748716,14407688496,14344739567,86,62.948929,dino,False,8.63141,1.753063,i2-i30-0398,scene-0398,scene-0398:image:86
0.000661,0.0,0.002442,0.002249,0.001702,1.350296,0.000544,,0.608795,0.090996,,0.534906,NVTX inference includes CUDA event synchronization,3124329436380635,0.430789,3.639815,6.955762,1.4921640000000007,9.117564,1.140237,1.21474,1.238896,3.329761,1.122219,0.001184,0.009152,5.647569,1.64902,1.313554,9.982366,26.692323,0.432293,1.802275,14480559963,14416541286,87,64.018677,dino,False,9.548353,2.817984,i2-i30-0398,scene-0398,scene-0398:image:87
0.0,0.0,0.0024,0.002416,0.00179,1.302448,0.0,,0.434895,0.086728,,0.532639,NVTX inference includes CUDA event synchronization,3124329524746284,0.338628,3.640403,5.682346,1.4457969999999998,7.707034,0.107666,1.218465,0.936273,3.281513,1.047756,0.000544,0.007648,4.351345,1.669475,1.007185,9.95012,26.570514,0.419518,1.722431,14568924665,14506735182,88,62.189483,dino,False,8.045662,1.734239,i2-i30-0398,scene-0398,scene-0398:image:88
0.0,0.001216,0.002826,0.002241,0.002372,1.302015,0.0,,0.432342,0.0922,,0.553031,NVTX inference includes CUDA event synchronization,3124329594376256,0.334885,3.482769,5.568605,1.4245339999999995,7.621963,0.102095,1.225146,0.8785,3.24512,1.073645,0.000576,0.007232,4.282043,1.668643,0.954693,10.044096,26.641355,0.400584,1.701142,14638554815,14575985596,89,62.569219,dino,False,7.956848,1.668848,i2-i30-0398,scene-0398,scene-0398:image:89
0.0,0.000544,0.002023,0.002304,0.001707,1.322269,0.0,,0.434505,0.08941,,0.526667,NVTX inference includes CUDA event synchronization,3124329675739719,0.335619,4.427336,5.745813999999999,1.4424859999999997,7.789623999999999,0.104141,1.286715,0.928214,3.286876,1.069067,0.000576,0.007168,4.305324,1.723646,1.00111,9.993598,26.580904,0.406508,1.718121,14719917461,14657439666,90,62.477795,dino,False,8.125243,1.704594,i2-i30-0398,scene-0398,scene-0398:image:90
0.0,0.000906,0.002825,0.002403,0.001832,1.408394,0.0,,0.45342,0.099626,,0.541099,NVTX inference includes CUDA event synchronization,3124329781376595,0.340483,7.274861,6.330681,1.5509760000000004,8.500703,0.110955,1.271423,0.989867,3.863776,1.046029,0.000608,0.007552,4.35507,1.709029,1.06558,10.344315,26.632095,0.42337,1.734724,14825555695,14762578916,91,62.976779,dino,False,8.841186,2.174633,i2-i30-0398,scene-0398,scene-0398:image:91
0.0,0.0,0.001985,0.002212,0.00185,1.351618,0.0,,0.457902,0.091513,,0.54101,NVTX inference includes CUDA event synchronization,3124329863126333,0.338502,3.721046,5.981902999999999,1.4445179999999995,8.091491,0.109221,1.246,0.983912,3.592826,1.045707,0.001025,0.006784,4.41514,1.660658,1.055368,10.022219,26.660356,0.422434,1.760749,14907304591,14844706745,92,62.597846,dino,False,8.429993,1.750714,i2-i30-0398,scene-0398,scene-0398:image:92
0.0,0.001045,0.002368,0.00298,0.00192,1.330221,0.0,,0.411344,0.092865,,0.548449,NVTX inference includes CUDA event synchronization,3124329933371849,0.32298,3.63396,5.660423,1.4424169999999998,7.728635,0.105454,1.213454,0.893943,3.334735,1.05374,0.000576,0.007296,4.298918,1.659731,0.96972,10.098502,26.74375,0.408064,1.703404,14977550656,14914758356,93,62.7923,dino,False,8.051615,1.719224,i2-i30-0398,scene-0398,scene-0398:image:93
0.0,0.000512,0.002134,0.002141,0.001809,1.36343,0.0,,0.449526,0.090278,,0.520494,NVTX inference includes CUDA event synchronization,3124330026931260,0.334564,4.919834,5.776781999999999,1.5051349999999992,7.872541999999999,0.106376,1.192294,0.945201,3.374507,1.075337,0.000512,0.007744,4.349774,1.643624,1.016818,10.148879,26.779206,0.414925,1.714479,15071109393,15008492611,94,62.616782,dino,False,8.207106,1.766401,i2-i30-0398,scene-0398,scene-0398:image:94
0.0,0.000472,0.002543,0.002103,0.001724,1.359455,0.0,,0.470756,0.091896,,0.542508,NVTX inference includes CUDA event synchronization,3124330097201321,0.341126,3.648162,5.935904999999999,1.4815109999999994,8.066236,0.112405,1.260657,0.977788,3.482062,1.084427,0.001152,0.00736,4.467496,1.692824,1.054205,10.150091,26.687517,0.440919,1.789474,15141379938,15078403976,95,62.975962,dino,False,8.407362,1.619225,i2-i30-0398,scene-0398,scene-0398:image:95
0.0,0.000576,0.002672,0.002298,0.001879,1.338863,0.0,,0.438164,0.093747,,0.55689,NVTX inference includes CUDA event synchronization,3124330175092595,0.3417,3.550106,5.821219000000001,1.4586560000000004,7.914608,0.105851,1.307149,0.922049,3.404705,1.049098,0.000608,0.008192,4.354591,1.751538,0.995362,10.174063,26.689351,0.412144,1.74143,15219270669,15156204869,96,63.0658,dino,False,8.256308,1.476996,i2-i30-0398,scene-0398,scene-0398:image:96
0.0,0.000469,0.002305,0.002365,0.001802,1.369492,0.0,,0.446342,0.090948,,0.541872,NVTX inference includes CUDA event synchronization,3124330282201657,0.339107,8.088366,6.052484999999999,1.4375079999999993,8.168973,0.109518,1.235409,1.032228,3.617532,1.067757,0.000576,0.007552,4.360247,1.639218,1.103046,10.033281,26.569189,0.41736,1.741471,15326380405,15264116643,97,62.263762,dino,False,8.50808,2.100054,i2-i30-0398,scene-0398,scene-0398:image:97
0.0,0.0,0.002569,0.002458,0.001991,1.392793,0.000544,,0.457993,0.093505,,0.544067,NVTX inference includes CUDA event synchronization,3124330362653067,0.337411,3.595355,6.045818000000001,1.4962470000000003,8.204327000000001,0.109696,1.218964,0.973761,3.637105,1.097389,0.000544,0.008032,4.381117,1.666842,1.045666,10.269184,26.816961,0.418542,1.754092,15406831624,15344012656,98,62.818968,dino,False,8.541738,1.511964,i2-i30-0398,scene-0398,scene-0398:image:98
0.0,0.00112,0.0022,0.002103,0.001834,1.323468,0.0,,0.405094,0.088665,,0.546029,NVTX inference includes CUDA event synchronization,3124330432482739,0.327619,3.558611,5.690135000000001,1.4203850000000005,7.733029,0.101629,1.274712,0.850175,3.357803,1.048008,0.00064,0.007296,4.247119,1.721402,0.926752,10.176429,26.602022,0.395876,1.700306,15476661194,15413970867,99,62.690327,dino,False,8.060648,1.465753,i2-i30-0398,scene-0398,scene-0398:image:99
0.0,0.0,0.002034,0.002208,0.001755,1.364512,0.000134,,0.435504,0.087134,,0.549407,NVTX inference includes CUDA event synchronization,3124330526657246,0.333765,4.941374,5.971466999999999,1.4199899999999994,8.08039,0.108084,1.237621,0.953664,3.629316,1.05716,0.000512,0.007808,4.373752,1.644956,1.025152,10.027118,26.774195,0.41849,1.762072,15570835695,15508446295,100,62.3894,dino,False,8.414155,1.571606,i2-i30-0398,scene-0398,scene-0398:image:100
0.0,0.0,0.00212,0.00226,0.00192,1.330181,0.0,,0.437672,0.0917,,0.556862,NVTX inference includes CUDA event synchronization,3124330596241639,0.344868,3.53456,5.861456,1.4405030000000005,7.939303000000001,0.103308,1.247843,0.893736,3.513905,1.078924,0.000576,0.005376,4.266119,1.681541,0.965737,10.173449,26.66468,0.396828,1.676083,15640420683,15577842644,101,62.578039,dino,False,8.284171,1.460199,i2-i30-0398,scene-0398,scene-0398:image:101
0.0,0.0,0.002363,0.002276,0.00232,1.324387,0.0,,0.437255,0.09377,,0.537753,NVTX inference includes CUDA event synchronization,3124330674713438,0.335268,3.526581,5.825649,1.4573340000000004,7.890505,0.103369,1.289373,0.912895,3.395447,1.059917,0.000544,0.006894,4.281098,1.725377,0.986015,10.11296,26.608153,0.396443,1.682167,15718891253,15656330205,102,62.561048,dino,False,8.225773,1.47058,i2-i30-0398,scene-0398,scene-0398:image:102
0.0,0.0,0.002734,0.002264,0.002023,1.367598,0.0,,0.549939,0.093743,,0.524893,NVTX inference includes CUDA event synchronization,3124330829072878,0.387812,13.844544,6.134952999999999,1.5260079999999991,8.290334999999999,0.138849,1.208638,1.342865,3.381516,1.070191,0.00368,0.0064,5.041304,1.660099,1.413361,10.290496,26.606995,0.434938,1.801218,15873251435,15810278514,103,62.972921,dino,False,8.678147,3.167585,i2-i30-0398,scene-0398,scene-0398:image:103
0.0,0.000576,0.002671,0.002349,0.0019,1.387404,0.0,,0.457322,0.098175,,0.535907,NVTX inference includes CUDA event synchronization,3124330925269310,0.345891,3.738894,5.932219,1.4846450000000004,8.072632,0.109702,1.228821,0.985139,3.481657,1.119791,0.001056,0.007712,4.421766,1.678268,1.05586,10.200815,26.692576,0.420965,1.750822,15969447492,15906823290,104,62.624202,dino,False,8.418523,1.552009,i2-i30-0398,scene-0398,scene-0398:image:104
6.9e-05,0.0,0.002104,0.003186,0.001747,1.370552,7.5e-05,,0.451203,0.09157,,0.522851,NVTX inference includes CUDA event synchronization,3124331031344252,0.338404,7.929018,6.053268,1.4502740000000003,8.158221,0.107477,1.238771,0.986087,3.660151,1.046985,0.000512,0.006368,4.357779,1.643861,1.057288,10.011653,26.684244,0.412806,1.791532,16075522966,16013143415,105,62.379551,dino,False,8.496625,2.016796,i2-i30-0398,scene-0398,scene-0398:image:105
0.0,0.0,0.002304,0.002261,0.001731,1.318057,0.0,,0.425001,0.090332,,0.52965,NVTX inference includes CUDA event synchronization,3124331103241727,0.335334,3.605271,5.758011,1.4372490000000004,7.792013000000001,0.103019,1.214555,0.847458,3.478463,1.037515,0.000608,0.00848,4.341463,1.663168,0.940803,10.189282,26.680193,0.410982,1.72294,16147419971,16084622079,106,62.797892,dino,False,8.127347,3.479688,i2-i30-0398,scene-0398,scene-0398:image:106
0.0,0.000512,0.002183,0.002374,0.001809,1.341287,0.0,,0.428539,0.092924,,0.542771,NVTX inference includes CUDA event synchronization,3124331174755202,0.334788,3.602971,5.82062,1.4509190000000007,7.898231000000001,0.10587,1.202855,0.915569,3.514564,1.035306,0.000608,0.007328,4.306141,1.640807,0.99093,10.196321,26.594992,0.399948,1.700811,16218933646,16156259551,107,62.674095,dino,False,8.233019,1.498252,i2-i30-0398,scene-0398,scene-0398:image:107
0.0,0.0,0.00282,0.002445,0.001731,1.362863,0.0,,0.504361,0.089509,,0.527938,NVTX inference includes CUDA event synchronization,3124331318660296,0.376228,5.243583,6.119364000000001,1.4504280000000005,8.234803000000001,0.1101,1.345598,1.082823,3.565335,1.048523,0.000512,0.007712,4.458826,1.78362,1.154023,10.157877,26.571036,0.419594,1.775275,16362838324,16300231086,108,62.607238,dino,False,8.611031,2.05349,i2-i30-0398,scene-0398,scene-0398:image:108
0.0,0.000544,0.002174,0.002354,0.001788,1.397467,0.0,,0.433606,0.095542,,0.527039,NVTX inference includes CUDA event synchronization,3124331388732594,0.331654,3.596946,6.24377,1.4874619999999998,8.37263,0.103686,1.281856,0.8929,3.744913,1.185115,0.000544,0.007808,4.313321,1.696132,0.968037,10.176984,26.784208,0.398784,1.698215,16432911026,16370048772,109,62.862254,dino,False,8.704284,1.467163,i2-i30-0398,scene-0398,scene-0398:image:109
0.0,0.0,0.002301,0.002322,0.001951,1.406039,0.0,,0.453395,0.09671,,0.527882,NVTX inference includes CUDA event synchronization,3124331458855587,0.33831,3.657351,6.25179,1.5068970000000004,8.40408,0.112362,1.26323,0.945957,3.823243,1.082444,0.000577,0.00768,4.383717,1.666752,1.017349,10.172657,26.513505,0.414325,1.759879,16503034075,16440329950,110,62.704125,dino,False,8.74239,1.611631,i2-i30-0398,scene-0398,scene-0398:image:110
0.0,0.0,0.00321,0.002711,0.001993,1.315006,0.0,,0.439474,0.087924,,0.616645,NVTX inference includes CUDA event synchronization,3124331529361005,0.338915,3.608453,6.1236429999999995,1.5485949999999997,8.251691,0.10365,1.371136,0.889158,3.625927,1.043469,0.00064,0.008031,4.272122,1.818695,0.963815,10.414936,26.606612,0.402587,1.704659,16573539535,16510302604,111,63.236931,dino,False,8.590606,1.454575,i2-i30-0398,scene-0398,scene-0398:image:111
0.000428,0.0,0.002142,0.002433,0.001843,1.360571,0.0,,0.433091,0.099433,,0.599964,NVTX inference includes CUDA event synchronization,3124331600548989,0.338212,3.62586,5.9377379999999995,1.4311839999999991,8.099431,0.103608,1.252345,0.969193,3.612371,1.062605,0.0,0.006337,4.356207,1.690975,1.036714,10.20794,26.640281,0.42366,1.776949,16644727362,16580954462,112,63.7729,dino,False,8.437643,1.465458,i2-i30-0398,scene-0398,scene-0398:image:112
0.0,0.0,0.002314,0.002273,0.001753,1.357517,0.0,,0.445617,0.091397,,0.550607,NVTX inference includes CUDA event synchronization,3124331675150418,0.340389,3.596869,5.888145,1.4785389999999996,7.9992339999999995,0.106615,1.221178,0.92182,3.527555,1.075692,0.000576,0.007648,4.363382,1.659422,0.994685,10.232039,26.630344,0.412016,1.73712,16719328961,16656577038,113,62.751923,dino,False,8.339623,1.498312,i2-i30-0398,scene-0398,scene-0398:image:113
0.0,0.0,0.002195,0.002203,0.0018,1.361056,0.0,,0.449652,0.093443,,0.547981,NVTX inference includes CUDA event synchronization,3124331811194545,0.337571,3.635071,5.998331,1.4838750000000003,8.11909,0.106508,1.313645,0.969947,3.450513,1.124141,0.001056,0.006976,4.381019,1.765459,1.041244,10.323353,26.622257,0.420994,1.749765,16855372522,16792668067,114,62.704455,dino,False,8.456661,1.558775,i2-i30-0398,scene-0398,scene-0398:image:114
0.0,0.0,0.002224,0.002182,0.001854,1.350385,0.0,,0.434722,0.094162,,0.549403,NVTX inference includes CUDA event synchronization,3124331883445067,0.340644,3.597338,5.862609000000001,1.4371160000000005,7.9568970000000006,0.109536,1.214293,0.897482,3.595327,1.036331,0.000576,0.00688,4.280074,1.662106,0.970859,10.184713,26.807749,0.401862,1.688166,16927623356,16864584605,115,63.038751,dino,False,8.297541,3.474959,i2-i30-0398,scene-0398,scene-0398:image:115
0.0,0.0,0.002248,0.003132,0.001836,1.343219,0.0,,0.434413,0.094544,,0.550325,NVTX inference includes CUDA event synchronization,3124331953652118,0.338467,3.590703,5.9229009999999995,1.4833309999999997,8.014151,0.114671,1.238901,0.861215,3.562071,1.082509,0.001056,0.008864,4.506796,1.682457,0.958016,10.324143,26.652471,0.463416,1.842562,16997830915,16934870472,116,62.960443,dino,False,8.352618,1.482463,i2-i30-0398,scene-0398,scene-0398:image:116
0.000354,0.0,0.003861,0.003432,0.002849,1.56327,0.0,,0.436929,0.095312,,0.545373,NVTX inference includes CUDA event synchronization,3124332027819218,0.331782,3.652381,6.148091000000001,1.7117830000000005,8.467689,0.102362,1.249991,0.899601,3.755144,1.072686,0.000576,0.007328,4.302756,1.694861,0.972721,10.522651,26.677677,0.396543,1.705312,17071999169,17008644487,117,63.354682,dino,False,8.799471,3.701448,i2-i30-0398,scene-0398,scene-0398:image:117
0.0,0.0,0.002262,0.002259,0.001884,1.367777,0.0,,0.525423,0.094596,,0.599333,NVTX inference includes CUDA event synchronization,3124332101066437,0.390819,3.774447,6.214009000000001,1.5527140000000008,8.416724,0.114008,1.231355,1.127651,3.554636,1.216779,0.001024,0.009376,4.628006,1.675424,1.199683,10.148798,26.816146,0.4469,1.848876,17145244788,17082021586,118,63.223202,dino,False,8.807543,1.860005,i2-i30-0398,scene-0398,scene-0398:image:118
0.0,0.0,0.002122,0.002278,0.001752,1.307721,0.0,,0.428617,0.086975,,0.535602,NVTX inference includes CUDA event synchronization,3124332174736843,0.336067,3.59321,5.572597,1.4391419999999995,7.601597,0.106238,1.193739,0.905552,3.242773,1.042316,0.00048,0.007424,4.284052,1.632947,0.979217,9.973737,26.62714,0.400936,1.711772,17218915550,17156518409,119,62.397141,dino,False,7.937664,1.769704,i2-i30-0398,scene-0398,scene-0398:image:119
0.000544,0.000512,0.002574,0.002304,0.001706,1.301783,0.0,,0.451023,0.091447,,0.608994,NVTX inference includes CUDA event synchronization,3124332326733923,0.349605,13.753814,5.6684529999999995,1.4529129999999988,7.779734999999999,0.103819,1.267989,1.074308,3.161691,1.060012,0.00224,0.006368,3.586514,1.717116,1.145892,9.95672,26.689797,0.334997,1.354617,17370911779,17308556787,120,62.354992,dino,False,8.12934,3.103339,i2-i30-0398,scene-0398,scene-0398:image:120
0.00095,0.000576,0.002033,0.002258,0.001776,1.346151,0.000608,,0.403181,0.097694,,0.549231,NVTX inference includes CUDA event synchronization,3124332396668911,0.317954,3.604621,5.769278,1.524419,7.855782,0.095439,1.23987,0.758816,3.391563,1.156845,0.003296,0.003488,3.333942,1.671201,0.836,9.992574,26.675789,0.328496,1.303217,17440847257,17378244354,121,62.602903,dino,False,8.173736,1.705151,i2-i30-0398,scene-0398,scene-0398:image:121
0.0,0.0,0.002094,0.002449,0.001793,1.309293,0.0,,0.404347,0.129124,,0.564174,NVTX inference includes CUDA event synchronization,3124332466771558,0.332998,3.622385,5.627432000000001,1.4499500000000003,7.707708,0.092307,1.216555,0.788329,3.419313,1.066732,0.002784,0.004736,3.424674,1.666161,0.861546,10.202427,26.840025,0.336949,1.307923,17510949950,17447953093,122,62.996857,dino,False,8.040706,1.474539,i2-i30-0398,scene-0398,scene-0398:image:122
0.0,0.0,0.002613,0.002198,0.001755,1.334473,0.000482,,0.432813,0.088851,,0.536485,NVTX inference includes CUDA event synchronization,3124332536516955,0.333667,3.628475,5.638838999999999,1.5035439999999998,7.704841999999999,0.093622,1.215088,0.776725,3.319406,1.120108,0.005024,0.004992,3.412128,1.645554,0.874806,9.955317,26.616742,0.3396,1.336687,17580695211,17518239986,123,62.455225,dino,False,8.038509,1.528529,i2-i30-0398,scene-0398,scene-0398:image:123
0.000218,0.000608,0.002285,0.002356,0.001941,1.318629,0.000608,,0.437787,0.091814,,0.548472,NVTX inference includes CUDA event synchronization,3124332606730148,0.352451,3.735275,5.649584,1.4760919999999995,7.701851,0.090811,1.237562,0.849446,3.344636,1.045355,0.005248,0.005152,3.389722,1.690018,0.923111,10.132843,26.734697,0.326231,1.312155,17650908335,17587924723,124,62.983612,dino,False,8.054302,1.512381,i2-i30-0398,scene-0398,scene-0398:image:124
0.0,0.000544,0.002848,0.002249,0.00163,1.338466,0.0,,0.405953,0.093837,,0.560524,NVTX inference includes CUDA event synchronization,3124332676670573,0.329444,3.600626,5.643655000000001,1.4709470000000007,7.720262000000001,0.088862,1.211044,0.759893,3.418916,1.092076,0.004032,0.003936,3.324522,1.641421,0.83679,10.030527,26.832922,0.323366,1.308645,17720848786,17658206636,125,62.64215,dino,False,8.049706,1.647096,i2-i30-0398,scene-0398,scene-0398:image:125
0.0,0.001088,0.00243,0.002285,0.001761,1.345417,0.0,,0.481437,0.088035,,0.526726,NVTX inference includes CUDA event synchronization,3124332826627998,0.359523,13.586321,5.930827,1.4880949999999995,8.020483,0.114614,1.267827,1.08709,3.316448,1.098316,0.00048,0.007136,3.935358,1.71481,1.157779,10.062076,26.7668,0.353735,1.365239,17870805965,17808119502,126,62.686463,dino,False,8.380006,3.261198,i2-i30-0398,scene-0398,scene-0398:image:126
0.0,0.000544,0.00239,0.002289,0.001754,1.341761,0.0,,0.386264,0.096455,,0.553402,NVTX inference includes CUDA event synchronization,3124332897053624,0.321891,3.578693,5.810891999999999,1.479228,7.87386,0.086839,1.24038,0.737018,3.577713,1.066605,0.002976,0.004992,3.307158,1.670689,0.813979,10.160627,26.788058,0.323951,1.2899,17941232208,17877994099,127,63.238109,dino,False,8.195751,1.64083,i2-i30-0398,scene-0398,scene-0398:image:127
0.0,0.000544,0.002875,0.002226,0.001834,1.305687,0.0,,0.385244,0.102323,,0.559975,NVTX inference includes CUDA event synchronization,3124332967057118,0.326019,3.600977,5.56524,1.437049,7.599929,0.093282,1.186905,0.753886,3.406653,1.040717,0.002816,0.00464,3.401961,1.635549,0.827615,10.235939,26.664527,0.32406,1.296134,18011235339,17948647997,128,62.587342,dino,False,7.925948,1.663984,i2-i30-0398,scene-0398,scene-0398:image:128
0.0,0.0,0.002051,0.002464,0.001789,1.342727,0.0,,0.416387,0.094458,,0.560856,NVTX inference includes CUDA event synchronization,3124333036961575,0.339842,3.604294,5.857765,1.5619869999999993,7.938655,0.09089,1.240039,0.750321,3.536048,1.091724,0.002944,0.004544,3.320562,1.673102,0.84837,10.131034,26.667503,0.324004,1.304502,18081140642,18018462986,129,62.677656,dino,False,8.278497,1.639517,i2-i30-0398,scene-0398,scene-0398:image:129
0.0,0.0,0.002297,0.002722,0.001754,1.326652,0.001006,,0.448677,0.097971,,0.535539,NVTX inference includes CUDA event synchronization,3124333107032389,0.349093,3.658973,5.699382,1.4711669999999994,7.766907,0.095661,1.271303,0.869519,3.371954,1.026988,0.004736,0.004672,3.43923,1.719758,0.942512,10.143969,26.588264,0.329434,1.316508,18151211186,18088551289,130,62.659897,dino,False,8.116,1.653793,i2-i30-0398,scene-0398,scene-0398:image:130
0.0,0.0,0.002455,0.002304,0.001684,1.318881,0.0,,0.402592,0.091394,,0.552604,NVTX inference includes CUDA event synchronization,3124333177036366,0.327523,3.611763,5.7497869999999995,1.4376100000000003,7.794178,0.091742,1.304075,0.768753,3.459722,1.049835,0.004928,0.005036,3.339334,1.734481,0.841426,10.08112,26.753245,0.325213,1.311962,18221214488,18158638940,131,62.575548,dino,False,8.121701,1.6526,i2-i30-0398,scene-0398,scene-0398:image:131
0.0,0.002011,0.002213,0.002343,0.001633,1.35476,0.00064,,0.442113,0.087842,,0.496639,NVTX inference includes CUDA event synchronization,3124333324298162,0.336835,12.454646,6.025580000000001,1.437946000000001,8.078939,0.102282,1.282022,0.946047,3.588681,1.049772,0.002784,0.00624,3.518388,1.689291,1.016383,9.973448,26.571978,0.331242,1.319972,18368476397,18306366467,132,62.10993,dino,False,8.415774,2.755831,i2-i30-0398,scene-0398,scene-0398:image:132
0.0,0.000315,0.001958,0.002798,0.001852,1.344168,0.0,,0.404625,0.090992,,0.542714,NVTX inference includes CUDA event synchronization,3124333394105460,0.323876,3.585037,5.809433,1.4914940000000003,7.874979,0.098223,1.230033,0.774718,3.472501,1.125006,0.003744,0.003136,3.295598,1.667799,0.847167,10.199054,26.661784,0.34796,1.286106,18438283836,18375790045,133,62.493791,dino,False,8.198855,1.648795,i2-i30-0398,scene-0398,scene-0398:image:133
0.0,0.000327,0.002775,0.002246,0.0023,1.325302,0.0,,0.393781,0.09459,,0.570174,NVTX inference includes CUDA event synchronization,3124333464109708,0.319429,3.595386,5.702236999999999,1.4481249999999992,7.774302999999999,0.087888,1.200259,0.750228,3.48997,1.108654,0.003424,0.005184,3.312103,1.648135,0.824149,10.192269,26.692713,0.336735,1.364482,18508288204,18445648657,134,62.639547,dino,False,8.093732,1.667784,i2-i30-0398,scene-0398,scene-0398:image:134
0.000353,0.001155,0.002808,0.002245,0.001848,1.328711,0.0,,0.41044,0.092867,,0.573428,NVTX inference includes CUDA event synchronization,3124333534210013,0.321605,3.595096,5.850883,1.4540929999999994,7.9431329999999996,0.09022,1.239182,0.790066,3.590621,1.091948,0.003488,0.00512,3.451795,1.677651,0.867827,10.304585,26.69836,0.342122,1.328416,18578388478,18515512484,135,62.875994,dino,False,8.264738,1.499879,i2-i30-0398,scene-0398,scene-0398:image:135
0.0,0.001282,0.002509,0.002535,0.001748,1.355423,0.000576,,0.372022,0.097894,,0.56128,NVTX inference includes CUDA event synchronization,3124333604216087,0.301732,3.610275,5.877185,1.5178539999999998,7.970721999999999,0.096865,1.225922,0.794791,3.526096,1.103374,0.002368,0.005184,3.49753,1.674185,0.867912,10.156054,26.621517,0.349821,1.35029,18648394783,18585782300,136,62.612483,dino,False,8.272454,1.62467,i2-i30-0398,scene-0398,scene-0398:image:136
0.0,0.0,0.002014,0.002432,0.002146,1.444436,0.000544,,0.417597,0.108307,,0.517292,NVTX inference includes CUDA event synchronization,3124333675907167,0.331779,3.666248,6.411144999999999,1.4811620000000003,8.574134,0.090478,1.330219,0.780681,4.148638,1.064495,0.005184,0.005056,3.37576,1.763056,0.855978,10.800776,26.595408,0.328537,1.306977,18720085334,18656791850,137,63.293484,dino,False,8.905913,1.687925,i2-i30-0398,scene-0398,scene-0398:image:137
0.001152,0.0,0.002168,0.002649,0.00171,1.350441,0.0,,0.445749,0.092053,,0.523613,NVTX inference includes CUDA event synchronization,3124333824218325,0.341957,12.592658,6.091552,1.483669,8.16913,0.099579,1.271352,0.949251,3.598966,1.098766,0.00288,0.006624,3.579606,1.683806,1.020131,10.026074,26.650666,0.348479,1.377578,18868396640,18806078528,138,62.318112,dino,False,8.511087,2.779492,i2-i30-0398,scene-0398,scene-0398:image:138
0.0,0.000576,0.002276,0.002261,0.001915,1.335109,0.0,,0.401059,0.088095,,0.549356,NVTX inference includes CUDA event synchronization,3124333893996830,0.323109,3.622023,5.675369,1.4424589999999995,7.732907,0.088248,1.228459,0.75657,3.447978,1.081838,0.005248,0.005216,3.308095,1.666192,0.829595,10.197621,26.66958,0.337206,1.323565,18938175149,18875731269,139,62.44388,dino,False,8.056016,1.647446,i2-i30-0398,scene-0398,scene-0398:image:139
0.0,0.0,0.002755,0.002257,0.002188,1.308452,0.0,,0.396119,0.099369,,0.555939,NVTX inference includes CUDA event synchronization,3124333964064450,0.325955,3.657393,5.629435000000001,1.4135680000000006,7.670559000000001,0.089724,1.19665,0.786354,3.426049,1.074217,0.005248,0.004704,3.362923,1.641264,0.861011,10.134496,26.671191,0.331614,1.368466,19008242754,18945708807,140,62.533947,dino,False,7.996514,1.665452,i2-i30-0398,scene-0398,scene-0398:image:140
0.0,0.0,0.002134,0.00236,0.001662,1.312082,0.0,,0.402793,0.088433,,0.545455,NVTX inference includes CUDA event synchronization,3124334034082904,0.324486,3.613785,5.59333,1.4264449999999993,7.623762999999999,0.088817,1.186905,0.772215,3.385182,1.080301,0.003584,0.0048,3.378733,1.626334,0.848088,10.11965,26.668636,0.341388,1.295541,19078261137,19015702658,141,62.558479,dino,False,7.948249,1.8166,i2-i30-0398,scene-0398,scene-0398:image:141
0.0,0.0,0.002287,0.002452,0.001884,1.383654,0.0,,0.424525,0.099636,,0.535512,NVTX inference includes CUDA event synchronization,3124334104404187,0.340071,3.708594,6.029687000000001,1.542611,8.139566,0.094884,1.243784,0.820573,3.623372,1.144653,0.004608,0.005152,3.425442,1.692366,0.893214,10.24365,26.701753,0.337968,1.296753,19148582783,19085749022,142,62.833761,dino,False,8.479637,1.736532,i2-i30-0398,scene-0398,scene-0398:image:142
0.0,0.0,0.00216,0.002165,0.001766,1.338529,0.0,,0.393388,0.091437,,0.549765,NVTX inference includes CUDA event synchronization,3124334174989652,0.300482,3.674022,5.83292,1.4559250000000006,7.9116480000000005,0.09139,1.350646,0.802226,3.428025,1.074894,0.004512,0.004512,3.412082,1.784826,0.877203,10.058101,26.67584,0.337356,1.315241,19219167725,19156533209,143,62.634516,dino,False,8.21213,1.520033,i2-i30-0398,scene-0398,scene-0398:image:143
0.000152,4.3e-05,0.002336,0.002671,0.001702,1.304857,0.0,,0.427675,0.089991,,0.533332,NVTX inference includes CUDA event synchronization,3124334327060598,0.334018,13.544043,5.639832999999999,1.4430389999999997,7.668574,0.101285,1.178265,0.96237,3.262869,1.048204,0.000576,0.005984,3.756153,1.630176,1.033571,10.149444,26.561773,0.345433,1.368958,19371238792,19308982836,144,62.255956,dino,False,8.002592,5.460973,i2-i30-0398,scene-0398,scene-0398:image:144
0.0,0.000576,0.002111,0.002345,0.001866,1.394593,0.0,,0.400348,0.095052,,0.535212,NVTX inference includes CUDA event synchronization,3124334397220586,0.322659,3.601626,5.8084229999999994,1.4720359999999992,7.917866999999999,0.090389,1.23903,0.753987,3.583088,1.09246,0.00496,0.004576,3.33745,1.672095,0.831172,10.21545,26.598982,0.338888,1.403248,19441398821,19378697466,145,62.701355,dino,False,8.240526,1.707966,i2-i30-0398,scene-0398,scene-0398:image:145
0.0,0.0,0.002137,0.003109,0.001776,1.364897,0.0,,0.388356,0.099088,,0.550164,NVTX inference includes CUDA event synchronization,3124334467155275,0.320259,3.593109,5.942736,1.434965000000001,8.032004,0.088787,1.251104,0.762283,3.768615,1.040269,0.003264,0.002976,3.438818,1.662659,0.836108,10.204214,26.645243,0.330783,1.305229,19511334356,19448779998,146,62.554358,dino,False,8.352263,1.679468,i2-i30-0398,scene-0398,scene-0398:image:146
9e-05,0.0,0.00271,0.002508,0.001824,1.340593,0.0,,0.392289,0.089712,,0.543536,NVTX inference includes CUDA event synchronization,3124334536907921,0.330596,3.627283,5.672184,1.4977799999999997,7.71485,0.089787,1.204739,0.764367,3.413083,1.066218,0.004448,0.005024,3.348359,1.641225,0.837104,10.0428,26.63281,0.332567,1.317097,19581086058,19518821995,147,62.264063,dino,False,8.045446,1.66281,i2-i30-0398,scene-0398,scene-0398:image:147
0.0,0.001184,0.002468,0.002287,0.001777,1.351955,0.0,,0.424619,0.099331,,0.534752,NVTX inference includes CUDA event synchronization,3124334607194071,0.33069,3.654022,5.868571,1.5406440000000003,7.956254,0.09508,1.247262,0.833537,3.489769,1.06766,0.005248,0.007744,3.399231,1.695938,0.907586,10.224182,26.626687,0.33429,1.498555,19651372728,19588513607,148,62.859121,dino,False,8.286944,1.713625,i2-i30-0398,scene-0398,scene-0398:image:148
0.0,0.00092,0.002163,0.00263,0.001928,1.338986,0.0008,,0.416482,0.089642,,0.55448,NVTX inference includes CUDA event synchronization,3124334677165787,0.331074,3.58468,5.905791000000001,1.5202540000000004,7.982748,0.091692,1.331106,0.760942,3.467033,1.133195,0.005216,0.004384,3.349505,1.760263,0.834351,10.056848,26.750502,0.31631,1.311363,19721344556,19658640787,149,62.703769,dino,False,8.313822,1.668833,i2-i30-0398,scene-0398,scene-0398:image:149
0.0,0.000576,0.00273,0.002209,0.002222,1.333049,0.0,,0.46886,0.089335,,0.523172,NVTX inference includes CUDA event synchronization,3124334825106774,0.349125,13.685402,5.77955,1.4923140000000004,7.852578,0.123069,1.240326,1.050967,3.183237,1.104685,0.000576,0.006529,3.744262,1.691242,1.121559,9.933255,26.599065,0.375554,1.361579,19869284962,19806989675,150,62.295287,dino,False,8.201703,3.261382,i2-i30-0398,scene-0398,scene-0398:image:150
0.0,0.00048,0.00202,0.002356,0.001842,1.31251,0.0,,0.37659,0.086111,,0.607488,NVTX inference includes CUDA event synchronization,3124334894712673,0.321028,3.580042,5.496174999999999,1.4363849999999996,7.564544,0.087045,1.215357,0.716445,3.351609,1.071563,0.002784,0.004384,3.301187,1.652033,0.794014,10.039659,26.765238,0.323438,1.305759,19938890872,19876406041,151,62.484831,dino,False,7.885572,1.642089,i2-i30-0398,scene-0398,scene-0398:image:151
0.0,0.0,0.002765,0.002186,0.001784,1.298824,0.0,,0.374255,0.087988,,0.557935,NVTX inference includes CUDA event synchronization,3124334964485052,0.318275,3.733662,5.516367,1.4400649999999997,7.523829,0.091819,1.197402,0.740282,3.315819,1.050989,0.003488,0.00224,3.326847,1.645764,0.813946,10.006304,26.644149,0.332271,1.321838,20008663216,19946334112,152,62.329104,dino,False,7.842104,1.638214,i2-i30-0398,scene-0398,scene-0398:image:152
0.0,0.0,0.001864,0.002298,0.001757,1.331888,0.0,,0.36275,0.084556,,0.555268,NVTX inference includes CUDA event synchronization,3124335033932030,0.317411,3.597637,5.389177,1.4137659999999999,7.412147,0.087432,1.186919,0.688617,3.267979,1.076557,0.003616,0.004672,3.321304,1.62641,0.765514,10.024912,26.620313,0.342246,1.258575,20078110032,20015795395,153,62.314637,dino,False,7.729558,1.625861,i2-i30-0398,scene-0398,scene-0398:image:153
0.0,0.0,0.002037,0.002243,0.001739,1.322879,0.0,,0.390192,0.08927,,0.544693,NVTX inference includes CUDA event synchronization,3124335103418096,0.338949,3.550408,5.639901,1.5025570000000004,7.654005,0.093308,1.191551,0.779344,3.393128,1.023338,0.005248,0.00448,3.372873,1.640931,0.852945,10.070044,26.573589,0.326253,1.3132,20147596162,20085253942,154,62.34222,dino,False,7.992954,1.698759,i2-i30-0398,scene-0398,scene-0398:image:154
0.0,0.000201,0.001912,0.002493,0.001875,1.348738,0.0,,0.379682,0.095443,,0.549474,NVTX inference includes CUDA event synchronization,3124335174609275,0.323109,3.614114,5.608028,1.440372,7.664737000000001,0.089279,1.340665,0.757159,3.316583,1.037612,0.003296,0.00288,3.315902,1.775007,0.83348,9.97889,26.572196,0.331923,1.291493,20218787602,20156458990,155,62.328612,dino,False,7.987846,1.674707,i2-i30-0398,scene-0398,scene-0398:image:155
0.0,0.000576,0.001916,0.002334,0.002231,1.329665,0.0,,0.456139,0.090173,,0.532066,NVTX inference includes CUDA event synchronization,3124335325928508,0.362211,13.526298,5.703399,1.4668149999999995,7.756288,0.110865,1.182737,1.036172,3.259883,1.054955,0.000608,0.006464,3.666468,1.632178,1.106734,10.10598,26.585548,0.351196,1.340319,20370107051,20307755989,156,62.351062,dino,False,8.118499,3.237498,i2-i30-0398,scene-0398,scene-0398:image:156
9.3e-05,0.000608,0.002124,0.003018,0.001941,1.359723,0.000205,,0.390383,0.093246,,0.5599,NVTX inference includes CUDA event synchronization,3124335396047303,0.321474,3.613956,5.841685,1.5003170000000008,7.931452,0.090916,1.238066,0.727159,3.560616,1.12766,0.004064,0.004128,3.34347,1.666903,0.805528,10.223297,26.668644,0.325274,1.315271,20440226475,20377483253,157,62.743222,dino,False,8.252926,1.684132,i2-i30-0398,scene-0398,scene-0398:image:157
0.0,0.000608,0.002317,0.002523,0.0018,1.357124,0.0,,0.3678,0.099542,,0.544968,NVTX inference includes CUDA event synchronization,3124335465779929,0.314436,3.611676,5.576048999999999,1.433236,7.638295,0.087337,1.196138,0.724468,3.404084,1.09918,0.005376,0.002912,3.368508,1.645741,0.799381,10.220749,26.623523,0.333316,1.290011,20509958050,20447537871,158,62.420179,dino,False,7.952731,1.644025,i2-i30-0398,scene-0398,scene-0398:image:158
0.00045,0.000608,0.002594,0.002323,0.001811,1.311082,0.0,,0.374049,0.090122,,0.564724,NVTX inference includes CUDA event synchronization,3124335535725354,0.325603,3.650034,5.621483,1.4326870000000005,7.643643,0.08852,1.202275,0.785738,3.383981,1.068236,0.003457,0.004352,3.296998,1.637163,0.862859,10.091052,26.695912,0.320698,1.298415,20579903759,20517372082,159,62.531677,dino,False,7.969246,1.662702,i2-i30-0398,scene-0398,scene-0398:image:159
0.000502,0.0,0.002219,0.002786,0.001656,1.323444,0.0,,0.400614,0.097827,,0.545981,NVTX inference includes CUDA event synchronization,3124335605661175,0.332101,3.754677,5.684455,1.4777609999999992,7.727383,0.092405,1.211052,0.804875,3.420227,1.043596,0.004736,0.004832,3.402773,1.660659,0.879948,10.15178,26.560682,0.339506,1.312302,20649840081,20587428608,160,62.411473,dino,False,8.059484,1.754332,i2-i30-0398,scene-0398,scene-0398:image:160
0.0,0.000504,0.002378,0.002251,0.001781,1.345882,1e-05,,0.390362,0.090331,,0.558875,NVTX inference includes CUDA event synchronization,3124335675802843,0.32506,3.653907,5.845862,1.4754910000000008,7.913176000000001,0.090661,1.306368,0.758295,3.480178,1.116875,0.005152,0.005216,3.365737,1.736292,0.834264,10.128284,26.612041,0.326424,1.29581,20719980766,20657310310,161,62.670456,dino,False,8.238236,1.68617,i2-i30-0398,scene-0398,scene-0398:image:161
0.0,0.0,0.002234,0.00296,0.001787,1.355404,0.0,,0.41443,0.091677,,0.557146,NVTX inference includes CUDA event synchronization,3124335811046472,0.318343,3.732592,5.790415,1.5179820000000008,7.897710000000001,0.098347,1.197922,0.827622,3.409882,1.154762,0.002752,0.006784,3.503718,1.649221,0.898663,10.295022,26.702294,0.338123,1.316402,20855224779,20792670435,162,62.554344,dino,False,8.216053,1.707164,i2-i30-0398,scene-0398,scene-0398:image:162
0.000608,0.001034,0.00211,0.002266,0.001914,1.334052,0.0,,0.410909,0.095732,,0.545159,NVTX inference includes CUDA event synchronization,3124335883677017,0.329859,3.612553,5.830546999999999,1.4491309999999995,7.8944719999999995,0.098202,1.20277,0.839753,3.578883,1.047979,0.002368,0.005245,3.678809,1.653272,0.913418,10.191708,26.74386,0.341643,1.334212,20927855645,20864948086,163,62.907559,dino,False,8.224331,4.043276,i2-i30-0398,scene-0398,scene-0398:image:163
0.0,0.0,0.00211,0.00226,0.001672,1.321948,0.000608,,0.441838,0.090373,,0.556789,NVTX inference includes CUDA event synchronization,3124335953776853,0.377411,3.665578,5.755458000000001,1.5170650000000006,7.795645,0.091496,1.207031,0.88012,3.417975,1.050248,0.004448,0.004673,3.414789,1.648735,0.957337,10.12666,26.553451,0.340771,1.317267,20997955320,20935351169,164,62.604151,dino,False,8.173056,1.683404,i2-i30-0398,scene-0398,scene-0398:image:164
0.0,0.0,0.002395,0.002677,0.001816,1.346879,0.0,,0.379067,0.093141,,0.52773,NVTX inference includes CUDA event synchronization,3124336025054202,0.321829,3.698569,5.792732000000001,1.4814540000000003,7.8246080000000005,0.090736,1.301504,0.746642,3.472297,1.043916,0.00528,0.004608,3.36466,1.747688,0.820947,10.156756,26.623782,0.327552,1.318549,21069233104,21006641172,165,62.591932,dino,False,8.146437,1.660591,i2-i30-0398,scene-0398,scene-0398:image:165
0.0,0.0,0.002256,0.002844,0.00196,1.440832,0.0,,0.378921,0.097564,,0.551904,NVTX inference includes CUDA event synchronization,3124336095668897,0.315558,3.658646,6.159461,1.5439750000000005,8.320184000000001,0.08734,1.292883,0.714166,3.889528,1.100586,0.002816,0.004448,3.292026,1.72511,0.789655,10.561998,26.812302,0.324896,1.292928,21139847463,21076651502,166,63.195961,dino,False,8.635742,1.681494,i2-i30-0398,scene-0398,scene-0398:image:166
0.0,0.001728,0.002153,0.00272,0.001762,1.364587,0.0,,0.380864,0.091499,,0.535582,NVTX inference includes CUDA event synchronization,3124336174896911,0.322884,3.78291,5.60791,1.4457520000000006,7.665921,0.095602,1.27054,0.777928,3.35657,1.033613,0.004416,0.004384,3.402734,1.704433,0.851209,10.035492,26.604542,0.326074,1.299641,21219075594,21156827895,167,62.247699,dino,False,7.988805,1.770477,i2-i30-0398,scene-0398,scene-0398:image:167
0.0,0.000226,0.002184,0.002431,0.00175,1.337297,0.0,,0.426909,0.091245,,0.523047,NVTX inference includes CUDA event synchronization,3124336324792947,0.343619,13.241306,5.811367,1.4790259999999993,7.852836999999999,0.093592,1.276408,0.83728,3.422262,1.079824,0.00208,0.005984,3.444909,1.724859,0.908897,10.140492,26.587452,0.346809,1.327769,21368971196,21306689166,168,62.28203,dino,False,8.196456,1.72269,i2-i30-0398,scene-0398,scene-0398:image:168
0.0,0.0,0.002234,0.00225,0.001891,1.34741,0.0,,0.383575,0.088962,,0.585103,NVTX inference includes CUDA event synchronization,3124336395902830,0.31725,3.676596,5.874898,1.5065239999999998,7.969073,0.088166,1.240139,0.722365,3.567325,1.153932,0.003072,0.0048,3.330237,1.673265,0.799294,10.223246,26.942585,0.328199,1.296496,21440081222,21376629362,169,63.45186,dino,False,8.286323,1.788656,i2-i30-0398,scene-0398,scene-0398:image:169
0.000464,0.0,0.002322,0.002273,0.001788,1.333648,0.00064,,0.373361,0.09859,,0.548707,NVTX inference includes CUDA event synchronization,3124336466014837,0.317955,3.710388,5.625926,1.4263820000000003,7.669764000000001,0.090304,1.201177,0.74164,3.470638,1.04801,0.005344,0.004224,3.407054,1.651835,0.816841,10.291999,26.64051,0.335797,1.303622,21510193660,21447649149,170,62.544511,dino,False,7.987719,1.700638,i2-i30-0398,scene-0398,scene-0398:image:170
0.000495,0.0,0.002946,0.00245,0.001733,1.357782,0.0,,0.446555,0.08946,,0.556656,NVTX inference includes CUDA event synchronization,3124336536297503,0.392324,3.655683,5.760127000000001,1.4416650000000004,7.82588,0.09395,1.288039,0.809475,3.487272,1.091274,0.003585,0.002944,3.358419,1.722636,0.906148,10.055536,26.698148,0.335812,1.292884,21580475496,21517822072,171,62.653424,dino,False,8.218204,1.806588,i2-i30-0398,scene-0398,scene-0398:image:171
0.0,0.000608,0.00278,0.00217,0.001704,1.327405,0.000544,,0.407406,0.091501,,0.553569,NVTX inference includes CUDA event synchronization,3124336606632039,0.340197,3.678512,5.704345,1.4692509999999999,7.751835,0.096214,1.252369,0.81572,3.409187,1.039979,0.00464,0.004672,3.437977,1.700629,0.889609,10.192724,26.616407,0.333384,1.302527,21650810459,21588101856,172,62.708603,dino,False,8.092032,1.946225,i2-i30-0398,scene-0398,scene-0398:image:172
0.000226,0.0,0.00279,0.002128,0.001682,1.356109,0.0,,0.389409,0.09187,,0.541004,NVTX inference includes CUDA event synchronization,3124336676686499,0.32237,3.654027,5.742875,1.4727610000000002,7.8057229999999995,0.090053,1.229616,0.732536,3.495466,1.098093,0.00448,0.005088,3.331159,1.655575,0.805689,10.062874,26.788144,0.328329,1.312784,21720864706,21658259370,173,62.605336,dino,False,8.128093,1.706821,i2-i30-0398,scene-0398,scene-0398:image:173
0.0,0.0,0.002601,0.002466,0.001831,1.409183,0.0,,0.488656,0.095277,,0.522709,NVTX inference includes CUDA event synchronization,3124336829456192,0.363876,13.840472,6.421066000000001,1.5481040000000004,8.579913000000001,0.129561,1.262818,1.05345,3.786162,1.156334,0.000544,0.006816,3.920803,1.667044,1.123818,10.122174,26.735473,0.368055,1.416788,21873634734,21810860691,174,62.774043,dino,False,8.943789,3.397682,i2-i30-0398,scene-0398,scene-0398:image:174
0.0,0.0,0.00234,0.002447,0.001913,1.340704,0.0,,0.416948,0.093868,,0.544167,NVTX inference includes CUDA event synchronization,3124336899528550,0.344357,3.666704,5.869967999999999,1.4139019999999993,7.927997999999999,0.102793,1.270415,0.87051,3.559937,1.046414,0.000576,0.007808,4.384723,1.713618,0.941007,10.175516,26.637715,0.414549,1.744731,21943706991,21881256833,175,62.450158,dino,False,8.272355,1.837511,i2-i30-0398,scene-0398,scene-0398:image:175
0.0,0.00096,0.002663,0.002308,0.001802,1.310123,0.0,,0.392833,0.085341,,0.563244,NVTX inference includes CUDA event synchronization,3124336969831018,0.33242,3.651468,5.50083,1.4997999999999996,7.527684,0.091581,1.182229,0.754485,3.278427,1.045838,0.00304,0.004704,3.32407,1.632984,0.851542,10.136507,26.630556,0.333186,1.299187,22014009256,21951477227,176,62.532029,dino,False,7.860104,1.768177,i2-i30-0398,scene-0398,scene-0398:image:176
0.000366,0.000574,0.002683,0.002261,0.001886,1.331485,0.000512,,0.394636,0.092167,,0.545677,NVTX inference includes CUDA event synchronization,3124337040235687,0.323875,3.79562,5.707535,1.4618609999999999,7.755907,0.094285,1.190735,0.788518,3.43493,1.100717,0.003488,0.005248,3.461515,1.634002,0.861799,10.00434,26.644145,0.334662,1.314945,22084413762,22021933828,177,62.479934,dino,False,8.079782,2.022828,i2-i30-0398,scene-0398,scene-0398:image:177
0.0,0.001266,0.002873,0.002309,0.002238,1.334192,0.0,,0.408716,0.094533,,0.54407,NVTX inference includes CUDA event synchronization,3124337110746585,0.339142,3.606863,5.774903999999999,1.477169,7.825959,0.095809,1.20023,0.809308,3.533481,1.039951,0.004673,0.00448,3.433801,1.650187,0.884733,10.383015,26.666183,0.33559,1.30747,22154924794,22092060912,178,62.863882,dino,False,8.165101,1.928785,i2-i30-0398,scene-0398,scene-0398:image:178
0.0,0.0,0.002234,0.002291,0.002357,1.405812,0.0,,0.40462,0.09894,,0.532107,NVTX inference includes CUDA event synchronization,3124337181676581,0.325827,3.598318,6.317149000000001,1.5843770000000008,8.439683,0.097751,1.269497,0.735387,3.702996,1.365838,0.00272,0.006944,3.634285,1.717631,0.809531,10.157952,27.086994,0.339904,1.429643,22225854860,22162485923,179,63.368937,dino,False,8.76551,1.74187,i2-i30-0398,scene-0398,scene-0398:image:179
0.0,0.0,0.00228,0.002388,0.001756,1.347684,0.000608,,0.39742,0.090703,,0.549386,NVTX inference includes CUDA event synchronization,3124337400900989,0.320004,3.558321,5.936630000000001,1.4744450000000011,8.008851,0.087249,1.308908,0.749679,3.482062,1.216848,0.00288,0.006784,3.397106,1.757169,0.821904,10.140686,26.827804,0.328296,1.42511,22445078974,22381923207,181,63.155767,dino,False,8.328855,1.631008,i2-i30-0398,scene-0398,scene-0398:image:181
0.0,0.0,0.002368,0.002334,0.002012,1.280436,0.0,,0.370967,0.087442,,0.60956,NVTX inference includes CUDA event synchronization,3124337470486328,0.331685,3.620966,5.356755,1.5110849999999996,7.380189,0.088233,1.169683,0.737801,3.16423,1.033642,0.002976,0.004224,3.324943,1.618552,0.817066,9.954144,26.601229,0.324799,1.292413,22514664693,22452405427,182,62.259266,dino,False,7.711874,1.705093,i2-i30-0398,scene-0398,scene-0398:image:182
0.0,0.001003,0.00195,0.003198,0.001665,1.314819,0.000434,,0.38091,0.087047,,0.533617,NVTX inference includes CUDA event synchronization,3124337540120695,0.319108,3.578161,5.529734,1.4485290000000006,7.535269,0.08915,1.183026,0.739195,3.301759,1.085678,0.00352,0.00352,3.314725,1.63215,0.813948,9.87939,26.612702,0.327041,1.311738,22584299147,22521992197,183,62.30695,dino,False,7.854377,1.752678,i2-i30-0398,scene-0398,scene-0398:image:183
0.0,0.000595,0.00306,0.002309,0.001854,1.309589,0.000576,,0.394286,0.092001,,0.553978,NVTX inference includes CUDA event synchronization,3124337610358838,0.329925,3.588218,5.72306,1.4843640000000002,7.751383,0.097923,1.20374,0.801582,3.444502,1.039373,0.00496,0.004864,3.435239,1.651075,0.876398,10.235,26.794307,0.345884,1.308517,22654537079,22591634364,184,62.902715,dino,False,8.081308,1.774332,i2-i30-0398,scene-0398,scene-0398:image:184
0.0,0.0,0.00231,0.002242,0.001857,1.319345,0.0,,0.38282,0.087,,0.555485,NVTX inference includes CUDA event synchronization,3124337680138380,0.316101,3.585352,5.670638,1.4673829999999999,7.705596,0.089148,1.191132,0.717276,3.467496,1.082318,0.002752,0.004192,3.301376,1.636895,0.792093,9.995517,26.670255,0.326668,1.275917,22724316805,22661735492,185,62.581313,dino,False,8.021697,1.649736,i2-i30-0398,scene-0398,scene-0398:image:185
0.0,0.000634,0.002106,0.002434,0.001733,1.337413,0.0,,0.481748,0.093015,,0.541554,NVTX inference includes CUDA event synchronization,3124337829662368,0.369061,13.631741,5.786745,1.4718470000000003,7.878321,0.175186,1.183236,1.087603,3.224634,1.097772,0.000576,0.006528,3.966826,1.635243,1.158259,10.071354,26.647997,0.359051,1.42055,22873840991,22811205512,186,62.635479,dino,False,8.247382,3.247422,i2-i30-0398,scene-0398,scene-0398:image:186
0.0,0.0,0.002108,0.002882,0.001804,1.358203,0.0,,0.365594,0.090223,,0.550628,NVTX inference includes CUDA event synchronization,3124337899592705,0.313314,3.609198,5.842148999999999,1.468506999999999,7.900276999999999,0.087458,1.245274,0.702788,3.614544,1.087948,0.002784,0.004288,3.351095,1.686433,0.779492,10.17539,26.679393,0.323179,1.282002,22943771396,22880986640,187,62.784756,dino,False,8.213591,1.628336,i2-i30-0398,scene-0398,scene-0398:image:187
0.0,0.0,0.002022,0.002101,0.001805,1.38379,0.0,,0.424363,0.091531,,0.545502,NVTX inference includes CUDA event synchronization,3124337969683192,0.350213,3.690776,5.821629,1.5810260000000005,7.92253,0.094035,1.219187,0.803514,3.499097,1.066988,0.004672,0.004224,3.372099,1.635288,0.899323,9.977911,26.6507,0.332522,1.316682,23013861226,22951365607,188,62.495619,dino,False,8.272743,1.703763,i2-i30-0398,scene-0398,scene-0398:image:188
0.0,0.0,0.002451,0.002226,0.001659,1.321995,0.000576,,0.396817,0.087317,,0.537915,NVTX inference includes CUDA event synchronization,3124338039202875,0.334147,3.670027,5.636105,1.446262,7.652914,0.086949,1.193807,0.745503,3.413474,1.092554,0.005152,0.00336,3.330563,1.635186,0.818144,9.970666,26.612884,0.326085,1.29097,23083381135,23021149630,189,62.231505,dino,False,7.987061,1.638253,i2-i30-0398,scene-0398,scene-0398:image:189
0.0,0.0,0.002565,0.002853,0.002067,1.486274,0.000608,,0.405108,0.110358,,0.553324,NVTX inference includes CUDA event synchronization,3124338110773602,0.3329,3.664234,6.856525999999999,1.7038189999999993,9.086782999999999,0.093943,1.347931,0.779747,4.432952,1.051211,0.004864,0.005216,3.404404,1.796607,0.855043,11.195566,26.667677,0.336875,1.324772,23154953271,23090794074,190,64.159197,dino,False,9.419683,1.691085,i2-i30-0398,scene-0398,scene-0398:image:190
0.0,0.0,0.00222,0.002737,0.001782,1.369064,0.0,,0.44952,0.092534,,0.546115,NVTX inference includes CUDA event synchronization,3124338182219104,0.362951,3.771262,6.165578,1.521382,8.266599,0.114993,1.325415,0.898069,3.578378,1.18376,0.002913,0.00464,3.552969,1.774827,0.971062,10.245068,26.87167,0.40845,1.340992,23226397858,23163058396,191,63.339462,dino,False,8.62955,1.738825,i2-i30-0398,scene-0398,scene-0398:image:191
0.0,0.000312,0.002459,0.002315,0.001814,1.31157,0.0,,0.443607,0.092238,,0.556044,NVTX inference includes CUDA event synchronization,3124338331382405,0.339907,13.491557,5.684057000000001,1.446626000000001,7.7545090000000005,0.106185,1.202312,0.951692,3.31298,1.067243,0.001216,0.006162,3.796508,1.6507,1.022061,10.141825,26.683661,0.417581,1.354705,23375560447,23313017850,192,62.542597,dino,False,8.094416,4.595173,i2-i30-0398,scene-0398,scene-0398:image:192
0.0,0.000104,0.002715,0.002456,0.001828,1.334001,0.000576,,0.391252,0.095588,,0.543211,NVTX inference includes CUDA event synchronization,3124338401419997,0.320293,3.5949,5.811394999999999,1.4683609999999998,7.862832999999999,0.087854,1.242697,0.734263,3.470418,1.169101,0.00288,0.007552,3.37217,1.688365,0.808728,10.111973,26.697962,0.330028,1.454725,23445598754,23382900078,193,62.698676,dino,False,8.183126,1.621524,i2-i30-0398,scene-0398,scene-0398:image:193
0.0,0.0,0.002198,0.002684,0.001863,1.326611,0.000672,,0.378809,0.096211,,0.55537,NVTX inference includes CUDA event synchronization,3124338471403036,0.320037,3.616537,5.747097999999999,1.4870789999999996,7.791479,0.089787,1.230566,0.737814,3.488721,1.071053,0.00368,0.002816,3.355888,1.673292,0.812855,10.215479,26.658179,0.33125,1.286868,23515581476,23452992269,194,62.589207,dino,False,8.111516,1.698559,i2-i30-0398,scene-0398,scene-0398:image:194
0.0,0.000748,0.002055,0.002819,0.002018,1.307606,0.0,,0.38055,0.091059,,0.529954,NVTX inference includes CUDA event synchronization,3124338541422515,0.320803,3.669147,5.7663649999999995,1.4962279999999994,7.762371,0.091287,1.279077,0.733966,3.378123,1.097389,0.00288,0.004224,3.30504,1.7243,0.808687,9.982033,26.663871,0.329568,1.311074,23585601013,23523098899,195,62.502114,dino,False,8.083174,1.641431,i2-i30-0398,scene-0398,scene-0398:image:195
0.0,0.0,0.00205,0.0023,0.001925,1.392271,0.0,,0.411948,0.09442,,0.565049,NVTX inference includes CUDA event synchronization,3124338612674192,0.331779,3.724642,6.076301000000001,1.511604000000001,8.214485000000002,0.107855,1.296319,0.840725,3.683188,1.098669,0.000512,0.007392,3.69591,1.734949,0.915286,10.380469,26.765661,0.34887,1.34302,23656852658,23593762910,196,63.089748,dino,False,8.546264,2.293285,i2-i30-0398,scene-0398,scene-0398:image:196
0.000378,0.001021,0.002658,0.002144,0.00173,1.344235,0.000512,,0.354958,0.096024,,0.538963,NVTX inference includes CUDA event synchronization,3124338682626573,0.290018,3.628747,5.835773,1.4797219999999998,7.8883779999999994,0.092671,1.195872,0.742766,3.522519,1.132429,0.004832,0.007585,3.44453,1.648291,0.816431,10.146046,26.665443,0.382816,1.835508,23726805139,23664171486,197,62.633653,dino,False,8.178396,1.484706,i2-i30-0398,scene-0398,scene-0398:image:197
0.0,0.0,0.002344,0.002279,0.001796,1.389322,0.000576,,0.714524,0.098725,,0.522637,NVTX inference includes CUDA event synchronization,3124338831560082,0.419366,13.268927,6.576549999999999,1.4826169999999994,8.889387,0.116834,1.193668,1.940367,3.472438,1.096652,0.000576,0.005601,3.771229,1.641032,2.010801,10.041906,26.789858,0.359805,1.37909,23875738940,23812254966,198,63.483974,dino,False,9.308753,3.695186,i2-i30-0398,scene-0398,scene-0398:image:198
0.0,0.0,0.002246,0.002222,0.001777,1.349112,0.0,,0.429943,0.092619,,0.541473,NVTX inference includes CUDA event synchronization,3124338903317368,0.333219,3.604982,5.794521,1.528448,7.880694,0.096266,1.213179,0.81557,3.472212,1.078254,0.002944,0.00704,3.605228,1.660736,0.910258,10.191971,26.582599,0.345418,1.367415,23947495726,23884875034,199,62.620692,dino,False,8.213913,3.487739,i2-i30-0398,scene-0398,scene-0398:image:199
0.0,0.001216,0.002258,0.002713,0.001749,1.337878,0.0,,0.382135,0.093433,,0.552028,NVTX inference includes CUDA event synchronization,3124338973312540,0.322821,3.650951,5.693002,1.4965359999999999,7.7435909999999994,0.088634,1.234988,0.730566,3.438427,1.069773,0.00336,0.004128,3.335644,1.669008,0.805639,10.090556,26.584238,0.324686,1.306954,24017491228,23955003891,200,62.487337,dino,False,8.066412,1.644892,i2-i30-0398,scene-0398,scene-0398:image:200
2.3e-05,0.00064,0.003214,0.002329,0.002097,1.336884,0.0,,0.432458,0.09111,,0.553517,NVTX inference includes CUDA event synchronization,3124339043319523,0.347267,3.594665,5.765742000000001,1.5094770000000004,7.840747,0.091369,1.207167,0.799496,3.420973,1.15006,0.004768,0.004704,3.396545,1.648037,0.873545,10.045708,26.82788,0.332814,1.308853,24087497901,24024845013,201,62.652888,dino,False,8.188014,1.675127,i2-i30-0398,scene-0398,scene-0398:image:201
0.0,0.0,0.002438,0.002231,0.00244,1.317292,0.0,,0.416729,0.097446,,0.552967,NVTX inference includes CUDA event synchronization,3124339113486898,0.343939,3.599213,5.801838999999999,1.442158,7.849443,0.091789,1.314748,0.811792,3.468529,1.05483,0.005152,0.004384,3.364717,1.750944,0.887089,10.146646,26.691242,0.335792,1.334013,24157664755,24094996311,202,62.668444,dino,False,8.193382,1.711645,i2-i30-0398,scene-0398,scene-0398:image:202
0.0,0.0,0.002053,0.002963,0.001734,1.313232,0.0,,0.372009,0.097127,,0.540283,NVTX inference includes CUDA event synchronization,3124339183353839,0.320837,3.571921,5.637727,1.4313769999999995,7.646291,0.087729,1.202711,0.728146,3.467746,1.041867,0.002848,0.004704,3.38721,1.649081,0.801779,10.053888,26.70323,0.331153,1.298339,24227532847,24165019966,203,62.512881,dino,False,7.967128,1.639204,i2-i30-0398,scene-0398,scene-0398:image:203
0.0,0.0,0.002212,0.002728,0.001804,1.667188,0.000512,,0.519113,0.088663,,0.593856,NVTX inference includes CUDA event synchronization,3124339328919833,0.342791,11.301704,6.44181,1.7717539999999996,8.975095,0.120072,1.224088,1.245655,3.674244,1.274457,0.00048,0.007136,3.955277,1.676444,1.317336,10.555847,26.847223,0.336574,1.342848,24373098482,24309362786,204,63.735696,dino,False,9.317886,3.287565,i2-i30-0398,scene-0398,scene-0398:image:204
0.00034,0.0,0.002895,0.002305,0.001918,1.374638,0.00048,,0.391685,0.091202,,0.54788,NVTX inference includes CUDA event synchronization,3124339399305097,0.31837,3.569939,5.961804000000001,1.510668,8.056777,0.089192,1.229855,0.742298,3.6436,1.152046,0.004608,0.00288,3.413521,1.671843,0.816251,10.270491,26.627706,0.330897,1.314248,24443483369,24380564777,205,62.918592,dino,False,8.375147,1.685213,i2-i30-0398,scene-0398,scene-0398:image:205
0.0,0.0,0.002677,0.002295,0.002016,1.337475,0.0,,0.395145,0.094295,,0.579513,NVTX inference includes CUDA event synchronization,3124339469974534,0.344325,3.586969,5.8153570000000006,1.525157,7.884448000000001,0.091684,1.230254,0.837991,3.457113,1.077038,0.00528,0.004256,3.394061,1.666194,0.912776,10.116212,26.896519,0.328592,1.311207,24514152801,24450913721,206,63.23908,dino,False,8.228773,1.657533,i2-i30-0398,scene-0398,scene-0398:image:206
0.0,0.0,0.002493,0.002231,0.00181,1.365533,0.000544,,0.404887,0.095877,,0.553181,NVTX inference includes CUDA event synchronization,3124339540178358,0.33018,3.624549,5.845643000000001,1.4936300000000005,7.942019,0.090005,1.225886,0.763079,3.547199,1.142864,0.004992,0.004544,3.350979,1.673601,0.836488,10.126235,26.728562,0.327468,1.306549,24584356560,24521626703,207,62.729857,dino,False,8.272199,1.655812,i2-i30-0398,scene-0398,scene-0398:image:207
0.0,0.0,0.003584,0.002673,0.00192,1.434552,0.0,,0.39892,0.097707,,0.532479,NVTX inference includes CUDA event synchronization,3124339683544392,0.326756,3.569241,5.7629269999999995,1.4529069999999997,7.908006,0.089686,1.236178,0.747808,3.610187,1.089196,0.003008,0.005792,3.425852,1.680821,0.821025,10.196937,26.760299,0.334258,1.447673,24727723581,24664957755,209,62.765826,dino,False,8.234762,1.653318,i2-i30-0398,scene-0398,scene-0398:image:209
0.0,0.000576,0.002003,0.002692,0.001845,1.364369,0.0,,0.493248,0.13924,,0.519873,NVTX inference includes CUDA event synchronization,3124339816493895,0.361764,4.081083,5.9291220000000004,1.4968089999999998,8.091204000000001,0.118183,1.217066,1.031701,3.440685,1.13998,0.001056,0.007488,4.55224,1.661263,1.102197,10.072672,26.773274,0.422889,1.766908,24860672548,24797970910,210,62.701638,dino,False,8.452968,1.884218,i2-i30-0398,scene-0398,scene-0398:image:210
0.000623,0.000427,0.002071,0.002395,0.001771,1.305988,0.0,,0.426727,0.089526,,0.547956,NVTX inference includes CUDA event synchronization,3124339887425110,0.335522,3.537231,5.585056,1.465465,7.627018,0.106205,1.191028,0.877547,3.249615,1.064296,0.000544,0.00784,4.250648,1.635161,0.9523,9.952854,26.761959,0.395418,1.705463,24931603578,24868720334,211,62.883244,dino,False,7.96254,2.543373,i2-i30-0398,scene-0398,scene-0398:image:211
0.0,0.000608,0.002201,0.002247,0.001847,1.353418,0.0,,0.440415,0.094199,,0.554089,NVTX inference includes CUDA event synchronization,3124339957665315,0.325027,3.613693,6.0586660000000006,1.5161829999999998,8.182663,0.119313,1.368413,0.950044,3.467964,1.077325,0.000544,0.007904,4.376154,1.804707,1.022301,10.014148,26.65037,0.405117,1.743222,25001843502,24939014923,212,62.828579,dino,False,8.50769,1.742764,i2-i30-0398,scene-0398,scene-0398:image:212
0.0,0.00144,0.002598,0.002396,0.002217,1.336637,0.0,,0.404979,0.08781,,0.53635,NVTX inference includes CUDA event synchronization,3124340027223591,0.324067,3.535734,5.478834,1.4473060000000002,7.5291939999999995,0.103972,1.16839,0.856407,3.239765,1.029101,0.000576,0.007744,4.237469,1.616939,0.930712,10.054903,26.54031,0.389245,1.693878,25071401691,25008988204,213,62.413487,dino,False,7.853261,1.656675,i2-i30-0398,scene-0398,scene-0398:image:213
0.0,0.0,0.001927,0.002337,0.001634,1.375243,0.0,,0.423188,0.09035,,0.555671,NVTX inference includes CUDA event synchronization,3124340097599203,0.321509,3.650731,5.948447999999999,1.4925929999999994,8.077288999999999,0.107003,1.250227,0.927311,3.536308,1.07662,0.001248,0.007488,4.395132,1.685757,0.99976,10.160244,26.696558,0.477455,1.733372,25141777423,25078782938,214,62.994485,dino,False,8.398798,1.748867,i2-i30-0398,scene-0398,scene-0398:image:214
0.0,0.000608,0.002195,0.002146,0.001789,1.323289,0.000544,,0.458479,0.088468,,0.548786,NVTX inference includes CUDA event synchronization,3124340175086780,0.345381,3.602969,5.786573000000001,1.4545210000000006,7.867496000000001,0.117508,1.242597,0.998258,3.334637,1.055788,0.00112,0.008448,4.474489,1.672297,1.068914,9.932485,26.672746,0.414765,1.792391,25219265634,25156859128,215,62.406506,dino,False,8.212877,1.783145,i2-i30-0398,scene-0398,scene-0398:image:215
0.0,0.0,0.002106,0.002732,0.001902,1.339705,0.000576,,0.472531,0.087143,,0.580645,NVTX inference includes CUDA event synchronization,3124340330365825,0.349219,13.819985,6.0465029999999995,1.4476879999999994,8.184624,0.114821,1.211682,1.145496,3.561505,1.040939,0.0048,0.006912,4.945735,1.614791,1.218104,9.970573,26.583158,0.429936,1.764085,25374544469,25312240080,216,62.304389,dino,False,8.533843,3.496921,i2-i30-0398,scene-0398,scene-0398:image:216
0.000325,0.0,0.002264,0.003167,0.001877,1.325296,0.0,,0.395311,0.094314,,0.54576,NVTX inference includes CUDA event synchronization,3124340399970699,0.30842,3.512094,5.71284,1.430879,7.772734,0.103425,1.211367,0.822408,3.420101,1.08699,0.000512,0.005472,4.308163,1.659342,0.894217,10.061841,26.782989,0.41773,1.786099,25444148815,25381763704,217,62.385111,dino,False,8.081154,1.698019,i2-i30-0398,scene-0398,scene-0398:image:217
0.0,0.00064,0.002633,0.002216,0.001699,1.364898,0.0,,0.415001,0.096855,,0.560032,NVTX inference includes CUDA event synchronization,3124340470172552,0.321219,3.55468,5.788844,1.4917999999999996,7.911599,0.106103,1.184986,0.85793,3.565044,1.018923,0.00064,0.007392,4.258008,1.632926,0.953451,10.384304,26.576794,0.397962,1.680361,25514351369,25451463356,218,62.888013,dino,False,8.232818,1.678282,i2-i30-0398,scene-0398,scene-0398:image:218
0.00064,0.000544,0.002046,0.002828,0.001897,1.319218,0.0,,0.399863,0.094167,,0.536181,NVTX inference includes CUDA event synchronization,3124340539944341,0.308963,3.576316,5.606959999999999,1.442539,7.655380999999999,0.104824,1.180727,0.831989,3.31414,1.082061,0.000576,0.007488,4.238496,1.630013,0.904661,9.910184,26.590017,0.396669,1.704709,25584122254,25521717180,219,62.405074,dino,False,7.964344,1.674643,i2-i30-0398,scene-0398,scene-0398:image:219
0.0,0.0,0.002162,0.002223,0.001841,1.367824,0.000402,,0.445918,0.09237,,0.537852,NVTX inference includes CUDA event synchronization,3124340677263288,0.32279,3.791048,6.0042469999999994,1.48801,8.132049,0.11562,1.234393,0.968095,3.543684,1.096429,0.001056,0.007552,4.438445,1.663391,1.039167,10.187334,26.677243,0.414817,1.764484,25721442083,25658784071,220,62.658012,dino,False,8.454839,1.7846,i2-i30-0398,scene-0398,scene-0398:image:220
0.0,0.000576,0.002446,0.002258,0.001715,1.381936,0.0,,0.501472,0.095246,,0.506914,NVTX inference includes CUDA event synchronization,3124340828046640,0.355716,13.542314,6.277279999999999,1.4837280000000002,8.414127,0.135013,1.238917,1.235932,3.587153,1.079948,0.00112,0.008032,5.377233,1.642919,1.306718,9.920921,26.752928,0.426925,1.862561,25872225126,25809568765,221,62.656361,dino,False,8.769843,3.302772,i2-i30-0398,scene-0398,scene-0398:image:221
0.0,0.0,0.002332,0.002329,0.00214,1.321925,0.0,,0.404737,0.090673,,0.544969,NVTX inference includes CUDA event synchronization,3124340898100455,0.325379,3.583466,5.734262000000001,1.4283830000000002,7.777988000000001,0.100187,1.231242,0.862244,3.450496,1.023403,0.000512,0.0069,4.27993,1.674483,0.933573,10.053627,26.729382,0.407721,1.711395,25942278976,25879484638,222,62.794338,dino,False,8.103367,1.689008,i2-i30-0398,scene-0398,scene-0398:image:222
0.0,0.0,0.002181,0.002616,0.001646,1.314086,0.0,,0.390425,0.094915,,0.554884,NVTX inference includes CUDA event synchronization,3124340968287001,0.305797,3.56732,5.701403999999999,1.4352929999999988,7.756359999999999,0.10441,1.27245,0.834467,3.311076,1.096109,0.00064,0.007712,4.321373,1.720456,0.909956,10.0859,26.702746,0.401671,1.693276,26012465326,25949790209,223,62.675117,dino,False,8.062157,1.75667,i2-i30-0398,scene-0398,scene-0398:image:223
0.0,0.0,0.002571,0.002347,0.002581,1.335703,0.0,,0.403702,0.088853,,0.543024,NVTX inference includes CUDA event synchronization,3124341038489623,0.307366,3.600022,6.0427789999999995,1.5787519999999997,8.114194,0.104298,1.188804,0.85477,3.599663,1.087145,0.000512,0.007616,4.191891,1.627563,0.928019,10.090556,26.809572,0.391171,1.680598,26082668016,26019734932,224,62.933084,dino,False,8.42156,1.693851,i2-i30-0398,scene-0398,scene-0398:image:224
0.0,0.000576,0.002715,0.002255,0.001613,1.367667,0.0,,0.441871,0.094723,,0.559261,NVTX inference includes CUDA event synchronization,3124341108632864,0.324004,3.602907,5.790063000000001,1.4861830000000005,7.93674,0.110279,1.285127,0.930003,3.393396,1.048108,0.000544,0.007104,4.364984,1.731276,1.004084,10.140013,26.659544,0.414074,1.732357,26152811081,26090049283,225,62.761798,dino,False,8.260744,1.691538,i2-i30-0398,scene-0398,scene-0398:image:225
0.0,0.000576,0.002422,0.002196,0.001895,1.349988,0.0,,0.392888,0.09486,,0.567045,NVTX inference includes CUDA event synchronization,3124341178974651,0.307301,3.585982,5.888425,1.4646590000000002,7.992994,0.105308,1.229441,0.850467,3.611113,1.03121,0.000512,0.007585,4.2685,1.671974,0.923493,10.16086,26.686189,0.393631,1.686026,26223153340,26160245556,226,62.907784,dino,False,8.300295,1.691076,i2-i30-0398,scene-0398,scene-0398:image:226
0.0,0.000576,0.002787,0.00227,0.001773,1.41517,0.000544,,0.473218,0.094308,,0.537991,NVTX inference includes CUDA event synchronization,3124341327923134,0.334627,13.430622,6.5286539999999995,1.5833689999999994,8.722664,0.121001,1.2273,1.173288,3.807933,1.135438,0.000866,0.008096,4.520859,1.679307,1.244202,10.632241,26.779949,0.419298,1.765628,26372101610,26308719201,227,63.382409,dino,False,9.057291,3.2925,i2-i30-0398,scene-0398,scene-0398:image:227
0.000402,0.0,0.002021,0.002235,0.001708,1.313466,0.0,,0.388324,0.091749,,0.540452,NVTX inference includes CUDA event synchronization,3124341398261499,0.305252,3.640893,5.647899,1.3975669999999996,7.6830039999999995,0.104142,1.211921,0.845194,3.37777,1.043566,0.000512,0.007584,4.311049,1.651636,0.918603,9.957074,26.737361,0.394457,1.680058,26442439703,26379778397,228,62.661306,dino,False,7.988256,1.709924,i2-i30-0398,scene-0398,scene-0398:image:228
0.0,0.0,0.001841,0.00234,0.001749,1.374119,0.0,0.111282,0.497078,0.09496,0.0,0.524863,NVTX inference includes CUDA event synchronization,3124363100941094,0.397795,3.656917,5.808928000000001,1.4622780000000013,8.019365,0.110808,1.211555,0.981034,3.563443,1.080266,0.000576,0.0072,4.48874,1.661606,1.054923,10.401534,26.466884,0.416749,1.714909,7291482027,7228791694,1,62.690333,dino,False,8.41716,1.453629,i2-i30-0184,scene-0184,scene-0184:image:1
0.0,0.0,0.002097,0.002114,0.001727,1.366411,0.0,,0.424343,0.084154,,0.546879,NVTX inference includes CUDA event synchronization,3124363171265721,0.330308,3.740359,5.7045259999999995,1.4329939999999999,7.8019430000000005,0.104506,1.186058,0.915738,3.441168,1.043659,0.000544,0.007584,4.385068,1.619951,0.989499,9.965623,26.64617,0.408978,1.7299,7361805859,7299369786,2,62.436073,dino,False,8.132251,1.478293,i2-i30-0184,scene-0184,scene-0184:image:2
0.0,0.000294,0.002126,0.002635,0.001756,1.342015,0.0,,0.47369,0.0925,,0.539324,NVTX inference includes CUDA event synchronization,3124363240645619,0.347045,3.710889,5.621599,1.4301190000000004,7.728894,0.10263,1.291103,0.940201,3.266179,1.037931,0.00048,0.007296,4.337899,1.735907,1.014154,10.017976,26.449344,0.406889,1.709588,7431186289,7368981603,3,62.204686,dino,False,8.075939,1.531699,i2-i30-0184,scene-0184,scene-0184:image:3
0.0,0.000992,0.00243,0.002829,0.001704,1.381926,0.000544,,0.443366,0.090737,,0.539084,NVTX inference includes CUDA event synchronization,3124363508688391,0.330691,3.677588,5.980787000000001,1.451956000000001,8.113708,0.105664,1.345797,0.961412,3.533253,1.037741,0.001024,0.007552,4.39122,1.778214,1.031748,10.112501,26.484865,0.433027,1.746749,7699228531,7636899327,6,62.329204,dino,False,8.444399,1.538738,i2-i30-0184,scene-0184,scene-0184:image:6
0.0,0.000512,0.002312,0.002335,0.001618,1.360592,0.0,,0.435177,0.090755,,0.520553,NVTX inference includes CUDA event synchronization,3124363578342213,0.336803,3.700381,5.833736,1.4289110000000003,7.910787000000001,0.105158,1.224225,0.916125,3.538213,1.026766,0.000576,0.007616,4.340917,1.665897,0.989758,10.131632,26.556518,0.403292,1.713846,7768882304,7706369073,7,62.513231,dino,False,8.24759,1.521205,i2-i30-0184,scene-0184,scene-0184:image:7
0.000261,0.0,0.002607,0.002811,0.001745,1.414007,0.00048,,0.456634,0.09993,,0.510158,NVTX inference includes CUDA event synchronization,3124363673876719,0.340579,5.355267,6.129837,1.4969999999999999,8.277891,0.108188,1.248921,1.018183,3.642614,1.0947,0.001088,0.007776,4.487221,1.697019,1.089032,10.069592,26.517375,0.423061,1.77575,7864417425,7802171171,8,62.246254,dino,False,8.61847,1.682558,i2-i30-0184,scene-0184,scene-0184:image:8
0.000257,0.0,0.00318,0.002304,0.001764,1.39068,0.0,,0.423831,0.091249,,0.534052,NVTX inference includes CUDA event synchronization,3124363743911095,0.332483,3.662777,6.008824000000001,1.4919380000000002,8.123658,0.101844,1.244724,0.887061,3.580194,1.142284,0.000512,0.007584,4.281944,1.692024,0.963829,10.417857,26.692534,0.393233,1.711529,7934451539,7871530291,9,62.921248,dino,False,8.456141,1.513227,i2-i30-0184,scene-0184,scene-0184:image:9
0.0,0.0,0.002365,0.002316,0.001698,1.375481,0.0,,0.453678,0.089467,,0.541669,NVTX inference includes CUDA event synchronization,3124363821640498,0.339556,3.688318,5.838312,1.4980619999999991,7.96543,0.106438,1.2147,0.939658,3.412196,1.125675,0.000576,0.007681,4.391529,1.662478,1.012874,10.182559,26.60456,0.417317,1.733998,8012180198,7949579869,10,62.600329,dino,False,8.304986,1.784149,i2-i30-0184,scene-0184,scene-0184:image:10
0.0,0.000373,0.00235,0.002338,0.00168,1.371206,0.0,,0.445933,0.093563,,0.53169,NVTX inference includes CUDA event synchronization,3124363922082328,0.335459,3.700688,5.841620000000001,1.4875240000000005,7.955294,0.108451,1.22341,0.987378,3.436299,1.039082,0.00064,0.007969,4.407468,1.675384,1.063602,10.262173,26.482619,0.416677,1.74346,8112622881,8049819335,11,62.803546,dino,False,8.290753,1.820744,i2-i30-0184,scene-0184,scene-0184:image:11
0.0,0.0013,0.00285,0.002337,0.001667,1.457303,0.000544,,0.451743,0.097608,,0.524622,NVTX inference includes CUDA event synchronization,3124364009717508,0.332067,3.80182,6.3999820000000005,1.5249580000000007,8.607889,0.108129,1.368138,1.005381,3.842715,1.082283,0.000992,0.00736,4.456244,1.776878,1.076454,10.240116,26.641012,0.41865,1.76264,8200257601,8137461151,12,62.79645,dino,False,8.939956,1.828728,i2-i30-0184,scene-0184,scene-0184:image:12
0.0,0.000544,0.002293,0.002875,0.001666,1.37616,0.0,,0.429346,0.094639,,0.609109,NVTX inference includes CUDA event synchronization,3124364081548767,0.323268,3.821983,5.915839,1.4797449999999994,8.109202999999999,0.108538,1.222222,1.032512,3.499331,1.081867,0.00112,0.007136,4.45437,1.669109,1.100417,10.237213,26.61226,0.496207,1.823791,8272089374,8208387921,13,63.701453,dino,False,8.432471,1.948585,i2-i30-0184,scene-0184,scene-0184:image:13
0.0,0.000178,0.002785,0.002373,0.001845,1.417637,0.001088,,0.456041,0.098013,,0.518776,NVTX inference includes CUDA event synchronization,3124364171943077,0.332739,3.861297,6.154571,1.498882,8.320568,0.107216,1.23606,0.977237,3.72654,1.098284,0.001088,0.008,4.460528,1.673793,1.047926,10.20385,26.58836,0.415801,1.764999,8362483307,8300016582,14,62.466725,dino,False,8.653307,1.808655,i2-i30-0184,scene-0184,scene-0184:image:14
0.0,0.000608,0.002397,0.00232,0.001684,1.391824,0.0,,0.462074,0.086628,,0.547957,NVTX inference includes CUDA event synchronization,3124364242714042,0.349668,3.764215,5.986983,1.4718990000000005,8.132807000000001,0.106294,1.245684,0.977424,3.598986,1.07374,0.000544,0.007904,4.368512,1.676023,1.05064,10.202466,26.664664,0.422195,1.729805,8433254384,8370164141,15,63.090243,dino,False,8.482475,1.709707,i2-i30-0184,scene-0184,scene-0184:image:15
0.0,0.0,0.002618,0.002359,0.002068,1.398484,0.0,,0.432159,0.096368,,0.52499,NVTX inference includes CUDA event synchronization,3124364321789368,0.333157,3.744802,6.002146000000001,1.4641340000000005,8.128035,0.105677,1.292777,0.940151,3.614632,1.036205,0.00048,0.007136,4.37088,1.741008,1.012985,10.376082,26.549251,0.411615,1.742549,8512329997,8449675026,16,62.654971,dino,False,8.461192,1.688388,i2-i30-0184,scene-0184,scene-0184:image:16
0.000181,0.000512,0.002097,0.002284,0.001616,1.367981,0.0,,0.46472,0.091721,,0.532246,NVTX inference includes CUDA event synchronization,3124364422028708,0.3409,4.136229,5.745208,1.4659899999999997,7.867666,0.110044,1.187469,0.993583,3.359992,1.08305,0.001024,0.007414,4.503873,1.639571,1.064208,10.189292,26.455894,0.451384,1.813305,8612568560,8550358378,17,62.210182,dino,False,8.208566,1.740024,i2-i30-0184,scene-0184,scene-0184:image:17
0.0,0.001023,0.003183,0.002262,0.002016,1.427585,0.000544,,0.446101,0.099832,,0.518792,NVTX inference includes CUDA event synchronization,3124364511058257,0.335558,4.095605,6.278504999999999,1.4745919999999995,8.444284999999999,0.109308,1.305717,0.963642,3.823757,1.095083,0.001024,0.00672,4.405952,1.748057,1.035035,10.27554,26.54079,0.410851,1.757699,8701598142,8639050891,18,62.547251,dino,False,8.779843,1.712742,i2-i30-0184,scene-0184,scene-0184:image:18
0.0,0.0,0.002201,0.0023,0.001606,1.358109,0.0,,0.418975,0.091267,,0.522534,NVTX inference includes CUDA event synchronization,3124364580939184,0.332996,3.644439,5.703031999999999,1.4284579999999991,7.767028,0.103541,1.199098,0.873835,3.448458,1.038858,0.000512,0.007264,4.376347,1.642591,0.94878,10.146932,26.540312,0.408531,1.701666,8771478776,8708991204,19,62.487572,dino,False,8.100024,1.64986,i2-i30-0184,scene-0184,scene-0184:image:19
0.0,0.0,0.002555,0.002343,0.00175,1.399217,0.0,,0.452871,0.099408,,0.506211,NVTX inference includes CUDA event synchronization,3124364673059512,0.346307,4.614171,6.215860000000001,1.5034520000000002,8.333908000000001,0.106279,1.333283,0.949243,3.700746,1.078764,0.00096,0.007488,4.413346,1.753062,1.01974,10.187117,26.492276,0.415444,1.750029,8863599360,8801118555,20,62.480805,dino,False,8.680215,1.713451,i2-i30-0184,scene-0184,scene-0184:image:20
0.000243,0.0,0.002481,0.002363,0.001764,1.381933,0.0,,0.446074,0.088301,,0.614325,NVTX inference includes CUDA event synchronization,3124364744156057,0.336133,3.70664,5.911737,1.4643939999999995,8.113088,0.107599,1.222655,1.035509,3.4835,1.12638,0.001056,0.008128,4.452836,1.676389,1.110198,10.406665,26.556513,0.420832,1.799595,8934696368,8871710007,21,62.986361,dino,False,8.449221,1.75865,i2-i30-0184,scene-0184,scene-0184:image:21
0.0,0.00064,0.002183,0.002794,0.001739,1.362135,0.0,,0.455533,0.088402,,0.524468,NVTX inference includes CUDA event synchronization,3124364821645587,0.341572,3.65641,5.814593,1.4841580000000008,7.910915,0.109963,1.216327,0.941531,3.403439,1.088588,0.000544,0.007937,4.390034,1.663691,1.015227,10.158905,26.562579,0.412763,1.755806,9012185687,8949585667,22,62.60002,dino,False,8.252487,1.696569,i2-i30-0184,scene-0184,scene-0184:image:22
0.0,0.000276,0.002566,0.002213,0.001659,1.3997,0.000512,,0.460746,0.097532,,0.527674,NVTX inference includes CUDA event synchronization,3124364926564051,0.341316,6.842674,6.081881999999999,1.4471669999999994,8.233443999999999,0.11006,1.256166,0.984874,3.702018,1.066315,0.000992,0.007168,4.419636,1.659371,1.056298,10.040646,26.567615,0.414924,1.757059,9117103842,9054963856,23,62.139986,dino,False,8.57476,2.05796,i2-i30-0184,scene-0184,scene-0184:image:23
0.0,0.0,0.002701,0.002246,0.001707,1.387379,0.0,,0.448558,0.090381,,0.537392,NVTX inference includes CUDA event synchronization,3124365009674840,0.345122,3.707435,6.019864999999999,1.4369559999999995,8.145107,0.109244,1.312137,0.96659,3.626188,1.031338,0.001056,0.00672,4.390426,1.75,1.037535,10.235015,26.627759,0.413977,1.727835,9200214539,9137621570,24,62.592969,dino,False,8.490229,1.74817,i2-i30-0184,scene-0184,scene-0184:image:24
0.0,0.000576,0.002135,0.002288,0.002276,1.345488,0.0,,0.427256,0.091709,,0.523151,NVTX inference includes CUDA event synchronization,3124365079609904,0.331906,3.581438,5.677341,1.4158749999999998,7.740314,0.113818,1.218723,0.898791,3.366599,1.04491,0.002304,0.0112,6.877523,1.664905,0.974824,10.069273,26.531836,0.398303,1.735056,9270149936,9207672097,25,62.477839,dino,False,8.07222,1.69649,i2-i30-0184,scene-0184,scene-0184:image:25
0.0,0.000608,0.00215,0.00233,0.001694,1.340704,0.0,,0.430125,0.090598,,0.569781,NVTX inference includes CUDA event synchronization,3124365173991191,0.346788,5.153666,5.704586,1.4476209999999998,7.795788,0.109095,1.228097,0.956254,3.355483,1.038058,0.000608,0.00736,4.387332,1.676327,1.030815,9.904735,26.543292,0.412138,1.722792,9364530726,9301812386,26,62.71834,dino,False,8.142576,1.866133,i2-i30-0184,scene-0184,scene-0184:image:26
0.000512,0.001216,0.002843,0.002502,0.002358,1.369451,0.0,,0.421665,0.092808,,0.53594,NVTX inference includes CUDA event synchronization,3124365243778086,0.331076,3.56335,5.741798000000001,1.4494000000000007,7.8400170000000005,0.102872,1.246054,0.891271,3.413774,1.059722,0.000544,0.007456,4.283058,1.695081,0.965544,10.236277,26.470866,0.397157,1.725192,9434318330,9371691699,27,62.626631,dino,False,8.171093,1.661222,i2-i30-0184,scene-0184,scene-0184:image:27
0.0,0.0,0.002049,0.002241,0.001595,1.342469,0.0,,0.421377,0.093919,,0.546613,NVTX inference includes CUDA event synchronization,3124365321721924,0.321955,4.042036,5.579476,1.4382640000000002,7.667784,0.106371,1.212884,0.941106,3.239424,1.042826,0.001056,0.007808,4.425915,1.661656,1.014579,10.00727,26.512836,0.413681,1.744905,9512261862,9449958916,28,62.302946,dino,False,7.989739,1.73345,i2-i30-0184,scene-0184,scene-0184:image:28
0.0,0.0,0.002328,0.002298,0.001722,1.327866,0.000512,,0.44986,0.078712,,0.529667,NVTX inference includes CUDA event synchronization,3124365426020894,0.352421,6.613069,5.545432,1.4348910000000004,7.5859760000000005,0.11179,1.178401,0.981513,3.185198,1.038284,0.001088,0.007232,4.442238,1.629125,1.052106,10.054075,26.615127,0.421063,1.757939,9616560835,9554235512,29,62.325323,dino,False,7.938397,1.993174,i2-i30-0184,scene-0184,scene-0184:image:29
0.0,0.000512,0.002262,0.002232,0.001592,1.413123,0.0,,0.427448,0.092589,,0.533281,NVTX inference includes CUDA event synchronization,3124365509112418,0.324451,3.664876,5.958323999999999,1.445359999999999,8.106912,0.10532,1.329858,0.933737,3.560468,1.047947,0.001152,0.007521,4.397995,1.755558,1.005546,10.118735,26.504077,0.41654,1.748566,9699652312,9637138978,30,62.513334,dino,False,8.431363,1.543096,i2-i30-0184,scene-0184,scene-0184:image:30
0.0,0.0,0.002247,0.002321,0.002116,1.374703,0.0,,0.423423,0.089723,,0.546629,NVTX inference includes CUDA event synchronization,3124365578606932,0.340546,3.556719,5.592323,1.4235270000000009,7.692939000000001,0.105307,1.190812,0.89069,3.391649,1.025132,0.000512,0.005856,4.300696,1.64061,0.963459,10.111231,26.573738,0.399434,1.703976,9769146953,9706590818,31,62.556135,dino,False,8.033485,1.452769,i2-i30-0184,scene-0184,scene-0184:image:31
0.0,0.0,0.002137,0.002232,0.001647,1.392352,0.000544,,0.428564,0.091558,,0.530121,NVTX inference includes CUDA event synchronization,3124365672362711,0.326723,4.467206,5.926201999999999,1.458588999999999,8.048634,0.110289,1.213402,0.930006,3.542708,1.111883,0.000992,0.007488,4.392054,1.656798,1.001015,10.03761,26.507995,0.43527,1.742129,9862902457,9800762726,32,62.139731,dino,False,8.375357,1.518994,i2-i30-0184,scene-0184,scene-0184:image:32
0.0,0.00057,0.002149,0.002802,0.001761,1.418587,0.0,,0.465362,0.096684,,0.531047,NVTX inference includes CUDA event synchronization,3124365741973685,0.363204,3.512391,5.736969,1.4430700000000005,7.892727000000001,0.105003,1.291382,0.938861,3.423555,1.04606,0.000544,0.007456,4.289043,1.738429,1.014702,10.230612,26.474968,0.399576,1.702559,9932513603,9869874225,33,62.639378,dino,False,8.255931,1.446342,i2-i30-0184,scene-0184,scene-0184:image:33
0.0,0.000608,0.002061,0.00293,0.001743,1.378931,0.0,,0.437719,0.097017,,0.538122,NVTX inference includes CUDA event synchronization,3124365821247263,0.335042,3.494828,5.8022149999999995,1.5050099999999995,7.926304,0.105824,1.208971,0.901488,3.412841,1.118828,0.000576,0.007808,4.342514,1.657201,0.974577,10.188684,26.589604,0.413391,1.746664,10011787787,9949278555,34,62.509232,dino,False,8.261346,1.457499,i2-i30-0184,scene-0184,scene-0184:image:34
0.000198,0.0,0.001992,0.002255,0.001627,1.387938,0.0,,0.427107,0.09237,,0.529924,NVTX inference includes CUDA event synchronization,3124365926773413,0.318147,7.144159,5.944942999999999,1.4631589999999992,8.070207,0.1078,1.213692,0.963859,3.600793,1.030699,0.000928,0.007424,4.437859,1.638495,1.034965,10.128433,26.492846,0.419405,1.75558,10117313439,10055010256,35,62.303183,dino,False,8.388354,1.929476,i2-i30-0184,scene-0184,scene-0184:image:35
0.0,0.0,0.002684,0.002399,0.002147,1.378916,0.0,,0.439666,0.095204,,0.54959,NVTX inference includes CUDA event synchronization,3124366009435118,0.338307,3.508982,6.361416999999999,1.4448179999999997,8.493716,0.107125,1.671284,0.963368,3.553128,1.083532,0.001152,0.007616,4.402146,2.107672,1.035401,10.225133,26.597122,0.426601,1.736485,10199974731,10136710966,36,63.263765,dino,False,8.832023,1.514113,i2-i30-0184,scene-0184,scene-0184:image:36
0.00015,0.000544,0.002866,0.002214,0.00172,1.343889,0.0,,0.438424,0.091635,,0.526197,NVTX inference includes CUDA event synchronization,3124366079513051,0.341509,3.580983,5.819333,1.4432660000000004,7.885463,0.111649,1.188767,0.989041,3.434205,1.051212,0.00112,0.007712,4.480285,1.637029,1.063217,10.136107,26.519574,0.436174,1.873165,10270052926,10207443649,37,62.609277,dino,False,8.226972,1.751476,i2-i30-0184,scene-0184,scene-0184:image:37
0.0,0.0,0.002338,0.002294,0.001615,1.379833,0.000103,,0.432056,0.091225,,0.528175,NVTX inference includes CUDA event synchronization,3124366171974669,0.330242,4.229077,5.905605,1.4425050000000006,8.013002,0.108925,1.205089,0.973884,3.560285,1.044524,0.001024,0.007008,4.398298,1.646597,1.044701,10.042322,26.490459,0.413741,1.758381,10362514768,10300376977,38,62.137791,dino,False,8.343244,1.533004,i2-i30-0184,scene-0184,scene-0184:image:38
0.0,0.0,0.002335,0.002316,0.001643,1.363532,0.0,,0.424959,0.08791,,0.540899,NVTX inference includes CUDA event synchronization,3124366241608012,0.332709,3.543341,5.74901,1.4434819999999995,7.839894999999999,0.10583,1.318882,0.901624,3.324501,1.070317,0.000512,0.007456,4.33293,1.768456,0.976729,10.118985,26.536147,0.40391,1.697357,10432147607,10369588650,39,62.558957,dino,False,8.172604,1.460272,i2-i30-0184,scene-0184,scene-0184:image:39
0.0,0.000512,0.002989,0.002511,0.001709,1.412526,0.0,,0.420885,0.098599,,0.5229,NVTX inference includes CUDA event synchronization,3124366320863024,0.326595,3.533618,6.090541999999999,1.4682969999999989,8.226578,0.104367,1.294664,0.914613,3.722356,1.04174,0.000544,0.006592,4.326312,1.708266,0.988181,10.11445,26.517546,0.41566,1.726008,10511403111,10449070568,40,62.332543,dino,False,8.553173,1.514393,i2-i30-0184,scene-0184,scene-0184:image:40
0.0,0.000193,0.002207,0.002327,0.001652,1.362932,0.0,,0.433492,0.089041,,0.54003,NVTX inference includes CUDA event synchronization,3124366421667516,0.33111,3.71889,5.710751999999999,1.457299,7.811516,0.110143,1.18725,0.991655,3.346189,1.041578,0.001088,0.007424,4.416056,1.638937,1.062631,10.193162,26.594162,0.416031,1.754097,10612207382,10549839161,41,62.368221,dino,False,8.142626,1.565377,i2-i30-0184,scene-0184,scene-0184:image:41
0.0,0.000512,0.002435,0.002164,0.001813,1.443749,0.0,,0.44841,0.10295,,0.540092,NVTX inference includes CUDA event synchronization,3124366510965234,0.343204,3.931266,6.3443629999999995,1.4870529999999995,8.543284,0.106746,1.353739,0.969408,3.899961,1.061549,0.000608,0.007424,4.394524,1.788687,1.0456,10.504603,26.595326,0.412649,1.747139,10701505032,10638298554,42,63.206478,dino,False,8.886488,1.518157,i2-i30-0184,scene-0184,scene-0184:image:42
0.0,0.0,0.002258,0.002122,0.001722,1.345535,0.0,,0.420307,0.092562,,0.535528,NVTX inference includes CUDA event synchronization,3124366583124444,0.327811,3.500911,5.691922,1.440404,7.764145,0.10797,1.180131,0.87036,3.409173,1.07627,0.000576,0.007072,4.371507,1.628871,0.945145,10.215019,26.670498,0.403194,1.708364,10773664167,10711010360,43,62.653807,dino,False,8.091956,3.901334,i2-i30-0184,scene-0184,scene-0184:image:43
0.0,0.0,0.002897,0.002389,0.0016,1.399302,0.000576,,0.444438,0.092672,,0.528302,NVTX inference includes CUDA event synchronization,3124366671856301,0.334948,3.881739,6.024712999999999,1.4694879999999992,8.161940999999999,0.105893,1.240745,0.955298,3.632814,1.084683,0.001024,0.006944,4.397129,1.649389,1.027619,10.055741,26.540253,0.415332,1.756652,10862396383,10800048050,44,62.348333,dino,False,8.496889,1.738961,i2-i30-0184,scene-0184,scene-0184:image:44
0.0,0.00064,0.002171,0.002222,0.001749,1.346685,0.0,,0.419003,0.087547,,0.529892,NVTX inference includes CUDA event synchronization,3124366741612057,0.333155,3.550332,5.712068,1.435022,7.768822,0.106227,1.325337,0.867446,3.304253,1.055852,0.000544,0.007296,4.281294,1.778334,0.942774,10.153383,26.516094,0.395519,1.689537,10932152093,10869622476,45,62.529617,dino,False,8.101977,1.637205,i2-i30-0184,scene-0184,scene-0184:image:45
0.0,0.0,0.00233,0.00235,0.0017,1.379834,0.0,,0.450822,0.089075,,0.537795,NVTX inference includes CUDA event synchronization,3124366821308049,0.344804,3.514627,5.841025,1.4819339999999999,7.960127,0.102893,1.219969,0.935652,3.424825,1.131274,0.001152,0.007232,4.40413,1.664805,1.00906,10.181192,26.608517,0.429912,1.764811,11011848316,10949283047,46,62.565269,dino,False,8.304931,1.729885,i2-i30-0184,scene-0184,scene-0184:image:46
0.0,0.0,0.002736,0.00223,0.001565,1.415133,0.0,,0.474046,0.099728,,0.524084,NVTX inference includes CUDA event synchronization,3124366927093382,0.347012,7.568698,6.1790009999999995,1.4694979999999997,8.351511,0.111646,1.249424,1.022191,3.755032,1.081868,0.001024,0.00784,4.471111,1.651795,1.09304,10.133044,26.530504,0.425773,1.781166,11117633305,11055350832,47,62.282473,dino,False,8.698523,1.738919,i2-i30-0184,scene-0184,scene-0184:image:47
0.0,0.0,0.002026,0.002241,0.001662,1.404352,0.0,,0.446797,0.099302,,0.525337,NVTX inference includes CUDA event synchronization,3124367009384593,0.338981,3.600447,6.078074000000001,1.4565230000000007,8.22081,0.114128,1.332973,0.971417,3.629312,1.046478,0.002656,0.006304,3.505239,1.769584,1.042522,10.212294,26.539808,0.338442,1.348325,11199924653,11137321902,48,62.602751,dino,False,8.559791,1.747516,i2-i30-0184,scene-0184,scene-0184:image:48
0.0,0.0,0.002864,0.002333,0.00164,1.360353,0.0,,0.385472,0.099471,,0.534624,NVTX inference includes CUDA event synchronization,3124367079239749,0.322754,3.50133,5.689738,1.441070999999999,7.753741,0.089976,1.206892,0.764137,3.507015,1.058476,0.004512,0.004416,3.423862,1.655603,0.840522,10.243993,26.56996,0.33867,1.312052,11269779801,11207261745,49,62.518056,dino,False,8.076495,1.687607,i2-i30-0184,scene-0184,scene-0184:image:49
0.000567,0.0,0.002867,0.002398,0.001608,1.389282,0.0,,0.435951,0.095692,,0.533017,NVTX inference includes CUDA event synchronization,3124367173277917,0.336997,5.024946,5.860685,1.4584050000000008,7.98507,0.095781,1.198751,0.886775,3.619431,1.0539,0.00256,0.006464,3.490029,1.647777,0.958584,10.093693,26.460608,0.346371,1.326879,11363817486,11301680616,50,62.13687,dino,False,8.322067,1.754997,i2-i30-0184,scene-0184,scene-0184:image:50
0.0,0.000608,0.002555,0.002331,0.00207,1.340796,0.000544,,0.4016,0.086703,,0.548927,NVTX inference includes CUDA event synchronization,3124367243378326,0.321413,3.480087,5.651280999999999,1.440948999999999,7.716002,0.088263,1.228266,0.768447,3.401683,1.100847,0.00464,0.00432,3.420698,1.675468,0.845056,10.230767,26.677938,0.326659,1.315401,11433918282,11371238000,51,62.680282,dino,False,8.037415,1.759083,i2-i30-0184,scene-0184,scene-0184:image:51
0.0,0.0,0.002364,0.002192,0.00166,1.354946,0.0,,0.423382,0.091492,,0.530587,NVTX inference includes CUDA event synchronization,3124367321011411,0.338563,3.594273,5.544954000000001,1.4650360000000004,7.613014000000001,0.091453,1.210069,0.827655,3.310729,1.038827,0.002272,0.005536,3.473884,1.659287,0.901799,10.096192,26.537079,0.334055,1.347477,11511551255,11449343249,52,62.208006,dino,False,7.951577,1.73099,i2-i30-0184,scene-0184,scene-0184:image:52
0.0,0.000647,0.00294,0.002454,0.001743,1.369519,0.0,,0.409439,0.09097,,0.538445,NVTX inference includes CUDA event synchronization,3124367425514362,0.330244,5.972324,5.935741,1.4818610000000003,8.021654,0.094337,1.302994,0.857176,3.548861,1.058061,0.00336,0.005248,3.499437,1.738616,0.932344,10.225482,26.504216,0.341983,1.33272,11616054957,11553500729,53,62.554228,dino,False,8.351898,1.923876,i2-i30-0184,scene-0184,scene-0184:image:53
0.0,0.0,0.002751,0.002314,0.001658,1.392386,0.0,,0.422216,0.096577,,0.527243,NVTX inference includes CUDA event synchronization,3124367509193419,0.33754,3.548601,5.985360999999999,1.4539349999999995,8.092965999999999,0.094954,1.315262,0.839154,3.645013,1.073868,0.002656,0.005664,3.531065,1.751714,0.910898,10.231821,26.583224,0.333392,1.335312,11699733324,11637242638,54,62.490686,dino,False,8.430506,1.67456,i2-i30-0184,scene-0184,scene-0184:image:54
0.0,0.0,0.002379,0.00219,0.00159,1.414601,0.000608,,0.396256,0.089118,,0.535356,NVTX inference includes CUDA event synchronization,3124367578894144,0.32762,3.504244,5.643076000000001,1.428986,7.757554000000001,0.088623,1.208706,0.772602,3.521898,1.05438,0.005056,0.004923,3.398099,1.657513,0.848059,10.269658,26.640601,0.33504,1.313197,11769434178,11706877009,55,62.557169,dino,False,8.085174,1.600788,i2-i30-0184,scene-0184,scene-0184:image:55
0.000512,0.000441,0.002127,0.002908,0.001655,1.362874,0.0,,0.416807,0.095263,,0.549462,NVTX inference includes CUDA event synchronization,3124367673976507,0.342211,3.769364,5.781604000000001,1.466711000000001,7.871442000000001,0.098443,1.259063,0.890308,3.409133,1.081355,0.002752,0.005888,3.567723,1.706491,0.962533,10.049881,26.659555,0.337399,1.342201,11864516705,11802030606,56,62.486099,dino,False,8.213653,2.245757,i2-i30-0184,scene-0184,scene-0184:image:56
0.0,0.000394,0.002121,0.00221,0.001801,1.346009,0.0,,0.388275,0.09338,,0.544502,NVTX inference includes CUDA event synchronization,3124367743959319,0.320578,3.470171,5.728102000000001,1.4292240000000005,7.7862160000000005,0.09007,1.238338,0.750078,3.49808,1.091628,0.004608,0.004768,3.417443,1.667016,0.826847,10.088496,26.691738,0.324027,1.30923,11934499140,11871556086,57,62.943054,dino,False,8.106794,1.610855,i2-i30-0184,scene-0184,scene-0184:image:57
0.00037,0.0,0.002481,0.002408,0.00235,1.33424,0.0,,0.408383,0.088283,,0.526159,NVTX inference includes CUDA event synchronization,3124367820617322,0.327044,3.443401,5.540403,1.4805070000000002,7.5780330000000005,0.091443,1.195613,0.805612,3.183154,1.139564,0.00416,0.005024,3.407691,1.647522,0.877261,10.036546,26.557648,0.328387,1.342785,12011157062,11949006080,58,62.150982,dino,False,7.905077,1.584225,i2-i30-0184,scene-0184,scene-0184:image:58
0.0,0.000544,0.002156,0.002169,0.00162,1.369642,0.0,,0.439122,0.085759,,0.53015,NVTX inference includes CUDA event synchronization,3124367927807260,0.347364,8.048912,5.913639999999999,1.4363929999999998,7.997438,0.099595,1.228816,0.94331,3.562119,1.066857,0.002656,0.005056,3.535793,1.632183,1.014351,9.916776,26.619446,0.336268,1.327734,12118347508,12056109916,59,62.237592,dino,False,8.344802,1.942445,i2-i30-0184,scene-0184,scene-0184:image:59
0.0,0.000518,0.002236,0.002313,0.001482,1.373532,0.0,,0.43659,0.093501,,0.525506,NVTX inference includes CUDA event synchronization,3124368011286950,0.35082,3.590038,6.00319,1.4588909999999995,8.088047999999999,0.103179,1.297187,0.933497,3.550388,1.089326,0.001152,0.005248,3.772807,1.744872,1.005241,10.166117,26.67901,0.360302,1.378614,12201826574,12139259654,60,62.56692,dino,False,8.438868,3.965093,i2-i30-0184,scene-0184,scene-0184:image:60
0.000305,0.000576,0.002055,0.00219,0.001667,1.331069,0.0,,0.392355,0.090275,,0.535063,NVTX inference includes CUDA event synchronization,3124368081402419,0.312037,4.099899,5.517834000000001,1.4189040000000004,7.561352,0.104297,1.19356,0.843876,3.264418,1.040302,0.000576,0.007456,4.371849,1.642842,0.921829,10.041669,26.677216,0.402423,1.706646,12271942028,12209414374,61,62.527654,dino,False,7.873389,1.448925,i2-i30-0184,scene-0184,scene-0184:image:61
0.0,0.0,0.002088,0.002248,0.002291,1.369138,0.0,,0.410348,0.095172,,0.548334,NVTX inference includes CUDA event synchronization,3124368172514382,0.310084,4.550037,5.877158,1.4678390000000006,7.9966930000000005,0.110064,1.232021,0.929321,3.502462,1.056974,0.00112,0.006976,4.388908,1.648188,1.000329,9.952886,26.467372,0.422852,1.763425,12363054211,12300963931,62,62.09028,dino,False,8.306777,1.542839,i2-i30-0184,scene-0184,scene-0184:image:62
0.0,0.000167,0.002094,0.002296,0.001848,1.34574,0.0,,0.423763,0.089957,,0.541417,NVTX inference includes CUDA event synchronization,3124368242265800,0.34842,3.461453,5.6918690000000005,1.4866410000000005,7.750731000000001,0.103386,1.237033,0.88856,3.2623,1.113071,0.000512,0.007648,4.311387,1.686509,0.960721,10.13269,26.55359,0.396514,1.695007,12432805749,12370227496,63,62.578253,dino,False,8.099151,1.642037,i2-i30-0184,scene-0184,scene-0184:image:63
0.0,0.0,0.002761,0.002389,0.002322,1.351019,0.0,,0.40449,0.091531,,0.545399,NVTX inference includes CUDA event synchronization,3124368320967287,0.312579,3.518707,5.628299,1.455806,7.715630999999999,0.107805,1.206037,0.884585,3.330672,1.035657,0.000512,0.007136,4.360369,1.653725,0.959178,10.124361,26.497834,0.403476,1.716194,12511507195,12449185702,64,62.321493,dino,False,8.02821,1.579352,i2-i30-0184,scene-0184,scene-0184:image:64
0.0,0.0,0.002564,0.002354,0.001572,1.455532,0.0,,0.423981,0.091576,,0.526537,NVTX inference includes CUDA event synchronization,3124368424686838,0.31703,4.492943,6.097085,1.4722229999999996,8.284170999999999,0.10931,1.290179,0.985281,3.68471,1.050314,0.001024,0.00816,4.475927,1.694695,1.055809,10.007451,26.45733,0.416815,1.760119,12615226813,12553110267,65,62.116546,dino,False,8.601201,3.500105,i2-i30-0184,scene-0184,scene-0184:image:65
0.0,0.000544,0.00231,0.002289,0.001628,1.419952,0.0,,0.423061,0.096203,,0.53611,NVTX inference includes CUDA event synchronization,3124368509520607,0.31018,3.538636,6.181411000000001,1.4887899999999998,8.353328,0.108746,1.331241,0.947417,3.733956,1.045101,0.001056,0.007201,4.413576,1.767726,1.018554,10.31617,26.538198,0.414102,1.748332,12700060768,12637407089,66,62.653679,dino,False,8.663508,1.53381,i2-i30-0184,scene-0184,scene-0184:image:66
0.0,0.000608,0.002133,0.002353,0.001676,1.350762,0.0,,0.409192,0.086591,,0.529688,NVTX inference includes CUDA event synchronization,3124368579572003,0.31927,3.521953,5.758008,1.442909000000001,7.821741,0.107408,1.21232,0.887469,3.433931,1.049742,0.000512,0.00672,4.334203,1.652196,0.962542,10.09876,26.714035,0.40036,1.767522,12770111453,12707163814,67,62.947639,dino,False,8.141011,1.500758,i2-i30-0184,scene-0184,scene-0184:image:67
0.0,0.000345,0.002259,0.002262,0.001639,1.392347,0.000544,,0.420508,0.098835,,0.520483,NVTX inference includes CUDA event synchronization,3124368672853991,0.310149,4.908344,5.9274770000000006,1.4632720000000008,8.056550000000001,0.104373,1.206102,0.928683,3.581373,1.074576,0.000992,0.007328,4.408961,1.648347,1.000012,10.086366,26.505197,0.414903,1.748259,12863394262,12801192861,68,62.201401,dino,False,8.366699,1.531554,i2-i30-0184,scene-0184,scene-0184:image:68
0.0,0.0,0.002186,0.00225,0.001722,1.389776,0.0,,0.413264,0.087977,,0.539493,NVTX inference includes CUDA event synchronization,3124368742661155,0.314243,3.492037,5.948635,1.4439080000000004,8.071060000000001,0.102811,1.240778,0.887119,3.649973,1.053194,0.000544,0.006976,4.289745,1.686738,0.962032,10.454111,26.512107,0.402516,1.689929,12933201756,12870378753,69,62.823003,dino,False,8.385303,1.460012,i2-i30-0184,scene-0184,scene-0184:image:69
0.0,0.0,0.002217,0.002224,0.001738,1.353432,0.0,,0.417647,0.08961,,0.535385,NVTX inference includes CUDA event synchronization,3124368820909089,0.313604,3.491069,5.782144000000001,1.490113000000001,7.870793000000001,0.104138,1.225589,0.883561,3.371385,1.101931,0.000576,0.007104,4.31029,1.67388,0.956681,10.136479,26.527283,0.409767,1.737096,13011449848,12949052052,70,62.397796,dino,False,8.184397,1.498535,i2-i30-0184,scene-0184,scene-0184:image:70
0.0,0.002144,0.002731,0.002416,0.00214,1.360097,0.00048,,0.425026,0.090039,,0.52017,NVTX inference includes CUDA event synchronization,3124368928603379,0.316739,7.910206,5.898809,1.4679440000000001,7.987313,0.114399,1.218627,1.008016,3.434833,1.050825,0.001088,0.00832,4.461977,1.658346,1.079409,10.157224,26.547467,0.430708,1.805392,13119143562,13056673077,71,62.470485,dino,False,8.304052,2.60691,i2-i30-0184,scene-0184,scene-0184:image:71
0.0,0.0,0.002465,0.002482,0.001737,1.416275,0.0,,0.41574,0.097105,,0.601642,NVTX inference includes CUDA event synchronization,3124369009689904,0.315269,3.668418,6.271667,1.4836039999999997,8.493844,0.108846,1.374132,1.00047,3.774849,1.059116,0.00112,0.006976,4.420642,1.800378,1.070071,10.336977,26.683591,0.412376,1.739935,13200230139,13137252168,72,62.977971,dino,False,8.809113,1.498931,i2-i30-0184,scene-0184,scene-0184:image:72
0.0,0.0,0.002701,0.002289,0.001671,1.370069,0.0,,0.426562,0.087476,,0.54213,NVTX inference includes CUDA event synchronization,3124369079973510,0.32714,3.552033,5.799113,1.4633529999999997,7.904871,0.105165,1.211121,0.898223,3.43964,1.106893,0.000512,0.007104,4.389579,1.662134,0.971919,10.239798,26.672148,0.433964,1.835233,13270513336,13207576458,73,62.936878,dino,False,8.232011,1.545121,i2-i30-0184,scene-0184,scene-0184:image:73
0.0,0.0,0.002372,0.002289,0.001549,1.381682,0.000544,,0.401478,0.096264,,0.522054,NVTX inference includes CUDA event synchronization,3124369172940696,0.308868,4.893656,5.862714,1.450215,7.962078,0.111742,1.201097,0.908174,3.560572,1.031306,0.00112,0.00672,4.395571,1.643022,0.979535,10.068474,26.495578,0.414841,1.751119,13363480961,13301232640,74,62.248321,dino,False,8.270946,1.527644,i2-i30-0184,scene-0184,scene-0184:image:74
0.0,0.0,0.002165,0.002247,0.001814,1.356963,0.0,,0.413707,0.09668,,0.529626,NVTX inference includes CUDA event synchronization,3124369242658499,0.315907,3.536694,5.8165379999999995,1.4438899999999997,7.903833,0.10645,1.257822,0.865549,3.459904,1.078381,0.000576,0.007168,4.318911,1.699396,0.942318,10.220355,26.537015,0.397723,1.696989,13433199664,13370599386,75,62.600278,dino,False,8.21974,1.46322,i2-i30-0184,scene-0184,scene-0184:image:75
0.0,0.000608,0.002474,0.002975,0.001706,1.356386,0.0,,0.405527,0.096358,,0.536168,NVTX inference includes CUDA event synchronization,3124369321140810,0.315171,3.61439,5.598061,1.4469600000000007,7.685092,0.103971,1.198052,0.898182,3.320062,1.02478,0.000576,0.00768,4.376132,1.649643,0.971975,10.168261,26.515087,0.411125,1.726464,13511681007,13449315945,76,62.365062,dino,False,8.000263,1.476473,i2-i30-0184,scene-0184,scene-0184:image:76
0.0,0.0,0.002815,0.002177,0.002011,1.727806,0.0,,0.514171,0.129247,,0.505435,NVTX inference includes CUDA event synchronization,3124369436392383,0.338596,12.412453,8.266418000000002,1.9853380000000005,10.811484,0.129223,1.526538,1.15162,4.873558,1.477531,0.001056,0.005216,5.530825,1.929645,1.22298,11.181723,27.028686,0.418663,1.411671,13626932234,13562000437,77,64.931797,dino,False,11.15008,2.912802,i2-i30-0184,scene-0184,scene-0184:image:77
0.0,0.000544,0.002656,0.002394,0.001687,1.432666,0.000544,,0.445447,0.098131,,0.527874,NVTX inference includes CUDA event synchronization,3124369510322769,0.339878,3.777753,6.334850999999999,1.5522659999999995,8.506915999999999,0.104799,1.353365,0.91466,3.672956,1.24206,0.000544,0.006144,4.217509,1.798585,0.985925,10.300701,26.884437,0.402633,1.465392,13700862647,13637970576,78,62.892071,dino,False,8.846794,2.658453,i2-i30-0184,scene-0184,scene-0184:image:78
0.0,0.00125,0.002345,0.002313,0.001614,1.37328,0.001152,,0.359037,0.096407,,0.547379,NVTX inference includes CUDA event synchronization,3124369580235553,0.289894,3.547646,5.7979780000000005,1.4600629999999999,7.892861,0.090903,1.245666,0.745536,3.554848,1.076235,0.004576,0.004928,3.440611,1.694281,0.821793,10.349089,26.604417,0.329427,1.30865,13770776636,13707999193,79,62.777443,dino,False,8.182755,1.465216,i2-i30-0184,scene-0184,scene-0184:image:79
0.0,0.000544,0.00264,0.002981,0.001836,1.459317,0.0,,0.371416,0.104314,,0.554308,NVTX inference includes CUDA event synchronization,3124369671868388,0.284834,3.769863,6.358924,1.5206559999999998,8.571446,0.093591,1.321872,0.806736,3.984486,1.119851,0.002784,0.006304,3.567603,1.725716,0.877617,10.316193,26.685876,0.351879,1.346074,13862409152,13799820724,80,62.588428,dino,False,8.85628,1.564731,i2-i30-0184,scene-0184,scene-0184:image:80
0.0,0.0,0.00262,0.002271,0.001745,1.415443,0.0,,0.413585,0.092368,,0.603415,NVTX inference includes CUDA event synchronization,3124369743811978,0.31274,3.602975,6.091023,1.507847,8.30973,0.098445,1.287401,0.926865,3.638347,1.154317,0.002688,0.00656,3.605314,1.727372,0.994578,10.397104,26.643653,0.346152,1.3345,13934353060,13870625074,81,63.727986,dino,False,8.62247,2.179469,i2-i30-0184,scene-0184,scene-0184:image:81
0.0,0.0,0.003642,0.002951,0.003815,1.805425,0.001253,,0.435648,0.148343,,0.571795,NVTX inference includes CUDA event synchronization,3124369824586900,0.300418,3.599405,8.538133,1.9926030000000008,11.210587,0.089226,1.641488,0.779086,5.300456,1.699858,0.002208,0.00608,3.466029,2.090389,0.854926,12.010869,27.657823,0.343795,1.358844,14015129614,13949246551,82,65.883063,dino,False,11.511005,1.491857,i2-i30-0184,scene-0184,scene-0184:image:82
0.0,0.0,0.002253,0.002206,0.001795,1.451838,0.0,,0.417203,0.097195,,0.519359,NVTX inference includes CUDA event synchronization,3124369922150174,0.330787,3.695979,6.117936,1.649998,8.278998,0.109183,1.315093,0.83149,3.545718,1.150476,0.001395,0.006432,3.636036,1.764058,0.903203,10.34511,26.666455,0.355006,1.385462,14112690829,14049880501,83,62.810328,dino,False,8.609785,1.71368,i2-i30-0184,scene-0184,scene-0184:image:83
0.0,0.000544,0.002843,0.002101,0.00171,1.479679,0.000576,,0.375526,0.102188,,0.520085,NVTX inference includes CUDA event synchronization,3124370008735086,0.293923,3.6032,6.458696000000001,1.5839600000000003,8.650025000000001,0.096066,1.400524,0.778713,3.895491,1.180234,0.002752,0.006208,3.63896,1.836948,0.855834,10.463559,26.774842,0.342327,1.33107,14199274686,14136030793,84,63.243893,dino,False,8.943948,1.557759,i2-i30-0184,scene-0184,scene-0184:image:84
0.0,0.0,0.002387,0.002244,0.001733,1.462385,0.0,,0.408837,0.104591,,0.530538,NVTX inference includes CUDA event synchronization,3124370079377110,0.327267,3.586065,6.320387,1.5760560000000003,8.505835000000001,0.092747,1.235926,0.767796,3.853203,1.299118,0.002784,0.005472,3.602959,1.679703,0.842229,10.56452,26.8364,0.362221,1.322357,14269916617,14206786978,85,63.129639,dino,False,8.833102,1.6731,i2-i30-0184,scene-0184,scene-0184:image:85
0.0,0.000576,0.002623,0.002207,0.001748,1.494035,0.0,,0.44826,0.111061,,0.53553,NVTX inference includes CUDA event synchronization,3124370173999568,0.343106,4.565455,6.802878999999999,1.6345839999999994,9.055812999999999,0.10227,1.407521,0.851866,4.107945,1.285773,0.002656,0.006304,3.564839,1.820934,0.923482,10.450768,26.772306,0.346882,1.362432,14364539727,14301468653,86,63.071074,dino,False,9.398919,1.756208,i2-i30-0184,scene-0184,scene-0184:image:86
0.0,0.0,0.001963,0.002822,0.001662,1.441075,0.0,,0.462684,0.099935,,0.535571,NVTX inference includes CUDA event synchronization,3124370247575901,0.36714,4.20223,6.2068200000000004,1.534974,8.385392,0.103346,1.247047,0.926217,3.717062,1.21707,0.000544,0.006272,3.848287,1.684847,0.998377,10.394578,26.756305,0.354246,1.412721,14438116730,14375050980,87,63.06575,dino,False,8.752532,2.614717,i2-i30-0184,scene-0184,scene-0184:image:87
0.0,0.0,0.001981,0.00226,0.001665,1.358537,0.000704,,0.404665,0.092056,,0.537067,NVTX inference includes CUDA event synchronization,3124370321220585,0.334564,3.652435,5.581549,1.4675500000000001,7.645919999999999,0.103096,1.22044,0.783047,3.321378,1.075981,0.004,0.004992,3.464637,1.66774,0.858152,10.123034,26.653878,0.330669,1.330665,14511760924,14449393332,88,62.367592,dino,False,7.980484,1.677466,i2-i30-0184,scene-0184,scene-0184:image:88
0.0,0.0,0.002823,0.002201,0.00209,1.476002,0.0,,0.501886,0.094269,,0.568514,NVTX inference includes CUDA event synchronization,3124370426811700,0.380771,6.846907,6.462905999999999,1.6441589999999993,8.72992,0.098423,1.247295,1.014262,3.698696,1.401648,0.001056,0.005152,3.777752,1.650341,1.082551,10.041444,26.855245,0.359324,1.39161,14617351427,14554709255,89,62.642172,dino,False,9.110691,2.079985,i2-i30-0184,scene-0184,scene-0184:image:89
0.0,0.002016,0.003352,0.003005,0.003223,1.501322,0.0,,0.421764,0.105218,,0.539845,NVTX inference includes CUDA event synchronization,3124370511665496,0.322789,3.676989,6.6167620000000005,1.6228830000000007,8.873718,0.104483,1.437313,0.942417,3.868119,1.2139,0.00048,0.006912,3.895343,1.840581,1.015378,10.20126,26.818614,0.360731,1.385554,14702207052,14639224591,90,62.982461,dino,False,9.196507,5.009349,i2-i30-0184,scene-0184,scene-0184:image:90
0.0,0.000608,0.002102,0.002167,0.001682,1.396851,0.000576,,0.397305,0.093941,,0.534179,NVTX inference includes CUDA event synchronization,3124370581011863,0.31242,3.584558,5.786158,1.6230260000000003,7.903149,0.085812,1.219167,0.72133,3.372172,1.184718,0.004416,0.004928,3.390314,1.671491,0.796147,10.234319,26.667032,0.335266,1.388352,14771551838,14708921003,91,62.630835,dino,False,8.215569,1.223479,i2-i30-0184,scene-0184,scene-0184:image:91
0.00048,0.001085,0.00264,0.002636,0.001815,1.462848,0.0,,0.393382,0.096892,,0.544741,NVTX inference includes CUDA event synchronization,3124370672466775,0.305635,4.233405,6.383909,1.5914859999999997,8.584793,0.094992,1.254506,0.799836,3.944824,1.197135,0.002656,0.004993,3.526692,1.702765,0.871997,10.461113,26.723195,0.342673,1.403872,14863006617,14800163943,92,62.842674,dino,False,8.890428,1.337992,i2-i30-0184,scene-0184,scene-0184:image:92
0.0,0.0,0.002121,0.00239,0.001706,1.406989,0.000413,,0.375889,0.100024,,0.563562,NVTX inference includes CUDA event synchronization,3124370742336163,0.303395,3.594704,5.94834,1.514069,8.098039,0.096315,1.242919,0.756467,3.59293,1.189486,0.002784,0.006464,3.572013,1.688334,0.83106,10.412319,26.691941,0.357319,1.327419,14932876411,14869941920,93,62.934491,dino,False,8.401434,1.23652,i2-i30-0184,scene-0184,scene-0184:image:93
0.0,0.000671,0.002771,0.002193,0.001689,1.385725,0.0,,0.390534,0.097093,,0.538739,NVTX inference includes CUDA event synchronization,3124370820857915,0.299618,3.53553,5.860929,1.5703539999999991,7.980726,0.091817,1.227864,0.781319,3.425297,1.174797,0.003424,0.005472,3.463697,1.676315,0.854791,10.206058,26.624946,0.336028,1.340194,15011397915,14948836517,94,62.561398,dino,False,8.280344,1.284519,i2-i30-0184,scene-0184,scene-0184:image:94
0.0,0.0,0.002152,0.002249,0.001856,1.386409,0.0,,0.463617,0.088309,,0.514458,NVTX inference includes CUDA event synchronization,3124370928049382,0.352676,7.903938,6.020250000000001,1.4828830000000002,8.126624,0.096271,1.209146,0.984411,3.595409,1.103596,0.00256,0.005024,3.524748,1.649121,1.056252,10.175397,26.758132,0.339848,1.353126,15118589911,15056038451,95,62.55146,dino,False,8.4793,1.847484,i2-i30-0184,scene-0184,scene-0184:image:95
0.0,0.0,0.002247,0.002316,0.001779,1.435811,0.000432,,0.34816,0.099849,,0.546356,NVTX inference includes CUDA event synchronization,3124371010811039,0.27962,3.723903,6.116227,1.510776,8.273557,0.098423,1.324333,0.756379,3.769816,1.08593,0.002144,0.005376,3.471627,1.770866,0.82886,10.360789,26.587125,0.337431,1.33232,15201350883,15138607205,96,62.743678,dino,False,8.553177,1.314436,i2-i30-0184,scene-0184,scene-0184:image:96
0.0,0.000608,0.002318,0.002296,0.001747,1.352801,0.0,,0.351366,0.092993,,0.556456,NVTX inference includes CUDA event synchronization,3124371080507341,0.285252,3.6061,5.732279999999999,1.5033880000000002,7.807613,0.090976,1.230708,0.765097,3.390652,1.102828,0.004064,0.005152,3.477174,1.677946,0.842153,10.216883,26.63744,0.331831,1.31579,15271047927,15208325014,97,62.722913,dino,False,8.092865,1.254056,i2-i30-0184,scene-0184,scene-0184:image:97
0.0,0.0,0.002182,0.002232,0.00173,1.398369,0.0,,0.344622,0.100636,,0.53557,NVTX inference includes CUDA event synchronization,3124371172350119,0.279876,4.58163,5.958525999999999,1.439806,8.063991,0.092872,1.225979,0.774428,3.676402,1.125772,0.002688,0.00592,3.48965,1.674241,0.845789,10.200722,26.609324,0.363057,1.344747,15362890527,15300662859,98,62.227668,dino,False,8.343867,1.33145,i2-i30-0184,scene-0184,scene-0184:image:98
0.0,0.0,0.002633,0.002812,0.001834,1.419567,0.0,,0.361785,0.100277,,0.539096,NVTX inference includes CUDA event synchronization,3124371242161255,0.297541,3.596967,6.074612,1.5550679999999995,8.205074999999999,0.091016,1.250455,0.70455,3.701,1.190895,0.005248,0.004384,3.412375,1.697625,0.782279,10.396562,26.607653,0.327789,1.314373,15432701742,15369775167,99,62.926575,dino,False,8.502616,1.226266,i2-i30-0184,scene-0184,scene-0184:image:99
0.0,0.000395,0.002292,0.002262,0.001838,1.395096,0.0,,0.381334,0.092499,,0.557586,NVTX inference includes CUDA event synchronization,3124371322296577,0.309637,3.68009,5.799862000000001,1.5039880000000005,7.923527,0.106829,1.209061,0.766057,3.522255,1.116974,0.002368,0.005632,3.564811,1.658637,0.84209,10.339954,26.74121,0.337166,1.437935,15512836397,15449531250,100,63.305147,dino,False,8.233164,1.368218,i2-i30-0184,scene-0184,scene-0184:image:100
0.0,0.0,0.002318,0.002708,0.001627,1.412271,0.00034,,0.357654,0.10061,,0.528747,NVTX inference includes CUDA event synchronization,3124371425647627,0.286533,6.712987,6.093678,1.4504739999999998,8.21342,0.094237,1.263551,0.810776,3.771624,1.100555,0.002656,0.00608,3.503009,1.664872,0.882425,10.097933,26.524722,0.33991,1.332585,15616188405,15554088328,101,62.100077,dino,False,8.499953,1.522976,i2-i30-0184,scene-0184,scene-0184:image:101
0.000427,0.0,0.00238,0.002231,0.001709,1.429234,0.001056,,0.389416,0.098538,,0.530607,NVTX inference includes CUDA event synchronization,3124371506925065,0.313634,3.696559,6.118269,1.4994870000000002,8.260233,0.096394,1.336903,0.817945,3.731445,1.083277,0.002656,0.00576,3.501885,1.775884,0.889081,10.301816,26.541504,0.341773,1.334206,15697465749,15634853581,102,62.612168,dino,False,8.573867,1.294022,i2-i30-0184,scene-0184,scene-0184:image:102
0.0,0.00136,0.002678,0.002234,0.001681,1.392201,0.0,,0.376001,0.094725,,0.529266,NVTX inference includes CUDA event synchronization,3124371576520670,0.311364,3.601927,5.8263750000000005,1.4676489999999998,7.915157,0.087696,1.234011,0.707132,3.592613,1.127916,0.004448,0.005056,3.419034,1.675042,0.781789,10.211417,26.828325,0.326437,1.275965,15767060770,15704344743,103,62.716027,dino,False,8.226521,1.214285,i2-i30-0184,scene-0184,scene-0184:image:103
0.0,0.00048,0.002354,0.002259,0.001588,1.420543,0.001034,,0.39435,0.093425,,0.537725,NVTX inference includes CUDA event synchronization,3124371674316557,0.304837,5.904164,6.087487999999999,1.4938329999999995,8.236408999999998,0.095067,1.265315,0.81357,3.731688,1.133229,0.00256,0.005984,3.493164,1.675754,0.884707,10.129314,26.629681,0.347142,1.328529,15864856621,15802636338,104,62.220283,dino,False,8.541246,1.42301,i2-i30-0184,scene-0184,scene-0184:image:104
0.0,0.000513,0.002518,0.002365,0.001824,1.377651,0.0,,0.357593,0.086551,,0.53195,NVTX inference includes CUDA event synchronization,3124371743762110,0.295811,3.619085,5.772501,1.4457180000000003,7.837655000000001,0.092195,1.256752,0.719864,3.505066,1.107214,0.002049,0.004608,3.451513,1.70431,0.791417,10.395779,26.612842,0.34391,1.314414,15934302175,15871779720,105,62.522455,dino,False,8.133466,1.25448,i2-i30-0184,scene-0184,scene-0184:image:105
0.0,0.00075,0.002242,0.00218,0.002174,1.426443,0.0,,0.439857,0.099927,,0.557298,NVTX inference includes CUDA event synchronization,3124371822441567,0.344675,3.674795,6.213133000000001,1.6881510000000004,8.399329,0.094402,1.217204,0.824521,3.552298,1.358435,0.003393,0.0056,3.505036,1.663418,0.900458,10.335092,26.878394,0.344193,1.363011,16012981784,15949547316,106,63.434468,dino,False,8.744004,1.719161,i2-i30-0184,scene-0184,scene-0184:image:106
0.0,0.0,0.002487,0.002522,0.002352,1.413976,0.0,,0.377059,0.095594,,0.513567,NVTX inference includes CUDA event synchronization,3124371926884844,0.300421,7.38886,6.074874999999999,1.4622919999999997,8.182011,0.102371,1.232401,0.854435,3.76004,1.061965,0.002688,0.00624,3.535109,1.669175,0.925892,10.109876,26.513038,0.341439,1.352469,16117424767,16055338910,107,62.085857,dino,False,8.482432,1.992706,i2-i30-0184,scene-0184,scene-0184:image:107
5.3e-05,0.000692,0.002194,0.002467,0.001651,1.400655,0.001088,,0.37399,0.095351,,0.543709,NVTX inference includes CUDA event synchronization,3124372007055099,0.292707,3.834849,6.050009999999999,1.4610119999999993,8.179153,0.094819,1.358975,0.796212,3.677954,1.073704,0.002944,0.00624,3.501754,1.795873,0.867189,10.285539,26.60706,0.337534,1.331137,16197594912,16134991018,108,62.603894,dino,False,8.47186,1.555544,i2-i30-0184,scene-0184,scene-0184:image:108
0.0,0.000576,0.002098,0.002266,0.001728,1.380986,0.0,,0.352943,0.096205,,0.543486,NVTX inference includes CUDA event synchronization,3124372077193715,0.288067,3.683388,5.779975,1.4711690000000006,7.872196000000001,0.089552,1.241259,0.74613,3.544781,1.058604,0.00384,0.004928,3.462524,1.683438,0.821075,10.23401,26.728026,0.329768,1.348972,16267734088,16204865626,109,62.868462,dino,False,8.160263,1.467618,i2-i30-0184,scene-0184,scene-0184:image:109
0.0,0.001056,0.002292,0.002265,0.001634,1.402356,0.000544,,0.363929,0.103548,,0.536429,NVTX inference includes CUDA event synchronization,3124372174294853,0.291556,5.864981,6.008185999999999,1.438178999999999,8.130683,0.096911,1.250071,0.79457,3.756095,1.077613,0.002688,0.006112,3.504412,1.658138,0.865835,10.139664,26.57347,0.33311,1.33672,16364834820,16302770377,110,62.064443,dino,False,8.422239,1.644468,i2-i30-0184,scene-0184,scene-0184:image:110
0.0,0.0,0.002451,0.002424,0.002029,1.37559,0.0,,0.361987,0.101099,,0.555966,NVTX inference includes CUDA event synchronization,3124372244037911,0.288645,3.656751,5.800573,1.4720569999999995,7.913474,0.090569,1.240487,0.720484,3.544172,1.126542,0.003104,0.004704,3.42516,1.676587,0.793957,10.262545,26.601456,0.333478,1.300621,16434577994,16372045758,111,62.532236,dino,False,8.202119,1.447821,i2-i30-0184,scene-0184,scene-0184:image:111
0.0,0.001152,0.00231,0.002422,0.001643,1.371745,0.0,,0.386871,0.096853,,0.533513,NVTX inference includes CUDA event synchronization,3124372321775306,0.328451,3.778278,5.759069,1.482425,7.827127,0.09421,1.229626,0.788827,3.475361,1.075497,0.004704,0.004928,3.425926,1.680833,0.86134,10.317032,26.703638,0.343737,1.357734,16512315820,16449676387,112,62.639433,dino,False,8.155578,1.742437,i2-i30-0184,scene-0184,scene-0184:image:112
0.0,0.0,0.002279,0.002274,0.001592,1.380246,0.0,,0.406727,0.092149,,0.545649,NVTX inference includes CUDA event synchronization,3124372426910398,0.326727,6.835601,5.946142,1.4992809999999999,8.050331,0.095091,1.217699,0.829495,3.573207,1.153965,0.002592,0.005728,3.535214,1.653193,0.900759,10.252765,26.702673,0.344156,1.319501,16617451098,16554848729,113,62.602369,dino,False,8.377058,1.967523,i2-i30-0184,scene-0184,scene-0184:image:113
0.0,0.0,0.002394,0.002362,0.001795,1.407335,0.0,,0.396165,0.094255,,0.548447,NVTX inference includes CUDA event synchronization,3124372508303487,0.336803,3.856862,6.096989000000001,1.466183,8.212939,0.093543,1.332476,0.834451,3.709959,1.104906,0.002528,0.005696,3.543263,1.759808,0.906131,10.271234,26.626616,0.340347,1.343567,16698843230,16636247115,114,62.596115,dino,False,8.549742,1.747474,i2-i30-0184,scene-0184,scene-0184:image:114
0.0,0.000544,0.002485,0.002218,0.001629,1.327229,0.0,,0.388387,0.090376,,0.545818,NVTX inference includes CUDA event synchronization,3124372578506692,0.333316,3.765833,5.605245,1.4425969999999992,7.630615,0.08981,1.20804,0.75646,3.388615,1.069545,0.004416,0.004448,3.425574,1.659086,0.831021,10.240588,26.712839,0.332678,1.315643,16769046493,16706296342,115,62.750151,dino,False,7.963931,1.637033,i2-i30-0184,scene-0184,scene-0184:image:115
0.000544,0.0,0.002873,0.002281,0.001689,1.390772,0.0,,0.412538,0.101727,,0.524765,NVTX inference includes CUDA event synchronization,3124372673579573,0.324516,5.179664,5.925641000000001,1.4869730000000008,8.038314,0.096579,1.231318,0.848277,3.574004,1.116494,0.002593,0.006592,3.5704,1.677339,0.920054,10.138617,26.634993,0.359769,1.347974,16864119432,16801799459,116,62.319973,dino,False,8.36283,1.758551,i2-i30-0184,scene-0184,scene-0184:image:116
0.0,0.0,0.004573,0.00478,0.002578,1.598137,0.0,,0.384123,0.096226,,0.545737,NVTX inference includes CUDA event synchronization,3124372744362979,0.316546,3.781536,6.284586000000001,1.6857120000000005,8.604194,0.087347,1.344719,0.720397,3.956694,1.117231,0.004352,0.004288,3.419986,1.780275,0.79883,10.659991,26.624218,0.334451,1.297668,16934904577,16871599869,117,63.304708,dino,False,8.92074,1.641896,i2-i30-0184,scene-0184,scene-0184:image:117
0.0,0.000576,0.002427,0.002337,0.001644,1.478622,0.0,,0.455995,0.091494,,0.528723,NVTX inference includes CUDA event synchronization,3124372823080324,0.346372,4.132864,6.552536999999999,1.7369599999999998,8.767983,0.105923,1.280118,0.92493,3.760357,1.299667,0.001024,0.005376,3.814991,1.689374,0.997891,10.148294,26.731105,0.36705,1.507605,17013620109,16950625108,118,62.995001,dino,False,9.114355,1.653058,i2-i30-0184,scene-0184,scene-0184:image:118
0.0,0.000544,0.002214,0.002745,0.001634,1.354247,0.0,,0.405435,0.088209,,0.513015,NVTX inference includes CUDA event synchronization,3124372921539673,0.335269,3.915149,5.745329999999999,1.4443909999999995,7.778103999999999,0.097886,1.23182,0.856802,3.410527,1.063115,0.002656,0.006176,3.532916,1.661391,0.927363,10.002893,26.608999,0.347578,1.356467,17112080116,17050007129,119,62.072987,dino,False,8.113373,1.729198,i2-i30-0184,scene-0184,scene-0184:image:119
0.0,0.0,0.002481,0.002238,0.00163,1.376916,0.0,,0.385988,0.099133,,0.534325,NVTX inference includes CUDA event synchronization,3124373009007237,0.297892,4.077965,6.010928,1.511609,8.115747,0.095497,1.34939,0.803826,3.574554,1.069867,0.00256,0.006336,3.473586,1.774099,0.874707,10.155584,26.558918,0.337712,1.365181,17199547143,17137113339,120,62.433804,dino,False,8.413639,1.526112,i2-i30-0184,scene-0184,scene-0184:image:120
0.000131,0.0,0.002138,0.002937,0.001694,1.336525,0.000512,,0.389137,0.092504,,0.547176,NVTX inference includes CUDA event synchronization,3124373079165107,0.313028,3.815636,5.54476,1.460089,7.604486,0.090743,1.204407,0.770581,3.315841,1.066957,0.004384,0.004512,3.414062,1.653534,0.844214,10.164488,26.587126,0.341073,1.313127,17269705108,17207170206,121,62.534902,dino,False,7.917514,1.791456,i2-i30-0184,scene-0184,scene-0184:image:121
0.0,0.0,0.002105,0.002265,0.002197,1.350978,0.0,,0.392402,0.087942,,0.524188,NVTX inference includes CUDA event synchronization,3124373243286043,0.327586,3.801582,5.675344999999999,1.4419289999999991,7.709835999999999,0.089701,1.22695,0.763046,3.422311,1.084589,0.00416,0.004736,3.418964,1.668269,0.835943,10.144916,26.735646,0.333897,1.318319,17433825819,17371418985,123,62.406834,dino,False,8.037422,1.652509,i2-i30-0184,scene-0184,scene-0184:image:123
6.7e-05,0.001906,0.002103,0.002282,0.001825,1.365077,0.0,,0.387929,0.088449,,0.532198,NVTX inference includes CUDA event synchronization,3124373321397537,0.326276,3.837268,5.570621,1.44013,7.626181,0.096842,1.220281,0.769242,3.346235,1.070221,0.004673,0.004833,3.428384,1.671487,0.842363,10.20956,26.641541,0.339728,1.339235,17511937368,17449540168,124,62.3972,dino,False,7.952457,1.661546,i2-i30-0184,scene-0184,scene-0184:image:124
0.000297,0.000512,0.002489,0.002303,0.001751,1.390208,0.000609,,0.406342,0.091296,,0.546647,NVTX inference includes CUDA event synchronization,3124373427798826,0.330947,7.406119,5.93275,1.5067849999999998,8.044257,0.09739,1.204002,0.850748,3.579946,1.129005,0.002208,0.00512,3.520045,1.644619,0.925757,10.197785,26.719882,0.341485,1.334575,17618338606,17555331453,125,63.007153,dino,False,8.375204,1.998193,i2-i30-0184,scene-0184,scene-0184:image:125
6.9e-05,0.000443,0.002197,0.002325,0.001684,1.38233,0.0,,0.409083,0.097681,,0.531422,NVTX inference includes CUDA event synchronization,3124373508882402,0.337412,3.754328,5.956519999999999,1.4801029999999997,8.046342,0.092729,1.33509,0.821785,3.585105,1.061038,0.002592,0.005312,3.508149,1.776918,0.89385,10.163283,26.520059,0.347919,1.353697,17699422369,17636880889,126,62.54148,dino,False,8.383754,1.69419,i2-i30-0184,scene-0184,scene-0184:image:126
0.0,0.0,0.002777,0.002201,0.001813,1.350686,0.0,,0.391897,0.095382,,0.541042,NVTX inference includes CUDA event synchronization,3124373578721556,0.330691,3.749007,5.635398,1.426673,7.690505,0.089683,1.215353,0.751016,3.452124,1.076779,0.00448,0.005088,3.413879,1.663807,0.826601,10.288047,26.569087,0.33286,1.308395,17769261405,17706738049,127,62.523356,dino,False,8.021196,1.623122,i2-i30-0184,scene-0184,scene-0184:image:127
4.8e-05,0.0,0.002098,0.002239,0.00177,1.399575,0.0,,0.403532,0.115726,,0.536448,NVTX inference includes CUDA event synchronization,3124373673879765,0.323875,5.367815,5.979368999999999,1.4940679999999995,8.11693,0.094398,1.235859,0.82544,3.673236,1.109388,0.002592,0.005824,3.507076,1.682329,0.896609,10.249571,26.604057,0.34961,1.336335,17864419734,17802107953,128,62.311781,dino,False,8.440805,1.755184,i2-i30-0184,scene-0184,scene-0184:image:128
0.0,0.000805,0.001958,0.002958,0.001734,1.37119,0.000576,,0.380926,0.095145,,0.539344,NVTX inference includes CUDA event synchronization,3124373743815250,0.323047,3.724628,5.815484999999999,1.4409759999999991,7.887073999999999,0.089647,1.264603,0.73301,3.558898,1.113899,0.004192,0.004896,3.417433,1.699393,0.809843,10.259186,26.543472,0.333718,1.312579,17934355727,17871873439,129,62.482288,dino,False,8.210121,1.696093,i2-i30-0184,scene-0184,scene-0184:image:129
0.0,0.002464,0.002116,0.002757,0.001728,1.410316,0.0,,0.408079,0.088288,,0.534959,NVTX inference includes CUDA event synchronization,3124373821719705,0.327907,3.702358,5.881253000000001,1.5360890000000005,8.004053,0.119817,1.238597,0.795466,3.463962,1.168365,0.003712,0.005952,3.480373,1.686029,0.869131,10.247314,26.772553,0.342048,1.367028,18012260518,17949508707,130,62.751811,dino,False,8.33196,1.671052,i2-i30-0184,scene-0184,scene-0184:image:130
0.0,0.0,0.002843,0.00236,0.001788,1.423451,0.0,,0.401982,0.10027,,0.535032,NVTX inference includes CUDA event synchronization,3124373927031881,0.328134,6.245332,6.0660549999999995,1.4705139999999997,8.205646999999999,0.09937,1.251066,0.864407,3.764509,1.077387,0.000576,0.005952,3.647467,1.687488,0.935736,10.35789,26.624617,0.343776,1.348462,18117572046,18055057618,131,62.514428,dino,False,8.533781,3.298168,i2-i30-0184,scene-0184,scene-0184:image:131
0.0,0.0,0.002223,0.002214,0.002358,1.398976,0.0,,0.400915,0.097424,,0.528887,NVTX inference includes CUDA event synchronization,3124374009019221,0.32874,3.715587,6.079521999999999,1.4847699999999993,8.183779,0.095564,1.339779,0.81904,3.689706,1.074604,0.002848,0.006208,3.494739,1.78132,0.891808,10.272105,26.574503,0.346619,1.407237,18199558947,18136887125,132,62.671822,dino,False,8.512519,1.705828,i2-i30-0184,scene-0184,scene-0184:image:132
0.0,0.0,0.00274,0.002378,0.001705,1.381046,0.0,,0.395045,0.090827,,0.542987,NVTX inference includes CUDA event synchronization,3124374079247001,0.326596,3.631302,5.876137000000001,1.4883230000000012,7.9662690000000005,0.089688,1.243797,0.768327,3.586777,1.106128,0.00512,0.004705,3.430847,1.691837,0.844072,10.396421,26.635602,0.331891,1.312454,18269786846,18206989560,133,62.797286,dino,False,8.292865,1.667986,i2-i30-0184,scene-0184,scene-0184:image:133
0.0,0.0,0.002342,0.002286,0.001767,1.390607,0.000576,,0.616181,0.094529,,0.536217,NVTX inference includes CUDA event synchronization,3124374253703936,0.457188,5.359705,6.148926999999999,1.503665999999999,8.336243999999999,0.131482,1.244417,1.327023,3.520241,1.058123,0.001568,0.006912,4.61601,1.695496,1.399151,10.276482,26.555286,0.433111,1.763569,18444244487,18381260069,135,62.984418,dino,False,8.793432,2.288383,i2-i30-0184,scene-0184,scene-0184:image:135
0.0,0.000608,0.00232,0.002952,0.001773,1.384203,0.0,,0.35477,0.104688,,0.568732,NVTX inference includes CUDA event synchronization,3124374324054316,0.293828,3.622776,5.827025,1.4611330000000002,7.9532430000000005,0.094306,1.236666,0.731622,3.631173,1.082603,0.004416,0.005152,3.435933,1.664192,0.809671,10.179245,26.827563,0.331145,1.309298,18514594442,18451402134,136,63.192308,dino,False,8.247071,1.462547,i2-i30-0184,scene-0184,scene-0184:image:136
0.0,0.000132,0.002225,0.002304,0.001756,1.432053,0.0,,0.42031,0.097718,,0.520854,NVTX inference includes CUDA event synchronization,3124374427081328,0.329349,6.199199,6.210827999999999,1.4772489999999987,8.358830999999999,0.099745,1.261557,0.877687,3.845944,1.117102,0.002208,0.006688,3.63505,1.66524,0.950392,10.221472,26.641416,0.342437,1.362084,18617621877,18555197308,137,62.424569,dino,False,8.68818,3.443407,i2-i30-0184,scene-0184,scene-0184:image:137
0.0,0.0,0.002321,0.002268,0.001712,1.432547,0.0,,0.41299,0.097818,,0.542089,NVTX inference includes CUDA event synchronization,3124374509439420,0.335652,3.65349,6.098568,1.5016100000000003,8.254661,0.09338,1.336257,0.848385,3.64398,1.158445,0.002752,0.005504,3.514796,1.779076,0.920098,10.240147,26.669968,0.345819,1.367698,18699979443,18637207559,138,62.771884,dino,False,8.590313,1.709256,i2-i30-0184,scene-0184,scene-0184:image:138
0.0,0.0,0.002797,0.002287,0.002184,1.34893,0.0,,0.361766,0.094026,,0.563234,NVTX inference includes CUDA event synchronization,3124374579112533,0.299044,3.596973,5.562547,1.4307249999999998,7.638726999999999,0.08949,1.20417,0.740933,3.404473,1.058028,0.00528,0.004672,3.392349,1.653489,0.817574,10.236401,26.634316,0.332236,1.322578,18769652320,18707111070,139,62.54125,dino,False,7.937771,1.456495,i2-i30-0184,scene-0184,scene-0184:image:139
0.0,0.00048,0.002478,0.002368,0.001629,1.385083,0.000576,,0.360384,0.096439,,0.534535,NVTX inference includes CUDA event synchronization,3124374673859245,0.284546,5.152091,5.9262809999999995,1.5039049999999996,8.025706999999999,0.097048,1.236147,0.768944,3.593634,1.102255,0.003296,0.005024,3.456391,1.683734,0.842672,10.215027,26.702323,0.338014,1.34394,18864399819,18801647674,140,62.752145,dino,False,8.310253,1.576042,i2-i30-0184,scene-0184,scene-0184:image:140
0.0,0.0,0.00218,0.002411,0.001998,1.389985,0.0,,0.38178,0.096876,,0.556974,NVTX inference includes CUDA event synchronization,3124374744030989,0.296738,3.535342,5.907629999999999,1.4759760000000002,8.043096,0.097216,1.253457,0.735286,3.653889,1.115498,0.004992,0.00352,3.440936,1.677813,0.813143,10.251251,26.657877,0.323485,1.279068,18934571254,18871487429,141,63.083825,dino,False,8.339834,1.466248,i2-i30-0184,scene-0184,scene-0184:image:141
0.000184,0.000544,0.002186,0.002366,0.001649,1.394631,0.0,,0.412387,0.101529,,0.531578,NVTX inference includes CUDA event synchronization,3124374821236177,0.331811,3.502233,5.867123000000001,1.5488040000000005,7.982366000000001,0.091164,1.229507,0.797936,3.487233,1.150253,0.003872,0.005408,3.44626,1.67623,0.869841,10.260877,26.683273,0.333357,1.356453,19011776773,18949223582,142,62.553191,dino,False,8.314177,1.667044,i2-i30-0184,scene-0184,scene-0184:image:142
0.0,0.0,0.00227,0.002239,0.001676,1.405063,0.0,,0.42182,0.098987,,0.534797,NVTX inference includes CUDA event synchronization,3124374930836301,0.333125,7.836077,6.115637000000001,1.4555420000000003,8.249364,0.103463,1.257745,0.935022,3.733011,1.091466,0.001088,0.005152,3.808739,1.660786,1.005935,10.081871,26.636835,0.353846,1.376253,19121377068,19059031479,143,62.345589,dino,False,8.582489,4.98514,i2-i30-0184,scene-0184,scene-0184:image:143
0.0003,0.0,0.002389,0.002291,0.001681,1.483306,0.0,,0.39767,0.10214,,0.527084,NVTX inference includes CUDA event synchronization,3124375009646294,0.328484,3.721377,6.499008999999999,1.514475,8.687386,0.095244,1.368654,0.805317,4.057893,1.165199,0.00272,0.006368,3.509877,1.810645,0.877862,10.642953,26.667307,0.336809,1.362839,19200186846,19136973304,144,63.213542,dino,False,9.01587,1.696577,i2-i30-0184,scene-0184,scene-0184:image:144
0.0,0.00064,0.002497,0.002311,0.001648,1.380782,0.0,,0.423021,0.09439,,0.538785,NVTX inference includes CUDA event synchronization,3124375080307486,0.320516,3.637017,5.993416,1.4866720000000004,8.116974,0.10862,1.227838,0.900602,3.510001,1.195341,0.000544,0.007872,4.409898,1.674468,0.975579,10.295152,26.861944,0.422905,1.764355,19270847587,19207690688,145,63.156899,dino,False,8.43749,1.49782,i2-i30-0184,scene-0184,scene-0184:image:145
0.0,0.0,0.003268,0.002281,0.001697,1.403587,0.000544,,0.42305,0.096966,,0.519057,NVTX inference includes CUDA event synchronization,3124375171243417,0.321475,3.62216,5.971947,1.4594389999999997,8.100922,0.105789,1.232022,0.928841,3.652516,1.035406,0.001024,0.00736,4.421548,1.649016,0.999625,10.103112,26.614325,0.421087,1.762921,19361783938,19299489897,146,62.294041,dino,False,8.422397,1.552823,i2-i30-0184,scene-0184,scene-0184:image:146
0.0,0.0,0.002306,0.003064,0.001694,1.355825,0.0,,0.412825,0.088965,,0.546376,NVTX inference includes CUDA event synchronization,3124375241128228,0.317378,3.59108,5.742743,1.441045,7.83642,0.102404,1.322704,0.875492,3.335214,1.068747,0.000512,0.00768,4.349032,1.775283,0.948324,10.189195,26.570399,0.419182,1.693464,19431668640,19369022963,147,62.645677,dino,False,8.153798,1.458205,i2-i30-0184,scene-0184,scene-0184:image:147
0.0,0.0,0.003178,0.002194,0.001721,1.371662,0.0,,0.442511,0.090215,,0.506928,NVTX inference includes CUDA event synchronization,3124375321315153,0.328994,3.465839,5.821714,1.4580380000000002,7.911129000000001,0.113279,1.232409,0.947686,3.406268,1.073131,0.000512,0.0088,4.435293,1.675838,1.021031,10.094914,26.666695,0.418199,1.971399,19511855051,19449267430,148,62.587621,dino,False,8.240123,1.526997,i2-i30-0184,scene-0184,scene-0184:image:148
0.000103,0.000544,0.002038,0.002307,0.001777,1.471402,0.0,,0.653169,0.092042,,0.599877,NVTX inference includes CUDA event synchronization,3124375425100032,0.437222,4.669913,6.735911,1.6293009999999999,9.121948,0.172871,1.355516,1.601373,3.667491,1.124938,0.00304,0.00464,4.804217,1.774435,1.674717,9.985316,26.5766,0.36846,1.424126,19615640034,19552446935,149,63.193099,dino,False,9.55917,2.440069,i2-i30-0184,scene-0184,scene-0184:image:149
0.0,0.0,0.002188,0.002246,0.0017,1.404249,0.0,,0.414062,0.09738,,0.554593,NVTX inference includes CUDA event synchronization,3124375509707354,0.33005,3.534963,6.086923,1.4927919999999997,8.233291,0.108949,1.325243,0.829912,3.617309,1.181968,0.000576,0.006592,3.663637,1.770976,0.902232,10.224492,26.824834,0.383456,1.369036,19700247117,19637498045,150,62.749072,dino,False,8.563341,1.69743,i2-i30-0184,scene-0184,scene-0184:image:150
0.000156,0.000886,0.002088,0.002371,0.001741,1.400328,0.0,,0.399726,0.089556,,0.550443,NVTX inference includes CUDA event synchronization,3124375580373041,0.325862,3.474534,6.038979999999999,1.538835999999999,8.160412999999998,0.090112,1.226115,0.794584,3.619175,1.207629,0.004576,0.005248,3.436074,1.659717,0.871545,10.255214,26.928848,0.330332,1.316298,19770913294,19707344149,151,63.569145,dino,False,8.486275,1.691829,i2-i30-0184,scene-0184,scene-0184:image:151
0.0,0.000641,0.00205,0.002213,0.001751,1.437936,0.0,,0.414741,0.094185,,0.516483,NVTX inference includes CUDA event synchronization,3124375671593659,0.326755,3.560852,6.125962999999999,1.5760899999999998,8.269207999999999,0.100303,1.197867,0.835918,3.658571,1.218766,0.002688,0.00576,3.549601,1.648525,0.906767,10.228128,26.858296,0.342785,1.326597,19862133361,19799496210,152,62.637151,dino,False,8.595963,1.742051,i2-i30-0184,scene-0184,scene-0184:image:152
0.0,0.0,0.002268,0.00224,0.002337,1.41986,0.0,,0.403615,0.09255,,0.562211,NVTX inference includes CUDA event synchronization,3124375741764838,0.322757,3.469379,6.128616999999999,1.6154669999999998,8.290941,0.089364,1.284188,0.750668,3.612829,1.252638,0.004288,0.004256,3.41601,1.722978,0.826956,10.293618,26.784704,0.337116,1.33171,19932304775,19869271703,153,63.033072,dino,False,8.613698,1.661632,i2-i30-0184,scene-0184,scene-0184:image:153
0.0,0.0,0.002152,0.002134,0.001802,1.423218,0.002176,,0.405168,0.093021,,0.538131,NVTX inference includes CUDA event synchronization,3124375821676375,0.32397,3.50303,6.142092000000001,1.5850670000000004,8.285924000000001,0.091564,1.22479,0.836197,3.592645,1.270831,0.003872,0.004928,3.432042,1.66524,0.910054,10.28608,26.936682,0.335175,1.337162,20012216159,19949243223,154,62.972936,dino,False,8.609894,1.719325,i2-i30-0184,scene-0184,scene-0184:image:154
0.0,0.0,0.002694,0.002176,0.001679,1.414214,0.0,,0.469702,0.09289,,0.524634,NVTX inference includes CUDA event synchronization,3124375974830714,0.357925,12.742613,6.0679479999999995,1.475098,8.218012,0.111808,1.192803,1.119766,3.605281,1.065485,0.000512,0.005184,3.827231,1.641162,1.190391,10.254699,26.509444,0.346337,1.333698,20165370568,20102923265,155,62.447303,dino,False,8.575937,3.42243,i2-i30-0184,scene-0184,scene-0184:image:155
0.0,0.000512,0.002224,0.00286,0.001744,1.445339,0.000124,,0.38939,0.091534,,0.710019,NVTX inference includes CUDA event synchronization,3124376046166948,0.322404,3.472345,6.406776000000001,1.7497110000000005,8.728118,0.091061,1.363421,0.746292,3.658191,1.434741,0.002145,0.00496,3.470064,1.799522,0.824341,10.182601,27.626471,0.328717,1.322943,20236707719,20172495386,156,64.212333,dino,False,9.050522,1.610508,i2-i30-0184,scene-0184,scene-0184:image:156
0.0,0.000567,0.00224,0.002181,0.001643,1.38486,0.0,,0.38939,0.092682,,0.542298,NVTX inference includes CUDA event synchronization,3124376116226215,0.323909,3.553033,5.879538,1.5095519999999993,7.971489999999999,0.089529,1.222409,0.771463,3.575936,1.11931,0.002752,0.004448,3.378391,1.6691,0.846728,10.282557,26.672524,0.336953,1.317769,20306765859,20243986867,157,62.778992,dino,False,8.295399,1.658193,i2-i30-0184,scene-0184,scene-0184:image:157
0.0,0.0,0.002707,0.002295,0.001625,1.347079,0.0,,0.370023,0.089269,,0.54541,NVTX inference includes CUDA event synchronization,3124376185616320,0.322438,3.453727,5.668099000000001,1.4319630000000005,7.7040690000000005,0.088681,1.213348,0.729231,3.492488,1.061516,0.004896,0.004384,3.362528,1.6433,0.805744,10.093156,26.596304,0.331306,1.308925,20376156567,20313916003,158,62.240564,dino,False,8.026507,1.68539,i2-i30-0184,scene-0184,scene-0184:image:158
0.0,0.0,0.002754,0.002752,0.002243,1.364274,0.0,,0.396137,0.094437,,0.54083,NVTX inference includes CUDA event synchronization,3124376255352232,0.328804,3.539846,5.742144999999999,1.4611859999999997,7.816768,0.095656,1.234393,0.808932,3.496496,1.041773,0.002176,0.00496,3.517618,1.680317,0.882309,10.255774,26.557181,0.33056,1.322086,20445892259,20383429114,159,62.463145,dino,False,8.145572,1.697591,i2-i30-0184,scene-0184,scene-0184:image:159
0.0,0.000576,0.002789,0.002304,0.00169,1.344727,0.0,,0.373545,0.088648,,0.542423,NVTX inference includes CUDA event synchronization,3124376324653385,0.321764,3.470321,5.625282,1.4357189999999997,7.66022,0.088074,1.236368,0.72065,3.421512,1.071021,0.00432,0.00432,3.389421,1.66962,0.794315,10.034146,26.57235,0.332622,1.326384,20515193678,20453012258,160,62.18142,dino,False,7.981984,1.625725,i2-i30-0184,scene-0184,scene-0184:image:160
0.0,0.00112,0.002322,0.002269,0.001816,1.405989,0.0,,0.466016,0.100475,,0.514281,NVTX inference includes CUDA event synchronization,3124376475328591,0.348356,13.005216,6.112558000000001,1.5151230000000009,8.25849,0.116979,1.208978,1.080702,3.537693,1.140555,0.000544,0.006272,3.895434,1.658518,1.151358,10.23853,26.567784,0.371746,1.380443,20665868219,20603249080,161,62.619139,dino,False,8.606846,3.393304,i2-i30-0184,scene-0184,scene-0184:image:161
0.0,0.0,0.002272,0.002218,0.002229,1.383994,0.000809,,0.374505,0.094211,,0.543515,NVTX inference includes CUDA event synchronization,3124376545260252,0.323875,3.459899,5.900687,1.4567299999999994,7.9805649999999995,0.088121,1.366345,0.733578,3.539877,1.110986,0.004547,0.004256,3.427309,1.803467,0.807851,10.192012,26.684667,0.329757,1.316608,20735800037,20672964288,162,62.835749,dino,False,8.30444,1.623979,i2-i30-0184,scene-0184,scene-0184:image:162
0.0,0.0,0.00249,0.00271,0.001674,1.356465,0.0,,0.390287,0.092744,,0.553896,NVTX inference includes CUDA event synchronization,3124376615226061,0.333348,3.519927,5.747579,1.468,7.814497,0.087645,1.24562,0.77287,3.50941,1.057451,0.004576,0.002273,3.424767,1.691801,0.849319,10.282885,26.632502,0.331843,1.313841,20805766503,20743022536,163,62.743967,dino,False,8.147845,1.645989,i2-i30-0184,scene-0184,scene-0184:image:163
0.0,0.000576,0.002126,0.002209,0.001622,1.386893,0.0,,0.39516,0.093439,,0.542494,NVTX inference includes CUDA event synchronization,3124376685187251,0.327491,3.482348,6.013522999999999,1.5096819999999997,8.110551,0.097008,1.253617,0.781447,3.648369,1.139727,0.002816,0.005376,3.626536,1.688054,0.857672,10.261143,26.637367,0.349996,1.376734,20875726984,20812985315,164,62.741669,dino,False,8.438042,1.524127,i2-i30-0184,scene-0184,scene-0184:image:164
0.0,0.0,0.002651,0.002416,0.001692,1.357548,0.000626,,0.38519,0.091508,,0.54354,NVTX inference includes CUDA event synchronization,3124376754746503,0.313252,3.585462,5.785456,1.492585,7.857374999999999,0.09119,1.222757,0.79038,3.508331,1.056808,0.003456,0.00512,3.471272,1.670827,0.865165,10.295515,26.678423,0.344202,1.323503,20945286617,20882619141,165,62.667476,dino,False,8.170627,1.294225,i2-i30-0184,scene-0184,scene-0184:image:165
0.000269,0.0,0.002874,0.00234,0.001864,1.398875,0.0,,0.38519,0.091013,,0.544687,NVTX inference includes CUDA event synchronization,3124376824192214,0.310502,3.481119,5.932500999999999,1.5551809999999993,8.049111,0.087955,1.221249,0.716522,3.57501,1.192624,0.004416,0.006656,3.444273,1.652643,0.792971,10.174679,26.745795,0.342374,1.393354,21014731963,20952089245,166,62.642718,dino,False,8.359613,1.210043,i2-i30-0184,scene-0184,scene-0184:image:166
0.0,0.00048,0.002506,0.002947,0.001827,1.532509,0.00048,,0.515394,0.113141,,0.533044,NVTX inference includes CUDA event synchronization,3124376975926944,0.367683,13.16753,7.1069890000000004,1.6576500000000003,9.441634,0.127453,1.278697,1.406072,4.095142,1.237327,0.000512,0.006464,4.548636,1.725678,1.476473,10.768828,26.857593,0.370665,1.426134,21166467481,21102589104,167,63.878377,dino,False,9.809317,2.751997,i2-i30-0184,scene-0184,scene-0184:image:167
0.0,0.0,0.003122,0.002349,0.001705,1.45744,0.0,,0.475013,0.097457,,0.542602,NVTX inference includes CUDA event synchronization,3124377047252535,0.379076,3.569068,6.530824,1.6464400000000001,8.731436,0.102061,1.260011,0.91224,3.843522,1.339806,0.000512,0.00592,3.694911,1.698257,0.9852,10.468768,26.922798,0.359083,1.41907,21237792956,21174203516,168,63.58944,dino,False,9.110512,1.659165,i2-i30-0184,scene-0184,scene-0184:image:168
0.0,0.0,0.002787,0.002281,0.001837,1.438779,0.0,,0.422525,0.095188,,0.536957,NVTX inference includes CUDA event synchronization,3124377118232310,0.343877,3.534455,6.266244,1.59851,8.422721,0.097505,1.25573,0.815772,3.797853,1.192492,0.004896,0.00384,3.491099,1.692407,0.890013,10.408684,26.893462,0.335438,1.338449,21308772938,21245205075,169,63.567863,dino,False,8.766598,1.630781,i2-i30-0184,scene-0184,scene-0184:image:169
0.0,0.000687,0.002658,0.002304,0.001747,1.400863,0.0,,0.397322,0.093112,,0.565092,NVTX inference includes CUDA event synchronization,3124377188514317,0.331076,3.480808,5.860868,1.4910889999999997,7.993576999999999,0.092557,1.239853,0.780268,3.594989,1.116361,0.004416,0.00512,3.404015,1.683824,0.854828,10.247161,26.878596,0.327721,1.30838,21379054473,21315852293,170,63.20218,dino,False,8.324653,1.352908,i2-i30-0184,scene-0184,scene-0184:image:170
0.0,0.000544,0.002344,0.002261,0.001728,1.364029,0.000377,,0.354382,0.093731,,0.556601,NVTX inference includes CUDA event synchronization,3124377258122610,0.300708,3.448223,5.721282,1.4475160000000002,7.796571,0.096263,1.208317,0.779139,3.508977,1.047243,0.004672,0.005152,3.429992,1.656065,0.854212,10.281979,26.651893,0.357834,1.347072,21448662594,21386103448,171,62.559146,dino,False,8.097279,1.283503,i2-i30-0184,scene-0184,scene-0184:image:171
0.0,0.0,0.002437,0.002251,0.001726,1.375724,0.0,,0.366624,0.098987,,0.543027,NVTX inference includes CUDA event synchronization,3124377327713547,0.300547,3.556457,5.866915,1.4504519999999994,7.9571439999999996,0.09179,1.228395,0.719354,3.647653,1.110478,0.004449,0.00512,3.442288,1.666929,0.793819,10.193584,26.704216,0.347562,1.328728,21518253935,21455573346,172,62.680589,dino,False,8.257691,1.253326,i2-i30-0184,scene-0184,scene-0184:image:172
0.0,0.0,0.002103,0.00237,0.001676,1.401574,0.0,,0.495921,0.094847,,0.613354,NVTX inference includes CUDA event synchronization,3124377474304367,0.3641,13.545753,6.276515,1.5163970000000004,8.52426,0.11563,1.292219,1.240635,3.570505,1.146766,0.000544,0.005664,3.853258,1.734752,1.312029,10.183925,26.65998,0.357081,1.613102,21664844113,21602039656,173,62.804457,dino,False,8.88836,2.563241,i2-i30-0184,scene-0184,scene-0184:image:173
0.0,6.5e-05,0.002675,0.002276,0.001609,1.367361,0.0,,0.367265,0.096786,,0.547587,NVTX inference includes CUDA event synchronization,3124377543976513,0.307844,3.498156,5.773193000000001,1.4367680000000007,7.850973000000001,0.089634,1.239667,0.704638,3.553186,1.125356,0.004576,0.004992,3.415961,1.666169,0.781823,10.145932,26.742272,0.331447,1.301824,21734516408,21671596225,174,62.920183,dino,False,8.158817,1.226825,i2-i30-0184,scene-0184,scene-0184:image:174
0.0,0.0,0.002143,0.002261,0.001727,1.356985,0.0,,0.377003,0.098223,,0.535433,NVTX inference includes CUDA event synchronization,3124377613287694,0.312772,3.546262,5.666440999999999,1.4397499999999992,7.727443999999999,0.087668,1.227732,0.727228,3.50653,1.042476,0.004416,0.004416,3.406771,1.673499,0.801276,10.196084,26.592569,0.329298,1.325428,21803827706,21741400175,175,62.427531,dino,False,8.040216,1.207757,i2-i30-0184,scene-0184,scene-0184:image:175
0.0,0.0,0.00234,0.002335,0.001797,1.3596,0.000576,,0.35108,0.09163,,0.549413,NVTX inference includes CUDA event synchronization,3124377682735007,0.292996,3.490829,5.781273,1.4699989999999996,7.847048,0.09262,1.210122,0.711949,3.524137,1.122799,0.003296,0.005122,3.425466,1.644431,0.787854,10.140707,26.663248,0.334943,1.443953,21873274623,21810747951,176,62.526672,dino,False,8.140044,1.262916,i2-i30-0184,scene-0184,scene-0184:image:176
0.0,0.000544,0.002228,0.002428,0.002081,1.385012,0.0,,0.375271,0.09478,,0.530257,NVTX inference includes CUDA event synchronization,3124377752417967,0.300323,3.472186,5.876213000000001,1.4871220000000012,7.968491000000001,0.090803,1.220466,0.775489,3.588489,1.096813,0.004448,0.005184,3.458356,1.666711,0.848546,10.281278,26.76159,0.34283,1.326154,21942957591,21880159292,177,62.798299,dino,False,8.268814,1.313256,i2-i30-0184,scene-0184,scene-0184:image:177
0.0,0.0,0.002318,0.0022,0.001774,1.388703,0.000608,,0.387094,0.090888,,0.552024,NVTX inference includes CUDA event synchronization,3124377822439633,0.318948,3.519011,5.896428,1.5396909999999995,8.003089,0.092844,1.211796,0.761046,3.555046,1.151981,0.005152,0.004481,3.405432,1.647737,0.837111,10.202667,26.619865,0.339328,1.355076,22012979133,21950332286,178,62.646847,dino,False,8.322037,1.610366,i2-i30-0184,scene-0184,scene-0184:image:178
0.0,0.001088,0.00273,0.002305,0.001754,1.444956,0.000576,,0.473042,0.092941,,0.522419,NVTX inference includes CUDA event synchronization,3124377973437300,0.350693,12.703347,6.538132,1.53045,8.72925,0.114202,1.276877,1.080803,3.747323,1.323408,0.000512,0.006368,3.940652,1.680687,1.151683,10.05006,26.787271,0.351969,1.371373,22163977163,22101317503,179,62.65966,dino,False,9.079943,2.27068,i2-i30-0184,scene-0184,scene-0184:image:179
0.0,0.000327,0.002221,0.002299,0.001803,1.345131,0.0,,0.363756,0.091448,,0.53951,NVTX inference includes CUDA event synchronization,3124378042110381,0.301411,3.372499,5.597975,1.4324659999999998,7.643059,0.092211,1.234907,0.716689,3.356791,1.103086,0.004128,0.004192,3.398588,1.674687,0.788978,10.087049,26.599592,0.322823,1.28377,22232650026,22170522020,180,62.128006,dino,False,7.94447,1.225687,i2-i30-0184,scene-0184,scene-0184:image:180
0.0,0.000544,0.002338,0.002286,0.001709,1.345759,0.0,,0.324237,0.093832,,0.549344,NVTX inference includes CUDA event synchronization,3124378111457792,0.284418,3.515813,5.647141,1.4430100000000001,7.682772000000001,0.096169,1.208451,0.715306,3.449969,1.045421,0.004448,0.004416,3.421984,1.656295,0.789931,10.146355,26.744098,0.332867,1.321863,22301997199,22239392777,181,62.604422,dino,False,7.96719,1.265982,i2-i30-0184,scene-0184,scene-0184:image:181
0.0,0.0,0.002056,0.002771,0.001732,1.338673,0.0,,0.353564,0.089492,,0.55362,NVTX inference includes CUDA event synchronization,3124378180564570,0.29261,3.485074,5.553242,1.448754,7.60254,0.091104,1.217367,0.703782,3.359634,1.067181,0.004,0.003328,3.394226,1.659804,0.781223,10.115112,26.6192,0.323391,1.295589,22371104311,22308664925,182,62.439386,dino,False,7.89515,1.235415,i2-i30-0184,scene-0184,scene-0184:image:182
0.000245,0.000544,0.002212,0.00288,0.001732,1.357549,0.0,,0.350769,0.097007,,0.535677,NVTX inference includes CUDA event synchronization,3124378250047798,0.297317,3.480009,5.841512,1.4375990000000005,7.892810000000001,0.090338,1.333556,0.719446,3.553753,1.046667,0.003392,0.005376,3.44118,1.780794,0.794614,10.193535,26.730112,0.3377,1.343727,22440587807,22377774491,183,62.813316,dino,False,8.190127,1.234021,i2-i30-0184,scene-0184,scene-0184:image:183
0.0,0.000243,0.002151,0.002187,0.001738,1.36274,0.00064,,0.377564,0.094478,,0.550131,NVTX inference includes CUDA event synchronization,3124378320997563,0.301027,3.586252,5.790741,1.5257309999999995,7.8815859999999995,0.093883,1.234703,0.777096,3.452884,1.08862,0.004672,0.005024,3.462614,1.673429,0.852905,10.131351,26.655877,0.338502,1.359447,22511536795,22448947407,184,62.589388,dino,False,8.182613,1.263113,i2-i30-0184,scene-0184,scene-0184:image:184
0.0,0.0,0.002699,0.002296,0.001562,1.43903,0.0,,0.569433,0.091088,,0.524995,NVTX inference includes CUDA event synchronization,3124378473976843,0.375108,12.889682,6.445637,1.5310539999999992,8.701632,0.113111,1.261503,1.267728,3.773857,1.12331,0.00048,0.005697,3.742478,1.668513,1.338257,10.122216,26.611646,0.344262,1.317895,22664516877,22601846949,185,62.669928,dino,False,9.07674,2.349306,i2-i30-0184,scene-0184,scene-0184:image:185
0.0,0.0,0.003152,0.002231,0.001842,1.371537,0.0,,0.377811,0.091879,,0.535036,NVTX inference includes CUDA event synchronization,3124378543363173,0.308708,3.612292,5.786029000000001,1.4550280000000004,7.860809000000001,0.090671,1.232605,0.765871,3.525747,1.092811,0.002144,0.00464,3.43561,1.661827,0.837552,10.138402,26.722189,0.334457,1.327118,22733902515,22671396594,186,62.505921,dino,False,8.169517,1.257895,i2-i30-0184,scene-0184,scene-0184:image:186
0.000319,0.0,0.002756,0.002229,0.001737,1.380293,0.0,,0.36083,0.093378,,0.537137,NVTX inference includes CUDA event synchronization,3124378612627073,0.300899,3.523503,5.727156000000001,1.4421280000000012,7.8049360000000005,0.092225,1.223194,0.71822,3.559913,1.061419,0.004352,0.004384,3.415933,1.668417,0.792012,10.222234,26.60031,0.334463,1.32247,22803166516,22740672754,187,62.493762,dino,False,8.105835,1.247357,i2-i30-0184,scene-0184,scene-0184:image:187
0.0,0.0,0.002965,0.002516,0.001683,1.38795,0.0,,0.359262,0.085844,,0.554579,NVTX inference includes CUDA event synchronization,3124378682187723,0.29418,3.537627,5.829405,1.489598,7.930024,0.091249,1.228213,0.74958,3.540911,1.117101,0.004896,0.002656,3.384712,1.664824,0.824941,10.241232,26.66755,0.344321,1.32826,22872726961,22810035671,188,62.69129,dino,False,8.224204,1.243147,i2-i30-0184,scene-0184,scene-0184:image:188
0.0,0.0,0.002793,0.002423,0.002287,1.344943,0.0,,0.418085,0.093892,,0.542165,NVTX inference includes CUDA event synchronization,3124378751611873,0.322564,3.545871,5.7828159999999995,1.4273109999999996,7.86684,0.093957,1.226084,0.84788,3.520302,1.06491,0.00288,0.00608,3.665026,1.67284,0.921961,10.172973,26.617962,0.34176,1.335344,22942151283,22879576509,189,62.574774,dino,False,8.189404,1.3216,i2-i30-0184,scene-0184,scene-0184:image:189
0.000114,0.000512,0.00226,0.002247,0.001717,1.407918,0.0,,0.376035,0.094142,,0.543668,NVTX inference includes CUDA event synchronization,3124378821602650,0.295875,3.590163,6.091980999999999,1.5734769999999987,8.224718999999999,0.09137,1.271455,0.760003,3.617941,1.197068,0.004704,0.004576,3.432816,1.707906,0.834628,10.266461,26.804801,0.333528,1.341478,23012142477,22949171403,190,62.971074,dino,False,8.520594,1.253096,i2-i30-0184,scene-0184,scene-0184:image:190
6.1e-05,0.000662,0.002799,0.002231,0.001869,1.431713,0.0,,0.470075,0.098851,,0.521983,NVTX inference includes CUDA event synchronization,3124378973720193,0.357348,12.905821,6.3151790000000005,1.4923160000000006,8.488075,0.112629,1.44477,1.143828,3.545821,1.100427,0.000544,0.005088,3.734905,1.893,1.214549,10.166735,26.596531,0.342868,1.343346,23164259524,23101487687,191,62.771837,dino,False,8.845423,2.461126,i2-i30-0184,scene-0184,scene-0184:image:191
0.0,0.000536,0.002833,0.002278,0.001742,1.532722,0.0,,0.374087,0.105813,,0.527091,NVTX inference includes CUDA event synchronization,3124379044207974,0.278467,3.736698,6.760254999999999,1.703634,9.02889,0.101143,1.295881,0.834799,4.062608,1.301644,0.000544,0.007104,3.98933,1.701202,0.91,10.407735,26.761258,0.366674,1.490403,23234747643,23171513133,192,63.23451,dino,False,9.307357,1.334339,i2-i30-0184,scene-0184,scene-0184:image:192
5.4e-05,0.0,0.002857,0.002353,0.001785,1.419287,0.000544,,0.370399,0.097113,,0.540698,NVTX inference includes CUDA event synchronization,3124379114117784,0.307202,3.68407,6.156182999999999,1.4977279999999995,8.284070999999999,0.088494,1.285505,0.736678,3.906057,1.067851,0.004544,0.004416,3.404574,1.697796,0.810887,10.357371,26.614048,0.333672,1.330566,23304657596,23241793406,193,62.86419,dino,False,8.591273,1.236771,i2-i30-0184,scene-0184,scene-0184:image:193
0.0,0.0,0.002459,0.002335,0.001714,1.384067,0.0,,0.405343,0.095006,,0.546098,NVTX inference includes CUDA event synchronization,3124379184193533,0.335299,3.631137,6.0331529999999995,1.4830579999999998,8.134875999999998,0.089659,1.353449,0.793759,3.572452,1.169648,0.003616,0.004534,3.423599,1.793836,0.866368,10.248715,26.716866,0.338686,1.331103,23374732664,23311893481,194,62.839183,dino,False,8.470175,1.484581,i2-i30-0184,scene-0184,scene-0184:image:194
0.0,0.0,0.003255,0.002105,0.00277,1.382428,0.0,,0.411513,0.090751,,0.537771,NVTX inference includes CUDA event synchronization,3124379254410024,0.315172,3.647983,5.844348999999999,1.4619349999999995,7.959769999999999,0.10893,1.299101,0.943566,3.423891,1.028943,0.000576,0.008,4.405588,1.754916,1.018031,10.323684,26.578032,0.414245,1.729567,23444949340,23382055083,195,62.894257,dino,False,8.274942,1.530639,i2-i30-0184,scene-0184,scene-0184:image:195
0.0,0.0,0.002234,0.002674,0.001811,1.385166,0.0,,0.389302,0.093597,,0.563387,NVTX inference includes CUDA event synchronization,3124379324346286,0.309731,3.62951,5.920710999999999,1.4572709999999995,8.049151,0.104215,1.269309,0.866816,3.590634,1.062189,0.000544,0.007904,4.378075,1.703712,0.941697,10.167163,26.580089,0.410586,1.731719,23514886255,23452233597,196,62.652658,dino,False,8.358882,1.551053,i2-i30-0184,scene-0184,scene-0184:image:196
0.0,0.0,0.00211,0.002211,0.001543,1.405853,0.000608,,0.468275,0.097721,,0.522782,NVTX inference includes CUDA event synchronization,3124379473825095,0.338276,12.995546,6.156032999999999,1.4900019999999996,8.318859999999999,0.12542,1.242845,1.180709,3.549829,1.06033,0.001984,0.006017,4.607078,1.691361,1.251974,10.226435,26.585734,0.428984,1.78679,23664365106,23601715833,197,62.649273,dino,False,8.657136,2.729276,i2-i30-0184,scene-0184,scene-0184:image:197
8.9e-05,0.0,0.002415,0.003094,0.001707,1.368948,0.0,,0.412535,0.09722,,0.528775,NVTX inference includes CUDA event synchronization,3124379543704329,0.312579,3.607233,6.014241,1.4604619999999997,8.116445,0.103302,1.25084,0.870071,3.611505,1.12494,0.000544,0.00736,4.334053,1.684956,0.94604,10.263173,26.674972,0.405375,1.733329,23734244672,23671458826,198,62.785846,dino,False,8.429024,1.467155,i2-i30-0184,scene-0184,scene-0184:image:198
0.000446,0.0,0.002438,0.002362,0.001686,1.360418,0.0,,0.412458,0.099192,,0.550991,NVTX inference includes CUDA event synchronization,3124379613816402,0.320579,3.665358,5.774119000000001,1.480829,7.883531,0.10684,1.234597,0.889068,3.449885,1.036235,0.000512,0.006144,4.346382,1.681447,0.962605,10.235154,26.618403,0.398988,1.702821,23804355899,23741525440,199,62.830459,dino,False,8.20411,1.465532,i2-i30-0184,scene-0184,scene-0184:image:199
0.0,0.0,0.002502,0.002193,0.001753,1.401903,0.0,,0.417762,0.098689,,0.534975,NVTX inference includes CUDA event synchronization,3124379683939851,0.316774,3.646833,5.978684,1.4682390000000005,8.121687,0.104885,1.241043,0.883803,3.636863,1.09598,0.000512,0.007136,4.385721,1.672632,0.958652,10.261317,26.607442,0.420283,1.763288,23874479630,23811661315,200,62.818315,dino,False,8.438461,1.481406,i2-i30-0184,scene-0184,scene-0184:image:200
0.0,0.0,0.002318,0.002359,0.001677,1.405386,0.0,,0.421714,0.093084,,0.54412,NVTX inference includes CUDA event synchronization,3124379754042368,0.323523,3.732581,6.02549,1.4956930000000002,8.172625,0.10792,1.300628,0.937116,3.595993,1.05003,0.001184,0.007584,4.431593,1.747545,1.009309,10.339598,26.569354,0.422737,1.736137,23944582503,23881760419,201,62.822084,dino,False,8.496148,1.501314,i2-i30-0184,scene-0184,scene-0184:image:201
0.0,0.00112,0.002832,0.002327,0.002027,1.577742,0.0,,0.414293,0.12237,,0.541203,NVTX inference includes CUDA event synchronization,3124379825718078,0.314786,3.711468,7.254486,1.639850000000001,9.603614,0.103618,1.384803,0.881423,4.547668,1.35275,0.000576,0.007712,4.395777,1.811784,0.956848,11.08293,27.107899,0.432216,1.771653,24016257370,23951993571,202,64.263799,dino,False,9.9184,1.506794,i2-i30-0184,scene-0184,scene-0184:image:202
0.0,0.0,0.002211,0.002429,0.001792,1.489955,0.000517,,0.593062,0.09751,,0.542901,NVTX inference includes CUDA event synchronization,3124379927461426,0.39786,5.917771,7.273591000000001,1.610983000000001,9.606108,0.223329,1.248694,2.108543,3.698739,1.100944,0.00048,0.012256,6.233112,1.67036,2.17904,10.265165,26.652633,0.446642,1.816465,24118000863,24054007608,203,63.993255,dino,False,10.003968,2.413894,i2-i30-0184,scene-0184,scene-0184:image:203
0.0,0.0,0.002451,0.002984,0.001831,1.513292,0.00033,,0.448322,0.094938,,0.550538,NVTX inference includes CUDA event synchronization,3124380083809981,0.324579,3.915852,7.0942549999999995,1.9867139999999992,9.384362,0.09874,1.389064,0.90902,3.795961,1.521794,0.000576,0.007072,3.775283,1.818383,0.985821,10.3986,27.261752,0.428269,1.44569,24274349847,24210105140,205,64.244707,dino,False,9.708941,1.47271,i2-i30-0184,scene-0184,scene-0184:image:205
0.0,0.000512,0.002341,0.002287,0.001683,1.444785,0.0,,0.472363,0.09295,,0.526907,NVTX inference includes CUDA event synchronization,3124380172179444,0.331426,3.869154,6.2421880000000005,1.4938529999999997,8.45459,0.111004,1.246132,1.029358,3.743992,1.151789,0.001024,0.008864,4.54376,1.666618,1.100911,10.080819,26.624748,0.435299,1.825672,24362719833,24300200460,206,62.519373,dino,False,8.786016,1.588871,i2-i30-0184,scene-0184,scene-0184:image:206
1e-05,0.0,0.002277,0.002856,0.002186,1.571202,0.0,,0.414671,0.115992,,0.529696,NVTX inference includes CUDA event synchronization,3124380243620066,0.312197,3.724581,7.133965,1.5838090000000005,9.460658,0.10399,1.568013,0.892139,4.535198,1.081897,0.00048,0.007329,4.315307,2.001396,0.963948,11.185656,26.688117,0.400665,1.692141,24434160609,24370068566,207,64.092043,dino,False,9.772855,1.46548,i2-i30-0184,scene-0184,scene-0184:image:207
0.0,0.0,0.002683,0.002207,0.001704,1.37669,5.2e-05,,0.479399,0.091054,,0.541834,NVTX inference includes CUDA event synchronization,3124380322306433,0.351844,3.942253,5.958933,1.4767660000000005,8.102712,0.113961,1.211484,1.063272,3.482725,1.09742,0.000992,0.007936,4.545539,1.650821,1.135176,10.168966,26.594793,0.433125,1.782063,24512845767,24450229104,208,62.616663,dino,False,8.454556,1.614448,i2-i30-0184,scene-0184,scene-0184:image:208
0.0,0.0,0.002654,0.00261,0.001766,1.484433,0.0,,0.431526,0.092624,,0.505191,NVTX inference includes CUDA event synchronization,3124380426914350,0.310531,6.854223,6.1793130000000005,1.4947220000000003,8.389586000000001,0.107852,1.280316,0.95301,3.80635,1.049611,0.001088,0.007168,4.401043,1.705055,1.024082,10.324676,26.708452,0.422097,1.754035,24617454533,24554754885,209,62.699648,dino,False,8.700117,1.772451,i2-i30-0184,scene-0184,scene-0184:image:209
0.000159,0.001056,0.002399,0.002826,0.001769,1.441343,0.000544,,0.661323,0.095916,,0.539094,NVTX inference includes CUDA event synchronization,3124380511650776,0.492998,4.092728,6.399030000000001,1.5526950000000008,8.652461,0.133223,1.214788,1.332173,3.582486,1.318638,0.003808,0.007648,4.78027,1.660776,1.404909,10.220425,26.957718,0.453295,1.993584,24702191083,24638770957,210,63.420126,dino,False,9.145459,1.920271,i2-i30-0184,scene-0184,scene-0184:image:210
0.000396,0.000439,0.002811,0.002199,0.001799,1.343341,0.0,,0.392737,0.091572,,0.5436,NVTX inference includes CUDA event synchronization,3124380581433614,0.309827,3.72885,5.582079,1.4238600000000003,7.651146,0.103429,1.213426,0.859678,3.304153,1.048779,0.000576,0.007072,4.296534,1.652598,0.935935,9.994791,26.700213,0.404745,1.6864,24771973116,24709398201,211,62.574915,dino,False,7.960973,1.470123,i2-i30-0184,scene-0184,scene-0184:image:211
0.0,0.0,0.002129,0.002201,0.001659,1.388908,0.0,,0.431833,0.087922,,0.527972,NVTX inference includes CUDA event synchronization,3124380672355736,0.316868,4.57375,5.849636,1.4535040000000006,7.975392,0.106798,1.198435,0.934032,3.486423,1.105068,0.000544,0.007456,4.399029,1.650154,1.005649,9.976138,26.624556,0.411353,1.748587,24862895262,24800556453,212,62.338809,dino,False,8.29226,1.51667,i2-i30-0184,scene-0184,scene-0184:image:212
0.000576,0.0,0.002837,0.002299,0.002321,1.399184,0.0,,0.405433,0.091276,,0.54159,NVTX inference includes CUDA event synchronization,3124380742412714,0.308546,3.699944,6.095194000000001,1.5004700000000009,8.232164000000001,0.103605,1.25868,0.869025,3.529521,1.271665,0.000576,0.007168,4.25523,1.69059,0.946498,10.183186,26.784815,0.404654,1.691826,24932952748,24869916433,213,63.036315,dino,False,8.54071,1.434245,i2-i30-0184,scene-0184,scene-0184:image:213
9.4e-05,0.000576,0.00213,0.002056,0.001679,1.385394,0.0,,0.441404,0.093911,,0.529048,NVTX inference includes CUDA event synchronization,3124380821656310,0.325701,3.757685,5.932728000000001,1.539981,8.063319,0.10775,1.220554,0.920414,3.43634,1.155789,0.000576,0.007616,4.345394,1.660302,0.992991,10.109674,26.822484,0.428993,1.745396,25012195855,24949486210,214,62.709645,dino,False,8.38902,1.649098,i2-i30-0184,scene-0184,scene-0184:image:214
0.0,0.0,0.00215,0.002299,0.001688,1.413584,0.0,,0.424695,0.094999,,0.527738,NVTX inference includes CUDA event synchronization,3124380921593661,0.316738,3.86349,6.139486,1.4728439999999994,8.289900999999999,0.106286,1.266884,0.947374,3.741815,1.063371,0.00096,0.007105,4.414705,1.671274,1.019216,10.084639,26.624416,0.420184,1.744381,25112133119,25049808831,215,62.324288,dino,False,8.606639,1.669619,i2-i30-0184,scene-0184,scene-0184:image:215
0.0,0.0,0.002833,0.002325,0.001824,1.42681,0.0,,0.445299,0.116479,,0.591103,NVTX inference includes CUDA event synchronization,3124381011388699,0.331012,3.900769,7.00619,1.6558789999999997,9.261851,0.115559,1.279793,0.941783,4.522265,1.069328,0.001024,0.007232,4.416375,1.76091,1.014487,11.130827,26.832497,0.41617,1.741812,25201927949,25137982947,216,63.945002,dino,False,9.592863,3.880653,i2-i30-0184,scene-0184,scene-0184:image:216
0.0,0.000544,0.002743,0.002241,0.00167,1.371804,0.0,,0.406322,0.090338,,0.529176,NVTX inference includes CUDA event synchronization,3124381081749398,0.315332,3.764952,5.803553000000001,1.454110000000001,7.893059000000001,0.112161,1.247174,0.875004,3.44038,1.071978,0.000512,0.007072,4.353264,1.680426,0.953629,10.108939,26.68499,0.409854,1.703313,25272288827,25209448408,217,62.840419,dino,False,8.208391,1.570944,i2-i30-0184,scene-0184,scene-0184:image:217
0.0,0.000795,0.002273,0.002289,0.001674,1.384732,0.0,,0.44589,0.093197,,0.52482,NVTX inference includes CUDA event synchronization,3124381171598358,0.333445,3.822386,5.823146000000001,1.4593350000000012,7.945371000000001,0.107207,1.205747,0.963902,3.488851,1.045166,0.001056,0.007552,4.413824,1.660791,1.035135,10.128871,26.667606,0.423312,1.754451,25362137878,25299643338,218,62.49454,dino,False,8.278816,1.660222,i2-i30-0184,scene-0184,scene-0184:image:218
0.000241,0.0,0.002323,0.002952,0.001914,1.360226,0.0,,0.406791,0.088378,,0.542711,NVTX inference includes CUDA event synchronization,3124381241703764,0.320741,3.742318,5.8200389999999995,1.4578409999999993,7.904833999999999,0.103895,1.267655,0.860788,3.479095,1.048781,0.000512,0.007008,4.297621,1.705324,0.937845,10.189401,26.612802,0.404551,1.693575,25432243805,25369519430,219,62.724375,dino,False,8.225575,1.545758,i2-i30-0184,scene-0184,scene-0184:image:219
0.0,0.0,0.002078,0.002215,0.001556,1.39438,0.0,,0.418187,0.092505,,0.527192,NVTX inference includes CUDA event synchronization,3124381321702826,0.319942,3.685598,5.888916,1.4529359999999993,8.007087,0.109948,1.251008,0.92183,3.473627,1.109872,0.00048,0.007328,4.357539,1.690405,0.99527,10.16329,26.789765,0.408351,1.715607,25512242289,25449502568,220,62.739721,dino,False,8.327029,1.63458,i2-i30-0184,scene-0184,scene-0184:image:220
0.0,0.0,0.002746,0.00224,0.001557,1.373823,0.0,,0.430697,0.091389,,0.516287,NVTX inference includes CUDA event synchronization,3124381422077896,0.323779,3.87913,5.796232,1.4530790000000007,7.891192,0.109772,1.22586,0.961656,3.415696,1.0403,0.000576,0.008032,4.45281,1.664648,1.037368,10.113538,26.517962,0.418474,1.740066,25612617740,25550266982,221,62.350758,dino,False,8.214971,1.774959,i2-i30-0184,scene-0184,scene-0184:image:221
0.0,0.0,0.002363,0.002412,0.001948,1.443564,0.000576,,0.447089,0.095118,,0.523173,NVTX inference includes CUDA event synchronization,3124381508953407,0.327652,3.894283,6.412153,1.5495459999999994,8.600743999999999,0.106719,1.33703,0.934415,3.778112,1.21435,0.000992,0.007232,4.401372,1.746121,1.005936,10.196567,26.712161,0.418807,1.749589,25699493472,25636536969,222,62.956503,dino,False,8.928396,1.709906,i2-i30-0184,scene-0184,scene-0184:image:222
0.0,0.000167,0.002458,0.002064,0.001717,1.355613,0.0,,0.435,0.088672,,0.52005,NVTX inference includes CUDA event synchronization,3124381579484804,0.332582,3.785605,5.771725000000001,1.4455220000000004,7.844884,0.112116,1.209365,0.90688,3.423509,1.07249,0.000576,0.007008,4.382116,1.653562,0.984034,10.168666,26.62262,0.415589,1.741112,25770024168,25707235125,223,62.789043,dino,False,8.177466,1.712425,i2-i30-0184,scene-0184,scene-0184:image:223
0.0,0.0,0.002375,0.002689,0.054554,1.440005,0.0,,0.417494,0.098052,,0.80017,NVTX inference includes CUDA event synchronization,3124381674753314,0.372163,5.216725,6.378686,1.873913,8.821862,0.107664,1.322902,0.943583,3.865726,1.072749,0.000512,0.006976,4.367192,1.775994,1.014784,10.547832,26.587297,0.410798,1.731533,25865293159,25801775211,224,63.517948,dino,False,9.194025,1.723517,i2-i30-0184,scene-0184,scene-0184:image:224
0.0,0.000608,0.003161,0.002241,0.001596,1.375051,0.0,,0.392134,0.09066,,0.617535,NVTX inference includes CUDA event synchronization,3124381745742690,0.308259,3.76239,5.802693,1.4366349999999999,7.97742,0.103392,1.24625,0.904904,3.549973,1.036525,0.000544,0.007456,4.294612,1.688494,0.982953,10.21518,26.788807,0.422615,1.741937,25936282514,25872835431,225,63.447083,dino,False,8.285679,1.654477,i2-i30-0184,scene-0184,scene-0184:image:225
0.0,3.3e-05,0.002692,0.002227,0.001642,1.375978,0.0,,0.433699,0.089114,,0.544999,NVTX inference includes CUDA event synchronization,3124381821663474,0.32535,3.703554,5.955017,1.4749659999999993,8.080051,0.127496,1.234666,0.910634,3.529465,1.120206,0.00048,0.007488,4.404698,1.669101,0.985291,10.169792,26.719526,0.412381,1.734715,26012202941,25949449204,226,62.753737,dino,False,8.405401,1.692996,i2-i30-0184,scene-0184,scene-0184:image:226
0.0,0.0,0.002313,0.002185,0.001778,1.413082,0.0,,0.457016,0.094358,,0.526991,NVTX inference includes CUDA event synchronization,3124381928422348,0.341666,8.069487,6.13011,1.4202100000000009,8.286167,0.106868,1.346132,1.001111,3.678012,1.067308,0.001024,0.007168,4.42814,1.749849,1.071895,10.031378,26.681133,0.424495,1.750089,26118961932,26056523594,227,62.438338,dino,False,8.627833,2.196496,i2-i30-0184,scene-0184,scene-0184:image:227
0.0,0.0,0.002164,0.002305,0.001715,1.395493,0.0,,0.41239,0.095036,,0.539846,NVTX inference includes CUDA event synchronization,3124382008912554,0.314659,3.889719,5.949319,1.4650039999999995,8.083609,0.112861,1.237237,0.925689,3.572855,1.076109,0.001088,0.007425,4.397963,1.686458,0.997626,10.249528,26.769886,0.460833,1.731589,26199451902,26136655408,228,62.796494,dino,False,8.398268,1.705113,i2-i30-0184,scene-0184,scene-0184:image:228
0.0,0.000783,0.0022,0.002298,0.001734,1.386678,0.0,,0.403306,0.096463,,0.542464,NVTX inference includes CUDA event synchronization,3124382079525140,0.319363,3.655707,5.896920999999999,1.448713999999999,8.013484,0.105277,1.238747,0.865841,3.631311,1.035597,0.000576,0.006784,4.287586,1.682909,0.943602,10.363416,26.673014,0.4033,1.69781,26270064804,26207029511,229,63.035293,dino,False,8.332847,1.680982,i2-i30-0184,scene-0184,scene-0184:image:229
0.0,0.0,0.002759,0.002274,0.00171,1.420192,0.0,,0.42429,0.094295,,0.525876,NVTX inference includes CUDA event synchronization,3124382171752448,0.32071,3.79798,6.045866,1.4483300000000003,8.196552,0.109052,1.23629,0.93367,3.730386,1.05083,0.001056,0.007648,4.427208,1.644359,1.004104,10.12168,26.658593,0.420958,1.768522,26362291763,26299924599,230,62.367164,dino,False,8.517262,1.770466,i2-i30-0184,scene-0184,scene-0184:image:230
0.0,0.001024,0.002169,0.002855,0.001718,1.428118,0.0,,0.418455,0.093869,,0.534532,NVTX inference includes CUDA event synchronization,3124382242099771,0.316644,3.638415,6.2530719999999995,1.517301999999999,8.419167999999999,0.103405,1.229863,0.878014,3.651952,1.347308,0.000544,0.007424,4.296874,1.660332,0.949439,10.289714,26.952162,0.396461,1.689293,26432639785,26369754482,231,62.885303,dino,False,8.735812,1.656258,i2-i30-0184,scene-0184,scene-0184:image:231
0.0,0.000576,0.002297,0.002097,0.00167,1.371221,0.0,0.125099,0.434686,0.089185,0.0,0.521566,NVTX inference includes CUDA event synchronization,3124404178205103,0.345155,3.194102,5.770084000000001,1.4729220000000005,7.973326,0.095651,1.213852,0.8166,3.590209,1.120415,0.002688,0.006144,3.519232,1.659168,0.889913,10.333558,26.496153,0.344027,1.362353,7308312424,7245841300,1,62.471124,dino,False,8.318481,1.252749,i2-i30-0245,scene-0245,scene-0245:image:1
0.000308,0.000188,0.002127,0.002529,0.001823,1.371677,0.0,,0.422977,0.095819,,0.549273,NVTX inference includes CUDA event synchronization,3124404250052420,0.33543,3.191526,5.737309999999999,1.434181999999999,7.8486009999999995,0.091832,1.208765,0.846632,3.538831,1.056493,0.002784,0.004512,3.422208,1.643297,0.919657,10.161881,26.516096,0.330648,1.319746,7380159495,7317757960,2,62.401535,dino,False,8.184031,1.257361,i2-i30-0245,scene-0245,scene-0245:image:2
0.0,3.3e-05,0.00203,0.002212,0.001913,1.356026,0.0,,0.410121,0.090957,,0.533285,NVTX inference includes CUDA event synchronization,3124404319084949,0.330052,3.15196,5.582086,1.4264869999999998,7.648611,0.092698,1.220194,0.764747,3.364797,1.100556,0.00464,0.004544,3.424871,1.664966,0.860332,10.13428,26.402917,0.332433,1.323037,7449192573,7387063285,3,62.129288,dino,False,7.978663,1.782644,i2-i30-0245,scene-0245,scene-0245:image:3
0.0,0.000608,0.002106,0.002276,0.00179,1.367304,0.0,,0.437625,0.090809,,0.531465,NVTX inference includes CUDA event synchronization,3124404400272509,0.348388,3.438062,5.748426,1.4588289999999997,7.834021,0.093773,1.21282,0.870629,3.416908,1.118218,0.00448,0.006752,3.484625,1.660377,0.942982,10.241641,26.457163,0.337503,1.541354,7530379888,7468090179,4,62.289709,dino,False,8.182409,1.276908,i2-i30-0245,scene-0245,scene-0245:image:4
0.0,0.0,0.002166,0.002278,0.001604,1.375491,0.000544,,0.397898,0.089649,,0.553403,NVTX inference includes CUDA event synchronization,3124404587666573,0.310723,3.347138,5.902839999999999,1.4344279999999996,8.01515,0.096123,1.304669,0.829941,3.57094,1.081324,0.002592,0.005856,3.502948,1.735298,0.90095,10.156801,26.545484,0.34538,1.337229,7717774118,7655573588,6,62.20053,dino,False,8.325873,1.304554,i2-i30-0245,scene-0245,scene-0245:image:6
0.0,0.000168,0.002618,0.001993,0.001765,1.401327,0.000334,,0.403405,0.091884,,0.551186,NVTX inference includes CUDA event synchronization,3124404656463747,0.322596,3.157339,5.798331000000001,1.4543550000000005,7.930415000000001,0.089359,1.220192,0.755625,3.556377,1.167695,0.004928,0.00448,3.370701,1.662276,0.830506,10.196838,26.589788,0.32902,1.311463,7786571391,7724074505,7,62.496886,dino,False,8.253011,1.215508,i2-i30-0245,scene-0245,scene-0245:image:7
0.000364,0.0,0.002783,0.00232,0.001707,1.401015,0.0,,0.407595,0.093363,,0.538739,NVTX inference includes CUDA event synchronization,3124404751102859,0.299333,3.792343,6.082115999999999,1.481147,8.230668999999999,0.105817,1.221654,0.877685,3.730343,1.107756,0.000608,0.004992,3.803471,1.659449,0.948341,10.14653,26.446047,0.383338,1.412145,7881210391,7819081418,8,62.128973,dino,False,8.530002,1.414268,i2-i30-0245,scene-0245,scene-0245:image:8
0.0,0.0,0.002571,0.002436,0.001869,1.386673,0.0,,0.401898,0.092001,,0.536322,NVTX inference includes CUDA event synchronization,3124404820062358,0.326948,3.163067,6.001691999999999,1.5387929999999992,8.098514,0.090878,1.27273,0.739481,3.494893,1.279278,0.005152,0.004257,3.370206,1.716256,0.816634,10.228513,26.66579,0.325508,1.308728,7950170373,7887560626,9,62.609747,dino,False,8.425462,1.246584,i2-i30-0245,scene-0245,scene-0245:image:9
0.0,0.000512,0.002382,0.002523,0.001788,1.394706,0.000512,,0.41344,0.101813,,0.545744,NVTX inference includes CUDA event synchronization,3124404900361892,0.335332,3.255106,5.889670999999999,1.4573269999999994,8.017759,0.090917,1.283827,0.829923,3.523403,1.157582,0.00496,0.005152,3.4761,1.731643,0.902884,10.318808,26.537964,0.342576,1.375741,8030469726,7967943445,10,62.526281,dino,False,8.353091,1.270157,i2-i30-0245,scene-0245,scene-0245:image:10
0.0,0.0,0.002349,0.002472,0.001793,1.468316,0.0,,0.423623,0.095835,,0.543973,NVTX inference includes CUDA event synchronization,3124405038150040,0.317027,3.242616,6.340007,1.5557509999999999,8.561341,0.097071,1.28784,0.892808,3.874995,1.160559,0.00224,0.007104,3.597986,1.724935,0.963466,10.53869,26.657242,0.340757,1.371988,8168258039,8105554030,11,62.704009,dino,False,8.878368,1.349315,i2-i30-0245,scene-0245,scene-0245:image:11
0.0,0.000748,0.002709,0.002438,0.002079,1.446674,0.0,,0.437241,0.105265,,0.553832,NVTX inference includes CUDA event synchronization,3124405109878759,0.3578,3.199289,6.960184,1.624129,9.15337,0.090733,1.402099,0.819616,3.943276,1.622804,0.00224,0.006273,3.492843,1.880379,0.894241,10.483117,27.123943,0.363731,1.348763,8239986267,8174837313,12,65.148954,dino,False,9.51117,1.243504,i2-i30-0245,scene-0245,scene-0245:image:12
0.0,0.0,0.002217,0.002113,0.001893,1.416967,0.00112,,0.411321,0.099891,,0.511376,NVTX inference includes CUDA event synchronization,3124405179251480,0.324899,3.237173,6.091067,1.5201899999999995,8.213066,0.098901,1.302193,0.763733,3.716393,1.127275,0.002656,0.006624,3.560854,1.748342,0.836854,10.489644,26.53663,0.345991,1.384545,8309359524,8246594633,13,62.764891,dino,False,8.537965,1.255662,i2-i30-0245,scene-0245,scene-0245:image:13
0.000357,0.0,0.002784,0.002226,0.001946,1.440029,0.0,,0.451958,0.100582,,0.546104,NVTX inference includes CUDA event synchronization,3124405251507771,0.3537,3.220398,6.29648,1.6022290000000003,8.488766,0.091652,1.239417,0.823856,3.889426,1.185934,0.004768,0.005184,3.553957,1.679422,0.898033,10.451713,26.886279,0.349472,1.366595,8381615288,8317832160,14,63.783128,dino,False,8.842466,1.246103,i2-i30-0245,scene-0245,scene-0245:image:14
0.0,0.000576,0.00224,0.002254,0.001732,1.382637,0.000544,,0.38169,0.089185,,0.548571,NVTX inference includes CUDA event synchronization,3124405320462113,0.30941,3.250283,5.779088,1.4796369999999994,7.879106999999999,0.092661,1.262019,0.772775,3.464387,1.107182,0.004768,0.005088,3.416943,1.704871,0.847336,10.170901,26.451598,0.338833,1.332882,8450569508,8388278680,15,62.290828,dino,False,8.188517,1.273822,i2-i30-0245,scene-0245,scene-0245:image:15
0.0,0.0,0.002336,0.002437,0.002127,1.380144,0.0,,0.449946,0.094177,,0.537133,NVTX inference includes CUDA event synchronization,3124405400621742,0.357924,3.384922,5.817338,1.4767650000000003,7.927714000000001,0.094218,1.234523,0.884965,3.480308,1.103627,0.004512,0.00672,3.526358,1.685216,0.957382,10.332781,26.530582,0.339523,1.483172,8530729017,8468112804,16,62.616213,dino,False,8.285638,1.275285,i2-i30-0245,scene-0245,scene-0245:image:16
0.0,0.000512,0.00216,0.002241,0.001844,1.459416,0.0,,0.506872,0.096263,,0.531904,NVTX inference includes CUDA event synchronization,3124405553188428,0.36586,11.988881,6.524305999999999,1.5743029999999996,8.759658,0.123461,1.280862,1.21263,3.869418,1.057964,0.000544,0.006336,3.962216,1.696576,1.28332,10.315235,26.448277,0.357003,1.325142,8683296038,8620555574,17,62.740464,dino,False,9.125518,2.740158,i2-i30-0245,scene-0245,scene-0245:image:17
0.0,0.000544,0.002245,0.002178,0.001874,1.370768,0.0,,0.4165,0.094881,,0.548767,NVTX inference includes CUDA event synchronization,3124405622168532,0.332323,3.179602,5.802961,1.4655549999999993,7.908395,0.095808,1.355771,0.791147,3.431625,1.092076,0.00432,0.004416,3.38829,1.805727,0.864331,10.267069,26.475655,0.340222,1.324301,8752276058,8689782064,18,62.493994,dino,False,8.240718,1.239051,i2-i30-0245,scene-0245,scene-0245:image:18
0.0,0.000496,0.003021,0.002295,0.002316,1.392219,0.0,,0.395623,0.097298,,0.560289,NVTX inference includes CUDA event synchronization,3124405692063388,0.32055,3.544686,5.906084999999999,1.4690529999999988,8.039091999999998,0.092501,1.256694,0.795525,3.658401,1.078828,0.003456,0.005184,3.459951,1.695899,0.870566,10.193388,26.487251,0.340308,1.324163,8822171149,8759553484,19,62.617665,dino,False,8.359642,1.488633,i2-i30-0245,scene-0245,scene-0245:image:19
0.0,0.0,0.002329,0.002928,0.001822,1.418172,0.0,,0.387257,0.102547,,0.560808,NVTX inference includes CUDA event synchronization,3124405762259424,0.340358,3.212084,6.467751999999999,1.6030299999999995,8.603257,0.091863,1.266885,0.778408,3.958299,1.234954,0.00544,0.004736,3.383371,1.711592,0.853481,10.722179,26.755476,0.346747,1.324363,8892367453,8828848433,20,63.51902,dino,False,8.943615,1.435986,i2-i30-0245,scene-0245,scene-0245:image:20
0.0,0.000512,0.002286,0.002181,0.00198,1.428224,0.0,,0.579629,0.097725,,0.550315,NVTX inference includes CUDA event synchronization,3124405832353102,0.451653,3.315116,6.141293999999999,1.4949549999999991,8.352492999999999,0.118262,1.242648,1.179116,3.673858,1.085771,0.00112,0.008416,4.574347,1.686781,1.251021,10.236824,26.477067,0.43155,1.813516,8962460503,8899498110,21,62.962393,dino,False,8.804146,1.601669,i2-i30-0245,scene-0245,scene-0245:image:21
0.0,0.0,0.002325,0.00213,0.001771,1.363919,0.0,,0.420877,0.096119,,0.537592,NVTX inference includes CUDA event synchronization,3124405903003788,0.336451,3.264663,5.695111000000001,1.4380840000000008,7.783393,0.107173,1.225357,0.872295,3.433372,1.035947,0.000544,0.007072,4.314161,1.669713,0.968136,10.207761,26.508742,0.404364,1.703307,9033111141,8970617172,22,62.493969,dino,False,8.119844,2.69389,i2-i30-0245,scene-0245,scene-0245:image:22
0.0,0.000544,0.00281,0.002138,0.001825,1.415365,0.0,,0.531897,0.097591,,0.525201,NVTX inference includes CUDA event synchronization,3124406053642252,0.385316,12.187565,6.313034,1.5046689999999998,8.505089,0.137571,1.234896,1.400504,3.553269,1.051048,0.000512,0.007936,4.532775,1.676819,1.471353,10.173267,26.410669,0.416606,1.758113,9183749736,9121165371,23,62.584365,dino,False,8.890405,3.561957,i2-i30-0245,scene-0245,scene-0245:image:23
0.0,0.000544,0.002158,0.002168,0.001845,1.431182,0.0,,0.432034,0.109998,,0.550437,NVTX inference includes CUDA event synchronization,3124406123068912,0.332869,3.246265,6.185797,1.4708249999999996,8.383294,0.106435,1.367071,0.900355,3.790153,1.073964,0.000544,0.006816,4.325862,1.770821,0.974308,10.126637,26.447029,0.411024,1.721041,9253176769,9190595742,24,62.581027,dino,False,8.716163,1.464367,i2-i30-0245,scene-0245,scene-0245:image:24
0.000374,0.000575,0.002849,0.00273,0.001905,1.363723,0.0,,0.422926,0.096373,,0.541308,NVTX inference includes CUDA event synchronization,3124406192486232,0.321828,3.242057,5.781024,1.438777,7.891959,0.115646,1.240812,0.878954,3.468118,1.056489,0.004544,0.010447,6.793764,1.683889,0.94961,10.037464,26.556987,0.396706,1.730219,9322594136,9259995054,25,62.599082,dino,False,8.213787,1.465238,i2-i30-0245,scene-0245,scene-0245:image:25
0.0,0.00128,0.002113,0.002755,0.00197,1.349922,0.0,,0.429279,0.089847,,0.553881,NVTX inference includes CUDA event synchronization,3124406261643644,0.338339,3.222016,5.6045940000000005,1.429252,7.697302,0.107481,1.238787,0.917517,3.305406,1.029294,0.000608,0.007296,4.304199,1.681383,0.992046,10.034816,26.456517,0.401785,1.706574,9391752015,9329404045,26,62.34797,dino,False,8.035641,1.658783,i2-i30-0245,scene-0245,scene-0245:image:26
0.0,0.0,0.002367,0.002696,0.00176,1.398956,0.0,,0.491718,0.095377,,0.531425,NVTX inference includes CUDA event synchronization,3124406331166342,0.364581,3.22498,5.919657999999999,1.4820249999999993,8.079376,0.110835,1.214075,1.002108,3.578136,1.049834,0.000544,0.0064,4.399639,1.654111,1.073916,10.087531,26.626694,0.419019,1.776562,9461274457,9398432251,27,62.842206,dino,False,8.443957,1.500269,i2-i30-0245,scene-0245,scene-0245:image:27
0.0,0.0,0.002078,0.002694,0.00182,1.362086,0.0,,0.428787,0.094814,,0.545854,NVTX inference includes CUDA event synchronization,3124406400522315,0.338021,3.233954,5.625095,1.4322240000000006,7.725207,0.106492,1.223941,0.902274,3.329645,1.060363,0.00064,0.007649,4.358876,1.671785,0.977219,10.150876,26.514115,0.426733,1.75526,9530630369,9468088571,28,62.541798,dino,False,8.063228,1.492771,i2-i30-0245,scene-0245,scene-0245:image:28
0.000737,0.0,0.002139,0.002067,0.001679,1.393065,0.000512,,0.529974,0.09401,,0.534474,NVTX inference includes CUDA event synchronization,3124406552589150,0.372674,12.501259,6.093394999999999,1.496898999999999,8.279378,0.139605,1.206566,1.390683,3.350515,1.0578,0.003104,0.00688,4.751346,1.649865,1.479581,9.976143,26.474333,0.422025,1.773002,9682696419,9620172234,29,62.524185,dino,False,8.652052,3.420844,i2-i30-0245,scene-0245,scene-0245:image:29
0.0,0.0,0.002276,0.002251,0.001818,1.357743,0.0,,0.418009,0.095778,,0.542246,NVTX inference includes CUDA event synchronization,3124406621606830,0.323524,3.222519,5.688162999999999,1.4272519999999993,7.7847599999999995,0.1093,1.33742,0.872317,3.304896,1.048523,0.00064,0.007936,4.285355,1.78511,0.947006,10.085864,26.527814,0.40772,1.708602,9751714841,9689252913,30,62.461928,dino,False,8.108284,1.456758,i2-i30-0245,scene-0245,scene-0245:image:30
0.0,0.000512,0.002059,0.002636,0.002159,1.378399,0.0,,0.413152,0.099416,,0.549387,NVTX inference includes CUDA event synchronization,3124406690923624,0.322309,3.284387,5.830458999999999,1.451339,7.95587,0.105981,1.209437,0.913893,3.549613,1.040108,0.000512,0.007296,4.386934,1.64909,0.98759,10.069528,26.486443,0.415938,1.751927,9821031543,9758571342,31,62.460201,dino,False,8.278179,1.508187,i2-i30-0245,scene-0245,scene-0245:image:31
0.0,0.000544,0.002274,0.002606,0.001652,1.382685,0.0,,0.439811,0.092023,,0.538685,NVTX inference includes CUDA event synchronization,3124406760277583,0.334408,3.204027,5.873867,1.4819019999999998,7.999739,0.115154,1.235353,0.939701,3.438247,1.112622,0.001152,0.010016,4.556352,1.680673,1.01375,10.19675,26.53476,0.437864,1.865258,9890385507,9827718967,32,62.66654,dino,False,8.334147,1.510469,i2-i30-0245,scene-0245,scene-0245:image:32
0.000141,0.000329,0.002558,0.002385,0.001725,1.441675,0.0,,0.463684,0.09964,,0.559551,NVTX inference includes CUDA event synchronization,3124406830069135,0.33517,3.237266,6.248018,1.5522140000000002,8.484536,0.130699,1.259171,1.011515,3.788751,1.070028,0.00112,0.006208,4.583149,1.693225,1.084412,10.355012,26.487159,0.446868,1.784302,9960176547,9897070652,33,63.105895,dino,False,8.819706,1.495928,i2-i30-0245,scene-0245,scene-0245:image:33
0.0,0.0,0.002649,0.00238,0.002122,1.371753,0.0,,0.433679,0.090839,,0.53004,NVTX inference includes CUDA event synchronization,3124406900738822,0.329188,3.272623,5.864220999999999,1.471119999999999,7.968494999999999,0.108397,1.243045,0.941465,3.449835,1.076301,0.000608,0.006912,4.376367,1.690762,1.014458,10.253787,26.504103,0.425661,1.732948,10030845936,9968199573,34,62.646363,dino,False,8.297683,1.493506,i2-i30-0245,scene-0245,scene-0245:image:34
0.00038,0.001472,0.002397,0.002726,0.002096,1.4291,0.0,,0.50532,0.101239,,0.517045,NVTX inference includes CUDA event synchronization,3124407057350665,0.349125,12.931164,6.6915059999999995,1.5600239999999994,8.904155999999999,0.128175,1.333158,1.346795,3.796256,1.075849,0.004896,0.008128,4.957119,1.776619,1.41742,10.510937,26.441987,0.428476,1.842895,10187458866,10124373604,35,63.085262,dino,False,9.253281,4.025863,i2-i30-0245,scene-0245,scene-0245:image:35
0.0,0.001185,0.003187,0.002878,0.001838,1.529784,0.0,,0.421431,0.116211,,0.552971,NVTX inference includes CUDA event synchronization,3124407128567094,0.322978,3.269556,7.452509,1.5872399999999995,9.759015999999999,0.120071,1.886925,0.904634,4.43633,1.137034,0.001024,0.008736,4.553689,2.320656,0.976059,10.967581,26.591532,0.449774,1.84329,10258679301,10194543217,36,64.136084,dino,False,10.081994,1.686214,i2-i30-0245,scene-0245,scene-0245:image:36
0.0,0.0,0.002517,0.002409,0.001957,1.573148,0.0,,0.464476,0.125463,,0.54093,NVTX inference includes CUDA event synchronization,3124407200476071,0.328419,3.409846,7.227684,1.7930349999999997,9.610165,0.117148,1.393156,1.021615,4.294225,1.310221,0.001152,0.008032,4.694791,1.84129,1.094415,11.00723,26.81559,0.438452,1.943285,10330584519,10266333245,37,64.251274,dino,False,9.938584,1.787857,i2-i30-0245,scene-0245,scene-0245:image:37
0.000458,0.0,0.002342,0.002992,0.001951,1.516064,0.001152,,0.460946,0.101013,,0.538849,NVTX inference includes CUDA event synchronization,3124407271351206,0.326276,3.458681,6.600844,1.5701070000000001,8.900335,0.124806,1.374712,1.014749,3.924303,1.207022,0.003488,0.007424,4.677101,1.814493,1.086782,10.437521,26.658625,0.437045,1.881303,10401460008,10338134917,38,63.325091,dino,False,9.226611,1.638781,i2-i30-0245,scene-0245,scene-0245:image:38
0.000534,0.000576,0.00208,0.002256,0.001946,1.583776,0.0,,0.465426,0.108649,,0.529403,NVTX inference includes CUDA event synchronization,3124407342988198,0.336835,3.345792,7.2945519999999995,1.8636619999999997,9.652363,0.115064,1.337835,0.925315,4.383664,1.353418,0.001248,0.008992,4.551318,1.783569,0.999908,11.046415,26.995734,0.435267,1.821061,10473095548,10408747067,39,64.348481,dino,False,9.989198,1.597075,i2-i30-0245,scene-0245,scene-0245:image:39
0.0,0.000544,0.002341,0.002278,0.002075,1.538527,0.0,,0.459292,0.100081,,0.540417,NVTX inference includes CUDA event synchronization,3124407413639021,0.329029,3.306764,6.640492,1.6526360000000002,8.957018,0.106164,1.33157,0.933384,3.983272,1.269932,0.00112,0.007969,4.501318,1.776856,1.005513,10.560414,26.669701,0.414442,1.803745,10543747383,10480237448,40,63.509935,dino,False,9.286047,1.52492,i2-i30-0245,scene-0245,scene-0245:image:40
0.0,0.0016,0.00219,0.002122,0.001974,1.482849,0.0,,0.510713,0.114415,,0.527147,NVTX inference includes CUDA event synchronization,3124407548123742,0.352771,5.833763,6.645242,1.5527949999999997,8.935481,0.133343,1.280605,1.333481,3.883184,1.092556,0.004704,0.007584,4.966858,1.717154,1.404265,10.452516,26.63991,0.432793,1.842671,10678231313,10614896678,41,63.334635,dino,False,9.288252,3.056738,i2-i30-0245,scene-0245,scene-0245:image:41
0.0,0.0,0.002732,0.002906,0.001849,1.453327,0.0,,0.416348,0.098068,,0.535737,NVTX inference includes CUDA event synchronization,3124407618505869,0.313539,3.636602,6.261726,1.5225819999999999,8.459154,0.107654,1.388191,0.9126,3.692694,1.139468,0.000608,0.008896,4.483863,1.835782,0.986713,10.499129,26.53833,0.42517,1.793968,10748613674,10685515530,42,63.098144,dino,False,8.772693,1.516246,i2-i30-0245,scene-0245,scene-0245:image:42
0.0,0.000911,0.002247,0.002205,0.001884,1.50865,0.0,,0.54499,0.108286,,0.5404,NVTX inference includes CUDA event synchronization,3124407689012021,0.365828,3.331388,6.577261000000001,1.5820620000000005,8.921006,0.130692,1.324322,1.093765,4.029353,1.116624,0.000544,0.009472,4.574893,1.757316,1.165893,10.52231,26.573816,0.42339,1.834024,10819119510,10755778172,43,63.341338,dino,False,9.286834,1.533629,i2-i30-0245,scene-0245,scene-0245:image:43
0.0,0.0,0.002452,0.00218,0.001914,1.418355,0.0,,0.420443,0.119428,,0.529125,NVTX inference includes CUDA event synchronization,3124407758754395,0.319685,3.287519,6.177581999999999,1.4783779999999993,8.351794,0.110361,1.293252,0.887703,3.80731,1.084747,0.001088,0.00864,4.495466,1.737322,0.960888,10.524928,26.491336,0.448113,1.798833,10888861932,10825983114,44,62.878818,dino,False,8.671479,1.46681,i2-i30-0245,scene-0245,scene-0245:image:44
0.0,0.000576,0.002381,0.002811,0.001775,1.479312,0.0,,0.500315,0.101262,,0.544859,NVTX inference includes CUDA event synchronization,3124407829080038,0.361862,3.281708,6.496347,1.4819959999999996,8.767776,0.119624,1.318604,1.042184,4.003315,1.151659,0.004096,0.00816,4.743567,1.753551,1.113929,10.608365,26.639799,0.472545,1.897719,10959188034,10895754099,45,63.433935,dino,False,9.129638,1.509694,i2-i30-0245,scene-0245,scene-0245:image:45
0.0,0.0,0.002481,0.002247,0.001968,1.407222,0.0,,0.419767,0.096827,,0.552647,NVTX inference includes CUDA event synchronization,3124407901195628,0.309604,3.291347,6.1707529999999995,1.5121570000000002,8.344308,0.108342,1.290815,0.913396,3.700581,1.120077,0.00064,0.007904,4.499563,1.741574,0.986421,10.533934,26.553906,0.42891,1.781156,11031303335,10968233467,46,63.069868,dino,False,8.653912,1.509775,i2-i30-0245,scene-0245,scene-0245:image:46
0.0,0.000872,0.002185,0.002207,0.002199,1.457248,0.0,,0.518521,0.094955,,0.514907,NVTX inference includes CUDA event synchronization,3124408053635322,0.351298,12.047462,6.605113,1.5573610000000002,8.846909,0.137931,1.293776,1.354392,3.744781,1.097774,0.004928,0.007264,4.856135,1.743735,1.425369,10.430898,26.522197,0.449223,1.822619,11183743195,11120700823,47,63.042372,dino,False,9.198207,3.112481,i2-i30-0245,scene-0245,scene-0245:image:47
0.0,0.0,0.002548,0.002288,0.002123,1.476337,0.0,,0.43259,0.100055,,0.571863,NVTX inference includes CUDA event synchronization,3124408124417768,0.337154,3.276973,6.452406999999999,1.5420089999999993,8.703057,0.108726,1.444532,0.926148,3.859775,1.149293,0.001152,0.008576,4.489821,1.87532,1.003269,10.435544,26.730894,0.429182,1.763062,11254525424,11190726761,48,63.798663,dino,False,9.040211,1.501895,i2-i30-0245,scene-0245,scene-0245:image:48
0.0,0.000544,0.002981,0.002246,0.002202,1.443046,0.0,,0.427514,0.098391,,0.53686,NVTX inference includes CUDA event synchronization,3124408194135950,0.329572,3.347231,6.213808,1.4688739999999996,8.398019999999999,0.109262,1.285274,0.902156,3.846751,1.106411,0.001184,0.00768,4.526541,1.728318,0.973996,10.494055,26.514338,0.420328,1.775165,11324243164,11261503817,49,62.739347,dino,False,8.727592,1.464813,i2-i30-0245,scene-0245,scene-0245:image:49
0.0,0.0,0.002444,0.002054,0.002045,1.42901,0.0,,0.418948,0.097272,,0.520587,NVTX inference includes CUDA event synchronization,3124408263915521,0.3105,3.286257,6.156408000000001,1.463654000000001,8.318268000000002,0.105486,1.276466,0.882894,3.7936,1.098988,0.001056,0.006624,4.463705,1.71164,0.956974,10.476513,26.558785,0.430347,1.761778,11394023355,11331081702,50,62.941653,dino,False,8.628768,1.48062,i2-i30-0245,scene-0245,scene-0245:image:50
0.0,0.0,0.002137,0.002738,0.001822,1.438391,0.0,,0.428634,0.096748,,0.55102,NVTX inference includes CUDA event synchronization,3124408334135513,0.314435,3.308694,6.3578019999999995,1.5351589999999993,8.564857,0.12662,1.283481,0.937574,3.890397,1.097037,0.001088,0.007936,4.60397,1.728606,1.010471,10.556562,26.573936,0.406538,1.802039,11464243513,11401049585,51,63.193928,dino,False,8.879292,1.552745,i2-i30-0245,scene-0245,scene-0245:image:51
0.0,0.000544,0.002885,0.002065,0.001855,1.426743,0.00064,,0.421347,0.097875,,0.540722,NVTX inference includes CUDA event synchronization,3124408403964348,0.331138,3.323145,6.248775999999999,1.4801259999999994,8.412314,0.105299,1.27334,0.914854,3.85622,1.103437,0.001056,0.00912,4.573613,1.710179,0.990343,10.491279,26.524776,0.439768,1.805159,11534071724,11471175624,52,62.8961,dino,False,8.743452,1.480194,i2-i30-0245,scene-0245,scene-0245:image:52
0.0,0.000544,0.00224,0.002114,0.002083,1.440694,0.0,,0.45859,0.09439,,0.531108,NVTX inference includes CUDA event synchronization,3124408539674587,0.341348,3.353644,6.200832,1.5091099999999997,8.391247,0.123833,1.300208,1.015015,3.67043,1.101839,0.003104,0.009056,4.669443,1.748147,1.085928,10.495685,26.501156,0.448023,1.854119,11669781869,11606961329,53,62.82054,dino,False,8.732595,1.583084,i2-i30-0245,scene-0245,scene-0245:image:53
0.0,0.000994,0.002118,0.002226,0.001735,1.445129,0.0,,0.425344,0.100052,,0.534034,NVTX inference includes CUDA event synchronization,3124408609695069,0.329474,3.301543,6.362943,1.5065879999999998,8.545101,0.110052,1.368186,0.901332,3.897174,1.081899,0.001056,0.008288,4.494599,1.799806,0.975157,10.426079,26.603925,0.425504,1.789905,11739802523,11676689362,54,63.113161,dino,False,8.874575,1.475652,i2-i30-0245,scene-0245,scene-0245:image:54
0.0,0.0,0.002898,0.002327,0.002423,1.487938,0.000544,,0.431319,0.095559,,0.549437,NVTX inference includes CUDA event synchronization,3124408679980481,0.327237,3.261995,6.285729999999999,1.491045999999999,8.530937999999999,0.101844,1.318289,0.877235,3.93109,1.130223,0.00112,0.007328,4.57026,1.752506,0.950324,10.573256,26.647814,0.451143,1.818183,11810088509,11746653040,55,63.435469,dino,False,8.858175,1.486203,i2-i30-0245,scene-0245,scene-0245:image:55
0.0,0.0,0.002796,0.002228,0.001814,1.701886,0.000272,,0.550555,0.145173,,0.530752,NVTX inference includes CUDA event synchronization,3124408753612604,0.37786,3.454348,7.757827000000001,1.752479000000001,10.315443,0.117808,1.501629,1.126284,4.769762,1.412413,0.00336,0.009568,4.76293,1.943936,1.197774,11.206313,26.949763,0.466482,1.997062,11883720017,11818866543,56,64.853474,dino,False,10.693303,1.801171,i2-i30-0245,scene-0245,scene-0245:image:56
0.0,0.0,0.002127,0.002069,0.001757,1.426196,0.000608,,0.446312,0.102076,,0.549154,NVTX inference includes CUDA event synchronization,3124408823671535,0.332709,3.291605,6.260811,1.523752,8.458401,0.110045,1.30909,0.923585,3.733296,1.18139,0.00112,0.008832,4.53336,1.745189,0.998978,10.418128,26.585393,0.432371,1.79755,11953779654,11890761079,57,63.018575,dino,False,8.79111,1.698853,i2-i30-0245,scene-0245,scene-0245:image:57
0.0,0.000576,0.001999,0.002095,0.001832,1.446768,0.0,,0.432581,0.092002,,0.554784,NVTX inference includes CUDA event synchronization,3124408901018302,0.327267,3.201583,5.970647000000001,1.4698140000000004,8.176017000000002,0.123062,1.287279,0.917391,3.601437,1.096077,0.001152,0.007072,4.532179,1.738899,0.990704,10.410327,26.542424,0.422204,1.783025,12031125623,11968253493,58,62.87213,dino,False,8.503284,1.716341,i2-i30-0245,scene-0245,scene-0245:image:58
0.0,0.000583,0.002142,0.002787,0.001939,1.539373,0.0,,0.508249,0.097079,,0.528101,NVTX inference includes CUDA event synchronization,3124409054322431,0.38138,11.88083,6.826578,1.6096149999999998,9.125451,0.113073,1.359171,1.101862,4.082968,1.232878,0.000512,0.006752,3.915279,1.770826,1.172007,10.473325,26.632871,0.385997,1.440891,12184431041,12121406366,59,63.024675,dino,False,9.506831,3.022236,i2-i30-0245,scene-0245,scene-0245:image:59
0.0,0.0,0.002349,0.002208,0.001938,1.508272,0.00048,,0.394841,0.10951,,0.547786,NVTX inference includes CUDA event synchronization,3124409124534686,0.317188,3.230049,6.521106999999999,1.6106359999999995,8.771303,0.091804,1.431121,0.813677,3.961817,1.17086,0.002624,0.005952,3.505583,1.870039,0.88603,10.583215,26.642162,0.354884,1.386534,12254642348,12191438325,60,63.204023,dino,False,9.088491,1.652818,i2-i30-0245,scene-0245,scene-0245:image:60
0.0,0.000544,0.002224,0.002918,0.001807,1.4654,0.0,,0.421285,0.097026,,0.524281,NVTX inference includes CUDA event synchronization,3124409203840411,0.344418,12.308439,6.351305,1.603529,8.522372,0.11804,1.290683,0.879803,3.829985,1.138702,0.000576,0.005472,3.7044,1.729021,0.952796,10.510448,26.580852,0.369022,1.383983,12333947977,12271047483,61,62.900494,dino,False,8.86679,1.924716,i2-i30-0245,scene-0245,scene-0245:image:61
0.0,0.000895,0.002143,0.002239,0.001785,1.408245,0.0,,0.388779,0.09875,,0.542413,NVTX inference includes CUDA event synchronization,3124409273575574,0.31421,3.195564,6.1555789999999995,1.4994379999999996,8.286618,0.092751,1.2898,0.754614,3.793141,1.162156,0.002208,0.00672,3.505144,1.735824,0.830423,10.419227,26.637835,0.341305,1.394111,12403683328,12340810642,62,62.872686,dino,False,8.600828,1.626388,i2-i30-0245,scene-0245,scene-0245:image:62
0.0,0.0,0.002754,0.002765,0.002343,1.442505,0.0,,0.392023,0.112688,,0.552374,NVTX inference includes CUDA event synchronization,3124409343789030,0.321283,3.299395,6.152696,1.5150359999999994,8.338865,0.09183,1.283722,0.76901,3.863386,1.128844,0.00224,0.00608,3.499601,1.721809,0.845587,10.572528,26.747844,0.348435,1.37,12473896875,12410805188,63,63.091687,dino,False,8.660148,1.636396,i2-i30-0245,scene-0245,scene-0245:image:63
0.0,0.000608,0.002909,0.002371,0.00216,1.408714,0.0,,0.416868,0.095004,,0.529023,NVTX inference includes CUDA event synchronization,3124409413733962,0.340995,3.263375,6.111028,1.5107400000000002,8.22769,0.095309,1.28827,0.798469,3.745867,1.121038,0.002336,0.006656,3.493246,1.733586,0.870726,10.439088,26.559567,0.350366,1.37673,12543841713,12480976561,64,62.865152,dino,False,8.568685,1.676121,i2-i30-0245,scene-0245,scene-0245:image:64
0.0,0.00112,0.002823,0.00307,0.001846,1.53385,0.000512,,0.439565,0.116255,,0.521605,NVTX inference includes CUDA event synchronization,3124409552211996,0.330531,10.242203,7.000674000000001,1.6351260000000005,9.290789,0.105589,1.399374,0.97194,4.29379,1.208461,0.000608,0.006432,3.767315,1.80338,1.042756,10.608054,26.662623,0.352845,1.376362,12682320684,12619084276,65,63.236408,dino,False,9.62132,2.669323,i2-i30-0245,scene-0245,scene-0245:image:65
0.0,0.000576,0.002165,0.002934,0.001621,1.470532,0.0,,0.423724,0.096516,,0.532723,NVTX inference includes CUDA event synchronization,3124409622417576,0.341604,3.295409,6.281111999999999,1.5422049999999992,8.470298999999999,0.096792,1.44667,0.838076,3.719313,1.159599,0.002048,0.0072,3.599674,1.897396,0.908796,10.543931,26.573462,0.347686,1.396808,12752525463,12689494862,66,63.030601,dino,False,8.811903,1.676961,i2-i30-0245,scene-0245,scene-0245:image:66
0.0,0.0,0.002713,0.002126,0.001776,1.452507,0.0,,0.400767,0.096357,,0.556395,NVTX inference includes CUDA event synchronization,3124409693006584,0.32314,3.372656,6.305795,1.5393810000000006,8.495296,0.100715,1.308979,0.805433,3.90113,1.154254,0.00288,0.005664,3.582974,1.752504,0.879322,10.478063,26.732859,0.336092,1.38205,12823113766,12759919918,67,63.193848,dino,False,8.818436,1.729018,i2-i30-0245,scene-0245,scene-0245:image:67
0.0,0.0,0.002356,0.002181,0.001722,1.432619,0.0,,0.380808,0.100726,,0.555102,NVTX inference includes CUDA event synchronization,3124409763017823,0.315074,3.331722,6.150801999999999,1.4886409999999994,8.311242,0.093702,1.287496,0.772066,3.864908,1.110671,0.002272,0.00656,3.50114,1.724817,0.846371,10.525424,26.576699,0.352069,1.36095,12893125360,12830152273,68,62.973087,dino,False,8.626316,1.622398,i2-i30-0245,scene-0245,scene-0245:image:68
0.0,0.000593,0.002328,0.002172,0.001743,1.466648,0.0,,0.492688,0.098592,,0.552774,NVTX inference includes CUDA event synchronization,3124409833793923,0.381606,3.400497,6.335999000000001,1.548121000000001,8.571931000000001,0.107072,1.310697,0.976716,3.882504,1.120395,0.00064,0.007392,3.896787,1.755983,1.049581,10.574452,26.67588,0.344391,1.422607,12963901396,12900485050,69,63.416346,dino,False,8.953537,1.773624,i2-i30-0245,scene-0245,scene-0245:image:69
0.0,0.0,0.002656,0.002123,0.001853,1.406456,0.0,,0.374478,0.108644,,0.550306,NVTX inference includes CUDA event synchronization,3124409903784097,0.324002,3.34286,6.119052000000001,1.4919340000000005,8.241566,0.105595,1.301856,0.759168,3.835254,1.062865,0.002176,0.00672,3.515987,1.74151,0.834209,10.532383,26.520218,0.350696,1.365949,13033891371,12971095968,70,62.795403,dino,False,8.565568,1.668809,i2-i30-0245,scene-0245,scene-0245:image:70
0.0,0.0,0.0022,0.002614,0.001681,1.438921,0.000296,,0.442163,0.10367,,0.531182,NVTX inference includes CUDA event synchronization,3124410053982131,0.347684,11.705978,6.374803,1.5590529999999996,8.549846,0.102016,1.265666,0.994429,3.849665,1.119853,0.000608,0.00624,3.736216,1.710825,1.065118,10.514221,26.537685,0.346782,1.394819,13184089473,13121324435,71,62.765038,dino,False,8.89753,3.308731,i2-i30-0245,scene-0245,scene-0245:image:71
0.0,0.000544,0.002532,0.002355,0.002111,1.43013,0.0,,0.385155,0.11399,,0.540051,NVTX inference includes CUDA event synchronization,3124410124383391,0.317538,3.316665,6.484335,1.5455009999999998,8.643664999999999,0.092647,1.435065,0.75963,3.936826,1.18267,0.002304,0.00656,3.525456,1.872764,0.836303,10.586149,26.683385,0.326397,1.38943,13254491134,13191223459,72,63.267675,dino,False,8.961203,1.640769,i2-i30-0245,scene-0245,scene-0245:image:72
0.0,0.0,0.002247,0.002303,0.001845,1.465782,0.0,,0.399768,0.120295,,0.518267,NVTX inference includes CUDA event synchronization,3124410194618206,0.324484,3.37695,6.241619999999999,1.500254,8.427643,0.107734,1.306468,0.785835,3.928464,1.114828,0.002848,0.005696,3.569075,1.751402,0.860076,10.579671,26.620259,0.330232,1.395526,13324725646,13261736347,73,62.989299,dino,False,8.752127,1.623737,i2-i30-0245,scene-0245,scene-0245:image:73
0.000157,0.0,0.002411,0.002182,0.001623,1.413183,0.000225,,0.386259,0.099045,,0.557886,NVTX inference includes CUDA event synchronization,3124410264628832,0.320102,3.362418,6.1841740000000005,1.4852030000000003,8.327043,0.091784,1.30275,0.756369,3.848017,1.155214,0.002752,0.005056,3.514547,1.736097,0.832529,10.462167,26.682781,0.327624,1.353429,13394736533,13331808642,74,62.927891,dino,False,8.647145,1.626755,i2-i30-0245,scene-0245,scene-0245:image:74
0.0,0.0,0.00267,0.002165,0.002339,1.425162,0.0,,0.419549,0.10064,,0.528546,NVTX inference includes CUDA event synchronization,3124410335039104,0.341927,3.394384,6.361302,1.5376150000000006,8.500446,0.104451,1.289857,0.868446,3.930599,1.101933,0.002848,0.006624,3.641876,1.734627,0.940863,10.584133,26.582578,0.363564,1.386037,13465146560,13402054805,75,63.091755,dino,False,8.842373,1.694607,i2-i30-0245,scene-0245,scene-0245:image:75
7.4e-05,0.0,0.002105,0.002634,0.001809,1.420804,0.0,,0.390089,0.114428,,0.546041,NVTX inference includes CUDA event synchronization,3124410405180847,0.325573,3.36856,6.184741,1.501945,8.337152,0.094593,1.320923,0.780764,3.826535,1.131469,0.001056,0.00544,3.652173,1.753278,0.855292,10.464861,26.72632,0.358352,1.437431,13535288929,13472310542,76,62.978387,dino,False,8.662725,1.658064,i2-i30-0245,scene-0245,scene-0245:image:76
8.7e-05,0.001152,0.002573,0.002239,0.001973,1.50729,0.0,,0.482625,0.11445,,0.539301,NVTX inference includes CUDA event synchronization,3124410505198503,0.341762,5.3752,6.675851999999999,1.6983529999999991,8.98578,0.102024,1.316184,0.917634,3.977232,1.309331,0.000544,0.00624,3.814596,1.747228,0.98877,10.558378,26.883264,0.377171,1.45105,13635306398,13571950523,77,63.355875,dino,False,9.327542,2.015804,i2-i30-0245,scene-0245,scene-0245:image:77
0.000357,0.0,0.002956,0.002219,0.002052,1.451074,0.0,,0.418174,0.098646,,0.561264,NVTX inference includes CUDA event synchronization,3124410589681605,0.333988,3.31915,6.335359,1.520773000000001,8.538113000000001,0.102658,1.418862,0.826088,3.84102,1.153004,0.002848,0.006848,3.602802,1.864178,0.900521,10.44947,26.671558,0.350681,1.407016,13719788787,13656452350,78,63.336437,dino,False,8.872101,1.711004,i2-i30-0245,scene-0245,scene-0245:image:78
0.0,0.0,0.002873,0.002219,0.001668,1.474507,0.0,,0.381279,0.094055,,0.556242,NVTX inference includes CUDA event synchronization,3124410660322906,0.319906,3.35516,6.310295,1.5423650000000002,8.503232,0.104486,1.303327,0.790666,3.930921,1.141324,0.00352,0.006529,3.499714,1.748739,0.865451,10.702554,26.864187,0.363781,1.379268,13790430376,13726922962,79,63.507414,dino,False,8.823138,1.641652,i2-i30-0245,scene-0245,scene-0245:image:79
0.0,0.0,0.002633,0.002924,0.00187,1.497623,0.0,,0.432968,0.126262,,0.518486,NVTX inference includes CUDA event synchronization,3124410752239103,0.351748,3.397042,7.309406000000001,1.594837,9.540424,0.094746,1.345116,0.852472,4.84835,1.147402,0.002784,0.006465,3.586195,1.792128,0.923801,11.045505,26.712471,0.362405,1.408975,13882347025,13818824733,80,63.522292,dino,False,9.892172,1.719655,i2-i30-0245,scene-0245,scene-0245:image:80
0.0,0.001056,0.002554,0.002212,0.001906,1.471876,0.0,,0.448653,0.099114,,0.619083,NVTX inference includes CUDA event synchronization,3124410822823530,0.348003,3.387164,6.4759150000000005,1.6776930000000005,8.774366,0.106679,1.330364,0.923888,3.816773,1.258108,0.002784,0.00608,3.614899,1.774786,0.998096,10.53784,26.673694,0.369628,1.41628,13952932039,13889695661,81,63.236378,dino,False,9.122369,1.661973,i2-i30-0245,scene-0245,scene-0245:image:81
0.000544,0.0,0.002195,0.002341,0.00181,1.413472,0.0,,0.402585,0.101346,,0.544969,NVTX inference includes CUDA event synchronization,3124410901527983,0.331842,3.324315,6.088661,1.5281090000000006,8.226081,0.094659,1.296121,0.833605,3.672168,1.122765,0.003296,0.0072,3.54803,1.747133,0.908197,10.502231,26.850948,0.359941,1.397001,14031635653,13968452562,82,63.183091,dino,False,8.557923,1.65659,i2-i30-0245,scene-0245,scene-0245:image:82
0.0,0.0,0.003008,0.002285,0.002292,1.487924,0.0,,0.423733,0.111026,,0.547362,NVTX inference includes CUDA event synchronization,3124411001726167,0.332739,3.366994,6.140712,1.547187,8.385603,0.111326,1.31791,0.842955,3.742535,1.147469,0.00272,0.00624,3.632095,1.769084,0.914572,10.597154,26.687323,0.372887,1.411377,14131833619,14068764563,83,63.069056,dino,False,8.718342,1.720803,i2-i30-0245,scene-0245,scene-0245:image:83
0.0,0.0,0.002462,0.002101,0.001848,1.456705,0.0,,0.420918,0.118616,,0.555345,NVTX inference includes CUDA event synchronization,3124411089595160,0.339589,3.356726,6.471375,1.5394420000000002,8.689781,0.102094,1.413215,0.860718,3.982433,1.121355,0.002848,0.007265,3.645604,1.854625,0.936911,10.542911,26.57522,0.353923,1.420595,14219703188,14156460940,84,63.242248,dino,False,9.02937,1.74459,i2-i30-0245,scene-0245,scene-0245:image:84
0.0,0.0,0.002536,0.00314,0.002045,1.433892,0.0,,0.398866,0.098562,,0.550053,NVTX inference includes CUDA event synchronization,3124411160032924,0.323811,3.382481,6.266324000000001,1.5423650000000002,8.431607000000001,0.093712,1.285062,0.760892,3.850367,1.2123,0.002944,0.007776,3.590752,1.730701,0.837117,10.568239,26.789785,0.37626,1.575814,14290140302,14226879067,85,63.261235,dino,False,8.755418,1.655424,i2-i30-0245,scene-0245,scene-0245:image:85
0.0,0.0,0.00301,0.003303,0.001869,1.509295,0.00048,,0.434336,0.115493,,0.519056,NVTX inference includes CUDA event synchronization,3124411251982868,0.324708,3.439202,6.755646,1.567048999999999,9.01778,0.098149,1.341904,0.850912,4.304363,1.170895,0.002656,0.00656,3.640994,1.781364,0.921729,10.666807,26.619829,0.343077,1.39476,14382090404,14318975837,86,63.114567,dino,False,9.342488,1.742885,i2-i30-0245,scene-0245,scene-0245:image:86
0.0,0.000576,0.002798,0.002302,0.00213,1.43951,0.0,,0.531496,0.098018,,0.542975,NVTX inference includes CUDA event synchronization,3124411325352149,0.361699,3.622823,6.554308000000001,1.5709170000000006,8.812414,0.230212,1.355391,1.093358,3.756992,1.155147,0.003264,0.008832,4.852061,1.784419,1.168943,10.452284,26.597306,0.461334,1.957519,14455459576,14392038241,87,63.421335,dino,False,9.174113,3.624582,i2-i30-0245,scene-0245,scene-0245:image:87
0.0,0.0,0.002152,0.002158,0.002143,1.424669,0.0,,0.433721,0.104997,,0.549352,NVTX inference includes CUDA event synchronization,3124411401387745,0.326883,3.39698,5.960362999999999,1.4766939999999993,8.152671999999999,0.108974,1.292861,0.967133,3.511799,1.113038,0.001088,0.007968,4.558463,1.743972,1.040573,10.377253,26.613199,0.420394,1.81971,14531495098,14468546752,88,62.948346,dino,False,8.479555,1.726652,i2-i30-0245,scene-0245,scene-0245:image:88
0.000603,0.0,0.002005,0.002205,0.001776,1.398686,0.0,,0.485775,0.088746,,0.626139,NVTX inference includes CUDA event synchronization,3124411510908481,0.338466,9.368437,6.216692,1.4699280000000003,8.484161,0.130436,1.235399,1.38758,3.541067,1.048105,0.003296,0.006816,4.808129,1.638799,1.459613,9.868721,26.638689,0.415472,1.841451,14641016032,14578397985,89,62.618047,dino,False,8.822627,3.61981,i2-i30-0245,scene-0245,scene-0245:image:89
0.0,0.000239,0.002164,0.002257,0.001747,1.35594,0.0,,0.42181,0.090575,,0.532276,NVTX inference includes CUDA event synchronization,3124411588327241,0.317251,3.425451,5.830051000000001,1.4359610000000007,7.919808000000001,0.107579,1.306054,0.928542,3.396445,1.053998,0.000544,0.007936,4.342618,1.749609,1.001375,9.987594,26.598902,0.410518,1.743641,14718434644,14656155206,90,62.279438,dino,False,8.237059,1.713049,i2-i30-0245,scene-0245,scene-0245:image:90
0.0,0.0,0.002746,0.002214,0.002211,1.342115,0.0,,0.389473,0.090377,,0.551588,NVTX inference includes CUDA event synchronization,3124411657695078,0.31066,3.32984,5.595940000000001,1.4336220000000006,7.666004,0.105256,1.246264,0.873342,3.276757,1.033294,0.000544,0.007585,4.242091,1.694715,0.947711,10.051564,26.54257,0.417525,1.684888,14787802576,14725324160,91,62.478416,dino,False,7.976664,1.67571,i2-i30-0245,scene-0245,scene-0245:image:91
0.0,0.0,0.002291,0.002315,0.00175,1.390042,0.0,,0.422259,0.093452,,0.539013,NVTX inference includes CUDA event synchronization,3124411753286846,0.329156,5.173721,5.844596000000001,1.5476620000000008,7.966562000000001,0.107308,1.214975,0.943493,3.398493,1.075787,0.001024,0.006976,4.368568,1.659621,1.01383,10.054854,26.514569,0.41926,1.743966,14883394264,14821208184,92,62.18608,dino,False,8.295718,1.739697,i2-i30-0245,scene-0245,scene-0245:image:92
0.000299,0.000608,0.002309,0.002478,0.00167,1.34162,0.0,,0.407831,0.090004,,0.566823,NVTX inference includes CUDA event synchronization,3124411823234441,0.310434,3.350541,5.683299,1.4749789999999994,7.786506999999999,0.104975,1.235364,0.857148,3.300014,1.115693,0.000608,0.00816,4.271735,1.685836,0.931485,10.104806,26.771812,0.404656,1.7334,14953341897,14890152698,93,63.189199,dino,False,8.096941,1.445334,i2-i30-0245,scene-0245,scene-0245:image:93
0.0,0.0,0.002191,0.002742,0.00194,1.353971,0.0,,0.409384,0.103243,,0.564631,NVTX inference includes CUDA event synchronization,3124411900564284,0.312611,3.289482,5.668222999999999,1.449294,7.793714,0.10687,1.214199,0.913817,3.335734,1.078763,0.000544,0.007104,4.339395,1.663194,0.987386,10.165125,26.48587,0.40274,1.723442,15030672327,14968160446,94,62.511881,dino,False,8.106325,1.485445,i2-i30-0245,scene-0245,scene-0245:image:94
0.0,0.0,0.002672,0.002233,0.001667,1.37208,0.0,,0.438185,0.097067,,0.548261,NVTX inference includes CUDA event synchronization,3124412006279259,0.329411,6.887536,5.827701999999999,1.4552479999999992,7.960455999999999,0.110045,1.196084,1.001714,3.481195,1.037261,0.000992,0.007328,4.418356,1.631768,1.072435,10.076658,26.506631,0.412253,1.760217,15136386700,15074167095,95,62.219605,dino,False,8.289867,1.972638,i2-i30-0245,scene-0245,scene-0245:image:95
0.0,0.000608,0.00213,0.00223,0.001765,1.386248,0.0,,0.419123,0.099485,,0.541468,NVTX inference includes CUDA event synchronization,3124412075918870,0.31613,3.324935,5.982044,1.474875,8.118971,0.104566,1.326613,0.890509,3.573118,1.057356,0.000608,0.007456,4.314416,1.769241,0.965901,10.330909,26.538256,0.418892,1.738691,15206026555,15143187656,96,62.838899,dino,False,8.435101,1.474038,i2-i30-0245,scene-0245,scene-0245:image:96
0.000368,0.0,0.00238,0.002157,0.001506,1.468394,0.000608,,0.481939,0.095448,,0.524197,NVTX inference includes CUDA event synchronization,3124412200757616,0.348356,10.642348,6.2086369999999995,1.4694450000000003,8.437278,0.120969,1.249474,1.15844,3.685917,1.092621,0.001152,0.007616,4.546843,1.652389,1.228936,10.015991,26.573225,0.417004,1.756554,15330865017,15268458828,97,62.406189,dino,False,8.785634,2.466357,i2-i30-0245,scene-0245,scene-0245:image:97
0.0,0.0,0.002438,0.002239,0.001873,1.421876,0.0,,0.402683,0.097649,,0.532347,NVTX inference includes CUDA event synchronization,3124412269848573,0.322116,3.361964,5.931608000000001,1.5501560000000003,8.070597000000001,0.104533,1.280819,0.857128,3.546112,1.047757,0.00048,0.005728,4.25049,1.721786,0.929065,10.118507,26.564543,0.394055,1.679005,15399957017,15337688897,98,62.26812,dino,False,8.392713,1.488033,i2-i30-0245,scene-0245,scene-0245:image:98
0.0,0.0,0.002809,0.002224,0.001968,1.393842,0.0,,0.417802,0.096322,,0.550944,NVTX inference includes CUDA event synchronization,3124412340130738,0.319459,3.470365,5.9831199999999995,1.5000649999999993,8.129572,0.110845,1.276629,0.895943,3.619682,1.037835,0.000576,0.007456,4.321319,1.726237,0.970471,10.402458,26.563272,0.407869,1.738971,15470238671,15407261164,99,62.977507,dino,False,8.449031,1.584313,i2-i30-0245,scene-0245,scene-0245:image:99
0.0,0.0,0.002755,0.002021,0.001791,1.367875,0.0,,0.409804,0.096077,,0.537374,NVTX inference includes CUDA event synchronization,3124412409907418,0.310851,3.41639,5.85141,1.4408029999999998,7.958256,0.111707,1.22103,0.935136,3.516452,1.036075,0.000576,0.007328,4.395424,1.663855,1.008257,10.060061,26.506434,0.41597,1.738606,15540015381,15477560104,100,62.455277,dino,False,8.269107,1.615524,i2-i30-0245,scene-0245,scene-0245:image:100
0.0,0.0,0.002346,0.002265,0.001791,1.397303,0.0,,0.456298,0.102192,,0.526818,NVTX inference includes CUDA event synchronization,3124412502178541,0.357221,4.440785,6.058217000000001,1.448709000000001,8.190009,0.106688,1.262815,0.980676,3.707151,1.033319,0.001088,0.006784,4.399307,1.667491,1.074629,10.050196,26.60458,0.413353,1.741705,15632286116,15570019058,101,62.267058,dino,False,8.54723,1.535294,i2-i30-0245,scene-0245,scene-0245:image:101
0.0,0.0,0.003012,0.002181,0.001927,1.36393,0.0,,0.403974,0.097626,,0.530681,NVTX inference includes CUDA event synchronization,3124412571411409,0.315427,3.406352,5.850302000000001,1.4490050000000005,7.938206000000001,0.109205,1.328428,0.875064,3.45528,1.028907,0.000544,0.0072,4.264615,1.771123,0.947608,10.052205,26.591878,0.401491,1.704267,15701518851,15639162578,102,62.356273,dino,False,8.253633,1.46749,i2-i30-0245,scene-0245,scene-0245:image:102
0.0,0.000608,0.00255,0.002169,0.002199,1.387264,0.001047,,0.516169,0.094582,,0.539213,NVTX inference includes CUDA event synchronization,3124412701600684,0.343239,11.483198,6.0518030000000005,1.511012000000001,8.254365,0.118502,1.225116,1.266517,3.439419,1.028334,0.001056,0.007648,4.550519,1.666979,1.337365,10.170021,26.494197,0.420314,1.753577,15831708209,15769053057,103,62.655152,dino,False,8.597604,2.707143,i2-i30-0245,scene-0245,scene-0245:image:103
0.0,0.00064,0.0027,0.0022,0.002491,1.42449,0.0,,0.413168,0.099635,,0.519995,NVTX inference includes CUDA event synchronization,3124412771468743,0.315522,3.354499,6.152313,1.5088530000000002,8.30211,0.107045,1.328031,0.873171,3.697738,1.094154,0.000608,0.008032,4.271168,1.772102,0.946195,10.264962,26.741179,0.399652,1.698326,15901576700,15838581432,104,62.995268,dino,False,8.617632,1.479348,i2-i30-0245,scene-0245,scene-0245:image:104
0.0,0.000287,0.002207,0.002335,0.001786,1.410373,0.0,,0.435055,0.093109,,0.549806,NVTX inference includes CUDA event synchronization,3124412842911384,0.33575,3.422605,5.956816,1.4786350000000006,8.116024,0.109053,1.237233,0.954109,3.602236,1.062156,0.000608,0.007744,4.417892,1.675028,1.028543,10.276557,26.714359,0.425702,1.740644,15973019370,15910101430,105,62.91794,dino,False,8.451774,2.708243,i2-i30-0245,scene-0245,scene-0245:image:105
0.0,0.0,0.002098,0.002195,0.001956,1.355212,0.0,,0.41086,0.097633,,0.550987,NVTX inference includes CUDA event synchronization,3124412912609337,0.314947,3.32372,5.724006999999999,1.4405289999999997,7.830000999999999,0.106997,1.226193,0.881371,3.436434,1.046096,0.000576,0.006752,4.285668,1.674453,0.954748,10.09247,26.545543,0.404353,1.768995,16042716815,15980187017,106,62.529798,dino,False,8.144948,1.685085,i2-i30-0245,scene-0245,scene-0245:image:106
0.0,0.000544,0.002286,0.002043,0.001949,1.405551,0.0,,0.424987,0.089713,,0.544039,NVTX inference includes CUDA event synchronization,3124413002833599,0.323493,3.819866,5.6859079999999995,1.4770119999999993,7.833526999999999,0.107323,1.228679,0.94471,3.35119,1.040042,0.00048,0.007584,4.367356,1.669451,1.016487,10.079532,26.550902,0.410187,1.75153,16132941643,16070660847,107,62.280796,dino,False,8.15702,3.045239,i2-i30-0245,scene-0245,scene-0245:image:107
0.0,0.0,0.002238,0.002661,0.00181,1.364843,0.0,,0.414597,0.095813,,0.537039,NVTX inference includes CUDA event synchronization,3124413072638150,0.310979,3.367084,5.841988000000001,1.4325100000000006,7.950010000000001,0.107308,1.365971,0.85245,3.398035,1.096107,0.000608,0.008,4.287822,1.811767,0.927971,10.054604,26.604208,0.395281,1.691166,16202745647,16140100341,108,62.645306,dino,False,8.260989,1.745431,i2-i30-0245,scene-0245,scene-0245:image:108
0.000402,0.000544,0.002671,0.002264,0.002125,1.416721,0.000512,,0.465397,0.093503,,0.540682,NVTX inference includes CUDA event synchronization,3124413201807677,0.338466,11.583578,5.985831999999999,1.4711759999999998,8.172187,0.118725,1.202979,1.220612,3.458013,1.030252,0.001056,0.00784,4.467838,1.642852,1.292485,10.216977,26.518273,0.42273,1.758298,16331915123,16269386893,109,62.52823,dino,False,8.510653,3.014542,i2-i30-0245,scene-0245,scene-0245:image:109
0.0,0.0,0.002913,0.002304,0.002023,1.376428,0.0,,0.395988,0.093532,,0.548225,NVTX inference includes CUDA event synchronization,3124413271481652,0.307266,3.331612,5.829398000000001,1.4795520000000009,7.943545,0.105885,1.250347,0.867128,3.483281,1.056714,0.000576,0.007328,4.301541,1.695278,0.941241,10.090035,26.574214,0.402322,1.696788,16401589283,16339012549,110,62.576734,dino,False,8.250811,1.660041,i2-i30-0245,scene-0245,scene-0245:image:110
0.000727,0.000741,0.002856,0.002305,0.002337,1.366443,0.0,,0.404569,0.094616,,0.534716,NVTX inference includes CUDA event synchronization,3124413341543253,0.308772,3.430024,5.914272,1.4915409999999998,8.01481,0.106415,1.315743,0.861345,3.513391,1.027435,0.000576,0.007136,4.288029,1.760837,0.93709,10.230027,26.562514,0.39979,1.690409,16471650830,16408937352,111,62.713478,dino,False,8.323582,1.697625,i2-i30-0245,scene-0245,scene-0245:image:111
0.000328,0.0,0.002209,0.002137,0.001861,1.373539,0.0,,0.410305,0.098218,,0.538472,NVTX inference includes CUDA event synchronization,3124413411470739,0.313379,3.348628,5.885701000000001,1.4544780000000008,7.999391,0.112351,1.222058,0.912751,3.539536,1.062924,0.000608,0.008064,4.401705,1.66728,0.986607,10.149057,26.636277,0.42145,1.766358,16541578904,16478823967,112,62.754937,dino,False,8.31277,1.698096,i2-i30-0245,scene-0245,scene-0245:image:112
0.0,0.0,0.002641,0.002172,0.002197,1.361003,0.0,,0.422856,0.091331,,0.535325,NVTX inference includes CUDA event synchronization,3124413501996958,0.325027,4.059289,5.81869,1.4454069999999994,7.911187999999999,0.107629,1.211783,1.005994,3.369359,1.087947,0.000544,0.007552,4.369099,1.652364,1.077962,10.132236,26.64148,0.418739,1.752293,16632104528,16569731777,113,62.372751,dino,False,8.236215,1.791268,i2-i30-0245,scene-0245,scene-0245:image:113
0.0,0.0,0.002519,0.002223,0.001928,1.355685,0.0,,0.419896,0.098962,,0.528817,NVTX inference includes CUDA event synchronization,3124413571695963,0.320228,3.392604,5.833205,1.4356880000000007,7.923007,0.105421,1.310635,0.885377,3.457782,1.040524,0.000544,0.007264,4.301048,1.75563,0.959042,10.09495,26.559765,0.394751,1.7097,16701803476,16639221908,114,62.581568,dino,False,8.243235,1.683362,i2-i30-0245,scene-0245,scene-0245:image:114
0.0,0.000586,0.002251,0.002238,0.001744,1.381017,0.0,,0.523008,0.090725,,0.533329,NVTX inference includes CUDA event synchronization,3124413702346296,0.386884,11.792152,5.95509,1.4439330000000004,8.103104,0.122537,1.213786,1.199923,3.44951,1.051787,0.00048,0.008032,4.531911,1.651551,1.289428,10.137801,26.575876,0.422353,1.770133,16832453838,16769861274,115,62.592564,dino,False,8.489988,3.03535,i2-i30-0245,scene-0245,scene-0245:image:115
0.0,0.000544,0.003177,0.002394,0.00264,1.389494,0.0,,0.408878,0.099438,,0.545415,NVTX inference includes CUDA event synchronization,3124413772190591,0.311555,3.449861,6.047238000000001,1.4679720000000005,8.187663,0.109347,1.327385,0.878597,3.624641,1.0835,0.000512,0.007264,4.310991,1.773277,0.951717,10.294499,26.514054,0.407182,1.692663,16902298673,16839605931,116,62.692742,dino,False,8.499218,1.671975,i2-i30-0245,scene-0245,scene-0245:image:116
0.0,0.0,0.003803,0.004455,0.003289,1.581799,0.0,,0.418192,0.093405,,0.550175,NVTX inference includes CUDA event synchronization,3124413842967276,0.3217,3.400101,6.224959,1.6914410000000002,8.558377,0.111099,1.327297,0.899946,3.806825,1.035501,0.000544,0.007424,4.339886,1.766919,0.975467,10.520079,26.545196,0.411956,1.722043,16973076515,16909786431,117,63.290084,dino,False,8.880077,1.69959,i2-i30-0245,scene-0245,scene-0245:image:117
0.000583,0.001216,0.002347,0.002275,0.002069,1.392932,0.0,,0.489657,0.094627,,0.536631,NVTX inference includes CUDA event synchronization,3124413915508082,0.352578,3.563059,5.9747330000000005,1.529872000000001,8.144492000000001,0.115914,1.198808,1.023522,3.372172,1.24587,0.001184,0.009728,4.624922,1.64816,1.095906,10.216948,26.694905,0.449575,1.834071,17045616454,16982763294,118,62.85316,dino,False,8.49707,1.847041,i2-i30-0245,scene-0245,scene-0245:image:118
0.0,0.0,0.002233,0.002781,0.001628,1.336514,0.0,,0.421613,0.089444,,0.541936,NVTX inference includes CUDA event synchronization,3124414000877338,0.322695,3.387232,5.603183,1.4221449999999995,7.6766369999999995,0.111688,1.207835,0.926824,3.233707,1.089197,0.00048,0.007456,4.43193,1.651612,0.999594,9.974372,26.574858,0.414092,1.737665,17130985193,17068763830,119,62.221363,dino,False,7.999332,1.825609,i2-i30-0245,scene-0245,scene-0245:image:119
0.0,0.000544,0.002829,0.002154,0.002696,1.361816,0.0,,0.416692,0.092955,,0.56025,NVTX inference includes CUDA event synchronization,3124414070859025,0.328195,3.341382,5.756629,1.4894359999999995,7.86837,0.102041,1.317118,0.863192,3.335549,1.080748,0.000608,0.007873,4.226053,1.765729,0.939481,10.0134,26.789418,0.398879,1.686225,17200966258,17137915043,120,63.051215,dino,False,8.196565,1.677592,i2-i30-0245,scene-0245,scene-0245:image:120
0.0,0.00048,0.002083,0.002221,0.001719,1.358838,0.00048,,0.46401,0.086964,,0.544269,NVTX inference includes CUDA event synchronization,3124414202776318,0.339683,11.809398,5.795306999999999,1.4927719999999995,7.916688,0.125464,1.203922,1.170717,3.205435,1.049069,0.001024,0.007968,4.544648,1.647193,1.241278,9.97083,26.516909,0.419155,1.768496,17332883840,17270627829,121,62.256011,dino,False,8.256371,3.376776,i2-i30-0245,scene-0245,scene-0245:image:121
0.0,0.000423,0.002685,0.002354,0.002089,1.335847,0.0,,0.390912,0.09484,,0.553737,NVTX inference includes CUDA event synchronization,3124414271908813,0.308227,3.380719,5.5499529999999995,1.438237,7.624613,0.103737,1.21609,0.836801,3.27294,1.057131,0.000512,0.007392,4.235708,1.66115,0.909922,9.917831,26.499791,0.398678,1.70045,17402016300,17339821321,122,62.194979,dino,False,7.93284,1.660828,i2-i30-0245,scene-0245,scene-0245:image:122
0.0,0.001088,0.002041,0.00265,0.001619,1.343863,0.0,,0.398326,0.09119,,0.569017,NVTX inference includes CUDA event synchronization,3124414342393908,0.322789,3.436637,5.597516000000001,1.4441690000000005,7.684521,0.106837,1.20001,0.873996,3.341679,1.032267,0.000608,0.007744,4.262879,1.652016,0.948845,10.214085,26.80701,0.397087,1.707292,17472501916,17409141638,123,63.360278,dino,False,8.00731,1.646774,i2-i30-0245,scene-0245,scene-0245:image:123
0.0,0.000839,0.002338,0.002332,0.00178,1.34391,0.0,,0.389638,0.098512,,0.559142,NVTX inference includes CUDA event synchronization,3124414412065461,0.305347,3.362396,5.744443,1.4474400000000003,7.837587,0.106536,1.220658,0.888752,3.414096,1.057804,0.000608,0.00704,4.323676,1.66735,0.962162,10.126276,26.585078,0.40114,1.775274,17542173315,17479542092,124,62.631223,dino,False,8.142934,1.688765,i2-i30-0245,scene-0245,scene-0245:image:124
0.000127,0.0,0.002711,0.002137,0.00179,1.364052,0.0,,0.423698,0.087817,,0.523638,NVTX inference includes CUDA event synchronization,3124414501245235,0.316678,3.444462,5.80974,1.4669409999999994,7.899032,0.111751,1.22057,0.9548,3.363394,1.090571,0.00048,0.007203,4.483042,1.661087,1.026352,10.058252,26.597255,0.421902,1.758518,17631352498,17568991486,125,62.361012,dino,False,8.21571,1.916381,i2-i30-0245,scene-0245,scene-0245:image:125
0.0,0.000573,0.00216,0.002827,0.001942,1.355855,0.0,,0.397748,0.096714,,0.555575,NVTX inference includes CUDA event synchronization,3124414571265930,0.30637,3.373268,5.787882999999999,1.4520109999999988,7.894906999999999,0.106217,1.343913,0.855609,3.410109,1.025194,0.000608,0.007616,4.303593,1.788877,0.929882,10.028439,26.70898,0.405649,1.686255,17701373853,17638406940,126,62.966913,dino,False,8.201277,1.693507,i2-i30-0245,scene-0245,scene-0245:image:126
0.0,0.000805,0.002184,0.002185,0.001865,1.362928,0.0,,0.518891,0.094001,,0.531555,NVTX inference includes CUDA event synchronization,3124414688258376,0.374726,3.424804,5.799453,1.4498180000000005,7.939141,0.115393,1.214378,1.06958,3.418863,1.036843,0.001056,0.007936,4.488505,1.658795,1.140557,10.184423,26.517857,0.430367,1.766811,17818366109,17756011869,127,62.35424,dino,False,8.313867,1.76399,i2-i30-0245,scene-0245,scene-0245:image:127
0.0,0.000512,0.00246,0.003041,0.001897,1.354567,0.0,,0.409602,0.095247,,0.561121,NVTX inference includes CUDA event synchronization,3124414757801479,0.339044,3.392568,5.698402999999999,1.4452369999999997,7.787805999999999,0.112668,1.290252,0.876581,3.362738,1.031214,0.000544,0.007616,4.252116,1.736148,0.95143,10.110762,26.535107,0.390359,1.682757,17887910088,17825356047,128,62.554041,dino,False,8.12685,1.650326,i2-i30-0245,scene-0245,scene-0245:image:128
0.0,0.0,0.002275,0.002276,0.001756,1.388875,0.0,,0.512745,0.091908,,0.532656,NVTX inference includes CUDA event synchronization,3124414827952731,0.367266,3.43365,5.942971999999999,1.4452159999999994,8.108196999999999,0.129539,1.234966,1.068606,3.481155,1.102957,0.003488,0.009536,4.664917,1.674941,1.141726,10.049763,26.711984,0.464267,1.897028,17958060671,17895186519,129,62.874152,dino,False,8.475463,1.787529,i2-i30-0245,scene-0245,scene-0245:image:129
0.0,0.0,0.002269,0.002901,0.001954,1.370313,0.0,,0.397212,0.090518,,0.56009,NVTX inference includes CUDA event synchronization,3124414900774933,0.307909,3.318048,5.692518999999999,1.4403249999999996,7.809866999999999,0.110021,1.224208,0.88227,3.360299,1.093485,0.000512,0.006656,4.368668,1.668405,0.956543,10.107149,26.550418,0.404862,1.705311,18030883148,17968438747,130,62.444401,dino,False,8.117776,1.691519,i2-i30-0245,scene-0245,scene-0245:image:130
0.0,0.001146,0.002255,0.00225,0.001931,1.482253,0.001184,,0.467569,0.098826,,0.507387,NVTX inference includes CUDA event synchronization,3124415013127367,0.336036,10.925818,6.564334,1.5298999999999996,8.793099,0.136738,1.302237,1.139581,3.829594,1.183693,0.0032,0.004192,4.754274,1.753602,1.21043,10.545881,26.689407,0.453868,1.834634,18143234693,18079962931,131,63.271762,dino,False,9.129135,3.244147,i2-i30-0245,scene-0245,scene-0245:image:131
0.0,0.0,0.002291,0.002244,0.001862,1.479521,0.0,,0.502859,0.103888,,0.505739,NVTX inference includes CUDA event synchronization,3124415165874468,0.346533,12.925668,6.774177,1.5700210000000006,9.026048,0.12518,1.410799,1.233209,3.917393,1.103787,0.0032,0.008992,4.745415,1.842611,1.303834,10.493749,26.528128,0.456351,1.856823,18295981553,18232731057,132,63.250496,dino,False,9.372581,3.471359,i2-i30-0245,scene-0245,scene-0245:image:132
0.0,0.00048,0.002047,0.002119,0.001765,1.442938,0.000184,,0.451536,0.09794,,0.545429,NVTX inference includes CUDA event synchronization,3124415302472050,0.329637,11.958206,6.478668000000001,1.5356250000000005,8.693469,0.134661,1.283107,1.136976,3.81823,1.102731,0.003104,0.008672,4.685356,1.72324,1.207536,10.5963,26.617346,0.438237,1.835684,18432593206,18369515960,133,63.077246,dino,False,9.023106,2.881559,i2-i30-0245,scene-0245,scene-0245:image:133
0.0,0.0,0.002708,0.002288,0.002622,1.476915,0.0,,0.42587,0.103165,,0.542375,NVTX inference includes CUDA event synchronization,3124415373025321,0.311234,3.387048,6.443789,1.4946019999999995,8.688498,0.120023,1.336208,0.885292,3.98382,1.170475,0.001152,0.00816,4.498288,1.782004,0.95918,10.638815,26.631232,0.421082,1.802585,18503132797,18439856772,134,63.276025,dino,False,8.999732,1.805236,i2-i30-0245,scene-0245,scene-0245:image:134
0.000512,0.0,0.002523,0.002708,0.001784,1.496325,0.0,,0.428137,0.098777,,0.557469,NVTX inference includes CUDA event synchronization,3124415443745234,0.313796,3.42875,6.336956,1.509424,8.611395,0.104297,1.299781,0.89228,3.985285,1.124779,0.000992,0.008353,4.458137,1.730857,0.966329,10.660416,26.771869,0.429304,1.783991,18573853318,18510468790,135,63.384528,dino,False,8.925191,1.704402,i2-i30-0245,scene-0245,scene-0245:image:135
0.000204,0.000121,0.002215,0.002334,0.001896,1.453301,0.0,,0.406126,0.099906,,0.529799,NVTX inference includes CUDA event synchronization,3124415514215673,0.31341,3.379307,6.312354,1.4952709999999998,8.494846,0.109775,1.288552,0.907207,3.872721,1.12609,0.00112,0.00752,4.539059,1.735086,0.979976,10.581394,26.661487,0.429045,1.793013,18644323515,18581129139,136,63.194376,dino,False,8.808256,1.693557,i2-i30-0245,scene-0245,scene-0245:image:136
0.0,0.000544,0.002339,0.002175,0.001757,1.441882,0.0,,0.435162,0.099095,,0.55289,NVTX inference includes CUDA event synchronization,3124415584782060,0.317666,3.412279,6.394668,1.4852220000000003,8.612846000000001,0.11593,1.33701,0.962588,3.901877,1.117933,0.00112,0.008832,4.592527,1.770614,1.038333,10.517304,26.622321,0.418133,1.814089,18714889582,18651669832,137,63.21975,dino,False,8.930512,1.732051,i2-i30-0245,scene-0245,scene-0245:image:137
0.0,0.0,0.00275,0.002258,0.00192,1.504608,0.0,,0.487409,0.110012,,0.51101,NVTX inference includes CUDA event synchronization,3124415789201819,0.349701,3.60084,6.874002999999999,1.612124999999999,9.144269,0.136759,1.325684,1.060986,4.141665,1.204207,0.005344,0.0072,4.783607,1.770777,1.131418,10.675914,26.994178,0.497849,1.862158,18919309209,18855885842,139,63.423367,dino,False,9.49397,1.717536,i2-i30-0245,scene-0245,scene-0245:image:139
0.000117,0.00112,0.002432,0.002154,0.001788,1.483369,0.000608,,0.414922,0.105073,,0.552825,NVTX inference includes CUDA event synchronization,3124415859524378,0.308324,3.389777,6.1909220000000005,1.473465000000001,8.447006,0.111388,1.318468,0.85801,3.878979,1.10526,0.00112,0.00864,4.551032,1.763111,0.934299,10.642786,26.604493,0.420409,1.797401,18989631687,18926360769,140,63.270918,dino,False,8.75533,1.498735,i2-i30-0245,scene-0245,scene-0245:image:140
0.0,0.000526,0.002214,0.002167,0.001801,1.48508,0.0,,0.415682,0.099591,,0.538375,NVTX inference includes CUDA event synchronization,3124415929991682,0.314724,3.37005,6.408726,1.4877700000000003,8.639438,0.127671,1.323135,0.880716,3.989936,1.136294,0.001184,0.007456,4.62372,1.768739,0.953645,10.621479,26.69759,0.41263,1.827195,19060099238,18996716948,141,63.38229,dino,False,8.954162,1.49669,i2-i30-0245,scene-0245,scene-0245:image:141
0.0,0.0,0.002768,0.002384,0.001856,1.421726,0.0,,0.454715,0.098487,,0.539382,NVTX inference includes CUDA event synchronization,3124416001547899,0.324868,3.393584,6.344356,1.5196230000000002,8.540806,0.108395,1.331712,0.946964,3.844216,1.105388,0.001024,0.008352,4.615042,1.771816,1.022549,10.563005,26.633391,0.454005,1.793665,19131656025,19068348713,142,63.307312,dino,False,8.865674,1.50133,i2-i30-0245,scene-0245,scene-0245:image:142
0.0,0.000608,0.002147,0.002791,0.001899,1.47147,0.0,,0.426797,0.112831,,0.543948,NVTX inference includes CUDA event synchronization,3124416071954215,0.322916,3.413584,6.501097,1.5346379999999993,8.740672,0.103061,1.351168,0.887992,4.040895,1.136298,0.00112,0.008416,4.513445,1.797317,0.962681,10.665115,26.744017,0.435379,1.77556,19202062342,19138616540,143,63.445802,dino,False,9.063588,1.470514,i2-i30-0245,scene-0245,scene-0245:image:143
0.0,0.0,0.002338,0.002789,0.00177,1.516433,0.0,,0.432438,0.109304,,0.539388,NVTX inference includes CUDA event synchronization,3124416151925342,0.322435,3.375144,6.838128000000001,1.621569000000001,9.120153,0.10931,1.40029,0.92348,4.061749,1.316462,0.001184,0.008544,4.54525,1.845255,0.994809,10.671766,26.859836,0.441537,1.787939,19282033492,19218332949,144,63.700543,dino,False,9.442588,1.496938,i2-i30-0245,scene-0245,scene-0245:image:144
5.8e-05,0.000512,0.002225,0.002578,0.001715,1.504128,0.0,,0.444895,0.105498,,0.525651,NVTX inference includes CUDA event synchronization,3124416288621399,0.315171,3.475605,6.514355999999999,1.5221169999999997,8.786445,0.122642,1.333255,0.988434,3.98389,1.139053,0.0032,0.009025,4.685533,1.779755,1.059091,10.5761,26.782794,0.459447,1.857304,19418729611,19355621406,145,63.108205,dino,False,9.101616,1.717192,i2-i30-0245,scene-0245,scene-0245:image:145
0.0,0.00071,0.002805,0.002891,0.002151,1.583783,0.0,,0.436745,0.124419,,0.539913,NVTX inference includes CUDA event synchronization,3124416360493941,0.316354,3.37846,7.24029,1.775163000000001,9.617353,0.113333,1.449607,0.829309,4.570281,1.187886,0.001184,0.006944,3.823029,1.894477,0.906718,11.33503,26.686609,0.405126,1.469887,19490603067,19426012144,146,64.590923,dino,False,9.933707,1.651959,i2-i30-0245,scene-0245,scene-0245:image:146
0.0,0.0,0.002304,0.002154,0.002121,1.654881,0.000487,,0.399241,0.142067,,0.53955,NVTX inference includes CUDA event synchronization,3124416506244099,0.300613,3.470199,7.4743439999999985,1.7851619999999997,9.916535999999999,0.099578,1.492403,0.805446,4.616531,1.409709,0.00112,0.0072,3.815887,1.922296,0.876806,11.097076,27.091964,0.387872,1.764865,19636351576,19571856886,148,64.49469,dino,False,10.217149,1.665238,i2-i30-0245,scene-0245,scene-0245:image:148
0.0,0.00176,0.002316,0.00238,0.001891,1.379589,0.0,,0.399477,0.107259,,0.553658,NVTX inference includes CUDA event synchronization,3124416576277948,0.307748,3.405637,6.064477999999999,1.489503,8.20506,0.09565,1.352179,0.783887,3.661462,1.120623,0.00272,0.006784,3.538275,1.800118,0.858096,10.46793,26.727327,0.381621,1.418288,19706385905,19643421448,149,62.964457,dino,False,8.512808,1.673222,i2-i30-0245,scene-0245,scene-0245:image:149
0.0,0.00042,0.002068,0.002246,0.001906,1.471814,0.0,,0.384034,0.099467,,0.544164,NVTX inference includes CUDA event synchronization,3124416651861140,0.309988,3.429166,6.384337,1.528117,8.580468,0.096438,1.40233,0.816977,3.851989,1.185741,0.002784,0.00608,3.602323,1.84864,0.890226,10.508617,26.68463,0.370778,1.414274,19781968947,19718744513,150,63.224434,dino,False,8.890456,1.855521,i2-i30-0245,scene-0245,scene-0245:image:150
0.0,0.0,0.002696,0.002933,0.002127,1.706539,0.0,,0.418644,0.143036,,0.53651,NVTX inference includes CUDA event synchronization,3124416790605666,0.31053,3.41129,7.972071999999999,1.724857,10.474027,0.100295,1.61316,0.843454,5.267002,1.228973,0.000576,0.00624,3.696386,2.055662,0.914878,11.90718,27.071114,0.350001,1.418692,19920714581,19855718308,151,64.996273,dino,False,10.784557,1.748594,i2-i30-0245,scene-0245,scene-0245:image:151
0.0,0.0,0.002449,0.002272,0.002339,1.459812,0.0,,0.348844,0.098664,,0.575823,NVTX inference includes CUDA event synchronization,3124416860997780,0.282946,3.538909,6.346609999999999,1.5053479999999997,8.553866999999999,0.106646,1.327437,0.739178,3.990481,1.158603,0.00272,0.0064,3.542063,1.765745,0.814411,10.641073,26.64306,0.349923,1.360974,19991105700,19927994836,152,63.110864,dino,False,8.836813,1.498466,i2-i30-0245,scene-0245,scene-0245:image:152
1.6e-05,0.000576,0.002219,0.002837,0.001877,1.523212,0.0,,0.421603,0.101395,,0.537461,NVTX inference includes CUDA event synchronization,3124416931428602,0.304614,3.375633,6.491180999999999,1.5858789999999994,8.777762999999998,0.102258,1.361322,0.86221,3.928149,1.235167,0.000608,0.006784,3.688822,1.809166,0.934755,10.576744,26.774327,0.369303,1.398127,20061536538,19998064246,153,63.472292,dino,False,9.082377,1.491188,i2-i30-0245,scene-0245,scene-0245:image:153
0.000223,0.0,0.002282,0.002274,0.002108,1.438061,0.0,,0.384924,0.099187,,0.566208,NVTX inference includes CUDA event synchronization,3124417001470300,0.289828,3.428465,6.140306000000001,1.5209360000000007,8.345745,0.092467,1.311169,0.771237,3.770789,1.159087,0.002848,0.00704,3.571129,1.749605,0.848422,10.451342,26.679578,0.336953,1.400525,20131577670,20068561934,154,63.015736,dino,False,8.635573,1.504919,i2-i30-0245,scene-0245,scene-0245:image:154
0.00026,0.000146,0.00224,0.002049,0.002008,1.459206,0.000763,,0.393653,0.11177,,0.54237,NVTX inference includes CUDA event synchronization,3124417071356469,0.320581,3.394908,6.1280280000000005,1.5213419999999998,8.321912,0.09196,1.317584,0.769397,3.803894,1.128716,0.002816,0.006784,3.518737,1.763831,0.84255,10.442499,26.706876,0.347161,1.352419,20201464170,20138464421,155,62.999749,dino,False,8.642493,1.49503,i2-i30-0245,scene-0245,scene-0245:image:155
0.0,0.0,0.00278,0.002146,0.001865,1.475773,0.0,,0.44068,0.106157,,0.63046,NVTX inference includes CUDA event synchronization,3124417154179864,0.359142,3.473032,6.664021,1.6352369999999992,8.964739999999999,0.17275,1.39197,1.047358,3.915241,1.153422,0.004128,0.003776,3.699694,1.839335,1.116799,10.651064,26.792999,0.370631,1.425595,20284287132,20219396928,156,64.890204,dino,False,9.323882,1.953539,i2-i30-0245,scene-0245,scene-0245:image:156
0.0,0.000512,0.002313,0.002932,0.001691,1.470391,0.0,,0.438725,0.101738,,0.554482,NVTX inference includes CUDA event synchronization,3124417307593757,0.322083,12.707631,6.464392999999999,1.5526719999999994,8.715094,0.104492,1.314486,0.988545,3.948719,1.120941,0.000576,0.006746,3.949418,1.759518,1.05965,10.560208,26.622747,0.371724,1.425112,20437701690,20374772414,157,62.929276,dino,False,9.037177,5.657932,i2-i30-0245,scene-0245,scene-0245:image:157
0.0,0.00064,0.002889,0.002207,0.002247,1.435091,0.0,,0.416363,0.106981,,0.531743,NVTX inference includes CUDA event synchronization,3124417377741074,0.315716,3.388658,6.268299000000001,1.522214,8.450744,0.099143,1.371262,0.7888,3.816711,1.158634,0.002752,0.006944,3.534496,1.817667,0.865729,10.595964,26.677091,0.385834,1.393707,20507848487,20444587144,158,63.261343,dino,False,8.76646,1.465,i2-i30-0245,scene-0245,scene-0245:image:158
0.0,0.0,0.002249,0.002287,0.001729,1.449775,0.0,,0.385011,0.126069,,0.557401,NVTX inference includes CUDA event synchronization,3124417448387279,0.31757,3.42646,6.301275,1.523212,8.508226,0.093266,1.360376,0.793775,3.922994,1.123085,0.002848,0.00624,3.549801,1.802308,0.865616,10.470203,26.86485,0.340937,1.38237,20578494591,20515152840,159,63.341751,dino,False,8.825796,1.726861,i2-i30-0245,scene-0245,scene-0245:image:159
0.0,0.0,0.002353,0.00253,0.001819,1.420673,0.0,,0.424797,0.117401,,0.539419,NVTX inference includes CUDA event synchronization,3124417518780818,0.342306,3.38066,6.153104,1.5112259999999997,8.31979,0.094126,1.310193,0.814179,3.759331,1.162667,0.00391,0.006464,3.574146,1.759478,0.89018,10.566949,26.559782,0.349181,1.384451,20648888529,20585784245,160,63.104284,dino,False,8.662096,1.688571,i2-i30-0245,scene-0245,scene-0245:image:160
0.0,0.0,0.002633,0.002118,0.002743,1.434096,0.000576,,0.401511,0.100596,,0.546125,NVTX inference includes CUDA event synchronization,3124417588977251,0.299428,3.370601,6.309952999999999,1.506880999999999,8.500922999999998,0.099481,1.317959,0.819188,3.915995,1.131055,0.002848,0.006944,3.554967,1.760844,0.892628,10.471375,26.664638,0.381063,1.39614,20719084904,20655973378,161,63.111526,dino,False,8.800351,1.509263,i2-i30-0245,scene-0245,scene-0245:image:161
0.0,0.000462,0.002113,0.002212,0.001768,1.457423,0.0,,0.369427,0.112882,,0.53499,NVTX inference includes CUDA event synchronization,3124417659348359,0.30442,3.375289,6.402524,1.5118460000000002,8.579381,0.09701,1.449244,0.755769,3.943874,1.116361,0.002881,0.006816,3.582163,1.893152,0.83209,10.670112,26.637386,0.324919,1.337458,20789456694,20726052280,162,63.404414,dino,False,8.883801,1.513976,i2-i30-0245,scene-0245,scene-0245:image:162
0.0,0.000512,0.002372,0.002091,0.002219,1.515987,0.000544,,0.41156,0.105663,,0.526644,NVTX inference includes CUDA event synchronization,3124417804673244,0.286984,12.197343,6.63846,1.5458869999999996,8.919068,0.112098,1.328939,1.034685,3.959694,1.217421,0.00048,0.006848,3.833242,1.762706,1.105501,10.52381,26.770758,0.359964,1.396021,20934781333,20871711446,163,63.069887,dino,False,9.206052,2.886885,i2-i30-0245,scene-0245,scene-0245:image:163
0.0,0.001162,0.002902,0.002202,0.002347,1.445995,0.00064,,0.42379,0.101054,,0.56423,NVTX inference includes CUDA event synchronization,3124417875790273,0.32221,3.38655,6.178802,1.499542,8.400914,0.095183,1.300171,0.820764,3.838619,1.160461,0.001696,0.006688,3.668644,1.74664,0.894205,10.623983,26.613974,0.35375,1.372214,21005898317,20942735185,164,63.163132,dino,False,8.723124,2.477806,i2-i30-0245,scene-0245,scene-0245:image:164
0.0,0.0,0.001975,0.002779,0.001731,1.460737,0.000608,,0.405851,0.101037,,0.553368,NVTX inference includes CUDA event synchronization,3124417946478839,0.321859,3.42599,6.322417,1.5194969999999994,8.528644,0.104682,1.311087,0.811463,3.998797,1.095344,0.002752,0.006881,3.569248,1.747158,0.8866,10.58361,26.627321,0.370129,1.426715,21076587350,21013320967,165,63.266383,dino,False,8.850503,1.73563,i2-i30-0245,scene-0245,scene-0245:image:165
0.0,0.001762,0.002975,0.002208,0.002488,1.454389,0.0,,0.408057,0.10103,,0.550004,NVTX inference includes CUDA event synchronization,3124418016901420,0.334759,3.380133,6.144611,1.4993860000000003,8.332765,0.090146,1.328262,0.766883,3.80789,1.1651,0.00464,0.005217,3.562962,1.774059,0.841188,10.56206,26.785441,0.33428,1.357414,21147009081,21083738607,166,63.270474,dino,False,8.667524,1.668456,i2-i30-0245,scene-0245,scene-0245:image:166
0.0,0.0,0.002584,0.002186,0.002248,1.489521,0.0,,0.415776,0.099011,,0.567913,NVTX inference includes CUDA event synchronization,3124418087494344,0.3433,3.410826,6.437695,1.5449779999999995,8.673634,0.09895,1.318964,0.848889,4.061779,1.133166,0.002816,0.007392,3.623347,1.756281,0.921914,10.598406,26.819345,0.362276,1.404746,21217602109,21154250841,167,63.351268,dino,False,9.016934,1.719864,i2-i30-0245,scene-0245,scene-0245:image:167
0.0,0.00064,0.003126,0.00223,0.002301,1.426162,0.0,,0.401028,0.107973,,0.542985,NVTX inference includes CUDA event synchronization,3124418157839159,0.329507,3.389467,6.179082000000001,1.5023060000000008,8.336020000000001,0.097911,1.321806,0.784781,3.835543,1.113388,0.003008,0.006784,3.602974,1.767923,0.861198,10.594582,26.620236,0.351706,1.39343,21287947100,21224920963,168,63.026137,dino,False,8.665527,1.68062,i2-i30-0245,scene-0245,scene-0245:image:168
0.0,0.0,0.002665,0.002102,0.001688,1.452012,0.0,,0.417882,0.105668,,0.532409,NVTX inference includes CUDA event synchronization,3124418253836118,0.345571,4.976019,6.322305999999999,1.5570679999999992,8.491161,0.102271,1.326475,0.870176,3.807064,1.166126,0.000544,0.007008,3.658693,1.771886,0.941217,10.592273,26.640193,0.377261,1.396871,21383943640,21321087547,169,62.856093,dino,False,8.836732,1.848031,i2-i30-0245,scene-0245,scene-0245:image:169
0.0,0.001088,0.002855,0.002158,0.001963,1.410107,0.0,,0.422977,0.094528,,0.53843,NVTX inference includes CUDA event synchronization,3124418339121690,0.333442,3.390683,6.156838,1.520479,8.297502,0.098049,1.331901,0.865422,3.721253,1.085616,0.001696,0.006528,3.641695,1.784035,0.938063,10.580463,26.622418,0.356558,1.404334,21469229199,21406341833,170,62.887366,dino,False,8.630944,1.714519,i2-i30-0245,scene-0245,scene-0245:image:170
0.0,0.000544,0.002283,0.002243,0.001609,1.42493,0.0,,0.405539,0.121907,,0.53798,NVTX inference includes CUDA event synchronization,3124418409794279,0.320005,3.591988,6.2571390000000005,1.493214000000001,8.434169,0.095804,1.317302,0.816502,3.897228,1.124555,0.002209,0.00736,3.635921,1.762777,0.889463,10.503011,26.752985,0.335469,1.407381,21539902314,21476698083,171,63.204231,dino,False,8.754174,1.713205,i2-i30-0245,scene-0245,scene-0245:image:171
0.000512,0.0,0.002269,0.002725,0.001898,1.465559,0.0,,0.418925,0.103486,,0.546599,NVTX inference includes CUDA event synchronization,3124418502840296,0.332868,4.260906,6.315087999999999,1.518776,8.524193,0.1,1.305997,0.859808,3.942642,1.122702,0.000576,0.00656,3.668278,1.736529,0.953538,10.598675,26.718195,0.34587,1.405889,21632947788,21569990599,172,62.957189,dino,False,8.857061,1.711314,i2-i30-0245,scene-0245,scene-0245:image:172
0.000312,0.0,0.002249,0.002305,0.002178,1.441684,0.0,,0.400979,0.102117,,0.551629,NVTX inference includes CUDA event synchronization,3124418573009973,0.30493,3.409971,6.362703999999999,1.5160299999999998,8.561226999999999,0.109752,1.426724,0.788768,3.863207,1.152076,0.002752,0.006848,3.607979,1.873127,0.863233,10.560507,26.637961,0.339237,1.383234,21703117085,21639960740,173,63.156345,dino,False,8.866157,1.499926,i2-i30-0245,scene-0245,scene-0245:image:173
0.000495,0.000544,0.002107,0.002741,0.001997,1.407596,0.000962,,0.417755,0.095545,,0.543508,NVTX inference includes CUDA event synchronization,3124418651581321,0.308675,3.364792,6.269285,1.4784750000000004,8.433860000000001,0.096023,1.318252,0.812168,3.884613,1.144204,0.002784,0.006016,3.579486,1.764081,0.883881,10.575,26.697599,0.350533,1.402474,21781689124,21718710036,174,62.979088,dino,False,8.742535,1.884793,i2-i30-0245,scene-0245,scene-0245:image:174
0.0,0.0,0.002396,0.003132,0.001883,1.436934,0.000576,,0.414726,0.103577,,0.535686,NVTX inference includes CUDA event synchronization,3124418757332325,0.325763,6.87365,6.419855,1.5351090000000003,8.593002,0.101547,1.331769,0.87687,3.92421,1.14206,0.000576,0.006624,3.683352,1.776925,0.947687,10.640623,26.618916,0.355138,1.388125,21887440357,21824435611,175,63.004746,dino,False,8.918765,2.154268,i2-i30-0245,scene-0245,scene-0245:image:175
0.0,0.0,0.002425,0.002094,0.002077,1.527522,0.0,,0.429587,0.103726,,0.5424,NVTX inference includes CUDA event synchronization,3124418840349060,0.323974,3.495809,6.581879000000001,1.5912940000000004,8.867736,0.101418,1.378478,0.875528,3.997615,1.240817,0.000544,0.006016,3.710051,1.827763,0.947754,10.815394,26.730133,0.364282,1.394508,21970457076,21906850194,176,63.606882,dino,False,9.19171,1.788489,i2-i30-0245,scene-0245,scene-0245:image:176
0.0,0.0,0.002695,0.002197,0.001799,1.50489,0.000576,,0.39047,0.104469,,0.533358,NVTX inference includes CUDA event synchronization,3124418910723419,0.324835,3.378239,6.427075,1.5193770000000004,8.642694,0.100014,1.343255,0.813421,4.060057,1.122381,0.002816,0.006208,3.585138,1.756158,0.885965,10.492392,26.635785,0.342961,1.387907,22040831492,21977775508,177,63.055984,dino,False,8.967529,1.677898,i2-i30-0245,scene-0245,scene-0245:image:177
0.0,0.0,0.002353,0.002233,0.001958,1.4602,0.0,,0.463701,0.100763,,0.560025,NVTX inference includes CUDA event synchronization,3124419002113188,0.343299,3.618069,6.26072,1.506069,8.508654,0.103415,1.310944,0.932506,3.839453,1.151374,0.00224,0.005952,3.697061,1.748484,1.004026,10.566967,26.723676,0.402415,1.424216,22132220805,22069182290,178,63.038515,dino,False,8.851953,1.732678,i2-i30-0245,scene-0245,scene-0245:image:178
0.0,0.0,0.002466,0.002474,0.001923,1.404908,0.0,,0.410166,0.100126,,0.535079,NVTX inference includes CUDA event synchronization,3124419072232909,0.325858,3.402502,6.200740000000001,1.6101220000000005,8.332024,0.10025,1.321514,0.78948,3.566889,1.261723,0.000576,0.007328,3.941271,1.768014,0.865033,10.205264,26.762933,0.349694,1.405384,22202340245,22139421878,179,62.918367,dino,False,8.657882,1.670952,i2-i30-0245,scene-0245,scene-0245:image:179
0.0,0.0,0.002642,0.002237,0.002168,1.392708,0.0,,0.413199,0.092672,,0.525077,NVTX inference includes CUDA event synchronization,3124419150537614,0.313476,3.4248,5.916318,1.469919,8.033545,0.103277,1.248662,0.858289,3.58504,1.072426,0.002784,0.006624,3.656289,1.670173,0.930065,9.934136,26.586399,0.358799,1.354302,22280644917,22218396476,180,62.248441,dino,False,8.347021,1.393676,i2-i30-0245,scene-0245,scene-0245:image:180
0.0,0.0,0.002097,0.002205,0.001728,1.33329,0.0,,0.407357,0.09158,,0.542405,NVTX inference includes CUDA event synchronization,3124419256904605,0.32493,7.822745,5.585055,1.4538649999999995,7.6407869999999996,0.112729,1.222312,0.930205,3.183204,1.054474,0.002784,0.006144,3.507018,1.673356,1.001246,10.037193,26.55193,0.335674,1.336429,22387012111,22324857297,181,62.154814,dino,False,7.965717,1.826668,i2-i30-0245,scene-0245,scene-0245:image:181
0.0,0.0,0.002252,0.002315,0.001799,1.354896,0.0,,0.430674,0.096518,,0.542965,NVTX inference includes CUDA event synchronization,3124419338882104,0.317507,3.452052,5.741065000000001,1.4635300000000004,7.854977000000001,0.113064,1.218795,0.980082,3.320808,1.067373,0.000576,0.008256,4.45619,1.668563,1.056051,10.126587,26.536509,0.42733,1.770631,22468989904,22405960892,182,63.029012,dino,False,8.172484,1.560869,i2-i30-0245,scene-0245,scene-0245:image:182
0.0,0.0,0.002156,0.002402,0.00172,1.351857,0.0,,0.395802,0.092232,,0.53279,NVTX inference includes CUDA event synchronization,3124419408348568,0.310019,3.38044,5.6998619999999995,1.4449569999999996,7.768802,0.110144,1.223765,0.909944,3.358221,1.023246,0.000512,0.008032,4.361565,1.67004,0.982457,9.961929,26.53541,0.422438,1.718581,22538456049,22475976005,183,62.480044,dino,False,8.078821,1.575556,i2-i30-0245,scene-0245,scene-0245:image:183
0.0,0.0,0.002536,0.00236,0.002144,1.393448,0.0,,0.414877,0.092156,,0.544191,NVTX inference includes CUDA event synchronization,3124419502715984,0.312452,4.963583,6.009494999999999,1.4514240000000003,8.148755,0.108627,1.328912,0.946585,3.574511,1.043052,0.000544,0.007552,4.366934,1.734193,1.016985,9.964822,26.549086,0.420221,1.758445,22632823315,22570701346,184,62.121969,dino,False,8.461207,1.613542,i2-i30-0245,scene-0245,scene-0245:image:184
0.0,0.0,0.002728,0.002226,0.001956,1.355057,0.0,,0.397251,0.094151,,0.538403,NVTX inference includes CUDA event synchronization,3124419571735954,0.302468,3.312664,5.744122000000001,1.4653420000000006,7.833426,0.104161,1.234327,0.869039,3.380166,1.074987,0.000576,0.007296,4.2778,1.680923,0.941968,10.074349,26.563086,0.394534,1.693888,22701843336,22639564395,185,62.278941,dino,False,8.135894,1.496025,i2-i30-0245,scene-0245,scene-0245:image:185
0.0,0.0,0.002111,0.002218,0.001711,1.399875,0.0,,0.418679,0.096348,,0.549605,NVTX inference includes CUDA event synchronization,3124419650897214,0.323493,3.466716,5.914251,1.463622,8.061305,0.108301,1.250882,0.935793,3.537642,1.081966,0.000544,0.006048,4.350941,1.696966,1.007314,10.206856,26.69833,0.414396,1.742224,22781004866,22718364065,186,62.640801,dino,False,8.384798,1.515387,i2-i30-0245,scene-0245,scene-0245:image:186
0.0,0.0,0.002284,0.002232,0.001884,1.414276,0.0,,0.421441,0.096526,,0.523981,NVTX inference includes CUDA event synchronization,3124419751046647,0.309987,3.485853,6.059054,1.44996,8.211691,0.111183,1.249767,0.972417,3.67562,1.055307,0.000512,0.006912,4.476095,1.659377,1.043235,10.079598,26.595868,0.423167,1.774995,22881153777,22818811508,187,62.342269,dino,False,8.521678,1.600855,i2-i30-0245,scene-0245,scene-0245:image:187
0.0,0.0,0.002374,0.002831,0.001921,1.386978,0.0,,0.414864,0.093617,,0.548878,NVTX inference includes CUDA event synchronization,3124419839259523,0.31338,3.56073,5.909818,1.4649330000000003,8.047901,0.114242,1.245851,0.962835,3.505086,1.059214,0.001088,0.008032,4.491894,1.694623,1.034229,10.29267,26.530021,0.417009,1.785587,22969367350,22906826708,188,62.540642,dino,False,8.361281,1.585981,i2-i30-0245,scene-0245,scene-0245:image:188
0.0,0.0,0.002056,0.002253,0.001856,1.378488,0.0,,0.410661,0.096288,,0.528102,NVTX inference includes CUDA event synchronization,3124419908999371,0.314371,3.416374,5.875062,1.4695289999999988,7.980394999999999,0.107799,1.266276,0.877363,3.515321,1.050478,0.000576,0.007424,4.368291,1.708621,0.9509,10.138182,26.560833,0.438537,1.697732,23039106840,22976475870,189,62.63097,dino,False,8.294766,1.472885,i2-i30-0245,scene-0245,scene-0245:image:189
0.0,0.001152,0.002263,0.002217,0.001826,1.408371,0.0,,0.409441,0.093471,,0.538812,NVTX inference includes CUDA event synchronization,3124420003035217,0.310915,4.833168,5.961596000000001,1.4452300000000005,8.108234000000001,0.112968,1.268164,0.953521,3.507574,1.123532,0.00112,0.00704,4.407156,1.702692,1.024115,10.164423,26.667215,0.415634,1.748646,23133142881,23070703062,190,62.439819,dino,False,8.419149,1.584076,i2-i30-0245,scene-0245,scene-0245:image:190
0.0,0.000986,0.001984,0.002268,0.001854,1.367795,0.0,,0.393002,0.094869,,0.533394,NVTX inference includes CUDA event synchronization,3124420072511182,0.306469,3.346865,5.812125000000001,1.4412860000000007,7.901808000000001,0.107974,1.274579,0.861962,3.449728,1.064716,0.000576,0.007456,4.260623,1.720281,0.936523,10.163264,26.585501,0.394965,1.708795,23202618531,23139987616,191,62.630915,dino,False,8.208277,1.469496,i2-i30-0245,scene-0245,scene-0245:image:191
0.0,0.0,0.002247,0.002273,0.00197,1.381954,0.0,,0.399113,0.097505,,0.556576,NVTX inference includes CUDA event synchronization,3124420150742258,0.311652,3.428476,5.885601,1.443677,8.015587,0.103383,1.239215,0.887604,3.504162,1.141454,0.000544,0.0072,4.306901,1.684755,0.958965,10.164492,26.702809,0.408117,1.724987,23280849757,23218265294,192,62.584463,dino,False,8.327239,1.470813,i2-i30-0245,scene-0245,scene-0245:image:192
0.0,0.0,0.002112,0.002157,0.001705,1.383445,0.0,,0.439835,0.094519,,0.508039,NVTX inference includes CUDA event synchronization,3124420257089587,0.329252,7.529831,6.023128000000001,1.4368550000000004,8.125688,0.124219,1.25116,1.038283,3.5766,1.019822,0.001024,0.006977,4.405455,1.655645,1.109035,9.928725,26.551723,0.411351,1.75365,23387196950,23325111487,193,62.085463,dino,False,8.45494,2.042138,i2-i30-0245,scene-0245,scene-0245:image:193
0.0,0.0,0.00279,0.002321,0.002809,1.343501,0.0,,0.420428,0.090447,,0.535734,NVTX inference includes CUDA event synchronization,3124420338017844,0.326498,3.516531,5.614189999999999,1.4263889999999995,7.685721999999999,0.10856,1.200601,0.931351,3.296186,1.041165,0.000576,0.007392,4.375489,1.652354,1.003321,10.146985,26.674124,0.414475,1.743787,23468125487,23405744618,194,62.380869,dino,False,8.01222,1.53259,i2-i30-0245,scene-0245,scene-0245:image:194
0.0,0.0,0.002256,0.002205,0.001788,1.383239,0.0,,0.405721,0.096882,,0.543887,NVTX inference includes CUDA event synchronization,3124420408191163,0.313443,3.386737,5.992861999999999,1.4650159999999994,8.115397,0.109795,1.31798,0.931592,3.516219,1.079758,0.000544,0.007936,4.377752,1.76451,1.005192,10.094194,26.629258,0.416065,1.754724,23538298243,23475454623,195,62.84362,dino,False,8.42884,1.88371,i2-i30-0245,scene-0245,scene-0245:image:195
0.000174,0.000648,0.00273,0.002193,0.001803,1.376456,0.0,,0.420789,0.093305,,0.540909,NVTX inference includes CUDA event synchronization,3124420507337572,0.327365,4.947843,5.840372,1.477564,7.952014,0.107123,1.205317,0.959711,3.479572,1.043692,0.001056,0.005344,3.837027,1.653803,1.031488,10.123389,26.59149,0.354576,1.375673,23637444917,23574878906,196,62.566011,dino,False,8.279379,5.584253,i2-i30-0245,scene-0245,scene-0245:image:196
0.0,0.000644,0.002768,0.002281,0.001771,1.343277,0.0,,0.383221,0.08399,,0.563392,NVTX inference includes CUDA event synchronization,3124420577461347,0.324259,3.353941,5.635444,1.4468170000000002,7.692529,0.088757,1.250036,0.747986,3.43614,1.037676,0.00432,0.005056,3.358066,1.685469,0.825203,10.085747,26.763503,0.347594,1.342929,23707568859,23644493016,197,63.075843,dino,False,8.016788,1.66243,i2-i30-0245,scene-0245,scene-0245:image:197
0.0,0.000202,0.002314,0.002149,0.001622,1.356146,0.0,,0.388337,0.09337,,0.529725,NVTX inference includes CUDA event synchronization,3124420650680101,0.326116,3.368973,5.639441999999999,1.4413669999999996,7.687190999999999,0.092152,1.187941,0.787696,3.443307,1.053548,0.002816,0.00448,3.367382,1.636269,0.860625,10.114146,26.617254,0.330387,1.31637,23780788302,23718487118,198,62.301184,dino,False,8.013307,1.690081,i2-i30-0245,scene-0245,scene-0245:image:198
0.000448,0.0,0.002402,0.002193,0.002425,1.351312,0.0,,0.420113,0.090531,,0.532326,NVTX inference includes CUDA event synchronization,3124420757218627,0.311651,7.647978,5.67877,1.4643360000000003,7.768869,0.096048,1.220219,0.923804,3.308102,1.059435,0.003232,0.005344,3.431695,1.666338,0.995292,10.082076,26.518399,0.340409,1.321372,23887325988,23825156153,199,62.169835,dino,False,8.08052,2.049558,i2-i30-0245,scene-0245,scene-0245:image:199
0.0,7.5e-05,0.00225,0.002239,0.001864,1.415395,0.0,,0.351554,0.097224,,0.536207,NVTX inference includes CUDA event synchronization,3124420838209531,0.280386,3.470238,6.0367560000000005,1.4858640000000003,8.163178,0.097422,1.244585,0.795441,3.709133,1.101775,0.004384,0.00496,3.426371,1.650097,0.86901,10.054257,26.765998,0.34238,1.347373,23968316965,23906049115,200,62.26785,dino,False,8.443564,1.566081,i2-i30-0245,scene-0245,scene-0245:image:200
0.0,0.0,0.002219,0.002262,0.002107,1.405231,0.0,,0.388302,0.107296,,0.538833,NVTX inference includes CUDA event synchronization,3124420907945577,0.323522,3.366752,5.854245,1.4547939999999997,7.976973,0.092939,1.253492,0.760813,3.68139,1.047467,0.005056,0.004544,3.343621,1.705881,0.833582,10.353203,26.592662,0.332054,1.289091,24038053454,23975456502,201,62.596952,dino,False,8.300495,1.686218,i2-i30-0245,scene-0245,scene-0245:image:201
0.0,0.000424,0.00223,0.002283,0.001783,1.363288,0.0,,0.403051,0.091465,,0.529358,NVTX inference includes CUDA event synchronization,3124421001108981,0.329796,3.498089,5.677643,1.4647049999999995,7.741728999999999,0.105922,1.230018,0.838904,3.374364,1.048428,0.004256,0.004928,3.503303,1.668457,0.911353,10.06831,26.528466,0.33738,1.329353,24131216441,24069033505,202,62.182936,dino,False,8.071525,1.772087,i2-i30-0245,scene-0245,scene-0245:image:202
0.000434,0.0,0.002113,0.002244,0.001762,1.360642,0.0,,0.392815,0.093067,,0.563619,NVTX inference includes CUDA event synchronization,3124421071123668,0.3257,3.395528,5.6264199999999995,1.4628799999999993,7.717415999999999,0.090159,1.246917,0.744961,3.425193,1.065646,0.003936,0.003424,3.36452,1.695431,0.82061,10.127918,26.774209,0.323431,1.298813,24201231222,24138370261,203,62.860961,dino,False,8.043116,1.721141,i2-i30-0245,scene-0245,scene-0245:image:203
0.0,0.000512,0.002312,0.002286,0.001765,1.623546,0.0,,0.397625,0.093796,,0.542124,NVTX inference includes CUDA event synchronization,3124421150881960,0.33194,3.374687,5.6298829999999995,1.4357309999999996,7.9619089999999995,0.091091,1.214136,0.788928,3.699089,1.05729,0.0032,0.004384,3.391015,1.659707,0.860769,10.371056,26.582303,0.334635,1.342082,24280989268,24218455818,204,62.53345,dino,False,8.293849,1.683294,i2-i30-0245,scene-0245,scene-0245:image:204
0.0,0.0,0.003323,0.002174,0.001886,1.347775,0.000344,,0.402109,0.094338,,0.543868,NVTX inference includes CUDA event synchronization,3124421337737247,0.331331,3.498292,5.650780999999999,1.4382229999999998,7.715267,0.097932,1.307512,0.840116,3.301361,1.053902,0.002144,0.005408,3.439996,1.759517,0.913269,10.146645,26.62418,0.3521,1.328411,24467844728,24405496132,206,62.348596,dino,False,8.046598,1.699095,i2-i30-0245,scene-0245,scene-0245:image:206
0.0,0.0,0.002218,0.002199,0.001901,1.347963,0.00064,,0.397643,0.095304,,0.556284,NVTX inference includes CUDA event synchronization,3124421407346203,0.328261,3.381626,5.652603000000001,1.4257020000000011,7.728494,0.092755,1.192841,0.806712,3.465069,1.064268,0.004064,0.005344,3.445159,1.637869,0.879449,10.065797,26.614446,0.337255,1.324318,24537453442,24475031682,207,62.42176,dino,False,8.056755,1.732936,i2-i30-0245,scene-0245,scene-0245:image:207
0.000289,0.0001,0.002418,0.002662,0.001789,1.384283,0.00112,,0.407385,0.090515,,0.536168,NVTX inference includes CUDA event synchronization,3124421503666897,0.339494,5.228917,5.866968999999999,1.4812829999999995,7.954203999999999,0.102099,1.22293,0.848177,3.540571,1.090126,0.00272,0.005792,3.49252,1.651898,0.920114,10.138221,26.632885,0.346695,1.351773,24633774888,24571514427,208,62.260461,dino,False,8.293698,1.865313,i2-i30-0245,scene-0245,scene-0245:image:208
0.0,0.0,0.002177,0.002664,0.001788,1.369055,0.0,,0.424508,0.089787,,0.541089,NVTX inference includes CUDA event synchronization,3124421573376544,0.347363,3.411575,5.595891,1.4486049999999997,7.679596,0.087847,1.272587,0.776424,3.349931,1.081869,0.004992,0.004704,3.361906,1.722389,0.851849,10.157784,26.564577,0.332601,1.306795,24703484596,24640887154,209,62.597442,dino,False,8.026959,1.635792,i2-i30-0245,scene-0245,scene-0245:image:209
0.000228,0.0,0.002205,0.002424,0.001891,1.375859,0.0,,0.474367,0.092597,,0.537377,NVTX inference includes CUDA event synchronization,3124421653374831,0.389668,5.296705,5.859363999999999,1.534508999999999,7.956643999999999,0.117059,1.23535,0.921537,3.265266,1.263055,0.002688,0.006848,3.608918,1.681242,0.994434,10.023173,26.763829,0.345511,1.353001,24783482766,24720958525,210,62.524241,dino,False,8.346312,1.824606,i2-i30-0245,scene-0245,scene-0245:image:210
0.0,0.0,0.002692,0.002252,0.001749,1.450122,0.0,,0.445312,0.096627,,0.53834,NVTX inference includes CUDA event synchronization,3124421838916570,0.323813,3.676975,6.2517890000000005,1.6891569999999998,8.46507,0.099715,1.243322,0.845192,3.495372,1.407037,0.002592,0.006496,3.572138,1.68819,0.920425,10.248402,26.915191,0.345252,1.37885,24969023985,24905937520,212,63.086465,dino,False,8.788883,1.753227,i2-i30-0245,scene-0245,scene-0245:image:212
0.0,0.0,0.002193,0.002181,0.002101,1.334431,0.000284,,0.389626,0.095108,,0.558683,NVTX inference includes CUDA event synchronization,3124421908821994,0.300387,3.368106,5.596704,1.4879879999999996,7.680924,0.08969,1.242087,0.757508,3.35065,1.046796,0.003648,0.002944,3.35524,1.686698,0.833797,10.012788,26.734765,0.332705,1.299312,25038929974,24975913542,213,63.016432,dino,False,7.981311,1.469505,i2-i30-0245,scene-0245,scene-0245:image:213
0.0,0.000544,0.003184,0.002275,0.001972,1.478877,0.0,,0.439852,0.103019,,0.55332,NVTX inference includes CUDA event synchronization,3124422003846390,0.33306,3.42281,6.507128,1.5724809999999998,8.757111,0.104302,1.322386,0.915656,4.006247,1.162283,0.000512,0.006304,3.874245,1.758392,0.986696,10.606427,26.760919,0.380031,1.428735,25133954603,25070828740,214,63.125863,dino,False,9.090171,3.859537,i2-i30-0245,scene-0245,scene-0245:image:214
7.3e-05,0.000544,0.00226,0.002945,0.001963,1.407235,0.000608,,0.43694,0.10252,,0.539042,NVTX inference includes CUDA event synchronization,3124422074330075,0.329794,3.461175,6.2977240000000005,1.5285740000000008,8.462060000000001,0.112033,1.344426,0.952778,3.739887,1.1043,0.001024,0.008832,4.523003,1.79083,1.026123,10.524342,26.679491,0.442997,1.803339,25204438060,25141207086,215,63.230974,dino,False,8.791854,1.699566,i2-i30-0245,scene-0245,scene-0245:image:215
0.0,0.0,0.002567,0.002284,0.001808,1.454455,0.0,,0.436747,0.096528,,0.622795,NVTX inference includes CUDA event synchronization,3124422153287416,0.33658,3.569942,6.492621,1.5745939999999994,8.773225,0.217459,1.298863,1.077475,3.790424,1.143406,0.000864,0.00672,4.642935,1.745428,1.144324,10.537958,26.697233,0.462659,1.860341,25283395148,25219269195,216,64.125953,dino,False,9.109805,1.799747,i2-i30-0245,scene-0245,scene-0245:image:216
0.0,0.0,0.002509,0.002235,0.001867,1.441008,0.0,,0.451034,0.097899,,0.527287,NVTX inference includes CUDA event synchronization,3124422251891913,0.320962,3.47344,6.535592999999999,1.5254299999999992,8.73847,0.108554,1.386489,0.999858,3.931407,1.099438,0.001728,0.006528,4.663978,1.825117,1.070739,10.563313,26.611158,0.453974,1.819588,25381999426,25318854966,217,63.14446,dino,False,9.059432,1.760721,i2-i30-0245,scene-0245,scene-0245:image:217
0.0,0.00112,0.0021,0.002223,0.00187,1.441522,0.0,,0.440998,0.094121,,0.549603,NVTX inference includes CUDA event synchronization,3124422339781605,0.331076,3.501717,6.381695000000001,1.5140760000000002,8.584176000000001,0.129451,1.285588,0.995559,3.852838,1.129068,0.001792,0.00688,4.663924,1.732278,1.068871,10.602683,26.722223,0.43637,1.821564,25469889070,25406066376,218,63.822694,dino,False,8.915252,1.773678,i2-i30-0245,scene-0245,scene-0245:image:218
0.0,0.001152,0.002509,0.002158,0.002328,1.490075,0.0,,0.435017,0.098753,,0.528844,NVTX inference includes CUDA event synchronization,3124422410613019,0.32157,3.513807,6.39916,1.524585,8.638426,0.131713,1.333875,0.929201,3.890464,1.141902,0.001088,0.007168,4.632927,1.781787,1.003122,10.640726,26.786564,0.443553,1.824379,25540721161,25477242011,219,63.47915,dino,False,8.959996,1.724569,i2-i30-0245,scene-0245,scene-0245:image:219
8.6e-05,0.0,0.002201,0.002633,0.001884,1.445373,0.000512,,0.444873,0.10122,,0.534843,NVTX inference includes CUDA event synchronization,3124422502422572,0.325187,3.534718,6.452991,1.5280379999999996,8.661429,0.113636,1.339035,1.017322,3.896957,1.081068,0.003168,0.007392,4.675366,1.774755,1.088428,10.588167,26.647413,0.449917,1.856638,25632530698,25569384072,220,63.146626,dino,False,8.986616,1.769316,i2-i30-0245,scene-0245,scene-0245:image:220
0.0,0.000512,0.002259,0.002222,0.002377,1.493078,0.0,,0.420213,0.100753,,0.53078,NVTX inference includes CUDA event synchronization,3124422573204901,0.31991,3.493107,6.594707,1.593591,8.826991,0.1072,1.34058,0.853007,3.995452,1.247855,0.00112,0.008096,4.508967,1.786793,0.928976,10.702297,26.770852,0.410992,1.807134,25703313635,25639749120,221,63.564515,dino,False,9.146901,1.685558,i2-i30-0245,scene-0245,scene-0245:image:221
0.0,0.000512,0.002732,0.002124,0.002195,1.424575,0.0,,0.42389,0.105258,,0.539756,NVTX inference includes CUDA event synchronization,3124422651692405,0.324612,3.454721,6.348978000000001,1.5046830000000009,8.525408,0.108194,1.282306,0.951413,3.887091,1.108301,0.00112,0.006912,4.538537,1.727783,1.023605,10.591632,26.64793,0.419473,1.804514,25781799862,25718655305,222,63.144557,dino,False,8.85002,1.717664,i2-i30-0245,scene-0245,scene-0245:image:222
0.0,0.0,0.002363,0.00217,0.001807,1.518857,0.0,,0.433267,0.110895,,0.614628,NVTX inference includes CUDA event synchronization,3124422759435817,0.325316,6.972767,6.884449999999999,1.7614659999999995,9.243120999999999,0.11475,1.310608,1.00543,4.025705,1.340046,0.003296,0.007136,4.611841,1.76095,1.076439,10.805153,27.152681,0.461312,1.816095,25889543058,25824392352,223,65.150706,dino,False,9.568437,2.169985,i2-i30-0245,scene-0245,scene-0245:image:223
0.0,0.0,0.002171,0.002889,0.001916,1.51275,0.0,,0.457384,0.105258,,0.526873,NVTX inference includes CUDA event synchronization,3124422840579573,0.321635,3.624915,6.7224759999999995,1.607842999999999,9.010081999999999,0.109607,1.345453,0.981073,4.14296,1.134093,0.00304,0.007648,4.699327,1.783761,1.056114,10.801135,26.755769,0.449211,1.864997,25970687552,25906592007,224,64.095545,dino,False,9.331717,1.784322,i2-i30-0245,scene-0245,scene-0245:image:224
0.0,0.000119,0.002148,0.01318,0.002266,1.469973,0.000608,,0.426703,0.09792,,0.534546,NVTX inference includes CUDA event synchronization,3124422911236701,0.315941,3.524078,6.331781999999999,1.527735999999999,8.563303999999999,0.109109,1.328629,0.921721,3.864391,1.117419,0.001088,0.009152,4.526601,1.773851,0.994171,10.54571,26.68965,0.427163,1.816529,26041344438,25978222200,225,63.122238,dino,False,8.879245,1.735547,i2-i30-0245,scene-0245,scene-0245:image:225
0.0,0.000544,0.002182,0.00265,0.00169,1.483461,0.0,,0.426919,0.102031,,0.553744,NVTX inference includes CUDA event synchronization,3124423002658209,0.322885,4.123425,6.653879,1.4901359999999997,8.904215,0.112951,1.330999,0.996257,4.163049,1.124044,0.003168,0.006496,4.593195,1.734202,1.066914,10.54372,26.738278,0.444084,1.799511,26132766095,26069773837,226,62.992258,dino,False,9.2271,1.75898,i2-i30-0245,scene-0245,scene-0245:image:226
0.0,0.0,0.002799,0.002183,0.002374,1.458782,0.0,,0.421413,0.109098,,0.550527,NVTX inference includes CUDA event synchronization,3124423073050652,0.313122,3.445472,6.265371999999999,1.4912269999999994,8.499426,0.102994,1.363309,0.848236,3.862193,1.135213,0.00112,0.008256,4.48395,1.812975,0.921325,10.648402,26.633455,0.428627,1.768468,26203158234,26139983861,227,63.174373,dino,False,8.812548,1.695917,i2-i30-0245,scene-0245,scene-0245:image:227
0.0,0.0,0.002216,0.002251,0.001835,1.462867,0.0,,0.432466,0.103081,,0.540631,NVTX inference includes CUDA event synchronization,3124423152139203,0.318756,3.521,6.439359,1.5295259999999988,8.665949999999999,0.113084,1.377486,0.986056,3.846415,1.122059,0.00112,0.00896,4.626893,1.826609,1.05841,10.578048,26.6382,0.447815,1.833338,26282246424,26218930665,228,63.315759,dino,False,8.984706,1.792243,i2-i30-0245,scene-0245,scene-0245:image:228
0.0,0.0,0.002707,0.002952,0.00194,1.461583,0.0,,0.44027,0.103644,,0.505796,NVTX inference includes CUDA event synchronization,3124423256748727,0.315012,6.778136,6.658357,1.5590709999999994,8.862237,0.111821,1.334729,1.009679,4.036206,1.117134,0.002145,0.006464,4.579995,1.737804,1.080337,10.352875,26.600728,0.449169,1.815076,26386857398,26324027471,229,62.829927,dino,False,9.177249,2.092205,i2-i30-0245,scene-0245,scene-0245:image:229
0.0,0.001023,0.002427,0.002437,0.001813,1.513981,0.000544,,0.605109,0.098998,,0.532918,NVTX inference includes CUDA event synchronization,3124423340160847,0.396932,3.600333,6.570325,1.570634,8.932643,0.137982,1.326288,1.185418,3.901178,1.197163,0.004448,0.006464,4.80435,1.767349,1.256299,10.594186,26.680789,0.453778,1.952733,26470268097,26406633234,230,63.634863,dino,False,9.329575,1.822361,i2-i30-0245,scene-0245,scene-0245:image:230
0.0,0.0,0.003133,0.00253,0.002009,1.474938,0.0,0.113606,0.464774,0.104321,0.0,0.508197,NVTX inference includes CUDA event synchronization,3125411942955291,0.339236,3.384383,6.403776000000001,1.5316800000000006,8.738048000000001,0.096512,1.340175,0.888545,4.010341,1.202383,0.000512,0.007136,3.713411,1.795284,0.961602,10.765451,26.719948,0.349656,1.410023,7333667611,7270287451,1,63.38016,dino,True,9.077284,1.627478,i2-i31-0770,scene-0770,scene-0770:image:1
0.0,0.0,0.002552,0.002531,0.001919,1.412073,0.0,,0.430455,0.10438,,0.553473,NVTX inference includes CUDA event synchronization,3125412013042608,0.343909,3.426555,6.3213420000000005,1.5071330000000005,8.484816,0.098464,1.294483,0.827726,3.930252,1.161035,0.002752,0.00688,3.697056,1.74092,0.902159,10.593633,26.699168,0.376483,1.393442,7403754193,7340543193,2,63.211,dino,True,8.828725,1.451026,i2-i31-0770,scene-0770,scene-0770:image:2
0.0,0.000576,0.002231,0.002551,0.001984,1.478731,0.0,,0.433908,0.104806,,0.564883,NVTX inference includes CUDA event synchronization,3125412083112102,0.321506,3.314586,6.261082999999999,1.5452399999999988,8.529247,0.096891,1.302069,0.75204,3.931363,1.214221,0.004512,0.004417,3.441748,1.760829,0.826089,10.53293,26.831998,0.327285,1.335611,7473823689,7410519233,3,63.304456,dino,True,8.850753,1.480362,i2-i31-0770,scene-0770,scene-0770:image:3
0.0,0.0,0.00232,0.002967,0.001929,1.432024,0.0,,0.455272,0.106008,,0.546154,NVTX inference includes CUDA event synchronization,3125412166050365,0.351399,3.407696,6.341305,1.579268,8.536579999999999,0.101611,1.29494,0.881058,3.864018,1.160012,0.000544,0.006528,3.738886,1.75216,0.951426,10.645517,26.731756,0.360464,1.39391,7556762290,7493690985,4,63.071305,dino,True,8.887979,1.530672,i2-i31-0770,scene-0770,scene-0770:image:4
0.0,0.001556,0.002057,0.003185,0.002156,1.442598,0.0,,0.414592,0.110846,,0.57602,NVTX inference includes CUDA event synchronization,3125412237115342,0.313699,3.40162,6.319811999999999,1.5438359999999998,8.559123,0.095485,1.36751,0.791236,3.842195,1.22328,0.002944,0.006336,3.659564,1.812539,0.867461,10.557555,27.071263,0.356809,1.384857,7627827357,7563795646,5,64.031711,dino,True,8.872822,1.712483,i2-i31-0770,scene-0770,scene-0770:image:5
0.0,7.4e-05,0.002657,0.002497,0.001994,1.476936,0.0,,0.496759,0.1112,,0.533212,NVTX inference includes CUDA event synchronization,3125412370652360,0.349604,11.936193,6.556906000000001,1.506996,8.832631000000001,0.107637,1.374768,1.071256,3.976477,1.137709,0.000544,0.006848,3.891391,1.832853,1.141592,10.807435,26.669093,0.365953,1.418932,7761364060,7697932736,6,63.431324,dino,True,9.182235,2.566275,i2-i31-0770,scene-0770,scene-0770:image:6
0.0,0.000544,0.002545,0.002648,0.00202,1.476978,0.0,,0.439281,0.117596,,0.535649,NVTX inference includes CUDA event synchronization,3125412441171306,0.312163,3.383683,6.508255,1.5179679999999998,8.773353,0.092889,1.3948,0.783156,4.111093,1.177098,0.00224,0.006272,3.632163,1.845812,0.857493,10.754363,26.698845,0.328919,1.390563,7831883048,7768218169,7,63.664879,dino,True,9.085516,1.458938,i2-i31-0770,scene-0770,scene-0770:image:7
0.0,0.0,0.002409,0.002481,0.001847,1.440887,0.0,,0.399176,0.102146,,0.549866,NVTX inference includes CUDA event synchronization,3125412511523602,0.310787,3.409614,6.243476,1.493367,8.431501,0.096559,1.318414,0.77821,3.886829,1.161229,0.000544,0.007136,3.747552,1.779221,0.853922,10.755214,26.680459,0.342726,1.39117,7902235063,7838965468,8,63.269595,dino,True,8.742288,1.475507,i2-i31-0770,scene-0770,scene-0770:image:8
0.0,0.001248,0.002967,0.002472,0.001867,1.589283,0.0,,0.44711,0.109147,,0.558596,NVTX inference includes CUDA event synchronization,3125412582686244,0.321282,3.367771,7.242167,1.9819330000000006,9.633575,0.095386,1.339117,0.757138,4.025293,1.746422,0.002304,0.007264,3.663343,1.79192,0.831219,10.603702,27.277747,0.350257,1.360536,7973398136,7909093359,9,64.304777,dino,True,9.954857,1.490773,i2-i31-0770,scene-0770,scene-0770:image:9
0.0,0.000778,0.002348,0.002595,0.001857,1.483619,0.0,,0.467751,0.116441,,0.536609,NVTX inference includes CUDA event synchronization,3125412667181847,0.345767,3.453299,6.5870169999999995,1.6413959999999994,8.853247999999999,0.11386,1.322545,0.882613,3.893273,1.338672,0.000544,0.006112,3.749765,1.779607,0.953846,10.71642,26.928726,0.35118,1.403483,8057893474,7994369275,10,63.524199,dino,True,9.199015,1.902859,i2-i31-0770,scene-0770,scene-0770:image:10
0.000461,0.001152,0.003084,0.00251,0.001846,1.438267,0.0,,0.426711,0.116416,,0.550142,NVTX inference includes CUDA event synchronization,3125412738692657,0.321666,3.423185,6.546002,1.5352350000000001,8.764925,0.093733,1.428981,0.803132,4.002615,1.213487,0.002944,0.006464,3.667366,1.859002,0.878205,10.540415,26.990243,0.34475,1.39409,8129404204,8065303363,11,64.100841,dino,True,9.086591,1.840821,i2-i31-0770,scene-0770,scene-0770:image:11
0.0,0.0,0.003121,0.002857,0.002348,1.477979,0.0,,0.495198,0.137015,,0.563705,NVTX inference includes CUDA event synchronization,3125412856397118,0.404582,3.522398,7.360318999999999,1.5911709999999992,9.63796,0.101987,1.392208,0.956514,4.635269,1.357969,0.000512,0.006912,3.836755,1.823573,1.027203,10.99279,27.633309,0.382691,1.395415,8247109121,8182206404,12,64.902717,dino,True,10.042542,1.960248,i2-i31-0770,scene-0770,scene-0770:image:12
0.000189,0.0,0.002256,0.00301,0.001767,1.393812,0.0,,0.449067,0.103037,,0.529812,NVTX inference includes CUDA event synchronization,3125412927242079,0.349093,3.429247,6.0301529999999985,1.5233989999999995,8.16401,0.096813,1.248093,0.837533,3.658804,1.141164,0.00064,0.006657,3.948227,1.70711,0.909406,10.548183,26.825894,0.362806,1.34775,8317953778,8254763092,13,63.190686,dino,True,8.513103,1.896631,i2-i31-0770,scene-0770,scene-0770:image:13
0.000361,0.001392,0.002359,0.002701,0.001979,1.492854,0.0,,0.450038,0.112398,,0.541202,NVTX inference includes CUDA event synchronization,3125412998340307,0.354309,3.437741,6.647077,1.5852390000000005,8.898052,0.100364,1.329851,0.899045,4.159769,1.168397,0.002304,0.007392,3.713113,1.772862,0.971205,10.75255,26.813909,0.367162,1.403089,8389051931,8325371856,14,63.680075,dino,True,9.252361,1.915808,i2-i31-0770,scene-0770,scene-0770:image:14
0.0,0.000545,0.002237,0.002943,0.001879,1.445245,0.0,,0.424866,0.114121,,0.555111,NVTX inference includes CUDA event synchronization,3125413068798767,0.314851,3.401901,6.347852000000001,1.5082720000000007,8.579948000000002,0.09779,1.339287,0.809001,3.972657,1.160272,0.000608,0.006912,3.686922,1.79465,0.881801,10.73565,26.642059,0.364613,1.416125,8459510988,8396159937,15,63.351051,dino,True,8.894799,1.537616,i2-i31-0770,scene-0770,scene-0770:image:15
0.0,0.000843,0.002495,0.00243,0.002045,1.494746,0.0,,0.430806,0.118233,,0.553556,NVTX inference includes CUDA event synchronization,3125413166382512,0.330277,3.481626,6.6278749999999995,1.5290850000000002,8.902752,0.095001,1.346637,0.874433,4.225491,1.155501,0.000544,0.006337,3.723413,1.757969,0.944994,10.551785,26.652349,0.347567,1.391496,8557094424,8494295929,16,62.798495,dino,True,9.233029,1.742046,i2-i31-0770,scene-0770,scene-0770:image:16
0.000512,0.000576,0.002249,0.002916,0.001975,1.609387,0.0,,0.455129,0.10441,,0.551685,NVTX inference includes CUDA event synchronization,3125413237445378,0.327043,3.391055,7.116155,1.689947,9.517951,0.093937,1.458189,0.800072,4.034266,1.761415,0.000576,0.006592,3.711543,1.904595,0.871945,10.627608,27.30792,0.342033,1.456415,8628156955,8564258298,17,63.898657,dino,True,9.844994,1.687603,i2-i31-0770,scene-0770,scene-0770:image:17
0.0,0.001088,0.002693,0.002462,0.001982,1.466985,0.0,,0.454804,0.101815,,0.514286,NVTX inference includes CUDA event synchronization,3125413368953650,0.317027,11.291172,6.5841650000000005,1.5559070000000013,8.813253000000001,0.14151,1.308156,1.022091,3.918123,1.177869,0.000512,0.006112,3.947628,1.767875,1.092363,10.734726,26.751742,0.371927,1.456571,8759665189,8696168500,18,63.496689,dino,True,9.13028,2.494966,i2-i31-0770,scene-0770,scene-0770:image:18
0.000464,0.0,0.002743,0.002592,0.001856,1.449308,0.0,,0.390288,0.105692,,0.56135,NVTX inference includes CUDA event synchronization,3125413440351702,0.30826,3.704986,6.509523,1.526122,8.715556,0.105448,1.336321,0.774087,4.107901,1.163633,0.00304,0.007264,3.628748,1.789447,0.851208,10.752126,26.939668,0.336191,1.367084,8831063317,8766906303,19,64.157014,dino,True,9.023816,1.477994,i2-i31-0770,scene-0770,scene-0770:image:19
0.000186,0.000292,0.002184,0.002423,0.002157,1.477203,0.0,,0.424689,0.158779,,0.695574,NVTX inference includes CUDA event synchronization,3125413512892485,0.37943,4.120307,6.8942440000000005,1.8644090000000002,9.278301,0.093276,1.490189,0.784947,4.261599,1.153839,0.002976,0.006496,3.667109,1.947093,0.858388,11.087016,26.798358,0.359899,1.391888,8903604620,8839202206,20,64.402414,dino,True,9.657731,1.725221,i2-i31-0770,scene-0770,scene-0770:image:20
1.5e-05,0.001184,0.002205,0.00326,0.001964,1.483783,0.0,,0.414243,0.108128,,0.557971,NVTX inference includes CUDA event synchronization,3125413583977811,0.340164,3.427093,6.337396999999999,1.5113769999999995,8.569986,0.096764,1.31757,0.812905,3.938812,1.22565,0.000576,0.006496,3.670307,1.773002,0.885354,10.671807,26.909384,0.366969,1.400992,8974689827,8911207157,21,63.48267,dino,True,8.91015,1.742818,i2-i31-0770,scene-0770,scene-0770:image:21
0.0,0.0,0.002376,0.003119,0.001976,1.41001,0.0,,0.419135,0.114916,,0.536193,NVTX inference includes CUDA event synchronization,3125413666372122,0.339235,3.424782,6.260684,1.5197860000000007,8.409174,0.096322,1.308732,0.83319,3.829024,1.154059,0.000576,0.00672,3.646377,1.770273,0.904199,10.722416,26.754245,0.371606,1.345443,9057084349,8993978288,22,63.106061,dino,True,8.748409,1.722016,i2-i31-0770,scene-0770,scene-0770:image:22
0.0,0.000254,0.002336,0.003213,0.002015,1.439037,0.0,,0.402312,0.1124,,0.561083,NVTX inference includes CUDA event synchronization,3125413737125183,0.334436,3.384279,6.487373,1.5078840000000007,8.675587,0.09445,1.350874,0.762112,4.185028,1.100811,0.001728,0.007136,3.646287,1.795232,0.836001,10.855912,26.71356,0.371061,1.39182,9127837872,9064333539,23,63.504333,dino,True,9.010023,1.658514,i2-i31-0770,scene-0770,scene-0770:image:23
0.0,0.00125,0.002207,0.00313,0.001977,1.479146,0.0,,0.433404,0.109622,,0.526186,NVTX inference includes CUDA event synchronization,3125413867561475,0.331941,9.696811,6.593655,1.5287180000000005,8.818636,0.122247,1.336652,0.874554,4.145641,1.135405,0.000512,0.006848,3.901439,1.74789,0.944443,10.49045,26.704842,0.388107,1.447259,9258273378,9195411312,24,62.862066,dino,True,9.150577,3.3518,i2-i31-0770,scene-0770,scene-0770:image:24
0.0,0.0,0.002684,0.002498,0.002305,1.331724,0.0,,0.394072,0.093278,,0.558485,NVTX inference includes CUDA event synchronization,3125414075940865,0.338819,3.362393,5.659631999999999,1.4416269999999995,7.705858999999999,0.091962,1.228078,0.747877,3.447121,1.081453,0.002272,0.004288,3.461696,1.667954,0.820614,10.05025,26.728772,0.341012,1.334881,9466652670,9404112145,27,62.540525,dino,True,8.044678,1.657626,i2-i31-0770,scene-0770,scene-0770:image:27
0.0,0.000238,0.002769,0.002571,0.002206,1.420307,0.0,,0.409605,0.123849,,0.554682,NVTX inference includes CUDA event synchronization,3125414167501939,0.336131,4.366603,6.166708999999999,1.5017379999999996,8.346805,0.098202,1.322518,0.837644,3.764131,1.151631,0.000576,0.006496,3.741407,1.781497,0.908557,10.632411,26.816162,0.351541,1.405596,9558213701,9495146895,28,63.066806,dino,True,8.682936,1.736217,i2-i31-0770,scene-0770,scene-0770:image:28
0.0,0.001696,0.002104,0.002464,0.002176,1.420966,0.0,,0.392568,0.103807,,0.520836,NVTX inference includes CUDA event synchronization,3125414237808724,0.313989,3.395281,6.332753,1.5086320000000004,8.465381,0.105947,1.477864,0.736933,3.801114,1.13928,0.002816,0.006784,3.628908,1.92222,0.810469,10.465762,26.715683,0.370701,1.358605,9628520200,9565170396,29,63.349804,dino,True,8.77937,1.646893,i2-i31-0770,scene-0770,scene-0770:image:29
0.0,0.000311,0.002286,0.002562,0.001875,1.429917,0.0,,0.431263,0.099988,,0.515212,NVTX inference includes CUDA event synchronization,3125414367335673,0.316195,11.794532,6.347771,1.4847929999999998,8.51499,0.116928,1.281057,1.058177,3.766505,1.116237,0.00048,0.007008,3.926557,1.693703,1.128706,10.134978,26.635113,0.35184,1.437005,9758047351,9695485660,30,62.561691,dino,True,8.831185,2.687394,i2-i31-0770,scene-0770,scene-0770:image:30
0.0,0.0,0.002394,0.003126,0.001899,1.390581,0.000576,,0.36288,0.099351,,0.556481,NVTX inference includes CUDA event synchronization,3125414436826159,0.30282,3.369681,5.886779999999999,1.4828759999999992,8.001247999999999,0.08917,1.256137,0.72311,3.646843,1.099148,0.002176,0.004608,3.450755,1.677261,0.795463,10.103203,26.853322,0.326638,1.307862,9827538046,9764773880,31,62.764166,dino,True,8.304068,1.438837,i2-i31-0770,scene-0770,scene-0770:image:31
6.4e-05,0.000793,0.002244,0.002577,0.001865,1.36634,0.0,,0.346914,0.099764,,0.557453,NVTX inference includes CUDA event synchronization,3125414506379114,0.296258,3.40056,5.724679,1.481471,7.8064350000000005,0.095499,1.248562,0.730698,3.457394,1.080269,0.002784,0.006016,3.560859,1.704087,0.802795,10.247777,26.752245,0.329097,1.340289,9897091497,9834492921,32,62.598576,dino,True,8.102693,1.488602,i2-i31-0770,scene-0770,scene-0770:image:32
0.0,0.000608,0.002745,0.002523,0.002334,1.475809,0.0,,0.381804,0.104391,,0.552106,NVTX inference includes CUDA event synchronization,3125414576740300,0.316258,3.362754,6.396642,1.5703380000000005,8.602704000000001,0.091661,1.341103,0.749438,4.065961,1.091501,0.002752,0.006208,3.492561,1.78021,0.821471,10.627095,26.738326,0.369739,1.324146,9967451941,9904079697,33,63.372244,dino,True,8.918962,1.730095,i2-i31-0770,scene-0770,scene-0770:image:33
0.0,0.0,0.002409,0.002615,0.001971,1.42342,0.0,,0.425043,0.100323,,0.548302,NVTX inference includes CUDA event synchronization,3125414666370126,0.323237,3.41653,6.093642000000001,1.4766540000000008,8.274488,0.099284,1.259822,0.876375,3.661607,1.216879,0.00112,0.005984,3.722933,1.718582,0.947415,10.469702,26.780998,0.388127,1.419241,10057081646,9994222181,34,62.859465,dino,True,8.597725,1.73458,i2-i31-0770,scene-0770,scene-0770:image:34
0.000299,0.0,0.002577,0.003175,0.002063,1.45562,0.0,,0.401802,0.121876,,0.539012,NVTX inference includes CUDA event synchronization,3125414738922902,0.31754,3.367042,6.824593999999999,1.536334,9.033478,0.108373,1.297435,0.791349,4.468171,1.14158,0.000544,0.007232,3.743784,1.74669,0.864086,11.151854,26.818685,0.361859,1.387522,10129634592,10065713711,35,63.920881,dino,True,9.351018,3.183508,i2-i31-0770,scene-0770,scene-0770:image:35
0.0,0.0,0.002667,0.002499,0.00199,1.379773,0.0,,0.420906,0.096448,,0.543199,NVTX inference includes CUDA event synchronization,3125414867391356,0.32698,10.53787,5.834200999999999,1.4657599999999995,7.954702999999999,0.102781,1.220389,0.928909,3.450297,1.106667,0.000576,0.006304,3.684034,1.683752,0.999182,10.370219,26.677025,0.354155,1.342083,10258103297,10195493667,36,62.60963,dino,True,8.281683,2.648813,i2-i31-0770,scene-0770,scene-0770:image:36
0.0,0.0,0.002485,0.002821,0.002149,1.373393,0.0,,0.399296,0.096842,,0.546713,NVTX inference includes CUDA event synchronization,3125414937472465,0.308643,3.419055,5.996835,1.5493189999999997,8.111891,0.09139,1.284549,0.750119,3.621625,1.114988,0.002272,0.006272,3.522308,1.730477,0.823272,10.289599,26.714711,0.332509,1.346558,10328184524,10265082429,37,63.102095,dino,True,8.420534,1.466653,i2-i31-0770,scene-0770,scene-0770:image:37
0.0,0.0,0.002897,0.002477,0.001866,1.346498,0.0,,0.391836,0.09402,,0.570201,NVTX inference includes CUDA event synchronization,3125415007286014,0.309637,3.367447,5.738817999999999,1.4533449999999988,7.838975999999999,0.092031,1.24487,0.769556,3.506781,1.074062,0.002784,0.005184,3.515852,1.703693,0.842933,10.386224,26.736271,0.34805,1.313175,10397997512,10335138350,38,62.859162,dino,True,8.148613,1.48102,i2-i31-0770,scene-0770,scene-0770:image:38
0.0,0.0,0.00209,0.002489,0.001976,1.372689,0.0,,0.343629,0.096171,,0.558573,NVTX inference includes CUDA event synchronization,3125415077153070,0.278914,3.418026,5.8517529999999995,1.4771139999999994,7.950455999999999,0.104779,1.245048,0.725179,3.559927,1.109675,0.002624,0.005024,3.58122,1.690976,0.797276,10.21154,26.788531,0.336658,1.380332,10467864686,10404946430,39,62.918256,dino,True,8.22937,1.51032,i2-i31-0770,scene-0770,scene-0770:image:39
0.0,0.0,0.00215,0.002519,0.001927,1.434876,0.0,,0.400623,0.103452,,0.532185,NVTX inference includes CUDA event synchronization,3125415166792171,0.301987,3.466661,6.329865,1.5080729999999996,8.505609999999999,0.100618,1.297968,0.834391,3.893702,1.165133,0.000576,0.007136,3.847277,1.757239,0.905944,10.704915,26.74454,0.359991,1.428255,10557504201,10494375571,40,63.12863,dino,True,8.807597,1.579987,i2-i31-0770,scene-0770,scene-0770:image:40
0.0,0.000544,0.002311,0.002413,0.002092,1.407769,0.0,,0.363734,0.103314,,0.553806,NVTX inference includes CUDA event synchronization,3125415236914662,0.288802,3.42636,6.204962999999999,1.4468429999999994,8.352144,0.094479,1.44771,0.740978,3.768212,1.133708,0.002456,0.00656,3.628062,1.898438,0.813875,10.409184,26.747716,0.372998,1.318535,10627626057,10564435872,41,63.190185,dino,True,8.640946,1.482837,i2-i31-0770,scene-0770,scene-0770:image:41
0.0,0.0,0.002081,0.00259,0.001969,1.435207,0.00156,,0.456088,0.102242,,0.521724,NVTX inference includes CUDA event synchronization,3125415369214904,0.344962,11.410742,6.047854999999999,1.5254469999999998,8.226353999999999,0.123029,1.262813,0.981183,3.50475,1.166926,0.001056,0.006112,3.799637,1.723713,1.051136,10.372663,26.777541,0.366126,1.386942,10759927053,10697002797,42,62.924256,dino,True,8.571316,2.756808,i2-i31-0770,scene-0770,scene-0770:image:42
0.0,0.0,0.002843,0.002465,0.002505,1.41251,0.0,,0.408505,0.105251,,0.542231,NVTX inference includes CUDA event synchronization,3125415439674189,0.330019,3.408909,6.229179,1.525398,8.37547,0.092321,1.343296,0.732615,3.851849,1.150346,0.00272,0.006944,3.605537,1.796903,0.807464,10.559322,26.739268,0.357868,1.351094,10830385892,10766991905,43,63.393987,dino,True,8.705489,1.646657,i2-i31-0770,scene-0770,scene-0770:image:43
0.0,0.000544,0.002159,0.003135,0.001795,1.400617,0.0,,0.404135,0.109076,,0.546109,NVTX inference includes CUDA event synchronization,3125415510575679,0.329956,3.452276,6.055894,1.5149050000000006,8.193508000000001,0.096472,1.282392,0.77412,3.751382,1.096737,0.002912,0.004544,3.559115,1.741727,0.848809,10.63556,26.883476,0.338839,1.342362,10901287768,10837805814,44,63.481954,dino,True,8.523464,1.687775,i2-i31-0770,scene-0770,scene-0770:image:44
0.000405,0.000544,0.002311,0.002449,0.001884,1.371979,0.000647,,0.389109,0.097513,,0.544972,NVTX inference includes CUDA event synchronization,3125415580684180,0.311491,3.417374,5.8598230000000004,1.4682340000000007,7.960145000000001,0.105104,1.239609,0.749406,3.559962,1.140649,0.00288,0.005792,3.642788,1.694847,0.823487,10.237462,26.781903,0.371801,1.391268,10971396123,10908415601,45,62.980522,dino,True,8.271636,1.642353,i2-i31-0770,scene-0770,scene-0770:image:45
0.000128,0.0,0.002093,0.002547,0.002115,1.422305,0.0,,0.409051,0.105392,,0.546046,NVTX inference includes CUDA event synchronization,3125415666619248,0.323653,3.433433,6.437296,1.5443639999999998,8.60332,0.094624,1.352313,0.816092,3.966035,1.144431,0.002176,0.006938,3.60327,1.811456,0.887773,10.778952,26.753793,0.370514,1.343782,11057331214,10994065670,46,63.265544,dino,True,8.926973,1.723615,i2-i31-0770,scene-0770,scene-0770:image:46
0.001005,0.000855,0.002617,0.002772,0.002209,1.428077,0.0,,0.402885,0.103763,,0.570608,NVTX inference includes CUDA event synchronization,3125415738053799,0.325828,3.468026,6.076096999999999,1.5318939999999994,8.26506,0.095385,1.332517,0.772199,3.635007,1.214414,0.001824,0.007648,3.689531,1.784553,0.848871,10.407599,27.110899,0.365002,1.413451,11128765346,11064836833,47,63.928513,dino,True,8.590888,1.702478,i2-i31-0770,scene-0770,scene-0770:image:47
0.0,0.0,0.002753,0.002691,0.00193,1.399114,0.00048,,0.424913,0.106285,,0.532176,NVTX inference includes CUDA event synchronization,3125415866603048,0.327941,9.626723,6.105580999999999,1.4999709999999995,8.247982,0.105291,1.238476,0.907922,3.67625,1.141677,0.001088,0.005248,3.773474,1.699791,0.978611,10.281476,26.792977,0.376081,1.411904,11257314553,11194656058,48,62.658495,dino,True,8.575923,2.449495,i2-i31-0770,scene-0770,scene-0770:image:48
0.0,0.0,0.002232,0.002527,0.001901,1.490325,0.0,,0.392758,0.102709,,0.567466,NVTX inference includes CUDA event synchronization,3125415937305820,0.320482,3.353017,6.346266,1.5188759999999997,8.585702,0.094101,1.35558,0.795093,3.959193,1.173709,0.00224,0.007392,3.648891,1.802208,0.868022,10.604474,26.786352,0.367436,1.377357,11328018406,11264536012,49,63.482394,dino,True,8.906184,1.691283,i2-i31-0770,scene-0770,scene-0770:image:49
0.0,0.0,0.003239,0.002611,0.002577,1.408315,0.0,,0.380532,0.102314,,0.550901,NVTX inference includes CUDA event synchronization,3125416007761349,0.318628,3.45805,6.119725999999999,1.5039429999999996,8.251586999999999,0.101679,1.290276,0.769363,3.797516,1.099982,0.000608,0.006848,3.711153,1.748233,0.842164,10.643761,26.799056,0.361365,1.393821,11398473640,11335181007,50,63.292633,dino,True,8.570215,1.499505,i2-i31-0770,scene-0770,scene-0770:image:50
0.0,0.000337,0.002151,0.002536,0.001926,1.423412,0.0,,0.347043,0.106492,,0.568931,NVTX inference includes CUDA event synchronization,3125416077699606,0.285575,3.413867,5.975916,1.4689699999999997,8.143169,0.114049,1.262429,0.731507,3.753022,1.090351,0.001664,0.006752,3.666049,1.708512,0.804115,10.318517,26.634919,0.370965,1.394605,11468411363,11405529175,51,62.882188,dino,True,8.428744,1.500207,i2-i31-0770,scene-0770,scene-0770:image:51
0.0,0.0,0.00286,0.002423,0.001904,1.392659,0.0,,0.437849,0.105124,,0.52686,NVTX inference includes CUDA event synchronization,3125416166707730,0.346531,3.643217,6.022533,1.4851210000000004,8.145681,0.102097,1.241985,0.856035,3.678896,1.120622,0.000512,0.006944,3.65056,1.703527,0.926468,10.577362,26.75534,0.347356,1.366388,11557419271,11494530314,52,62.888957,dino,True,8.492212,1.735187,i2-i31-0770,scene-0770,scene-0770:image:52
0.0,0.000154,0.002811,0.002571,0.001969,1.418902,0.0,,0.411712,0.102525,,0.567096,NVTX inference includes CUDA event synchronization,3125416237750169,0.334052,3.406671,6.174771,1.5151829999999995,8.348459,0.096845,1.403731,0.748096,3.698545,1.210479,0.002944,0.006688,3.574267,1.852315,0.826593,10.349036,26.991025,0.343958,1.334452,11628461707,11564563907,53,63.8978,dino,True,8.682511,1.645593,i2-i31-0770,scene-0770,scene-0770:image:53
0.0,0.00048,0.002087,0.002574,0.001912,1.483845,0.0,,0.453311,0.102425,,0.539666,NVTX inference includes CUDA event synchronization,3125416367867174,0.330819,10.813967,6.33203,1.5820619999999996,8.587511,0.102594,1.305533,0.934235,3.82327,1.163212,0.000576,0.006848,3.853193,1.754179,1.004251,10.565656,26.777377,0.345117,1.418987,11758578610,11695505356,54,63.073254,dino,True,8.91833,2.63203,i2-i31-0770,scene-0770,scene-0770:image:54
0.0,0.000576,0.002553,0.002531,0.001994,1.416964,0.0,,0.50332,0.104214,,0.53272,NVTX inference includes CUDA event synchronization,3125416438953312,0.315651,3.498168,6.103886000000001,1.4789980000000007,8.353107,0.099029,1.315548,0.763121,3.833424,1.169614,0.001728,0.007296,3.690322,1.773568,0.837906,10.624775,27.053488,0.344922,1.397036,11829665320,11765855424,55,63.809896,dino,True,8.668758,1.683634,i2-i31-0770,scene-0770,scene-0770:image:55
0.0,0.000576,0.002085,0.002457,0.001962,1.442403,0.0,,0.444887,0.102007,,0.543932,NVTX inference includes CUDA event synchronization,3125416511069658,0.351397,3.551656,6.505054999999999,1.612429999999999,8.693966999999999,0.102188,1.277838,0.863369,3.841949,1.33863,0.00192,0.00704,3.694777,1.71874,0.938442,10.422939,27.306416,0.399204,1.373689,11901781356,11837441274,56,64.340082,dino,True,9.045364,1.636083,i2-i31-0770,scene-0770,scene-0770:image:56
0.000153,0.000512,0.002745,0.002537,0.00211,1.344448,0.0,,0.403192,0.098025,,0.540075,NVTX inference includes CUDA event synchronization,3125416580407064,0.315715,3.33965,5.640161999999999,1.4092389999999995,7.718243999999999,0.107207,1.219357,0.84928,3.366786,1.074666,0.000608,0.006816,4.37589,1.677026,0.921697,10.095506,26.7065,0.39869,1.727074,11971118391,11908492192,57,62.626199,dino,True,8.033959,1.469862,i2-i31-0770,scene-0770,scene-0770:image:57
0.0,0.0,0.002759,0.002505,0.001817,1.370401,0.0,,0.393894,0.103987,,0.537075,NVTX inference includes CUDA event synchronization,3125416734566087,0.308132,3.338913,5.84451,1.4234669999999996,7.948816,0.106758,1.256514,0.836978,3.573634,1.051725,0.000544,0.007328,4.333951,1.705093,0.907475,10.320388,26.682087,0.406438,1.700793,12125277991,12062689348,59,62.588643,dino,True,8.256948,1.43001,i2-i31-0770,scene-0770,scene-0770:image:59
0.0,0.0,0.00233,0.002531,0.001871,1.355136,0.0,,0.447305,0.102229,,0.534932,NVTX inference includes CUDA event synchronization,3125416868534166,0.346371,11.793578,5.810786,1.4549380000000003,7.910749000000001,0.114868,1.225914,1.041953,3.317771,1.094348,0.00048,0.006848,3.951568,1.684768,1.111969,10.157872,26.661399,0.359257,1.364375,12259245748,12196618369,60,62.627379,dino,True,8.25712,3.079996,i2-i31-0770,scene-0770,scene-0770:image:60
0.0,0.0,0.002234,0.003123,0.001975,1.356165,0.0,,0.37219,0.097888,,0.565693,NVTX inference includes CUDA event synchronization,3125416938473528,0.306659,3.385206,5.73506,1.4536420000000003,7.827669,0.098206,1.24772,0.706566,3.50614,1.112974,0.0048,0.00428,3.425565,1.701262,0.784487,10.168856,26.982337,0.327463,1.296924,12329185525,12265818240,61,63.367285,dino,True,8.134328,1.244797,i2-i31-0770,scene-0770,scene-0770:image:61
0.00042,0.000576,0.00203,0.002459,0.001814,1.340227,0.0,,0.337006,0.091773,,0.550287,NVTX inference includes CUDA event synchronization,3125417007829324,0.288483,3.380735,5.603379,1.4377969999999998,7.641488,0.099244,1.210041,0.719214,3.402574,1.054061,0.002368,0.004672,3.525991,1.666238,0.794799,10.222996,26.68683,0.343339,1.318241,12398541207,12335871180,62,62.670027,dino,True,7.929971,1.319929,i2-i31-0770,scene-0770,scene-0770:image:62
0.0,0.0,0.002549,0.002498,0.001924,1.382102,0.0,,0.395544,0.098336,,0.543103,NVTX inference includes CUDA event synchronization,3125417077519466,0.309282,3.342784,5.870019,1.4433620000000005,7.9867930000000005,0.105609,1.255877,0.838452,3.606525,1.038762,0.000544,0.006944,4.426093,1.70337,0.910293,10.245262,26.678997,0.412364,1.729896,12468230982,12405259233,63,62.971749,dino,True,8.296075,1.45221,i2-i31-0770,scene-0770,scene-0770:image:63
0.0,0.000346,0.002619,0.002448,0.001978,1.36201,0.0,,0.425749,0.094003,,0.532705,NVTX inference includes CUDA event synchronization,3125417166673178,0.312579,3.911849,5.7397860000000005,1.444103000000001,7.849065,0.110524,1.200762,0.937256,3.397372,1.062219,0.001152,0.008256,4.570153,1.662013,1.007592,10.286394,26.754039,0.422187,1.792272,12557384845,12494702162,64,62.682683,dino,True,8.161644,1.581548,i2-i31-0770,scene-0770,scene-0770:image:64
0.000512,0.0,0.002272,0.002602,0.002108,1.353263,0.0,,0.389649,0.101516,,0.557416,NVTX inference includes CUDA event synchronization,3125417236341245,0.305284,3.331028,5.906591000000001,1.4237360000000008,8.010645,0.101821,1.399944,0.828694,3.48649,1.067276,0.000544,0.007424,4.346477,1.853422,0.90127,10.142751,26.726787,0.403777,1.698488,12627052860,12564111722,65,62.941138,dino,True,8.315929,1.428573,i2-i31-0770,scene-0770,scene-0770:image:65
0.0,0.000576,0.002545,0.003106,0.001829,1.446215,0.0,,0.427968,0.10659,,0.543059,NVTX inference includes CUDA event synchronization,3125417359877843,0.322725,3.624157,6.462323,1.5698020000000001,8.671486,0.110497,1.26986,0.991257,3.960271,1.086156,0.000512,0.005856,4.09163,1.688171,1.061146,10.300964,26.760252,0.369597,1.436874,12750589975,12687588001,66,63.001974,dino,True,8.994211,6.052791,i2-i31-0770,scene-0770,scene-0770:image:66
0.000576,0.0,0.002272,0.002484,0.001881,1.345241,0.0,,0.430355,0.095304,,0.53068,NVTX inference includes CUDA event synchronization,3125417429648376,0.316707,3.360633,5.611752999999999,1.4431909999999997,7.703838999999999,0.104063,1.232979,0.864499,3.295869,1.071977,0.000512,0.007456,4.398958,1.695992,0.935283,10.235735,26.719472,0.406006,1.71734,12820360337,12757731416,67,62.628921,dino,True,8.020546,1.754372,i2-i31-0770,scene-0770,scene-0770:image:67
0.0,0.0,0.002629,0.002784,0.002071,1.356364,0.000537,,0.415416,0.100151,,0.550492,NVTX inference includes CUDA event synchronization,3125417499954782,0.313827,3.418085,5.903517000000001,1.4489390000000002,8.020134,0.10735,1.234679,0.91188,3.566107,1.055693,0.001216,0.008097,4.502517,1.692829,0.984553,10.274986,26.824042,0.42091,1.735005,12890666353,12827561107,68,63.105246,dino,True,8.333961,1.724221,i2-i31-0770,scene-0770,scene-0770:image:68
0.0,0.0,0.002297,0.002643,0.001962,1.34525,0.0,,0.396516,0.097448,,0.539427,NVTX inference includes CUDA event synchronization,3125417569928836,0.304867,3.37187,5.736383,1.4428450000000002,7.817059,0.106905,1.23672,0.843382,3.442141,1.043117,0.000576,0.00624,4.361085,1.693238,0.917399,10.254232,26.716616,0.403078,1.702555,12960640315,12897770360,69,62.869955,dino,True,8.121926,1.678137,i2-i31-0770,scene-0770,scene-0770:image:69
0.0,0.000112,0.002353,0.002487,0.002276,1.422137,0.0,,0.41936,0.106448,,0.519865,NVTX inference includes CUDA event synchronization,3125417669793143,0.311044,5.858947,6.2918199999999995,1.4576729999999989,8.455813999999998,0.107544,1.361439,0.940868,3.782586,1.107724,0.001024,0.008,4.477564,1.774309,1.010821,10.173241,26.723174,0.412928,1.737498,13060505536,12997860671,70,62.644865,dino,True,8.766858,1.999762,i2-i31-0770,scene-0770,scene-0770:image:70
0.0,0.0,0.002226,0.002484,0.001878,1.386504,0.000512,,0.390687,0.104457,,0.529324,NVTX inference includes CUDA event synchronization,3125417739869350,0.304516,3.375419,5.888562,1.430861000000001,8.002118000000001,0.104652,1.247449,0.847029,3.60332,1.065099,0.00112,0.007104,4.416516,1.705791,0.917397,10.360433,26.807765,0.407663,1.74342,13130580922,13067793465,71,62.787457,dino,True,8.306634,1.703428,i2-i31-0770,scene-0770,scene-0770:image:71
0.0,0.0,0.002398,0.002553,0.001937,1.444543,0.0,,0.42038,0.102086,,0.546256,NVTX inference includes CUDA event synchronization,3125417869421769,0.300515,12.121024,6.612297,1.602265,8.831935,0.126526,1.363555,0.995202,3.829656,1.207789,0.00048,0.006977,3.949123,1.824776,1.065506,10.692392,26.856634,0.375801,1.437153,13260134026,13196550325,72,63.583701,dino,True,9.13245,2.625782,i2-i31-0770,scene-0770,scene-0770:image:72
0.0,0.0,0.003162,0.002557,0.00207,1.417138,0.0,,0.369233,0.105706,,0.5422,NVTX inference includes CUDA event synchronization,3125417940302343,0.285187,3.41821,6.373901999999999,1.5164900000000001,8.530781,0.118918,1.338647,0.751362,3.884936,1.198863,0.000576,0.006176,3.737104,1.798105,0.825443,10.623327,26.940082,0.354104,1.405308,13331013930,13267347856,73,63.666074,dino,True,8.815968,1.524827,i2-i31-0770,scene-0770,scene-0770:image:73
0.0,0.000576,0.002969,0.002586,0.001888,1.393576,0.0,,0.349476,0.10109,,0.561946,NVTX inference includes CUDA event synchronization,3125418010766417,0.283459,3.416024,6.028766000000001,1.5116630000000004,8.159414,0.092914,1.221491,0.70839,3.751026,1.150061,0.00512,0.002208,3.418259,1.67468,0.784263,10.559901,26.984911,0.324935,1.304374,13401478039,13338015044,74,63.462995,dino,True,8.442873,1.460373,i2-i31-0770,scene-0770,scene-0770:image:74
0.0,0.0,0.002812,0.002608,0.001911,1.399136,0.0,,0.407733,0.097369,,0.532632,NVTX inference includes CUDA event synchronization,3125418083656229,0.30842,3.401783,6.017346,1.4935549999999997,8.153127,0.098991,1.225262,0.822754,3.710314,1.104878,0.000576,0.005217,3.780927,1.680785,0.895042,10.441543,26.809371,0.358862,1.351283,13474368243,13411284829,75,63.083414,dino,True,8.461547,4.3581,i2-i31-0770,scene-0770,scene-0770:image:75
0.00037,0.000576,0.002984,0.002546,0.001963,1.359894,0.0,,0.387771,0.097345,,0.540455,NVTX inference includes CUDA event synchronization,3125418165876829,0.3081,3.440713,5.963117,1.513579,8.048921,0.097149,1.22823,0.820432,3.56307,1.127982,0.000723,0.005856,3.648612,1.690478,0.892208,10.451448,26.766222,0.360729,1.418957,13556588340,13493815553,76,62.772787,dino,True,8.357021,1.571727,i2-i31-0770,scene-0770,scene-0770:image:76
0.0,0.00112,0.00241,0.003053,0.002047,1.484918,0.0,,0.359705,0.120693,,0.569818,NVTX inference includes CUDA event synchronization,3125418236451783,0.283557,3.350514,6.595378,1.5174969999999997,8.855585,0.097774,1.378073,0.714163,4.086404,1.335631,0.002752,0.006848,3.580663,1.829535,0.787348,10.719198,27.009744,0.381608,1.353809,13627164424,13563403248,77,63.761176,dino,True,9.139142,1.486234,i2-i31-0770,scene-0770,scene-0770:image:77
0.000266,0.0,0.003229,0.00269,0.002044,1.447222,0.0,,0.424779,0.101593,,0.539626,NVTX inference includes CUDA event synchronization,3125418354284180,0.308034,3.836445,6.280142,1.4965229999999998,8.493557000000001,0.101531,1.320888,0.889456,3.801884,1.184333,0.000576,0.0064,3.879046,1.761822,0.959985,10.416871,26.864614,0.391859,1.450976,13744995920,13681939143,78,63.056777,dino,True,8.801591,1.817271,i2-i31-0770,scene-0770,scene-0770:image:78
0.0,0.000326,0.002511,0.003072,0.001963,1.437998,4e-06,,0.426853,0.103416,,0.537867,NVTX inference includes CUDA event synchronization,3125418425442158,0.334819,3.440522,6.255028,1.5527120000000005,8.434219,0.094164,1.307005,0.815865,3.842321,1.146827,0.002752,0.007392,3.636635,1.76685,0.889529,10.712256,26.804852,0.338841,1.432051,13816154519,13752570319,79,63.5842,dino,True,8.769038,1.897775,i2-i31-0770,scene-0770,scene-0770:image:79
0.0,0.0,0.002488,0.002813,0.00191,1.500362,0.0,,0.459429,0.113286,,0.577891,NVTX inference includes CUDA event synchronization,3125418496355530,0.343939,3.389687,6.648154,1.5319260000000003,8.962394,0.09533,1.408691,0.865671,4.253021,1.142606,0.002336,0.006752,3.592393,1.824855,0.938056,10.66138,26.795868,0.344537,1.350369,13887068168,13823440610,80,63.627558,dino,True,9.306333,1.664867,i2-i31-0770,scene-0770,scene-0770:image:80
0.0,0.0,0.002232,0.002471,0.001962,1.373575,0.0,,0.405595,0.098517,,0.948656,NVTX inference includes CUDA event synchronization,3125418567743551,0.314243,3.532685,6.019686,1.8658139999999994,8.538451,0.104026,1.229341,0.952,3.581019,1.114094,0.000544,0.005856,3.714537,1.690882,1.018144,10.477229,26.712281,0.355319,1.325129,13958455518,13894748494,81,63.707024,dino,True,8.852694,1.714846,i2-i31-0770,scene-0770,scene-0770:image:81
0.0,0.0,0.002485,0.002695,0.00198,1.438014,1.6e-05,,0.40117,0.107943,,0.569767,NVTX inference includes CUDA event synchronization,3125418667037213,0.30919,3.51395,6.536206999999999,1.5629669999999996,8.751087,0.09899,1.346266,0.858083,4.020068,1.166703,0.001088,0.006112,3.741331,1.810623,0.930084,10.701332,26.90048,0.361279,1.409845,14057750266,13994218993,82,63.531273,dino,True,9.060277,1.70575,i2-i31-0770,scene-0770,scene-0770:image:82
0.0,0.000512,0.002402,0.00259,0.00198,1.429598,0.0,,0.39365,0.106176,,0.552281,NVTX inference includes CUDA event synchronization,3125418738334414,0.308034,3.518864,6.260003000000001,1.499848000000001,8.441158000000001,0.105756,1.271278,0.847042,3.790116,1.227856,0.000512,0.006784,3.737602,1.722517,0.919651,10.442051,27.002309,0.353301,1.471426,14129046193,14065494216,83,63.551977,dino,True,8.749192,1.7522,i2-i31-0770,scene-0770,scene-0770:image:83
0.0,0.000544,0.002634,0.00252,0.001964,1.429312,0.0,,0.45243,0.103233,,0.532004,NVTX inference includes CUDA event synchronization,3125418853360965,0.361414,3.414641,6.307182,1.5300599999999998,8.470409,0.115239,1.360322,0.98077,3.752428,1.084492,0.0016,0.006912,4.576826,1.798917,1.050946,10.370669,26.814128,0.428595,1.782312,14244073652,14181057456,84,63.016196,dino,True,8.831823,1.833758,i2-i31-0770,scene-0770,scene-0770:image:84
0.0,0.000576,0.002051,0.003163,0.002655,1.425569,0.00064,,0.430967,0.101356,,0.55427,NVTX inference includes CUDA event synchronization,3125418924217371,0.32522,3.432264,6.357221,1.5384989999999998,8.553248,0.108668,1.311803,0.902332,3.874081,1.133997,0.001184,0.007904,4.476809,1.73245,0.974365,10.360399,26.759061,0.426026,1.763794,14314929134,14251787759,85,63.141375,dino,True,8.878468,1.720148,i2-i31-0770,scene-0770,scene-0770:image:85
0.0,0.000544,0.002747,0.002828,0.002104,1.416169,0.000576,,0.430318,0.100866,,0.518633,NVTX inference includes CUDA event synchronization,3125418994751041,0.312418,3.341636,6.409795,1.5598619999999999,8.572162,0.106684,1.307672,0.877434,3.917045,1.106539,0.001088,0.008256,4.52443,1.755581,0.949243,10.584176,26.961226,0.434189,1.773388,14385463395,14322139359,86,63.324036,dino,True,8.88458,1.701564,i2-i31-0770,scene-0770,scene-0770:image:86
0.0,0.000544,0.002093,0.003048,0.002066,1.362085,0.0,,0.503129,0.097862,,0.537378,NVTX inference includes CUDA event synchronization,3125419068843177,0.365316,5.159925,5.8963540000000005,1.515715000000001,8.039243,0.1145,1.244889,1.044356,3.350046,1.122189,0.003488,0.009376,4.708723,1.705727,1.117636,10.216227,26.741009,0.457163,1.856453,14459555698,14396450986,87,63.104712,dino,True,8.404559,1.909754,i2-i31-0770,scene-0770,scene-0770:image:87
0.0,0.0,0.002502,0.002555,0.002356,1.423475,0.0,,0.549048,0.094226,,0.528258,NVTX inference includes CUDA event synchronization,3125419171368049,0.382404,6.545318,6.225560999999999,1.5150469999999991,8.445577,0.138713,1.265051,1.160268,3.451351,1.287471,0.001088,0.008992,5.300651,1.713472,1.230828,10.203887,26.956362,0.52484,2.015044,14562079558,14498843390,88,63.236168,dino,True,8.827981,2.16319,i2-i31-0770,scene-0770,scene-0770:image:88
0.0,0.000477,0.002234,0.002612,0.001864,1.366047,0.0,,0.462332,0.097583,,0.592816,NVTX inference includes CUDA event synchronization,3125419242917474,0.347747,3.388681,5.922822,1.4795869999999995,8.10104,0.12249,1.320364,1.06561,3.362707,1.089869,0.003552,0.004608,4.659092,1.785394,1.134635,10.223922,26.774707,0.443024,1.832917,14633629363,14569375349,89,64.254014,dino,True,8.448787,1.800575,i2-i31-0770,scene-0770,scene-0770:image:89
0.0,0.0,0.002355,0.00271,0.001854,1.393911,0.000544,,0.48664,0.100075,,0.524855,NVTX inference includes CUDA event synchronization,3125419366066477,0.346147,10.7948,6.108156999999999,1.4973009999999993,8.274954,0.12534,1.223593,1.170284,3.493784,1.100335,0.003424,0.00704,4.748475,1.687501,1.241484,10.225482,26.792766,0.441102,1.818498,14756778270,14693887065,90,62.891205,dino,True,8.621101,2.85242,i2-i31-0770,scene-0770,scene-0770:image:90
0.0,0.000544,0.002164,0.002867,0.001943,1.384406,0.0,,0.398486,0.101308,,0.535958,NVTX inference includes CUDA event synchronization,3125419436228709,0.307266,3.329105,6.040744999999999,1.4738549999999995,8.161154999999999,0.104991,1.282382,0.850481,3.676791,1.071342,0.000576,0.008003,4.350899,1.732659,0.924082,10.391706,26.818581,0.40843,1.714523,14826941113,14763708280,91,63.232833,dino,True,8.468421,1.682362,i2-i31-0770,scene-0770,scene-0770:image:91
0.000731,0.000576,0.00234,0.002747,0.001985,1.373377,0.000476,,0.420098,0.096756,,0.530945,NVTX inference includes CUDA event synchronization,3125419506617228,0.320069,3.405433,5.905676,1.520783999999999,8.015638,0.111299,1.234106,0.910787,3.484415,1.064844,0.001216,0.008256,4.537943,1.692222,0.983939,10.311297,26.889404,0.427841,1.752992,14897329022,14834236774,92,63.092248,dino,True,8.335707,1.726606,i2-i31-0770,scene-0770,scene-0770:image:92
0.0,0.000544,0.002228,0.002421,0.002068,1.367291,0.0,,0.41515,0.096794,,0.524943,NVTX inference includes CUDA event synchronization,3125419576653984,0.31722,3.352003,5.822486,1.4341299999999997,7.916704999999999,0.104628,1.243906,0.867617,3.496017,1.080075,0.000544,0.007008,4.412721,1.694214,0.939266,10.112751,26.935122,0.416391,1.750493,14967366001,14904311877,93,63.054124,dino,True,8.233925,1.669439,i2-i31-0770,scene-0770,scene-0770:image:93
0.0,0.0,0.002703,0.002485,0.001994,1.358367,0.0,,0.423105,0.101019,,0.530256,NVTX inference includes CUDA event synchronization,3125419666998530,0.320706,3.960808,5.823974,1.4584159999999997,7.923196999999999,0.111407,1.226325,0.940762,3.413318,1.084843,0.001088,0.007744,4.463848,1.685722,1.012092,10.258804,26.787667,0.411486,1.753481,15057710366,14994965277,94,62.745089,dino,True,8.243903,1.771577,i2-i31-0770,scene-0770,scene-0770:image:94
0.0,0.0,0.00261,0.002477,0.002007,1.386123,0.0,,0.394114,0.105609,,0.541331,NVTX inference includes CUDA event synchronization,3125419737766173,0.306818,3.360308,5.992169,1.4554859999999996,8.119622,0.106827,1.267781,0.840084,3.703708,1.043562,0.000544,0.008448,4.388258,1.717353,0.914933,10.374752,26.824638,0.405382,1.713043,15128478031,15064834052,95,63.643979,dino,True,8.42644,1.687559,i2-i31-0770,scene-0770,scene-0770:image:95
0.0,0.0,0.002906,0.002563,0.002455,1.396371,0.0,,0.478571,0.100682,,0.522648,NVTX inference includes CUDA event synchronization,3125419866331518,0.328452,10.49609,6.212013,1.5031559999999997,8.389757,0.131441,1.26537,1.266135,3.508508,1.032719,0.004608,0.006272,4.832165,1.71683,1.336152,10.294907,26.689514,0.441522,1.789573,15257043253,15194055072,96,62.988181,dino,True,8.718209,2.664354,i2-i31-0770,scene-0770,scene-0770:image:96
0.0,0.0,0.002646,0.002632,0.002403,1.372698,0.0,,0.408103,0.099352,,0.554862,NVTX inference includes CUDA event synchronization,3125419936987052,0.309282,3.346931,5.890554,1.4736569999999993,8.023968,0.10792,1.27348,0.870214,3.495265,1.103882,0.000576,0.008256,4.407934,1.728013,0.944582,10.300534,27.011636,0.407305,1.731891,15327698675,15264033191,97,63.665484,dino,True,8.33325,1.492279,i2-i31-0770,scene-0770,scene-0770:image:97
0.000505,0.000608,0.002253,0.002604,0.001905,1.374005,0.0,,0.40029,0.099376,,0.556474,NVTX inference includes CUDA event synchronization,3125420007300940,0.315268,3.41056,5.964409,1.4627249999999998,8.087161,0.106141,1.256803,0.871837,3.634928,1.061803,0.00064,0.007552,4.391968,1.714855,0.94643,10.501051,26.82067,0.404193,1.709582,15398013258,15334651785,98,63.361473,dino,True,8.402429,1.468943,i2-i31-0770,scene-0770,scene-0770:image:98
0.0,0.0,0.002389,0.00255,0.00192,1.370762,0.0,,0.395612,0.096185,,0.554216,NVTX inference includes CUDA event synchronization,3125420077419568,0.305571,3.378312,5.944171000000001,1.4706150000000004,8.062234,0.104967,1.277941,0.853881,3.5921,1.061421,0.000576,0.006304,4.42301,1.72825,0.926489,10.243122,26.78183,0.415864,1.749931,15468131783,15404979019,99,63.152764,dino,True,8.367805,1.46747,i2-i31-0770,scene-0770,scene-0770:image:99
0.0,0.0,0.002861,0.002557,0.00235,1.348836,0.0,,0.418893,0.097257,,0.542094,NVTX inference includes CUDA event synchronization,3125420166734251,0.319396,3.799,5.833115,1.454892,7.928567,0.109575,1.222933,0.938987,3.458587,1.054157,0.000576,0.008256,4.523279,1.682492,1.009515,10.312766,26.784909,0.424274,1.767484,15557445922,15494652372,100,62.79355,dino,True,8.247963,1.577102,i2-i31-0770,scene-0770,scene-0770:image:100
0.0,0.0,0.002258,0.002527,0.001851,1.389495,0.0,,0.400183,0.105555,,0.540896,NVTX inference includes CUDA event synchronization,3125420236819945,0.306756,3.355107,6.017057000000001,1.4345110000000005,8.153066,0.104702,1.382564,0.862634,3.573605,1.093934,0.000544,0.007328,4.42267,1.834633,0.934379,10.259058,26.800378,0.40318,1.735366,15627531716,15564314298,101,63.217418,dino,True,8.459822,1.459318,i2-i31-0770,scene-0770,scene-0770:image:101
0.0,0.000608,0.002813,0.002507,0.001881,1.384196,0.000608,,0.464721,0.095106,,0.540931,NVTX inference includes CUDA event synchronization,3125420368650447,0.336035,11.980704,6.066612000000001,1.489269000000001,8.223948,0.124457,1.225862,1.171792,3.451216,1.087275,0.003104,0.007008,4.732258,1.689355,1.24117,10.355837,26.752674,0.42728,1.771168,15759365294,15696166209,102,63.199085,dino,True,8.559983,2.801786,i2-i31-0770,scene-0770,scene-0770:image:102
0.0,0.000576,0.002943,0.002513,0.002219,1.367402,0.0,,0.405831,0.098861,,0.57394,NVTX inference includes CUDA event synchronization,3125420439237854,0.313858,3.354659,5.888354,1.4587789999999998,8.028781,0.10524,1.245067,0.867841,3.558882,1.099758,0.00064,0.006432,4.395589,1.704655,0.945506,10.379857,26.877911,0.404272,1.70976,15829949769,15766181819,103,63.76795,dino,True,8.342639,1.45965,i2-i31-0770,scene-0770,scene-0770:image:103
0.0,0.0,0.002721,0.002541,0.001872,1.356445,0.0,,0.418308,0.098835,,0.556253,NVTX inference includes CUDA event synchronization,3125420509475663,0.320868,3.463484,5.851467999999999,1.4649209999999995,7.967574999999999,0.105486,1.253338,0.87952,3.512973,1.063917,0.000576,0.007712,4.411052,1.70803,0.954881,10.319376,26.800878,0.423519,1.721258,15900187841,15837058250,104,63.129591,dino,True,8.288443,1.47754,i2-i31-0770,scene-0770,scene-0770:image:104
0.0,0.0,0.002314,0.002548,0.001852,1.432242,0.0,,0.428246,0.097094,,0.542444,NVTX inference includes CUDA event synchronization,3125420579563550,0.328356,3.40982,6.131447999999999,1.480505,8.309832,0.108708,1.262949,0.907702,3.759654,1.110094,0.000576,0.008,4.473741,1.686413,0.980471,10.238474,26.820334,0.415626,1.724863,15970275837,15907120556,105,63.155281,dino,True,8.638188,1.465005,i2-i31-0770,scene-0770,scene-0770:image:105
0.0,0.0,0.002536,0.002476,0.00191,1.382538,0.0,,0.415342,0.097551,,0.554035,NVTX inference includes CUDA event synchronization,3125420666490567,0.317604,3.498631,5.922898,1.4626020000000004,8.061682000000001,0.110073,1.235964,0.925665,3.544616,1.090574,0.001152,0.00864,4.502528,1.696385,0.996674,10.426906,26.811426,0.419162,1.730329,16057202107,15994181219,106,63.020888,dino,True,8.379286,1.58957,i2-i31-0770,scene-0770,scene-0770:image:106
0.000512,0.0,0.002721,0.00233,0.00198,1.393769,0.000512,,0.394527,0.110554,,0.548114,NVTX inference includes CUDA event synchronization,3125420737061281,0.304068,3.344884,6.070093,1.4584489999999999,8.221044,0.105451,1.278678,0.847219,3.75783,1.068301,0.001216,0.007968,4.46263,1.731067,0.91986,10.471294,26.753924,0.410369,1.74199,16127772745,16064476213,107,63.296532,dino,True,8.525112,1.773613,i2-i31-0770,scene-0770,scene-0770:image:107
0.0,0.000959,0.002156,0.002735,0.001934,1.397138,0.0,,0.440533,0.098742,,0.519144,NVTX inference includes CUDA event synchronization,3125420867743642,0.314886,9.587998,6.351753,1.4853079999999999,8.500208,0.118112,1.27858,1.09911,3.76629,1.057997,0.003296,0.006401,4.622359,1.689943,1.170374,10.128375,26.625926,0.423803,1.785702,16258455398,16195812664,108,62.642734,dino,True,8.815094,3.805183,i2-i31-0770,scene-0770,scene-0770:image:108
0.0,0.0,0.002611,0.002577,0.001937,1.372286,0.0,,0.403914,0.106242,,0.544098,NVTX inference includes CUDA event synchronization,3125420937671784,0.308259,3.345937,5.931274,1.474412,8.05668,0.104986,1.282109,0.866111,3.545052,1.084237,0.00096,0.007072,4.411875,1.735554,0.936415,10.274232,26.791097,0.411018,1.732234,16328383739,16265537835,109,62.845904,dino,True,8.364939,1.6799,i2-i31-0770,scene-0770,scene-0770:image:109
0.0,0.0,0.002337,0.002576,0.001947,1.3689,0.0,,0.399517,0.094802,,0.567476,NVTX inference includes CUDA event synchronization,3125421007842604,0.315139,3.385628,5.770219000000001,1.4415150000000008,7.892635,0.103116,1.228107,0.839314,3.552288,1.035338,0.000576,0.00752,4.400382,1.683918,0.914451,10.368041,26.760559,0.404833,1.72169,16398554854,16335542685,110,63.012169,dino,True,8.207774,1.658773,i2-i31-0770,scene-0770,scene-0770:image:110
0.0,0.000576,0.002868,0.002532,0.001901,1.393747,0.0,,0.402006,0.096309,,0.552603,NVTX inference includes CUDA event synchronization,3125421078093820,0.311654,3.376387,5.955474999999999,1.4797249999999993,8.096362999999998,0.111424,1.261773,0.860697,3.622033,1.063788,0.000608,0.007969,4.440356,1.718162,0.932634,10.248976,26.864255,0.407166,1.72747,16468805753,16405632328,111,63.173425,dino,True,8.408017,1.675181,i2-i31-0770,scene-0770,scene-0770:image:111
0.0,0.0,0.002373,0.00256,0.001942,1.37748,0.00112,,0.416482,0.103593,,0.551751,NVTX inference includes CUDA event synchronization,3125421166522247,0.318083,3.540241,5.830639000000001,1.4514070000000006,7.969857000000001,0.108313,1.242871,0.922604,3.451439,1.102538,0.000512,0.008256,4.540907,1.702045,0.994829,10.32477,26.829015,0.421013,1.774958,16557233873,16494376496,112,62.857377,dino,True,8.28794,1.754161,i2-i31-0770,scene-0770,scene-0770:image:112
0.0,0.0,0.003068,0.002479,0.002064,1.328121,0.0,,0.404843,0.098847,,0.530162,NVTX inference includes CUDA event synchronization,3125421236751958,0.304771,3.393237,5.9240379999999995,1.431671999999999,7.9888509999999995,0.104534,1.3637,0.855953,3.460791,1.068908,0.000544,0.00752,4.397017,1.81638,0.92821,10.158064,26.811845,0.415467,1.715474,16627463988,16564354163,113,63.109825,dino,True,8.293622,1.694994,i2-i31-0770,scene-0770,scene-0770:image:113
0.0,0.001265,0.002441,0.002536,0.001912,1.420426,0.000512,,0.478417,0.098094,,0.543659,NVTX inference includes CUDA event synchronization,3125421370065211,0.338338,12.115254,6.250542999999999,1.5189749999999993,8.461466999999999,0.118682,1.239534,1.174979,3.556582,1.181005,0.003424,0.006624,4.644797,1.69234,1.246243,10.340399,26.83328,0.428718,1.777628,16760776928,16697477605,114,63.299323,dino,True,8.799805,3.116756,i2-i31-0770,scene-0770,scene-0770:image:114
0.0,0.00064,0.002618,0.002573,0.001957,1.388217,0.0,,0.404102,0.101654,,0.542759,NVTX inference includes CUDA event synchronization,3125421440234361,0.312677,3.343056,6.075157,1.4519760000000002,8.206999999999999,0.104034,1.322684,0.847429,3.710308,1.075246,0.000576,0.007424,4.425872,1.746143,0.921382,10.199944,26.842138,0.406709,1.741487,16830945984,16767862114,115,63.08387,dino,True,8.519677,1.697095,i2-i31-0770,scene-0770,scene-0770:image:115
0.0,0.000404,0.002328,0.003116,0.001842,1.360398,0.0004,,0.41059,0.098837,,0.537341,NVTX inference includes CUDA event synchronization,3125421510628810,0.318018,3.42595,5.866619,1.4441169999999994,7.963856999999999,0.107528,1.235566,0.8941,3.5458,1.046156,0.000576,0.008032,4.462294,1.687284,0.96607,10.369004,26.813439,0.421194,1.735859,16901340642,16838312578,116,63.028064,dino,True,8.281875,1.695961,i2-i31-0770,scene-0770,scene-0770:image:116
0.0,0.000608,0.003061,0.003538,0.002459,1.534432,0.0,,0.409068,0.100499,,0.54347,NVTX inference includes CUDA event synchronization,3125421584047723,0.31373,3.368898,6.051101000000001,1.653512000000001,8.334506000000001,0.10469,1.282963,0.869849,3.67151,1.057168,0.000544,0.008,4.382498,1.740665,0.943993,10.530979,26.851931,0.412596,1.7333,16974761435,16911119881,117,63.641554,dino,True,8.648236,4.338396,i2-i31-0770,scene-0770,scene-0770:image:117
0.0,0.0,0.002797,0.002478,0.00191,1.463035,5.3e-05,,0.502452,0.097996,,0.555686,NVTX inference includes CUDA event synchronization,3125421669063764,0.348994,3.995529,6.552996,1.5563000000000002,8.830409000000001,0.124558,1.296477,1.090111,3.78271,1.317183,0.004832,0.007232,4.831759,1.712159,1.161631,10.178638,26.965081,0.4619,1.845506,17059775530,16996615149,118,63.160381,dino,True,9.179403,2.015588,i2-i31-0770,scene-0770,scene-0770:image:118
0.000392,0.0,0.002249,0.003,0.002028,1.396753,0.0,,0.407659,0.105917,,0.548677,NVTX inference includes CUDA event synchronization,3125421739059795,0.310563,3.322906,5.993468,1.443117,8.14958,0.107058,1.246419,0.885156,3.71086,1.059308,0.00112,0.007105,4.446202,1.705018,0.9577,10.319194,26.814525,0.413403,1.727488,17129772005,17066622708,119,63.149297,dino,True,8.460143,1.486567,i2-i31-0770,scene-0770,scene-0770:image:119
0.0,0.0,0.00217,0.002842,0.001952,1.386719,0.0,,0.457911,0.095254,,0.54625,NVTX inference includes CUDA event synchronization,3125421869410707,0.331331,11.866136,5.969021,1.4895399999999999,8.130787999999999,0.126726,1.252152,1.187339,3.332428,1.06267,0.003264,0.008,4.717087,1.710205,1.25678,10.179822,26.925744,0.426651,1.808095,17260123056,17197003308,120,63.119748,dino,True,8.462119,2.76038,i2-i31-0770,scene-0770,scene-0770:image:120
0.0,0.0,0.002881,0.002527,0.001971,1.339763,0.0,,0.407231,0.096419,,0.530973,NVTX inference includes CUDA event synchronization,3125421939574608,0.31146,3.349315,5.6857500000000005,1.446294,7.756055,0.104114,1.225204,0.859202,3.3653,1.058729,0.000512,0.00816,4.418227,1.690137,0.933667,10.206714,27.010784,0.411082,1.737367,17330286757,17266965962,121,63.320795,dino,True,8.067515,1.472373,i2-i31-0770,scene-0770,scene-0770:image:121
0.0,0.0,0.002093,0.002397,0.001938,1.334103,0.0,,0.399942,0.099562,,0.561706,NVTX inference includes CUDA event synchronization,3125422009570123,0.317444,3.353496,5.681011,1.4332579999999995,7.765307999999999,0.104924,1.233699,0.863541,3.397524,1.041422,0.001056,0.007328,4.407084,1.687112,0.939862,10.17495,26.977974,0.462932,1.722203,17400282147,17337078010,122,63.204137,dino,True,8.082752,1.476046,i2-i31-0770,scene-0770,scene-0770:image:122
0.0,0.0,0.001982,0.003409,0.001862,1.346392,0.0,,0.423172,0.098298,,0.545111,NVTX inference includes CUDA event synchronization,3125422079620513,0.324838,3.3368,5.746805,1.4403829999999997,7.842193,0.111749,1.232895,0.900398,3.408009,1.066444,0.000544,0.006609,4.441976,1.697859,0.972847,10.190299,26.96133,0.407523,1.739102,17470332560,17406996233,123,63.336327,dino,True,8.167031,1.462846,i2-i31-0770,scene-0770,scene-0770:image:123
0.0,0.0,0.002448,0.002493,0.0019,1.349349,0.0,,0.438009,0.098539,,0.546414,NVTX inference includes CUDA event synchronization,3125422166250067,0.3209,3.43818,5.859278,1.4783929999999996,7.97753,0.110909,1.234401,0.961606,3.455957,1.048268,0.001088,0.007808,4.506412,1.695782,1.034408,10.347228,26.880128,0.415983,1.730673,17556962001,17493892697,124,63.069304,dino,True,8.29843,1.548577,i2-i31-0770,scene-0770,scene-0770:image:124
0.0,0.00042,0.002257,0.002953,0.001983,1.357817,0.0,,0.417788,0.099714,,0.551335,NVTX inference includes CUDA event synchronization,3125422236485443,0.315491,3.343222,5.94806,1.4411810000000003,8.066836,0.106978,1.366029,0.885846,3.503943,1.069486,0.001088,0.007776,4.450968,1.822322,0.958455,10.168853,26.92267,0.414879,1.742843,17627197373,17563853222,125,63.344151,dino,True,8.382327,1.529207,i2-i31-0770,scene-0770,scene-0770:image:125
0.0,0.001536,0.002462,0.002445,0.002386,1.384298,0.000512,,0.479077,0.100458,,0.541099,NVTX inference includes CUDA event synchronization,3125422369264458,0.336134,12.185117,6.164362999999999,1.5016859999999994,8.342502,0.12574,1.2499,1.208716,3.468039,1.114667,0.003008,0.00688,4.753516,1.704915,1.278446,10.276385,26.872314,0.423252,1.769849,17759976103,17696804018,126,63.172085,dino,True,8.678636,2.792062,i2-i31-0770,scene-0770,scene-0770:image:126
0.0,0.0,0.002503,0.002472,0.00185,1.364342,0.0,,0.41208,0.098324,,0.534079,NVTX inference includes CUDA event synchronization,3125422439218481,0.308292,3.36482,5.857622000000001,1.462383,7.964980000000001,0.102977,1.266531,0.866781,3.492956,1.072492,0.001152,0.008,4.464941,1.728137,0.939806,10.334168,26.78152,0.405495,1.718652,17829930327,17766778493,127,63.151834,dino,True,8.273272,1.481697,i2-i31-0770,scene-0770,scene-0770:image:127
0.0,0.0,0.002316,0.002436,0.001931,1.367068,0.0,,0.396771,0.096663,,0.5457,NVTX inference includes CUDA event synchronization,3125422509549178,0.309988,3.414248,5.836113,1.4645359999999998,7.939010000000001,0.106217,1.259406,0.857057,3.517865,1.03678,0.000608,0.006529,4.42146,1.709619,0.933794,10.239618,26.781932,0.420895,1.722944,17900261415,17837185404,128,63.076011,dino,True,8.248998,1.477217,i2-i31-0770,scene-0770,scene-0770:image:128
0.0,0.0,0.00232,0.002555,0.001949,1.356678,0.0,,0.394367,0.096729,,0.54253,NVTX inference includes CUDA event synchronization,3125422579334043,0.30877,3.349641,5.730324999999999,1.4379869999999988,7.818682999999999,0.103136,1.231999,0.849698,3.444078,1.052395,0.000608,0.007552,4.363345,1.69389,0.922275,10.205444,26.79369,0.406697,1.710683,17970045809,17907044326,129,63.001483,dino,True,8.127453,1.453729,i2-i31-0770,scene-0770,scene-0770:image:129
0.0,0.000576,0.002355,0.00257,0.002,1.345474,0.0,,0.436785,0.103833,,0.526347,NVTX inference includes CUDA event synchronization,3125422666176131,0.329508,3.534451,5.777455999999999,1.4582519999999999,7.867888,0.113245,1.228722,0.945384,3.36666,1.076173,0.001056,0.007904,4.477516,1.691928,1.017225,10.288487,26.759369,0.418497,1.727304,18056888053,17994108160,130,62.779893,dino,True,8.197396,1.558257,i2-i31-0770,scene-0770,scene-0770:image:130
0.0,0.0,0.00227,0.002616,0.002034,1.389883,0.0,,0.402482,0.10442,,0.560254,NVTX inference includes CUDA event synchronization,3125422737221240,0.309605,3.348609,6.002713000000001,1.4942840000000013,8.157067000000001,0.105203,1.29087,0.843054,3.631167,1.094061,0.000608,0.007425,4.414797,1.74665,0.919503,10.416723,27.185339,0.406192,1.730341,18127932789,18063792953,131,64.139836,dino,True,8.466672,1.466075,i2-i31-0770,scene-0770,scene-0770:image:131
1.2e-05,6e-06,0.002282,0.002533,0.002018,1.397003,0.0,,0.443383,0.105233,,0.538487,NVTX inference includes CUDA event synchronization,3125422865702684,0.324325,8.300614,6.109719999999999,1.491096999999999,8.276352,0.119565,1.250031,1.131537,3.540018,1.058541,0.00304,0.006848,4.656629,1.71407,1.201649,10.313107,26.675533,0.428019,1.779722,18256414867,18193610762,132,62.804105,dino,True,8.600677,2.45246,i2-i31-0770,scene-0770,scene-0770:image:132
0.0,0.0,0.002973,0.00256,0.002579,1.42582,0.000192,,0.410982,0.10087,,0.54989,NVTX inference includes CUDA event synchronization,3125422936135537,0.305826,3.404275,6.122339,1.5556779999999995,8.312379,0.107969,1.312476,0.86238,3.651529,1.119469,0.000608,0.008096,4.439896,1.765471,0.935693,10.362807,26.916454,0.410797,1.732224,18326847419,18263379702,133,63.467717,dino,True,8.618205,1.477972,i2-i31-0770,scene-0770,scene-0770:image:133
0.0,0.0,0.002372,0.002569,0.001975,1.37131,0.000576,,0.418084,0.09798,,0.546081,NVTX inference includes CUDA event synchronization,3125423006442339,0.313831,3.418488,5.983533000000001,1.4779720000000012,8.110649,0.108278,1.233831,0.917422,3.597757,1.080331,0.001152,0.007737,4.480065,1.692461,0.991183,10.416736,26.867213,0.425358,1.736664,18397154149,18333941790,134,63.212359,dino,True,8.42448,1.478178,i2-i31-0770,scene-0770,scene-0770:image:134
0.0,0.000576,0.002939,0.002461,0.00181,1.382073,0.0,,0.401946,0.096003,,0.554755,NVTX inference includes CUDA event synchronization,3125423076500465,0.31242,3.366225,5.962680000000001,1.4559240000000004,8.092823000000001,0.102905,1.250839,0.867211,3.586078,1.134894,0.000544,0.006848,4.404335,1.70406,0.939339,10.210329,26.912414,0.406428,1.719776,18467212104,18404054663,135,63.157441,dino,True,8.405243,1.46072,i2-i31-0770,scene-0770,scene-0770:image:135
0.0,0.000308,0.002209,0.002644,0.001901,1.3529,0.000544,,0.430089,0.10086,,0.553086,NVTX inference includes CUDA event synchronization,3125423167038893,0.318245,4.058769,5.811457,1.469348,7.937753,0.106426,1.231151,0.943275,3.414233,1.083372,0.001056,0.007137,4.512516,1.692116,1.014348,10.324506,26.851517,0.429655,1.764584,18557750499,18494887171,136,62.863328,dino,True,8.255998,1.528584,i2-i31-0770,scene-0770,scene-0770:image:136
0.0,0.0,0.002247,0.00309,0.002022,1.397646,0.0,,0.407901,0.106084,,0.555459,NVTX inference includes CUDA event synchronization,3125423237872554,0.311622,3.352356,6.124304,1.5081160000000002,8.287131,0.105415,1.391002,0.872657,3.649584,1.063723,0.000608,0.007648,4.429644,1.852257,0.948594,10.399759,26.892293,0.406384,1.721686,18628584485,18564599125,137,63.98536,dino,True,8.598753,1.455127,i2-i31-0770,scene-0770,scene-0770:image:137
0.0,0.0,0.00317,0.002566,0.002328,1.395739,0.000608,,0.477107,0.100771,,0.533729,NVTX inference includes CUDA event synchronization,3125423366446946,0.331237,10.346209,6.329775000000001,1.501614000000001,8.514556,0.13164,1.235374,1.228204,3.633233,1.106159,0.003201,0.006368,4.754709,1.683511,1.298221,10.369441,26.816046,0.436577,1.753474,18757158716,18694051896,138,63.10682,dino,True,8.845793,2.72311,i2-i31-0770,scene-0770,scene-0770:image:138
0.0,0.0,0.002116,0.00318,0.001817,1.346193,0.000474,,0.446806,0.098553,,0.545188,NVTX inference includes CUDA event synchronization,3125423436741311,0.33101,3.359987,5.800794,1.4935709999999993,7.914110999999999,0.106568,1.269226,0.85782,3.414372,1.095372,0.000608,0.007584,4.441634,1.724686,0.931485,10.212797,26.904814,0.411384,1.727255,18827453106,18764054599,139,63.398507,dino,True,8.245121,1.465979,i2-i31-0770,scene-0770,scene-0770:image:139
0.0,0.0,0.002087,0.002696,0.001916,1.359751,0.0,,0.426704,0.105436,,0.547565,NVTX inference includes CUDA event synchronization,3125423507058438,0.325124,3.425292,5.827941,1.4641419999999998,7.948972,0.10719,1.238308,0.912711,3.480531,1.06315,0.000608,0.007456,4.441753,1.695434,0.987144,10.34599,26.844386,0.409089,1.735989,18897770584,18834549959,140,63.220625,dino,True,8.274096,1.482225,i2-i31-0770,scene-0770,scene-0770:image:140
0.0,0.0,0.002407,0.002972,0.001943,1.360463,1.5e-05,,0.395229,0.101678,,0.520385,NVTX inference includes CUDA event synchronization,3125423576963090,0.311013,3.372952,5.7953220000000005,1.446638000000001,7.869401000000001,0.107671,1.227858,0.845444,3.510583,1.03358,0.000576,0.008064,4.393364,1.687191,0.917605,10.201418,26.772333,0.403765,1.724504,18967675160,18904629071,141,63.046089,dino,True,8.180414,1.443866,i2-i31-0770,scene-0770,scene-0770:image:141
0.0,0.0002,0.002177,0.002595,0.00188,1.361073,0.001467,,0.414139,0.097132,,0.530696,NVTX inference includes CUDA event synchronization,3125423667054689,0.316227,3.969591,5.821046,1.463609,7.916178,0.110661,1.212361,0.932656,3.430375,1.073005,0.001088,0.00865,4.526123,1.676525,1.003922,10.356266,26.849039,0.421489,1.767478,19057766229,18994824992,142,62.941237,dino,True,8.232405,1.559346,i2-i31-0770,scene-0770,scene-0770:image:142
0.0,0.000576,0.002623,0.002553,0.002588,1.392695,0.0,,0.409741,0.105653,,0.540521,NVTX inference includes CUDA event synchronization,3125423737427012,0.311555,3.399009,5.887102,1.4700629999999997,8.032497,0.104728,1.28351,0.883056,3.534043,1.0603,0.001088,0.007264,4.469428,1.743676,0.957809,10.299295,26.772234,0.432392,1.735175,19128139063,19064862397,143,63.276666,dino,True,8.344052,1.477365,i2-i31-0770,scene-0770,scene-0770:image:143
1.6e-05,0.000608,0.002503,0.003077,0.001921,1.393333,0.0,,0.442386,0.097003,,0.523251,NVTX inference includes CUDA event synchronization,3125423855880720,0.327813,3.495647,6.063148,1.4906949999999997,8.199432999999999,0.112109,1.242012,0.993309,3.611699,1.069262,0.0016,0.00656,4.58064,1.693379,1.063646,10.342768,26.728661,0.434946,1.799852,19246593255,19183687320,144,62.905935,dino,True,8.527246,1.768506,i2-i31-0770,scene-0770,scene-0770:image:144
0.0,0.0,0.002492,0.00315,0.001889,1.391663,0.0,,0.419281,0.099253,,0.576836,NVTX inference includes CUDA event synchronization,3125423927075927,0.314082,3.388293,6.14287,1.5890020000000007,8.323352,0.109947,1.256546,0.868309,3.606212,1.19849,0.00064,0.008288,4.408846,1.701608,0.94127,10.342259,27.077878,0.41206,1.725386,19317787987,19253860400,145,63.927587,dino,True,8.637434,1.684246,i2-i31-0770,scene-0770,scene-0770:image:145
0.0,0.0,0.002652,0.003145,0.001922,1.390509,0.0,,0.403084,0.100108,,0.540499,NVTX inference includes CUDA event synchronization,3125423997173048,0.311237,3.368937,5.934524999999999,1.4607119999999991,8.065207,0.113841,1.254141,0.886963,3.607402,1.044393,0.001024,0.007968,4.570789,1.7121,0.959507,10.311864,26.6719,0.435709,1.752528,19387885077,19324885646,146,62.999431,dino,True,8.376444,1.668616,i2-i31-0770,scene-0770,scene-0770:image:146
0.0,0.000257,0.002784,0.002478,0.001925,1.346543,0.0,,0.429822,0.095459,,0.550272,NVTX inference includes CUDA event synchronization,3125424067375935,0.329251,3.42207,5.713489000000001,1.4489650000000003,7.813778,0.106758,1.226712,0.892487,3.402624,1.057035,0.00064,0.007808,4.411884,1.687706,0.967688,10.291647,26.732429,0.409057,1.727492,19458087416,19395118461,147,62.968955,dino,True,8.143029,1.685127,i2-i31-0770,scene-0770,scene-0770:image:147
0.0,0.000576,0.002294,0.002606,0.00246,1.381334,0.0,,0.434702,0.098714,,0.510032,NVTX inference includes CUDA event synchronization,3125424166743752,0.317539,3.611099,5.96476,1.4808509999999995,8.079939,0.108637,1.255939,0.969885,3.504552,1.066094,0.001056,0.010464,4.563052,1.716235,1.041119,10.375382,26.794262,0.431851,2.053844,19557455742,19494491338,148,62.964404,dino,True,8.397478,1.803706,i2-i31-0770,scene-0770,scene-0770:image:148
0.0,0.000576,0.002336,0.003168,0.00195,1.408711,0.0,,0.405997,0.09942,,0.536664,NVTX inference includes CUDA event synchronization,3125424354618768,0.318178,3.418339,6.113041000000001,1.4729140000000003,8.253685,0.101825,1.28558,0.842556,3.77067,1.091534,0.000576,0.006208,3.710043,1.711664,0.913277,10.285502,26.811986,0.353447,1.355717,19745332139,19682589175,150,62.742964,dino,True,8.571863,1.327578,i2-i31-0770,scene-0770,scene-0770:image:150
0.000201,0.000482,0.002499,0.00265,0.002007,1.331117,0.0,,0.37969,0.096714,,0.550197,NVTX inference includes CUDA event synchronization,3125424424125596,0.322755,3.379511,5.573047,1.4429549999999995,7.615849,0.093205,1.217877,0.756486,3.354722,1.064655,0.002688,0.006016,3.511057,1.681755,0.828615,10.334757,26.768147,0.342748,1.318256,19814837958,19752009552,151,62.828406,dino,True,7.938604,1.287301,i2-i31-0770,scene-0770,scene-0770:image:151
0.0,0.000262,0.002136,0.003111,0.001925,1.355354,4.4e-05,,0.352564,0.100205,,0.547443,NVTX inference includes CUDA event synchronization,3125424493741402,0.293763,3.357547,5.757149,1.4447840000000003,7.82643,0.094194,1.245666,0.711032,3.528953,1.088172,0.002752,0.00464,3.501634,1.695145,0.782968,10.230698,26.833885,0.356285,1.37636,19884453667,19821467159,152,62.986508,dino,True,8.120193,1.271049,i2-i31-0770,scene-0770,scene-0770:image:152
0.000231,0.00064,0.002452,0.003165,0.001895,1.350031,0.00112,,0.35031,0.100875,,0.540881,NVTX inference includes CUDA event synchronization,3125424565436953,0.299298,3.378241,5.710888000000001,1.4786640000000002,7.76319,0.09204,1.239727,0.715807,3.426125,1.102669,0.0024,0.005056,3.504019,1.698356,0.788735,10.260023,26.736871,0.34606,1.34685,19956149294,19893437721,153,62.711573,dino,True,8.062488,1.286614,i2-i31-0770,scene-0770,scene-0770:image:153
0.0,0.0,0.001979,0.002786,0.00189,1.408414,0.00048,,0.446656,0.097191,,0.535863,NVTX inference includes CUDA event synchronization,3125424672479194,0.33578,7.82119,6.2474929999999995,1.4988119999999991,8.406972,0.100736,1.276962,0.918179,3.758288,1.181135,0.00208,0.00656,3.604256,1.690919,0.989475,10.198912,26.866582,0.348596,1.353039,20063191518,20000420030,154,62.771488,dino,True,8.742752,1.834749,i2-i31-0770,scene-0770,scene-0770:image:154
0.0,0.000544,0.002578,0.002591,0.002026,1.356932,0.0,,0.367711,0.107087,,0.547286,NVTX inference includes CUDA event synchronization,3125424742080090,0.298181,3.381688,5.710806000000001,1.4482540000000004,7.799380000000001,0.09388,1.238076,0.732801,3.497883,1.078891,0.002208,0.005568,3.479843,1.695554,0.806434,10.405257,26.774579,0.334788,1.345317,20132791825,20069888548,155,62.903277,dino,True,8.097561,1.256047,i2-i31-0770,scene-0770,scene-0770:image:155
0.0,0.000544,0.003094,0.002617,0.001976,1.460225,0.0,,0.440126,0.103163,,0.525207,NVTX inference includes CUDA event synchronization,3125424868062374,0.329864,9.722539,6.666233,1.5161789999999993,8.873320999999999,0.099679,1.305989,0.962482,3.856883,1.454388,0.000608,0.006977,3.63414,1.719562,1.033299,10.242245,28.188775,0.349039,1.343524,20258774973,20194551360,156,64.223613,dino,True,9.203185,1.934374,i2-i31-0770,scene-0770,scene-0770:image:156
0.0,0.0,0.0029,0.002515,0.00246,1.394025,0.0,,0.36319,0.100258,,0.548516,NVTX inference includes CUDA event synchronization,3125424938336078,0.284802,3.440831,6.059141,1.5259900000000002,8.188203000000001,0.095859,1.262795,0.760871,3.640757,1.176141,0.003008,0.007584,3.633074,1.72053,0.831272,10.325045,26.95427,0.360184,1.395168,20329048050,20265689396,157,63.358654,dino,True,8.473005,1.29427,i2-i31-0770,scene-0770,scene-0770:image:157
0.0,0.00115,0.00271,0.002436,0.00191,1.355264,0.000576,,0.372399,0.100056,,0.561012,NVTX inference includes CUDA event synchronization,3125425008237312,0.310307,3.433195,5.751917000000001,1.454898000000001,7.839123000000001,0.089998,1.247069,0.712301,3.54272,1.093612,0.00368,0.005152,3.475407,1.705122,0.787982,10.396139,26.833745,0.33762,1.326984,20398949068,20335822496,158,63.126572,dino,True,8.14943,1.243806,i2-i31-0770,scene-0770,scene-0770:image:158
0.0,4e-06,0.002893,0.002432,0.002443,1.365177,0.000197,,0.358381,0.099347,,0.549971,NVTX inference includes CUDA event synchronization,3125425078026117,0.299267,3.390319,5.818814000000001,1.4726920000000003,7.900392,0.105338,1.237608,0.705107,3.584503,1.087083,0.002304,0.005024,3.518469,1.699564,0.779732,10.312245,26.873652,0.338072,1.348076,20468737827,20405637284,159,63.100543,dino,True,8.199659,1.300311,i2-i31-0770,scene-0770,scene-0770:image:159
0.0,0.001152,0.002291,0.002862,0.001966,1.424668,0.0,,0.356191,0.100943,,0.540864,NVTX inference includes CUDA event synchronization,3125425166125967,0.282019,3.775557,6.148837,1.4866390000000003,8.297755,0.100996,1.280814,0.803075,3.788075,1.113039,0.000544,0.006592,3.925731,1.70159,0.875012,10.233913,26.773917,0.345242,1.360332,20556837885,20494255989,160,62.581896,dino,True,8.579774,1.303977,i2-i31-0770,scene-0770,scene-0770:image:160
0.0,0.00048,0.00281,0.00264,0.002666,1.358103,0.0,,0.344039,0.107077,,0.548562,NVTX inference includes CUDA event synchronization,3125425235576641,0.287843,3.387936,5.921196,1.4645660000000005,7.9997300000000005,0.091145,1.391143,0.673121,3.54275,1.118224,0.002304,0.00432,3.468359,1.845739,0.746114,10.21256,26.796135,0.334925,1.29008,20626288249,20563526698,161,62.761551,dino,True,8.287573,1.269361,i2-i31-0770,scene-0770,scene-0770:image:161
0.0,0.000512,0.001972,0.002955,0.00189,1.496667,0.0,,0.495698,0.104192,,0.551668,NVTX inference includes CUDA event synchronization,3125425370119490,0.358692,12.309397,6.575113,1.7993580000000007,8.871975,0.11741,1.257431,1.115577,3.755566,1.177997,0.00048,0.006848,3.900335,1.708059,1.185658,10.487188,27.064675,0.372098,1.335144,20760831397,20697141907,162,63.68949,dino,True,9.230667,2.440556,i2-i31-0770,scene-0770,scene-0770:image:162
0.0,8.7e-05,0.004253,0.002874,0.002642,1.384795,0.0,,0.371659,0.097489,,0.547679,NVTX inference includes CUDA event synchronization,3125425440077195,0.301636,3.403009,6.02607,1.5586729999999998,8.135912,0.089752,1.265302,0.711083,3.672532,1.131758,0.003392,0.005056,3.470378,1.723769,0.78542,10.458852,26.951206,0.338146,1.293555,20830790407,20767524844,163,63.265563,dino,True,8.437548,1.261118,i2-i31-0770,scene-0770,scene-0770:image:163
4.2e-05,0.0,0.002212,0.002655,0.00206,1.428583,0.001152,,0.434305,0.101391,,0.547154,NVTX inference includes CUDA event synchronization,3125425510946709,0.329795,3.451865,6.057137000000001,1.4941370000000003,8.246896,0.108805,1.242525,0.924798,3.752685,1.045325,0.000576,0.00784,4.498036,1.684896,0.999583,10.49444,26.859605,0.418299,1.733672,20901659593,20838242700,164,63.416893,dino,True,8.576691,1.703827,i2-i31-0770,scene-0770,scene-0770:image:164
0.0,0.0,0.002877,0.002472,0.00187,1.349613,0.0,,0.384397,0.10139,,0.557134,NVTX inference includes CUDA event synchronization,3125425581195695,0.304741,3.433237,5.698819,1.4563500000000005,7.793831000000001,0.104852,1.239355,0.836001,3.38699,1.067184,0.000512,0.007328,4.403678,1.699006,0.909314,10.237771,26.786678,0.426326,1.730963,20971907354,20909092269,165,62.815085,dino,True,8.098572,1.952692,i2-i31-0770,scene-0770,scene-0770:image:165
0.0,0.0,0.002283,0.002602,0.001897,1.388511,0.000576,,0.422239,0.091187,,0.539975,NVTX inference includes CUDA event synchronization,3125425666478533,0.31677,3.463019,5.868357999999999,1.468983999999999,8.000858,0.110802,1.239166,0.933156,3.486371,1.070381,0.001024,0.007744,4.500249,1.70234,1.004965,10.416478,26.783659,0.414635,1.724975,21057190092,20994192075,166,62.998017,dino,True,8.317628,1.775677,i2-i31-0770,scene-0770,scene-0770:image:166
0.0,0.0,0.003065,0.002512,0.002102,1.357702,0.0,,0.395181,0.094612,,0.539055,NVTX inference includes CUDA event synchronization,3125425736861172,0.307555,3.373381,5.8749139999999995,1.443486,7.961588,0.116621,1.291927,0.857647,3.474299,1.076619,0.000576,0.007968,4.391661,1.754524,0.930192,10.246924,26.782688,0.409751,1.731711,21127572757,21064407496,167,63.165261,dino,True,8.269143,1.688641,i2-i31-0770,scene-0770,scene-0770:image:167
0.0,0.0,0.002342,0.0031,0.002051,1.356845,0.0,,0.431184,0.094198,,0.54096,NVTX inference includes CUDA event synchronization,3125425868127393,0.311811,10.368312,5.979640999999999,1.4630429999999999,8.09851,0.122796,1.242241,1.034715,3.475464,1.063786,0.001568,0.006708,4.594876,1.700551,1.104509,10.341346,26.666874,0.426452,1.799036,21258839058,21195929550,168,62.909508,dino,True,8.410321,2.592084,i2-i31-0770,scene-0770,scene-0770:image:168
0.0,0.000608,0.00231,0.002477,0.001944,1.378251,0.0,,0.398421,0.105219,,0.569142,NVTX inference includes CUDA event synchronization,3125425938712506,0.308196,3.367535,5.9597310000000006,1.479037,8.109907,0.10574,1.278481,0.856767,3.590225,1.099117,0.000608,0.008128,4.391456,1.740854,0.930912,10.419625,26.911243,0.413017,1.72484,21329424654,21265980232,169,63.444422,dino,True,8.418103,1.654533,i2-i31-0770,scene-0770,scene-0770:image:169
0.0,0.001024,0.002427,0.002502,0.002009,1.40628,0.000576,,0.422727,0.097834,,0.534723,NVTX inference includes CUDA event synchronization,3125426009500211,0.315844,3.404723,6.1321769999999995,1.526902999999999,8.286434999999999,0.108163,1.269601,0.895712,3.685726,1.107758,0.001152,0.007264,4.539787,1.722534,0.970816,10.419719,26.846812,0.472964,1.788821,21400212308,21336705509,170,63.506799,dino,True,8.602279,1.630537,i2-i31-0770,scene-0770,scene-0770:image:170
0.0,0.000198,0.002787,0.00259,0.001914,1.683969,0.0,,0.586694,0.103931,,0.560845,NVTX inference includes CUDA event synchronization,3125426173786399,0.365575,4.463956,8.172773,2.153212,10.750126,0.130232,1.346835,1.162149,3.852354,2.452199,0.001664,0.017056,5.977776,1.779193,1.233702,10.438827,28.56747,0.619653,2.23027,21564498112,21498928002,172,65.57011,dino,True,11.115701,4.326525,i2-i31-0770,scene-0770,scene-0770:image:172
1.8e-05,0.001041,0.002213,0.003155,0.001917,1.336058,0.0,,0.360643,0.089943,,0.566429,NVTX inference includes CUDA event synchronization,3125426243811984,0.29402,3.385218,5.592976,1.45763,7.660373,0.097047,1.215859,0.716975,3.384596,1.073454,0.00272,0.006112,3.549932,1.680794,0.788208,10.39434,26.900759,0.412602,1.357186,21634524026,21571396251,173,63.127775,dino,True,7.954393,1.515485,i2-i31-0770,scene-0770,scene-0770:image:173
0.0,0.001343,0.00229,0.00317,0.00174,1.375572,0.0,,0.424864,0.097082,,0.546773,NVTX inference includes CUDA event synchronization,3125426367635002,0.328325,10.762134,5.906685,1.4873530000000006,8.031194000000001,0.105567,1.21183,0.922275,3.521822,1.103632,0.000512,0.006528,3.684304,1.674618,0.992132,10.431566,26.783928,0.357712,1.350146,21758347872,21695539718,174,62.808154,dino,True,8.359519,3.223886,i2-i31-0770,scene-0770,scene-0770:image:174
0.0,0.0,0.002482,0.003021,0.001977,1.345501,0.0,,0.380056,0.099653,,0.564749,NVTX inference includes CUDA event synchronization,3125426437840823,0.318882,3.353813,5.771647,1.4835190000000003,7.850204,0.089584,1.226124,0.719309,3.527784,1.114126,0.003392,0.005248,3.45825,1.687188,0.79451,10.293478,26.85033,0.337762,1.320409,21828553134,21765456440,175,63.096694,dino,True,8.169086,1.648455,i2-i31-0770,scene-0770,scene-0770:image:175
0.0,0.00112,0.0029,0.002589,0.002004,1.368632,0.0,,0.373948,0.095198,,0.543385,NVTX inference includes CUDA event synchronization,3125426508195155,0.320773,3.413462,5.806432000000001,1.4442150000000007,7.875435,0.096433,1.265944,0.74764,3.58203,1.051178,0.003808,0.00496,3.492957,1.715549,0.823033,10.339927,26.787435,0.337713,1.322608,21898906197,21835850198,176,63.055999,dino,True,8.196208,1.674879,i2-i31-0770,scene-0770,scene-0770:image:176
0.0,0.0,0.00298,0.002587,0.002035,1.336713,0.000544,,0.382878,0.095695,,0.538262,NVTX inference includes CUDA event synchronization,3125426578395117,0.32378,3.374052,5.77548,1.4537360000000001,7.813394,0.09271,1.218779,0.742831,3.485394,1.133996,0.00464,0.005088,3.560555,1.675839,0.817008,10.202925,26.940222,0.35266,1.327494,21969106355,21906071952,177,63.034403,dino,True,8.137174,1.684715,i2-i31-0770,scene-0770,scene-0770:image:177
0.0,0.0,0.0025,0.002374,0.00186,1.343022,0.0,,0.384692,0.095836,,0.541706,NVTX inference includes CUDA event synchronization,3125426666641713,0.327523,3.693882,5.615795,1.4531399999999994,7.6602619999999995,0.094988,1.216357,0.80516,3.342481,1.06705,0.002816,0.005793,3.550747,1.678697,0.876297,10.255224,26.797784,0.341802,1.324008,22057353070,21994678906,178,62.674164,dino,True,7.987785,1.708257,i2-i31-0770,scene-0770,scene-0770:image:178
0.0,0.001182,0.002968,0.00249,0.002364,1.555742,0.0,,0.379107,0.101493,,0.569134,NVTX inference includes CUDA event synchronization,3125426739060191,0.27914,3.406646,7.266688,1.8372960000000003,9.602028,0.10234,1.267166,0.721059,3.631955,2.3074,0.005248,0.008704,4.923459,1.728707,0.796644,10.421753,28.124148,0.544837,2.068747,22129771774,22064421333,179,65.350441,dino,True,9.881168,1.479385,i2-i31-0770,scene-0770,scene-0770:image:179
0.0,0.0,0.002117,0.002991,0.001859,1.349557,0.001102,,0.374413,0.096084,,0.546547,NVTX inference includes CUDA event synchronization,3125426866655403,0.284262,11.024551,5.8549869999999995,1.4645979999999996,7.9453949999999995,0.109314,1.236423,0.933836,3.380675,1.097835,0.000512,0.006464,3.66867,1.678411,1.004109,10.044655,26.827969,0.347979,1.329489,22257367322,22194846748,180,62.520574,dino,True,8.229657,2.489642,i2-i31-0770,scene-0770,scene-0770:image:180
0.000233,0.000512,0.002209,0.002766,0.00205,1.37119,0.0,,0.382668,0.098893,,0.566647,NVTX inference includes CUDA event synchronization,3125426937075372,0.31658,3.417921,5.709724,1.4596729999999996,7.8203119999999995,0.088873,1.310178,0.736194,3.415626,1.11678,0.004608,0.00496,3.411646,1.773959,0.811235,10.254162,26.896341,0.331958,1.303936,22327787485,22264678060,181,63.109425,dino,True,8.136892,1.8644,i2-i31-0770,scene-0770,scene-0770:image:181
0.0,0.0,0.002447,0.00246,0.001865,1.31649,0.000576,,0.383428,0.090247,,0.559311,NVTX inference includes CUDA event synchronization,3125427007252659,0.302532,3.398347,5.574897,1.4580389999999994,7.629188999999999,0.089238,1.216982,0.728069,3.388371,1.041677,0.004673,0.004672,3.421626,1.672731,0.806566,10.256636,26.725625,0.347323,1.316932,22397964052,22335097242,182,62.86681,dino,True,7.931721,1.943035,i2-i31-0770,scene-0770,scene-0770:image:182
6.6e-05,0.00064,0.002239,0.002605,0.001977,1.356094,0.0,,0.357844,0.101522,,0.542598,NVTX inference includes CUDA event synchronization,3125427077175007,0.287427,3.376766,5.809477000000001,1.4435990000000007,7.887635,0.093185,1.318574,0.71042,3.483926,1.117422,0.004576,0.00336,3.439389,1.781845,0.783189,10.247645,26.943364,0.33355,1.347161,22467886132,22404669222,183,63.21691,dino,True,8.175062,1.448772,i2-i31-0770,scene-0770,scene-0770:image:183
0.0,0.000544,0.002151,0.002908,0.001832,1.351562,0.0,,0.411727,0.092744,,0.518764,NVTX inference includes CUDA event synchronization,3125427166869467,0.334277,3.889715,5.6651039999999995,1.4883549999999994,7.713058999999999,0.098725,1.200916,0.813366,3.321866,1.114828,0.002816,0.006464,3.529646,1.661369,0.885303,10.216668,26.878621,0.348754,1.327127,22557580790,22494904099,184,62.676691,dino,True,8.047336,1.842744,i2-i31-0770,scene-0770,scene-0770:image:184
4.7e-05,0.001152,0.002438,0.00266,0.001992,1.357314,0.0,,0.395006,0.101765,,0.560111,NVTX inference includes CUDA event synchronization,3125427236942545,0.314566,3.428288,5.796433,1.4916880000000008,7.904352,0.090878,1.318317,0.732681,3.470462,1.105644,0.004576,0.004672,3.441746,1.7797,0.806346,10.241759,26.84322,0.335929,1.306618,22627654003,22564540785,185,63.113218,dino,True,8.218918,1.612871,i2-i31-0770,scene-0770,scene-0770:image:185
0.0,0.0,0.003161,0.00257,0.002004,1.372473,0.0,,0.439494,0.103318,,0.549459,NVTX inference includes CUDA event synchronization,3125427368091267,0.343492,12.053648,6.063286,1.4984449999999994,8.192273,0.116651,1.323794,0.993847,3.483015,1.112429,0.000544,0.00704,3.884904,1.781527,1.064919,10.346552,26.794936,0.346581,1.370421,22758803089,22695697682,186,63.105407,dino,True,8.535765,3.058338,i2-i31-0770,scene-0770,scene-0770:image:186
0.0,0.0,0.002811,0.002435,0.002446,1.420099,0.0,,0.411622,0.108643,,0.545729,NVTX inference includes CUDA event synchronization,3125427439405024,0.324163,3.465102,6.119651,1.5467120000000003,8.289273,0.097703,1.292669,0.874981,3.610991,1.18126,0.003072,0.006048,3.639024,1.755009,0.950949,10.453565,26.937108,0.347378,1.345642,22830116755,22766249117,187,63.867638,dino,True,8.613436,1.719185,i2-i31-0770,scene-0770,scene-0770:image:187
0.000379,0.001184,0.002874,0.002581,0.001895,1.363478,0.0,,0.389598,0.093317,,0.546813,NVTX inference includes CUDA event synchronization,3125427509704485,0.3241,3.463242,5.808799,1.4328949999999994,7.886818,0.096152,1.226819,0.785602,3.459355,1.201007,0.00272,0.006368,3.600654,1.672648,0.859811,10.16336,27.024731,0.340788,1.457259,22900415882,22837426392,188,62.98949,dino,True,8.210918,1.667788,i2-i31-0770,scene-0770,scene-0770:image:188
0.0,0.001088,0.002206,0.002828,0.001903,1.421186,0.0,,0.38299,0.093899,,0.543267,NVTX inference includes CUDA event synchronization,3125427579844466,0.312932,3.336425,5.822934,1.4840860000000005,7.959369000000001,0.088645,1.234829,0.709828,3.526355,1.219598,0.004416,0.004544,3.524481,1.692147,0.784293,10.314948,26.926633,0.338462,1.309683,22970556270,22907461253,189,63.095017,dino,True,8.272301,1.786963,i2-i31-0770,scene-0770,scene-0770:image:189
0.000286,0.0,0.002367,0.002408,0.001886,1.395035,0.0,,0.417447,0.097087,,0.545773,NVTX inference includes CUDA event synchronization,3125427666654140,0.330916,3.366849,5.9577919999999995,1.5400919999999996,8.089165,0.099782,1.29813,0.834399,3.422223,1.218479,0.000576,0.0064,3.710403,1.761974,0.906623,10.324643,26.913749,0.377503,1.360897,23057365636,22994293449,190,63.072187,dino,True,8.420081,1.807128,i2-i31-0770,scene-0770,scene-0770:image:190
0.000346,0.000108,0.002943,0.002469,0.002422,1.368101,0.0,,0.386302,0.105998,,0.553996,NVTX inference includes CUDA event synchronization,3125427737048924,0.317666,3.41485,5.928395,1.4589629999999998,8.033414,0.090848,1.326261,0.740964,3.632784,1.091532,0.004704,0.005024,3.432149,1.784763,0.815045,10.410036,26.860173,0.337014,1.33908,23127760319,23064511908,191,63.248411,dino,True,8.35108,1.636083,i2-i31-0770,scene-0770,scene-0770:image:191
0.000544,0.0,0.002269,0.003028,0.001804,1.44077,0.00048,,0.488876,0.102419,,0.535313,NVTX inference includes CUDA event synchronization,3125427866606240,0.362146,12.227143,6.4131350000000005,1.5174519999999996,8.626492,0.130888,1.31448,1.176232,3.718436,1.124686,0.00048,0.005984,4.059466,1.727958,1.247112,10.109013,26.866622,0.358389,1.358408,23257318017,23194366812,192,62.951205,dino,True,8.988638,2.847559,i2-i31-0770,scene-0770,scene-0770:image:192
0.0,0.000608,0.002439,0.002496,0.002038,1.409043,0.0,,0.395612,0.104109,,0.534372,NVTX inference includes CUDA event synchronization,3125427939998798,0.30714,3.436228,6.199623999999999,1.513298999999999,8.343200999999999,0.102504,1.362176,0.847507,3.636587,1.180716,0.00048,0.007072,4.022011,1.824166,0.918132,10.44812,26.977364,0.361331,1.401301,23330716914,23267498169,193,63.218745,dino,True,8.650341,4.551024,i2-i31-0770,scene-0770,scene-0770:image:193
0.0,0.0,0.002627,0.002714,0.001947,1.404591,0.0,,0.384154,0.099563,,0.560503,NVTX inference includes CUDA event synchronization,3125428010756035,0.320899,3.419045,6.104032,1.5170000000000003,8.239232,0.095086,1.270927,0.789974,3.801851,1.077453,0.002272,0.005568,3.624816,1.714742,0.864663,10.557952,26.957268,0.415501,1.339231,23401467961,23337949474,194,63.518487,dino,True,8.560131,1.678007,i2-i31-0770,scene-0770,scene-0770:image:194
0.0,0.001248,0.002948,0.002324,0.002071,1.36314,0.0,,0.379007,0.097567,,0.565984,NVTX inference includes CUDA event synchronization,3125428081027976,0.321186,3.383379,5.808671,1.4797800000000008,7.9017740000000005,0.090848,1.231954,0.802937,3.468884,1.139149,0.0048,0.004608,3.470381,1.689592,0.877434,10.259838,26.897736,0.343547,1.324262,23471739330,23408694686,195,63.044644,dino,True,8.22296,1.682443,i2-i31-0770,scene-0770,scene-0770:image:195
0.0,0.0,0.002386,0.002393,0.001926,1.396946,0.0,,0.415821,0.105638,,0.530793,NVTX inference includes CUDA event synchronization,3125428166731795,0.328388,3.628018,5.974232,1.5749209999999998,8.101747,0.096378,1.231309,0.802794,3.553007,1.163118,0.002848,0.00576,3.568683,1.693299,0.874443,10.453609,26.874859,0.338147,1.33664,23557443178,23494346373,196,63.096805,dino,True,8.430135,1.818646,i2-i31-0770,scene-0770,scene-0770:image:196
0.0,0.000856,0.002673,0.002408,0.002003,1.381783,0.0,,0.394885,0.100285,,0.550146,NVTX inference includes CUDA event synchronization,3125428237261540,0.31882,3.446137,5.954005,1.5294910000000002,8.070224,0.092226,1.430871,0.725763,3.451496,1.149821,0.002944,0.006432,3.63233,1.889657,0.801956,10.261655,26.904072,0.335677,1.337027,23627972731,23564688377,197,63.284354,dino,True,8.389044,1.729795,i2-i31-0770,scene-0770,scene-0770:image:197
0.000159,0.000845,0.002669,0.003109,0.001867,1.425757,0.0,,0.431163,0.099526,,0.538631,NVTX inference includes CUDA event synchronization,3125428366962816,0.342787,11.615057,6.265936,1.4728140000000005,8.426875,0.105799,1.261136,1.027335,3.760366,1.13482,0.00064,0.006752,3.706252,1.675795,1.098472,10.160349,26.837285,0.342089,1.333095,23757674053,23694955941,198,62.718112,dino,True,8.769662,2.908214,i2-i31-0770,scene-0770,scene-0770:image:198
0.000571,0.0,0.002369,0.002557,0.001861,1.383042,0.0,,0.398515,0.097562,,0.551299,NVTX inference includes CUDA event synchronization,3125428437400256,0.322243,3.403615,5.979012000000001,1.5643630000000002,8.094545,0.090266,1.271939,0.736543,3.59056,1.153773,0.004672,0.004672,3.457822,1.728332,0.80928,10.31724,26.903885,0.338735,1.380625,23828111656,23764786950,199,63.324706,dino,True,8.416788,1.683374,i2-i31-0770,scene-0770,scene-0770:image:199
0.0,0.001128,0.002418,0.002686,0.001981,1.391509,0.000544,,0.403939,0.09953,,0.547359,NVTX inference includes CUDA event synchronization,3125428507937673,0.332227,3.412885,5.933815000000001,1.5007770000000002,8.052682,0.093555,1.238303,0.763586,3.666886,1.114698,0.002144,0.00496,3.527834,1.690981,0.839587,10.461187,26.86615,0.338718,1.325335,23898649973,23835460951,200,63.189022,dino,True,8.384909,1.657005,i2-i31-0770,scene-0770,scene-0770:image:200
0.0,0.000544,0.002738,0.003041,0.002448,1.369994,0.0,,0.399415,0.101601,,0.53518,NVTX inference includes CUDA event synchronization,3125428578195057,0.318532,3.406578,5.819551000000001,1.4870640000000002,7.91598,0.100594,1.226697,0.740252,3.510035,1.160878,0.003936,0.005056,3.536056,1.688495,0.815677,10.26823,27.023375,0.338912,1.317681,23968906365,23905776443,201,63.129922,dino,True,8.234512,1.690508,i2-i31-0770,scene-0770,scene-0770:image:201
0.0,0.000289,0.002422,0.002644,0.001975,1.376065,0.0,,0.404193,0.095178,,0.53761,NVTX inference includes CUDA event synchronization,3125428666732403,0.318242,3.737699,6.2125829999999995,1.5910409999999997,8.314717,0.09788,1.255247,0.809345,3.725768,1.144686,0.00272,0.006272,3.609441,1.672497,0.880834,10.098464,26.934817,0.341476,1.324269,24057443969,23994737940,202,62.706029,dino,True,8.632959,1.738362,i2-i31-0770,scene-0770,scene-0770:image:202
0.0,0.0,0.002399,0.002706,0.001992,1.412064,0.000608,,0.418238,0.10229,,0.545162,NVTX inference includes CUDA event synchronization,3125428737285724,0.324514,3.455143,6.255091,1.518511000000001,8.416036,0.096589,1.427397,0.79089,3.723499,1.17416,0.002784,0.00672,3.523838,1.884105,0.862411,10.460357,26.925569,0.350327,1.333229,24127997269,24064749990,203,63.247279,dino,True,8.74055,1.6696,i2-i31-0770,scene-0770,scene-0770:image:203
0.0,0.000544,0.002681,0.002558,0.002536,1.679802,0.0,,0.432113,0.108946,,0.57689,NVTX inference includes CUDA event synchronization,3125428861922940,0.316901,6.465745,6.2832930000000005,1.4825880000000007,8.772462,0.120412,1.28635,1.024328,4.107671,1.058509,0.00112,0.008385,4.605128,1.700179,1.095209,10.497284,26.852015,0.427367,1.776285,24252634165,24189424412,204,63.209753,dino,True,9.089363,1.592777,i2-i31-0770,scene-0770,scene-0770:image:204
0.0,0.0,0.003061,0.002601,0.002346,1.362966,0.000512,,0.407348,0.098941,,0.53013,NVTX inference includes CUDA event synchronization,3125428931680944,0.307077,3.402886,5.865164,1.4575989999999992,7.965992,0.109028,1.247689,0.864916,3.520992,1.064301,0.00112,0.007424,4.414778,1.697069,0.958261,10.223248,26.797493,0.422715,1.722399,24322392188,24259644548,205,62.74764,dino,True,8.273069,1.472089,i2-i31-0770,scene-0770,scene-0770:image:205
0.0,0.00064,0.002216,0.002511,0.001971,1.363701,0.0,,0.420949,0.105158,,0.552098,NVTX inference includes CUDA event synchronization,3125429001766877,0.311843,3.397856,5.8646650000000005,1.4549800000000008,8.002066000000001,0.113745,1.266113,0.934764,3.466181,1.069262,0.001184,0.00768,4.605918,1.724776,1.007566,10.292343,26.695471,0.444127,1.780344,24392478024,24329439267,206,63.038757,dino,True,8.313909,1.508511,i2-i31-0770,scene-0770,scene-0770:image:206
0.0,0.000608,0.002394,0.003008,0.002179,1.381705,0.0,,0.394715,0.099563,,0.550105,NVTX inference includes CUDA event synchronization,3125429071823605,0.310948,3.402239,5.888241000000001,1.4391550000000004,8.01157,0.104437,1.2666,0.848949,3.616421,1.039052,0.000544,0.00736,4.390503,1.709421,0.920661,10.235711,26.869772,0.410492,1.721233,24462535439,24399461572,207,63.073867,dino,True,8.322518,1.50597,i2-i31-0770,scene-0770,scene-0770:image:207
0.0,0.000576,0.002855,0.002463,0.00192,1.368732,0.001056,,0.434439,0.095824,,0.5464,NVTX inference includes CUDA event synchronization,3125429169087217,0.323973,5.305149,5.863837,1.482355,7.994129,0.108296,1.250299,0.967047,3.411499,1.089614,0.001088,0.007904,4.498615,1.710722,1.037064,10.298828,26.712853,0.445433,1.755667,24559798528,24496865617,208,62.932911,dino,True,8.318102,1.662366,i2-i31-0770,scene-0770,scene-0770:image:208
0.0,0.0,0.002288,0.003097,0.002024,1.414269,0.0,,0.42704,0.10053,,0.520416,NVTX inference includes CUDA event synchronization,3125429239419994,0.322659,3.381832,6.072095000000001,1.484763000000001,8.219100000000001,0.108266,1.293052,0.862095,3.732011,1.053219,0.000608,0.007745,4.412492,1.752195,0.936304,10.551738,26.801516,0.407386,1.713143,24630132385,24566685996,209,63.446389,dino,True,8.541759,1.472225,i2-i31-0770,scene-0770,scene-0770:image:209
0.0,0.0,0.002933,0.002528,0.001983,1.371528,0.0,,0.463014,0.093718,,0.530829,NVTX inference includes CUDA event synchronization,3125429362621887,0.342917,7.204796,5.822383,1.4519920000000006,7.9459990000000005,0.120939,1.215957,1.096148,3.321309,1.073867,0.001152,0.007552,4.542342,1.679163,1.166133,10.242032,26.829368,0.419915,1.75612,24753333484,24690421181,210,62.912303,dino,True,8.288916,2.687578,i2-i31-0770,scene-0770,scene-0770:image:210
0.0,0.0,0.002185,0.00241,0.001994,1.369897,0.0,,0.404472,0.099212,,0.548548,NVTX inference includes CUDA event synchronization,3125429432408672,0.305606,3.344779,5.867140000000001,1.4779630000000008,7.990252000000001,0.104674,1.253336,0.830719,3.428176,1.193118,0.000576,0.007296,4.372299,1.707838,0.903552,10.100071,26.841396,0.403591,1.718985,24823120033,24760106388,211,63.013645,dino,True,8.295858,1.471578,i2-i31-0770,scene-0770,scene-0770:image:211
0.0,0.000576,0.002255,0.002581,0.00225,1.355395,0.00041,,0.4195,0.098774,,0.551565,NVTX inference includes CUDA event synchronization,3125429502354335,0.319461,3.366781,5.7360109999999995,1.4646,7.849855999999999,0.107956,1.227785,0.951811,3.348225,1.059948,0.001248,0.007744,4.483384,1.687886,1.025539,10.17876,26.828098,0.424661,1.751393,24893066869,24830121145,212,62.945724,dino,True,8.169317,1.526607,i2-i31-0770,scene-0770,scene-0770:image:212
0.0,0.0,0.002457,0.00252,0.001851,1.400443,0.0,,0.413918,0.102521,,0.546723,NVTX inference includes CUDA event synchronization,3125429572290535,0.309187,3.403821,6.042127000000001,1.4911340000000006,8.203373000000001,0.103247,1.25875,0.842139,3.584095,1.224683,0.000576,0.007936,4.382622,1.708645,0.913788,10.210781,26.919886,0.405009,1.737446,24963001982,24899805526,213,63.196456,dino,True,8.51256,1.455744,i2-i31-0770,scene-0770,scene-0770:image:213
0.0,0.00064,0.002224,0.00307,0.001938,1.372481,8.5e-05,,0.415017,0.100231,,0.53202,NVTX inference includes CUDA event synchronization,3125429666105701,0.316579,3.442072,5.874245999999999,1.4617810000000002,7.985373,0.112125,1.319166,0.945522,3.366897,1.088013,0.000544,0.007904,4.535386,1.78202,1.015635,10.253386,26.730591,0.433323,1.770612,25056817267,24994002497,214,62.81477,dino,True,8.301952,1.595623,i2-i31-0770,scene-0770,scene-0770:image:214
0.0,0.00064,0.002443,0.002625,0.002063,1.37224,0.0,,0.417673,0.097205,,0.563277,NVTX inference includes CUDA event synchronization,3125429737004531,0.320292,3.373393,5.823523999999999,1.480898999999999,7.961397999999999,0.106443,1.275983,0.88766,3.443682,1.078607,0.00064,0.007776,4.454537,1.738585,0.96299,10.269627,27.158006,0.415355,1.737193,25127716707,25063718371,215,63.998336,dino,True,8.28169,1.500991,i2-i31-0770,scene-0770,scene-0770:image:215
0.0,0.000512,0.002379,0.002635,0.002104,1.334176,0.0,,0.44428,0.09729,,0.514225,NVTX inference includes CUDA event synchronization,3125429854844272,0.345156,3.492843,6.460459999999999,1.4814559999999997,8.512905,0.11236,1.291573,0.965444,3.839313,1.158347,0.003232,0.006336,4.605333,1.7366,1.035494,10.198438,27.692653,0.434596,1.776326,25245556050,25181396815,216,64.159235,dino,True,8.858061,1.575392,i2-i31-0770,scene-0770,scene-0770:image:216
0.0,0.0,0.002162,0.002515,0.001847,1.350013,0.0,,0.445388,0.106645,,0.548118,NVTX inference includes CUDA event synchronization,3125429924889904,0.352164,3.369832,5.736832,1.4624109999999995,7.841355999999999,0.105866,1.239493,0.916341,3.379829,1.081548,0.000544,0.007488,4.424627,1.702795,0.989653,10.291833,26.781293,0.412257,1.739021,25315601094,25252503900,217,63.097194,dino,True,8.19352,1.461214,i2-i31-0770,scene-0770,scene-0770:image:217
0.0,0.0,0.002041,0.002898,0.002006,1.371934,0.0,,0.402625,0.098718,,0.546569,NVTX inference includes CUDA event synchronization,3125429994908173,0.313379,3.355104,5.8922930000000004,1.4507539999999999,8.005705,0.112445,1.239421,0.843769,3.595947,1.0675,0.001152,0.008096,4.52592,1.693251,0.916217,10.273587,26.858763,0.421518,1.759331,25385619674,25322367796,218,63.251878,dino,True,8.319084,1.443655,i2-i31-0770,scene-0770,scene-0770:image:218
0.0,0.0,0.002166,0.002502,0.001936,1.376614,0.0,,0.406352,0.095565,,0.539493,NVTX inference includes CUDA event synchronization,3125430066564741,0.311716,3.437349,6.008184,1.5064980000000006,8.121096,0.107415,1.235814,0.896751,3.525424,1.152366,0.001024,0.00752,4.474473,1.693452,0.971215,10.372221,26.855734,0.413816,1.733345,25457276520,25394021932,219,63.254588,dino,True,8.432812,1.736527,i2-i31-0770,scene-0770,scene-0770:image:219
0.0,0.000249,0.002652,0.002426,0.001954,1.356339,0.0,,0.429299,0.095883,,0.541554,NVTX inference includes CUDA event synchronization,3125430166483948,0.325475,3.70168,5.859609000000001,1.4594420000000001,7.9644900000000005,0.121214,1.230922,0.966908,3.441704,1.061199,0.000512,0.008064,4.532083,1.68872,1.037246,10.299724,26.797397,0.426997,1.761408,25557195700,25494371187,220,62.824513,dino,True,8.289965,1.747102,i2-i31-0770,scene-0770,scene-0770:image:220
0.000596,0.001856,0.002276,0.003499,0.00196,1.380578,0.0,,0.393124,0.102577,,0.554083,NVTX inference includes CUDA event synchronization,3125430237280770,0.310532,3.360613,6.066365,1.5384340000000005,8.196382,0.103829,1.289499,0.818001,3.567498,1.181268,0.000608,0.007777,4.347037,1.749537,0.893458,10.344921,26.870531,0.403463,1.704321,25627992281,25564246367,221,63.745914,dino,True,8.506914,1.659451,i2-i31-0770,scene-0770,scene-0770:image:221
0.0,0.00048,0.002879,0.002609,0.001906,1.46002,0.0,,0.523256,0.096786,,0.541422,NVTX inference includes CUDA event synchronization,3125430369722106,0.353188,12.701775,6.846905,1.578371999999999,9.123075,0.140546,1.27603,1.717497,3.627741,1.127149,0.001088,0.00784,5.281951,1.711203,1.787577,10.235273,26.790401,0.445169,1.821112,25760433617,25696766306,222,63.667311,dino,True,9.476263,3.315932,i2-i31-0770,scene-0770,scene-0770:image:222
0.000528,0.0,0.002437,0.002572,0.00179,1.353166,0.0,,0.418463,0.10154,,0.547543,NVTX inference includes CUDA event synchronization,3125430439725909,0.32442,3.358589,5.8162199999999995,1.4277279999999992,7.919839,0.104719,1.244069,0.869029,3.528038,1.062419,0.000576,0.007681,4.384109,1.703434,0.940647,10.39756,26.873285,0.401947,1.713122,25830437235,25767247115,223,63.19012,dino,True,8.244259,1.465678,i2-i31-0770,scene-0770,scene-0770:image:223
0.0,0.0,0.002249,0.002457,0.001964,1.406123,0.0,,0.407295,0.120881,,0.537415,NVTX inference includes CUDA event synchronization,3125430510612456,0.314211,3.415173,6.501721,1.5041070000000003,8.665894,0.103106,1.363493,0.856085,4.103636,1.041806,0.000576,0.007296,4.404591,1.808812,0.930966,10.789915,26.879908,0.406713,1.709073,25901323694,25837511796,224,63.811898,dino,True,8.980105,1.491804,i2-i31-0770,scene-0770,scene-0770:image:224
0.0,0.000492,0.002313,0.003176,0.001954,1.344423,0.0,,0.444815,0.103182,,0.54717,NVTX inference includes CUDA event synchronization,3125430580993333,0.329926,3.424403,5.798781999999999,1.4707119999999998,7.9163809999999994,0.111932,1.232829,0.956996,3.382402,1.082092,0.00112,0.008224,4.544743,1.691169,1.031012,10.277166,26.862916,0.441013,1.773228,25971704676,25908555887,225,63.148789,dino,True,8.246307,1.55297,i2-i31-0770,scene-0770,scene-0770:image:225
0.000167,0.0,0.002247,0.003538,0.001905,1.369177,0.0,,0.432201,0.096793,,0.543148,NVTX inference includes CUDA event synchronization,3125430667455336,0.326884,3.541404,5.898114,1.4652969999999996,8.020406,0.109333,1.243095,0.930902,3.512377,1.076526,0.001056,0.008704,4.50003,1.694523,1.002935,10.297333,26.729101,0.420999,1.763517,26058166918,25995347941,226,62.818977,dino,True,8.34729,2.82181,i2-i31-0770,scene-0770,scene-0770:image:226
0.0,0.0,0.002265,0.003036,0.002021,1.366636,0.0,,0.401482,0.098466,,0.545466,NVTX inference includes CUDA event synchronization,3125430737590913,0.303492,3.356558,5.839747999999999,1.4570919999999994,7.955627999999999,0.10723,1.274541,0.847981,3.501192,1.062604,0.000576,0.007904,4.388984,1.733844,0.921358,10.309719,26.752409,0.419783,1.715285,26128302904,26065129460,227,63.173444,dino,True,8.25912,1.477508,i2-i31-0770,scene-0770,scene-0770:image:227
0.0,0.0,0.002956,0.003167,0.001985,1.418572,0.0,,0.454296,0.101492,,0.53942,NVTX inference includes CUDA event synchronization,3125430867957231,0.326437,11.485472,6.250833999999999,1.5611170000000003,8.446285,0.123651,1.240572,1.141219,3.616742,1.079021,0.003296,0.007104,4.658279,1.698719,1.211268,10.424588,26.768577,0.42953,1.779477,26258669237,26195340433,228,63.328804,dino,True,8.772722,2.611379,i2-i31-0770,scene-0770,scene-0770:image:228
0.0,0.0,0.00242,0.003274,0.002164,1.368746,0.0,,0.416145,0.103146,,0.558586,NVTX inference includes CUDA event synchronization,3125430938810662,0.312038,3.379389,5.863306,1.4822749999999996,8.005749,0.108908,1.245253,0.871042,3.491511,1.109326,0.001088,0.008384,4.492074,1.707977,0.945923,10.367406,26.945112,0.419446,1.764137,26329522178,26265784430,229,63.737748,dino,True,8.317787,1.48561,i2-i31-0770,scene-0770,scene-0770:image:229
0.0,0.0,0.003067,0.00248,0.002035,1.374813,0.0,,0.397161,0.103179,,0.559673,NVTX inference includes CUDA event synchronization,3125431008965876,0.309219,3.370663,5.857621,1.4491070000000006,7.990810000000001,0.104321,1.279723,0.841777,3.558242,1.059211,0.000608,0.00704,4.382261,1.723439,0.917138,10.349,26.787859,0.402137,1.723118,26399677322,26336537570,230,63.139752,dino,True,8.300029,1.468153,i2-i31-0770,scene-0770,scene-0770:image:230
0.000349,0.000866,0.002104,0.002578,0.001889,1.425562,0.0,,0.458395,0.105619,,0.548397,NVTX inference includes CUDA event synchronization,3125431079493647,0.329666,3.41624,6.285043999999999,1.5387419999999992,8.501137,0.104095,1.2603,0.914788,3.742144,1.262798,0.000544,0.007392,4.402088,1.717617,0.987621,10.493308,27.000354,0.410542,1.719755,26470205239,26406561550,231,63.643689,dino,True,8.830803,1.434674,i2-i31-0770,scene-0770,scene-0770:image:231
0.0,0.000299,0.00182,0.003358,0.001826,1.408601,0.000609,0.123669,0.395775,0.104233,0.0,0.547086,NVTX inference includes CUDA event synchronization,3125453187922304,0.32189,3.611919,5.9312890000000005,1.5083580000000003,8.196675,0.090738,1.227459,0.722242,3.811578,1.148814,0.004416,0.00496,3.29751,1.671204,0.796035,10.487372,26.688483,0.325286,1.336158,7230629489,7167799464,1,62.830025,dino,True,8.518565,1.225724,i2-i31-0398,scene-0398,scene-0398:image:1
0.000269,0.0,0.001997,0.002742,0.001875,1.434319,0.000608,,0.426281,0.099288,,0.542134,NVTX inference includes CUDA event synchronization,3125453268955313,0.317187,3.633243,6.233846,1.5348679999999995,8.426172,0.099517,1.293361,0.843103,3.829173,1.133225,0.002848,0.007264,3.548738,1.740308,0.916576,10.452063,26.649152,0.35484,1.406802,7311663026,7248457034,2,63.205992,dino,True,8.743359,1.319378,i2-i31-0398,scene-0398,scene-0398:image:2
0.0,0.000544,0.002063,0.002986,0.001761,1.408375,0.0,,0.410145,0.100681,,0.546161,NVTX inference includes CUDA event synchronization,3125453339032422,0.317221,3.695282,6.061059,1.5242250000000004,8.216554,0.092116,1.308667,0.808233,3.708458,1.082731,0.0024,0.006945,3.489856,1.763908,0.883626,10.542948,26.654654,0.358947,1.354092,7381740404,7318678907,3,63.061497,dino,True,8.533775,1.304901,i2-i31-0398,scene-0398,scene-0398:image:3
0.000544,0.000576,0.002389,0.002326,0.001795,1.428972,0.0,,0.441737,0.095471,,0.544421,NVTX inference includes CUDA event synchronization,3125453418658622,0.329859,3.686123,5.834042,1.5158700000000005,8.022414,0.118748,1.230863,0.867598,3.495369,1.115212,0.002848,0.005765,3.52383,1.6885,0.938767,10.330777,26.641907,0.337237,1.372717,7461365638,7398740978,4,62.62466,dino,True,8.352273,1.308328,i2-i31-0398,scene-0398,scene-0398:image:4
0.0,0.000111,0.002532,0.002407,0.001843,1.384491,0.0,,0.444029,0.096455,,0.545493,NVTX inference includes CUDA event synchronization,3125453524081199,0.334565,7.239086,6.020996,1.4832430000000008,8.163792,0.097182,1.264701,0.921364,3.573867,1.15128,0.000544,0.006176,3.653601,1.711169,0.991476,10.381612,26.710367,0.358005,1.398524,7566788263,7504039404,5,62.748859,dino,True,8.498357,1.584626,i2-i31-0398,scene-0398,scene-0398:image:5
0.0,0.0,0.002003,0.002735,0.00175,1.481172,0.0,,0.423305,0.113541,,0.562927,NVTX inference includes CUDA event synchronization,3125453604863551,0.320516,3.631049,6.480934,1.5671590000000002,8.747851,0.097384,1.366094,0.839454,4.001621,1.187183,0.002944,0.006528,3.571746,1.824018,0.910783,10.759785,26.878643,0.362021,1.391982,7647570821,7584032114,6,63.538707,dino,True,9.068367,1.354857,i2-i31-0398,scene-0398,scene-0398:image:6
0.0,0.000608,0.002126,0.002341,0.001759,1.435192,0.0,,0.434322,0.099741,,0.538802,NVTX inference includes CUDA event synchronization,3125453675768282,0.339236,3.665793,6.287540999999999,1.5495509999999992,8.463196,0.095672,1.268176,0.832032,3.909468,1.13822,0.003041,0.006272,3.56954,1.726006,0.907713,10.648104,26.860521,0.353512,1.412393,7718476028,7654501707,7,63.974321,dino,True,8.802432,1.266282,i2-i31-0398,scene-0398,scene-0398:image:7
0.0,0.000307,0.002259,0.002455,0.001919,1.431211,0.0,,0.475309,0.101792,,0.551864,NVTX inference includes CUDA event synchronization,3125453770886050,0.340419,4.95561,6.328118999999999,1.5592339999999991,8.554815999999999,0.098776,1.373788,0.923012,3.717723,1.216014,0.000544,0.006144,3.618477,1.823682,0.992837,10.376491,26.77382,0.358438,1.397953,7813593321,7750493854,8,63.099467,dino,True,8.895235,1.335445,i2-i31-0398,scene-0398,scene-0398:image:8
0.000208,0.000608,0.002253,0.002943,0.001942,1.540952,0.0,,0.438062,0.110593,,0.549042,NVTX inference includes CUDA event synchronization,3125453842165985,0.32458,3.680717,6.7204690000000005,1.5293930000000007,9.042492000000001,0.099266,1.328206,0.84371,4.407524,1.14891,0.00304,0.007023,3.592222,1.786291,0.918559,11.231811,26.694215,0.354878,1.440008,7884873813,7820859559,9,64.014254,dino,True,9.367072,1.309061,i2-i31-0398,scene-0398,scene-0398:image:9
0.000576,0.000576,0.002218,0.002288,0.001639,1.458262,0.0,,0.432371,0.102333,,0.555995,NVTX inference includes CUDA event synchronization,3125453919163871,0.327842,3.775397,6.29669,1.5298129999999999,8.525106,0.113991,1.285505,0.849344,3.929223,1.135312,0.002848,0.006912,3.593993,1.740743,0.921921,10.687242,26.6527,0.345559,1.370778,7961870936,7898736313,10,63.134623,dino,True,8.852948,1.334648,i2-i31-0398,scene-0398,scene-0398:image:10
0.0,0.0,0.002207,0.002179,0.00171,1.436115,0.0,,0.432789,0.106667,,0.555806,NVTX inference includes CUDA event synchronization,3125454019214173,0.319941,3.696723,6.321743999999999,1.5449839999999995,8.539276,0.11238,1.272586,0.873344,3.890724,1.155439,0.002816,0.006944,3.604001,1.736367,0.944801,10.651222,26.723587,0.353694,1.40368,8061921223,7998626285,11,63.294938,dino,True,8.859217,1.311935,i2-i31-0398,scene-0398,scene-0398:image:11
0.0,0.001216,0.002186,0.002327,0.00171,1.430661,0.0,,0.441933,0.097592,,0.550817,NVTX inference includes CUDA event synchronization,3125454105197504,0.332164,3.644358,6.163327000000001,1.5364760000000004,8.359605,0.098838,1.327256,0.884305,3.688175,1.14651,0.0024,0.007809,3.692256,1.773916,0.960018,10.386952,26.863138,0.361225,1.419195,8147904311,8084171373,12,63.732938,dino,True,8.691769,1.487647,i2-i31-0398,scene-0398,scene-0398:image:12
0.0,0.0,0.002241,0.002631,0.001806,1.464483,0.0,,0.4009,0.097673,,0.533342,NVTX inference includes CUDA event synchronization,3125454177475650,0.322723,3.681452,6.4876380000000005,1.466647000000001,8.667991,0.099256,1.366327,0.761507,3.713502,1.574291,0.004704,0.00448,3.389336,1.812574,0.83514,10.394835,28.814841,0.324293,1.319836,8220182821,8154981320,13,65.201501,dino,True,8.990714,1.27216,i2-i31-0398,scene-0398,scene-0398:image:13
0.0,0.0,0.002433,0.00272,0.001711,1.430511,0.0,,0.450163,0.094161,,0.532886,NVTX inference includes CUDA event synchronization,3125454271686882,0.348196,3.693488,6.204554,1.5078750000000003,8.370943,0.108519,1.222314,0.96465,3.733173,1.174992,0.000576,0.00704,3.953389,1.679922,1.034826,10.376394,26.934185,0.373083,1.46382,8314394454,8251457872,14,62.936582,dino,True,8.719139,4.138575,i2-i31-0398,scene-0398,scene-0398:image:14
0.0,0.0,0.001977,0.002601,0.00168,1.437777,0.0,,0.44946,0.09973,,0.544764,NVTX inference includes CUDA event synchronization,3125454342631869,0.341027,3.607154,6.1556630000000006,1.4772370000000006,8.352625,0.104225,1.253988,0.922975,3.814028,1.113039,0.000576,0.007584,4.384438,1.710503,0.997984,10.674557,26.701119,0.440955,1.828496,8385338941,8321934974,15,63.403967,dino,True,8.693652,1.757804,i2-i31-0398,scene-0398,scene-0398:image:15
9.6e-05,0.000608,0.002828,0.002303,0.001731,1.418778,0.000576,,0.457433,0.093055,,0.561947,NVTX inference includes CUDA event synchronization,3125454419369816,0.346821,3.656272,6.015663999999999,1.495171,8.208198,0.107495,1.22728,0.99483,3.616693,1.103758,0.001216,0.008576,4.498523,1.684822,1.066926,10.405266,26.657814,0.411738,1.788303,8462077042,8399105760,16,62.971282,dino,True,8.555019,1.830222,i2-i31-0398,scene-0398,scene-0398:image:16
0.000544,0.0,0.00233,0.00237,0.001639,1.524098,0.0,,0.440322,0.105451,,0.52974,NVTX inference includes CUDA event synchronization,3125454519970634,0.320068,4.043755,6.628531000000001,1.5101120000000003,8.914957000000001,0.121201,1.320813,0.960512,4.162566,1.149357,0.00352,0.006944,4.627703,1.733652,1.032705,10.531536,26.661716,0.437827,1.873482,8562678241,8499470951,17,63.20729,dino,True,9.235025,1.756618,i2-i31-0398,scene-0398,scene-0398:image:17
0.0,0.000576,0.002101,0.002654,0.001765,1.499763,0.0,,0.43273,0.101404,,0.5356,NVTX inference includes CUDA event synchronization,3125454605131895,0.320611,4.335355,6.429578,1.567202,8.68556,0.121447,1.319861,0.968523,3.863336,1.15713,0.001504,0.007168,4.577677,1.771896,1.038636,10.57042,26.80753,0.432879,1.812761,8647839833,8584537525,18,63.302308,dino,True,9.006171,1.778724,i2-i31-0398,scene-0398,scene-0398:image:18
0.0,0.0,0.002241,0.002187,0.001754,1.389796,0.0,,0.435018,0.102641,,0.567514,NVTX inference includes CUDA event synchronization,3125454675495995,0.341125,3.582467,5.953308999999999,1.5121469999999988,8.113335,0.109292,1.196382,0.924225,3.584978,1.117708,0.001248,0.00848,4.558102,1.651907,0.997666,10.303883,26.628914,0.407229,1.815707,8718204145,8655247941,19,62.956204,dino,True,8.45446,1.781416,i2-i31-0398,scene-0398,scene-0398:image:19
0.0,0.0,0.002758,0.002316,0.00244,1.460449,0.00048,,0.440144,0.100596,,0.517916,NVTX inference includes CUDA event synchronization,3125454770811101,0.354981,4.862065,6.193861,1.4659259999999996,8.365979,0.126906,1.255843,0.955674,3.792791,1.11486,0.001024,0.007936,4.571598,1.704648,1.02601,10.288538,26.594886,0.412658,1.808252,8813518498,8750930939,20,62.587559,dino,True,8.72096,1.770744,i2-i31-0398,scene-0398,scene-0398:image:20
0.000299,0.0,0.002301,0.002856,0.001827,1.484433,0.0,,0.416396,0.096963,,0.781704,NVTX inference includes CUDA event synchronization,3125454842966331,0.3097,3.633231,6.725687,1.7695410000000003,9.202766,0.106132,1.295517,0.871024,3.921916,1.540528,0.000608,0.0072,4.351797,1.747971,0.945169,10.679774,27.564837,0.494741,1.822945,8885673460,8821075790,21,64.59767,dino,True,9.512466,1.681877,i2-i31-0398,scene-0398,scene-0398:image:21
0.000402,0.000576,0.003079,0.002263,0.002121,1.468377,0.000447,,0.436731,0.100301,,0.520937,NVTX inference includes CUDA event synchronization,3125454919225610,0.320803,3.590282,6.153706000000001,1.5081730000000002,8.368137,0.108916,1.256878,0.956508,3.74623,1.102731,0.000608,0.008896,4.551915,1.715184,1.027773,10.600223,26.686235,0.42489,1.791823,8961932742,8898838292,22,63.09445,dino,True,8.68894,1.760544,i2-i31-0398,scene-0398,scene-0398:image:22
0.000248,0.0,0.003073,0.002405,0.001775,1.507531,0.0,,0.443797,0.109432,,0.547112,NVTX inference includes CUDA event synchronization,3125455025043269,0.322274,7.228647,6.816226,1.543367,9.109325,0.123148,1.34666,1.010823,4.277477,1.1195,0.00384,0.006784,4.633399,1.758567,1.080616,10.630248,26.579518,0.469237,1.829913,9067751013,9004604567,23,63.146446,dino,True,9.431599,2.130869,i2-i31-0398,scene-0398,scene-0398:image:23
0.0,0.000509,0.002654,0.002193,0.001765,1.419078,0.0,,0.416157,0.111408,,0.545624,NVTX inference includes CUDA event synchronization,3125455104445007,0.329474,3.654845,6.350206,1.456442,8.52012,0.10573,1.379692,0.971341,3.795931,1.131114,0.000576,0.008768,4.535261,1.8316,1.043469,10.58552,26.636804,0.429277,1.815393,9147152587,9083859598,24,63.292989,dino,True,8.849594,1.802144,i2-i31-0398,scene-0398,scene-0398:image:24
0.0,0.0,0.002997,0.002359,0.001818,1.373314,0.0,,0.405301,0.09746,,0.559225,NVTX inference includes CUDA event synchronization,3125455175182345,0.319618,3.655196,6.027609000000001,1.4567020000000008,8.150465,0.113918,1.181405,0.874724,3.764859,1.060331,0.004672,0.013472,6.952815,1.639457,0.948164,10.473421,26.638951,0.412972,1.834337,9217889359,9154731806,25,63.157553,dino,True,8.470083,1.735696,i2-i31-0398,scene-0398,scene-0398:image:25
0.0,0.000544,0.001885,0.002584,0.001895,1.430355,5.7e-05,,0.434432,0.101479,,0.54212,NVTX inference includes CUDA event synchronization,3125455271984651,0.335811,5.633519,6.084391000000001,1.5036240000000012,8.263931000000001,0.108832,1.272154,0.967405,3.638595,1.099116,0.001152,0.008864,4.36904,1.724032,1.038221,10.407033,26.746364,0.4442,1.805461,9314692892,9251588015,26,63.104877,dino,True,8.599742,1.850524,i2-i31-0398,scene-0398,scene-0398:image:26
0.0,0.0,0.002693,0.00228,0.001928,1.40207,0.0,,0.416309,0.106758,,0.544805,NVTX inference includes CUDA event synchronization,3125455342349077,0.32925,3.625135,5.996599999999999,1.4725349999999997,8.144193,0.127136,1.282422,0.8621,3.624023,1.095786,0.001184,0.008257,4.506305,1.737371,0.936117,10.511229,26.601036,0.423582,1.841332,9385056322,9321985904,27,63.070418,dino,True,8.473443,1.675188,i2-i31-0398,scene-0398,scene-0398:image:27
0.0,0.000928,0.002103,0.002232,0.001777,1.450273,0.0,,0.463533,0.110935,,0.545483,NVTX inference includes CUDA event synchronization,3125455419460912,0.345155,3.675751,6.027396000000001,1.497472000000001,8.259505,0.125174,1.271415,0.982557,3.616509,1.101069,0.00352,0.006944,4.644112,1.729085,1.053566,10.49858,26.66396,0.457526,1.845383,9462168249,9399120505,28,63.047744,dino,True,8.60466,1.762947,i2-i31-0398,scene-0398,scene-0398:image:28
0.0,0.000512,0.002075,0.002771,0.001834,1.442616,0.0,,0.450992,0.096956,,0.542537,NVTX inference includes CUDA event synchronization,3125455524918617,0.330052,7.417274,6.074522,1.496066,8.284763,0.110195,1.286533,0.983748,3.612146,1.118543,0.002144,0.00544,4.586387,1.739401,1.05498,10.404805,26.69924,0.447909,1.844712,9567626147,9504616449,29,63.009698,dino,True,8.614815,2.122418,i2-i31-0398,scene-0398,scene-0398:image:29
0.0,0.000424,0.002336,0.002501,0.001793,1.457914,0.000273,,0.448182,0.100705,,0.539939,NVTX inference includes CUDA event synchronization,3125455603789068,0.34922,3.626358,6.554399999999999,1.5359619999999996,8.759246999999998,0.10794,1.380688,0.978484,3.977831,1.118218,0.001216,0.008128,4.517867,1.841045,1.050421,10.841002,26.647061,0.430637,1.791074,9646496931,9582905163,30,63.591768,dino,True,9.108467,1.700295,i2-i31-0398,scene-0398,scene-0398:image:30
0.0,0.0,0.002172,0.002938,0.001723,1.472734,0.00064,,0.442418,0.113322,,0.532416,NVTX inference includes CUDA event synchronization,3125455674702426,0.331268,3.671981,6.276351,1.5681500000000002,8.513446,0.110308,1.374337,0.91953,3.772184,1.090829,0.00112,0.008256,4.465737,1.829126,0.992587,10.4324,26.679749,0.423943,1.812744,9717410167,9653954532,31,63.455635,dino,True,8.844714,1.712863,i2-i31-0398,scene-0398,scene-0398:image:31
0.0,0.0,0.002877,0.002547,0.001858,1.463868,0.00112,,0.43926,0.113445,,0.544704,NVTX inference includes CUDA event synchronization,3125455772270688,0.337605,5.459321,6.541322999999999,1.4947139999999992,8.773397,0.110204,1.355345,0.969205,4.092497,1.079181,0.000544,0.009312,4.556316,1.781941,1.040087,10.626486,26.724494,0.404334,1.832295,9814977975,9751589302,32,63.388673,dino,True,9.111002,1.804772,i2-i31-0398,scene-0398,scene-0398:image:32
0.0,0.000559,0.002058,0.002934,0.001843,1.406656,0.0,,0.456611,0.093138,,0.547176,NVTX inference includes CUDA event synchronization,3125455843116527,0.341444,3.66523,6.224435999999999,1.4827199999999987,8.393967,0.128766,1.225473,0.937754,3.863058,1.08868,0.001728,0.007232,4.647875,1.683303,1.009467,10.691288,26.673141,0.449387,1.85293,9885823902,9822502391,33,63.321511,dino,True,8.735411,1.695805,i2-i31-0398,scene-0398,scene-0398:image:33
0.0,0.0,0.002053,0.002287,0.001824,1.523383,0.0,,0.460163,0.123282,,0.540021,NVTX inference includes CUDA event synchronization,3125455919244750,0.338882,3.589461,6.636561,1.5460190000000003,8.950692,0.104732,1.32732,0.921639,4.245467,1.135597,0.000576,0.008224,4.378684,1.741308,0.995048,10.596715,26.698456,0.403871,1.711215,9961952123,9898731511,34,63.220612,dino,True,9.289574,1.694957,i2-i31-0398,scene-0398,scene-0398:image:34
0.0,0.0,0.002407,0.002192,0.001732,1.536868,0.0,,0.478622,0.104982,,0.525918,NVTX inference includes CUDA event synchronization,3125456066063085,0.3353,9.975508,6.7474430000000005,1.5245009999999999,9.064864,0.122656,1.3078,1.193827,4.102857,1.135755,0.00336,0.009408,4.657144,1.719482,1.263299,10.479494,26.624331,0.457929,1.824258,10108770187,10045772004,35,62.998183,dino,True,9.400164,2.932705,i2-i31-0398,scene-0398,scene-0398:image:35
0.0,0.0,0.00231,0.002434,0.001879,1.424746,0.000127,,0.435904,0.101219,,0.526134,NVTX inference includes CUDA event synchronization,3125456136699824,0.327589,3.618606,6.540558,1.495539,8.707722,0.108413,1.810974,0.9326,3.543738,1.134191,0.000512,0.009344,4.502143,2.26538,1.002425,10.277649,26.660124,0.424742,1.78471,10179406491,10116255741,36,63.15075,dino,True,9.035311,1.738965,i2-i31-0398,scene-0398,scene-0398:image:36
1e-06,0.0,0.00205,0.002774,0.001731,1.440795,0.0,,0.426211,0.098625,,0.53386,NVTX inference includes CUDA event synchronization,3125456207525889,0.325538,3.70877,6.329096999999999,1.4933579999999997,8.509606,0.100502,1.301013,0.865797,3.936156,1.128622,0.00112,0.008576,4.498419,1.741208,0.941606,10.625021,26.745547,0.420409,1.794357,10250232828,10186939082,37,63.293746,dino,True,8.835144,1.710976,i2-i31-0398,scene-0398,scene-0398:image:37
0.0,0.000576,0.002104,0.002718,0.00167,1.416225,0.0,,0.429221,0.101164,,0.543929,NVTX inference includes CUDA event synchronization,3125456278234059,0.326084,3.634699,6.179269999999999,1.5052899999999996,8.350793,0.114589,1.284958,0.911376,3.739436,1.112268,0.001088,0.007872,4.568162,1.74,0.984401,10.510323,26.76622,0.417783,1.765636,10320941332,10257598140,38,63.343192,dino,True,8.676877,1.64953,i2-i31-0398,scene-0398,scene-0398:image:38
0.0,0.001216,0.00218,0.002414,0.001835,1.479634,0.001088,,0.440821,0.100291,,0.549642,NVTX inference includes CUDA event synchronization,3125456349013445,0.337411,3.674509,6.406571,1.5259999999999998,8.648281,0.110935,1.320132,0.924115,3.975281,1.118925,0.003584,0.00672,4.634787,1.76398,0.995348,10.562907,26.664492,0.438716,1.796399,10391720620,10328447547,39,63.273073,dino,True,8.985692,1.725997,i2-i31-0398,scene-0398,scene-0398:image:39
0.0,0.0,0.002125,0.002243,0.002669,1.430298,0.000544,,0.432342,0.100057,,0.54739,NVTX inference includes CUDA event synchronization,3125456419845155,0.33581,3.636979,6.248191,1.510187000000001,8.430049,0.106277,1.314132,0.944818,3.760385,1.121132,0.001248,0.00768,4.482866,1.772089,1.017363,10.626256,26.766097,0.41653,1.805396,10462552069,10399190127,40,63.361942,dino,True,8.765859,1.700423,i2-i31-0398,scene-0398,scene-0398:image:40
0.0,0.0,0.00323,0.002357,0.001766,1.492161,0.0,,0.486588,0.113459,,0.534119,NVTX inference includes CUDA event synchronization,3125456569765310,0.353251,13.44017,6.666028000000001,1.512690000000001,8.946457,0.116763,1.342384,1.197119,4.012848,1.105328,0.00336,0.009216,4.706668,1.754485,1.267071,10.373811,26.617944,0.437487,1.8505,10612472696,10549491547,41,62.981149,dino,True,9.299708,3.051655,i2-i31-0398,scene-0398,scene-0398:image:41
0.0,0.0,0.002021,0.003062,0.001835,1.439868,0.0,,0.427371,0.102312,,0.532877,NVTX inference includes CUDA event synchronization,3125456640399027,0.330724,3.63057,6.483413,1.4759279999999997,8.662035,0.108275,1.406788,0.906984,3.970356,1.113772,0.001088,0.009568,4.491161,1.828936,0.979816,10.502364,26.806659,0.415309,1.839186,10683107413,10619779413,42,63.328,dino,True,8.992759,1.650821,i2-i31-0398,scene-0398,scene-0398:image:42
0.0,0.0,0.002059,0.003453,0.001753,1.418713,0.000594,,0.445124,0.097345,,0.566496,NVTX inference includes CUDA event synchronization,3125456710993080,0.3545,3.688428,6.236485,1.4777209999999998,8.417522,0.108723,1.255064,0.932595,3.86264,1.125647,0.001184,0.008448,4.509883,1.706561,1.003859,10.433716,26.699841,0.429004,1.800822,10753700834,10690550780,43,63.150054,dino,True,8.772022,1.679102,i2-i31-0398,scene-0398,scene-0398:image:43
0.0,0.0,0.013055,0.003007,0.001853,1.502415,0.000328,,0.448743,0.097216,,0.560717,NVTX inference includes CUDA event synchronization,3125456782303078,0.332546,3.644803,6.398800000000001,1.627981000000001,8.693588,0.1055,1.290882,0.876015,3.995789,1.120687,0.001248,0.008032,4.504715,1.747208,0.971056,10.809151,26.682259,0.417791,1.754699,10825010482,10761376049,44,63.634433,dino,True,9.026134,1.893434,i2-i31-0398,scene-0398,scene-0398:image:44
0.0,0.000903,0.002289,0.002284,0.001882,1.445789,0.0,,0.451123,0.12123,,0.541174,NVTX inference includes CUDA event synchronization,3125456853288923,0.340614,3.667047,6.283321,1.5327250000000001,8.509381,0.106133,1.290689,0.975859,3.881507,1.053226,0.001216,0.00864,4.572917,1.745604,1.047764,10.560407,26.686373,0.429983,1.791099,10895996035,10832647017,45,63.349018,dino,True,8.849995,1.713818,i2-i31-0398,scene-0398,scene-0398:image:45
0.000207,0.0,0.002404,0.002922,0.001809,1.420255,0.0,,0.427482,0.097771,,0.543958,NVTX inference includes CUDA event synchronization,3125456924036402,0.336163,3.656572,6.163512000000001,1.4719420000000003,8.324157,0.106337,1.303103,0.898224,3.770206,1.100844,0.001088,0.008576,4.516846,1.751717,0.971185,10.511988,26.681538,0.422972,1.784112,10966744027,10903503937,46,63.24009,dino,True,8.66032,1.668886,i2-i31-0398,scene-0398,scene-0398:image:46
0.0,0.0,0.002328,0.002287,0.001865,1.411448,0.0,,0.454576,0.098215,,0.520519,NVTX inference includes CUDA event synchronization,3125457054149473,0.337924,3.731594,6.325538000000001,1.5207610000000011,8.478852000000002,0.110645,1.283248,1.039406,3.768623,1.082381,0.00352,0.008192,4.667187,1.738385,1.109583,10.497177,26.619302,0.44042,1.799844,11096856447,11033854768,47,63.001679,dino,True,8.816776,1.595902,i2-i31-0398,scene-0398,scene-0398:image:47
0.0,0.0,0.00195,0.002303,0.001781,1.409326,0.0,,0.422138,0.103024,,0.547118,NVTX inference includes CUDA event synchronization,3125457124922905,0.331875,3.643792,6.238584,1.5128320000000004,8.394349,0.105635,1.386567,0.911153,3.695845,1.105328,0.001088,0.007776,4.490562,1.837804,0.986259,10.44316,26.756594,0.39972,1.811031,11167630137,11104182559,48,63.447578,dino,True,8.726224,1.51782,i2-i31-0398,scene-0398,scene-0398:image:48
0.0,0.0,0.002224,0.002314,0.00236,1.450232,0.000576,,0.449137,0.096426,,0.542816,NVTX inference includes CUDA event synchronization,3125457195708725,0.335716,3.672929,6.318867000000001,1.511387000000001,8.529236000000001,0.107514,1.316638,0.915567,3.830538,1.171308,0.001824,0.010176,4.674541,1.771747,0.987856,10.599852,26.732326,0.4526,1.86519,11238415812,11174992698,49,63.423114,dino,True,8.864952,1.563606,i2-i31-0398,scene-0398,scene-0398:image:49
0.0,0.0,0.00231,0.002328,0.001924,1.457407,0.0,,0.440728,0.100784,,0.544622,NVTX inference includes CUDA event synchronization,3125457268987526,0.333572,3.60999,6.302873,1.5034390000000002,8.519404,0.108671,1.35334,0.910062,3.886443,1.081357,0.001184,0.00848,4.490095,1.797663,0.981263,10.465261,26.659186,0.396366,1.806816,11311695352,11248551678,50,63.143674,dino,True,8.852976,1.486428,i2-i31-0398,scene-0398,scene-0398:image:50
0.0,0.000454,0.002146,0.002225,0.001953,1.450192,0.0,,0.42685,0.09847,,0.546056,NVTX inference includes CUDA event synchronization,3125457339496507,0.331427,3.627465,6.147417999999999,1.453739999999999,8.344337,0.105597,1.271167,0.934995,3.789803,1.111822,0.001088,0.007552,4.457713,1.726178,1.007315,10.567724,26.678021,0.438928,1.797459,11382204291,11319001888,51,63.202403,dino,True,8.675764,1.47705,i2-i31-0398,scene-0398,scene-0398:image:51
0.0,0.000576,0.002099,0.0023,0.001611,1.38848,0.000576,,0.460986,0.100087,,0.56485,NVTX inference includes CUDA event synchronization,3125457418845104,0.355651,3.559686,5.949345999999999,1.448376999999999,8.11526,0.111597,1.213081,0.99639,3.472044,1.22027,0.001216,0.007936,4.590646,1.672958,1.067976,10.301099,26.805316,0.427933,1.83529,11461552319,11398663725,52,62.888594,dino,True,8.470911,1.507538,i2-i31-0398,scene-0398,scene-0398:image:52
0.0,0.000576,0.002117,0.002446,0.00167,1.405113,0.0,,0.490395,0.10328,,0.532114,NVTX inference includes CUDA event synchronization,3125457570671673,0.366372,13.764999,6.166283,1.539161,8.337622,0.147462,1.197188,1.093701,3.625991,1.093483,0.000576,0.006432,4.055292,1.647337,1.164262,10.152264,26.593279,0.343129,1.338889,11613378514,11550762477,53,62.616037,dino,True,8.703994,3.227093,i2-i31-0398,scene-0398,scene-0398:image:53
0.0,0.0,0.003157,0.002345,0.001792,1.385139,0.0,,0.433517,0.100376,,0.543059,NVTX inference includes CUDA event synchronization,3125457641059134,0.330692,3.587896,5.961434,1.486021,8.100127,0.104148,1.314513,0.874702,3.54109,1.102441,0.000544,0.00736,4.321867,1.770293,0.949967,10.307617,26.683816,0.405129,1.730943,11683766100,11620727640,54,63.03846,dino,True,8.430819,1.691136,i2-i31-0398,scene-0398,scene-0398:image:54
0.0,0.000608,0.001991,0.002895,0.001738,1.39824,0.0,,0.408392,0.095833,,0.551941,NVTX inference includes CUDA event synchronization,3125457711382668,0.333346,3.59097,5.879334,1.4523350000000006,8.007626,0.107402,1.243704,0.856323,3.641323,1.031341,0.001056,0.007488,4.288484,1.694782,0.928292,10.252303,26.69418,0.407834,1.709568,11754090172,11691187519,55,62.902653,dino,True,8.340972,1.74203,i2-i31-0398,scene-0398,scene-0398:image:55
0.0,0.000576,0.002028,0.002347,0.001809,1.434094,0.0,,0.512116,0.102403,,0.553821,NVTX inference includes CUDA event synchronization,3125457782830959,0.360485,3.683288,6.458898999999999,1.6214519999999997,8.707607999999999,0.112083,1.244739,1.04819,3.843503,1.188142,0.000576,0.009408,4.580803,1.704424,1.122558,10.639364,26.748306,0.430836,1.904757,11825538558,11761873395,56,63.665163,dino,True,9.068093,1.6863,i2-i31-0398,scene-0398,scene-0398:image:56
0.0,0.0,0.002154,0.002945,0.001834,1.322617,0.0,,0.423811,0.090013,,0.550438,NVTX inference includes CUDA event synchronization,3125457852630944,0.334724,3.627528,5.6423749999999995,1.4505419999999996,7.701463,0.107639,1.191423,0.914249,3.317859,1.045419,0.000576,0.00848,4.380285,1.649761,0.987466,9.990511,26.668967,0.402295,1.724167,11895338676,11832751343,57,62.587333,dino,True,8.036187,1.496747,i2-i31-0398,scene-0398,scene-0398:image:57
0.0,0.0,0.002197,0.002201,0.001932,1.344248,0.0,,0.413583,0.091949,,0.551951,NVTX inference includes CUDA event synchronization,3125458034094150,0.330308,3.579741,5.523715,1.428273,7.601468000000001,0.104455,1.180661,0.858663,3.285764,1.065512,0.000608,0.00784,4.267425,1.640956,0.92916,10.026481,26.639047,0.397139,1.703423,12076801083,12014338369,59,62.462714,dino,True,7.931776,1.443648,i2-i31-0398,scene-0398,scene-0398:image:59
0.0,0.0,0.002175,0.002835,0.001708,1.361461,0.0,,0.431712,0.098669,,0.534169,NVTX inference includes CUDA event synchronization,3125458103887140,0.32791,3.576119,5.884138999999999,1.4678939999999994,7.988957999999999,0.109022,1.295028,0.913761,3.441614,1.081101,0.000512,0.007936,4.354796,1.741434,0.987841,10.166162,26.57812,0.421749,1.743275,12146594571,12083748279,60,62.846292,dino,True,8.316868,1.467899,i2-i31-0398,scene-0398,scene-0398:image:60
0.0,0.0,0.002093,0.002218,0.001641,1.335361,0.0,,0.407909,0.090442,,0.540702,NVTX inference includes CUDA event synchronization,3125458173694406,0.320487,3.614088,5.606351999999999,1.4309209999999997,7.666231,0.108874,1.19099,0.895518,3.322993,1.02955,0.000512,0.00736,4.339668,1.64792,0.967454,10.061707,26.693854,0.399854,1.713937,12216401872,12153724836,61,62.677036,dino,True,7.986718,1.458837,i2-i31-0398,scene-0398,scene-0398:image:61
0.0,0.000544,0.002339,0.002199,0.001666,1.344234,0.0,,0.423619,0.098036,,0.54925,NVTX inference includes CUDA event synchronization,3125458271912091,0.328194,6.082735,5.593764,1.4236250000000004,7.687457,0.107742,1.179344,0.933133,3.3141,1.048715,0.001056,0.007936,4.389047,1.644465,1.003439,10.088518,26.647426,0.411505,1.733956,12314619301,12252278166,62,62.341135,dino,True,8.015651,1.704037,i2-i31-0398,scene-0398,scene-0398:image:62
0.0,0.0,0.002212,0.00274,0.001664,1.373114,0.0,,0.432073,0.094147,,0.544184,NVTX inference includes CUDA event synchronization,3125458355604206,0.33738,3.561363,5.841184,1.44409,7.953938000000001,0.11228,1.211905,0.942948,3.541812,1.029643,0.000576,0.008064,4.34394,1.668324,1.014694,10.316789,26.613904,0.405567,1.735225,12398311843,12335601720,63,62.710123,dino,True,8.291318,1.490351,i2-i31-0398,scene-0398,scene-0398:image:63
0.0,0.0,0.002108,0.002973,0.001733,1.384017,0.0,,0.411083,0.095868,,0.552896,NVTX inference includes CUDA event synchronization,3125458427158423,0.331142,3.572694,5.883175,1.4693399999999999,8.002711,0.103784,1.221805,0.856575,3.625154,1.049387,0.00064,0.007168,4.278535,1.665428,0.928256,10.277426,26.652131,0.395777,1.691514,12469865853,12407068179,64,62.797674,dino,True,8.333853,3.192013,i2-i31-0398,scene-0398,scene-0398:image:64
0.0,0.0,0.00219,0.002278,0.001771,1.396332,0.0,,0.440147,0.095384,,0.544404,NVTX inference includes CUDA event synchronization,3125458519231491,0.341698,3.918163,5.772141,1.4520400000000002,7.912949,0.108609,1.241759,0.958396,3.43079,1.054125,0.001088,0.00784,4.423613,1.702724,1.029725,10.333593,26.648002,0.419496,1.771017,12561938723,12499269237,65,62.669486,dino,True,8.254647,1.586242,i2-i31-0398,scene-0398,scene-0398:image:65
0.0,0.0,0.002026,0.002338,0.001814,1.369708,0.0,,0.424738,0.098058,,0.546549,NVTX inference includes CUDA event synchronization,3125458589210975,0.33021,3.60153,5.881479000000001,1.4467340000000002,7.9965,0.105633,1.344734,0.868812,3.509938,1.042827,0.000576,0.007456,4.276557,1.789541,0.940333,10.180936,26.658763,0.40192,1.688826,12631917919,12569067284,66,62.850635,dino,True,8.32671,1.446073,i2-i31-0398,scene-0398,scene-0398:image:66
0.0,0.0,0.002196,0.00227,0.001721,1.394979,0.0,,0.432956,0.090195,,0.53433,NVTX inference includes CUDA event synchronization,3125458668480384,0.336611,3.615699,5.8472800000000005,1.448836000000001,7.969316000000001,0.107309,1.226036,0.928966,3.505425,1.080459,0.00112,0.007776,4.42276,1.679224,0.999751,10.11926,26.676822,0.418507,1.759697,12711187636,12648616475,67,62.571161,dino,True,8.305927,1.486719,i2-i31-0398,scene-0398,scene-0398:image:67
0.000317,0.0,0.002615,0.002474,0.001794,1.398317,0.0,,0.439866,0.099571,,0.55539,NVTX inference includes CUDA event synchronization,3125458775834768,0.333442,7.990237,6.008903999999999,1.4604769999999991,8.175806,0.111059,1.247892,1.00193,3.631719,1.048267,0.001152,0.006752,4.405139,1.71004,1.07278,10.488099,26.700631,0.411458,1.750402,12818541888,12755410027,68,63.131861,dino,True,8.509248,1.987284,i2-i31-0398,scene-0398,scene-0398:image:68
0.0,0.0,0.002215,0.002346,0.001755,1.4146,0.0,,0.442609,0.094066,,0.549718,NVTX inference includes CUDA event synchronization,3125458855831606,0.335523,3.653038,6.122212000000001,1.4713450000000003,8.293998,0.105596,1.259018,0.957473,3.769483,1.058062,0.000576,0.007968,4.376656,1.673198,1.028354,10.148904,26.647157,0.412974,1.73859,12898538909,12836013134,69,62.525775,dino,True,8.629521,1.513678,i2-i31-0398,scene-0398,scene-0398:image:69
0.0,0.000544,0.002275,0.002894,0.001862,1.353272,0.0,,0.414927,0.094354,,0.554859,NVTX inference includes CUDA event synchronization,3125458925448063,0.327363,3.604651,5.699021,1.442438,7.796645,0.105006,1.227539,0.888624,3.397477,1.054827,0.000512,0.007585,4.302213,1.672694,0.958992,10.138744,26.698442,0.398498,1.718989,12968155104,12905673099,70,62.482005,dino,True,8.124008,1.441782,i2-i31-0398,scene-0398,scene-0398:image:70
0.0,0.000608,0.002766,0.002286,0.001828,1.413714,0.0,,0.424189,0.092837,,0.540248,NVTX inference includes CUDA event synchronization,3125459021214854,0.323875,5.363682,6.043061,1.4704480000000002,8.197662000000001,0.120076,1.274322,0.953119,3.630214,1.064941,0.001024,0.007393,4.451881,1.685942,1.023296,10.01712,26.766575,0.416859,1.758645,13063921978,13001477257,71,62.444721,dino,True,8.521537,1.624446,i2-i31-0398,scene-0398,scene-0398:image:71
0.0,0.000544,0.002398,0.002842,0.001726,1.358864,0.0,,0.426678,0.09682,,0.54168,NVTX inference includes CUDA event synchronization,3125459090900223,0.33495,3.551547,5.908256,1.4584839999999994,8.004858,0.103508,1.325653,0.883334,3.492144,1.069517,0.000576,0.006592,4.286993,1.782714,0.954439,10.174044,26.64979,0.394989,1.696334,13133607446,13070883591,72,62.723855,dino,True,8.339808,1.440256,i2-i31-0398,scene-0398,scene-0398:image:72
0.0,0.0,0.003143,0.002415,0.001834,1.391842,0.0,,0.462151,0.096639,,0.55016,NVTX inference includes CUDA event synchronization,3125459168559944,0.378501,3.516666,5.970437,1.4646080000000001,8.10012,0.107634,1.255988,0.956914,3.610617,1.074988,0.000608,0.007264,4.372591,1.705336,1.027603,10.221647,26.713601,0.398491,1.724914,13211267129,13148404908,73,62.862221,dino,True,8.478621,1.471819,i2-i31-0398,scene-0398,scene-0398:image:73
0.0,0.0,0.002136,0.002348,0.001675,1.389444,0.0,,0.446236,0.095792,,0.559783,NVTX inference includes CUDA event synchronization,3125459273980553,0.335974,7.023424,5.980704,1.4453960000000006,8.142144,0.106595,1.233284,0.978586,3.640356,1.065357,0.001088,0.007456,4.395514,1.651209,1.050331,10.109161,26.714476,0.416014,1.771206,13316687504,13254041722,74,62.645782,dino,True,8.478118,1.834015,i2-i31-0398,scene-0398,scene-0398:image:74
0.0,0.0,0.00229,0.002336,0.00181,1.388226,0.0,,0.420997,0.103586,,0.540237,NVTX inference includes CUDA event synchronization,3125459356105767,0.330021,3.533942,5.936440000000001,1.4446100000000008,8.065901,0.109375,1.236444,0.922176,3.627306,1.047083,0.00112,0.007808,4.375266,1.694662,0.993153,10.35771,26.648831,0.407936,1.728317,13398813094,13336084992,75,62.728102,dino,True,8.395922,1.495972,i2-i31-0398,scene-0398,scene-0398:image:75
0.0,0.0,0.002236,0.002328,0.001841,1.352993,0.0,,0.417059,0.095477,,0.551875,NVTX inference includes CUDA event synchronization,3125459425906817,0.332132,3.569768,5.7111540000000005,1.4251210000000007,7.802831000000001,0.104446,1.21246,0.877077,3.47521,1.032265,0.000544,0.00784,4.308327,1.652339,0.951702,10.134996,26.699589,0.402748,1.694088,13468613899,13405970114,76,62.643785,dino,True,8.134963,1.513346,i2-i31-0398,scene-0398,scene-0398:image:76
0.0,0.0,0.001948,0.002194,0.001692,1.42411,0.000547,,0.423379,0.098429,,0.52538,NVTX inference includes CUDA event synchronization,3125459520883762,0.321189,5.184278,6.245502999999999,1.4897009999999993,8.401993,0.107691,1.264055,0.921923,3.791415,1.140141,0.000512,0.007744,4.367471,1.688573,0.992067,10.195785,26.779608,0.416178,1.722097,13563590935,13501007807,77,62.583128,dino,True,8.723182,1.639194,i2-i31-0398,scene-0398,scene-0398:image:77
0.000576,0.000512,0.002287,0.002353,0.002004,1.385729,0.0,,0.409778,0.099658,,0.554691,NVTX inference includes CUDA event synchronization,3125459591186174,0.326211,3.568191,5.743074,1.4439359999999999,7.874451,0.090896,1.223742,0.771596,3.57746,1.083592,0.004416,0.005024,3.373289,1.685794,0.842668,10.29264,26.649872,0.329584,1.305204,13633893794,13571290646,78,62.603148,dino,True,8.200662,1.93394,i2-i31-0398,scene-0398,scene-0398:image:78
0.0,0.000576,0.002129,0.002828,0.001789,1.422162,0.0,,0.390658,0.099168,,0.561874,NVTX inference includes CUDA event synchronization,3125459668707992,0.314178,3.609977,6.003012000000001,1.5132130000000004,8.170018,0.091881,1.228984,0.781636,3.667118,1.1923,0.004448,0.004616,3.396753,1.682302,0.854341,10.138037,26.81579,0.330559,1.329991,13711415594,13648649938,79,62.765656,dino,True,8.484196,1.64197,i2-i31-0398,scene-0398,scene-0398:image:79
0.0,0.000608,0.002042,0.002396,0.002141,1.400923,0.0,,0.453833,0.09548,,0.533083,NVTX inference includes CUDA event synchronization,3125459768923739,0.345091,3.656216,5.949889000000001,1.5258420000000008,8.095304,0.096691,1.303894,0.883548,3.531273,1.090027,0.002752,0.006368,3.531975,1.742141,0.953724,10.181939,26.659143,0.338544,1.496915,13811630921,13749121491,80,62.50943,dino,True,8.440395,1.612885,i2-i31-0398,scene-0398,scene-0398:image:80
0.0,0.0,0.002317,0.002365,0.001706,1.411137,0.000544,,0.384048,0.101264,,0.592893,NVTX inference includes CUDA event synchronization,3125459860421938,0.310631,3.763679,6.081468000000001,1.5035630000000006,8.267111,0.098376,1.260268,0.881616,3.723378,1.105485,0.002848,0.002208,3.544255,1.673554,0.949136,10.154316,26.621453,0.339669,1.351383,13903129133,13839754341,81,63.374792,dino,True,8.577742,1.773241,i2-i31-0398,scene-0398,scene-0398:image:81
0.000544,0.0,0.002758,0.002357,0.002354,1.358924,0.0,,0.413076,0.091136,,0.569181,NVTX inference includes CUDA event synchronization,3125459930302533,0.332834,3.542515,5.713374,1.4642209999999993,7.820869999999999,0.092148,1.200678,0.788043,3.520985,1.080492,0.003328,0.003809,3.371688,1.650731,0.859596,10.187897,26.697595,0.337253,1.308059,13973009697,13910417512,82,62.592185,dino,True,8.153704,1.610107,i2-i31-0398,scene-0398,scene-0398:image:82
0.0,0.0,0.002947,0.002889,0.001868,1.535368,0.0,,0.460067,0.113243,,0.558106,NVTX inference includes CUDA event synchronization,3125460020073187,0.319908,3.744859,6.899495,2.0545809999999998,9.254075,0.092569,1.232631,0.802662,4.187911,1.196781,0.002144,0.004704,3.44729,1.69539,0.873927,10.649861,27.465774,0.333276,1.304876,14062782186,13998937971,83,63.844215,dino,True,9.573983,1.692145,i2-i31-0398,scene-0398,scene-0398:image:83
4e-05,0.0,0.002756,0.002195,0.001889,1.411279,0.0,,0.402872,0.093944,,0.53519,NVTX inference includes CUDA event synchronization,3125460090518413,0.320196,3.549248,6.046256,1.478338,8.176225,0.095337,1.332413,0.807653,3.643209,1.130703,0.00224,0.006528,3.63217,1.782405,0.878726,10.274515,26.713422,0.341199,1.354205,14133225427,14070195538,84,63.029889,dino,True,8.496421,1.685197,i2-i31-0398,scene-0398,scene-0398:image:84
0.0,0.0,0.004651,0.00337,0.004627,1.796268,0.0,,0.441286,0.149169,,0.542069,NVTX inference includes CUDA event synchronization,3125460276758965,0.326179,6.379763,8.243524,1.5881490000000014,10.858785000000001,0.097466,2.527555,0.845818,5.016203,1.101325,0.002816,0.005632,3.480697,2.990985,0.915963,11.865396,26.610664,0.35378,1.329657,14319468243,14254047699,85,65.420544,dino,True,11.184964,1.552064,i2-i31-0398,scene-0398,scene-0398:image:85
0.0,0.00024,0.002849,0.002921,0.001924,1.424281,0.0,,0.577062,0.096656,,0.563233,NVTX inference includes CUDA event synchronization,3125460358716118,0.449861,3.869369,6.355677,1.5882620000000003,8.574982,0.119509,1.261096,1.171322,3.804409,1.071317,0.001696,0.007232,3.664848,1.719596,1.242298,10.638201,26.676999,0.349759,1.364953,14401424416,14337805663,86,63.618753,dino,True,9.024843,2.082327,i2-i31-0398,scene-0398,scene-0398:image:86
0.0,0.000576,0.002075,0.002803,0.001773,1.366617,0.000576,,0.462704,0.09708,,0.542287,NVTX inference includes CUDA event synchronization,3125460431318994,0.360932,3.942152,5.7571579999999996,1.4724309999999994,7.872717,0.141058,1.196481,0.903684,3.362478,1.147565,0.002976,0.006976,3.64544,1.654631,0.997926,10.061743,26.684391,0.350223,1.348777,14474026417,14411318930,87,62.707487,dino,True,8.233649,3.437003,i2-i31-0398,scene-0398,scene-0398:image:87
0.0,0.0,0.002386,0.00223,0.002337,1.38952,0.0,,0.399498,0.091007,,0.538579,NVTX inference includes CUDA event synchronization,3125460519820878,0.313891,3.805301,5.842986,1.6760509999999993,7.954651999999999,0.10129,1.194986,0.782686,3.271771,1.230335,0.004128,0.007296,3.421308,1.655822,0.853439,10.156773,26.6953,0.326584,1.423177,14562528077,14498872941,88,63.655136,dino,True,8.268543,1.515528,i2-i31-0398,scene-0398,scene-0398:image:88
0.0,0.0,0.002074,0.002747,0.001817,1.359145,0.0,,0.380829,0.09399,,0.563291,NVTX inference includes CUDA event synchronization,3125460589422385,0.305636,3.48175,5.684773999999999,1.4564759999999994,7.783030999999999,0.095727,1.32675,0.717729,3.382119,1.102986,0.004064,0.002816,3.346285,1.779845,0.791618,9.997321,26.75516,0.316039,1.285142,14632129992,14569446129,89,62.683863,dino,True,8.088667,1.427217,i2-i31-0398,scene-0398,scene-0398:image:89
0.000301,0.000544,0.002643,0.002326,0.001739,1.336622,0.0,,0.38204,0.089405,,0.561671,NVTX inference includes CUDA event synchronization,3125460668098003,0.327589,3.516473,5.64479,1.444541,7.694492,0.090458,1.210912,0.767547,3.408417,1.090926,0.004576,0.004704,3.375804,1.646887,0.838588,9.987388,26.680998,0.326504,1.32861,14710805248,14648466287,90,62.338961,dino,True,8.022081,1.636495,i2-i31-0398,scene-0398,scene-0398:image:90
0.0,0.000544,0.002895,0.0023,0.002331,1.40985,0.0,,0.405497,0.101057,,0.553727,NVTX inference includes CUDA event synchronization,3125460775726528,0.334885,7.941663,6.127611,1.4797500000000001,8.270927,0.103109,1.245754,0.86303,3.832143,1.072522,0.002688,0.006816,3.498626,1.710913,0.933783,10.768406,26.629936,0.340082,1.328076,14818434041,14755341321,91,63.09272,dino,True,8.605812,2.260796,i2-i31-0398,scene-0398,scene-0398:image:91
0.000363,0.0,0.002009,0.002393,0.001717,1.359671,0.0,,0.417911,0.091935,,0.523737,NVTX inference includes CUDA event synchronization,3125460856653240,0.345186,3.578483,5.599135,1.4856610000000003,7.653685,0.097008,1.198737,0.838958,3.286112,1.083915,0.002336,0.006144,3.474517,1.658261,0.910863,10.16068,26.699811,0.34681,1.34841,14899360717,14836759495,92,62.601222,dino,True,7.998871,1.721137,i2-i31-0398,scene-0398,scene-0398:image:92
0.0,0.000981,0.00237,0.002221,0.001753,1.355406,0.0,,0.38952,0.095562,,0.553291,NVTX inference includes CUDA event synchronization,3125460926442108,0.318211,3.511543,5.663995999999999,1.4527909999999995,7.7468889999999995,0.090248,1.199462,0.761238,3.485604,1.066573,0.004704,0.00448,3.362457,1.644811,0.832823,10.154898,26.831914,0.396295,1.333505,14969149148,14906323345,93,62.825803,dino,True,8.0651,1.457671,i2-i31-0398,scene-0398,scene-0398:image:93
0.0,0.0,0.00206,0.002276,0.001747,1.349646,0.000512,,0.381307,0.092407,,0.532371,NVTX inference includes CUDA event synchronization,3125461020545407,0.31338,5.054547,5.5961359999999996,1.4518389999999997,7.645082,0.096046,1.199671,0.787954,3.315963,1.098573,0.00208,0.006336,3.468458,1.657118,0.859379,10.196516,26.658844,0.33908,1.352622,15063252804,15000801491,94,62.451313,dino,True,7.958462,1.554074,i2-i31-0398,scene-0398,scene-0398:image:94
0.0,0.000189,0.002578,0.00235,0.002172,1.349129,0.000608,,0.387411,0.095513,,0.561859,NVTX inference includes CUDA event synchronization,3125461090848118,0.317378,3.497513,5.756830000000001,1.4469550000000009,7.841261000000001,0.0886,1.287643,0.75581,3.51069,1.061645,0.003072,0.004224,3.337373,1.748289,0.832195,10.23503,26.820133,0.318346,1.278623,15133554892,15070081626,95,63.473266,dino,True,8.158639,1.431409,i2-i31-0398,scene-0398,scene-0398:image:95
0.0,0.0,0.002407,0.00288,0.001717,1.380411,0.0,,0.384692,0.091148,,0.550433,NVTX inference includes CUDA event synchronization,3125461168225159,0.311395,3.466063,5.831023,1.5206590000000002,7.9333160000000005,0.092275,1.21219,0.768467,3.551939,1.090477,0.004224,0.00448,3.392047,1.658274,0.840564,10.119469,26.659782,0.324178,1.317364,15210932676,15148253928,96,62.678748,dino,True,8.244711,1.460527,i2-i31-0398,scene-0398,scene-0398:image:96
0.0,0.00076,0.002241,0.002388,0.00176,1.381029,0.0,,0.416762,0.093823,,0.533016,NVTX inference includes CUDA event synchronization,3125461272527480,0.328356,6.008627,5.952347999999999,1.4567249999999996,8.055771,0.101167,1.253492,0.902701,3.601233,1.059977,0.002688,0.006144,3.465868,1.667353,0.973262,10.012394,26.680306,0.342223,1.363363,15315234856,15252962873,97,62.271983,dino,True,8.384127,1.692504,i2-i31-0398,scene-0398,scene-0398:image:97
0.0,0.000512,0.002374,0.002878,0.001644,1.393715,0.0,,0.419616,0.094135,,0.553843,NVTX inference includes CUDA event synchronization,3125461357192422,0.323587,3.795991,5.863492000000001,1.587206000000001,8.008622,0.099889,1.239274,0.84226,3.451727,1.103405,0.002784,0.005664,3.557709,1.698672,0.914261,10.333878,26.766262,0.337512,1.364095,15399899585,15336848659,98,63.050926,dino,True,8.332209,1.568347,i2-i31-0398,scene-0398,scene-0398:image:98
0.0,0.0,0.002072,0.002209,0.001752,1.375237,0.0,,0.380268,0.094676,,0.555332,NVTX inference includes CUDA event synchronization,3125461426970946,0.308002,3.578641,5.704671000000001,1.4632180000000004,7.808215000000001,0.090206,1.220917,0.729307,3.532363,1.072718,0.00512,0.002368,3.338011,1.664924,0.8031,10.195829,26.720873,0.329848,1.285448,15469677815,15406968743,99,62.709072,dino,True,8.116217,1.470588,i2-i31-0398,scene-0398,scene-0398:image:99
0.000289,0.000608,0.003053,0.002391,0.002033,1.362991,0.000681,,0.388936,0.098462,,0.547606,NVTX inference includes CUDA event synchronization,3125461589785646,0.311811,3.592521,5.747432,1.4436489999999997,7.842671,0.089673,1.218468,0.771484,3.54412,1.078256,0.003872,0.00496,3.405328,1.675113,0.842077,10.220018,26.84017,0.330575,1.293207,15632492725,15569976626,101,62.516099,dino,True,8.154482,1.461666,i2-i31-0398,scene-0398,scene-0398:image:101
0.0,0.000835,0.00258,0.002286,0.001903,1.409935,0.0,,0.395349,0.098356,,0.551689,NVTX inference includes CUDA event synchronization,3125461668578603,0.308164,3.513305,5.967361,1.4594040000000001,8.12213,0.093908,1.223414,0.782346,3.687878,1.174128,0.003872,0.005344,3.423103,1.674074,0.854058,10.297368,26.8741,0.330221,1.315536,15711285925,15648428994,102,62.856931,dino,True,8.430294,1.478332,i2-i31-0398,scene-0398,scene-0398:image:102
0.000104,0.0,0.00209,0.002372,0.001677,1.400558,0.0,,0.483496,0.09287,,0.538185,NVTX inference includes CUDA event synchronization,3125461822161334,0.344517,13.391151,6.0853,1.605258,8.262135,0.116258,1.211422,1.068594,3.443249,1.154862,0.000544,0.006465,3.667226,1.663171,1.138771,10.274023,26.710444,0.353712,1.33349,15864868536,15801948906,103,62.91963,dino,True,8.606652,2.826199,i2-i31-0398,scene-0398,scene-0398:image:103
0.0,0.0,0.002058,0.002304,0.001722,1.343553,0.0,,0.416705,0.090964,,0.522735,NVTX inference includes CUDA event synchronization,3125461918461032,0.326852,3.718787,5.583193,1.445188,7.636382,0.096224,1.194062,0.838505,3.308826,1.071693,0.002848,0.005888,3.469514,1.655508,0.909065,10.188134,26.601688,0.333314,1.335495,15961169104,15898906334,104,62.26277,dino,True,7.963234,1.519825,i2-i31-0398,scene-0398,scene-0398:image:104
0.000217,0.000544,0.002896,0.002299,0.001722,1.456156,0.0,,0.398864,0.105262,,0.536633,NVTX inference includes CUDA event synchronization,3125462025302671,0.315746,7.975155,6.196073999999999,1.4614399999999996,8.384920999999999,0.095622,1.280495,0.850612,3.934376,1.069546,0.002016,0.00656,3.447256,1.691541,0.923348,10.356145,26.594904,0.335462,1.3493,16068009731,16005484628,105,62.525103,dino,True,8.700667,1.986079,i2-i31-0398,scene-0398,scene-0398:image:105
0.0,0.0,0.001943,0.002238,0.001657,1.371909,0.0,,0.386525,0.105097,,0.560871,NVTX inference includes CUDA event synchronization,3125462094942265,0.319655,3.586535,5.831054,1.4654399999999992,7.9416389999999994,0.087345,1.250097,0.722446,3.650737,1.076749,0.003424,0.005056,3.360631,1.670774,0.794351,10.108595,26.730796,0.341218,1.313699,16137649185,16075112667,106,62.536518,dino,True,8.261294,1.519624,i2-i31-0398,scene-0398,scene-0398:image:106
0.0,0.000512,0.002189,0.002221,0.001775,1.355735,0.0,,0.430446,0.089287,,0.545247,NVTX inference includes CUDA event synchronization,3125462168373806,0.357284,3.600804,5.811273999999999,1.4376409999999993,7.881402,0.093977,1.309596,0.826331,3.469016,1.093453,0.00384,0.004832,3.405661,1.764064,0.897052,10.108283,26.715361,0.328426,1.308291,16211080971,16148481337,107,62.599634,dino,True,8.238686,1.481999,i2-i31-0398,scene-0398,scene-0398:image:107
0.0,0.000529,0.002059,0.002226,0.001738,1.376079,0.0,,0.476967,0.093536,,0.551458,NVTX inference includes CUDA event synchronization,3125462321610934,0.347778,13.759418,5.8635899999999985,1.474778999999999,8.020404,0.114674,1.210901,1.134295,3.349842,1.076235,0.000576,0.00688,3.70245,1.664663,1.203896,10.167215,26.753687,0.347211,1.34873,16364317893,16301614901,108,62.702992,dino,True,8.368182,2.951035,i2-i31-0398,scene-0398,scene-0398:image:108
0.0,0.0,0.00232,0.002391,0.001706,1.370016,0.0,,0.403434,0.102482,,0.536041,NVTX inference includes CUDA event synchronization,3125462391560002,0.314787,3.581218,5.84098,1.500941000000001,7.944583000000001,0.090509,1.264354,0.747459,3.568125,1.077998,0.005376,0.004608,3.365697,1.723241,0.82042,10.247584,26.642424,0.326719,1.289384,16434267771,16371422009,109,62.845762,dino,True,8.25937,1.439754,i2-i31-0398,scene-0398,scene-0398:image:109
0.0,0.0,0.002106,0.002771,0.001789,1.344117,0.000672,,0.410999,0.097543,,0.556528,NVTX inference includes CUDA event synchronization,3125462461599880,0.322916,3.639266,5.654348000000001,1.4557000000000002,7.747957,0.09846,1.225417,0.771684,3.441805,1.069775,0.003008,0.005024,3.42864,1.67646,0.848869,10.189077,26.752673,0.332006,1.337571,16504307398,16441507188,110,62.80021,dino,True,8.070873,1.466737,i2-i31-0398,scene-0398,scene-0398:image:110
0.0,0.0,0.002712,0.002257,0.001718,1.368468,0.000544,,0.39362,0.09763,,0.554231,NVTX inference includes CUDA event synchronization,3125462531406001,0.30797,3.59783,5.580128,1.4336009999999995,7.693338,0.088835,1.192269,0.720105,3.471734,1.084876,0.00544,0.004448,3.373612,1.650995,0.816266,10.193166,26.652177,0.330134,1.295407,16574112998,16511524111,111,62.588887,dino,True,8.001308,1.515072,i2-i31-0398,scene-0398,scene-0398:image:111
0.0,0.0,0.002093,0.002285,0.001819,1.378187,0.0,,0.384764,0.102732,,0.548069,NVTX inference includes CUDA event synchronization,3125462601553762,0.31226,3.639469,5.8168180000000005,1.4932690000000006,7.924507,0.093955,1.230738,0.786061,3.567961,1.054703,0.004736,0.005344,3.463692,1.689174,0.861613,10.412919,26.605858,0.333715,1.348876,16644260994,16581253802,112,63.007192,dino,True,8.236767,1.491861,i2-i31-0398,scene-0398,scene-0398:image:112
0.0,0.0,0.002231,0.002335,0.00179,1.36474,0.000628,,0.419297,0.095824,,0.548094,NVTX inference includes CUDA event synchronization,3125462671669306,0.325506,3.622808,5.763135,1.4680080000000002,7.872568,0.090535,1.284287,0.783276,3.479186,1.082062,0.005408,0.005312,3.372021,1.742882,0.856109,10.150023,26.847075,0.335878,1.329665,16714376201,16651375863,113,63.000338,dino,True,8.198074,1.454418,i2-i31-0398,scene-0398,scene-0398:image:113
0.0,0.0,0.003041,0.002259,0.001751,1.421689,0.0,,0.501794,0.096311,,0.557606,NVTX inference includes CUDA event synchronization,3125462821269914,0.354534,13.550637,6.131586,1.6873269999999998,8.361503,0.114237,1.208929,1.084872,3.430706,1.18331,0.000576,0.00608,3.69238,1.667332,1.154824,10.283501,26.822779,0.331547,1.354493,16863977029,16800820527,114,63.156502,dino,True,8.716037,2.872499,i2-i31-0398,scene-0398,scene-0398:image:114
0.0,0.000416,0.002217,0.002281,0.005365,1.361717,0.000544,,0.366472,0.098052,,0.570116,NVTX inference includes CUDA event synchronization,3125462890972090,0.302438,3.601756,5.678201,1.4445129999999997,7.7829429999999995,0.088273,1.221551,0.719198,3.516445,1.085867,0.00544,0.004094,3.366196,1.681683,0.791679,10.177064,26.6911,0.323782,1.277991,16933679058,16871024019,115,62.655039,dino,True,8.085381,1.444589,i2-i31-0398,scene-0398,scene-0398:image:115
0.0,0.0,0.002255,0.002284,0.001824,1.329127,0.0,,0.39606,0.092727,,0.546277,NVTX inference includes CUDA event synchronization,3125462961150518,0.320771,3.607575,5.763703,1.499155,7.813486,0.091437,1.225135,0.760667,3.482169,1.067438,0.002976,0.00528,3.387357,1.683251,0.835772,10.310726,26.738791,0.331756,1.323809,17003857712,16940933002,116,62.92471,dino,True,8.134257,1.464863,i2-i31-0398,scene-0398,scene-0398:image:116
0.0,0.0,0.00409,0.003494,0.00318,1.583805,0.0,,0.405404,0.102112,,0.557566,NVTX inference includes CUDA event synchronization,3125463031813205,0.315846,3.608821,6.117314,1.7129450000000004,8.461119,0.09515,1.344922,0.738478,3.771634,1.106892,0.004064,0.00288,3.338966,1.803328,0.833615,10.50706,26.757502,0.320407,1.269412,17074522589,17011039639,117,63.48295,dino,True,8.776965,1.4536,i2-i31-0398,scene-0398,scene-0398:image:117
0.0,0.000512,0.002151,0.00218,0.001848,1.398886,0.001126,,0.469422,0.095217,,0.553136,NVTX inference includes CUDA event synchronization,3125463104708849,0.371204,3.758986,6.096674,1.5484220000000004,8.249948,0.106547,1.317372,0.917056,3.470303,1.251692,0.002816,0.006944,3.559008,1.756961,0.990593,10.139293,27.006819,0.345276,1.409881,17147416476,17084264678,118,63.151798,dino,True,8.621152,1.936559,i2-i31-0398,scene-0398,scene-0398:image:118
0.0,0.0,0.002763,0.002283,0.001654,1.405224,0.000204,,0.413055,0.102807,,0.556063,NVTX inference includes CUDA event synchronization,3125463175010942,0.327747,3.620556,5.864509,1.4611729999999996,8.020814999999999,0.090514,1.219079,0.784719,3.714856,1.069389,0.005472,0.00336,3.364275,1.67854,0.858032,10.53476,26.720247,0.317495,1.288041,17217718081,17154587050,119,63.131031,dino,True,8.348562,1.465934,i2-i31-0398,scene-0398,scene-0398:image:119
0.0,0.000828,0.002617,0.002239,0.00227,1.436569,0.001024,,0.482769,0.094704,,0.531523,NVTX inference includes CUDA event synchronization,3125463318594783,0.357732,12.645237,6.118602999999999,1.5174299999999992,8.315413999999999,0.139557,1.269781,1.101169,3.518156,1.117901,0.003232,0.00592,4.637782,1.730778,1.171313,10.417394,26.699952,0.438629,1.827707,17361301926,17298212923,120,63.089003,dino,True,8.673146,2.405637,i2-i31-0398,scene-0398,scene-0398:image:120
0.0,0.002145,0.002228,0.002426,0.001737,1.488847,0.0,,0.440138,0.105061,,0.574172,NVTX inference includes CUDA event synchronization,3125463389243634,0.324163,3.644859,6.405381,1.6194520000000008,8.697972,0.104323,1.322206,0.87676,3.837729,1.251616,0.001216,0.008833,4.478591,1.772292,0.948153,10.463222,26.764529,0.415308,1.798195,17431951112,17368468482,121,63.48263,dino,True,9.022135,1.478746,i2-i31-0398,scene-0398,scene-0398:image:121
0.0,0.0,0.00235,0.002241,0.001873,1.420751,0.000576,,0.444993,0.098171,,0.578043,NVTX inference includes CUDA event synchronization,3125463460411350,0.335395,3.690545,6.163096,1.4927150000000005,8.376699,0.106296,1.237192,0.894379,3.876157,1.096683,0.000544,0.008128,4.455983,1.688877,0.96878,10.66461,26.991882,0.402378,1.806533,17503118622,17439157822,122,63.9608,dino,True,8.712094,1.458195,i2-i31-0398,scene-0398,scene-0398:image:122
0.0,0.0,0.002431,0.002312,0.001607,1.431142,0.0,,0.474332,0.098671,,0.536667,NVTX inference includes CUDA event synchronization,3125463531395743,0.345381,3.730329,6.461758,1.5860779999999997,8.663539,0.111375,1.264289,1.003358,3.889821,1.142415,0.00192,0.009664,4.569725,1.721765,1.075519,10.55925,26.802552,0.463429,1.831548,17574102703,17510526719,123,63.575984,dino,True,9.00892,1.540192,i2-i31-0398,scene-0398,scene-0398:image:123
0.0,0.0,0.002611,0.002267,0.001882,1.436231,0.0,,0.438583,0.096403,,0.575839,NVTX inference includes CUDA event synchronization,3125463602549195,0.347587,3.707651,6.144467000000001,1.498323,8.350696,0.109896,1.285455,0.936456,3.801323,1.057006,0.001216,0.008608,4.63736,1.734899,1.010986,10.531843,26.867206,0.410807,1.802918,17645256575,17581348506,124,63.908069,dino,True,8.698283,1.508901,i2-i31-0398,scene-0398,scene-0398:image:124
0.0,0.000608,0.00227,0.002335,0.001857,1.494475,0.0,,0.450081,0.107714,,0.545368,NVTX inference includes CUDA event synchronization,3125463673814685,0.332516,3.677061,6.617213,1.6511509999999996,8.889405,0.117454,1.369209,0.899137,3.990749,1.184109,0.001152,0.00896,4.511254,1.826911,0.972002,10.749811,27.084994,0.427738,1.804233,17716521632,17652421372,125,64.10026,dino,True,9.221921,1.459064,i2-i31-0398,scene-0398,scene-0398:image:125
0.000216,0.00203,0.002865,0.002348,0.001965,1.456064,0.000241,,0.509277,0.103694,,0.543035,NVTX inference includes CUDA event synchronization,3125463820434777,0.359013,13.52187,6.441259,1.5490439999999994,8.703980999999999,0.126637,1.278937,1.179389,3.720527,1.197708,0.00368,0.007072,4.772908,1.73779,1.249406,10.641782,26.709173,0.440665,1.852089,17863142281,17799741019,126,63.401262,dino,True,9.062994,2.773323,i2-i31-0398,scene-0398,scene-0398:image:126
7.4e-05,0.000544,0.002271,0.002241,0.001631,1.431145,0.0,,0.426861,0.100713,,0.569201,NVTX inference includes CUDA event synchronization,3125463891562354,0.328099,3.641451,6.2841499999999995,1.4864309999999996,8.490732,0.103819,1.30067,0.868037,3.898023,1.152891,0.000544,0.008416,4.3746,1.757567,0.942982,10.606106,26.922057,0.421759,1.786076,17934269469,17870253707,127,64.015762,dino,True,8.818831,1.445883,i2-i31-0398,scene-0398,scene-0398:image:127
0.0,0.0,0.002099,0.002247,0.002568,1.448071,0.0,,0.443433,0.112854,,0.57653,NVTX inference includes CUDA event synchronization,3125463962497191,0.33661,3.645236,6.282669,1.4994010000000006,8.533861,0.114771,1.290571,0.914814,3.963508,1.079086,0.000544,0.007776,4.561921,1.738991,0.988927,10.679595,26.688849,0.435382,1.772878,18005204289,17941593855,128,63.610434,dino,True,8.870471,1.506455,i2-i31-0398,scene-0398,scene-0398:image:128
0.0,0.0,0.002335,0.002273,0.001762,1.437622,0.000512,,0.425394,0.103846,,0.556944,NVTX inference includes CUDA event synchronization,3125464033000668,0.330563,3.646911,6.401596,1.5398259999999988,8.601721,0.10544,1.317387,0.884428,3.930886,1.144397,0.001152,0.008768,4.509556,1.778419,0.956269,10.633781,26.735278,0.397138,1.784801,18075707938,18012259463,129,63.448475,dino,True,8.932284,1.454844,i2-i31-0398,scene-0398,scene-0398:image:129
0.000512,0.000512,0.002269,0.002925,0.001739,1.431787,0.0,,0.467325,0.109155,,0.556423,NVTX inference includes CUDA event synchronization,3125464103779618,0.348707,3.66104,6.239769000000001,1.4854700000000003,8.463709000000001,0.109007,1.29322,0.960287,3.886563,1.068685,0.001824,0.00736,4.610516,1.734599,1.034687,10.581581,26.742131,0.42558,1.792732,18146487077,18083120017,130,63.36706,dino,True,8.812416,1.527839,i2-i31-0398,scene-0398,scene-0398:image:130
0.0,9.8e-05,0.002021,0.002308,0.002233,1.446248,0.0,,0.430608,0.100819,,0.556672,NVTX inference includes CUDA event synchronization,3125464174725524,0.330596,3.629679,6.189959999999999,1.4949309999999993,8.400371,0.113286,1.259906,0.895961,3.859926,1.097613,0.001088,0.008256,4.530636,1.716456,0.969338,10.630603,26.771921,0.403407,1.784861,18217432441,18154062426,131,63.370015,dino,True,8.730967,1.757372,i2-i31-0398,scene-0398,scene-0398:image:131
0.0,0.000317,0.002044,0.002233,0.001674,1.518106,0.000544,,0.53096,0.107068,,0.514144,NVTX inference includes CUDA event synchronization,3125464319810495,0.364547,13.388221,6.735018999999999,1.5514909999999995,9.047562,0.124439,1.312866,1.215623,4.073435,1.12203,0.003137,0.009088,4.666821,1.72372,1.285767,10.467125,26.670741,0.452516,1.842529,18362517624,18299371391,132,63.146233,dino,True,9.412109,2.714218,i2-i31-0398,scene-0398,scene-0398:image:132
0.0,0.0,0.002329,0.002382,0.001689,1.438128,0.0,,0.431868,0.109258,,0.537562,NVTX inference includes CUDA event synchronization,3125464390070618,0.325763,3.61867,6.184704,1.5138219999999993,8.382157,0.106101,1.282285,0.867843,3.743039,1.184974,0.001024,0.008832,4.484225,1.740659,0.938564,10.388831,26.894549,0.418454,1.829237,18432777725,18369773076,133,63.004649,dino,True,8.70792,1.482327,i2-i31-0398,scene-0398,scene-0398:image:133
0.0,0.000283,0.002092,0.00225,0.002189,1.445857,0.0,,0.418486,0.097748,,0.555251,NVTX inference includes CUDA event synchronization,3125464460856573,0.326725,3.680788,6.145701000000001,1.5085320000000007,8.343132,0.108915,1.281479,0.83347,3.809993,1.12078,0.000544,0.006144,4.442665,1.738956,0.909023,10.695982,26.753396,0.438106,1.785226,18503567636,18440006293,134,63.561343,dino,True,8.669857,1.442868,i2-i31-0398,scene-0398,scene-0398:image:134
0.0,0.0,0.002156,0.002374,0.001768,1.399463,0.001152,,0.49535,0.099967,,0.553358,NVTX inference includes CUDA event synchronization,3125464531288663,0.370597,3.620903,5.865055999999999,1.4539339999999994,8.050047,0.110646,1.272405,0.979748,3.429915,1.16462,0.000576,0.0088,4.576514,1.730969,1.069732,10.186018,26.796417,0.427794,1.769477,18573995753,18510896744,135,63.099009,dino,True,8.420644,1.530371,i2-i31-0398,scene-0398,scene-0398:image:135
0.0,0.0,0.002065,0.002675,0.001697,1.473987,0.000474,,0.444584,0.097139,,0.530114,NVTX inference includes CUDA event synchronization,3125464602198685,0.327843,3.618624,6.3710059999999995,1.5142749999999996,8.595898,0.108614,1.321727,0.941862,3.903712,1.122703,0.001056,0.009792,4.583479,1.771748,1.016646,10.606004,26.916692,0.439267,1.792574,18644906431,18581208934,136,63.697497,dino,True,8.923741,1.512709,i2-i31-0398,scene-0398,scene-0398:image:136
0.0,0.0,0.002437,0.002223,0.002159,1.422978,0.001152,,0.422869,0.102416,,0.53815,NVTX inference includes CUDA event synchronization,3125464672889272,0.325957,3.65491,6.361647,1.518535,8.530073999999999,0.105746,1.38937,0.915021,3.831152,1.086509,0.00112,0.008578,4.470983,1.848225,0.987342,10.563364,26.637041,0.425007,1.795065,18715596266,18652143592,137,63.452674,dino,True,8.856031,1.464316,i2-i31-0398,scene-0398,scene-0398:image:137
0.0,0.0,0.001914,0.002157,0.001732,1.481205,0.0,,0.500763,0.09864,,0.53652,NVTX inference includes CUDA event synchronization,3125464819106272,0.33914,13.344833,6.815409000000001,1.54615,9.0992,0.118722,1.314873,1.217251,4.018513,1.209967,0.00336,0.009504,4.685437,1.727996,1.287268,10.421877,26.802558,0.442354,1.833742,18861813541,18798580208,138,63.233333,dino,True,9.43834,2.631896,i2-i31-0398,scene-0398,scene-0398:image:138
0.00051,0.0,0.002161,0.00222,0.001468,1.423697,0.0,,0.434774,0.096119,,0.535604,NVTX inference includes CUDA event synchronization,3125464889634261,0.322882,3.618256,6.293006,1.519152000000001,8.466677,0.119297,1.314684,0.874622,3.844833,1.107403,0.001088,0.00848,4.425769,1.768608,0.945407,10.481548,26.747761,0.430878,1.797342,18932341153,18869033452,139,63.307701,dino,True,8.789559,1.544114,i2-i31-0398,scene-0398,scene-0398:image:139
0.0,0.0,0.002142,0.002219,0.001732,1.449847,0.000133,,0.432447,0.104883,,0.546091,NVTX inference includes CUDA event synchronization,3125464960981055,0.343303,3.658736,6.466989,1.5274409999999996,8.663179999999999,0.106828,1.292761,0.891412,4.102781,1.077452,0.000544,0.007264,4.478941,1.750366,0.964694,10.957534,26.800362,0.392786,1.798419,19003688185,18939748003,140,63.940182,dino,True,9.006483,1.513067,i2-i31-0398,scene-0398,scene-0398:image:140
0.0,0.0,0.002585,0.002252,0.013107,1.430224,0.000608,,0.440745,0.095094,,0.52572,NVTX inference includes CUDA event synchronization,3125465031363795,0.346532,3.643396,5.972905000000001,1.504023,8.136708,0.107299,1.249123,0.893443,3.601947,1.118637,0.00128,0.007488,4.477295,1.708744,0.989476,10.367303,26.735983,0.391182,1.79933,19074071852,19010953100,141,63.118752,dino,True,8.48324,1.518562,i2-i31-0398,scene-0398,scene-0398:image:141
0.000216,0.0,0.002737,0.002293,0.001835,1.465414,0.001152,,0.44707,0.099623,,0.567916,NVTX inference includes CUDA event synchronization,3125465102272129,0.343108,3.629498,6.419315000000001,1.5531500000000005,8.664463,0.108581,1.315537,0.954789,3.964906,1.100047,0.00112,0.009441,4.571834,1.76415,1.029318,10.666112,26.733959,0.410895,1.78627,19144979860,19081312383,142,63.667477,dino,True,9.007571,1.502413,i2-i31-0398,scene-0398,scene-0398:image:142
0.0,0.001121,0.003263,0.00296,0.00475,1.533303,0.0,,0.45279,0.1264,,0.531773,NVTX inference includes CUDA event synchronization,3125465174397617,0.338148,3.675391,7.013487000000001,1.585681000000001,9.331699,0.127991,1.711825,0.934063,4.16336,1.137871,0.001152,0.007904,4.62062,2.166965,1.0068,10.963549,26.85293,0.433119,1.792721,19217106513,19152751544,143,64.354969,dino,True,9.669847,1.790449,i2-i31-0398,scene-0398,scene-0398:image:143
0.000555,1.2e-05,0.001993,0.00229,0.0017,1.505572,0.0,,0.477578,0.102873,,0.521972,NVTX inference includes CUDA event synchronization,3125465303546145,0.332868,3.794931,6.627515000000001,1.5076270000000003,8.909192000000001,0.111496,1.332484,1.001895,4.15696,1.121581,0.0032,0.006817,4.610156,1.742374,1.072072,10.520359,26.736788,0.435567,1.847554,19346253186,19283275330,144,62.977856,dino,True,9.24206,1.890289,i2-i31-0398,scene-0398,scene-0398:image:144
0.0,0.0,0.002171,0.00282,0.001773,1.423297,0.00048,,0.422013,0.117635,,0.521802,NVTX inference includes CUDA event synchronization,3125465374286419,0.323972,3.64478,6.2342759999999995,1.493537,8.402295,0.108297,1.285997,0.940006,3.797361,1.092589,0.00112,0.00736,4.547765,1.744465,1.01079,10.570685,26.736251,0.420665,1.782785,19416993855,19353905739,145,63.088116,dino,True,8.726267,1.770403,i2-i31-0398,scene-0398,scene-0398:image:145
0.0,0.0,0.002039,0.002341,0.001831,1.378223,0.0,,0.531765,0.089482,,0.538445,NVTX inference includes CUDA event synchronization,3125465445010853,0.401156,3.666817,5.920795999999999,1.4812199999999995,8.063766,0.112369,1.222436,1.066594,3.481299,1.091212,0.001152,0.00864,4.633925,1.662125,1.140579,10.128037,26.789608,0.449944,1.82915,19487718200,19424618975,146,63.099225,dino,True,8.464922,1.793588,i2-i31-0398,scene-0398,scene-0398:image:146
0.0,0.0,0.002192,0.002222,0.001825,1.433832,0.000544,,0.445459,0.107219,,0.527178,NVTX inference includes CUDA event synchronization,3125465593087667,0.337475,3.67772,6.586226999999999,1.5771289999999993,8.769223,0.123262,1.440288,0.927569,3.862086,1.16606,0.00128,0.009024,4.601337,1.898246,0.999826,10.535233,26.806432,0.437978,2.076654,19635794727,19572038719,148,63.756008,dino,True,9.106698,1.796164,i2-i31-0398,scene-0398,scene-0398:image:148
0.0,0.000608,0.002301,0.002982,0.001656,1.437049,0.0,,0.433615,0.101424,,0.543506,NVTX inference includes CUDA event synchronization,3125465669399992,0.324003,3.630763,6.408886,1.5650069999999996,8.608024,0.112077,1.377519,0.943257,3.762247,1.16232,0.001152,0.008448,4.494864,1.835122,1.015002,10.428243,26.831799,0.428955,1.781246,19712108045,19648741311,149,63.366734,dino,True,8.932027,1.708864,i2-i31-0398,scene-0398,scene-0398:image:149
0.0,0.000396,0.001976,0.002309,0.001926,1.489798,0.0,,0.457279,0.104403,,0.532955,NVTX inference includes CUDA event synchronization,3125465803702727,0.327526,3.644984,6.657775000000001,1.4846670000000008,8.921291,0.11355,1.330519,0.998327,4.087083,1.22283,0.003328,0.008513,4.624623,1.740474,1.069433,10.441898,26.868198,0.441212,1.888977,19846410022,19783287584,150,63.122438,dino,True,9.248817,1.809531,i2-i31-0398,scene-0398,scene-0398:image:150
0.0,0.000544,0.002089,0.002472,0.001759,1.507933,0.000512,,0.439746,0.104865,,0.537457,NVTX inference includes CUDA event synchronization,3125465874309597,0.335491,3.622254,6.42038,1.567786,8.682266,0.1055,1.284501,0.899633,3.938756,1.210893,0.001088,0.0096,4.520045,1.705562,0.970065,10.386074,26.884296,0.428958,1.828513,19917017399,19853696158,151,63.321241,dino,True,9.017757,1.665292,i2-i31-0398,scene-0398,scene-0398:image:151
0.0,0.0,0.002081,0.002245,0.001664,1.458106,0.0,,0.427692,0.093953,,0.540489,NVTX inference includes CUDA event synchronization,3125465945353728,0.3273,3.662041,6.397285999999999,1.551442999999999,8.596216,0.123152,1.298171,0.915183,3.895456,1.130863,0.001184,0.008064,4.708023,1.738464,0.985553,10.540417,26.965059,0.448977,1.829415,19988061058,19924449649,152,63.611409,dino,True,8.923516,1.678482,i2-i31-0398,scene-0398,scene-0398:image:152
0.0,0.0,0.002053,0.002268,0.001803,1.410914,0.00064,,0.467069,0.102643,,0.579112,NVTX inference includes CUDA event synchronization,3125466019261899,0.347013,3.644134,6.049373000000001,1.5257120000000004,8.268862,0.107775,1.24767,0.946401,3.660272,1.118925,0.000544,0.008576,4.556175,1.706714,1.018434,10.527107,26.794256,0.401676,1.806436,20061969089,19998755994,153,63.213095,dino,True,8.615875,1.727264,i2-i31-0398,scene-0398,scene-0398:image:153
0.000141,0.000576,0.002013,0.002339,0.001666,1.414371,0.0,,0.431972,0.100973,,0.55901,NVTX inference includes CUDA event synchronization,3125466089893579,0.341475,3.649501,6.137487999999999,1.508012,8.309073999999999,0.10441,1.39476,0.879993,3.668591,1.084843,0.001248,0.008692,4.510813,1.853008,0.952921,10.343279,26.841213,0.419507,1.792855,20132600640,20069214988,154,63.385652,dino,True,8.650549,1.641921,i2-i31-0398,scene-0398,scene-0398:image:154
0.0,0.000544,0.002123,0.002887,0.001841,1.405662,0.0,,0.475665,0.100445,,0.66436,NVTX inference includes CUDA event synchronization,3125466170070120,0.346405,3.554892,6.3215509999999995,1.6767909999999997,8.628673,0.112849,1.260518,0.94572,3.62808,1.34216,0.00112,0.00784,4.554472,1.715534,1.017209,10.278771,27.662463,0.448383,1.768473,20212777564,20148631664,155,64.1459,dino,True,8.975078,1.681772,i2-i31-0398,scene-0398,scene-0398:image:155
0.0,0.0,0.002075,0.002136,0.001916,1.393617,0.0,,0.41352,0.093381,,0.543574,NVTX inference includes CUDA event synchronization,3125466307048265,0.331719,5.232279,5.912488999999999,1.4853679999999994,8.030989,0.097763,1.19686,0.852335,3.565153,1.155693,0.002752,0.006784,3.49161,1.649472,0.922352,10.280444,26.817898,0.330584,1.325094,20349755774,20287152693,156,62.603081,dino,True,8.362708,2.072559,i2-i31-0398,scene-0398,scene-0398:image:156
0.0,0.000515,0.00254,0.002201,0.001704,1.35999,0.0,,0.397046,0.094142,,0.554049,NVTX inference includes CUDA event synchronization,3125466377216694,0.323171,3.61114,5.618823000000001,1.5241420000000003,7.707839,0.094729,1.203098,0.740256,3.312836,1.148845,0.0024,0.004704,3.558013,1.66176,0.818049,10.188533,26.772323,0.328498,1.326816,20419923766,20357056438,157,62.867328,dino,True,8.03101,1.637203,i2-i31-0398,scene-0398,scene-0398:image:157
0.0,0.0,0.00254,0.002132,0.001651,1.398279,0.000608,,0.443799,0.093703,,0.559874,NVTX inference includes CUDA event synchronization,3125466447597631,0.355204,3.59407,6.012711,1.5223330000000006,8.160093,0.092824,1.194327,0.909651,3.674675,1.112207,0.004608,0.004672,3.440318,1.644189,0.981428,10.224335,26.80197,0.329645,1.31421,20490304905,20427188199,158,63.116706,dino,True,8.515297,1.676019,i2-i31-0398,scene-0398,scene-0398:image:158
0.0,0.000576,0.002284,0.002268,0.001845,1.366529,0.0,,0.397964,0.096674,,0.541142,NVTX inference includes CUDA event synchronization,3125466518962437,0.330628,3.695297,5.704545,1.5199800000000003,7.783199000000001,0.092702,1.283521,0.783406,3.339836,1.084877,0.004321,0.005184,3.457865,1.741545,0.856558,10.187018,26.795957,0.328855,1.307784,20561669532,20498885365,159,62.784167,dino,True,8.113827,1.728411,i2-i31-0398,scene-0398,scene-0398:image:159
0.0,1.9e-05,0.00212,0.002271,0.001695,1.405011,0.000512,,0.403309,0.098967,,0.589712,NVTX inference includes CUDA event synchronization,3125466589502272,0.325636,3.593687,5.852474,1.5327640000000002,8.030454,0.089632,1.233482,0.773085,3.517671,1.1996,0.004576,0.00528,3.393513,1.692268,0.846398,10.20258,26.966413,0.332214,1.406777,20632209152,20569069874,160,63.139278,dino,True,8.35609,1.725038,i2-i31-0398,scene-0398,scene-0398:image:160
0.000576,0.0,0.002859,0.002427,0.001789,1.38227,0.0,,0.403522,0.089382,,0.555909,NVTX inference includes CUDA event synchronization,3125466668863876,0.327651,3.639303,5.829063,1.5041779999999996,7.9401459999999995,0.09096,1.233144,0.785894,3.524841,1.11982,0.004448,0.004512,3.375433,1.693979,0.857543,10.206248,26.850809,0.326759,1.330435,20711570945,20648819331,161,62.751614,dino,True,8.267797,1.66646,i2-i31-0398,scene-0398,scene-0398:image:161
0.0,0.0,0.002357,0.002257,0.001671,1.479717,0.0,,0.443088,0.099262,,0.52281,NVTX inference includes CUDA event synchronization,3125466805023251,0.352644,3.758869,6.391684,1.5645689999999997,8.590202,0.09948,1.267896,0.878507,3.927548,1.195726,0.002688,0.006432,3.53886,1.680284,0.948876,10.312887,26.935053,0.338196,1.428288,20847730524,20784823813,162,62.906711,dino,True,8.942846,1.609906,i2-i31-0398,scene-0398,scene-0398:image:162
0.0,0.0,0.002203,0.002345,0.001717,1.406392,0.0,,0.392409,0.095203,,0.555692,NVTX inference includes CUDA event synchronization,3125466874872046,0.317732,3.642782,5.735524999999999,1.5212809999999992,7.873753999999999,0.104341,1.208029,0.741556,3.509706,1.096685,0.00528,0.004608,3.399774,1.664069,0.816116,10.31857,26.735572,0.329255,1.32257,20917579004,20854687733,163,62.891271,dino,True,8.191486,1.286571,i2-i31-0398,scene-0398,scene-0398:image:163
0.0,0.0,0.00205,0.002256,0.002291,1.370208,0.0,,0.39396,0.093454,,0.544913,NVTX inference includes CUDA event synchronization,3125466944621700,0.320772,3.655651,5.701029,1.4735420000000001,7.789389,0.089398,1.234324,0.718576,3.466884,1.117773,0.00512,0.004544,3.470749,1.674103,0.792624,10.106477,26.896624,0.334963,1.365912,20987328769,20924586734,164,62.742035,dino,True,8.110161,1.232926,i2-i31-0398,scene-0398,scene-0398:image:164
0.0,9.6e-05,0.002629,0.002286,0.001669,1.358685,0.00044,,0.403379,0.091567,,0.544424,NVTX inference includes CUDA event synchronization,3125467018261392,0.336195,3.693801,5.610455,1.46164,7.679435,0.090162,1.200171,0.758208,3.375357,1.119947,0.005185,0.00496,3.358506,1.65986,0.83008,10.247112,26.809167,0.340341,1.294899,21060968570,20998302284,165,62.666286,dino,True,8.01563,1.237775,i2-i31-0398,scene-0398,scene-0398:image:165
0.0,0.0,0.002063,0.002278,0.001628,1.390265,0.000736,,0.39013,0.101055,,0.539017,NVTX inference includes CUDA event synchronization,3125467088353615,0.315652,3.711921,5.896469999999999,1.4842619999999993,8.00799,0.098622,1.322617,0.738248,3.491334,1.178863,0.00448,0.005216,3.425386,1.775904,0.812008,10.113276,26.951071,0.347856,1.352723,21131060806,21068018468,166,63.042338,dino,True,8.323642,1.311176,i2-i31-0398,scene-0398,scene-0398:image:166
0.00056,0.000544,0.002465,0.002297,0.002208,1.393659,0.0,,0.439,0.102076,,0.546872,NVTX inference includes CUDA event synchronization,3125467168602051,0.333347,3.888401,5.834720999999999,1.5373439999999992,7.991054999999999,0.090411,1.211564,0.831103,3.543983,1.100205,0.004672,0.00512,3.413887,1.670191,0.90208,10.202324,26.705813,0.332617,1.322436,21211309509,21148613206,167,62.696303,dino,True,8.324402,1.265849,i2-i31-0398,scene-0398,scene-0398:image:167
0.000511,0.000576,0.002634,0.00223,0.0018,1.3785,0.000148,,0.427475,0.090551,,0.532143,NVTX inference includes CUDA event synchronization,3125467315121950,0.342022,6.613398,5.760521000000001,1.5045210000000004,7.855067,0.101083,1.193559,0.903484,3.397726,1.089932,0.00112,0.005664,3.789409,1.655004,0.974301,10.291504,26.687866,0.351836,1.366704,21357829114,21295306262,168,62.522852,dino,True,8.197089,3.966178,i2-i31-0398,scene-0398,scene-0398:image:168
0.0,0.000608,0.001945,0.002994,0.001809,1.392254,0.00034,,0.405049,0.097303,,0.5543,NVTX inference includes CUDA event synchronization,3125467388197718,0.316995,3.671061,5.9972010000000004,1.4626330000000003,8.136808,0.099419,1.286656,0.814708,3.599493,1.180398,0.003136,0.00736,3.657302,1.716261,0.890965,10.143752,27.05759,0.341309,1.353897,21430905515,21367351579,169,63.553936,dino,True,8.453803,3.717053,i2-i31-0398,scene-0398,scene-0398:image:169
0.0,0.0,0.00208,0.002307,0.001782,1.371986,0.0,,0.382112,0.092906,,0.547383,NVTX inference includes CUDA event synchronization,3125467458563356,0.324291,3.714023,5.6458770000000005,1.4668640000000002,7.722142000000001,0.089695,1.212139,0.758451,3.448101,1.060814,0.00512,0.005249,3.343032,1.670863,0.83058,10.337448,26.767336,0.340295,1.323194,21501271059,21438367936,170,62.903123,dino,True,8.046433,1.632941,i2-i31-0398,scene-0398,scene-0398:image:170
0.0,0.0,0.002546,0.002265,0.001813,1.38467,0.0,,0.38747,0.100266,,0.55907,NVTX inference includes CUDA event synchronization,3125467529183308,0.31834,3.690318,5.925533999999999,1.5200629999999995,8.045294,0.093631,1.342847,0.743651,3.559813,1.094189,0.00464,0.0048,3.519591,1.803075,0.816612,10.264614,26.78045,0.335793,1.330184,21571890325,21508751905,171,63.13842,dino,True,8.363634,1.662381,i2-i31-0398,scene-0398,scene-0398:image:171
0.0,0.0,0.002166,0.002991,0.001816,1.360138,0.0,,0.466174,0.09139,,0.557348,NVTX inference includes CUDA event synchronization,3125467599523954,0.365733,3.646352,5.681372,1.4662319999999998,7.797662,0.092362,1.190284,0.872542,3.460682,1.071501,0.004992,0.0048,3.43152,1.649842,0.946655,10.317602,26.776309,0.33717,1.305839,21642232284,21579287540,172,62.944744,dino,True,8.163395,1.739765,i2-i31-0398,scene-0398,scene-0398:image:172
0.0,0.0,0.002362,0.002223,0.001749,1.36133,0.0,,0.386553,0.099453,,0.567992,NVTX inference includes CUDA event synchronization,3125467669663838,0.32602,3.634544,5.802195000000001,1.4658010000000008,7.897837000000001,0.094613,1.217395,0.761744,3.523586,1.15067,0.0048,0.005248,3.43139,1.673498,0.835312,10.197234,26.83425,0.331115,1.32845,21712371130,21649476967,173,62.894163,dino,True,8.223857,1.619155,i2-i31-0398,scene-0398,scene-0398:image:173
0.0,0.00048,0.002249,0.002226,0.002517,1.467478,0.0,,0.483035,0.100399,,0.51693,NVTX inference includes CUDA event synchronization,3125467823218864,0.349797,13.563161,6.489799,1.6613639999999998,8.715316,0.107644,1.266176,1.058187,3.81723,1.1484,0.000576,0.005536,3.670761,1.678148,1.128203,10.184633,26.789619,0.350662,1.843772,21865926267,21802958837,174,62.96743,dino,True,9.065113,3.099541,i2-i31-0398,scene-0398,scene-0398:image:174
0.0,0.000815,0.002286,0.002223,0.00225,1.352789,0.00112,,0.381793,0.100957,,0.533158,NVTX inference includes CUDA event synchronization,3125467893144584,0.303077,3.635929,5.750030000000001,1.5040820000000004,7.824344,0.089855,1.254974,0.75264,3.415072,1.104142,0.002816,0.00384,3.41639,1.715972,0.82384,10.254985,26.846891,0.337648,1.337013,21935851773,21873156743,175,62.69503,dino,True,8.127421,1.481003,i2-i31-0398,scene-0398,scene-0398:image:175
0.000544,0.0,0.002551,0.002291,0.001786,1.378708,0.0,,0.4171,0.093622,,0.54843,NVTX inference includes CUDA event synchronization,3125467963227309,0.327108,3.645689,5.7400590000000005,1.4645320000000002,7.857983,0.090976,1.207617,0.779481,3.552072,1.083213,0.00368,0.00352,3.412015,1.649957,0.85417,10.236327,26.747947,0.338723,1.30503,22005934319,21943150356,176,62.783963,dino,True,8.185091,1.466685,i2-i31-0398,scene-0398,scene-0398:image:176
0.000113,0.0,0.002097,0.002222,0.001816,1.353042,0.0,,0.39855,0.097686,,0.543809,NVTX inference includes CUDA event synchronization,3125468032694838,0.317766,3.568446,5.651881999999999,1.4661719999999994,7.733451,0.088352,1.223955,0.718636,3.43764,1.109262,0.004192,0.003008,3.332464,1.679768,0.794188,10.199228,26.807525,0.332014,1.266994,22075401730,22012712113,177,62.689617,dino,True,8.051217,1.205569,i2-i31-0398,scene-0398,scene-0398:image:177
0.0,0.000245,0.002186,0.002216,0.002361,1.380404,0.00064,,0.396186,0.094984,,0.551032,NVTX inference includes CUDA event synchronization,3125468102410352,0.331779,3.580307,5.833125000000001,1.4761140000000008,7.9316,0.093857,1.224002,0.783589,3.581707,1.094606,0.004416,0.005088,3.446007,1.667847,0.857093,10.291739,26.815386,0.356336,1.319101,22145117553,22082256122,178,62.861431,dino,True,8.263379,1.254844,i2-i31-0398,scene-0398,scene-0398:image:178
0.0,0.0,0.002416,0.002438,0.00181,1.388359,0.0,,0.417515,0.097769,,0.547878,NVTX inference includes CUDA event synchronization,3125468172322684,0.334179,3.588218,5.829471999999999,1.5354459999999994,7.953478,0.095448,1.222826,0.761452,3.439962,1.224907,0.00064,0.006976,3.685366,1.681137,0.834669,10.16004,26.856458,0.347082,1.332911,22215029975,22152068323,179,62.961652,dino,True,8.287657,1.213232,i2-i31-0398,scene-0398,scene-0398:image:179
0.0,0.000512,0.00212,0.002889,0.001786,1.42092,0.0,,0.49613,0.092546,,0.535533,NVTX inference includes CUDA event synchronization,3125468321732614,0.361699,13.150087,6.19591,1.4878179999999999,8.386647,0.120541,1.260538,1.23459,3.569772,1.067855,0.000512,0.00672,3.852049,1.672928,1.304862,9.994065,26.653445,0.328592,1.329688,22364440197,22301816660,180,62.623537,dino,True,8.748346,2.562993,i2-i31-0398,scene-0398,scene-0398:image:180
0.0,0.000673,0.001939,0.002267,0.001695,1.387258,0.0,,0.40838,0.100624,,0.554539,NVTX inference includes CUDA event synchronization,3125468391515720,0.321154,3.562446,5.948181000000001,1.5936150000000007,8.084402,0.088606,1.320146,0.74088,3.475832,1.177517,0.004416,0.004544,3.349218,1.774968,0.81304,10.16834,26.793407,0.343099,1.291346,22434222846,22371222311,181,63.000535,dino,True,8.405556,1.217435,i2-i31-0398,scene-0398,scene-0398:image:181
0.0,0.0,0.00236,0.002955,0.001831,1.36852,0.000414,,0.421295,0.093367,,0.568047,NVTX inference includes CUDA event synchronization,3125468461051356,0.335397,3.610427,5.61116,1.4982189999999997,7.734551999999999,0.090268,1.244439,0.739262,3.392274,1.098287,0.002784,0.004416,3.392005,1.692124,0.816319,10.114388,26.762141,0.32586,1.31139,22503758863,22441045422,182,62.713441,dino,True,8.069949,1.199465,i2-i31-0398,scene-0398,scene-0398:image:182
0.0,0.0,0.002617,0.002439,0.001773,1.36609,0.0,,0.42204,0.097009,,0.542908,NVTX inference includes CUDA event synchronization,3125468531397763,0.337891,3.652735,5.7910580000000005,1.5078840000000007,7.888043000000001,0.095204,1.206915,0.832919,3.481656,1.093644,0.002336,0.005376,3.483311,1.66484,0.927799,10.201514,26.737515,0.34404,1.325496,22574105145,22511277388,183,62.827757,dino,True,8.225934,1.728017,i2-i31-0398,scene-0398,scene-0398:image:183
0.0,0.0003,0.002857,0.002331,0.002085,1.387113,0.00064,,0.39617,0.092049,,0.54458,NVTX inference includes CUDA event synchronization,3125468601960720,0.314851,3.582034,5.887543000000001,1.4870560000000008,8.000817000000001,0.098492,1.221371,0.840662,3.542506,1.116045,0.003008,0.006528,3.541842,1.665249,0.91519,10.223744,26.713309,0.356064,1.339847,22644668146,22581886776,184,62.78137,dino,True,8.315668,2.170281,i2-i31-0398,scene-0398,scene-0398:image:184
0.000252,0.0,0.002651,0.002302,0.002554,1.37026,0.0,,0.413075,0.09474,,0.548939,NVTX inference includes CUDA event synchronization,3125468672100881,0.338245,3.594542,5.758693000000001,1.551921000000001,7.855221000000001,0.089989,1.213332,0.76531,3.458626,1.104399,0.005184,0.004705,3.370714,1.672025,0.83811,10.240533,26.729575,0.33095,1.322999,22714808635,22651933276,185,62.875359,dino,True,8.193466,1.718938,i2-i31-0398,scene-0398,scene-0398:image:185
0.0,0.000991,0.00188,0.002284,0.001756,1.415585,0.00048,,0.505838,0.096507,,0.52914,NVTX inference includes CUDA event synchronization,3125468814862241,0.333954,6.843057,6.152279,1.5821699999999996,8.372786,0.110788,1.229249,0.965036,3.645215,1.164618,0.000512,0.009152,4.500677,1.643206,1.035374,10.041774,26.689988,0.425964,1.803205,22857569306,22795118439,186,62.450867,dino,True,8.70674,1.663673,i2-i31-0398,scene-0398,scene-0398:image:186
0.0,0.0,0.002267,0.002309,0.001615,1.400668,0.0,,0.44295,0.098406,,0.539827,NVTX inference includes CUDA event synchronization,3125468954552780,0.329187,3.671499,5.988947,1.540902,8.147802,0.111778,1.214967,0.9481,3.57918,1.073773,0.00064,0.007649,4.430424,1.672986,1.021156,10.369825,26.743473,0.417597,1.75399,22997259847,22934077030,188,63.182817,dino,True,8.476989,1.508028,i2-i31-0398,scene-0398,scene-0398:image:188
0.000576,0.001088,0.002098,0.002844,0.001758,1.347739,0.0,,0.404056,0.089986,,0.544923,NVTX inference includes CUDA event synchronization,3125469024273772,0.321668,3.602098,5.6767520000000005,1.4262170000000003,7.750152000000001,0.104518,1.210395,0.84611,3.435317,1.041935,0.000512,0.006816,4.29491,1.65328,0.918174,10.023036,26.671569,0.398198,1.765823,23066981374,23004378742,189,62.602632,dino,True,8.07182,1.460097,i2-i31-0398,scene-0398,scene-0398:image:189
0.0,0.0,0.002279,0.002355,0.001645,1.336668,0.0,,0.39879,0.096734,,0.5519,NVTX inference includes CUDA event synchronization,3125469094012309,0.336803,3.585882,5.559953,1.4126630000000002,7.613521,0.103546,1.213556,0.867439,3.321111,1.023689,0.000608,0.007712,4.350385,1.667737,0.94072,10.171774,26.658008,0.405719,1.721789,23136719539,23074132377,190,62.587162,dino,True,7.950324,1.610882,i2-i31-0398,scene-0398,scene-0398:image:190
0.0,2.3e-05,0.00206,0.00233,0.001659,1.328675,0.0,,0.434809,0.092427,,0.534622,NVTX inference includes CUDA event synchronization,3125469168337690,0.335655,3.665795,5.651357999999999,1.421479999999999,7.712307999999999,0.106137,1.194701,0.924248,3.352425,1.040588,0.000544,0.00784,4.335963,1.654099,0.995833,10.028334,26.631187,0.408765,1.733652,23211044741,23148618153,191,62.426588,dino,True,8.047963,1.517511,i2-i31-0398,scene-0398,scene-0398:image:191
0.0,0.0,0.002391,0.002536,0.001714,1.389611,0.0,,0.509073,0.099465,,0.528916,NVTX inference includes CUDA event synchronization,3125469320778826,0.361957,11.120148,6.1945,1.4947600000000003,8.366249,0.13351,1.32711,1.334882,3.372234,1.054318,0.004768,0.006624,4.86512,1.77854,1.405028,10.143137,26.632197,0.412094,1.758155,23363486460,23300448786,192,63.037674,dino,True,8.728206,2.70726,i2-i31-0398,scene-0398,scene-0398:image:192
0.000546,0.0,0.002751,0.002335,0.001662,1.36356,0.0,,0.422865,0.090336,,0.543984,NVTX inference includes CUDA event synchronization,3125469390759361,0.32122,3.579051,5.818034000000001,1.456100000000001,7.924853000000001,0.104321,1.205565,0.901726,3.482476,1.087789,0.000608,0.007488,4.294471,1.663744,0.974175,10.198297,26.689884,0.396483,1.76597,23433466795,23370656521,193,62.810274,dino,True,8.246073,1.468167,i2-i31-0398,scene-0398,scene-0398:image:193
0.0,0.0,0.002511,0.002344,0.001761,1.418819,0.0,,0.427531,0.099485,,0.549857,NVTX inference includes CUDA event synchronization,3125469460798804,0.34525,3.60387,5.849832999999999,1.4667219999999999,8.006891,0.10555,1.246624,0.880988,3.592563,1.05115,0.000512,0.008032,4.403416,1.697895,0.956157,10.312955,26.675967,0.410444,1.70851,23503506228,23440579048,194,62.92718,dino,True,8.352141,1.444885,i2-i31-0398,scene-0398,scene-0398:image:194
0.0,0.0,0.002396,0.002165,0.001693,1.354092,0.0,,0.488197,0.097143,,0.508614,NVTX inference includes CUDA event synchronization,3125469530829541,0.330756,3.642707,5.638717,1.4456619999999996,7.762261,0.106842,1.185504,0.942964,3.382783,1.020686,0.000544,0.008032,4.373564,1.643011,1.025365,10.076336,26.644668,0.421778,1.707752,23573536709,23510847761,195,62.688948,dino,True,8.093017,1.476119,i2-i31-0398,scene-0398,scene-0398:image:195
0.0,0.0,0.00227,0.003028,0.001622,1.361069,0.0,,0.447446,0.096592,,0.527743,NVTX inference includes CUDA event synchronization,3125469600676303,0.340994,3.638744,5.789513,1.4692670000000003,7.888289,0.10751,1.243355,0.950751,3.436371,1.013485,0.000544,0.008,4.391671,1.692032,1.025504,10.154457,26.547216,0.420192,1.736009,23643384275,23580655700,196,62.728575,dino,True,8.229283,1.495493,i2-i31-0398,scene-0398,scene-0398:image:196
0.0,0.0,0.002141,0.00225,0.00172,1.379416,0.0,,0.433311,0.095729,,0.565444,NVTX inference includes CUDA event synchronization,3125469670636957,0.343301,3.56349,5.719482,1.452896,7.856192,0.105032,1.204986,0.86677,3.482627,1.07947,0.000608,0.007104,4.270693,1.659999,0.939187,10.179594,26.64709,0.403414,1.702629,23713344015,23650497923,197,62.846092,dino,True,8.199493,1.483445,i2-i31-0398,scene-0398,scene-0398:image:197
0.0,0.000576,0.002701,0.002145,0.001827,1.432054,0.0,,0.457957,0.096464,,0.535157,NVTX inference includes CUDA event synchronization,3125469821549994,0.343715,11.326834,6.0915870000000005,1.624264000000001,8.276753000000001,0.102259,1.216155,0.918084,3.540428,1.210638,0.002112,0.006528,3.60066,1.677376,0.987908,10.256509,26.910336,0.339894,1.345431,23864257391,23801313374,198,62.944017,dino,True,8.620468,2.567749,i2-i31-0398,scene-0398,scene-0398:image:198
0.0,0.0,0.002208,0.002371,0.001764,1.357195,0.0,,0.388198,0.091315,,0.543959,NVTX inference includes CUDA event synchronization,3125469891545874,0.313827,3.550237,5.723089999999999,1.4765279999999992,7.796272999999999,0.090547,1.216926,0.750454,3.482707,1.08369,0.004544,0.004704,3.404109,1.675395,0.825367,10.207465,26.723398,0.326208,1.320378,23934253059,23871471777,199,62.781282,dino,True,8.1101,1.661319,i2-i31-0398,scene-0398,scene-0398:image:199
0.0,0.0,0.002242,0.002303,0.001828,1.385081,0.0,,0.391546,0.09985,,0.566979,NVTX inference includes CUDA event synchronization,3125469961871104,0.326436,3.594505,5.7821750000000005,1.4762940000000002,7.905568,0.098859,1.219317,0.76152,3.579168,1.088846,0.00352,0.00448,3.375394,1.662079,0.836304,10.318146,26.752786,0.327242,1.331606,24004578170,23941689326,200,62.888844,dino,True,8.232004,1.674969,i2-i31-0398,scene-0398,scene-0398:image:200
0.0,0.000623,0.002229,0.002244,0.001699,1.3834,0.000361,,0.391463,0.095517,,0.557628,NVTX inference includes CUDA event synchronization,3125470031620273,0.333474,3.554223,5.688124999999999,1.4959869999999995,7.789815,0.088328,1.205213,0.712794,3.477785,1.134318,0.005184,0.00368,3.347333,1.663427,0.806107,10.21849,26.758642,0.321769,1.2935,24074327350,24011665250,201,62.6621,dino,True,8.123289,1.60278,i2-i31-0398,scene-0398,scene-0398:image:201
6.4e-05,0.000512,0.00279,0.002535,0.002181,1.381827,0.0,,0.404178,0.106732,,0.550823,NVTX inference includes CUDA event synchronization,3125470101615559,0.327749,3.54935,5.788479000000001,1.499511,7.912372,0.091035,1.229181,0.799672,3.538535,1.071627,0.004288,0.006272,3.433734,1.672643,0.875577,10.207869,26.633873,0.366565,1.367397,24144322762,24081610887,202,62.711875,dino,True,8.240121,1.697044,i2-i31-0398,scene-0398,scene-0398:image:202
0.0,0.000544,0.002103,0.002259,0.001822,1.361363,0.001184,,0.409831,0.091895,,0.544197,NVTX inference includes CUDA event synchronization,3125470175098508,0.329988,3.55706,5.7141470000000005,1.4767800000000006,7.7993570000000005,0.103537,1.286385,0.85332,3.312061,1.089678,0.000576,0.007008,3.751306,1.743701,0.925641,10.175812,26.693399,0.346731,1.359914,24217805483,24155038858,203,62.766625,dino,True,8.129345,5.015375,i2-i31-0398,scene-0398,scene-0398:image:203
0.000191,0.001152,0.0022,0.002292,0.001762,1.623086,0.0,,0.456984,0.090882,,0.541944,NVTX inference includes CUDA event synchronization,3125470322679347,0.34573,13.337428,5.953641000000001,1.4797150000000006,8.328404,0.109847,1.201267,1.077992,3.712754,1.084974,0.000544,0.007041,3.66247,1.63836,1.147593,10.349493,26.721312,0.334523,1.352838,24365387038,24302616390,204,62.770648,dino,True,8.674134,3.190844,i2-i31-0398,scene-0398,scene-0398:image:204
0.0,0.0,0.002134,0.002324,0.00166,1.370737,0.0,,0.394153,0.093677,,0.56068,NVTX inference includes CUDA event synchronization,3125470393211612,0.323205,3.558348,5.777458,1.5398260000000006,7.879618000000001,0.090474,1.233915,0.754856,3.435865,1.139023,0.005312,0.003552,3.363272,1.695008,0.827561,10.295121,26.965306,0.327603,1.335129,24435919313,24372688982,205,63.230331,dino,True,8.202823,1.611558,i2-i31-0398,scene-0398,scene-0398:image:205
0.0,0.0,0.002115,0.002427,0.001673,1.370618,0.0,,0.378419,0.097008,,0.566673,NVTX inference includes CUDA event synchronization,3125470463384047,0.321444,3.658065,5.798132,1.4628259999999997,7.895621,0.091423,1.222529,0.745954,3.600207,1.086766,0.00288,0.00448,3.379671,1.665573,0.818307,10.228641,26.686518,0.328386,1.306871,24506091487,24443354737,206,62.73675,dino,True,8.217065,1.644932,i2-i31-0398,scene-0398,scene-0398:image:206
0.000363,0.001184,0.00242,0.00242,0.001955,1.384444,0.0,,0.394864,0.096764,,0.526016,NVTX inference includes CUDA event synchronization,3125470533579425,0.323428,3.613026,5.7664919999999995,1.5062019999999992,7.8534939999999995,0.092075,1.265548,0.772037,3.437111,1.094316,0.004864,0.004769,3.397356,1.72389,0.846054,10.265121,26.738844,0.333992,1.367046,24576287402,24513493288,207,62.794114,dino,True,8.176922,1.651985,i2-i31-0398,scene-0398,scene-0398:image:207
0.0,0.0,0.002975,0.002396,0.001829,1.400812,0.0,,0.402696,0.096169,,0.539782,NVTX inference includes CUDA event synchronization,3125470603873201,0.332866,3.569275,5.9092,1.4924630000000008,8.022993000000001,0.098201,1.225457,0.806858,3.621314,1.101678,0.002848,0.00704,3.528787,1.662999,0.878411,10.240047,26.694111,0.341393,1.334798,24646580243,24583695390,208,62.884853,dino,True,8.355859,1.69631,i2-i31-0398,scene-0398,scene-0398:image:208
0.0,0.0,0.003113,0.002439,0.001872,1.429173,0.0,,0.403729,0.093567,,0.533579,NVTX inference includes CUDA event synchronization,3125470674156959,0.321732,3.568128,5.9115779999999996,1.5434379999999992,8.057317999999999,0.09178,1.238067,0.755388,3.601245,1.139051,0.005376,0.004705,3.368153,1.694328,0.828381,10.443622,26.778086,0.335572,1.317279,24716864517,24653839794,209,63.024723,dino,True,8.37905,1.629983,i2-i31-0398,scene-0398,scene-0398:image:209
0.0,3.7e-05,0.0021,0.002351,0.00171,1.399652,0.0,,0.480994,0.087645,,0.542091,NVTX inference includes CUDA event synchronization,3125470809455932,0.379845,3.900904,5.862580000000001,1.5400590000000003,7.999315000000001,0.11029,1.206863,0.961901,3.395265,1.158222,0.00112,0.00544,3.707937,1.667572,1.032143,10.098231,26.841948,0.387818,1.428564,24852163041,24789433085,210,62.729956,dino,True,8.37916,1.795176,i2-i31-0398,scene-0398,scene-0398:image:210
0.0,0.0,0.002131,0.002393,0.00174,1.576506,0.0,,0.429544,0.106445,,0.564215,NVTX inference includes CUDA event synchronization,3125470881804998,0.323784,3.502603,7.14062,1.8804509999999999,9.49981,0.089603,1.308035,0.756687,4.044159,1.736208,0.004193,0.004258,3.474785,1.751847,0.83256,10.721729,27.654217,0.346216,1.35303,24924512236,24859244727,211,65.267509,dino,True,9.823594,1.623123,i2-i31-0398,scene-0398,scene-0398:image:211
0.000121,0.001637,0.002424,0.002815,0.00176,1.466585,0.0,,0.441546,0.100657,,0.54359,NVTX inference includes CUDA event synchronization,3125470952630399,0.347459,3.619447,6.285857999999999,1.6224399999999992,8.499533999999999,0.094956,1.262732,0.850443,3.7758,1.23083,0.0024,0.007392,3.645735,1.717619,0.922732,10.524106,26.883335,0.326796,1.391058,24995337912,24931995646,212,63.342266,dino,True,8.846993,1.714576,i2-i31-0398,scene-0398,scene-0398:image:212
0.0,0.0,0.002123,0.002177,0.00174,1.445165,0.0,,0.418715,0.096764,,0.536071,NVTX inference includes CUDA event synchronization,3125471022868721,0.347364,3.526838,6.140055,1.5652980000000012,8.295446,0.092285,1.308592,0.775527,3.736899,1.1556,0.002368,0.006241,3.481702,1.748823,0.850312,10.350116,26.863303,0.328983,1.353468,25065575892,25002416178,213,63.159714,dino,True,8.64281,1.602752,i2-i31-0398,scene-0398,scene-0398:image:213
0.0,0.0,0.002369,0.002473,0.001738,1.469805,0.0,,0.422879,0.100331,,0.555243,NVTX inference includes CUDA event synchronization,3125471093663740,0.33405,3.54473,6.391463999999999,1.6204639999999992,8.612252,0.093854,1.399785,0.785873,3.763687,1.274063,0.002784,0.005792,3.581071,1.855982,0.85797,10.575655,27.089352,0.340888,1.440995,25136370809,25072697836,214,63.672973,dino,True,8.946302,1.594878,i2-i31-0398,scene-0398,scene-0398:image:214
0.0,0.000521,0.00253,0.00225,0.001872,1.48588,0.0,,0.412718,0.100385,,0.545196,NVTX inference includes CUDA event synchronization,3125471306341309,0.30205,3.620412,6.434132,1.5928509999999996,8.683434,0.110337,1.299696,0.832824,3.901024,1.241168,0.000544,0.00704,3.676038,1.729619,0.903321,10.469339,26.974369,0.354037,1.387574,25349048560,25285985063,216,63.063497,dino,True,8.985484,1.552331,i2-i31-0398,scene-0398,scene-0398:image:216
0.000576,0.0,0.003788,0.003007,0.002858,1.563247,0.0,,0.420489,0.116793,,0.558774,NVTX inference includes CUDA event synchronization,3125471378442139,0.314563,3.537343,6.826962,1.7304909999999998,9.181931,0.098902,1.343418,0.787362,4.2284,1.299953,0.00176,0.006208,3.65132,1.801057,0.860099,11.063445,27.093065,0.333744,1.395837,25421150950,25356746153,217,64.404797,dino,True,9.496494,2.069846,i2-i31-0398,scene-0398,scene-0398:image:217
0.0,0.0,0.002191,0.002234,0.001936,1.595191,0.000544,,0.491082,0.114502,,0.551613,NVTX inference includes CUDA event synchronization,3125471450303464,0.366595,3.568425,7.250591,1.891297999999999,9.643289,0.118969,1.331386,0.875119,4.210043,1.576349,0.000544,0.006176,3.791003,1.787263,0.947409,10.810439,27.208548,0.334336,1.491982,25493010920,25428456231,218,64.554689,dino,True,10.009884,1.676751,i2-i31-0398,scene-0398,scene-0398:image:218
0.0,0.0,0.002802,0.002367,0.002294,1.419516,0.0,,0.395095,0.094682,,0.566543,NVTX inference includes CUDA event synchronization,3125471520553585,0.329155,3.601034,5.881205999999999,1.5350159999999997,8.03535,0.094112,1.250066,0.748252,3.51887,1.209741,0.002848,0.0056,3.567702,1.69202,0.823101,10.182009,26.778532,0.403775,1.348832,25563260690,25500332556,219,62.928134,dino,True,8.364505,1.665261,i2-i31-0398,scene-0398,scene-0398:image:219
0.000122,0.0,0.002343,0.002435,0.00167,1.466711,0.0,,0.470978,0.100572,,0.537091,NVTX inference includes CUDA event synchronization,3125471683319144,0.344739,13.437961,6.462057,1.6048160000000005,8.69924,0.107867,1.251457,1.080504,3.806073,1.18555,0.000576,0.007136,3.657713,1.664164,1.151225,10.196028,26.865545,0.365156,1.472776,25726027005,25663094963,220,62.932042,dino,True,9.043979,3.207284,i2-i31-0398,scene-0398,scene-0398:image:220
0.0,0.001177,0.002036,0.002351,0.002239,1.478384,0.0,,0.47797,0.10399,,0.592993,NVTX inference includes CUDA event synchronization,3125471819185103,0.355589,10.270552,6.652937,1.5665129999999996,8.958488,0.115976,1.314175,1.142609,3.860933,1.305903,0.000544,0.007424,4.034093,1.727139,1.214481,10.24401,27.964895,0.362902,1.403245,25861892236,25797586986,221,64.30525,dino,True,9.314077,3.113047,i2-i31-0398,scene-0398,scene-0398:image:221
0.0,0.000668,0.002256,0.002243,0.001792,1.380436,0.0,,0.390359,0.101683,,0.552204,NVTX inference includes CUDA event synchronization,3125471889183916,0.321283,3.580868,5.787505,1.4860360000000004,7.897863,0.090101,1.267884,0.749041,3.509686,1.106542,0.004128,0.005728,3.371056,1.725714,0.820145,10.168458,26.764963,0.33844,1.351179,25931890975,25869133495,222,62.75748,dino,True,8.219146,1.63197,i2-i31-0398,scene-0398,scene-0398:image:222
0.0,0.001204,0.002603,0.00219,0.002376,1.35448,0.000576,,0.393464,0.096915,,0.571918,NVTX inference includes CUDA event synchronization,3125471959232752,0.321188,3.578691,5.721728,1.4770839999999996,7.8262659999999995,0.088354,1.232626,0.766573,3.48524,1.087374,0.00512,0.005083,3.417588,1.683224,0.841485,10.231994,26.765676,0.328129,1.315689,26001939655,25939096582,223,62.843073,dino,True,8.147454,1.463462,i2-i31-0398,scene-0398,scene-0398:image:223
0.0,0.00112,0.002027,0.002318,0.001812,1.387965,0.000576,,0.412212,0.09647,,0.541641,NVTX inference includes CUDA event synchronization,3125472029196748,0.313829,3.592203,5.808560000000001,1.5349960000000005,7.940872000000001,0.09257,1.225089,0.746578,3.527456,1.120556,0.002784,0.004672,3.378311,1.684485,0.821907,10.231736,26.762031,0.323266,1.315439,26071903702,26008976673,224,62.927029,dino,True,8.254701,1.42442,i2-i31-0398,scene-0398,scene-0398:image:224
0.0,0.000202,0.002128,0.00281,0.001877,1.359918,0.0,,0.396321,0.097197,,0.568195,NVTX inference includes CUDA event synchronization,3125472099354169,0.32938,3.638989,5.815372000000001,1.4538980000000006,7.91464,0.093348,1.288231,0.790799,3.523009,1.085486,0.004064,0.005185,3.47346,1.736363,0.866159,10.245315,26.711385,0.334776,1.318087,26142061145,26079275267,225,62.785878,dino,True,8.24402,1.695054,i2-i31-0398,scene-0398,scene-0398:image:225
0.00026,0.0,0.002389,0.002336,0.001797,1.380867,0.0,,0.390676,0.097018,,0.534417,NVTX inference includes CUDA event synchronization,3125472169449986,0.327268,3.578726,5.756468,1.4682530000000007,7.83896,0.093504,1.248864,0.773655,3.488753,1.084847,0.0032,0.005152,3.452538,1.708229,0.845719,10.19566,26.68073,0.339926,1.340683,26212157193,26149436146,226,62.721047,dino,True,8.166228,1.659227,i2-i31-0398,scene-0398,scene-0398:image:226
0.0,0.00078,0.002066,0.002472,0.001717,1.478007,0.0,,0.480964,0.096784,,0.528258,NVTX inference includes CUDA event synchronization,3125472322236420,0.353635,13.576978,6.528016,1.605581,8.765429,0.112757,1.25029,1.070978,3.929844,1.14251,0.000608,0.006496,3.698955,1.693366,1.14093,10.63425,26.93768,0.363139,1.332304,26364944340,26301488925,227,63.455415,dino,True,9.119064,3.295671,i2-i31-0398,scene-0398,scene-0398:image:227
0.0,0.000608,0.00282,0.002417,0.001832,1.345857,0.000671,,0.402294,0.094009,,0.562531,NVTX inference includes CUDA event synchronization,3125472392294573,0.324709,3.598259,5.5909960000000005,1.4708800000000002,7.679326,0.093408,1.191727,0.781258,3.339391,1.116779,0.005344,0.005248,3.376119,1.649492,0.853675,10.164993,26.800538,0.330834,1.290188,26435001828,26372340795,228,62.661033,dino,True,8.004035,1.460284,i2-i31-0398,scene-0398,scene-0398:image:228
0.0,0.000387,0.002129,0.002365,0.001887,1.391068,0.0,0.10215,0.403057,0.094489,0.0,0.533654,NVTX inference includes CUDA event synchronization,3125494505440124,0.327618,3.638987,5.651114,1.4630089999999996,7.8546819999999995,0.100184,1.221014,0.773386,3.553977,1.06097,0.002784,0.006976,3.51447,1.682108,0.845675,10.466384,26.432805,0.352024,1.387862,7252858155,7190459991,1,62.398164,dino,True,8.1823,1.239387,i2-i31-0184,scene-0184,scene-0184:image:1
0.0,0.000957,0.002152,0.002383,0.00173,1.410295,0.0,,0.420889,0.095879,,0.539272,NVTX inference includes CUDA event synchronization,3125494577488959,0.328963,3.737534,5.766220000000001,1.4680749999999998,7.910814,0.100924,1.210605,0.849311,3.535488,1.065838,0.004448,0.005088,3.535829,1.664339,0.921056,10.139363,26.560802,0.35393,1.347705,7324906076,7262359647,2,62.546429,dino,True,8.239777,1.28597,i2-i31-0184,scene-0184,scene-0184:image:2
0.0,0.000544,0.002672,0.002338,0.002593,1.430895,0.0,,0.399105,0.098256,,0.551357,NVTX inference includes CUDA event synchronization,3125494646839535,0.315332,3.659732,5.880095000000001,1.4469440000000002,8.052523,0.093407,1.275066,0.804835,3.639144,1.098731,0.005248,0.00448,3.441783,1.698497,0.87978,10.147016,26.63666,0.333823,1.329406,7394256819,7331762605,3,62.494214,dino,True,8.367855,1.235275,i2-i31-0184,scene-0184,scene-0184:image:3
4e-06,0.0,0.00264,0.002454,0.002506,1.480848,0.0,,0.536596,0.105274,,0.52406,NVTX inference includes CUDA event synchronization,3125494841605570,0.370757,13.118453,6.521355,1.512474,8.80498,0.148189,1.276068,1.434899,3.719936,1.076779,0.000608,0.006784,5.305665,1.687978,1.505299,10.118366,26.48693,0.438988,1.837869,7589022585,7526282762,5,62.739823,dino,True,9.175737,3.549879,i2-i31-0184,scene-0184,scene-0184:image:5
0.0,0.0,0.002871,0.002354,0.001687,1.439005,0.00048,,0.449847,0.098897,,0.528497,NVTX inference includes CUDA event synchronization,3125494914948852,0.348258,3.715172,6.031355,1.488664,8.206735,0.105554,1.315907,0.958245,3.614867,1.062316,0.001024,0.008416,4.463439,1.765413,1.02855,10.242524,26.526214,0.420341,1.792365,7662366019,7599887833,6,62.478186,dino,True,8.554993,1.519409,i2-i31-0184,scene-0184,scene-0184:image:6
0.0,0.0,0.002195,0.002635,0.001636,1.410954,0.0,,0.419487,0.105392,,0.554225,NVTX inference includes CUDA event synchronization,3125494984938901,0.335076,3.660376,5.925529,1.4375289999999996,8.086977,0.10519,1.227186,0.865571,3.702021,1.076236,0.000608,0.007712,4.351628,1.682427,0.939395,10.487171,26.57405,0.412068,1.73338,7732356793,7669456343,7,62.90045,dino,True,8.422053,1.462583,i2-i31-0184,scene-0184,scene-0184:image:7
0.0,0.0,0.002383,0.002383,0.001748,1.47362,0.001354,,0.488551,0.106034,,0.536836,NVTX inference includes CUDA event synchronization,3125495080381674,0.364068,5.416626,6.1164369999999995,1.4738229999999994,8.365278,0.110792,1.22887,1.011934,3.784362,1.110157,0.001088,0.00832,4.517919,1.685835,1.082238,10.363545,26.621181,0.429309,1.801747,7827798933,7765096319,8,62.702614,dino,True,8.729346,1.598039,i2-i31-0184,scene-0184,scene-0184:image:8
0.0,0.0,0.002191,0.002543,0.001688,1.466737,0.0,,0.436548,0.100671,,0.525788,NVTX inference includes CUDA event synchronization,3125495150185273,0.335875,3.645117,5.996323,1.5134850000000002,8.196614,0.106195,1.259305,0.880368,3.704195,1.060685,0.000576,0.00768,4.399664,1.701967,0.955889,10.383429,26.524147,0.404063,1.726325,7897602355,7834856688,9,62.745667,dino,True,8.532489,1.452017,i2-i31-0184,scene-0184,scene-0184:image:9
0.0,0.0,0.002442,0.002381,0.001813,1.408073,0.0,,0.437764,0.097917,,0.532907,NVTX inference includes CUDA event synchronization,3125495227706812,0.339395,3.602135,5.786667999999999,1.4303679999999988,7.9305699999999995,0.114016,1.23139,0.935345,3.50341,1.04734,0.000512,0.007584,4.468911,1.680705,1.008402,10.222306,26.599361,0.40495,1.740612,7975124239,7912541445,10,62.582794,dino,True,8.269965,1.709587,i2-i31-0184,scene-0184,scene-0184:image:10
0.0,0.0,0.002289,0.002481,0.001828,1.468827,0.000544,,0.470078,0.104175,,0.509975,NVTX inference includes CUDA event synchronization,3125495334307621,0.351427,7.87859,6.097935999999999,1.4428529999999995,8.306706,0.105862,1.277278,0.998665,3.775512,1.048555,0.00112,0.008288,4.474721,1.688323,1.068171,10.147184,26.519343,0.41578,1.770425,8081724778,8019395393,11,62.329385,dino,True,8.658133,2.185484,i2-i31-0184,scene-0184,scene-0184:image:11
0.0,0.000576,0.002253,0.002485,0.001808,1.439539,0.000512,,0.443082,0.106847,,0.516486,NVTX inference includes CUDA event synchronization,3125495415336410,0.344196,3.760879,6.083271,1.447933,8.252663,0.110012,1.327336,0.955642,3.70226,1.045228,0.00048,0.007968,4.489747,1.778896,1.026203,10.325927,26.525275,0.431116,1.770532,8162753466,8100256133,12,62.497333,dino,True,8.596859,1.762957,i2-i31-0184,scene-0184,scene-0184:image:12
0.000572,0.0,0.002798,0.002421,0.001846,1.408796,0.0,,0.430937,0.098936,,0.547924,NVTX inference includes CUDA event synchronization,3125495485504787,0.337828,3.669934,5.729269,1.4543300000000006,7.885671,0.110713,1.235881,0.886806,3.465644,1.060973,0.000608,0.008544,4.395062,1.694539,0.960087,10.288591,26.613573,0.40952,1.739483,8232922153,8170231583,13,62.69057,dino,True,8.223499,1.697025,i2-i31-0184,scene-0184,scene-0184:image:13
0.0,0.000544,0.002408,0.003116,0.001986,1.502659,0.000386,,0.665502,0.103121,,0.558466,NVTX inference includes CUDA event synchronization,3125495582444354,0.482821,5.251035,6.990561,1.594532000000001,9.345928,0.215935,1.242937,2.068087,3.609869,1.088173,0.001056,0.00816,5.349301,1.697728,2.139065,10.373366,26.571057,0.441027,1.842855,8329862465,8265935383,14,63.927082,dino,True,9.828749,1.85554,i2-i31-0184,scene-0184,scene-0184:image:14
0.000374,0.0,0.002549,0.002554,0.001825,1.431233,0.0,,0.453107,0.099416,,0.554627,NVTX inference includes CUDA event synchronization,3125495653644955,0.348294,3.686869,6.113462999999999,1.5053859999999997,8.310854,0.109118,1.280478,0.936926,3.708285,1.109067,0.001152,0.008736,4.499343,1.72448,1.010783,10.341336,26.780283,0.453891,1.809786,8401062793,8337496407,15,63.566386,dino,True,8.659148,1.699096,i2-i31-0184,scene-0184,scene-0184:image:15
0.0,0.0,0.002874,0.00235,0.001934,1.441549,0.0,,0.416876,0.099618,,0.526199,NVTX inference includes CUDA event synchronization,3125495728438887,0.316996,3.927861,6.015136999999999,1.4806080000000001,8.189541,0.10392,1.266792,0.900923,3.681546,1.065068,0.000512,0.007168,4.499758,1.710383,0.973084,10.34396,26.57116,0.426136,1.781628,8475856623,8413052844,16,62.803779,dino,True,8.506537,1.696818,i2-i31-0184,scene-0184,scene-0184:image:16
0.0,0.0,0.00316,0.002529,0.002278,1.423975,0.0,,0.483991,0.10825,,1.08841,NVTX inference includes CUDA event synchronization,3125495830200397,0.402852,3.719306,6.4278189999999995,2.1424849999999998,9.13756,0.112836,1.244497,1.030163,3.867474,1.132716,0.001088,0.009153,4.613883,1.687576,1.1005,10.587501,26.988495,0.444366,1.835238,8577617809,8513012692,17,64.605117,dino,True,9.540412,1.774606,i2-i31-0184,scene-0184,scene-0184:image:17
0.0,0.000512,0.00289,0.002477,0.001708,1.490209,0.001473,,0.481526,0.113907,,0.52491,NVTX inference includes CUDA event synchronization,3125495916090697,0.356325,3.659618,6.317845999999999,1.4701099999999991,8.581133,0.108904,1.351283,0.982174,3.922064,1.093739,0.00112,0.008064,4.47782,1.800569,1.052223,10.29312,26.616286,0.424378,1.774182,8663508054,8600883791,18,62.624263,dino,True,8.937458,1.725097,i2-i31-0184,scene-0184,scene-0184:image:18
0.0,0.0,0.002282,0.002425,0.001809,1.414427,0.000315,,0.459237,0.096915,,0.523263,NVTX inference includes CUDA event synchronization,3125495986382700,0.348708,3.687555,5.863772,1.4849709999999998,8.015737,0.106414,1.223568,0.927206,3.492833,1.119053,0.001184,0.009216,4.523426,1.683123,1.001127,10.349515,26.656818,0.445894,1.83255,8733799845,8670971538,19,62.828307,dino,True,8.364445,1.707213,i2-i31-0184,scene-0184,scene-0184:image:19
0.0,0.0,0.002192,0.002895,0.001886,1.433998,9.9e-05,,0.421209,0.105147,,0.537909,NVTX inference includes CUDA event synchronization,3125496078866282,0.318019,4.286354,5.974174,1.489045,8.16149,0.107693,1.2461,0.946997,3.623038,1.058475,0.000576,0.007585,4.478635,1.704949,1.017045,10.391776,26.617704,0.416997,1.747486,8826284470,8763538437,20,62.746033,dino,True,8.479509,1.737394,i2-i31-0184,scene-0184,scene-0184:image:20
0.0,0.00064,0.002408,0.006953,0.001802,1.455489,0.0,,0.416277,0.102721,,0.538989,NVTX inference includes CUDA event synchronization,3125496149740505,0.316228,3.60896,6.084904,1.494902999999999,8.293954999999999,0.104682,1.294182,0.855565,3.76004,1.092171,0.000512,0.008128,4.362481,1.72897,0.93083,10.327691,26.80781,0.419882,1.719748,8897158623,8833642774,21,63.515849,dino,True,8.610183,1.692923,i2-i31-0184,scene-0184,scene-0184:image:21
0.0,0.0,0.002488,0.002341,0.001956,1.414365,0.0,,0.467394,0.096732,,0.547088,NVTX inference includes CUDA event synchronization,3125496228065665,0.336131,3.576963,5.931596000000001,1.475778,8.127829,0.109481,1.222679,0.976556,3.579903,1.089995,0.000992,0.008576,4.551196,1.670144,1.048685,10.293139,26.713938,0.44689,1.8444,8975483354,8912647104,22,62.83625,dino,True,8.46396,1.744577,i2-i31-0184,scene-0184,scene-0184:image:22
0.0,0.001078,0.002133,0.002319,0.001692,1.516863,0.0,,0.495567,0.102499,,0.534986,NVTX inference includes CUDA event synchronization,3125496339450578,0.353091,12.721488,6.352838,1.512862000000001,8.656884000000002,0.118004,1.279685,1.042677,3.887004,1.157679,0.003072,0.008992,4.693375,1.74196,1.113526,10.486721,26.677973,0.42769,1.848152,9086867784,9023951069,23,62.916715,dino,True,9.009975,1.575881,i2-i31-0184,scene-0184,scene-0184:image:23
0.0,0.000608,0.002168,0.002437,0.001743,1.470126,0.0,,0.424781,0.134095,,0.51563,NVTX inference includes CUDA event synchronization,3125496419977311,0.31661,3.739516,6.530954999999999,1.5702429999999996,8.765932999999999,0.104974,1.415471,0.964859,3.921094,1.098126,0.000576,0.0072,3.993524,1.867476,1.03638,10.598233,26.641987,0.381116,1.462712,9167394707,9104149321,24,63.245386,dino,True,9.082543,4.869234,i2-i31-0184,scene-0184,scene-0184:image:24
0.0,0.001728,0.002127,0.002419,0.001865,1.510429,0.0,,0.439731,0.102664,,0.531901,NVTX inference includes CUDA event synchronization,3125496578280030,0.332677,3.630874,6.439534,1.5123230000000003,8.699721,0.117994,1.315236,1.020304,3.943201,1.114188,0.001088,0.008064,4.700673,1.73665,1.090192,10.423008,26.726472,0.431114,1.833951,9325697720,9262677101,26,63.020619,dino,True,9.032398,1.547904,i2-i31-0184,scene-0184,scene-0184:image:26
0.000679,0.0,0.002161,0.002596,0.001939,1.466656,0.0,,0.446708,0.099772,,0.54487,NVTX inference includes CUDA event synchronization,3125496648684532,0.350532,3.648306,6.278715,1.5035030000000003,8.493564000000001,0.111762,1.35464,0.928013,3.770581,1.16747,0.00144,0.006687,4.585333,1.807255,0.99979,10.551633,26.72338,0.435319,1.807456,9396103047,9332924195,27,63.178852,dino,True,8.844096,1.49836,i2-i31-0184,scene-0184,scene-0184:image:27
0.0,0.0,0.002417,0.002616,0.00222,1.474782,0.000173,,0.456637,0.096443,,0.536584,NVTX inference includes CUDA event synchronization,3125496728615022,0.346691,3.596169,6.349545,1.5210309999999998,8.574726,0.112904,1.342816,0.99183,3.798012,1.143944,0.00176,0.00912,4.694489,1.787047,1.064376,10.498435,26.790709,0.45778,1.846773,9476032274,9412616167,28,63.416107,dino,True,8.921417,1.601554,i2-i31-0184,scene-0184,scene-0184:image:28
0.0,0.001288,0.002188,0.002488,0.002195,1.586373,0.0,,0.473736,0.105268,,0.496095,NVTX inference includes CUDA event synchronization,3125496831950678,0.352643,5.723208,6.644141,1.5562630000000004,8.961129,0.116555,1.288067,1.061997,4.120735,1.157003,0.00464,0.008512,4.857348,1.73188,1.132143,10.503483,26.588253,0.442329,1.895277,9579368267,9516438660,29,62.929607,dino,True,9.313772,2.213253,i2-i31-0184,scene-0184,scene-0184:image:29
0.0,0.001494,0.003111,0.002445,0.001802,1.473171,0.0,,0.432849,0.107346,,0.535063,NVTX inference includes CUDA event synchronization,3125496916025323,0.321092,3.624473,6.47331,1.5443439999999997,8.709499,0.108218,1.414754,0.936089,3.914629,1.100269,0.003232,0.009056,4.678777,1.872934,1.00633,10.565383,26.617944,0.428244,1.828732,9663442607,9600348531,30,63.094076,dino,True,9.030591,1.591207,i2-i31-0184,scene-0184,scene-0184:image:30
0.0,0.000512,0.002419,0.002231,0.001691,1.468766,6.8e-05,,0.409786,0.105137,,0.553857,NVTX inference includes CUDA event synchronization,3125496987447286,0.315362,3.872837,6.280864,1.4925310000000005,8.509969,0.106748,1.334458,0.881095,3.883603,1.116944,0.00112,0.008832,4.570866,1.772385,0.957576,10.519036,26.815683,0.417402,1.778114,9734864384,9671085862,31,63.778522,dino,True,8.825331,1.778311,i2-i31-0184,scene-0184,scene-0184:image:31
0.0,0.000435,0.002072,0.002892,0.001723,1.512143,0.0,,0.444909,0.101462,,0.543925,NVTX inference includes CUDA event synchronization,3125497079552499,0.322084,4.379855,6.284231,1.5239559999999992,8.571708,0.111405,1.31263,0.961554,3.84964,1.124911,0.003232,0.006464,4.679377,1.775229,1.032723,10.647247,26.694694,0.463652,1.829177,9826970681,9763792607,32,63.178074,dino,True,8.893792,1.595766,i2-i31-0184,scene-0184,scene-0184:image:32
0.0,0.0,0.002226,0.003046,0.001967,1.54266,0.0,,0.404424,0.099669,,0.552834,NVTX inference includes CUDA event synchronization,3125497150321368,0.308771,3.580821,6.3340700000000005,1.5333460000000008,8.632125,0.113015,1.345598,0.868292,3.944087,1.127342,0.001056,0.00816,4.518656,1.78621,0.942692,10.626967,26.774399,0.423916,1.789634,9897739842,9834367270,33,63.372572,dino,True,8.940896,1.778268,i2-i31-0184,scene-0184,scene-0184:image:33
0.0,4.6e-05,0.002091,0.002403,0.001797,1.515744,0.0,,0.427328,0.11854,,0.551184,NVTX inference includes CUDA event synchronization,3125497228686945,0.321701,3.509389,6.477182000000001,1.5244630000000008,8.774614,0.107613,1.321151,0.911865,4.099181,1.122218,0.00112,0.008704,4.585464,1.765412,0.983258,10.724899,26.805941,0.414516,1.829553,9976104181,9912569440,34,63.534741,dino,True,9.096315,1.809244,i2-i31-0184,scene-0184,scene-0184:image:34
0.000343,0.001024,0.002259,0.002825,0.001733,1.556548,0.0,,0.441282,0.1048,,0.536176,NVTX inference includes CUDA event synchronization,3125497333785906,0.323459,6.941214,6.435305999999999,1.5120899999999997,8.758837,0.11931,1.338301,1.004724,3.9757,1.120587,0.003168,0.008416,4.701862,1.783138,1.074292,10.574461,26.744695,0.455867,1.823924,10081203731,10018102559,35,63.101172,dino,True,9.082296,2.122273,i2-i31-0184,scene-0184,scene-0184:image:35
0.0,0.0,0.002321,0.002427,0.001793,1.586655,0.0,,0.443034,0.114819,,0.531523,NVTX inference includes CUDA event synchronization,3125497416876469,0.317571,3.633062,7.069668999999999,1.5528770000000005,9.43467,0.119777,1.837506,0.987103,4.156405,1.087084,0.003328,0.008161,4.690854,2.263305,1.057696,10.599679,26.64534,0.444679,1.861076,10164293351,10100623704,36,63.669647,dino,True,9.752241,1.874285,i2-i31-0184,scene-0184,scene-0184:image:36
0.0,0.000475,0.00211,0.002264,0.001709,1.497608,0.0,,0.414403,0.103625,,0.531531,NVTX inference includes CUDA event synchronization,3125497487731005,0.318244,3.584311,6.209600999999999,1.507948999999999,8.445082,0.104427,1.309608,0.902981,3.794762,1.133871,0.001088,0.00864,4.545352,1.767564,0.973766,10.63965,26.680986,0.420137,1.85477,10235148199,10171794180,37,63.354019,dino,True,8.763326,1.70583,i2-i31-0184,scene-0184,scene-0184:image:37
0.0,0.00112,0.002702,0.002233,0.001885,1.557694,0.0,,0.439811,0.116103,,0.526388,NVTX inference includes CUDA event synchronization,3125497579140433,0.315238,3.966159,6.58118,1.5154389999999998,8.913877999999999,0.108696,1.348078,0.978595,4.174101,1.094703,0.001088,0.008416,4.63855,1.759664,1.048612,10.581985,26.648873,0.453183,1.822696,10326557738,10263494037,38,63.063701,dino,True,9.229116,1.797229,i2-i31-0184,scene-0184,scene-0184:image:38
0.0,0.000576,0.002729,0.002534,0.001785,1.495097,0.0,,0.413209,0.104997,,0.517481,NVTX inference includes CUDA event synchronization,3125497649763618,0.31485,3.559463,6.394764,1.5197400000000005,8.618322000000001,0.108223,1.335832,0.906222,3.896197,1.157645,0.001152,0.008161,4.556084,1.781533,0.976974,10.624789,26.687085,0.441269,1.81125,10397180827,10334007147,39,63.17368,dino,True,8.933172,1.71133,i2-i31-0184,scene-0184,scene-0184:image:39
0.0,0.0,0.002233,0.002605,0.001801,1.483121,0.0,,0.413091,0.10269,,0.54178,NVTX inference includes CUDA event synchronization,3125497728381936,0.315299,3.492767,6.3218510000000006,1.4800030000000008,8.553873000000001,0.111901,1.337678,0.932787,3.927463,1.07006,0.001024,0.008256,4.580098,1.782994,1.005396,10.595434,26.746547,0.432716,1.816447,10475799309,10412455444,40,63.343865,dino,True,8.869172,1.717961,i2-i31-0184,scene-0184,scene-0184:image:40
0.0,0.000928,0.00263,0.002397,0.001937,1.480012,0.000544,,0.467964,0.100813,,0.530847,NVTX inference includes CUDA event synchronization,3125497828480275,0.342118,3.572294,6.193932,1.4661480000000005,8.439886000000001,0.116959,1.306905,1.040096,3.743396,1.099636,0.00096,0.007904,4.628012,1.75248,1.109568,10.445942,26.668275,0.440102,1.855103,10575897565,10512900937,41,62.996628,dino,True,8.782004,1.790647,i2-i31-0184,scene-0184,scene-0184:image:41
0.0,0.001056,0.00216,0.002606,0.001898,1.43798,0.0,,0.424521,0.103676,,0.527468,NVTX inference includes CUDA event synchronization,3125497916751472,0.317797,3.75222,6.0419529999999995,1.4723809999999995,8.225520999999999,0.109508,1.332939,0.927747,3.631708,1.059915,0.001056,0.008064,4.463322,1.792625,0.99802,10.300006,26.686016,0.431612,1.761435,10664168822,10601408446,42,62.760376,dino,True,8.543318,1.768869,i2-i31-0184,scene-0184,scene-0184:image:42
0.0,0.0,0.002338,0.002464,0.001822,1.421311,0.0,,0.3971,0.098868,,0.544939,NVTX inference includes CUDA event synchronization,3125497986836188,0.310019,3.451681,5.914285999999999,1.4852729999999994,8.073108999999999,0.106018,1.252396,0.833229,3.549462,1.148942,0.000576,0.007232,4.331323,1.706323,0.908046,10.347809,26.646141,0.403783,1.708166,10734253528,10671341950,43,62.911578,dino,True,8.383128,1.690754,i2-i31-0184,scene-0184,scene-0184:image:43
0.000248,0.0,0.002376,0.003278,0.001789,1.441965,0.0,,0.431424,0.102922,,0.542296,NVTX inference includes CUDA event synchronization,3125498079449248,0.323108,4.528449,6.001503999999999,1.4806879999999998,8.204694,0.109631,1.23773,0.954711,3.605826,1.130448,0.001024,0.007744,4.492478,1.696611,1.024824,10.368744,26.65112,0.426212,1.789071,10826867172,10764139538,44,62.727634,dino,True,8.527802,1.754289,i2-i31-0184,scene-0184,scene-0184:image:44
8e-05,0.0,0.002364,0.002668,0.001839,1.403896,0.0,,0.409995,0.099038,,0.517844,NVTX inference includes CUDA event synchronization,3125498149424398,0.318212,3.454751,5.8192650000000015,1.4539020000000011,7.938777000000001,0.105383,1.271279,0.863907,3.50177,1.052651,0.000512,0.007585,4.363481,1.717462,0.939492,10.221065,26.661909,0.409472,1.696737,10896841693,10834156167,45,62.685526,dino,True,8.256989,1.706577,i2-i31-0184,scene-0184,scene-0184:image:45
0.0,0.000608,0.00292,0.002538,0.001809,1.424897,0.0,,0.409776,0.094626,,0.537364,NVTX inference includes CUDA event synchronization,3125498227920063,0.312869,3.479232,5.888278000000001,1.4503600000000008,8.049947000000001,0.105413,1.226184,0.912765,3.612209,1.049421,0.000512,0.005952,4.401783,1.671117,0.986207,10.278087,26.742049,0.411117,1.764404,10975337495,10912448370,46,62.889125,dino,True,8.362816,1.721651,i2-i31-0184,scene-0184,scene-0184:image:46
0.0,0.0,0.002377,0.002888,0.001881,1.450788,0.000889,,0.432529,0.102421,,0.525562,NVTX inference includes CUDA event synchronization,3125498333849211,0.319237,7.355326,6.114715,1.4755960000000004,8.314813000000001,0.109808,1.246125,1.000162,3.714538,1.078541,0.00112,0.00816,4.518671,1.693616,1.070786,10.297412,26.53735,0.427332,1.783449,11081267374,11018774988,47,62.492386,dino,True,8.63405,2.202392,i2-i31-0184,scene-0184,scene-0184:image:47
0.0,0.0,0.002373,0.0029,0.001715,1.428852,0.0,,0.439147,0.09989,,0.554706,NVTX inference includes CUDA event synchronization,3125498416238225,0.325155,3.554546,6.043223999999999,1.4562609999999996,8.247651999999999,0.108408,1.334816,0.970636,3.593235,1.100139,0.001088,0.008224,4.496977,1.792293,1.041134,10.271622,26.762573,0.425735,1.786974,11163656017,11100801696,48,62.854321,dino,True,8.572807,1.827642,i2-i31-0184,scene-0184,scene-0184:image:48
0.0,0.0,0.002589,0.002473,0.001742,1.399985,0.0,,0.404454,0.096822,,0.55193,NVTX inference includes CUDA event synchronization,3125498486294996,0.318053,3.516543,5.657533,1.437976,7.799475,0.105636,1.232255,0.871512,3.418745,1.043692,0.000576,0.007136,4.364491,1.690468,0.946361,10.296493,26.558864,0.406216,1.703841,11233712277,11171016602,49,62.695675,dino,True,8.117528,1.686099,i2-i31-0184,scene-0184,scene-0184:image:49
0.0,0.0,0.002815,0.002419,0.001747,1.420756,0.0,,0.424616,0.100996,,0.518811,NVTX inference includes CUDA event synchronization,3125498579573694,0.31706,4.767107,5.793946999999999,1.4442789999999999,7.949047,0.109096,1.216676,0.94769,3.480066,1.060076,0.000576,0.007648,4.466715,1.677704,1.018251,10.302206,26.582573,0.422988,1.778353,11326990965,11264448570,50,62.542395,dino,True,8.266107,1.768389,i2-i31-0184,scene-0184,scene-0184:image:50
0.0,0.0,0.002628,0.002494,0.0023,1.419231,0.0,,0.402366,0.097484,,0.541471,NVTX inference includes CUDA event synchronization,3125498649583509,0.308931,3.484325,5.8524080000000005,1.4650940000000006,8.011451000000001,0.10728,1.28756,0.847839,3.526291,1.078094,0.000576,0.007648,4.379257,1.730252,0.923648,10.185438,26.707048,0.401167,1.696353,11397000875,11334257745,51,62.74313,dino,True,8.320382,1.646485,i2-i31-0184,scene-0184,scene-0184:image:51
0.0,0.001728,0.002292,0.002498,0.001883,1.521742,0.000512,,0.405638,0.102814,,0.547947,NVTX inference includes CUDA event synchronization,3125498728516263,0.335235,3.517728,6.3172239999999995,1.5218739999999995,8.569042999999999,0.094617,1.303232,0.829374,4.009121,1.134764,0.004512,0.006784,3.551332,1.747333,0.902463,10.663411,26.780963,0.350249,1.423589,11475933587,11412611071,52,63.322516,dino,True,8.904278,1.720605,i2-i31-0184,scene-0184,scene-0184:image:52
0.0,0.000283,0.002307,0.003017,0.001755,1.537103,0.0,,0.499215,0.104751,,0.515788,NVTX inference includes CUDA event synchronization,3125498833933351,0.349987,6.930397,6.638108999999999,1.5688959999999996,8.952340999999999,0.114249,1.337632,1.099202,4.056128,1.114701,0.0032,0.00832,4.676911,1.783272,1.169027,10.63289,26.754874,0.462814,1.834063,11581350694,11518005014,53,63.34568,dino,True,9.302328,2.120015,i2-i31-0184,scene-0184,scene-0184:image:53
0.0,0.000544,0.002395,0.00245,0.001818,1.546482,0.0,,0.427827,0.107533,,0.531702,NVTX inference includes CUDA event synchronization,3125498916705071,0.313443,3.608009,6.5527169999999995,1.509823,8.860025,0.108515,1.404809,0.966906,4.03518,1.137003,0.003264,0.007968,4.63807,1.863213,1.037498,10.716529,26.780757,0.426742,1.864656,11664121953,11600703182,54,63.418771,dino,True,9.173468,1.83007,i2-i31-0184,scene-0184,scene-0184:image:54
0.0,0.0,0.003435,0.002668,0.002249,1.592096,0.000608,,0.440676,0.117312,,0.527703,NVTX inference includes CUDA event synchronization,3125498988085640,0.324997,3.529157,6.703989999999999,1.6254149999999994,9.06574,0.109743,1.339536,0.916648,4.157078,1.231789,0.001184,0.009344,4.632057,1.789908,0.990025,10.88891,26.782855,0.4202,1.821082,11735504558,11671489602,55,64.014956,dino,True,9.390737,1.723562,i2-i31-0184,scene-0184,scene-0184:image:55
0.0,0.0,0.002186,0.002941,0.001859,1.465862,5.5e-05,,0.459252,0.110266,,0.537329,NVTX inference includes CUDA event synchronization,3125499080796778,0.350533,3.734039,6.313474999999999,1.511251999999999,8.542691999999999,0.121613,1.299436,1.063214,3.731391,1.153357,0.005504,0.007458,4.815499,1.760756,1.134447,10.627974,26.705534,0.471153,1.854739,11828214918,11764955576,56,63.259342,dino,True,8.893225,1.91249,i2-i31-0184,scene-0184,scene-0184:image:56
0.0,0.000572,0.0024,0.003233,0.001936,1.468895,0.000958,,0.396277,0.097578,,0.554751,NVTX inference includes CUDA event synchronization,3125499151061950,0.305701,3.514298,6.191981999999999,1.5485149999999992,8.412880999999999,0.103121,1.279694,0.854317,3.782293,1.14145,0.000544,0.008648,4.529808,1.722998,0.925805,10.460508,26.675032,0.402647,1.803409,11898480050,11835376537,57,63.103513,dino,True,8.718582,1.677072,i2-i31-0184,scene-0184,scene-0184:image:57
0.0,0.0,0.001943,0.002324,0.001741,1.43854,0.0,,0.399303,0.09638,,0.542057,NVTX inference includes CUDA event synchronization,3125499227822152,0.313891,3.482418,5.9903189999999995,1.4983570000000004,8.158716,0.118934,1.256776,0.899543,3.580712,1.109037,0.00096,0.008288,4.621156,1.701994,0.97276,10.263227,26.776658,0.428339,1.839841,11975239445,11912277620,58,62.961825,dino,True,8.472607,1.67518,i2-i31-0184,scene-0184,scene-0184:image:58
0.000316,0.001063,0.002241,0.002869,0.001988,1.509709,0.0,,0.422787,0.101303,,0.53194,NVTX inference includes CUDA event synchronization,3125499333899047,0.312546,7.272672,6.369809,1.5658279999999998,8.631479,0.112118,1.308227,0.96609,3.862822,1.119979,0.001057,0.007904,4.544382,1.755978,1.03582,10.440082,26.686826,0.430392,1.802117,12081316823,12018411162,59,62.905661,dino,True,8.944025,2.159995,i2-i31-0184,scene-0184,scene-0184:image:59
0.000317,0.0,0.002704,0.002432,0.00185,1.458869,0.0,,0.45232,0.113057,,0.524262,NVTX inference includes CUDA event synchronization,3125499416281244,0.326179,3.615457,6.448293,1.49566,8.677925,0.111239,1.410304,0.983701,3.840572,1.151152,0.003328,0.008148,4.723098,1.868259,1.054198,10.536849,26.751767,0.444654,1.867772,12163698723,12100466330,60,63.232393,dino,True,9.004104,1.840367,i2-i31-0184,scene-0184,scene-0184:image:60
0.0,0.0,0.002353,0.002247,0.001669,1.434918,0.0,,0.41361,0.097915,,0.538509,NVTX inference includes CUDA event synchronization,3125499486710502,0.321157,3.53535,6.037675,1.5108479999999993,8.207739,0.109715,1.299529,0.927578,3.544766,1.12702,0.001152,0.008288,4.577946,1.75451,1.00153,10.361168,26.716551,0.434578,1.790278,12234127675,12171033364,61,63.094311,dino,True,8.528896,1.704595,i2-i31-0184,scene-0184,scene-0184:image:61
0.000282,0.000576,0.002366,0.002419,0.001762,1.504985,0.0,,0.440404,0.103875,,0.535854,NVTX inference includes CUDA event synchronization,3125499580343864,0.325251,4.690183,6.221548,1.5681650000000005,8.48882,0.111434,1.250588,0.948875,3.808659,1.117294,0.0032,0.005856,4.761747,1.711679,1.019563,10.638586,26.67704,0.42765,1.827501,12327761229,12264605364,62,63.155865,dino,True,8.814071,1.752994,i2-i31-0184,scene-0184,scene-0184:image:62
0.0,0.000576,0.002199,0.002376,0.001791,1.54157,0.0,,0.421509,0.107739,,0.554944,NVTX inference includes CUDA event synchronization,3125499651821696,0.322821,3.528937,6.574634999999999,1.562682999999999,8.884518,0.109239,1.370855,0.882461,4.111464,1.161325,0.001248,0.008064,4.547403,1.809227,0.957246,10.668396,26.901967,0.408624,1.808104,12399239103,12334986632,63,64.252471,dino,True,9.207339,1.675868,i2-i31-0184,scene-0184,scene-0184:image:63
0.0,0.0,0.002054,0.002249,0.001847,1.521729,0.0,,0.412551,0.112956,,0.551938,NVTX inference includes CUDA event synchronization,3125499728255877,0.309732,3.484481,6.354823,1.519416999999999,8.650414999999999,0.113089,1.331159,0.904036,3.978067,1.104843,0.001056,0.00848,4.573058,1.774784,0.977285,10.651092,26.724834,0.412481,1.81781,12475673326,12412374453,64,63.298873,dino,True,8.960147,1.69207,i2-i31-0184,scene-0184,scene-0184:image:64
0.0,0.000992,0.002359,0.002338,0.001759,1.480821,0.0,,0.460165,0.106034,,0.525549,NVTX inference includes CUDA event synchronization,3125499832991882,0.337732,6.946271,6.2087509999999995,1.511810999999999,8.451035999999998,0.115474,1.236706,1.048541,3.752895,1.116365,0.004768,0.002208,4.865221,1.687077,1.118207,10.125342,26.65653,0.355204,1.359348,12580409011,12517901599,65,62.507412,dino,True,8.788768,2.051592,i2-i31-0184,scene-0184,scene-0184:image:65
0.0,0.000544,0.002928,0.002288,0.001719,1.451832,0.0,,0.333608,0.103179,,0.543494,NVTX inference includes CUDA event synchronization,3125499915795650,0.280196,3.594591,6.098363999999999,1.5152439999999991,8.25776,0.095824,1.343796,0.759548,3.748203,1.066349,0.002592,0.0064,3.498352,1.801082,0.831421,10.396775,26.616089,0.342551,1.33738,12663213282,12600528386,66,62.684896,dino,True,8.537956,1.560681,i2-i31-0184,scene-0184,scene-0184:image:66
0.0,0.001237,0.002285,0.002315,0.001738,1.503963,0.000544,,0.398657,0.117435,,0.547789,NVTX inference includes CUDA event synchronization,3125499986769383,0.333506,3.574727,6.406594,1.6468559999999997,8.649051,0.092573,1.370865,0.773536,3.995548,1.093515,0.00464,0.005024,3.464842,1.828213,0.848353,10.838947,26.711477,0.341506,1.337302,12734186977,12670559098,67,63.627879,dino,True,8.982557,1.667915,i2-i31-0184,scene-0184,scene-0184:image:67
0.000393,0.0,0.002288,0.002181,0.001959,1.579076,0.000576,,0.410448,0.120156,,0.511138,NVTX inference includes CUDA event synchronization,3125500079778323,0.320036,4.209795,6.801777,1.5822250000000002,9.109956,0.09732,1.330617,0.809918,4.295851,1.3051,0.002625,0.006336,3.597312,1.747905,0.88003,10.68339,26.880228,0.342459,1.3452,12827195379,12763894251,68,63.301128,dino,True,9.429992,1.648259,i2-i31-0184,scene-0184,scene-0184:image:68
0.0,0.0,0.002581,0.002501,0.001755,1.410026,0.0,,0.404092,0.099399,,0.533105,NVTX inference includes CUDA event synchronization,3125500151063195,0.317956,3.533608,5.783688999999999,1.4804839999999997,7.919192,0.096808,1.255134,0.785096,3.504445,1.106477,0.002272,0.006432,3.59159,1.70394,0.856233,10.196859,26.595162,0.340018,1.34668,12898480564,12836038418,69,62.442146,dino,True,8.237148,3.229912,i2-i31-0184,scene-0184,scene-0184:image:69
0.0,0.00173,0.002481,0.002598,0.001839,1.395302,0.000392,,0.387955,0.096442,,0.55236,NVTX inference includes CUDA event synchronization,3125500228018512,0.322404,3.569934,5.774559,1.4693299999999994,7.893254,0.093014,1.226035,0.79872,3.525826,1.093645,0.004256,0.004832,3.561546,1.670618,0.873473,10.194911,26.76895,0.337169,1.340278,12975436524,12912678100,70,62.758424,dino,True,8.215658,1.719723,i2-i31-0184,scene-0184,scene-0184:image:70
0.000265,0.0,0.002404,0.003149,0.00176,1.421574,0.0,,0.423256,0.100313,,0.537137,NVTX inference includes CUDA event synchronization,3125500416097078,0.345669,3.565749,5.843978,1.4652959999999995,7.988167,0.09686,1.310396,0.852749,3.542667,1.057004,0.002688,0.006176,3.529735,1.774658,0.924334,10.287447,26.670502,0.344861,1.336099,13163514375,13100798072,72,62.716303,dino,True,8.333836,1.751174,i2-i31-0184,scene-0184,scene-0184:image:72
0.0,0.000608,0.002077,0.002342,0.001731,1.424921,0.0,,0.401508,0.102913,,0.621899,NVTX inference includes CUDA event synchronization,3125500487244124,0.335267,3.562222,5.770439999999999,1.5110449999999993,7.9931719999999995,0.090186,1.23663,0.824424,3.52409,1.132464,0.004896,0.004704,3.426029,1.689498,0.902537,10.305819,27.024779,0.343917,1.32756,13234661344,13170832602,73,63.828742,dino,True,8.328439,1.646001,i2-i31-0184,scene-0184,scene-0184:image:73
0.0,0.0,0.002567,0.002709,0.001714,1.415316,0.0,,0.40957,0.098111,,0.529954,NVTX inference includes CUDA event synchronization,3125500580054924,0.33578,5.532236,5.694486999999999,1.4746829999999997,7.818648,0.101171,1.207337,0.829291,3.440047,1.093771,0.002656,0.005472,3.570071,1.670222,0.900044,10.31852,26.59079,0.346934,1.37835,13327472884,13265046160,74,62.426724,dino,True,8.154428,1.703077,i2-i31-0184,scene-0184,scene-0184:image:74
0.000318,0.0,0.002112,0.002425,0.001811,1.429867,0.0,,0.405915,0.098137,,0.526697,NVTX inference includes CUDA event synchronization,3125500650178311,0.311907,3.511004,5.983065000000001,1.4798020000000003,8.138440000000001,0.103748,1.276176,0.864699,3.642933,1.074477,0.000576,0.007936,4.337179,1.718676,0.936539,10.29851,26.645906,0.407484,1.717531,13397596177,13334763621,75,62.832556,dino,True,8.450347,1.679895,i2-i31-0184,scene-0184,scene-0184:image:75
4e-06,0.0,0.002258,0.002327,0.00181,1.428636,0.000542,,0.402881,0.098159,,0.544513,NVTX inference includes CUDA event synchronization,3125500728191202,0.308838,3.611008,5.903304,1.441751000000001,8.075596,0.106909,1.287227,0.896345,3.587005,1.058669,0.000544,0.005984,4.412712,1.730464,0.968314,10.249471,26.750028,0.412482,1.747045,13475608316,13412709354,76,62.898962,dino,True,8.384434,1.828882,i2-i31-0184,scene-0184,scene-0184:image:76
0.0,0.001433,0.002228,0.002575,0.001721,1.460083,0.000576,,0.436615,0.098138,,0.528021,NVTX inference includes CUDA event synchronization,3125500833973907,0.330691,7.038242,6.571795,1.5219309999999995,8.772494,0.152294,1.248639,1.5417,3.540114,1.091499,0.000576,0.006432,5.688383,1.704098,1.612389,10.222188,26.583969,0.391836,1.397424,13581391354,13518125738,77,63.265616,dino,True,9.103185,1.917009,i2-i31-0184,scene-0184,scene-0184:image:77
0.0,0.0,0.002193,0.008046,0.002505,1.426251,0.00064,,0.418615,0.104667,,0.549658,NVTX inference includes CUDA event synchronization,3125500916014375,0.31962,3.597806,6.023823999999999,1.509295999999999,8.216778999999999,0.109176,1.311675,0.920084,3.622731,1.054189,0.001152,0.008096,4.460283,1.771617,0.994453,10.337235,26.786879,0.426452,1.754157,13663431764,13599930517,78,63.501247,dino,True,8.536399,1.76086,i2-i31-0184,scene-0184,scene-0184:image:78
0.0,0.000499,0.002823,0.002543,0.002391,1.418375,0.0,,0.38888,0.099341,,0.548642,NVTX inference includes CUDA event synchronization,3125500986118755,0.30775,3.527367,5.801038000000001,1.4729110000000007,7.9567820000000005,0.106643,1.24422,0.861152,3.506505,1.065421,0.000544,0.007136,4.365273,1.701118,0.934529,10.340688,26.574971,0.411701,1.71122,13733536306,13670696638,79,62.839668,dino,True,8.264532,1.64259,i2-i31-0184,scene-0184,scene-0184:image:79
0.0,0.0,0.002212,0.0025,0.001781,1.429751,0.0,,0.429538,0.101135,,0.533333,NVTX inference includes CUDA event synchronization,3125501078552282,0.318722,3.815647,5.917415,1.4813829999999992,8.098943,0.107999,1.233155,0.974866,3.558586,1.053196,0.000992,0.007488,4.531802,1.694824,1.044916,10.388724,26.633505,0.418642,1.775585,13825970256,13763198823,80,62.771433,dino,True,8.417665,1.796085,i2-i31-0184,scene-0184,scene-0184:image:80
0.0,0.000512,0.002824,0.002452,0.001763,1.420894,0.0,,0.394244,0.100099,,0.554539,NVTX inference includes CUDA event synchronization,3125501148541882,0.315396,3.551999,5.833979,1.457179,7.99591,0.10267,1.291861,0.844555,3.517012,1.089869,0.000512,0.007648,4.368451,1.735963,0.919019,10.238372,26.574905,0.410002,1.739652,13895959284,13833312390,81,62.646894,dino,True,8.311306,1.694388,i2-i31-0184,scene-0184,scene-0184:image:81
0.0,0.000512,0.00218,0.002337,0.001849,1.406785,0.0,,0.394568,0.099682,,0.531937,NVTX inference includes CUDA event synchronization,3125501227719756,0.306051,3.503981,5.789994,1.4409979999999996,7.923793,0.10433,1.228637,0.886352,3.516013,1.04689,0.000576,0.006048,4.411559,1.673985,0.959505,10.200543,26.6864,0.407468,1.733339,13975137059,13912450834,82,62.686225,dino,True,8.229844,1.705123,i2-i31-0184,scene-0184,scene-0184:image:82
0.0,0.0,0.003016,0.002413,0.001758,1.448155,0.0,,0.421957,0.099417,,0.550803,NVTX inference includes CUDA event synchronization,3125501334423795,0.308707,7.712768,5.965669999999999,1.460812999999999,8.184482,0.113725,1.244392,0.963354,3.621997,1.079148,0.001024,0.008736,4.480624,1.674094,1.034778,10.178007,26.675094,0.421115,1.757597,14081841235,14019221481,83,62.619754,dino,True,8.493189,2.18799,i2-i31-0184,scene-0184,scene-0184:image:83
0.000415,0.0,0.002374,0.002991,0.001853,1.429447,0.0,,0.413892,0.105811,,0.547525,NVTX inference includes CUDA event synchronization,3125501414929968,0.319717,3.678866,5.971928999999999,1.458118999999999,8.156519999999999,0.10888,1.334746,0.924964,3.571214,1.068905,0.00112,0.008289,4.484149,1.793375,0.996388,10.294496,26.627514,0.427873,1.785655,14162347672,14099544036,84,62.803636,dino,True,8.476237,1.773418,i2-i31-0184,scene-0184,scene-0184:image:84
0.0,0.00064,0.002245,0.00293,0.001776,1.422008,0.0,,0.389378,0.099181,,0.546867,NVTX inference includes CUDA event synchronization,3125501485128374,0.311205,3.587086,5.731827,1.4585239999999997,7.885647,0.10372,1.237625,0.860845,3.468635,1.059695,0.000512,0.007296,4.381807,1.696351,0.93611,10.317401,26.609633,0.41332,1.719797,14232546295,14169778104,85,62.768191,dino,True,8.196852,1.654718,i2-i31-0184,scene-0184,scene-0184:image:85
0.0,0.0,0.002766,0.002963,0.001917,1.488945,0.0,,0.434628,0.10362,,0.526642,NVTX inference includes CUDA event synchronization,3125501580656820,0.316419,5.241928,6.473547999999999,1.5101209999999998,8.71861,0.107469,1.342839,0.929689,3.992034,1.143789,0.001056,0.008032,4.48653,1.756031,0.999673,10.410664,26.765031,0.426287,1.768571,14328074534,14265202792,86,62.871742,dino,True,9.035029,1.790111,i2-i31-0184,scene-0184,scene-0184:image:86
0.0,0.0,0.002072,0.003079,0.001886,1.435979,0.0,,0.506674,0.099736,,0.549855,NVTX inference includes CUDA event synchronization,3125501654033034,0.356548,4.168343,6.064326000000001,1.5193350000000008,8.307059,0.117179,1.259952,1.083692,3.583372,1.087437,0.003328,0.009312,4.708176,1.713109,1.155404,10.236941,26.594674,0.44257,1.867511,14401450754,14338382720,87,63.068034,dino,True,8.663607,2.71916,i2-i31-0184,scene-0184,scene-0184:image:87
0.000318,0.0,0.002182,0.002418,0.00176,1.40149,0.0,,0.495648,0.094304,,0.536166,NVTX inference includes CUDA event synchronization,3125501730658815,0.367812,3.621277,5.735246999999999,1.4411099999999992,7.901720999999999,0.107913,1.238349,0.971863,3.454512,1.04689,0.001152,0.007744,4.46764,1.680976,1.067193,10.080565,26.599717,0.414725,1.740507,14478076209,14415535405,88,62.540804,dino,True,8.269533,4.691051,i2-i31-0184,scene-0184,scene-0184:image:88
0.000282,0.0,0.002072,0.002377,0.001839,1.455781,0.00112,,0.451418,0.098958,,0.536619,NVTX inference includes CUDA event synchronization,3125501832152264,0.332579,6.450263,5.936164999999999,1.4516599999999995,8.154051999999998,0.111892,1.244357,0.99637,3.492385,1.178671,0.003296,0.008,4.691338,1.679914,1.066131,10.116583,26.699071,0.450725,1.835938,14579569607,14517156669,89,62.412938,dino,True,8.486631,2.291742,i2-i31-0184,scene-0184,scene-0184:image:89
0.0,0.0,0.00233,0.003369,0.001873,1.419181,0.0,,0.427189,0.10262,,0.534756,NVTX inference includes CUDA event synchronization,3125501915151358,0.332227,3.785813,5.9038520000000005,1.4722270000000002,8.062943,0.111389,1.326907,0.928137,3.499569,1.048237,0.001056,0.007648,4.478058,1.785309,1.00017,10.20956,26.628124,0.423727,1.771511,14662569204,14600078963,90,62.490241,dino,True,8.39517,2.61422,i2-i31-0184,scene-0184,scene-0184:image:90
0.0,0.000544,0.002207,0.002343,0.001973,1.43746,0.0,,0.386557,0.102783,,0.545723,NVTX inference includes CUDA event synchronization,3125501985136285,0.311492,3.604895,5.9509620000000005,1.4620980000000001,8.119060000000001,0.105049,1.365863,0.826308,3.614284,1.04897,0.000608,0.007372,4.359036,1.821356,0.9009,10.433823,26.568072,0.409512,1.735024,14732553980,14669539350,91,63.01463,dino,True,8.430552,1.442757,i2-i31-0184,scene-0184,scene-0184:image:91
0.0,0.000232,0.002163,0.002549,0.001991,1.436382,0.0,,0.420507,0.103541,,0.548941,NVTX inference includes CUDA event synchronization,3125502080000076,0.312804,5.152483,5.982832999999999,1.5181149999999999,8.186335,0.110085,1.24307,0.92669,3.601906,1.090857,0.001024,0.007392,4.532488,1.703972,0.99725,10.302826,26.651353,0.425183,1.749918,14827440821,14764682053,92,62.758768,dino,True,8.499139,1.58874,i2-i31-0184,scene-0184,scene-0184:image:92
0.0,0.0,0.002178,0.00297,0.001822,1.412919,0.0,,0.418861,0.097083,,0.537789,NVTX inference includes CUDA event synchronization,3125502149937833,0.315205,3.6113,5.889500999999999,1.457059,8.047918,0.104387,1.264445,0.896953,3.539372,1.092075,0.001088,0.007744,4.44921,1.709696,0.969146,10.191802,26.653928,0.419036,1.771708,14897356015,14834612406,93,62.743609,dino,True,8.363123,1.479606,i2-i31-0184,scene-0184,scene-0184:image:93
0.000336,0.000512,0.002054,0.002897,0.001765,1.409166,0.0,,0.403551,0.1001,,0.546252,NVTX inference includes CUDA event synchronization,3125502227326593,0.317314,3.546407,5.764169000000001,1.441548000000001,7.913488000000001,0.1051,1.245181,0.890475,3.504517,1.036525,0.000512,0.006944,4.404795,1.691843,0.963116,10.189384,26.585988,0.403166,1.738633,14974744204,14912171984,94,62.57222,dino,True,8.230802,1.469507,i2-i31-0184,scene-0184,scene-0184:image:94
0.0,0.000544,0.002721,0.002374,0.001791,1.422934,0.0,,0.445704,0.098618,,0.528652,NVTX inference includes CUDA event synchronization,3125502334623339,0.330951,8.164686,5.901334,1.4582039999999994,8.073720999999999,0.116333,1.20175,1.017277,3.534999,1.066829,0.00112,0.00816,4.509672,1.663515,1.089309,10.244066,26.58937,0.422421,1.766601,15082040706,15019386876,95,62.65383,dino,True,8.404672,2.017283,i2-i31-0184,scene-0184,scene-0184:image:95
0.0,0.0,0.002106,0.003218,0.001814,1.455877,0.0,,0.414356,0.10529,,0.529206,NVTX inference includes CUDA event synchronization,3125502419104042,0.309316,3.67088,6.171197999999999,1.4531979999999995,8.373748999999998,0.110073,1.355479,0.929425,3.763135,1.062571,0.001088,0.008096,4.492184,1.782074,1.000499,10.196401,26.572883,0.41305,1.756493,15166521336,15103995641,96,62.525695,dino,True,8.683065,3.542089,i2-i31-0184,scene-0184,scene-0184:image:96
0.0,0.001342,0.002904,0.002485,0.002207,1.425378,0.0,,0.413077,0.100639,,0.548928,NVTX inference includes CUDA event synchronization,3125502489270065,0.313573,3.61569,5.886946,1.4990559999999995,8.070333,0.108456,1.250366,0.891165,3.525988,1.100331,0.001024,0.00752,4.437205,1.695587,0.962334,10.193446,26.719488,0.41466,1.734423,15236687551,15174045690,97,62.641861,dino,True,8.383906,1.737971,i2-i31-0184,scene-0184,scene-0184:image:97
0.0,0.0,0.002656,0.002473,0.001696,1.401561,0.000576,,0.428819,0.102411,,0.54416,NVTX inference includes CUDA event synchronization,3125502578489751,0.323874,4.079841,5.818592000000001,1.4747050000000002,7.97907,0.108368,1.237047,0.93857,3.456434,1.079628,0.000544,0.007648,4.439324,1.699962,1.009162,10.329027,26.707775,0.411922,1.732914,15325907189,15263138572,98,62.768617,dino,True,8.302944,1.525767,i2-i31-0184,scene-0184,scene-0184:image:98
0.0,0.0,0.002495,0.002504,0.001843,1.431506,0.0,,0.390117,0.100474,,0.56092,NVTX inference includes CUDA event synchronization,3125502648569156,0.316868,3.620024,6.036166000000001,1.4975820000000004,8.209157000000001,0.103639,1.290174,0.853644,3.660493,1.112204,0.000608,0.007681,4.355992,1.733765,0.929293,10.363588,26.703382,0.404873,1.719666,15395987014,15333057140,99,62.929874,dino,True,8.526025,1.468725,i2-i31-0184,scene-0184,scene-0184:image:99
0.0,0.000544,0.002334,0.002308,0.001954,1.416132,0.0,,0.396373,0.096414,,0.536869,NVTX inference includes CUDA event synchronization,3125502728039703,0.308898,3.671102,5.79224,1.4413349999999996,7.9362699999999995,0.104227,1.238536,0.860222,3.543542,1.050731,0.000576,0.005999,4.402298,1.681325,0.932735,10.199263,26.760164,0.402955,1.724115,15475457167,15412697263,100,62.759904,dino,True,8.245168,1.50259,i2-i31-0184,scene-0184,scene-0184:image:100
0.0,0.0,0.002049,0.002367,0.001817,1.45562,0.001056,,0.441177,0.102125,,0.5176,NVTX inference includes CUDA event synchronization,3125502833530614,0.330948,7.572184,6.135588,1.4718860000000005,8.328451000000001,0.103525,1.286259,0.938247,3.759954,1.092232,0.00096,0.006336,4.318542,1.69852,1.008744,10.129058,26.582363,0.476509,1.456878,15580947935,15518657398,101,62.290537,dino,True,8.659399,1.980482,i2-i31-0184,scene-0184,scene-0184:image:101
0.00031,0.000992,0.002275,0.002647,0.001688,1.45615,0.0,,0.351222,0.102705,,0.544565,NVTX inference includes CUDA event synchronization,3125502913624044,0.282019,3.785086,6.058776000000001,1.4956310000000004,8.239311,0.097375,1.354769,0.77791,3.697843,1.08897,0.002848,0.005984,3.55113,1.808373,0.848887,10.359953,26.60184,0.344427,1.361737,15661041696,15598349350,102,62.692346,dino,True,8.52133,1.52751,i2-i31-0184,scene-0184,scene-0184:image:102
0.0,0.000608,0.002396,0.002358,0.001806,1.387103,0.0,,0.374761,0.103625,,0.529293,NVTX inference includes CUDA event synchronization,3125502983516815,0.320132,3.615442,5.617878000000001,1.440201,7.699696,0.09411,1.233237,0.736027,3.458127,1.048654,0.004704,0.004768,3.441042,1.688987,0.81142,10.283091,26.646549,0.337044,1.320274,15730934382,15668363634,103,62.570748,dino,True,8.019828,1.643582,i2-i31-0184,scene-0184,scene-0184:image:103
0.0,0.0,0.003139,0.002444,0.002251,1.396784,0.0,,0.399502,0.092105,,0.548308,NVTX inference includes CUDA event synchronization,3125503080893295,0.339587,5.722248,5.646713,1.4590249999999996,7.751659,0.096999,1.248907,0.804231,3.391255,1.081933,0.00272,0.006176,3.531654,1.710512,0.898791,10.292243,26.668598,0.346128,1.360692,15828310560,15765844395,104,62.466165,dino,True,8.091246,1.822821,i2-i31-0184,scene-0184,scene-0184:image:104
0.0,0.0,0.00239,0.002566,0.001965,1.409026,0.0,,0.379333,0.113303,,0.568023,NVTX inference includes CUDA event synchronization,3125503151530859,0.315589,3.602722,5.8740760000000005,1.471490000000001,8.035093000000002,0.09816,1.279927,0.727786,3.686812,1.076427,0.004864,0.005216,3.439499,1.724798,0.806059,10.262338,26.795929,0.33237,1.339111,15898948296,15835623736,105,63.32456,dino,True,8.350682,1.684819,i2-i31-0184,scene-0184,scene-0184:image:105
0.0,0.000193,0.002063,0.008901,0.002469,1.424077,0.000264,,0.400947,0.098429,,0.525161,NVTX inference includes CUDA event synchronization,3125503228012687,0.329828,3.659341,5.844808,1.4753759999999998,7.977484,0.091783,1.241099,0.797648,3.587121,1.104909,0.004512,0.004864,3.526769,1.681043,0.870129,10.218381,26.809708,0.346982,1.345905,15975431115,15912650222,106,62.780893,dino,True,8.307312,1.702676,i2-i31-0184,scene-0184,scene-0184:image:106
0.000294,0.0,0.002477,0.002332,0.001817,1.432534,0.0,,0.42823,0.103246,,0.534092,NVTX inference includes CUDA event synchronization,3125503334106927,0.337922,7.909111,5.913181999999999,1.4468729999999992,8.080281999999999,0.096068,1.231908,0.864948,3.6662,1.104427,0.002624,0.005156,3.53164,1.690603,0.935125,10.147884,26.610305,0.347386,1.335178,16081524636,16019262644,107,62.261992,dino,True,8.418204,2.167545,i2-i31-0184,scene-0184,scene-0184:image:107
0.0,0.000608,0.003074,0.002497,0.001933,1.425819,0.0,,0.392798,0.100112,,0.554129,NVTX inference includes CUDA event synchronization,3125503414086869,0.327397,3.766858,5.906242,1.448899,8.059815,0.098994,1.353363,0.830607,3.568714,1.078315,0.002784,0.005536,3.551309,1.808985,0.902672,10.306016,26.750953,0.359073,1.350161,16161504746,16098638548,108,62.866198,dino,True,8.387212,1.716208,i2-i31-0184,scene-0184,scene-0184:image:108
0.0,0.001184,0.002283,0.002506,0.001648,1.454023,0.0,,0.5132,0.095824,,0.556135,NVTX inference includes CUDA event synchronization,3125503484964530,0.395781,3.656155,6.115953999999999,1.657659999999999,8.346976,0.102465,1.251251,0.918296,3.564978,1.238091,0.002976,0.00704,3.650476,1.709403,0.991193,10.410464,26.722484,0.365836,1.407525,16232382706,16168958424,109,63.424282,dino,True,8.742757,1.694178,i2-i31-0184,scene-0184,scene-0184:image:109
0.0,0.000512,0.002255,0.002732,0.001685,1.446342,0.0,,0.413131,0.108341,,0.508204,NVTX inference includes CUDA event synchronization,3125503583238076,0.311685,3.748329,6.241190999999999,1.4778449999999994,8.412707999999999,0.109045,1.288784,0.973308,3.778854,1.089485,0.000544,0.006528,4.068002,1.700563,1.043868,10.155371,26.674064,0.365132,1.427355,16330656086,16268187920,110,62.468166,dino,True,8.724393,6.98168,i2-i31-0184,scene-0184,scene-0184:image:110
0.0,0.0,0.002245,0.003096,0.001767,1.441899,0.000512,,0.412149,0.104565,,0.519893,NVTX inference includes CUDA event synchronization,3125503655391961,0.322531,3.691199,6.0456959999999995,1.489192,8.209291,0.102847,1.275924,0.841671,3.729055,1.086189,0.00112,0.005824,3.771597,1.732473,0.912008,10.435187,26.647149,0.352965,1.397132,16402809477,16340079307,111,62.73017,dino,True,8.531822,3.467221,i2-i31-0184,scene-0184,scene-0184:image:111
0.0,0.0,0.002344,0.002589,0.001771,1.42636,0.0,,0.415184,0.121799,,0.533097,NVTX inference includes CUDA event synchronization,3125503732134927,0.33735,3.772896,6.666764,1.5331639999999993,8.832557999999999,0.106102,1.286433,0.922156,4.225463,1.088846,0.000544,0.0072,3.907641,1.732964,0.993197,10.784655,26.689183,0.361638,1.400534,16479552718,16416188339,112,63.364379,dino,True,9.169908,5.109554,i2-i31-0184,scene-0184,scene-0184:image:112
0.0,0.000544,0.002711,0.0027,0.001571,1.476798,0.000608,,0.467516,0.101196,,0.59713,NVTX inference includes CUDA event synchronization,3125503828367083,0.368676,3.789201,6.174860000000001,1.5002160000000009,8.456958,0.099415,1.261231,1.002037,3.80349,1.153421,0.000576,0.005248,3.803884,1.695924,1.074422,10.22047,26.697563,0.369081,1.455773,16575784828,16513081170,113,62.703658,dino,True,8.825634,1.761794,i2-i31-0184,scene-0184,scene-0184:image:113
0.0,0.0,0.002415,0.002397,0.001788,1.377929,0.0,,0.413643,0.099805,,0.539944,NVTX inference includes CUDA event synchronization,3125503914372075,0.330213,3.691885,5.796095000000001,1.4455840000000002,7.903803000000001,0.096451,1.302108,0.811115,3.479996,1.09054,0.002624,0.005598,3.520133,1.766914,0.905836,10.244155,26.641865,0.341127,1.343392,16661790191,16599283591,114,62.5066,dino,True,8.234016,1.71098,i2-i31-0184,scene-0184,scene-0184:image:114
0.0,0.000608,0.002325,0.002251,0.001783,1.427672,0.0,,0.412701,0.103417,,0.564085,NVTX inference includes CUDA event synchronization,3125503985619661,0.318596,3.74165,5.7764500000000005,1.6157410000000008,7.972696,0.091643,1.252188,0.76278,3.484446,1.074413,0.004704,0.005377,3.465222,1.710177,0.84118,10.317619,26.937958,0.341275,1.338916,16733037270,16669272036,115,63.765234,dino,True,8.291292,1.657825,i2-i31-0184,scene-0184,scene-0184:image:115
0.00048,0.000588,0.002095,0.002507,0.001883,1.448052,0.0,,0.408948,0.100864,,0.535726,NVTX inference includes CUDA event synchronization,3125504079190851,0.314052,4.097277,5.961571,1.5365859999999998,8.148662,0.100718,1.246965,0.856397,3.598994,1.11403,0.002624,0.0064,3.687165,1.708697,0.926798,10.445642,26.668348,0.348995,1.360251,16826608542,16763785112,116,62.82343,dino,True,8.462714,1.740678,i2-i31-0184,scene-0184,scene-0184:image:116
0.0,0.0,0.002675,0.00264,0.002201,1.640699,0.0,,0.354425,0.110077,,0.555512,NVTX inference includes CUDA event synchronization,3125504150605287,0.279972,3.942549,6.461757,1.6962540000000006,8.850014,0.112185,1.459517,0.798764,3.957558,1.097484,0.00272,0.005504,3.564789,1.902851,0.870509,10.606512,26.762701,0.352596,1.352436,16898022813,16834400494,117,63.622319,dino,True,9.129986,1.584462,i2-i31-0184,scene-0184,scene-0184:image:117
0.0,0.0,0.002655,0.002555,0.001844,1.505172,0.000576,,0.550082,0.10399,,0.519063,NVTX inference includes CUDA event synchronization,3125504243368684,0.38474,4.16226,6.583867000000001,1.6105050000000007,8.885064,0.134639,1.255433,1.294877,3.745056,1.221262,0.001088,0.006944,4.641648,1.707727,1.366525,10.264193,26.729774,0.39767,1.574985,16990786329,16927442209,118,63.34412,dino,True,9.269804,15.456828,i2-i31-0184,scene-0184,scene-0184:image:118
0.0,0.0,0.002173,0.002205,0.001823,1.399448,0.0,,0.407507,0.094024,,0.54528,NVTX inference includes CUDA event synchronization,3125504328138818,0.337733,4.03574,5.680664,1.4317340000000005,7.795391,0.097034,1.218216,0.841706,3.468742,1.067436,0.002176,0.00608,3.578302,1.656524,0.913579,10.099143,26.674818,0.343579,1.355571,17075556111,17013157373,119,62.398738,dino,True,8.133124,1.740145,i2-i31-0184,scene-0184,scene-0184:image:119
5.9e-05,0.0,0.001945,0.00294,0.001737,1.452975,0.0,,0.395219,0.099651,,0.890891,NVTX inference includes CUDA event synchronization,3125504417118142,0.387844,4.050047,5.991844,1.908251,8.449417,0.097006,1.326317,0.824591,3.517593,1.153999,0.002688,0.006816,3.539465,1.787571,0.897712,10.311145,27.250201,0.338316,1.344888,17164534980,17100486947,120,64.048033,dino,True,8.837261,1.735937,i2-i31-0184,scene-0184,scene-0184:image:120
0.0,0.000544,0.002088,0.00236,0.001671,1.389416,0.000481,,0.356851,0.100024,,0.551462,NVTX inference includes CUDA event synchronization,3125504486991466,0.29751,3.801549,5.668279999999999,1.4664919999999997,7.775666999999999,0.094722,1.237095,0.724181,3.480311,1.061902,0.003424,0.00505,3.474031,1.67966,0.79983,10.187477,26.572865,0.340117,1.333904,17234409410,17171848131,121,62.561279,dino,True,8.073177,1.476133,i2-i31-0184,scene-0184,scene-0184:image:121
0.0,6.1e-05,0.002126,0.002917,0.001794,1.395759,0.0,,0.397556,0.096284,,0.555351,NVTX inference includes CUDA event synchronization,3125504579608225,0.323811,5.05642,5.5758790000000005,1.4631740000000004,7.703916,0.093293,1.205077,0.817684,3.346984,1.092011,0.0032,0.006304,3.524184,1.665594,0.888597,10.239068,26.611464,0.347679,1.343134,17327025387,17264662420,122,62.362967,dino,True,8.027727,1.71543,i2-i31-0184,scene-0184,scene-0184:image:122
0.0,0.001532,0.002054,0.003218,0.001804,1.392998,0.0,,0.369593,0.098714,,0.536438,NVTX inference includes CUDA event synchronization,3125504649709666,0.322114,3.753543,5.761088,1.467568,7.845325,0.089042,1.270237,0.707543,3.551179,1.073549,0.003424,0.004897,3.448429,1.710081,0.781784,10.180219,26.751072,0.331131,1.327311,17397127177,17334435410,123,62.691767,dino,True,8.167439,1.632272,i2-i31-0184,scene-0184,scene-0184:image:123
0.0,0.0,0.00278,0.002584,0.00241,1.403145,0.0,,0.396485,0.096357,,0.541285,NVTX inference includes CUDA event synchronization,3125504727966722,0.331875,3.850185,5.745933000000001,1.4812740000000009,7.859104,0.092462,1.257071,0.788086,3.495596,1.067466,0.004192,0.004832,3.519327,1.695956,0.860438,10.143912,26.77719,0.344958,1.344308,17475384248,17412749577,124,62.634671,dino,True,8.190979,1.663225,i2-i31-0184,scene-0184,scene-0184:image:124
0.0,0.0,0.00219,0.00245,0.001854,1.47364,0.0,,0.456378,0.10082,,0.541695,NVTX inference includes CUDA event synchronization,3125504839972970,0.340484,7.85064,6.328125,1.5108179999999996,8.566668,0.11428,1.272886,1.050259,3.807504,1.143565,0.000544,0.007296,4.162229,1.685883,1.120309,10.222845,26.73114,0.375161,1.454649,17587390180,17524491726,125,62.898454,dino,True,8.907152,7.542713,i2-i31-0184,scene-0184,scene-0184:image:125
0.0,0.000544,0.002621,0.00245,0.001769,1.418181,0.0,,0.40555,0.100549,,0.529194,NVTX inference includes CUDA event synchronization,3125504915047998,0.346116,3.797157,5.835535,1.4514389999999997,7.950277,0.09491,1.318575,0.82162,3.548046,1.053451,0.002816,0.005536,3.505861,1.776982,0.892085,10.262619,26.593104,0.335324,1.349805,17662465318,17600051943,126,62.413375,dino,True,8.296393,1.719327,i2-i31-0184,scene-0184,scene-0184:image:126
0.0,0.0,0.002212,0.002431,0.001779,1.384286,0.0,,0.361198,0.100387,,0.550708,NVTX inference includes CUDA event synchronization,3125504984842306,0.302019,3.798673,5.527528,1.4283489999999999,7.62851,0.090775,1.242957,0.715696,3.368291,1.074669,0.00528,0.004512,3.40432,1.698353,0.790928,10.196783,26.604129,0.329269,1.316536,17732260350,17669692436,127,62.567914,dino,True,7.930529,1.454853,i2-i31-0184,scene-0184,scene-0184:image:127
0.0,0.0,0.00307,0.002423,0.002473,1.463887,0.0,,0.331951,0.102248,,0.536329,NVTX inference includes CUDA event synchronization,3125505080305475,0.279077,5.477464,6.080468000000001,1.448837000000001,8.243772,0.096113,1.268335,0.776629,3.836441,1.087726,0.00272,0.006048,3.527334,1.689812,0.847286,10.243415,26.718946,0.34099,1.384961,17827723255,17765390446,128,62.332809,dino,True,8.522849,1.585728,i2-i31-0184,scene-0184,scene-0184:image:128
0.0,0.001571,0.002488,0.003312,0.00162,1.591424,0.0,,0.378071,0.124115,,0.548296,NVTX inference includes CUDA event synchronization,3125505151220846,0.3177,3.724817,6.571199999999999,1.683046,8.904397,0.086573,1.278378,0.724785,4.344152,1.095947,0.00432,0.004896,3.389181,1.726575,0.797682,10.821964,26.836013,0.353337,1.332091,17898638861,17834978183,129,63.660678,dino,True,9.222097,1.61105,i2-i31-0184,scene-0184,scene-0184:image:129
0.0,0.00053,0.003006,0.002579,0.001773,1.400567,0.0,,0.379706,0.098626,,0.556914,NVTX inference includes CUDA event synchronization,3125505227854053,0.322946,3.789553,5.624968,1.4147629999999998,7.745723,0.088977,1.238191,0.750996,3.50373,1.063852,0.00384,0.00432,3.428934,1.678614,0.825269,10.18323,26.787584,0.33783,1.331842,17975271321,17912661449,130,62.609872,dino,True,8.068669,1.669116,i2-i31-0184,scene-0184,scene-0184:image:130
0.0,0.000144,0.002805,0.002402,0.001726,1.464663,0.000544,,0.42219,0.098406,,0.550437,NVTX inference includes CUDA event synchronization,3125505334659083,0.343045,8.053252,6.02862,1.487476,8.228892,0.095517,1.272743,0.85439,3.775845,1.078126,0.00272,0.00512,3.511407,1.701292,0.924887,10.312385,26.656642,0.335906,1.347411,18082076610,18019476632,131,62.599978,dino,True,8.571937,2.163365,i2-i31-0184,scene-0184,scene-0184:image:131
0.0,0.000451,0.002043,0.002986,0.001928,1.431143,0.000576,,0.4127,0.102639,,0.539876,NVTX inference includes CUDA event synchronization,3125505417233888,0.337122,3.791723,6.0203880000000005,1.4920270000000002,8.177608,0.105652,1.345672,0.887259,3.59438,1.082732,0.001056,0.005952,3.761909,1.801519,0.9591,10.324752,26.628036,0.354307,1.398614,18164651034,18102020200,132,62.630834,dino,True,8.51473,3.426632,i2-i31-0184,scene-0184,scene-0184:image:132
0.000113,0.000512,0.002231,0.002377,0.001762,1.407718,0.0,,0.376371,0.09802,,0.536642,NVTX inference includes CUDA event synchronization,3125505487267331,0.317444,3.624765,5.716096,1.4222880000000009,7.824398,0.088808,1.25132,0.725167,3.586821,1.058702,0.002304,0.006432,3.476554,1.69494,0.800112,10.303721,26.589183,0.336261,1.331915,18234685661,18172132701,133,62.55296,dino,True,8.141842,1.774982,i2-i31-0184,scene-0184,scene-0184:image:133
0.0,0.00037,0.002353,0.002417,0.001676,1.405451,0.0,,0.390024,0.107108,,0.541343,NVTX inference includes CUDA event synchronization,3125505579220828,0.322051,4.652376,5.692462000000001,1.4565550000000007,7.821153000000001,0.093764,1.236435,0.800465,3.476836,1.069709,0.004128,0.005312,3.480983,1.700155,0.871026,10.248161,26.672874,0.344252,1.346624,18326638006,18264121257,134,62.516749,dino,True,8.143204,1.701083,i2-i31-0184,scene-0184,scene-0184:image:134
0.0,0.0,0.002572,0.002344,0.001692,1.421823,0.001568,,0.379552,0.102271,,0.549949,NVTX inference includes CUDA event synchronization,3125505649332831,0.315524,3.605814,5.850083,1.4768850000000002,7.99633,0.087954,1.295397,0.727993,3.630496,1.084137,0.003872,0.00512,3.42793,1.738856,0.80169,10.257058,26.723893,0.328435,1.325735,18396750462,18333949278,135,62.801184,dino,True,8.311854,1.638053,i2-i31-0184,scene-0184,scene-0184:image:135
0.0,0.0,0.002608,0.002336,0.001648,1.413295,0.0,,0.389824,0.101739,,0.543217,NVTX inference includes CUDA event synchronization,3125505727641166,0.328227,3.566443,5.793502999999999,1.438689,7.919943,0.089667,1.324157,0.796089,3.528003,1.061933,0.005152,0.00448,3.479102,1.762977,0.867994,10.162,26.67396,0.344456,1.332548,18475058306,18412478828,136,62.579478,dino,True,8.24817,1.710298,i2-i31-0184,scene-0184,scene-0184:image:136
0.0,0.0,0.002742,0.002434,0.001889,1.422008,0.0,,0.422439,0.101487,,0.531704,NVTX inference includes CUDA event synchronization,3125505833596373,0.344002,7.42249,5.787764000000001,1.4580970000000004,7.928465000000001,0.098583,1.235052,0.876053,3.504031,1.091211,0.002336,0.007104,3.631197,1.695825,0.948854,10.209546,26.626301,0.562793,1.38142,18581013910,18518607037,137,62.406873,dino,True,8.272467,2.146255,i2-i31-0184,scene-0184,scene-0184:image:137
0.0,0.000544,0.002705,0.002388,0.002343,1.441754,0.0,,0.401629,0.102807,,0.526688,NVTX inference includes CUDA event synchronization,3125505915469705,0.33354,3.60982,6.090674,1.506468,8.237992,0.097762,1.354426,0.803817,3.67138,1.128463,0.00272,0.006496,3.510929,1.809279,0.87585,10.350689,26.652807,0.339768,1.346382,18662887320,18600125411,138,62.761909,dino,True,8.571532,1.722969,i2-i31-0184,scene-0184,scene-0184:image:138
0.00019,0.000512,0.002296,0.002918,0.00185,1.413752,0.0,,0.382346,0.096994,,0.545959,NVTX inference includes CUDA event synchronization,3125505985344470,0.32506,3.562479,5.682024,1.4614409999999998,7.803781,0.0899,1.254284,0.736698,3.505417,1.071756,0.004384,0.004961,3.448209,1.70456,0.811771,10.261719,26.664078,0.334536,1.341152,18732762300,18670167082,139,62.595218,dino,True,8.128841,1.631462,i2-i31-0184,scene-0184,scene-0184:image:139
0.0,0.0,0.002858,0.00231,0.001724,1.406466,0.0,,0.401486,0.098966,,0.538024,NVTX inference includes CUDA event synchronization,3125506082220816,0.326788,6.718127,5.674401,1.4570559999999997,7.799447,0.097344,1.22785,0.825277,3.428772,1.081038,0.002272,0.006626,3.595208,1.688847,0.896061,10.31584,26.666808,0.345722,1.354845,18829637920,18767058038,140,62.579882,dino,True,8.126235,1.863708,i2-i31-0184,scene-0184,scene-0184:image:140
0.000301,0.000333,0.002281,0.003076,0.00189,1.41256,0.0,,0.405719,0.103508,,0.5591,NVTX inference includes CUDA event synchronization,3125506152911671,0.321891,3.565058,5.816091,1.4490220000000003,7.9829680000000005,0.106098,1.266729,0.842014,3.568408,1.064332,0.000608,0.007648,4.364183,1.72168,0.917151,10.24964,26.944408,0.414036,1.74591,18900329448,18836785804,141,63.543644,dino,True,8.304859,1.537903,i2-i31-0184,scene-0184,scene-0184:image:141
0.0,0.000415,0.002285,0.002521,0.001715,1.448689,0.0,,0.401271,0.103992,,0.558686,NVTX inference includes CUDA event synchronization,3125506227618313,0.316166,3.48154,5.893573999999999,1.5008059999999999,8.096981999999999,0.107766,1.237632,0.857018,3.62335,1.079663,0.000512,0.006401,4.370983,1.679206,0.930555,10.300249,26.746934,0.403558,1.72304,18975035509,18912160363,142,62.875146,dino,True,8.413148,1.492045,i2-i31-0184,scene-0184,scene-0184:image:142
0.0,0.0,0.002375,0.002128,0.001729,1.415852,0.000764,,0.412495,0.100105,,0.539503,NVTX inference includes CUDA event synchronization,3125506333854596,0.309474,7.760619,5.826531999999999,1.4445959999999989,7.9920089999999995,0.105237,1.216284,0.966281,3.506607,1.05339,0.001152,0.007936,4.45313,1.678946,1.038153,10.226157,26.569909,0.437619,1.761498,19081271885,19018886772,143,62.385113,dino,True,8.301483,1.959736,i2-i31-0184,scene-0184,scene-0184:image:143
0.0,0.000576,0.002303,0.002379,0.001855,1.43718,0.00112,,0.426512,0.105404,,0.535805,NVTX inference includes CUDA event synchronization,3125506415491734,0.326917,3.613469,6.055552,1.4553399999999996,8.241769,0.107577,1.356044,0.938803,3.652158,1.049196,0.001088,0.00848,4.467176,1.81061,1.010356,10.355553,26.555091,0.422588,1.768898,19162908826,19100175549,144,62.733277,dino,True,8.568686,1.591165,i2-i31-0184,scene-0184,scene-0184:image:144
0.0,0.0,0.002142,0.003038,0.001694,1.419948,0.0,,0.39751,0.099239,,0.568691,NVTX inference includes CUDA event synchronization,3125506485748134,0.315394,3.636472,5.893993,1.5006950000000003,8.070861,0.113472,1.242625,0.873709,3.568544,1.078858,0.000576,0.007776,4.391251,1.693064,0.947309,10.319107,26.670759,0.415224,1.727582,19233166446,19170291817,145,62.874629,dino,True,8.386255,1.449504,i2-i31-0184,scene-0184,scene-0184:image:145
0.0,0.00056,0.002357,0.002939,0.001836,1.403221,0.0,,0.404095,0.09807,,0.574329,NVTX inference includes CUDA event synchronization,3125506580494054,0.312099,5.082608,5.741345,1.4610219999999998,7.916653,0.108492,1.223106,0.910277,3.425332,1.092043,0.000576,0.007904,4.458203,1.687368,0.983174,10.363255,26.780763,0.418151,1.759118,19327911401,19264625606,146,63.285795,dino,True,8.228752,1.535113,i2-i31-0184,scene-0184,scene-0184:image:146
5.3e-05,0.0,0.002773,0.002693,0.001888,1.438064,0.0,,0.397208,0.102383,,0.577396,NVTX inference includes CUDA event synchronization,3125506651297479,0.314339,3.560002,5.967459999999999,1.4666609999999993,8.175578999999999,0.105279,1.268682,0.865981,3.699113,1.07601,0.000576,0.007616,4.380867,1.714673,0.942302,10.268468,26.781691,0.410014,1.715637,19398715024,19335113301,147,63.601723,dino,True,8.489918,1.471178,i2-i31-0184,scene-0184,scene-0184:image:147
0.0,0.0,0.003927,0.002899,0.002102,1.462138,0.0,,0.408125,0.093423,,0.521731,NVTX inference includes CUDA event synchronization,3125506728018642,0.310949,3.506575,6.225148999999999,1.5415149999999995,8.408544999999998,0.10787,1.266445,0.886878,3.812493,1.095109,0.000512,0.008672,4.422824,1.706288,0.959167,10.443818,26.790432,0.411635,1.947156,19475437047,19412296769,148,63.140278,dino,True,8.719494,1.493195,i2-i31-0184,scene-0184,scene-0184:image:148
0.0,0.000453,0.002742,0.002317,0.001811,1.438413,0.000512,,0.473317,0.10188,,0.514417,NVTX inference includes CUDA event synchronization,3125506833386733,0.339044,7.485236,6.081116,1.5682519999999993,8.277934,0.120569,1.243486,1.047114,3.575465,1.05278,0.003072,0.00624,4.610539,1.701412,1.116332,10.059337,26.571106,0.43653,1.797966,19580804514,19518373214,149,62.4313,dino,True,8.616978,1.980609,i2-i31-0184,scene-0184,scene-0184:image:149
0.000391,0.0,0.002178,0.002435,0.001667,1.39413,0.0,,0.406278,0.101004,,0.529857,NVTX inference includes CUDA event synchronization,3125506915359071,0.316995,3.455588,5.866836,1.4727190000000006,7.987781,0.11053,1.322332,0.931361,3.418286,1.041388,0.001056,0.007104,4.438511,1.780545,1.002817,10.163632,26.582968,0.416012,1.751243,19662776799,19600212976,150,62.563823,dino,True,8.304776,1.578005,i2-i31-0184,scene-0184,scene-0184:image:150
0.000418,0.00101,0.002389,0.002975,0.001983,1.424983,0.0,,0.373752,0.099312,,0.566137,NVTX inference includes CUDA event synchronization,3125506985112528,0.310757,3.457003,5.909298,1.5064199999999994,8.071499999999999,0.102731,1.278422,0.810503,3.618154,1.058283,0.000512,0.007232,4.27844,1.729209,0.885128,10.361763,26.633679,0.402359,1.715887,19732531596,19669615083,151,62.916513,dino,True,8.382257,1.452609,i2-i31-0184,scene-0184,scene-0184:image:151
0.000608,0.0,0.002123,0.002468,0.001709,1.464671,0.0,,0.462218,0.098948,,0.52335,NVTX inference includes CUDA event synchronization,3125507083591097,0.352739,7.967669,6.147011999999999,1.533046999999999,8.350368,0.112903,1.26607,1.048286,3.653465,1.08209,0.000846,0.0064,3.807861,1.677855,1.118238,10.017384,26.615529,0.340659,1.366867,19831008119,19768635114,152,62.373005,dino,True,8.703107,2.148478,i2-i31-0184,scene-0184,scene-0184:image:152
0.0,0.000484,0.002063,0.00289,0.001798,1.394897,0.0,,0.375456,0.101195,,0.5505,NVTX inference includes CUDA event synchronization,3125507227277022,0.316803,3.510215,5.676667999999999,1.419166999999999,7.789147999999999,0.092916,1.215761,0.775849,3.507972,1.086638,0.002176,0.005472,3.561858,1.653943,0.850602,10.120668,26.675398,0.337781,1.328878,19974694883,19912279034,154,62.415849,dino,True,8.105951,1.612603,i2-i31-0184,scene-0184,scene-0184:image:154
0.0,0.00079,0.002684,0.002452,0.001772,1.413669,0.0,,0.490756,0.094669,,0.535492,NVTX inference includes CUDA event synchronization,3125507381462846,0.377797,13.246001,5.936973,1.5844390000000006,8.101460000000001,0.125965,1.214535,1.167111,3.271222,1.109297,0.00048,0.006208,3.903006,1.674544,1.237865,10.170317,26.587476,0.343377,1.342624,20128880045,20066211687,155,62.668358,dino,True,8.479257,2.660753,i2-i31-0184,scene-0184,scene-0184:image:155
0.0,0.0,0.002431,0.002596,0.001789,1.422517,0.00112,,0.359697,0.100641,,0.530581,NVTX inference includes CUDA event synchronization,3125507451162303,0.303587,3.532586,5.872852,1.466971,7.9906369999999995,0.089243,1.338942,0.680819,3.608315,1.100174,0.004576,0.005184,3.410433,1.787488,0.755028,10.207753,26.60359,0.332144,1.304105,20198579970,20135709288,156,62.870682,dino,True,8.294224,1.262399,i2-i31-0184,scene-0184,scene-0184:image:156
0.0,0.000149,0.002916,0.002537,0.002036,1.402959,0.0,,0.348385,0.097171,,0.549956,NVTX inference includes CUDA event synchronization,3125507520661218,0.301124,3.486056,5.779062000000001,1.4658740000000003,7.884047000000001,0.089476,1.252549,0.690631,3.591656,1.085129,0.004704,0.005152,3.408669,1.709002,0.764807,10.397784,26.600978,0.326243,1.282073,20268078576,20205381418,157,62.697158,dino,True,8.185171,1.24035,i2-i31-0184,scene-0184,scene-0184:image:157
0.0,0.000576,0.002919,0.002327,0.001879,1.393485,0.000408,,0.343718,0.101987,,0.558767,NVTX inference includes CUDA event synchronization,3125507590061393,0.298115,3.480146,5.722029,1.4440049999999998,7.82998,0.087451,1.216745,0.700155,3.564462,1.106221,0.00448,0.004576,3.367679,1.662254,0.773052,10.199423,26.69706,0.342198,1.316029,20337478866,20274844254,158,62.634612,dino,True,8.128095,1.24467,i2-i31-0184,scene-0184,scene-0184:image:158
0.000309,0.0,0.00237,0.002313,0.001719,1.408638,0.0,,0.355754,0.098133,,0.571649,NVTX inference includes CUDA event synchronization,3125507659896653,0.29594,3.445879,5.804859,1.4675390000000004,7.949804,0.094947,1.295119,0.761014,3.52724,1.092941,0.002176,0.004768,3.511115,1.751223,0.833975,10.329466,26.843737,0.335623,1.33237,20407314109,20344282060,159,63.032049,dino,True,8.245744,1.321499,i2-i31-0184,scene-0184,scene-0184:image:159
0.0,0.0,0.002104,0.002394,0.001693,1.404542,0.0,,0.377714,0.100707,,0.539467,NVTX inference includes CUDA event synchronization,3125507729347026,0.319618,3.47775,5.787892000000001,1.457294000000001,7.896895000000001,0.098116,1.25656,0.73179,3.543524,1.120397,0.003904,0.004928,3.531657,1.701559,0.804815,10.136198,26.671461,0.336507,1.338331,20476764592,20414102541,160,62.662051,dino,True,8.216513,1.262613,i2-i31-0184,scene-0184,scene-0184:image:160
0.0,0.0,0.00279,0.002386,0.001807,1.419947,0.0,,0.477986,0.09771,,0.543403,NVTX inference includes CUDA event synchronization,3125507881654405,0.357155,13.031556,5.9633270000000005,1.5525090000000006,8.152201,0.116921,1.236534,1.146507,3.368201,1.08222,0.000512,0.005952,3.821399,1.697981,1.216044,10.259736,26.587965,0.343061,1.358074,20629071963,20566316089,161,62.755874,dino,True,8.509356,2.436012,i2-i31-0184,scene-0184,scene-0184:image:161
0.0,6.6e-05,0.002801,0.050631,0.001756,1.41565,0.0,,0.395611,0.103778,,0.54762,NVTX inference includes CUDA event synchronization,3125507951726307,0.321507,3.542178,5.936244,1.5346030000000006,8.13265,0.091138,1.33171,0.760209,3.619779,1.108974,0.002848,0.004896,3.464249,1.781155,0.834738,10.23157,26.615982,0.33298,1.320157,20699144270,20636185772,162,62.958498,dino,True,8.454157,1.584429,i2-i31-0184,scene-0184,scene-0184:image:162
0.0,0.0,0.002269,0.002373,0.001712,1.389568,0.0,,0.331981,0.100114,,0.559984,NVTX inference includes CUDA event synchronization,3125508021420008,0.294469,3.494615,5.6783220000000005,1.4556960000000005,7.771854,0.092038,1.250852,0.679981,3.516798,1.060909,0.004673,0.005376,3.414507,1.70644,0.754382,10.26448,26.770873,0.332359,1.312353,20768837205,20706053777,163,62.783428,dino,True,8.066323,1.242277,i2-i31-0184,scene-0184,scene-0184:image:163
0.0,0.0,0.002169,0.00247,0.001849,1.456712,0.0,,0.406732,0.099275,,0.538496,NVTX inference includes CUDA event synchronization,3125508091545880,0.316194,3.552485,6.0475460000000005,1.54005,8.239055,0.104783,1.240288,0.8237,3.65835,1.179406,0.000608,0.008064,3.685778,1.691113,0.894613,10.259231,26.76585,0.360711,1.687508,20838963375,20775800637,164,63.162738,dino,True,8.555249,1.306435,i2-i31-0184,scene-0184,scene-0184:image:164
0.0,0.0,0.002299,0.002556,0.001757,1.396647,0.0,,0.371067,0.098462,,0.548582,NVTX inference includes CUDA event synchronization,3125508161531331,0.308162,3.588775,5.823592,1.4933999999999994,7.936799999999999,0.090894,1.24201,0.746279,3.597807,1.065452,0.00384,0.00528,3.607696,1.698592,0.820072,10.402004,26.759637,0.336827,1.370449,20908948603,20845929620,165,63.018983,dino,True,8.244962,1.301961,i2-i31-0184,scene-0184,scene-0184:image:165
0.000232,0.000915,0.002035,0.002513,0.001847,1.396657,0.000544,,0.364257,0.098564,,0.560309,NVTX inference includes CUDA event synchronization,3125508231058373,0.310051,3.479831,5.656143999999999,1.490226999999999,7.773966,0.091516,1.221204,0.683823,3.523347,1.065196,0.004288,0.004416,3.416125,1.670999,0.780848,10.157787,26.662287,0.327248,1.307955,20978475648,20915826625,166,62.649023,dino,True,8.084017,1.203955,i2-i31-0184,scene-0184,scene-0184:image:166
0.000228,0.000499,0.002308,0.002238,0.001629,1.471366,0.0,,0.479149,0.096014,,0.53625,NVTX inference includes CUDA event synchronization,3125508381425466,0.377636,13.328769,5.935397999999999,1.5574389999999996,8.147442999999999,0.134699,1.230367,1.149634,3.339295,1.106765,0.000544,0.006336,3.895243,1.692293,1.21946,10.231391,26.659205,0.369711,1.35507,21128842836,21065997955,167,62.844881,dino,True,8.525079,2.621068,i2-i31-0184,scene-0184,scene-0184:image:167
0.0,0.0,0.002741,0.002416,0.001723,1.408364,0.000544,,0.352662,0.103939,,0.529888,NVTX inference includes CUDA event synchronization,3125508451222620,0.296675,3.504487,5.845292000000001,1.4975580000000006,7.950894,0.089755,1.243819,0.697211,3.611502,1.098508,0.004032,0.005184,3.439202,1.694963,0.770524,10.232961,26.630693,0.331172,1.316921,21198639984,21135770561,168,62.869423,dino,True,8.247569,1.294098,i2-i31-0184,scene-0184,scene-0184:image:168
0.000158,0.000544,0.002132,0.003183,0.001726,1.394208,0.0,,0.36221,0.09605,,0.532235,NVTX inference includes CUDA event synchronization,3125508520689853,0.313251,3.44628,5.607113999999999,1.4274639999999996,7.686309,0.091106,1.221721,0.689269,3.500547,1.060045,0.004768,0.00464,3.40888,1.678975,0.765942,10.334838,26.646568,0.329974,1.322974,21268107828,21205484721,169,62.623107,dino,True,7.99956,1.230623,i2-i31-0184,scene-0184,scene-0184:image:169
0.000243,0.0,0.002743,0.002425,0.001748,1.425585,0.0,,0.36031,0.106327,,0.567139,NVTX inference includes CUDA event synchronization,3125508590566569,0.307843,3.432312,5.8564169999999995,1.4895949999999996,8.015094,0.090508,1.248337,0.725105,3.665316,1.095115,0.003936,0.005025,3.437434,1.696534,0.799026,10.319067,26.711511,0.336207,1.324473,21337984445,21275120846,170,62.863599,dino,True,8.322937,1.573304,i2-i31-0184,scene-0184,scene-0184:image:170
0.0,0.0,0.003017,0.002547,0.002179,1.428585,0.0,,0.392685,0.106854,,0.546674,NVTX inference includes CUDA event synchronization,3125508660862923,0.323012,3.517803,5.850239,1.487107,8.009768,0.097882,1.253264,0.794288,3.601159,1.089192,0.002976,0.006912,3.676393,1.712086,0.866609,10.4043,26.644938,0.349517,1.381494,21408280313,21345398605,171,62.881708,dino,True,8.33278,1.608331,i2-i31-0184,scene-0184,scene-0184:image:171
0.0,0.0,0.00215,0.002777,0.001707,1.45374,0.0,,0.381426,0.102302,,0.557058,NVTX inference includes CUDA event synchronization,3125508730563868,0.327109,3.552718,5.7481539999999995,1.4661819999999999,7.922205,0.090473,1.226662,0.815109,3.586046,1.05537,0.004384,0.005088,3.449361,1.673962,0.887654,10.183336,26.71703,0.330687,1.314155,21477981629,21415186849,172,62.79478,dino,True,8.249314,1.262701,i2-i31-0184,scene-0184,scene-0184:image:172
0.0,0.0,0.002331,0.00247,0.001771,1.415107,0.0,,0.467589,0.10143,,0.552773,NVTX inference includes CUDA event synchronization,3125508881674386,0.357891,13.165085,6.138605999999999,1.6415009999999999,8.324186,0.130131,1.329306,1.087257,3.41294,1.074221,0.000544,0.006177,3.865781,1.790434,1.157337,10.308075,26.607804,0.362743,1.346024,21629091959,21566089186,173,63.002773,dino,True,8.682077,2.490493,i2-i31-0184,scene-0184,scene-0184:image:173
0.0,0.0,0.002275,0.003064,0.001748,1.448919,0.0,,0.374962,0.103846,,0.654397,NVTX inference includes CUDA event synchronization,3125508952825462,0.315847,3.541488,6.126455,1.6169540000000007,8.399819,0.089665,1.338255,0.696403,3.845415,1.11883,0.004672,0.005472,3.433382,1.793074,0.772148,10.514013,26.97414,0.334695,1.329702,21700243494,21635884691,174,64.358803,dino,True,8.715666,1.209418,i2-i31-0184,scene-0184,scene-0184:image:174
0.0,0.0,0.002602,0.002454,0.00168,1.397441,0.0,,0.37167,0.097076,,0.535949,NVTX inference includes CUDA event synchronization,3125509022828451,0.304708,3.582372,5.700889999999999,1.4635470000000002,7.805054,0.10845,1.224769,0.851004,3.41465,1.039374,0.00064,0.007328,4.373383,1.683111,0.924861,10.229279,26.785831,0.410495,1.700062,21770246361,21707359614,175,62.886747,dino,True,8.109762,1.262111,i2-i31-0184,scene-0184,scene-0184:image:175
0.0,0.00092,0.002256,0.003254,0.001696,1.432242,0.0,,0.384312,0.102004,,0.544377,NVTX inference includes CUDA event synchronization,3125509092866183,0.302756,3.478954,5.906277999999999,1.4912389999999993,8.074582999999999,0.101746,1.246285,0.809212,3.612364,1.108621,0.00064,0.007232,4.378631,1.706354,0.881852,10.272825,26.797549,0.402216,1.706527,21840283755,21777209109,176,63.074646,dino,True,8.377339,1.408374,i2-i31-0184,scene-0184,scene-0184:image:176
0.0,0.001152,0.002249,0.002339,0.001727,1.444423,0.0,,0.440396,0.104666,,0.532366,NVTX inference includes CUDA event synchronization,3125509163501863,0.320259,3.528544,6.092992000000001,1.5180260000000008,8.302051,0.113624,1.255852,0.928896,3.647114,1.150542,0.000576,0.00768,4.542657,1.711602,1.003488,10.455001,26.772761,0.431177,1.783226,21910919332,21847512421,177,63.406911,dino,True,8.62231,1.512809,i2-i31-0184,scene-0184,scene-0184:image:177
0.0,0.0,0.002353,0.003251,0.001639,1.411717,0.0,,0.409257,0.102994,,0.540327,NVTX inference includes CUDA event synchronization,3125509233369904,0.311556,3.547399,5.687148,1.4613749999999994,7.847129999999999,0.103734,1.227838,0.86428,3.458212,1.035246,0.000608,0.007393,4.403584,1.686469,0.937465,10.130427,26.62147,0.406624,1.714039,21980787426,21918160777,178,62.626649,dino,True,8.158686,1.473619,i2-i31-0184,scene-0184,scene-0184:image:178
0.0,0.0,0.00256,0.002438,0.001858,1.432469,0.0,,0.483617,0.0919,,0.526471,NVTX inference includes CUDA event synchronization,3125509382303396,0.338437,13.173872,6.085790999999999,1.5589749999999993,8.288666999999998,0.117583,1.198522,1.138312,3.309761,1.291631,0.004736,0.007584,4.857734,1.661055,1.209033,10.15538,26.819598,0.442334,1.826535,22129720634,22066789856,179,62.930778,dino,True,8.627104,3.917042,i2-i31-0184,scene-0184,scene-0184:image:179
0.0,0.000608,0.002558,0.00255,0.001806,1.438238,0.0,,0.387339,0.106051,,0.561763,NVTX inference includes CUDA event synchronization,3125509452212847,0.314787,3.417937,5.674584999999999,1.4728589999999997,7.860710999999999,0.10479,1.285714,0.847163,3.407295,1.049101,0.00064,0.007936,4.291618,1.743863,0.923132,10.062015,26.708227,0.404973,1.742571,22199630065,22136464168,180,63.165897,dino,True,8.175498,1.42567,i2-i31-0184,scene-0184,scene-0184:image:180
0.0,2.7e-05,0.002753,0.002475,0.001792,1.357907,0.0,,0.383313,0.095691,,0.552879,NVTX inference includes CUDA event synchronization,3125509521827200,0.308836,3.452168,5.6253150000000005,1.495672,7.713316,0.105784,1.212501,0.84768,3.305076,1.046927,0.000608,0.007904,4.297516,1.672379,0.921153,10.196604,26.64316,0.399726,1.736572,22269244154,22206517051,181,62.727103,dino,True,8.022152,1.462507,i2-i31-0184,scene-0184,scene-0184:image:181
0.0,0.0,0.002125,0.002498,0.001701,1.368519,0.0,,0.400905,0.099158,,0.562935,NVTX inference includes CUDA event synchronization,3125509591926124,0.316739,3.472415,5.603130999999999,1.4443229999999998,7.724233,0.105908,1.206789,0.835664,3.388629,1.053675,0.000576,0.005408,4.343099,1.664939,0.909873,10.108096,26.797862,0.403838,1.725083,22339343291,22276055915,182,63.287376,dino,True,8.040972,1.444329,i2-i31-0184,scene-0184,scene-0184:image:182
0.0,0.0,0.002286,0.002375,0.001899,1.411772,0.000576,,0.39186,0.097662,,0.543051,NVTX inference includes CUDA event synchronization,3125509662041076,0.31146,3.465292,5.873023,1.4717399999999996,8.013043999999999,0.115606,1.334708,0.881713,3.476404,1.036205,0.000544,0.007584,4.518013,1.795513,0.955763,10.386624,26.631841,0.416913,1.720326,22409458190,22346274685,183,63.183505,dino,True,8.324504,1.47231,i2-i31-0184,scene-0184,scene-0184:image:183
0.0,0.0,0.002654,0.002464,0.001752,1.397755,0.0,,0.41074,0.100401,,0.516108,NVTX inference includes CUDA event synchronization,3125509731784193,0.329796,3.510553,5.77563,1.4921670000000002,7.877708,0.110177,1.213969,0.90173,3.415369,1.0651,0.001152,0.00784,4.424428,1.671544,0.974115,10.061946,26.660428,0.421332,1.759296,22479201202,22416510913,184,62.690289,dino,True,8.207504,1.536139,i2-i31-0184,scene-0184,scene-0184:image:184
0.0,0.001216,0.002003,0.002358,0.001701,1.469699,0.0,,0.49694,0.100067,,0.521786,NVTX inference includes CUDA event synchronization,3125509876239609,0.342917,9.540197,6.347784000000001,1.4850410000000007,8.600637,0.13697,1.275103,1.289883,3.679554,1.065451,0.004384,0.007168,4.947751,1.689445,1.359804,10.069415,26.692977,0.431756,1.782049,22623656609,22560824368,185,62.832241,dino,True,8.943554,3.108587,i2-i31-0184,scene-0184,scene-0184:image:185
0.0,0.000512,0.002091,0.002969,0.001948,1.413264,0.0,,0.390115,0.100355,,0.527988,NVTX inference includes CUDA event synchronization,3125509947081054,0.312452,3.494335,5.836551999999999,1.4718609999999996,7.963341999999999,0.107469,1.259137,0.865521,3.512146,1.051628,0.000512,0.00752,4.30938,1.703428,0.936114,10.267617,26.693474,0.400016,1.709908,22694498875,22631949304,186,62.549571,dino,True,8.275794,2.861255,i2-i31-0184,scene-0184,scene-0184:image:186
0.0,0.0,0.002123,0.002406,0.001624,1.397497,0.0,,0.386413,0.10013,,0.542362,NVTX inference includes CUDA event synchronization,3125510016875095,0.306627,3.619867,5.6830810000000005,1.476724,7.8090090000000005,0.105044,1.217692,0.843072,3.43917,1.025294,0.000576,0.008064,4.384945,1.675233,0.917217,10.2531,26.624934,0.413023,1.721796,22764292349,22701645807,187,62.646542,dino,True,8.115636,1.469924,i2-i31-0184,scene-0184,scene-0184:image:187
0.0,0.0,0.002258,0.002502,0.001902,1.475981,0.0,,0.41402,0.108123,,0.54203,NVTX inference includes CUDA event synchronization,3125510087936982,0.31559,3.555166,6.372382,1.5744689999999997,8.603608,0.108044,1.29689,0.852389,3.839554,1.239372,0.000608,0.007872,4.348501,1.74102,0.923335,10.450694,26.845768,0.412778,1.720642,22835354596,22772053048,188,63.301548,dino,True,8.919198,2.075758,i2-i31-0184,scene-0184,scene-0184:image:188
0.0,0.0,0.00284,0.002615,0.001877,1.452513,0.0,,0.466119,0.098066,,0.525278,NVTX inference includes CUDA event synchronization,3125510158008040,0.360676,3.530708,5.777584000000001,1.442470000000001,7.966216000000001,0.113875,1.240526,1.006773,3.492133,1.022443,0.001088,0.007584,4.483358,1.695698,1.079158,10.290126,26.611775,0.427729,1.814605,22905425211,22842468478,189,62.956733,dino,True,8.326892,1.519116,i2-i31-0184,scene-0184,scene-0184:image:189
0.0,0.0,0.002645,0.002966,0.001958,1.48317,0.000512,,0.392026,0.104986,,0.533658,NVTX inference includes CUDA event synchronization,3125510228666233,0.304644,3.552139,6.302701,1.5429709999999996,8.519978,0.10481,1.322621,0.867469,3.912613,1.066956,0.000576,0.006606,4.434383,1.762178,0.939406,10.545922,26.774659,0.399419,1.733049,22976085420,22912644611,190,63.440809,dino,True,8.824622,1.484516,i2-i31-0184,scene-0184,scene-0184:image:190
0.00035,0.00048,0.002057,0.002448,0.0018,1.427554,0.0,,0.484179,0.092202,,0.53444,NVTX inference includes CUDA event synchronization,3125510379386800,0.347236,10.542139,6.119417,1.5055000000000005,8.317691,0.137775,1.21425,1.305007,3.380844,1.110447,0.00464,0.006464,4.976645,1.677489,1.375985,10.276984,26.66882,0.425772,1.794265,23126804199,23063757267,191,63.046932,dino,True,8.664927,3.305709,i2-i31-0184,scene-0184,scene-0184:image:191
0.0,0.0,0.00285,0.002514,0.001708,1.440904,0.0,,0.430157,0.096371,,0.537651,NVTX inference includes CUDA event synchronization,3125510449389361,0.321348,3.573573,6.0310310000000005,1.4665600000000003,8.221838,0.109626,1.307171,0.897663,3.687722,1.065643,0.001056,0.007745,4.444316,1.724325,0.971999,10.11024,26.644002,0.40896,1.728998,23196806501,23134041272,192,62.765229,dino,True,8.543186,1.483229,i2-i31-0184,scene-0184,scene-0184:image:192
0.0,0.0,0.003012,0.002375,0.001937,1.415146,0.0,,0.399903,0.096788,,0.552248,NVTX inference includes CUDA event synchronization,3125510519200598,0.318245,3.72169,5.620711,1.4361959999999998,7.773874999999999,0.10285,1.268476,0.865707,3.383262,1.027053,0.001088,0.007488,4.376682,1.726625,0.93598,10.211576,26.646423,0.409021,1.716513,23266617693,23204074124,193,62.543569,dino,True,8.09212,1.445699,i2-i31-0184,scene-0184,scene-0184:image:193
0.0,0.0,0.002302,0.002615,0.001766,1.4015,0.0,,0.384681,0.101451,,0.562422,NVTX inference includes CUDA event synchronization,3125510589188370,0.308003,3.625115,5.950597999999999,1.4619049999999998,8.099332,0.105126,1.394953,0.846926,3.53659,1.053355,0.000576,0.007904,4.347343,1.842478,0.918447,10.150425,26.696295,0.414299,1.709521,23336605277,23273699034,194,62.906243,dino,True,8.407335,1.457323,i2-i31-0184,scene-0184,scene-0184:image:194
0.0,0.0,0.002182,0.002466,0.001876,1.409269,0.0,,0.443873,0.099421,,0.545004,NVTX inference includes CUDA event synchronization,3125510659474617,0.335588,3.589457,5.803896000000001,1.4860700000000007,7.972399000000001,0.108919,1.240104,0.954529,3.470417,1.0387,0.001248,0.008,4.548928,1.698349,1.027234,10.287724,26.712751,0.422011,1.747619,23406891703,23343813510,195,63.078193,dino,True,8.307987,1.506156,i2-i31-0184,scene-0184,scene-0184:image:195
0.0,0.000576,0.002083,0.002484,0.001592,1.402227,0.000576,,0.378781,0.096678,,0.545523,NVTX inference includes CUDA event synchronization,3125510729333908,0.305315,3.647198,5.814908000000001,1.44477,7.940113,0.104032,1.238334,0.825853,3.536234,1.087725,0.000576,0.007904,4.484081,1.68295,0.897374,10.136446,26.653441,0.412843,1.729229,23476751062,23414025411,196,62.725651,dino,True,8.245428,1.435609,i2-i31-0184,scene-0184,scene-0184:image:196
0.0,0.0,0.001962,0.002951,0.001771,1.497834,0.0,,0.524477,0.10145,,0.511341,NVTX inference includes CUDA event synchronization,3125510872706588,0.361798,6.824043,6.501443,1.5169389999999998,8.781431,0.145369,1.267939,1.411091,3.715509,1.075566,0.003712,0.007104,4.774348,1.680585,1.481555,10.104131,26.75283,0.429576,1.846796,23620124139,23557048282,197,63.075857,dino,True,9.143229,3.246208,i2-i31-0184,scene-0184,scene-0184:image:197
0.0,0.0,0.002591,0.002395,0.001668,1.376852,0.0,,0.405423,0.103593,,0.532926,NVTX inference includes CUDA event synchronization,3125510942778714,0.315714,3.663529,5.673209,1.4579179999999994,7.7829429999999995,0.104057,1.216282,0.881016,3.357485,1.074251,0.000576,0.007072,4.404713,1.672191,0.951609,10.193109,26.810945,0.403778,1.716292,23690195879,23627359810,198,62.836069,dino,True,8.098657,1.522969,i2-i31-0184,scene-0184,scene-0184:image:198
0.0,0.000135,0.002423,0.002454,0.001841,1.410395,0.000544,,0.418854,0.101105,,0.531382,NVTX inference includes CUDA event synchronization,3125511013029211,0.316389,3.633384,5.866074000000001,1.4574510000000007,8.018818000000001,0.107781,1.243872,0.907396,3.52516,1.084363,0.001152,0.008032,4.55339,1.702662,0.979269,10.226619,26.752975,0.425697,1.747826,23760446685,23697430395,199,63.01629,dino,True,8.335207,1.518597,i2-i31-0184,scene-0184,scene-0184:image:199
2.3e-05,0.0,0.001856,0.002501,0.001846,1.409703,0.0,,0.400493,0.097724,,0.530939,NVTX inference includes CUDA event synchronization,3125511083185654,0.310755,3.732038,5.725349999999999,1.4559129999999998,7.859679999999999,0.107138,1.232305,0.86249,3.473119,1.031245,0.000544,0.007681,4.384741,1.684919,0.936475,10.207674,26.663836,0.405113,1.716232,23830603130,23767853664,200,62.749466,dino,True,8.170435,1.481653,i2-i31-0184,scene-0184,scene-0184:image:200
0.0,0.0,0.002211,0.002235,0.001843,1.418212,0.0,,0.403311,0.100402,,0.549683,NVTX inference includes CUDA event synchronization,3125511153181943,0.311842,3.701798,5.804141999999999,1.432135999999999,7.970196999999999,0.106438,1.312535,0.861172,3.508915,1.053003,0.000608,0.007232,4.398581,1.768252,0.933685,10.201454,26.682409,0.426152,1.736545,23900599561,23837827632,201,62.771929,dino,True,8.282039,1.515649,i2-i31-0184,scene-0184,scene-0184:image:201
0.0,0.0,0.002105,0.002446,0.001697,1.399241,0.0,,0.390573,0.098614,,0.550063,NVTX inference includes CUDA event synchronization,3125511227754425,0.307459,3.725717,5.756905999999999,1.4322109999999988,7.8941859999999995,0.106852,1.224708,0.865523,3.519924,1.044811,0.000512,0.007104,4.443228,1.666476,0.937332,10.135481,26.737091,0.404479,1.712874,23975171606,23912442605,202,62.729001,dino,True,8.201645,1.492769,i2-i31-0184,scene-0184,scene-0184:image:202
0.0,0.0,0.003037,0.00245,0.002255,1.417752,0.0,,0.414542,0.10449,,0.539027,NVTX inference includes CUDA event synchronization,3125511333101405,0.30861,7.171921,5.867433999999999,1.5033370000000001,8.042377,0.109348,1.231207,0.926368,3.492942,1.078761,0.001056,0.007968,4.472478,1.68945,0.9968,10.194841,26.773718,0.422357,1.775415,24080518536,24017895779,203,62.622757,dino,True,8.350987,1.785706,i2-i31-0184,scene-0184,scene-0184:image:203
0.0,0.0,0.002974,0.002454,0.001761,1.735106,0.0,,0.440821,0.108389,,0.527957,NVTX inference includes CUDA event synchronization,3125511415255831,0.320614,3.761786,6.383785,1.7951089999999992,8.882632999999998,0.108554,1.242472,0.927281,4.033722,1.086061,0.001152,0.008896,4.490253,1.697965,1.021586,10.72225,26.882343,0.425025,1.779589,24162673177,24099046101,204,63.627076,dino,True,9.203247,1.496537,i2-i31-0184,scene-0184,scene-0184:image:204
0.0,0.0,0.002761,0.002338,0.001806,1.423796,0.0,,0.390939,0.139323,,0.544678,NVTX inference includes CUDA event synchronization,3125511485550426,0.313219,3.801755,5.855624,1.4599709999999995,8.048046,0.105982,1.370568,0.872498,3.484586,1.059372,0.001088,0.0072,4.43089,1.813901,0.945875,10.159562,26.676644,0.41581,1.712823,24232967347,24170237134,205,62.730213,dino,True,8.361265,1.495753,i2-i31-0184,scene-0184,scene-0184:image:205
0.0,0.000576,0.002893,0.002444,0.001908,1.378278,0.0,,0.412861,0.098724,,0.544702,NVTX inference includes CUDA event synchronization,3125511577805640,0.313155,3.746075,5.618265,1.4496130000000003,7.747496,0.109348,1.214342,0.914164,3.323607,1.041321,0.001056,0.0072,4.525929,1.67249,0.984789,10.183823,26.731361,0.421302,1.755552,24325222781,24262615123,206,62.607658,dino,True,8.060651,1.518249,i2-i31-0184,scene-0184,scene-0184:image:206
0.0,0.0,0.002412,0.002493,0.001799,1.421374,0.0,,0.398363,0.0991,,0.548578,NVTX inference includes CUDA event synchronization,3125511648092851,0.315139,3.713955,5.943382,1.5485409999999993,8.102362,0.104259,1.283823,0.831907,3.557056,1.084203,0.000608,0.007104,4.349825,1.728019,0.927813,10.170488,26.71262,0.406121,1.706063,24395510230,24332623448,207,62.886782,dino,True,8.417501,1.535585,i2-i31-0184,scene-0184,scene-0184:image:207
5.1e-05,0.000512,0.002468,0.00266,0.00191,1.481698,0.0,,0.462044,0.104591,,0.518877,NVTX inference includes CUDA event synchronization,3125511828271823,0.33207,3.727782,6.182898999999999,1.4667899999999996,8.42564,0.115724,1.290845,0.992541,3.803189,1.079277,0.001056,0.008288,4.638646,1.734433,1.063134,10.395791,26.754362,0.43612,1.850277,24575688951,24512704241,209,62.98471,dino,True,8.75771,1.562939,i2-i31-0184,scene-0184,scene-0184:image:209
0.0,0.000355,0.002348,0.002488,0.001799,1.455544,0.0,,0.556129,0.097937,,0.527425,NVTX inference includes CUDA event synchronization,3125511917193041,0.389252,4.012797,6.3189470000000005,1.6203160000000008,8.57372,0.156935,1.25375,1.238424,3.463165,1.218286,0.003296,0.0088,4.784448,1.708571,1.30876,10.263592,26.686359,0.429483,1.822442,24664610458,24601456262,210,63.154196,dino,True,8.962972,1.708264,i2-i31-0184,scene-0184,scene-0184:image:210
0.0,0.0,0.00251,0.002385,0.001814,1.377892,0.0,,0.395406,0.09407,,0.541374,NVTX inference includes CUDA event synchronization,3125511987216562,0.324163,3.716899,5.68742,1.4514970000000007,7.778708,0.104697,1.225668,0.849768,3.429534,1.033899,0.000608,0.0072,4.331116,1.667654,0.921673,10.044993,26.663213,0.404912,1.713706,24734633695,24672123018,211,62.510677,dino,True,8.102871,1.754988,i2-i31-0184,scene-0184,scene-0184:image:211
0.0,0.0,0.002119,0.002441,0.001758,1.412167,0.0,,0.425198,0.093628,,0.51077,NVTX inference includes CUDA event synchronization,3125512078096119,0.320579,3.746062,5.939821,1.555549,8.067323,0.11023,1.206506,0.931214,3.464484,1.111662,0.00112,0.007137,4.516177,1.665105,1.001551,10.292357,26.880679,0.414567,1.769863,24825513472,24762571754,212,62.941718,dino,True,8.387902,1.504856,i2-i31-0184,scene-0184,scene-0184:image:212
0.0,0.0,0.002548,0.003852,0.00175,1.4118,0.0,,0.388097,0.095123,,0.555608,NVTX inference includes CUDA event synchronization,3125512148056183,0.317059,3.692075,5.878001999999999,1.532671999999999,8.019720999999999,0.105568,1.303603,0.819755,3.489761,1.077164,0.000576,0.007681,4.401517,1.749593,0.915821,10.127835,26.628092,0.405359,1.734363,24895473850,24832746889,213,62.726961,dino,True,8.33678,1.601166,i2-i31-0184,scene-0184,scene-0184:image:213
0.0,0.00112,0.002164,0.002888,0.001731,1.400987,0.0,,0.392086,0.099042,,0.552568,NVTX inference includes CUDA event synchronization,3125512227660315,0.308198,3.732094,5.679874999999999,1.4311499999999997,7.824262999999999,0.106915,1.21368,0.891488,3.428963,1.052137,0.000512,0.007616,4.440162,1.658104,0.962305,10.014748,26.786449,0.409344,1.731031,24975077971,24912504005,214,62.573966,dino,True,8.132461,1.499847,i2-i31-0184,scene-0184,scene-0184:image:214
6.8e-05,0.0,0.002005,0.002279,0.001708,1.376981,0.0,,0.427892,0.095434,,0.518607,NVTX inference includes CUDA event synchronization,3125512333777968,0.325892,7.937636,5.639581,1.4513530000000001,7.738663000000001,0.111183,1.194532,0.967297,3.29314,1.038122,0.00112,0.007808,4.45546,1.653932,1.037249,10.041196,26.588283,0.417745,1.750809,25081195211,25018961732,215,62.233479,dino,True,8.064555,1.884696,i2-i31-0184,scene-0184,scene-0184:image:215
0.0,0.000544,0.002546,0.002414,0.001856,1.442591,0.0,,0.539018,0.101143,,0.609996,NVTX inference includes CUDA event synchronization,3125512415606871,0.399973,4.032178,6.14997,1.5191749999999997,8.450105,0.118151,1.304398,1.27063,3.548653,1.079694,0.003264,0.006113,4.641782,1.758933,1.344967,10.272082,26.657932,0.437321,1.827438,25163023742,25099951687,216,63.072055,dino,True,8.850078,1.697915,i2-i31-0184,scene-0184,scene-0184:image:216
0.0,0.0,0.002658,0.002366,0.001777,1.394679,0.0,,0.385468,0.094993,,0.568422,NVTX inference includes CUDA event synchronization,3125512485583242,0.315172,3.776498,5.765199000000001,1.4505790000000003,7.90039,0.112137,1.292824,0.856437,3.44962,1.045965,0.000544,0.007456,4.370116,1.735034,0.929494,10.125778,26.671593,0.406736,1.706687,25233000372,25170356785,217,62.643587,dino,True,8.215562,1.469657,i2-i31-0184,scene-0184,scene-0184:image:217
0.0,0.000512,0.002044,0.00254,0.001668,1.380421,0.0,,0.407378,0.101025,,0.543973,NVTX inference includes CUDA event synchronization,3125512579817882,0.316418,5.248179,5.691633000000001,1.532179000000001,7.814776000000001,0.110805,1.21199,0.902599,3.322534,1.043151,0.000544,0.007392,4.423401,1.673884,0.973543,10.247173,26.570071,0.406972,1.737428,25327235362,25264693068,218,62.542294,dino,True,8.131194,1.535859,i2-i31-0184,scene-0184,scene-0184:image:218
0.0,0.000544,0.002829,0.002472,0.001798,1.408328,0.0,,0.382318,0.095621,,0.549679,NVTX inference includes CUDA event synchronization,3125512649881940,0.304357,3.774948,5.766466000000001,1.443988000000001,7.905698000000001,0.10594,1.245695,0.842529,3.512752,1.050606,0.000544,0.008001,4.282331,1.696805,0.915394,10.138432,26.652781,0.39762,1.726106,25397299073,25334548959,219,62.750114,dino,True,8.210055,1.532969,i2-i31-0184,scene-0184,scene-0184:image:219
0.0,0.0,0.002154,0.002909,0.001681,1.392328,0.0,,0.387679,0.097589,,0.563879,NVTX inference includes CUDA event synchronization,3125512727714816,0.306884,3.735312,5.733161000000001,1.4273870000000004,7.874496000000001,0.104647,1.228343,0.858829,3.504371,1.049963,0.000608,0.007232,4.423411,1.672058,0.93051,10.089525,26.76856,0.40595,1.718634,25475132482,25412492099,220,62.640383,dino,True,8.18138,1.486037,i2-i31-0184,scene-0184,scene-0184:image:220
0.0,0.000189,0.002775,0.002552,0.0017,1.399367,0.00112,,0.431697,0.099226,,0.529147,NVTX inference includes CUDA event synchronization,3125512833985360,0.319427,8.021056,5.772507,1.4679480000000007,7.920853,0.11539,1.205642,0.993374,3.400891,1.048715,0.002016,0.006304,4.577292,1.664817,1.063071,10.133097,26.614211,0.432621,1.805385,25581402834,25518957341,221,62.445493,dino,True,8.24028,1.904984,i2-i31-0184,scene-0184,scene-0184:image:221
0.0,0.0,0.002342,0.002559,0.001705,1.455874,0.0,,0.401907,0.098464,,0.553998,NVTX inference includes CUDA event synchronization,3125512914487697,0.31626,3.804597,5.986317,1.460826,8.186906,0.107458,1.271815,0.932669,3.679412,1.042826,0.00048,0.00768,4.40078,1.726797,1.025982,10.379617,26.703899,0.406698,1.720874,25661905120,25598977088,222,62.928032,dino,True,8.503166,1.498457,i2-i31-0184,scene-0184,scene-0184:image:222
0.0,0.0,0.002473,0.002846,0.001633,1.398982,0.0,,0.399794,0.095317,,0.552999,NVTX inference includes CUDA event synchronization,3125512984684404,0.31498,3.813449,5.777065,1.465694,7.916129,0.107659,1.234383,0.874081,3.482882,1.057545,0.001184,0.007681,4.414599,1.676085,0.94813,10.158832,26.616736,0.41142,1.728752,25732102000,25669439848,223,62.662152,dino,True,8.231109,1.558711,i2-i31-0184,scene-0184,scene-0184:image:223
0.0,0.0,0.002951,0.002441,0.00223,1.409845,0.0,,0.413103,0.098586,,0.542395,NVTX inference includes CUDA event synchronization,3125513079640319,0.312867,4.783641,5.7008849999999995,1.4493579999999993,7.859569,0.108234,1.223403,0.917607,3.365821,1.099917,0.001152,0.006944,4.503855,1.686223,0.988392,10.269589,26.649656,0.416448,1.790883,25827057588,25764460000,224,62.597588,dino,True,8.172436,1.548444,i2-i31-0184,scene-0184,scene-0184:image:224
0.0,0.0,0.002645,0.002516,0.002386,1.403034,0.000383,,0.410469,0.095605,,0.547352,NVTX inference includes CUDA event synchronization,3125513149595605,0.333764,3.738678,5.6650659999999995,1.452469999999999,7.795691999999999,0.103157,1.228861,0.857826,3.441117,1.037737,0.000576,0.007712,4.384467,1.678338,0.930851,10.054128,26.702718,0.404222,1.7172,25897012826,25834282635,225,62.730191,dino,True,8.129456,1.437044,i2-i31-0184,scene-0184,scene-0184:image:225
0.000348,0.0,0.002342,0.002872,0.001656,1.402373,0.0,,0.393616,0.09821,,0.548747,NVTX inference includes CUDA event synchronization,3125513227565441,0.30845,3.71567,5.725463,1.4294130000000003,7.867177000000001,0.106748,1.221255,0.88009,3.491962,1.037934,0.000512,0.007713,4.461004,1.653037,0.951226,10.035881,26.722063,0.406176,1.734545,25974982738,25912450795,226,62.531943,dino,True,8.175627,1.493359,i2-i31-0184,scene-0184,scene-0184:image:226
0.0,0.0,0.002309,0.00243,0.001713,1.441196,0.0,,0.414709,0.101552,,0.519748,NVTX inference includes CUDA event synchronization,3125513334449497,0.308706,8.159604,6.066051000000001,1.4467880000000006,8.241002,0.10934,1.327028,0.967608,3.656883,1.033773,0.001024,0.007264,4.432656,1.740281,1.037305,10.037715,26.591606,0.421076,1.74717,26081866700,26019501582,227,62.365118,dino,True,8.549708,1.928414,i2-i31-0184,scene-0184,scene-0184:image:227
0.000539,0.0,0.002825,0.002424,0.001682,1.406335,0.000544,,0.417983,0.096536,,0.538165,NVTX inference includes CUDA event synchronization,3125513414763985,0.330692,3.829033,5.8437410000000005,1.51288,7.980082,0.110774,1.219578,0.928426,3.473983,1.055533,0.00112,0.00848,4.456203,1.675327,1.000043,10.219662,26.629146,0.421035,1.767705,26162181114,26099661391,228,62.519723,dino,True,8.310774,1.532265,i2-i31-0184,scene-0184,scene-0184:image:228
0.0,0.000544,0.003019,0.00238,0.001824,1.429048,0.0,,0.379869,0.097999,,0.55475,NVTX inference includes CUDA event synchronization,3125513484689561,0.309125,3.65634,5.8303709999999995,1.4669359999999996,7.990679,0.104386,1.249715,0.826529,3.587393,1.057869,0.000544,0.006432,4.309188,1.692119,0.900706,10.242515,26.617555,0.400724,1.693553,26232107031,26169349699,229,62.757332,dino,True,8.299804,1.431709,i2-i31-0184,scene-0184,scene-0184:image:229
0.0,0.0,0.002803,0.002326,0.001679,1.40192,0.0,,0.42068,0.097894,,0.53677,NVTX inference includes CUDA event synchronization,3125513580118743,0.317859,5.306953,5.7397480000000005,1.4767660000000005,7.885961,0.108611,1.220653,0.967921,3.379968,1.041293,0.001152,0.007456,4.458088,1.681808,1.038705,10.332644,26.626112,0.419157,1.783325,26327535805,26264869690,230,62.666115,dino,True,8.20382,1.538117,i2-i31-0184,scene-0184,scene-0184:image:230
0.0,0.00064,0.002082,0.002946,0.001684,1.454138,0.0,,0.405205,0.10037,,0.56587,NVTX inference includes CUDA event synchronization,3125513651135627,0.306306,3.653828,6.165127999999999,1.5907049999999998,8.391757,0.105269,1.230302,0.847989,3.62455,1.29096,0.000608,0.00768,4.317494,1.682626,0.923734,10.225129,26.995519,0.397661,1.697658,26398553354,26334750650,231,63.802704,dino,True,8.698063,1.447163,i2-i31-0184,scene-0184,scene-0184:image:231
0.0,0.0,0.002187,0.002399,0.002176,1.394309,0.0,0.115253,0.419367,0.090809,0.0,0.520388,NVTX inference includes CUDA event synchronization,3125536269183597,0.330404,3.228171,6.108486999999999,1.5568399999999993,8.324971,0.099256,1.318241,0.848015,3.736624,1.088239,0.000512,0.007648,4.293844,1.768071,0.919184,10.388878,26.438079,0.407702,1.716709,7280861352,7218320088,1,62.541264,dino,True,8.655375,1.48172,i2-i31-0245,scene-0245,scene-0245:image:1
0.000578,0.0,0.002239,0.002256,0.001863,1.352965,0.0,,0.430207,0.089228,,0.551224,NVTX inference includes CUDA event synchronization,3125536350626239,0.337892,3.287817,5.752939,1.4583949999999994,7.845606999999999,0.106359,1.203092,0.897023,3.469629,1.040681,0.000544,0.007776,4.365857,1.647737,0.969088,10.149352,26.389746,0.415514,1.720758,7362304686,7300147154,2,62.157532,dino,True,8.183499,1.559778,i2-i31-0245,scene-0245,scene-0245:image:2
0.0,0.0,0.002044,0.002281,0.002646,1.343128,0.0,,0.440636,0.096049,,0.534464,NVTX inference includes CUDA event synchronization,3125536419774657,0.337218,3.145546,5.711720999999999,1.4370559999999992,7.795750999999999,0.104127,1.275403,0.896804,3.355983,1.055276,0.000608,0.007712,4.365732,1.725328,0.969797,9.98398,26.493679,0.40028,1.710503,7431452419,7368969744,3,62.482675,dino,True,8.132969,1.475575,i2-i31-0245,scene-0245,scene-0245:image:3
0.000201,0.0,0.001999,0.002687,0.001879,1.348921,0.0,,0.427173,0.132077,,0.537565,NVTX inference includes CUDA event synchronization,3125536502568434,0.334916,3.331558,5.567865,1.4365690000000004,7.6854510000000005,0.103621,1.22307,0.87577,3.325899,1.047438,0.000544,0.007456,4.303392,1.676165,0.94697,10.132147,26.454042,0.403677,1.713138,7514246710,7452138722,4,62.107988,dino,True,8.020367,3.532258,i2-i31-0245,scene-0245,scene-0245:image:4
0.0,0.001207,0.002643,0.002228,0.00191,1.390942,0.0,,0.457891,0.09095,,0.52763,NVTX inference includes CUDA event synchronization,3125536605905740,0.339427,6.645863,5.997339,1.4301190000000004,8.133313,0.107586,1.223713,1.013633,3.653967,1.034281,0.001024,0.008417,4.420475,1.63498,1.083681,10.003749,26.511903,0.41742,1.815019,7617583003,7555516147,5,62.066856,dino,True,8.47274,1.983698,i2-i31-0245,scene-0245,scene-0245:image:5
0.0,0.000576,0.002668,0.002285,0.0017,1.373424,0.0,,0.561138,0.091591,,0.551365,NVTX inference includes CUDA event synchronization,3125536688354050,0.412228,3.238651,5.927249,1.4459340000000003,8.099768,0.108681,1.282135,1.107116,3.504727,1.053579,0.001152,0.008672,4.460282,1.735291,1.176973,10.300835,26.439301,0.422023,1.775482,7700031315,7637255400,6,62.775915,dino,True,8.511996,1.497725,i2-i31-0245,scene-0245,scene-0245:image:6
0.000205,0.0,0.002675,0.002334,0.001766,1.352982,0.0,,0.434049,0.094214,,0.562716,NVTX inference includes CUDA event synchronization,3125536757299483,0.355621,3.174945,5.760968,1.4241510000000002,7.856288,0.104112,1.208219,0.880862,3.547803,1.03969,0.000608,0.006464,4.305839,1.659426,0.953567,10.136501,26.506228,0.400669,1.765904,7768977266,7706524442,7,62.452824,dino,True,8.211909,1.422123,i2-i31-0245,scene-0245,scene-0245:image:7
0.0,0.0,0.002511,0.003032,0.001692,1.393518,0.0,,0.432705,0.090786,,0.5451,NVTX inference includes CUDA event synchronization,3125536922270420,0.33082,3.152946,6.109231000000001,1.5418320000000003,8.247755000000002,0.103965,1.211712,0.870116,3.687389,1.156361,0.000512,0.006688,4.292544,1.665954,0.941732,10.397781,26.896794,0.399795,1.705553,7933948891,7871227777,9,62.721114,dino,True,8.578575,3.30382,i2-i31-0245,scene-0245,scene-0245:image:9
0.0,0.000512,0.002244,0.002984,0.001735,1.411969,0.0,,0.44759,0.099543,,0.536295,NVTX inference includes CUDA event synchronization,3125537137906091,0.343874,3.172646,5.7881,1.436668,7.947098,0.108538,1.18054,0.953045,3.551243,1.052266,0.001216,0.007456,4.447785,1.63709,1.023157,10.19203,26.538654,0.415125,1.726548,8149583973,8087349657,11,62.234316,dino,True,8.290972,1.537315,i2-i31-0245,scene-0245,scene-0245:image:11
0.0,0.0,0.002375,0.002327,0.001973,1.36433,0.0,,0.421152,0.108225,,0.556815,NVTX inference includes CUDA event synchronization,3125537207884489,0.351938,3.2158,6.322577,1.455699,8.427836,0.105395,1.311595,0.8539,4.009111,1.037898,0.000544,0.005632,4.323127,1.763822,0.928461,10.728083,26.430307,0.413293,1.770052,8219563342,8156382237,12,63.181105,dino,True,8.779774,1.528304,i2-i31-0245,scene-0245,scene-0245:image:12
0.0,0.0,0.002255,0.002524,0.001732,1.38483,0.0,,0.457633,0.098361,,0.536143,NVTX inference includes CUDA event synchronization,3125537278330650,0.345412,3.205493,5.932443000000001,1.4364180000000006,8.070509000000001,0.105635,1.228799,0.93023,3.6611,1.045611,0.000544,0.007584,4.478365,1.681861,1.002007,10.323294,26.479341,0.502741,1.81377,8290008040,8226374333,13,63.633707,dino,True,8.415921,1.502701,i2-i31-0245,scene-0245,scene-0245:image:13
0.0,0.0,0.002158,0.002281,0.001771,1.389512,0.000576,,0.445324,0.094265,,0.536777,NVTX inference includes CUDA event synchronization,3125537351075614,0.335844,3.29075,5.975234,1.5263980000000004,8.112054,0.103436,1.241097,0.906994,3.569286,1.092207,0.00112,0.00736,4.403415,1.679119,0.980243,10.191758,26.512624,0.418966,1.761525,8362753604,8300126459,14,62.627145,dino,True,8.447898,1.473342,i2-i31-0245,scene-0245,scene-0245:image:14
0.0,0.0,0.002377,0.002842,0.00186,1.353982,0.0,,0.430167,0.093266,,0.531215,NVTX inference includes CUDA event synchronization,3125537420904162,0.33357,3.20945,5.799372,1.4572159999999998,7.881511,0.105263,1.245303,0.867523,3.470229,1.061099,0.00064,0.007808,4.362692,1.697018,0.938788,10.164466,26.662287,0.410794,1.702678,8432582803,8369987219,15,62.595584,dino,True,8.215081,1.753306,i2-i31-0245,scene-0245,scene-0245:image:15
0.0,0.000576,0.002733,0.00244,0.001856,1.355297,0.0,,0.431558,0.094569,,0.542211,NVTX inference includes CUDA event synchronization,3125537500841054,0.329733,3.300517,5.7423530000000005,1.4599210000000005,7.84386,0.10761,1.198576,0.912095,3.443827,1.042604,0.001056,0.007904,4.406752,1.655733,0.983264,10.184186,26.462129,0.428874,1.743145,8512518623,8450187228,16,62.331395,dino,True,8.173593,1.504171,i2-i31-0245,scene-0245,scene-0245:image:16
0.000377,0.000576,0.002288,0.00251,0.001766,1.401492,0.0,,0.524264,0.092529,,0.542914,NVTX inference includes CUDA event synchronization,3125537649288472,0.363333,8.629534,6.260071,1.554862,8.465454,0.138949,1.222688,1.381011,3.479362,1.041035,0.00384,0.00704,5.02545,1.669572,1.451283,10.173395,26.575943,0.427024,1.766221,8660966202,8598082516,17,62.883686,dino,True,8.828787,4.004594,i2-i31-0245,scene-0245,scene-0245:image:17
0.0,0.0,0.002754,0.002352,0.001839,1.385389,0.0,,0.446802,0.094142,,0.559218,NVTX inference includes CUDA event synchronization,3125537719363668,0.331812,3.329738,5.973025000000001,1.4735330000000006,8.133709000000001,0.107792,1.337981,0.94905,3.505218,1.083051,0.000608,0.008288,4.423983,1.794753,1.022619,10.174325,26.558347,0.417302,1.741949,8731041099,8667977095,18,63.064004,dino,True,8.465521,1.508647,i2-i31-0245,scene-0245,scene-0245:image:18
0.0,0.0,0.002201,0.002332,0.001831,1.384333,0.0,,0.422935,0.095224,,0.549406,NVTX inference includes CUDA event synchronization,3125537789428236,0.332451,3.52794,5.9801,1.4830749999999995,8.105910999999999,0.10795,1.210826,0.902432,3.64159,1.084393,0.000576,0.00752,4.415055,1.660431,0.976801,10.347106,26.800688,0.410271,1.728225,8801105840,8738230786,19,62.875054,dino,True,8.438362,1.46675,i2-i31-0245,scene-0245,scene-0245:image:19
0.0,0.001216,0.002596,0.002731,0.001948,1.403334,0.0,,0.399415,0.096579,,0.546477,NVTX inference includes CUDA event synchronization,3125537860329599,0.323301,3.877971,6.24892,1.4949119999999994,8.379914999999999,0.105985,1.285295,0.844611,3.903795,1.060874,0.000544,0.0072,4.442434,1.740595,0.91754,10.602279,26.574236,0.416243,1.76867,8872008336,8808497801,20,63.510535,dino,True,8.703216,1.440203,i2-i31-0245,scene-0245,scene-0245:image:20
0.002306,0.004851,0.002097,0.002345,0.001755,1.433347,0.00363,,0.453054,0.092418,,0.731589,NVTX inference includes CUDA event synchronization,3125537931045619,0.347141,3.294479,6.385776,1.5165309999999996,8.766027,0.479988,1.202821,1.218364,3.597915,1.089645,0.000512,0.007392,4.606424,1.641357,1.322941,10.217587,26.557657,0.424285,1.785625,8942723439,8879245070,21,63.478369,dino,True,9.113168,1.688934,i2-i31-0245,scene-0245,scene-0245:image:21
0.0,0.0,0.002208,0.002261,0.001768,1.354475,0.0,,0.422666,0.092412,,0.536108,NVTX inference includes CUDA event synchronization,3125538001140899,0.329251,3.357716,5.668641,1.4429920000000003,7.751288,0.10561,1.188902,0.881146,3.401812,1.051501,0.000544,0.008032,4.359319,1.641802,0.952986,10.149591,26.520084,0.403438,1.724687,9012818192,8950402245,22,62.415947,dino,True,8.080539,1.675986,i2-i31-0245,scene-0245,scene-0245:image:22
0.0,0.0,0.002152,0.002286,0.001819,1.425512,0.0,,0.505772,0.095989,,0.543158,NVTX inference includes CUDA event synchronization,3125538154111389,0.359428,12.561028,6.265421000000001,1.473205000000001,8.482681000000001,0.131081,1.22469,1.293843,3.642831,1.066635,0.003136,0.006688,4.7374,1.634803,1.364564,10.003531,26.618955,0.419236,1.756218,9165789651,9103316458,23,62.473193,dino,True,8.842109,3.665443,i2-i31-0245,scene-0245,scene-0245:image:23
0.0,0.0,0.002224,0.002819,0.001736,1.365194,0.0,,0.403266,0.087799,,0.554493,NVTX inference includes CUDA event synchronization,3125538223382754,0.324803,3.231502,5.625916999999999,1.4260359999999999,7.7186449999999995,0.10347,1.277484,0.861471,3.319486,1.047437,0.000544,0.00752,4.29871,1.738992,0.931552,10.267831,26.519553,0.404766,1.774111,9235060946,9172754789,24,62.306157,dino,True,8.043448,1.646258,i2-i31-0245,scene-0245,scene-0245:image:24
0.0,0.0,0.003413,0.002185,0.002312,1.538079,0.00064,,0.414137,0.093152,,0.536064,NVTX inference includes CUDA event synchronization,3125538294056829,0.32749,3.223885,6.4398919999999995,1.5554239999999995,8.702384,0.113077,1.271194,0.855943,4.106159,1.112525,0.00288,0.012672,6.76307,1.721149,0.928488,10.711879,26.807309,0.41369,1.755782,9305734602,9242087624,25,63.646978,dino,True,9.029874,1.686556,i2-i31-0245,scene-0245,scene-0245:image:25
0.0,0.000608,0.001916,0.002835,0.00187,1.450862,0.0,,0.409443,0.108544,,0.556305,NVTX inference includes CUDA event synchronization,3125538364204019,0.330405,3.260951,6.243153000000001,1.531995000000001,8.445131,0.105726,1.304596,0.926467,3.730385,1.168079,0.00064,0.007648,4.342861,1.760185,0.999908,10.477615,26.830769,0.410665,1.724158,9375881755,9312668249,26,63.213506,dino,True,8.775536,1.704148,i2-i31-0245,scene-0245,scene-0245:image:26
0.0,0.000608,0.002116,0.002866,0.001828,1.371526,0.0,,0.429039,0.095326,,0.543163,NVTX inference includes CUDA event synchronization,3125538433904575,0.333219,3.379242,5.7879640000000006,1.4834640000000006,7.901217000000001,0.112337,1.193249,0.93638,3.451521,1.048493,0.001088,0.007904,4.434141,1.637349,1.006781,10.036676,26.479324,0.415677,1.75452,9445582000,9383058879,27,62.523121,dino,True,8.234436,1.732726,i2-i31-0245,scene-0245,scene-0245:image:27
0.0,0.000576,0.002012,0.002783,0.001768,1.329637,0.0,,0.4324,0.088328,,0.545682,NVTX inference includes CUDA event synchronization,3125538503045124,0.347044,3.237391,5.490559,1.41193,7.546701,0.102664,1.233594,0.893268,3.226261,1.017612,0.000608,0.007808,4.28809,1.688735,0.966133,10.027727,26.546618,0.402058,1.701556,9514723391,9452438523,28,62.284868,dino,True,7.893745,1.709185,i2-i31-0245,scene-0245,scene-0245:image:28
0.0,0.000608,0.002018,0.00244,0.001785,1.372581,0.0,,0.536744,0.088054,,0.550404,NVTX inference includes CUDA event synchronization,3125538650712720,0.374051,8.759711,6.160596,1.5211129999999997,8.341179,0.12647,1.184062,1.536662,3.299648,1.038603,0.000544,0.008128,4.527453,1.63194,1.606454,10.029553,26.468797,0.418237,1.794851,9662390065,9599575523,29,62.814542,dino,True,8.71523,4.357588,i2-i31-0245,scene-0245,scene-0245:image:29
0.0,0.0,0.002897,0.002347,0.001863,1.360499,0.0,,0.416073,0.094885,,0.545729,NVTX inference includes CUDA event synchronization,3125538719890827,0.329061,3.245199,5.934847999999999,1.435509999999999,8.03008,0.104463,1.396121,0.8593,3.4534,1.102827,0.000608,0.006912,4.290128,1.817883,0.933509,9.924478,26.514572,0.401893,1.725603,9731568322,9669081232,30,62.48709,dino,True,8.359141,1.474084,i2-i31-0245,scene-0245,scene-0245:image:30
0.000221,0.0,0.002651,0.002284,0.002344,1.3692,0.0,,0.422446,0.097553,,0.561274,NVTX inference includes CUDA event synchronization,3125538789436209,0.333411,3.229744,5.873539999999999,1.484862999999999,7.998101999999999,0.106214,1.207492,0.875799,3.575259,1.074249,0.000608,0.007029,4.316992,1.655017,0.94684,10.26258,26.856474,0.409212,1.690721,9801114130,9738301316,31,62.812814,dino,True,8.331513,1.492478,i2-i31-0245,scene-0245,scene-0245:image:31
0.0,0.001226,0.002053,0.002304,0.001602,1.35237,0.0,,0.40777,0.092721,,0.5575,NVTX inference includes CUDA event synchronization,3125538858459098,0.329123,3.219765,5.656077,1.4190269999999998,7.7444999999999995,0.10436,1.19161,0.875744,3.440628,1.033486,0.000576,0.008192,4.319037,1.647648,0.948449,10.144238,26.475955,0.470512,1.707831,9870137055,9807791542,32,62.345513,dino,True,8.073623,1.477652,i2-i31-0245,scene-0245,scene-0245:image:32
0.0,0.0,0.002523,0.002509,0.001818,1.365702,0.0,,0.577774,0.089523,,0.551853,NVTX inference includes CUDA event synchronization,3125538930525028,0.474405,3.20075,5.875763000000001,1.458990000000001,7.993060000000001,0.114102,1.225243,1.086335,3.533665,1.040394,0.001024,0.007712,4.445302,1.667807,1.180705,10.170073,26.570962,0.413527,1.735373,9942202911,9879408131,33,62.79478,dino,True,8.467465,4.158569,i2-i31-0245,scene-0245,scene-0245:image:33
0.0,0.0,0.002273,0.002393,0.001634,1.348238,0.0,,0.443717,0.099866,,0.552146,NVTX inference includes CUDA event synchronization,3125539001063591,0.337668,3.292735,5.689057,1.4535600000000004,7.801656,0.108287,1.19866,0.927461,3.377936,1.065228,0.000544,0.007648,4.39005,1.654798,0.999302,10.193479,26.517714,0.418914,1.724558,10012742012,9950150377,34,62.591635,dino,True,8.139324,1.520622,i2-i31-0245,scene-0245,scene-0245:image:34
0.000544,0.000412,0.002147,0.002206,0.00181,1.39632,0.000608,,0.511717,0.095023,,0.520544,NVTX inference includes CUDA event synchronization,3125539156109719,0.370725,12.338245,6.131448000000001,1.4576870000000008,8.292054,0.129575,1.195421,1.315509,3.512991,1.039724,0.0032,0.008672,4.720147,1.654175,1.385751,10.166002,26.533396,0.431016,1.818061,10167786966,10105116682,35,62.670284,dino,True,8.662779,3.5438,i2-i31-0245,scene-0245,scene-0245:image:35
0.0,0.0,0.002134,0.00283,0.001766,1.34926,0.0,,0.420557,0.089144,,0.547047,NVTX inference includes CUDA event synchronization,3125539226134960,0.340261,3.226406,6.022588999999999,1.4467679999999987,8.095066,0.105555,1.621318,0.881017,3.343218,1.029195,0.000608,0.007648,4.383202,2.076366,0.957082,10.150133,26.592399,0.413592,1.749601,10237812831,10174651684,36,63.161147,dino,True,8.435327,1.589294,i2-i31-0245,scene-0245,scene-0245:image:36
0.0,0.0,0.00218,0.002292,0.001673,1.354997,0.0,,0.415248,0.089299,,0.540298,NVTX inference includes CUDA event synchronization,3125539297677406,0.328323,3.271775,5.702456,1.4955839999999991,7.780119999999999,0.10048,1.193029,0.864219,3.420081,1.02705,0.000544,0.007456,4.273556,1.650698,0.936444,10.109287,26.506807,0.398025,1.702405,10309355402,10246985303,37,62.370099,dino,True,8.108443,3.925246,i2-i31-0245,scene-0245,scene-0245:image:37
0.000608,0.0,0.002567,0.002273,0.001687,1.338288,0.0,,0.41806,0.091682,,0.536291,NVTX inference includes CUDA event synchronization,3125539366748604,0.329639,3.304473,5.59034,1.4632560000000003,7.652157,0.104374,1.191941,0.859551,3.292421,1.062669,0.000544,0.00704,4.313813,1.646638,0.933696,10.078816,26.48583,0.401945,1.704238,10378426248,10316081768,38,62.34448,dino,True,7.981796,1.466973,i2-i31-0245,scene-0245,scene-0245:image:38
0.0,0.0,0.002259,0.002985,0.001881,1.434684,0.0,,0.458752,0.093,,0.538814,NVTX inference includes CUDA event synchronization,3125539436380617,0.342629,3.250947,5.857749,1.457865,8.047495,0.110311,1.259262,0.962909,3.563222,1.027658,0.001152,0.007745,4.44024,1.714179,1.03539,10.173975,26.536265,0.421341,1.756096,10448059246,10385336368,39,62.722878,dino,True,8.390124,1.480429,i2-i31-0245,scene-0245,scene-0245:image:39
0.000286,0.0,0.002287,0.002971,0.001986,1.367462,0.0,,0.428254,0.096022,,0.537535,NVTX inference includes CUDA event synchronization,3125539506002120,0.333987,3.242065,5.871211000000001,1.4781139999999997,7.974027,0.106776,1.22108,0.880891,3.556629,1.056876,0.000608,0.00704,4.345799,1.676476,0.955739,10.320949,26.654332,0.400599,1.709945,10517680363,10454809258,40,62.871105,dino,True,8.308014,1.499899,i2-i31-0245,scene-0245,scene-0245:image:40
0.0,0.0,0.002083,0.002329,0.001901,1.393508,0.000437,,0.541622,0.089212,,0.537214,NVTX inference includes CUDA event synchronization,3125539650472010,0.371843,10.006658,6.301233,1.5106249999999992,8.497696,0.150387,1.191747,1.438797,3.510643,1.057707,0.003361,0.006272,4.666279,1.632009,1.508431,10.157076,26.417342,0.424884,1.76748,10662149735,10599419729,41,62.730006,dino,True,8.869539,3.483577,i2-i31-0245,scene-0245,scene-0245:image:41
0.0,0.001248,0.002767,0.002429,0.002135,1.35128,0.0,,0.414775,0.095107,,0.538152,NVTX inference includes CUDA event synchronization,3125539719764549,0.32909,3.245985,5.809209000000001,1.4428390000000002,7.888012000000001,0.105456,1.343379,0.853744,3.383546,1.080746,0.000544,0.006848,4.330086,1.79727,0.92728,10.089983,26.57353,0.401546,1.701073,10731442064,10668898925,42,62.543139,dino,True,8.217102,1.483003,i2-i31-0245,scene-0245,scene-0245:image:42
0.0,0.0,0.002151,0.002715,0.001915,1.421502,0.0,,0.432877,0.092246,,0.545958,NVTX inference includes CUDA event synchronization,3125539789967595,0.341061,3.241011,6.159701999999999,1.4937259999999997,8.318005,0.125802,1.222285,0.926904,3.796737,1.085323,0.001024,0.007265,4.4285,1.661968,1.000953,10.477487,26.827569,0.421551,1.738351,10801645974,10738543817,43,63.102157,dino,True,8.659066,1.659856,i2-i31-0245,scene-0245,scene-0245:image:43
0.0,0.0,0.002396,0.003111,0.001784,1.352575,0.0,,0.416993,0.099303,,0.541656,NVTX inference includes CUDA event synchronization,3125539859232704,0.329058,3.216925,5.673178,1.4426180000000004,7.761938000000001,0.106493,1.186509,0.883374,3.417365,1.047821,0.000576,0.00624,4.427109,1.641971,0.956047,10.101252,26.651052,0.404671,1.718174,10870910396,10808394825,44,62.515571,dino,True,8.090996,1.4622,i2-i31-0245,scene-0245,scene-0245:image:44
0.000543,0.0,0.00301,0.002511,0.001882,1.353989,0.0,,0.418774,0.091994,,0.564343,NVTX inference includes CUDA event synchronization,3125539928536396,0.337475,3.20779,5.682717,1.4108680000000007,7.782288,0.105346,1.224224,0.844536,3.473241,1.052588,0.000512,0.008448,4.446443,1.672579,0.917977,10.246566,26.557527,0.410319,1.741179,10940213972,10877638849,45,62.575123,dino,True,8.119763,1.50515,i2-i31-0245,scene-0245,scene-0245:image:45
0.0,0.0,0.002451,0.003024,0.001722,1.356845,0.0,,0.4367,0.095899,,0.542683,NVTX inference includes CUDA event synchronization,3125540000908447,0.341251,3.229113,5.6283330000000005,1.4413100000000005,7.726406000000001,0.106972,1.208424,0.897583,3.380299,1.024141,0.00064,0.008288,4.377022,1.664368,0.96984,10.157132,26.510073,0.417418,1.720113,11012585744,10950120015,46,62.465729,dino,True,8.067657,1.48384,i2-i31-0245,scene-0245,scene-0245:image:46
0.0,0.000544,0.002284,0.00296,0.001786,1.392595,0.0,,0.571773,0.089915,,0.536705,NVTX inference includes CUDA event synchronization,3125540148712433,0.390339,6.834409,6.272679,1.5133219999999996,8.480902,0.158052,1.206274,1.562011,3.36898,1.053354,0.000544,0.008704,5.615057,1.652552,1.632283,10.084184,26.504625,0.423998,1.767532,11160390747,11097656378,47,62.734369,dino,True,8.871241,4.276644,i2-i31-0245,scene-0245,scene-0245:image:47
5.7e-05,0.001248,0.002295,0.002426,0.001641,1.339684,0.0,,0.441502,0.100314,,0.53635,NVTX inference includes CUDA event synchronization,3125540217978647,0.336677,3.262696,5.716512000000001,1.434102000000001,7.805352000000001,0.108359,1.285332,0.891314,3.373728,1.040906,0.000544,0.007744,4.360684,1.743321,0.964243,10.039282,26.480727,0.415066,1.712529,11229656170,11167240873,48,62.415297,dino,True,8.142029,1.493546,i2-i31-0245,scene-0245,scene-0245:image:48
0.0,0.000343,0.00234,0.003005,0.002003,1.394298,0.0,,0.4283,0.096331,,0.552158,NVTX inference includes CUDA event synchronization,3125540287763410,0.331045,3.207365,5.986165,1.4739709999999997,8.133898,0.109498,1.27837,0.92394,3.646065,1.024491,0.000544,0.008064,4.405217,1.72663,0.999045,10.36579,26.615628,0.416009,1.736958,11299441831,11236466751,49,62.97508,dino,True,8.464943,1.518985,i2-i31-0245,scene-0245,scene-0245:image:49
0.0,0.0,0.003152,0.002295,0.001677,1.379419,0.000608,,0.428894,0.094687,,0.526751,NVTX inference includes CUDA event synchronization,3125540357714809,0.326598,3.376339,5.9337,1.480855,8.044585,0.109785,1.221543,0.956221,3.537327,1.055852,0.001152,0.008448,4.465341,1.676848,1.02803,10.173327,26.526085,0.425691,1.820228,11369392389,11306717572,50,62.674817,dino,True,8.371183,1.55135,i2-i31-0245,scene-0245,scene-0245:image:50
0.0,0.000544,0.002099,0.002904,0.001821,1.346622,0.0,,0.4134,0.088452,,0.555219,NVTX inference includes CUDA event synchronization,3125540426974905,0.338563,3.192491,5.580825,1.405379,7.653323,0.104936,1.209416,0.859471,3.366529,1.037643,0.000608,0.007904,4.442106,1.663723,0.933615,10.195542,26.512783,0.434567,1.771599,11438652596,11376173941,51,62.478655,dino,True,7.991886,1.460763,i2-i31-0245,scene-0245,scene-0245:image:51
0.0,0.0,0.002173,0.002296,0.001678,1.349329,0.0,,0.428222,0.096715,,0.534736,NVTX inference includes CUDA event synchronization,3125540501063843,0.332197,3.359106,5.725894,1.469208,7.808846,0.10415,1.206088,0.889825,3.441488,1.022284,0.000576,0.007424,4.394855,1.660812,0.962114,10.234585,26.436536,0.420486,1.727133,11512741388,11450267909,52,62.473479,dino,True,8.141043,1.471836,i2-i31-0245,scene-0245,scene-0245:image:52
0.0,0.00048,0.00217,0.002837,0.001641,1.374749,0.000608,,0.455055,0.096805,,0.524292,NVTX inference includes CUDA event synchronization,3125540639387726,0.34026,3.217511,5.879017000000001,1.473592000000001,7.997394000000001,0.113246,1.192778,0.985186,3.518937,1.043963,0.001056,0.008896,4.485824,1.650541,1.054947,10.247236,26.593242,0.435808,1.84024,11651066253,11588598340,53,62.467913,dino,True,8.337654,1.56154,i2-i31-0245,scene-0245,scene-0245:image:53
0.0,0.0,0.002303,0.002543,0.001633,1.360547,0.0,,0.410133,0.094191,,0.562582,NVTX inference includes CUDA event synchronization,3125540708744371,0.326533,3.189144,5.819495999999999,1.4388769999999997,7.926894999999999,0.105376,1.28932,0.85601,3.517275,1.04001,0.000544,0.006016,4.312034,1.732559,0.930827,10.187877,26.521804,0.465313,1.722235,11720422452,11657778163,54,62.644289,dino,True,8.253428,1.50126,i2-i31-0245,scene-0245,scene-0245:image:54
0.0,0.0,0.002336,0.00242,0.001892,1.445775,0.0,,0.414883,0.098301,,0.556435,NVTX inference includes CUDA event synchronization,3125540778516285,0.327812,3.182581,6.2653430000000006,1.4480730000000008,8.459573,0.10423,1.246966,0.868462,4.060792,1.049806,0.000544,0.008512,4.466264,1.701534,0.941103,10.739901,26.526949,0.432055,1.751417,11790194330,11727090665,55,63.103665,dino,True,8.787385,1.455774,i2-i31-0245,scene-0245,scene-0245:image:55
0.0,0.0,0.002642,0.002406,0.001851,1.382039,0.0,,0.510805,0.088223,,0.526948,NVTX inference includes CUDA event synchronization,3125540851977274,0.356099,3.393834,6.118011,1.5082390000000006,8.276826,0.123859,1.280368,1.051632,3.489872,1.162507,0.002944,0.013504,7.046221,1.723123,1.121841,10.075984,26.640865,0.433025,1.830903,11863655153,11800922537,56,62.732616,dino,True,8.632925,1.785922,i2-i31-0245,scene-0245,scene-0245:image:56
0.0,0.000592,0.002669,0.002392,0.00241,1.324363,0.0,,0.409936,0.088164,,0.556777,NVTX inference includes CUDA event synchronization,3125540920840551,0.326019,3.16491,5.469787999999999,1.42739,7.531072,0.103628,1.245594,0.85616,3.165905,1.049709,0.000544,0.008161,4.333288,1.699011,0.929376,9.927061,26.600358,0.402137,1.712167,11932518074,11870294819,57,62.223255,dino,True,7.857091,1.507817,i2-i31-0245,scene-0245,scene-0245:image:57
0.000118,2.2e-05,0.002016,0.00224,0.001836,1.381562,0.0,,0.504409,0.093157,,0.525181,NVTX inference includes CUDA event synchronization,3125541154604918,0.355076,12.376248,6.206004999999999,1.5094019999999988,8.361469999999999,0.131729,1.215345,1.307354,3.486879,1.053741,0.004928,0.007168,4.839977,1.644918,1.376763,10.020888,26.486654,0.422949,1.799136,12166283079,12103775926,59,62.507153,dino,True,8.716546,3.255225,i2-i31-0245,scene-0245,scene-0245:image:59
0.000322,0.0,0.002167,0.002231,0.001752,1.317766,0.0,,0.398747,0.085983,,0.553048,NVTX inference includes CUDA event synchronization,3125541223827735,0.312834,3.175229,5.540476,1.4245459999999994,7.589658,0.10286,1.284599,0.83973,3.193275,1.049866,0.000576,0.00704,4.303435,1.74729,0.910483,10.077862,26.551929,0.409929,1.77497,12235505272,12172967549,60,62.537723,dino,True,7.902492,1.472969,i2-i31-0245,scene-0245,scene-0245:image:60
0.000305,0.0,0.002211,0.002756,0.001788,1.392112,0.0,,0.412514,0.088784,,0.56481,NVTX inference includes CUDA event synchronization,3125541293208295,0.323715,3.192621,5.6643810000000006,1.4588610000000006,7.8059460000000005,0.10361,1.200522,0.851145,3.480375,1.026444,0.000576,0.008128,4.377252,1.651536,0.924714,10.19412,26.574676,0.408363,1.709929,12304886800,12242059944,61,62.826856,dino,True,8.129661,1.436022,i2-i31-0245,scene-0245,scene-0245:image:61
0.0,0.0,0.002119,0.002934,0.001819,1.346762,0.0,,0.397482,0.090207,,0.546263,NVTX inference includes CUDA event synchronization,3125541362251663,0.315909,3.177451,5.661861999999999,1.4488339999999997,7.733539,0.102636,1.182014,0.838187,3.392645,1.077004,0.000544,0.007584,4.337722,1.636356,0.91086,10.180777,26.628574,0.396956,1.689682,12373929448,12311433247,62,62.496201,dino,True,8.049448,1.451631,i2-i31-0245,scene-0245,scene-0245:image:62
0.0,0.0,0.002136,0.002272,0.001812,1.358121,0.0,,0.391934,0.092986,,0.560506,NVTX inference includes CUDA event synchronization,3125541431254191,0.320548,3.178529,5.758647999999999,1.4830639999999997,7.847867,0.111214,1.196999,0.855171,3.493315,1.02046,0.000544,0.007648,4.409623,1.63662,0.929284,10.129584,26.442441,0.41674,1.73119,12442931830,12380582018,63,62.349812,dino,True,8.168415,1.476578,i2-i31-0245,scene-0245,scene-0245:image:63
0.0,0.0,0.001909,0.00234,0.001715,1.333963,0.0,,0.399901,0.092652,,0.524661,NVTX inference includes CUDA event synchronization,3125541500728547,0.305607,3.263119,5.615368,1.465617,7.666901999999999,0.106613,1.179761,0.85077,3.337386,1.024106,0.000576,0.00768,4.324407,1.635544,0.923091,10.12252,26.501716,0.416729,1.714665,12512406131,12450022460,64,62.383671,dino,True,7.972509,1.463875,i2-i31-0245,scene-0245,scene-0245:image:64
0.0,0.000252,0.002094,0.002358,0.002173,1.412864,0.0,,0.495717,0.098001,,0.535714,NVTX inference includes CUDA event synchronization,3125541655318093,0.347716,12.486982,6.471648,1.5030589999999995,8.673105,0.13494,1.234201,1.29375,3.793869,1.049162,0.0048,0.00704,4.876586,1.644893,1.363608,10.167356,26.492604,0.41816,1.777702,12666995627,12604417764,65,62.577863,dino,True,9.020821,3.362128,i2-i31-0245,scene-0245,scene-0245:image:65
0.0,0.0,0.002798,0.002434,0.001621,1.350926,0.0,,0.408108,0.134054,,0.542815,NVTX inference includes CUDA event synchronization,3125541724616208,0.316739,3.23005,5.722694,1.428058,7.848711,0.10565,1.323439,0.853404,3.361701,1.084942,0.000992,0.007264,4.359623,1.785269,0.923901,10.237991,26.565059,0.415255,1.786507,12736294007,12673719917,66,62.57409,dino,True,8.16545,1.455342,i2-i31-0245,scene-0245,scene-0245:image:66
0.0,0.0,0.002693,0.00234,0.001766,1.348076,0.0,,0.397203,0.096702,,0.539544,NVTX inference includes CUDA event synchronization,3125541794488570,0.309315,3.246822,5.935424,1.4647839999999999,8.014433,0.105252,1.196334,0.853468,3.631832,1.064558,0.000608,0.006912,4.437216,1.65154,0.927645,10.261028,26.746551,0.406809,1.72912,12806166162,12743166932,67,62.99923,dino,True,8.323748,1.474683,i2-i31-0245,scene-0245,scene-0245:image:67
0.0,0.000119,0.002131,0.002335,0.001699,1.332552,0.0,,0.456387,0.088767,,0.553077,NVTX inference includes CUDA event synchronization,3125541863853521,0.371654,3.235418,5.61967,1.4375099999999996,7.685083,0.103688,1.20601,0.902484,3.33398,1.065993,0.000544,0.006528,4.325039,1.663265,0.996949,10.124754,26.584234,0.404329,1.707009,12875530967,12812965696,68,62.565271,dino,True,8.056737,1.501554,i2-i31-0245,scene-0245,scene-0245:image:68
0.0,0.0,0.002182,0.002396,0.001854,1.381121,0.000238,,0.451357,0.093183,,0.545636,NVTX inference includes CUDA event synchronization,3125541933396131,0.343746,3.331163,5.900921,1.4822069999999998,8.035142,0.109145,1.229755,0.956876,3.558591,1.032874,0.001152,0.008288,4.488082,1.674592,1.028589,10.122057,26.50452,0.424899,1.760188,12945073802,12882381413,69,62.692389,dino,True,8.378888,1.51858,i2-i31-0245,scene-0245,scene-0245:image:69
0.000271,0.000896,0.002329,0.002328,0.001715,1.356854,0.0,,0.394144,0.090325,,0.539166,NVTX inference includes CUDA event synchronization,3125542002705800,0.312612,3.296619,5.624110999999999,1.4363189999999992,7.699527,0.106086,1.252714,0.8338,3.363595,1.011977,0.000544,0.007104,4.322239,1.708208,0.907593,10.141827,26.495091,0.407939,1.703806,13014383180,12951987201,70,62.395979,dino,True,8.012139,1.466437,i2-i31-0245,scene-0245,scene-0245:image:70
0.0,0.000376,0.002001,0.002292,0.00177,1.372828,0.000512,,0.5178,0.083899,,0.516109,NVTX inference includes CUDA event synchronization,3125542156124246,0.363012,12.945148,6.0561630000000015,1.4693150000000008,8.190738000000001,0.137004,1.163684,1.374998,3.35152,1.045261,0.004896,0.007072,4.946329,1.637865,1.44463,10.150343,26.609588,0.43352,1.810351,13167801871,13104898497,71,62.903374,dino,True,8.55375,3.495433,i2-i31-0245,scene-0245,scene-0245:image:71
0.0,0.001508,0.002321,0.002335,0.001714,1.367502,0.0,,0.388908,0.094215,,0.546829,NVTX inference includes CUDA event synchronization,3125542226474850,0.308995,3.309776,5.912930000000001,1.456602000000001,8.009267000000001,0.106099,1.311527,0.809809,3.540388,1.085421,0.000544,0.007872,4.358563,1.769743,0.888338,10.369953,26.663597,0.400881,1.691944,13238152106,13174942800,72,63.209306,dino,True,8.318262,1.769902,i2-i31-0245,scene-0245,scene-0245:image:72
0.0,0.000456,0.002359,0.002261,0.001767,1.358119,0.0,,0.399588,0.097054,,0.540918,NVTX inference includes CUDA event synchronization,3125542295908816,0.309028,3.306895,5.697393,1.441749999999999,7.790887,0.103389,1.189838,0.822951,3.453398,1.079756,0.000576,0.008257,4.359774,1.650548,0.895367,10.114714,26.561228,0.402373,1.707903,13307587199,13245021784,73,62.565415,dino,True,8.099915,1.44826,i2-i31-0245,scene-0245,scene-0245:image:73
0.0,0.0,0.002472,0.002333,0.001742,1.394686,0.00064,,0.462373,0.097268,,0.538759,NVTX inference includes CUDA event synchronization,3125542365821464,0.33866,3.394049,6.083038999999999,1.4741469999999994,8.244651999999999,0.113266,1.253108,0.979643,3.684512,1.0691,0.001152,0.008384,4.510475,1.66777,1.05414,10.069422,26.659226,0.442353,1.793913,13377499144,13314904950,74,62.594194,dino,True,8.583312,1.863036,i2-i31-0245,scene-0245,scene-0245:image:74
0.0,0.0,0.002735,0.002312,0.001885,1.366973,0.0,,0.408616,0.093506,,0.529222,NVTX inference includes CUDA event synchronization,3125542435434597,0.318979,3.373992,5.852828000000001,1.4734249999999998,7.939098,0.105831,1.248056,0.895141,3.514942,1.01201,0.001024,0.007648,4.429009,1.706974,0.964998,10.178406,26.540894,0.410362,1.722445,13447112385,13384805479,75,62.306906,dino,True,8.258077,1.804427,i2-i31-0245,scene-0245,scene-0245:image:75
0.0,0.00064,0.002718,0.002232,0.001703,1.340763,0.0,,0.395678,0.090391,,0.556782,NVTX inference includes CUDA event synchronization,3125542505153907,0.314979,3.307434,5.689425,1.4427700000000003,7.765353,0.103826,1.216861,0.837756,3.433893,1.037834,0.000608,0.006784,4.343114,1.672897,0.913277,10.30137,26.534979,0.41389,1.699121,13516831406,13454148322,76,62.683084,dino,True,8.080332,1.690654,i2-i31-0245,scene-0245,scene-0245:image:76
0.0,0.0,0.002128,0.002235,0.001759,1.43394,0.000124,,0.437576,0.091769,,0.549403,NVTX inference includes CUDA event synchronization,3125542604961082,0.315492,5.464547,6.069471,1.6104769999999995,8.272912999999999,0.107663,1.211992,0.912063,3.559102,1.176388,0.00112,0.0096,4.45841,1.660158,0.9824,10.341079,26.649679,0.45046,1.804557,13616638619,13553838409,77,62.80021,dino,True,8.588405,1.943594,i2-i31-0245,scene-0245,scene-0245:image:77
0.0,0.000544,0.002375,0.002259,0.001813,1.377193,0.0,,0.422851,0.091676,,0.548985,NVTX inference includes CUDA event synchronization,3125542689559703,0.324773,3.314268,5.987589,1.4631560000000006,8.110512,0.119017,1.316704,0.946018,3.533674,1.047372,0.001056,0.008288,4.492231,1.762245,1.017508,10.216911,26.74303,0.420327,1.762011,13701237469,13638454672,78,62.782797,dino,True,8.435285,1.72098,i2-i31-0245,scene-0245,scene-0245:image:78
0.000608,0.0,0.002853,0.002251,0.001849,1.356727,0.0,,0.385757,0.093865,,0.563957,NVTX inference includes CUDA event synchronization,3125542759638467,0.323492,3.314586,5.793332000000001,1.4619750000000007,7.877707000000001,0.103235,1.192361,0.826398,3.562402,1.0467,0.000544,0.007584,4.360084,1.647023,0.900095,10.289542,26.730169,0.406493,1.696561,13771316611,13708228403,79,63.088208,dino,True,8.201199,1.592998,i2-i31-0245,scene-0245,scene-0245:image:79
0.0,0.000576,0.002993,0.002421,0.002496,1.446988,0.0,,0.405252,0.094101,,0.564421,NVTX inference includes CUDA event synchronization,3125542851954996,0.309474,3.405961,6.001672999999999,1.482551,8.211447,0.108366,1.342718,0.914703,3.592826,1.070285,0.00112,0.008352,4.466617,1.792389,0.984496,10.208308,26.637031,0.421951,1.773718,13863633265,13801096609,80,62.536656,dino,True,8.520921,1.691306,i2-i31-0245,scene-0245,scene-0245:image:80
0.0,0.0,0.002291,0.003531,0.001835,1.402197,0.0,,0.416636,0.094176,,0.608158,NVTX inference includes CUDA event synchronization,3125542923321664,0.314338,3.386483,5.837899,1.5149160000000004,8.052385000000001,0.108893,1.210437,0.963271,3.447562,1.112044,0.001088,0.008512,4.428628,1.669674,1.034247,10.347063,26.644407,0.431838,1.749183,13934999309,13871109443,81,63.889866,dino,True,8.366723,1.619326,i2-i31-0245,scene-0245,scene-0245:image:81
0.0,0.0,0.002057,0.00263,0.001805,1.375095,0.0,,0.402633,0.097083,,0.532097,NVTX inference includes CUDA event synchronization,3125543000974881,0.315203,3.282681,5.967906,1.4578220000000002,8.066103,0.108528,1.242543,0.876324,3.636078,1.051979,0.000576,0.007456,4.399541,1.661395,0.948422,10.059435,26.544558,0.41433,1.706169,14012653233,13950297727,82,62.355506,dino,True,8.381306,1.613539,i2-i31-0245,scene-0245,scene-0245:image:82
0.0,0.0,0.003092,0.002328,0.002368,1.373486,0.0,,0.402954,0.08987,,0.552452,NVTX inference includes CUDA event synchronization,3125543101377783,0.312355,3.373865,5.751517999999999,1.4762969999999997,7.8657129999999995,0.123014,1.204215,0.911763,3.393711,1.05982,0.001152,0.008096,4.461234,1.65974,0.98162,10.253753,26.584869,0.422808,1.753445,14113055421,14050602056,83,62.453365,dino,True,8.178068,1.652061,i2-i31-0245,scene-0245,scene-0245:image:83
0.0,0.0,0.002612,0.00226,0.001773,1.363645,0.0,,0.406282,0.09157,,0.539832,NVTX inference includes CUDA event synchronization,3125543189153294,0.315492,3.3625,6.008368000000001,1.4666370000000004,8.10085,0.108965,1.31004,0.919678,3.554687,1.046574,0.00112,0.008641,4.452204,1.751165,0.991583,10.208784,26.663767,0.424783,1.738402,14200830844,14138236266,84,62.594578,dino,True,8.416342,1.644425,i2-i31-0245,scene-0245,scene-0245:image:84
0.0,0.0,0.002102,0.002414,0.001793,1.386942,0.0,,0.389658,0.09912,,0.537109,NVTX inference includes CUDA event synchronization,3125543258624381,0.306629,3.301109,6.003366999999999,1.4675299999999991,8.115876,0.102441,1.235269,0.792319,3.716904,1.099754,0.000544,0.007744,4.282667,1.652551,0.865632,10.153392,26.617345,0.459267,1.697275,14270302354,14207818443,85,62.483911,dino,True,8.422505,1.601685,i2-i31-0245,scene-0245,scene-0245:image:85
0.0,0.0,0.002128,0.002536,0.001947,1.465809,0.00069,,0.420669,0.10153,,0.5282,NVTX inference includes CUDA event synchronization,3125543351795962,0.312164,3.435916,6.544852,1.500869999999999,8.756197,0.109645,1.358366,0.928853,4.10012,1.061451,0.001056,0.008,4.494442,1.771362,0.998839,10.470218,26.537147,0.423737,1.767583,14363473932,14300754472,86,62.71946,dino,True,9.068361,1.551104,i2-i31-0245,scene-0245,scene-0245:image:86
0.0,0.000544,0.002771,0.002355,0.00187,1.342053,0.0,,0.5069,0.085925,,0.545737,NVTX inference includes CUDA event synchronization,3125543424823269,0.380004,3.50476,5.959092000000001,1.4902800000000012,8.067243000000001,0.350981,1.21293,1.057093,3.232525,1.09627,0.001632,0.005536,4.764663,1.675785,1.128965,10.188934,26.577707,0.503146,1.829494,14436501089,14373463728,87,63.037361,dino,True,8.447247,3.824896,i2-i31-0245,scene-0245,scene-0245:image:87
0.000475,0.000544,0.002176,0.002993,0.001776,1.321055,0.0,,0.413109,0.083116,,0.570942,NVTX inference includes CUDA event synchronization,3125543500875877,0.330789,3.293754,5.409891,1.4501429999999997,7.475288,0.106788,1.182586,0.884075,3.142219,1.031722,0.000608,0.007936,4.322811,1.63824,0.95694,10.016708,26.57399,0.409684,1.709688,14512554093,14450159086,88,62.395007,dino,True,7.806077,1.493905,i2-i31-0245,scene-0245,scene-0245:image:88
0.0,0.0,0.002021,0.00227,0.001847,1.363267,0.0,,0.429368,0.091346,,0.613168,NVTX inference includes CUDA event synchronization,3125543607116222,0.331043,6.872162,5.9115850000000005,1.429698000000001,8.083829000000001,0.110656,1.216264,1.041669,3.552057,1.055888,0.001056,0.007584,4.461199,1.629355,1.113318,9.939045,26.558801,0.429125,1.848531,14618793622,14556587948,89,62.205674,dino,True,8.414872,2.2231,i2-i31-0245,scene-0245,scene-0245:image:89
0.000198,0.0,0.002179,0.002733,0.002231,1.357144,1.5e-05,,0.48692,0.091655,,0.5351,NVTX inference includes CUDA event synchronization,3125543688972752,0.359014,3.308359,5.9545189999999995,1.470917,8.07368,0.110057,1.317858,1.065084,3.424384,1.035114,0.001152,0.008128,4.472852,1.762058,1.135357,10.10263,26.674299,0.425356,1.766899,14700650115,14637992751,90,62.657364,dino,True,8.432694,1.617007,i2-i31-0245,scene-0245,scene-0245:image:90
0.0,0.000576,0.00183,0.002272,0.002183,1.310773,0.0,,0.401611,0.09403,,0.553544,NVTX inference includes CUDA event synchronization,3125543758137933,0.319938,3.321087,5.597299,1.4305409999999998,7.64418,0.104664,1.175573,0.851266,3.368083,1.025447,0.000544,0.008,4.30496,1.630396,0.924291,10.102955,26.594285,0.404654,1.698147,14769815402,14707378058,91,62.437344,dino,True,7.964118,1.464906,i2-i31-0245,scene-0245,scene-0245:image:91
0.0,0.0,0.001918,0.002287,0.001773,1.394638,0.000157,,0.424892,0.100317,,0.522283,NVTX inference includes CUDA event synchronization,3125543852611062,0.307171,4.169895,6.024093,1.4918459999999998,8.165187,0.111146,1.250367,0.933135,3.615578,1.06123,0.001056,0.008,4.485942,1.704227,1.003535,10.078188,26.55965,0.434289,1.752082,14864288489,14801995340,92,62.293149,dino,True,8.472358,1.542006,i2-i31-0245,scene-0245,scene-0245:image:92
0.000348,0.000608,0.002709,0.002398,0.001819,1.341342,0.0,,0.397654,0.092702,,0.541176,NVTX inference includes CUDA event synchronization,3125543921827049,0.30909,3.311113,5.609787,1.4474719999999994,7.681452999999999,0.10475,1.200038,0.834013,3.345858,1.0499,0.000576,0.007936,4.291094,1.655726,0.908542,10.193133,26.550191,0.401715,1.697717,14933504917,14870974756,93,62.530161,dino,True,7.990543,1.435716,i2-i31-0245,scene-0245,scene-0245:image:93
0.0,0.0,0.002132,0.002342,0.001794,1.331431,0.0,,0.399246,0.088263,,0.554472,NVTX inference includes CUDA event synchronization,3125544000813922,0.311684,3.427059,5.530272,1.4383489999999997,7.598268,0.105905,1.198584,0.861099,3.259284,1.038315,0.000512,0.007904,4.338346,1.653437,0.932812,10.088465,26.527025,0.408998,1.706496,15012491497,14950210761,94,62.280736,dino,True,7.909952,1.480499,i2-i31-0245,scene-0245,scene-0245:image:94
0.00023,0.000576,0.002261,0.002349,0.001756,1.4023,0.0,,0.421255,0.093655,,0.530422,NVTX inference includes CUDA event synchronization,3125544107757096,0.318819,7.511143,6.125796,1.4682980000000008,8.261781000000001,0.110696,1.244805,0.980701,3.710871,1.056685,0.001024,0.00752,4.428906,1.658347,1.051901,10.085727,26.584044,0.403788,1.78433,15119434724,15057065682,95,62.369042,dino,True,8.5806,2.042745,i2-i31-0245,scene-0245,scene-0245:image:95
0.0,0.0,0.002246,0.002349,0.001668,1.374914,0.0,,0.400431,0.10934,,0.552491,NVTX inference includes CUDA event synchronization,3125544177236446,0.313955,3.327504,5.851053,1.4367929999999998,7.980537,0.105183,1.320046,0.85496,3.511387,1.056747,0.001152,0.008224,4.492252,1.778836,0.925713,10.200153,26.631123,0.42175,1.746225,15188914464,15126218114,96,62.69635,dino,True,8.294492,1.466656,i2-i31-0245,scene-0245,scene-0245:image:96
1.8e-05,0.0,0.002291,0.002904,0.001753,1.428487,0.0,,0.44536,0.09806,,0.525569,NVTX inference includes CUDA event synchronization,3125544301460781,0.321954,11.228826,6.226119,1.5011589999999995,8.408607,0.118812,1.259887,1.125187,3.683872,1.033388,0.001056,0.0072,4.572406,1.672275,1.195043,10.046407,26.508473,0.419464,1.748262,15313138943,15250831082,97,62.307861,dino,True,8.730561,2.541675,i2-i31-0245,scene-0245,scene-0245:image:97
0.000101,0.0,0.002794,0.002447,0.00176,1.393147,0.0,,0.401278,0.095095,,0.525037,NVTX inference includes CUDA event synchronization,3125544371031719,0.3065,3.386577,6.04707,1.529185,8.162229,0.100734,1.262897,0.814382,3.602569,1.150482,0.000544,0.007936,4.321229,1.702195,0.884686,10.18042,26.829739,0.425368,1.748953,15382709492,15320065792,98,62.6437,dino,True,8.468729,1.503386,i2-i31-0245,scene-0245,scene-0245:image:98
0.0,0.0,0.002681,0.002347,0.001911,1.361124,0.0,,0.42242,0.094774,,0.526416,NVTX inference includes CUDA event synchronization,3125544440751097,0.3257,3.399456,5.699978,1.4597300000000004,7.785951,0.107502,1.218519,0.892915,3.399216,1.024937,0.00064,0.008192,4.361539,1.673083,0.964468,10.209023,26.596854,0.422338,1.78095,15452428381,15389814878,99,62.613503,dino,True,8.111651,1.47327,i2-i31-0245,scene-0245,scene-0245:image:99
0.0,0.000608,0.002099,0.002177,0.001739,1.361929,0.0,,0.38756,0.093104,,0.556472,NVTX inference includes CUDA event synchronization,3125544510101147,0.307331,3.360995,5.760178,1.4489039999999997,7.858535,0.103615,1.206786,0.849091,3.526515,1.023531,0.000512,0.006912,4.367185,1.650628,0.920676,10.182574,26.518449,0.402048,1.710857,15521779020,15459279488,100,62.499532,dino,True,8.165866,1.487661,i2-i31-0245,scene-0245,scene-0245:image:100
0.0,0.000667,0.002182,0.002375,0.001904,1.371933,0.0,,0.41832,0.093588,,0.540982,NVTX inference includes CUDA event synchronization,3125544603745906,0.311364,4.937779,5.870985000000001,1.4688820000000007,7.991572000000001,0.110388,1.220468,0.915349,3.496797,1.081643,0.001056,0.008353,4.444589,1.674298,0.985813,10.325978,26.583325,0.423109,1.750585,15615425199,15552820501,101,62.604698,dino,True,8.302936,1.59662,i2-i31-0245,scene-0245,scene-0245:image:101
0.0,0.0,0.002346,0.002684,0.001855,1.36846,0.0,,0.402058,0.092922,,0.534927,NVTX inference includes CUDA event synchronization,3125544673588244,0.310467,3.389052,5.970811,1.4461750000000002,8.065596000000001,0.105698,1.318242,0.849627,3.561398,1.086443,0.000608,0.007872,4.369666,1.768901,0.921276,10.196084,26.605806,0.404993,1.754851,15685266714,15622430362,102,62.836352,dino,True,8.376063,1.517841,i2-i31-0245,scene-0245,scene-0245:image:102
0.0,0.001528,0.00304,0.002382,0.002366,1.497836,0.000544,,0.459462,0.099191,,0.541372,NVTX inference includes CUDA event synchronization,3125544802576217,0.331235,11.530704,6.556907000000001,1.5381420000000006,8.833393000000001,0.119664,1.369483,1.135445,3.87324,1.119118,0.001216,0.00832,4.550957,1.78085,1.206229,10.22533,26.676804,0.420152,1.753662,15814254775,15751333130,103,62.921645,dino,True,9.164628,2.680927,i2-i31-0245,scene-0245,scene-0245:image:103
0.000267,0.00048,0.002689,0.002305,0.002276,1.374586,0.000576,,0.409807,0.091769,,0.546341,NVTX inference includes CUDA event synchronization,3125544873495791,0.316034,3.385593,6.01435,1.47649,8.129412,0.106532,1.246855,0.88795,3.644375,1.074188,0.001024,0.008032,4.440604,1.697421,0.957198,10.294239,26.609775,0.41833,1.726587,15885173766,15822447364,104,62.726402,dino,True,8.445446,2.509601,i2-i31-0245,scene-0245,scene-0245:image:104
0.0,0.0,0.002219,0.002368,0.001862,1.361192,0.0,,0.450893,0.094321,,0.546596,NVTX inference includes CUDA event synchronization,3125544943422951,0.351588,3.393846,5.842427000000001,1.4638240000000007,7.950290000000001,0.109806,1.190561,0.928842,3.535748,1.064201,0.000544,0.008352,4.49746,1.64653,1.002123,10.367852,26.598386,0.430109,1.775038,15955100880,15892243348,105,62.857532,dino,True,8.301878,1.499343,i2-i31-0245,scene-0245,scene-0245:image:105
0.0,0.000576,0.002691,0.002243,0.001701,1.399779,0.0,,0.398332,0.091881,,0.555603,NVTX inference includes CUDA event synchronization,3125545013314491,0.31277,3.346581,5.825135,1.458228,7.965171,0.163254,1.205662,0.851351,3.496873,1.094477,0.000576,0.00752,4.392629,1.655589,0.923064,10.119507,26.716305,0.423763,1.696377,16024991976,15962090574,106,62.901402,dino,True,8.277941,1.461261,i2-i31-0245,scene-0245,scene-0245:image:106
0.0,0.0,0.002288,0.002762,0.00183,1.362646,0.0,,0.405599,0.091181,,0.574392,NVTX inference includes CUDA event synchronization,3125545101818314,0.316451,3.778485,5.727683000000001,1.460985,7.85193,0.106897,1.2576,0.913172,3.357651,1.063884,0.001184,0.007008,4.391527,1.713345,0.983573,10.203222,26.617239,0.412687,1.719515,16113496238,16051120631,107,62.375607,dino,True,8.168381,1.52824,i2-i31-0245,scene-0245,scene-0245:image:107
0.0,0.0,0.002829,0.002321,0.001945,1.366456,0.0,,0.418816,0.094401,,0.555516,NVTX inference includes CUDA event synchronization,3125545171413867,0.324483,3.355577,5.962753999999999,1.4680219999999995,8.080554999999999,0.104184,1.338491,0.866371,3.514933,1.105165,0.000608,0.007264,4.344102,1.783232,0.938212,10.109336,26.628156,0.411966,1.714886,16183091838,16120346283,108,62.745555,dino,True,8.405038,1.464864,i2-i31-0245,scene-0245,scene-0245:image:108
0.0,0.0,0.002446,0.002206,0.00194,1.388213,0.000576,,0.475798,0.090684,,0.540517,NVTX inference includes CUDA event synchronization,3125545302172709,0.353571,12.099591,5.95463,1.4878920000000004,8.103439,0.129825,1.258449,1.200015,3.334778,1.035828,0.003264,0.006959,4.667375,1.714137,1.269551,10.176853,26.514325,0.419486,1.767582,16313850228,16251312089,109,62.538139,dino,True,8.45701,2.763533,i2-i31-0245,scene-0245,scene-0245:image:109
0.000576,0.0,0.002993,0.002321,0.001725,1.367877,0.0,,0.391591,0.092817,,0.544509,NVTX inference includes CUDA event synchronization,3125545371506343,0.305155,3.338715,5.974763000000001,1.4521410000000001,8.074017000000001,0.104694,1.259208,0.830287,3.655004,1.070222,0.000576,0.00704,4.338288,1.675628,0.902479,10.115438,26.540018,0.405916,1.694543,16383183965,16320669113,110,62.514852,dino,True,8.379172,1.473633,i2-i31-0245,scene-0245,scene-0245:image:110
0.000113,0.0,0.002597,0.002278,0.001945,1.365522,0.0,,0.390575,0.098075,,0.551269,NVTX inference includes CUDA event synchronization,3125545441202440,0.309796,3.362877,5.757902,1.437009999999999,7.860479999999999,0.106886,1.230958,0.825531,3.529591,1.031564,0.00064,0.008096,4.320787,1.688884,0.896604,10.330627,26.607125,0.411777,1.781355,16452880058,16390173006,111,62.707052,dino,True,8.170276,1.447555,i2-i31-0245,scene-0245,scene-0245:image:111
0.0,0.0,0.002378,0.002698,0.001881,1.359348,0.0,,0.410894,0.089866,,0.542922,NVTX inference includes CUDA event synchronization,3125545510864428,0.319172,3.343709,5.791757,1.4536229999999994,7.882572,0.105694,1.207586,0.864989,3.49976,1.06206,0.000512,0.00752,4.441796,1.650502,0.936414,10.073563,26.702459,0.412922,1.716058,16522542045,16459821471,112,62.720574,dino,True,8.201744,1.498797,i2-i31-0245,scene-0245,scene-0245:image:112
0.0,0.0,0.002157,0.002861,0.001808,1.419642,0.000608,,0.424214,0.100614,,0.540794,NVTX inference includes CUDA event synchronization,3125545602973502,0.31533,4.296383,6.282235000000001,1.5598630000000009,8.459603000000001,0.105592,1.254135,0.917733,3.738719,1.189835,0.001184,0.007872,4.434174,1.71408,0.988485,10.23711,26.834363,0.420198,1.744007,16614651703,16551845123,113,62.80658,dino,True,8.774933,1.504207,i2-i31-0245,scene-0245,scene-0245:image:113
0.0,0.0,0.002136,0.002302,0.001764,1.391744,0.0,,0.418414,0.090978,,0.544917,NVTX inference includes CUDA event synchronization,3125545672973381,0.315043,3.342238,6.040695,1.4893040000000006,8.177907000000001,0.104606,1.322411,0.846738,3.573945,1.147306,0.000512,0.008128,4.355463,1.777904,0.918995,10.21503,26.754945,0.406042,1.705888,16684650960,16621546991,114,63.103969,dino,True,8.49295,1.442757,i2-i31-0245,scene-0245,scene-0245:image:114
0.0,0.001088,0.003094,0.002348,0.001787,1.378638,0.000544,,0.460316,0.09244,,0.540982,NVTX inference includes CUDA event synchronization,3125545801459517,0.328067,11.406948,5.951362,1.4933199999999998,8.104531999999999,0.125033,1.225364,1.120748,3.388507,1.071627,0.001088,0.006912,4.573984,1.681176,1.190349,10.233365,26.602864,0.422985,1.75157,16813137297,16750525465,115,62.611832,dino,True,8.432599,2.543914,i2-i31-0245,scene-0245,scene-0245:image:115
0.0,0.0,0.002723,0.002311,0.002106,1.354215,0.0,,0.39619,0.09136,,0.557555,NVTX inference includes CUDA event synchronization,3125545870960154,0.30858,3.353163,5.730364000000001,1.4442090000000007,7.828244000000001,0.104932,1.219346,0.831988,3.467283,1.060394,0.00064,0.008032,4.322714,1.66386,0.903541,10.068093,26.692998,0.403329,1.68875,16882637746,16820060445,116,62.577301,dino,True,8.136824,1.473739,i2-i31-0245,scene-0245,scene-0245:image:116
0.000706,0.0,0.003593,0.00358,0.002456,1.561128,0.0,,0.434824,0.101041,,0.552751,NVTX inference includes CUDA event synchronization,3125545941249980,0.329797,3.351348,6.1228940000000005,1.6815759999999997,8.453176000000001,0.105872,1.353689,0.879796,3.70459,1.049322,0.000608,0.00752,4.39438,1.80918,0.952789,10.513974,26.627363,0.421224,1.796311,16952930230,16889568431,117,63.361799,dino,True,8.782973,1.438978,i2-i31-0245,scene-0245,scene-0245:image:117
0.0,0.0,0.002876,0.002363,0.001884,1.45264,0.0,,0.452261,0.090079,,0.557283,NVTX inference includes CUDA event synchronization,3125546013789059,0.334628,3.538869,6.119877000000001,1.5789180000000007,8.344635,0.115032,1.198456,1.05291,3.532814,1.193133,0.00112,0.00688,4.601732,1.648443,1.124784,10.061472,26.799349,0.430691,1.834792,17025467107,16962450210,118,63.016897,dino,True,8.679263,1.725442,i2-i31-0245,scene-0245,scene-0245:image:118
0.0,0.0,0.002007,0.002341,0.001864,1.343321,0.0,,0.413367,0.091907,,0.562491,NVTX inference includes CUDA event synchronization,3125546101411912,0.317219,3.71625,5.556127999999999,1.4694120000000002,7.656207,0.111886,1.189343,0.925897,3.224621,1.043723,0.000576,0.007968,4.388192,1.64365,0.996522,10.065152,26.550424,0.409692,1.728378,17113089651,17050916931,119,62.17272,dino,True,7.973426,1.536241,i2-i31-0245,scene-0245,scene-0245:image:119
0.0,0.000608,0.002766,0.002325,0.001799,1.340031,0.0,,0.392186,0.088133,,0.539038,NVTX inference includes CUDA event synchronization,3125546170752742,0.306274,3.321711,5.725511999999999,1.4215399999999994,7.786123999999999,0.104657,1.318838,0.836859,3.368248,1.034352,0.000512,0.007392,4.311827,1.762393,0.908347,9.974244,26.696399,0.403046,1.705806,17182430299,17119876944,120,62.553355,dino,True,8.092398,1.493408,i2-i31-0245,scene-0245,scene-0245:image:120
0.0,0.0,0.002054,0.002363,0.001661,1.354215,0.000545,,0.46303,0.088128,,0.541936,NVTX inference includes CUDA event synchronization,3125546303074397,0.338787,12.14885,5.8173580000000005,1.4637260000000003,7.9325030000000005,0.130973,1.228252,1.168055,3.236367,1.034349,0.003168,0.0064,4.672544,1.682304,1.23852,10.066852,26.572433,0.419077,1.756618,17314752383,17252224033,121,62.52835,dino,True,8.27129,2.826797,i2-i31-0245,scene-0245,scene-0245:image:121
0.000503,0.0,0.002103,0.002884,0.001773,1.373698,0.0,,0.40308,0.095197,,0.549436,NVTX inference includes CUDA event synchronization,3125546372530375,0.312035,3.315659,5.913191,1.5052590000000006,8.02983,0.103472,1.246035,0.820388,3.514443,1.144652,0.000544,0.007072,4.301723,1.693627,0.891941,10.070771,26.771269,0.404319,1.702249,17384208566,17321401124,122,62.807442,dino,True,8.341865,1.434417,i2-i31-0245,scene-0245,scene-0245:image:122
0.0,0.0,0.002128,0.002273,0.001616,1.332321,0.0,,0.403438,0.094453,,0.54381,NVTX inference includes CUDA event synchronization,3125546441984811,0.318885,3.345266,5.650722,1.4348999999999998,7.711876,0.105584,1.200568,0.863634,3.398414,1.019501,0.000608,0.007552,4.307525,1.657504,0.937395,10.199303,26.662521,0.415602,1.716675,17453662715,17391109423,123,62.553292,dino,True,8.030761,1.454251,i2-i31-0245,scene-0245,scene-0245:image:123
0.000406,0.000392,0.002737,0.002301,0.00178,1.34349,0.0,,0.393473,0.09317,,0.558207,NVTX inference includes CUDA event synchronization,3125546511289595,0.312325,3.312678,5.669718,1.4275039999999999,7.753348999999999,0.102354,1.19873,0.846411,3.470091,1.011944,0.000576,0.008064,4.368827,1.64363,0.918411,10.122963,26.578024,0.401392,1.706905,17522967431,17460380344,124,62.587087,dino,True,8.065674,1.47132,i2-i31-0245,scene-0245,scene-0245:image:124
0.0,0.00112,0.002165,0.002334,0.001772,1.357369,0.0,,0.427825,0.09113,,0.534762,NVTX inference includes CUDA event synchronization,3125546601603132,0.321669,3.610827,5.673614999999999,1.5040579999999988,7.770422999999999,0.114468,1.191615,0.956551,3.268684,1.04654,0.00112,0.009056,4.530229,1.653542,1.027335,10.147096,26.617645,0.434553,1.784391,17613281116,17550910812,125,62.370304,dino,True,8.092092,1.613386,i2-i31-0245,scene-0245,scene-0245:image:125
0.0,0.00128,0.002144,0.002746,0.001743,1.374629,0.0,,0.397922,0.088779,,0.564748,NVTX inference includes CUDA event synchronization,3125546671786510,0.308421,3.318579,5.9324699999999995,1.474263999999999,8.05804,0.105433,1.344396,0.830738,3.498339,1.104843,0.000672,0.007776,4.284847,1.793329,0.906227,10.171636,26.828191,0.40379,1.686479,17683464338,17619966829,126,63.497509,dino,True,8.366461,1.439658,i2-i31-0245,scene-0245,scene-0245:image:126
0.0,0.0,0.002292,0.002376,0.001866,1.428447,0.0,,0.45335,0.103965,,0.524824,NVTX inference includes CUDA event synchronization,3125546802517888,0.329987,11.624093,6.376047999999999,1.548513999999999,8.563181,0.122106,1.277887,1.130203,3.673102,1.131116,0.003232,0.007008,4.637303,1.730658,1.200092,10.459549,26.766221,0.424207,1.775137,17814195802,17751116455,127,63.079347,dino,True,8.893168,2.612895,i2-i31-0245,scene-0245,scene-0245:image:127
0.0,0.0,0.002429,0.002759,0.001981,1.343214,0.0,,0.394332,0.093036,,0.547336,NVTX inference includes CUDA event synchronization,3125546872029949,0.30727,3.330542,5.930712,1.4699670000000005,8.008529,0.103874,1.228462,0.832336,3.584667,1.089709,0.000576,0.006208,4.311437,1.674097,0.904625,10.227785,26.585956,0.403639,1.723056,17883708127,17821067462,128,62.640665,dino,True,8.315799,1.486903,i2-i31-0245,scene-0245,scene-0245:image:128
0.0,0.000544,0.00261,0.002372,0.001738,1.346661,0.0,,0.433178,0.092924,,0.566906,NVTX inference includes CUDA event synchronization,3125546942178818,0.331909,3.452409,5.709274000000001,1.442196,7.824298000000001,0.107457,1.201726,0.918118,3.442314,1.035531,0.001184,0.007681,4.391879,1.660449,0.990407,10.268629,26.707195,0.482481,1.743154,17953856548,17890754156,129,63.102392,dino,True,8.156207,1.48568,i2-i31-0245,scene-0245,scene-0245:image:129
0.0,0.0,0.002176,0.002314,0.001746,1.355919,0.0,,0.403666,0.089663,,0.584019,NVTX inference includes CUDA event synchronization,3125547011797522,0.320003,3.34151,5.785169999999999,1.4379619999999989,7.904669999999999,0.103154,1.197556,0.863913,3.549883,1.065548,0.000544,0.006113,4.408756,1.640508,0.935562,10.199005,26.596909,0.403484,1.706495,18023475119,17960745895,130,62.729224,dino,True,8.224673,1.480478,i2-i31-0245,scene-0245,scene-0245:image:130
0.0,0.0,0.002221,0.002288,0.002089,1.428469,0.000232,,0.442211,0.097918,,0.518162,NVTX inference includes CUDA event synchronization,3125547102138998,0.311525,4.061658,6.187722999999999,1.4994119999999995,8.369788,0.107948,1.309441,0.940572,3.732279,1.082765,0.001088,0.007808,4.42501,1.720135,1.011644,10.080198,26.582719,0.412748,1.729727,18113816347,18051488247,131,62.3281,dino,True,8.681313,1.490902,i2-i31-0245,scene-0245,scene-0245:image:131
0.0,0.000576,0.002254,0.002236,0.001803,1.367163,0.0,,0.49077,0.090705,,0.536803,NVTX inference includes CUDA event synchronization,3125547265523068,0.346435,12.873126,6.068258999999999,1.4790159999999988,8.214134,0.131549,1.280382,1.298941,3.3179,1.040973,0.004832,0.006976,4.799024,1.728582,1.368701,10.073107,26.523207,0.420574,1.759687,18277200330,18214618986,132,62.581344,dino,True,8.560569,3.260338,i2-i31-0245,scene-0245,scene-0245:image:132
0.000608,0.0,0.002172,0.002686,0.001896,1.406011,0.0,,0.449413,0.088428,,0.53499,NVTX inference includes CUDA event synchronization,3125547401837154,0.327268,11.845742,5.864148000000001,1.4773320000000005,8.023084,0.119445,1.242583,1.151301,3.305758,1.042061,0.004736,0.007136,4.847552,1.698045,1.221477,10.136472,26.498757,0.436835,1.792354,18413515099,18351074469,133,62.44063,dino,True,8.350352,2.694871,i2-i31-0245,scene-0245,scene-0245:image:133
0.0,0.000576,0.002354,0.002592,0.001951,1.36999,0.0,,0.398216,0.092443,,0.547792,NVTX inference includes CUDA event synchronization,3125547470973729,0.309444,3.31696,5.845642000000001,1.4573300000000007,7.9521120000000005,0.105972,1.258968,0.842577,3.522457,1.066508,0.000512,0.007232,4.325202,1.676571,0.91429,9.961455,26.578616,0.409571,1.701411,18482651556,18420283116,134,62.36844,dino,True,8.261556,1.457795,i2-i31-0245,scene-0245,scene-0245:image:134
0.0,0.00064,0.002307,0.002289,0.001769,1.337774,0.0,,0.420859,0.092806,,0.55802,NVTX inference includes CUDA event synchronization,3125547540408485,0.339492,3.317091,5.651631,1.4084439999999994,7.728603,0.103379,1.209765,0.87094,3.410693,1.057226,0.00064,0.007008,4.31107,1.666666,0.941469,10.230807,26.66427,0.407419,1.764968,18552086103,18489476389,135,62.609714,dino,True,8.068095,1.492813,i2-i31-0245,scene-0245,scene-0245:image:135
0.0,0.000463,0.002257,0.00232,0.001667,1.375387,0.0,,0.397013,0.094019,,0.548804,NVTX inference includes CUDA event synchronization,3125547610089786,0.309476,3.324702,5.90213,1.4610239999999992,8.014584,0.106938,1.23752,0.847522,3.627331,1.035629,0.000576,0.00752,4.388827,1.680406,0.919331,10.272723,26.56067,0.403937,1.704278,18621767527,18558981117,136,62.78641,dino,True,8.32406,1.460302,i2-i31-0245,scene-0245,scene-0245:image:136
0.0,0.00112,0.002646,0.002374,0.001747,1.401235,0.0,,0.404635,0.092816,,0.547235,NVTX inference includes CUDA event synchronization,3125547679625625,0.322244,3.347315,5.730713999999999,1.490829999999999,7.862278,0.171908,1.209832,0.84651,3.41333,1.042544,0.000608,0.00896,4.54128,1.666571,0.919536,10.231189,26.480511,0.42624,1.787053,18691303123,18628699899,137,62.603224,dino,True,8.184522,1.479284,i2-i31-0245,scene-0245,scene-0245:image:137
0.0,0.0,0.002287,0.003111,0.001917,1.371017,0.0,,0.401918,0.089479,,0.540292,NVTX inference includes CUDA event synchronization,3125547751454543,0.313091,3.454025,5.891252999999999,1.4521409999999992,7.988182999999999,0.106169,1.287381,0.87533,3.550196,1.022153,0.000512,0.007392,4.379399,1.732535,0.947746,10.154229,26.540187,0.412634,1.736366,18763132294,18700571714,138,62.56058,dino,True,8.301274,1.714669,i2-i31-0245,scene-0245,scene-0245:image:138
0.0,0.0,0.002014,0.002432,0.001737,1.397583,0.000284,,0.463467,0.106175,,0.539248,NVTX inference includes CUDA event synchronization,3125547895046665,0.34698,5.908398,5.884439,1.484941000000001,8.050399,0.108255,1.193709,0.992524,3.547124,1.062954,0.000992,0.00688,4.502029,1.657716,1.064717,10.327241,26.618914,0.419147,1.793659,18906724122,18844087660,139,62.636462,dino,True,8.397379,1.755607,i2-i31-0245,scene-0245,scene-0245:image:139
0.0,0.0,0.002276,0.002324,0.001711,1.395477,0.0,,0.401845,0.103349,,0.539497,NVTX inference includes CUDA event synchronization,3125547964419360,0.322565,3.278022,5.961124999999999,1.4392029999999991,8.085038999999998,0.106951,1.252538,0.849626,3.672206,1.078408,0.000576,0.008096,4.398815,1.666849,0.9231,10.052877,26.561674,0.415263,1.740103,18976096968,18913772484,140,62.324484,dino,True,8.407604,1.658818,i2-i31-0245,scene-0245,scene-0245:image:140
0.0,0.0,0.002137,0.002346,0.001818,1.405819,0.0,,0.436934,0.098036,,0.522577,NVTX inference includes CUDA event synchronization,3125548034337460,0.328164,3.375801,5.939436000000001,1.5178510000000003,8.080939,0.109778,1.20223,0.920688,3.605908,1.043368,0.001056,0.008224,4.461148,1.661148,0.990801,10.27315,26.57102,0.424942,1.764213,19046014988,18983337928,141,62.67706,dino,True,8.409103,1.720891,i2-i31-0245,scene-0245,scene-0245:image:141
0.000471,3.2e-05,0.002173,0.002198,0.002257,1.351403,0.0,,0.398304,0.095148,,0.556644,NVTX inference includes CUDA event synchronization,3125548104260013,0.312706,3.341801,5.720032999999999,1.4431649999999996,7.815956999999999,0.107541,1.212106,0.851668,3.443642,1.063949,0.000512,0.00608,4.35529,1.666763,0.926036,10.243465,26.69922,0.402907,1.713677,19115937633,19053088127,142,62.849506,dino,True,8.128663,1.696732,i2-i31-0245,scene-0245,scene-0245:image:142
0.0,0.0,0.00249,0.002375,0.001729,1.410424,0.0,,0.396276,0.099442,,0.547212,NVTX inference includes CUDA event synchronization,3125548174278843,0.305444,3.30521,6.034731,1.4943709999999992,8.189235,0.104532,1.240042,0.87174,3.711407,1.064363,0.000608,0.007616,4.356593,1.695278,0.943357,10.321553,26.621278,0.410708,1.708161,19185957461,19122953493,143,63.003968,dino,True,8.494679,1.685585,i2-i31-0245,scene-0245,scene-0245:image:143
0.0,0.0,0.002324,0.002162,0.001924,1.420534,0.000576,,0.405701,0.09689,,0.558977,NVTX inference includes CUDA event synchronization,3125548251739613,0.313317,3.380507,6.195827999999999,1.4627519999999992,8.371599,0.10797,1.300747,0.86893,3.723544,1.212108,0.001088,0.007777,4.413439,1.749204,0.940868,10.328305,26.819954,0.417057,1.751331,19263417889,19200508416,144,62.909473,dino,True,8.684916,1.71174,i2-i31-0245,scene-0245,scene-0245:image:144
0.0,0.0007,0.002061,0.002851,0.001865,1.42442,0.0,,0.442906,0.096256,,0.538968,NVTX inference includes CUDA event synchronization,3125548391290676,0.321794,3.389842,6.186614,1.5590839999999995,8.374846999999999,0.106522,1.223241,0.948539,3.684234,1.166765,0.001152,0.007104,4.479267,1.673616,1.017565,10.31803,26.725248,0.419946,1.747997,19402969313,19340107224,145,62.862089,dino,True,8.696641,4.41939,i2-i31-0245,scene-0245,scene-0245:image:145
0.0,0.0,0.00224,0.00244,0.002119,1.373561,0.0,,0.395594,0.090608,,0.539751,NVTX inference includes CUDA event synchronization,3125548461357380,0.318211,3.349692,5.752934000000001,1.4714820000000008,7.841036000000001,0.105164,1.234628,0.84336,3.440759,1.055022,0.000576,0.008256,4.379947,1.690759,0.916033,10.257044,26.687025,0.412468,1.714081,19473035192,19410251417,146,62.783775,dino,True,8.159247,1.825747,i2-i31-0245,scene-0245,scene-0245:image:146
0.000546,0.0,0.002747,0.002461,0.001715,1.3409,0.001088,,0.539855,0.104809,,0.571038,NVTX inference includes CUDA event synchronization,3125548531747171,0.423204,3.317256,6.417656000000001,1.5974940000000002,8.559611,0.111342,1.219177,1.056994,3.93418,1.052876,0.001152,0.0096,4.489254,1.661933,1.128899,10.447075,26.599444,0.427359,1.792454,19543425069,19480148971,147,63.276098,dino,True,8.982815,1.69806,i2-i31-0245,scene-0245,scene-0245:image:147
0.0,0.000149,0.002518,0.002344,0.001839,1.458949,0.0,,0.445998,0.095119,,0.591893,NVTX inference includes CUDA event synchronization,3125548603964647,0.325029,3.37845,6.400813,1.7777270000000005,8.674593,0.107953,1.233943,0.968318,3.802963,1.098638,0.00112,0.00896,4.448312,1.687707,1.043679,10.455589,26.632349,0.412735,1.939624,19615642734,19552150977,148,63.491757,dino,True,8.999622,3.064317,i2-i31-0245,scene-0245,scene-0245:image:148
0.0,0.0,0.002265,0.002285,0.001765,1.381387,0.0,,0.425998,0.094203,,0.545595,NVTX inference includes CUDA event synchronization,3125548751490368,0.319523,3.37703,5.947395,1.4649489999999998,8.08137,0.108905,1.315051,0.92572,3.508078,1.06875,0.001024,0.008416,4.462729,1.768113,0.996409,10.164773,26.619488,0.423636,1.768549,19763167792,19700559336,150,62.608456,dino,True,8.400893,1.716631,i2-i31-0245,scene-0245,scene-0245:image:150
0.000598,0.0,0.002767,0.002234,0.001863,1.428726,0.0,,0.472068,0.093087,,0.526098,NVTX inference includes CUDA event synchronization,3125548889395648,0.339684,3.443848,6.25231,1.610949999999999,8.440066999999999,0.114764,1.24023,0.998489,3.662252,1.142602,0.003168,0.007296,4.653532,1.682956,1.068666,10.27033,26.834087,0.488269,1.879818,19901073149,19838109867,151,62.963282,dino,True,8.779751,1.797424,i2-i31-0245,scene-0245,scene-0245:image:151
0.0,0.000608,0.002443,0.002308,0.001963,1.358341,0.0,,0.391623,0.097199,,0.555331,NVTX inference includes CUDA event synchronization,3125548959009358,0.310627,3.327639,5.758686999999999,1.4993329999999991,7.857875999999999,0.103418,1.20092,0.839319,3.455166,1.061803,0.000544,0.008,4.332319,1.65715,0.910936,10.222624,26.668799,0.409407,1.715423,19970687183,19908025193,152,62.66199,dino,True,8.168503,1.669163,i2-i31-0245,scene-0245,scene-0245:image:152
0.0,0.00106,0.00372,0.002819,0.003535,1.835648,0.0,,0.45948,0.139438,,0.539435,NVTX inference includes CUDA event synchronization,3125549032162190,0.3185,3.325523,8.604854,1.7871229999999994,11.271488999999999,0.105001,1.903774,0.849356,5.555501,1.380817,0.000576,0.007841,4.407204,2.341062,0.924653,12.062819,27.282915,0.430451,1.760248,20043841743,19977828096,153,66.013647,dino,True,11.589989,1.681825,i2-i31-0245,scene-0245,scene-0245:image:153
0.0,0.0,0.002095,0.003019,0.00189,1.393552,0.000576,,0.502124,0.09306,,0.535819,NVTX inference includes CUDA event synchronization,3125549103780367,0.366116,3.691794,5.939150999999999,1.4817529999999994,8.10517,0.119972,1.207299,1.049708,3.519903,1.084171,0.001568,0.006912,4.621407,1.660296,1.120908,10.336729,26.607262,0.426178,1.811285,20115458248,20052590048,154,62.8682,dino,True,8.471286,1.854856,i2-i31-0245,scene-0245,scene-0245:image:154
0.0,0.0,0.002083,0.002843,0.002003,1.377913,0.0,,0.392135,0.09846,,0.584031,NVTX inference includes CUDA event synchronization,3125549173682725,0.30938,3.306272,5.978504999999999,1.5087649999999995,8.128592999999999,0.105896,1.336568,0.840255,3.539147,1.098478,0.000576,0.008288,4.373162,1.792379,0.912192,10.188515,26.665039,0.406685,1.707642,20185360482,20122420129,155,62.940353,dino,True,8.437973,1.693977,i2-i31-0245,scene-0245,scene-0245:image:155
2.1e-05,0.000544,0.002711,0.0023,0.001835,1.417444,0.000608,,0.424237,0.100974,,0.604204,NVTX inference includes CUDA event synchronization,3125549252540670,0.318018,3.554053,6.207507,1.4956740000000002,8.444367,0.117365,1.339724,1.013305,3.699056,1.088749,0.001248,0.007264,4.5716,1.79554,1.086041,10.291677,26.646051,0.431306,1.768499,20264218379,20201242575,156,62.975804,dino,True,8.762385,1.787795,i2-i31-0245,scene-0245,scene-0245:image:156
0.000372,0.0,0.002312,0.002703,0.00207,1.518113,0.0,,0.49439,0.10405,,0.528717,NVTX inference includes CUDA event synchronization,3125549406607056,0.353189,12.788969,6.706322999999999,1.543462,9.005861,0.191012,1.340046,1.266229,3.913233,1.096268,0.000576,0.008224,5.870418,1.788464,1.335479,10.710125,26.784198,0.432038,1.827336,20418285686,20354574531,157,63.711155,dino,True,9.35905,3.389937,i2-i31-0245,scene-0245,scene-0245:image:157
0.0,0.00064,0.003092,0.002902,0.002556,1.440579,0.0,,0.408689,0.120467,,0.558908,NVTX inference includes CUDA event synchronization,3125549477450363,0.313506,3.32127,6.353535999999999,1.4986989999999993,8.577862999999999,0.104602,1.351794,0.845001,3.899388,1.182605,0.000608,0.008672,4.345289,1.808628,0.919594,10.658219,26.794109,0.424948,1.749103,20489129638,20425373480,158,63.756158,dino,True,8.891369,1.705284,i2-i31-0245,scene-0245,scene-0245:image:158
0.0,0.0,0.002276,0.002389,0.002214,1.479413,0.0,,0.405252,0.104858,,0.558517,NVTX inference includes CUDA event synchronization,3125549548112141,0.314148,3.375191,6.590928,1.5256049999999997,8.831699,0.106957,1.337874,0.845132,4.229947,1.092108,0.000544,0.00768,4.357355,1.776281,0.940813,10.868255,26.691467,0.406896,1.727994,20559789695,20496300237,159,63.489458,dino,True,9.145847,1.705037,i2-i31-0245,scene-0245,scene-0245:image:159
0.0,0.00035,0.002709,0.002098,0.002348,1.369828,0.0,,0.400297,0.094025,,0.552317,NVTX inference includes CUDA event synchronization,3125549618027018,0.310243,3.347285,5.7865969999999995,1.4506229999999993,7.900326,0.106838,1.261331,0.855431,3.474608,1.053386,0.000608,0.007744,4.341726,1.717847,0.927112,10.249662,26.543467,0.405475,1.714906,20629705009,20567009023,160,62.695986,dino,True,8.210569,1.691803,i2-i31-0245,scene-0245,scene-0245:image:160
0.0,0.001088,0.002297,0.002193,0.001831,1.411309,0.000531,,0.502148,0.093027,,0.559536,NVTX inference includes CUDA event synchronization,3125549688402246,0.391011,3.378702,6.184681000000001,1.516052000000001,8.36763,0.114151,1.251865,1.079878,3.69905,1.087917,0.001184,0.008544,4.499767,1.691968,1.152584,10.324977,26.723071,0.428911,1.778501,20700079633,20636968749,161,63.110884,dino,True,8.758641,1.738745,i2-i31-0245,scene-0245,scene-0245:image:161
0.0,0.0,0.002148,0.002704,0.001884,1.367966,0.0,,0.39132,0.091388,,0.54958,NVTX inference includes CUDA event synchronization,3125549758163424,0.313637,3.312055,5.830209999999999,1.4431839999999996,7.923563,0.105264,1.281867,0.86859,3.494414,1.035369,0.000544,0.007968,4.360519,1.73704,0.940079,10.306926,26.600186,0.414711,1.701527,20769841010,20707085290,162,62.75572,dino,True,8.2372,1.655472,i2-i31-0245,scene-0245,scene-0245:image:162
0.0,0.001556,0.002041,0.002199,0.001881,1.409417,0.0,,0.495541,0.095477,,0.534344,NVTX inference includes CUDA event synchronization,3125549890745456,0.343811,3.464829,6.337295000000001,1.503610000000001,8.53594,0.14862,1.238889,1.277526,3.648021,1.053485,0.002688,0.006912,5.144989,1.670573,1.348567,10.22286,26.602593,0.428405,1.790517,20902423058,20839524928,163,62.89813,dino,True,8.879751,1.98945,i2-i31-0245,scene-0245,scene-0245:image:163
0.0,0.0,0.002818,0.002351,0.001963,1.354691,0.0,,0.399595,0.090916,,0.560756,NVTX inference includes CUDA event synchronization,3125549960440463,0.330276,3.297584,5.721202999999999,1.4253099999999996,7.804017,0.103535,1.201684,0.863599,3.472696,1.060621,0.000512,0.006336,4.336708,1.663193,0.936336,10.327891,26.733778,0.409882,1.720321,20972117978,20909213620,164,62.904358,dino,True,8.134293,1.444124,i2-i31-0245,scene-0245,scene-0245:image:164
0.0,0.001696,0.002834,0.002207,0.002249,1.399734,0.0,,0.385687,0.098471,,0.573353,NVTX inference includes CUDA event synchronization,3125550030297496,0.310724,3.280221,5.948853,1.4400680000000001,8.10436,0.107438,1.22729,0.853558,3.682142,1.096684,0.000576,0.007328,4.430146,1.675291,0.925208,10.348919,26.734362,0.418677,1.743146,21041975006,20978978663,165,62.996343,dino,True,8.415084,1.491822,i2-i31-0245,scene-0245,scene-0245:image:165
0.000608,0.000547,0.002211,0.002219,0.001774,1.375549,0.0,,0.408441,0.092017,,0.555264,NVTX inference includes CUDA event synchronization,3125550101316809,0.322531,3.315361,5.7989809999999995,1.4705779999999997,7.91508,0.104719,1.224451,0.886553,3.476484,1.06641,0.00064,0.007776,4.371838,1.680872,0.960633,10.269872,26.589846,0.414694,1.724709,21112994370,21050243493,166,62.750877,dino,True,8.237611,1.495869,i2-i31-0245,scene-0245,scene-0245:image:166
0.0,0.0,0.003019,0.002438,0.002093,1.401901,0.0,,0.403633,0.09806,,0.553782,NVTX inference includes CUDA event synchronization,3125550171112538,0.314564,3.329564,5.978144,1.464550000000001,8.128506,0.105857,1.263137,0.858753,3.667688,1.074445,0.000544,0.008096,4.379028,1.711433,0.929666,10.241992,26.763521,0.405988,1.704153,21182790432,21119806512,167,62.98392,dino,True,8.44307,1.46134,i2-i31-0245,scene-0245,scene-0245:image:167
0.0,0.00064,0.002349,0.002426,0.001804,1.367421,0.0,,0.424335,0.093588,,0.544598,NVTX inference includes CUDA event synchronization,3125550251154609,0.326692,3.385747,5.807107,1.4368100000000004,7.917576,0.105565,1.196028,0.906592,3.547869,1.042764,0.001216,0.007424,4.401016,1.646436,0.97744,10.167949,26.619581,0.423522,1.742101,21262832151,21200304789,168,62.527362,dino,True,8.244268,1.494565,i2-i31-0245,scene-0245,scene-0245:image:168
0.0,0.000608,0.002158,0.002351,0.001875,1.450338,0.0,,0.436602,0.100303,,0.539572,NVTX inference includes CUDA event synchronization,3125550358533038,0.319399,7.429475,6.274555000000001,1.5950480000000011,8.488963,0.114882,1.251413,1.019232,3.705821,1.11339,0.00112,0.007456,4.459235,1.712955,1.089473,10.601937,26.684111,0.429192,1.751129,21370211563,21307014101,169,63.197462,dino,True,8.808362,2.029745,i2-i31-0245,scene-0245,scene-0245:image:169
0.0,0.0,0.00222,0.003073,0.002008,1.372883,0.0,,0.411023,0.092461,,0.578989,NVTX inference includes CUDA event synchronization,3125550440016144,0.318885,3.620878,5.852411,1.4601259999999998,7.996183,0.114675,1.220108,0.951477,3.485564,1.073518,0.001184,0.008416,4.553009,1.678005,1.023319,10.36748,26.715127,0.430583,1.787904,21451694913,21388666549,170,63.028364,dino,True,8.315068,1.581913,i2-i31-0245,scene-0245,scene-0245:image:170
0.0,0.0,0.003019,0.002424,0.001777,1.365748,0.0,,0.389394,0.095579,,0.566394,NVTX inference includes CUDA event synchronization,3125550509665334,0.312194,3.314702,5.857957,1.4471910000000001,7.970098,0.110293,1.224551,0.856744,3.592587,1.042894,0.000608,0.007424,4.363245,1.671915,0.928904,10.225496,26.621097,0.404081,1.703469,21521343267,21458526175,171,62.817092,dino,True,8.282292,1.465073,i2-i31-0245,scene-0245,scene-0245:image:171
0.0,0.000512,0.002088,0.002133,0.001963,1.450188,0.000608,,0.433909,0.103069,,0.532415,NVTX inference includes CUDA event synchronization,3125550603447296,0.322821,4.676227,6.307964999999999,1.5429109999999993,8.512029,0.111402,1.366057,0.932246,3.809742,1.063564,0.001152,0.007776,4.440796,1.776909,1.002391,10.179096,26.566114,0.425253,1.763521,21615125288,21552311129,172,62.814159,dino,True,8.83485,1.544746,i2-i31-0245,scene-0245,scene-0245:image:172
0.0,0.000233,0.002096,0.002878,0.001981,1.384205,0.0,,0.398389,0.099285,,0.532476,NVTX inference includes CUDA event synchronization,3125550672987139,0.305347,3.311867,6.0519,1.4875629999999997,8.168096,0.103315,1.330306,0.826007,3.581534,1.137038,0.00048,0.0072,4.337002,1.786438,0.896344,10.223868,26.747154,0.404972,1.704441,21684665677,21621950534,173,62.715143,dino,True,8.473443,1.472688,i2-i31-0245,scene-0245,scene-0245:image:173
0.0,0.0,0.002124,0.002586,0.00187,1.392447,0.0,,0.418408,0.10055,,0.540901,NVTX inference includes CUDA event synchronization,3125550751232586,0.32474,3.299119,5.956186000000001,1.4457630000000004,8.090332,0.106706,1.253017,0.893316,3.649634,1.058156,0.001216,0.007264,4.413084,1.701536,0.965316,10.236419,26.60111,0.408616,1.739469,21762910538,21700218367,174,62.692171,dino,True,8.415072,1.489646,i2-i31-0245,scene-0245,scene-0245:image:174
0.000154,0.000576,0.002003,0.00315,0.001679,1.367253,0.000576,,0.417659,0.091799,,0.535968,NVTX inference includes CUDA event synchronization,3125550857774372,0.319075,6.948563,5.790506000000001,1.4621770000000005,7.892248,0.110276,1.221515,0.990789,3.37945,1.039532,0.000576,0.007008,4.499756,1.683279,1.060326,10.261611,26.615609,0.433897,1.770096,21869452685,21806848740,175,62.603945,dino,True,8.211323,1.98953,i2-i31-0245,scene-0245,scene-0245:image:175
0.0,0.000512,0.002263,0.002325,0.001918,1.368247,0.0,,0.459646,0.098247,,0.548864,NVTX inference includes CUDA event synchronization,3125550939535238,0.345926,3.457767,5.804373,1.469539000000001,7.940469,0.113429,1.213778,0.982049,3.42183,1.075849,0.001088,0.008833,4.567278,1.675767,1.053922,10.31609,26.726015,0.426867,1.800465,21951212668,21888289744,176,62.922924,dino,True,8.286395,1.585434,i2-i31-0245,scene-0245,scene-0245:image:176
0.0,0.001164,0.002143,0.00222,0.001858,1.387887,0.0,,0.410679,0.094966,,0.574903,NVTX inference includes CUDA event synchronization,3125551010154591,0.32522,3.363724,5.803614999999999,1.4531859999999996,7.954215,0.107146,1.211431,0.875911,3.585763,1.037614,0.00064,0.007744,4.380004,1.659177,0.950247,10.270838,26.896316,0.407419,1.714659,22021831944,21958246160,177,63.585784,dino,True,8.279435,1.462473,i2-i31-0245,scene-0245,scene-0245:image:177
0.0,0.000576,0.002865,0.002306,0.001864,1.361855,0.000986,,0.410495,0.099412,,0.544478,NVTX inference includes CUDA event synchronization,3125551103453211,0.320643,4.6307,5.747137,1.4550340000000004,7.851331,0.110711,1.205147,0.934062,3.411136,1.046508,0.00112,0.008256,4.47646,1.659456,1.004623,10.258613,26.549098,0.418795,1.766898,22115130634,22052612971,178,62.517663,dino,True,8.171974,1.834214,i2-i31-0245,scene-0245,scene-0245:image:178
0.0,0.0,0.002027,0.002378,0.001869,1.441898,0.0,,0.412979,0.099748,,0.556058,NVTX inference includes CUDA event synchronization,3125551173989608,0.313635,3.305612,6.407222000000001,1.5943060000000004,8.610544,0.106793,1.282361,0.839528,3.747813,1.342605,0.003584,0.007189,4.686554,1.742462,0.911593,10.295383,26.956142,0.438459,1.80673,22185667331,22122145983,179,63.521348,dino,True,8.924179,1.678583,i2-i31-0245,scene-0245,scene-0245:image:179
0.0,0.0,0.002289,0.002251,0.00184,1.349853,0.0,,0.425613,0.095537,,0.538385,NVTX inference includes CUDA event synchronization,3125551251202664,0.322852,3.288486,5.7909880000000005,1.4550930000000006,7.883904,0.108639,1.190138,0.940377,3.442449,1.061452,0.000608,0.008,4.387437,1.641214,1.011514,10.039076,26.612281,0.412556,1.727932,22262880014,22200457086,180,62.422928,dino,True,8.206756,1.717209,i2-i31-0245,scene-0245,scene-0245:image:180
0.0,0.0,0.002278,0.00238,0.001816,1.378045,0.0,,0.421767,0.094251,,0.562374,NVTX inference includes CUDA event synchronization,3125551357192764,0.321157,6.74783,5.822998,1.6447219999999998,7.964752,0.106563,1.218165,0.955618,3.310586,1.041326,0.001088,0.007841,4.431272,1.681116,1.026498,10.145709,26.663766,0.434348,1.719552,22368870503,22305995849,181,62.874654,dino,True,8.285909,2.229749,i2-i31-0245,scene-0245,scene-0245:image:181
0.0,0.0,0.001932,0.002416,0.002294,1.375993,0.0,,0.405836,0.092643,,0.567852,NVTX inference includes CUDA event synchronization,3125551440274973,0.320067,3.406871,5.888664,1.4967310000000005,8.017563,0.108213,1.209866,0.895778,3.431156,1.18651,0.000544,0.008832,4.418847,1.669776,0.972675,10.261718,26.83006,0.412582,1.744227,22451952692,22388361536,182,63.591156,dino,True,8.33763,2.234308,i2-i31-0245,scene-0245,scene-0245:image:182
0.0,0.000576,0.00202,0.003164,0.00198,1.363059,0.0,,0.387917,0.092156,,0.5509,NVTX inference includes CUDA event synchronization,3125551509968866,0.309572,3.356963,5.782807,1.4512549999999997,7.875006999999999,0.104101,1.200017,0.866476,3.512765,1.041677,0.000544,0.007744,4.355621,1.645015,0.939501,10.170491,26.611504,0.415769,1.714102,22521646518,22458944127,183,62.702391,dino,True,8.184579,1.687363,i2-i31-0245,scene-0245,scene-0245:image:183
0.0,0.000608,0.002403,0.002283,0.00185,1.347084,0.0,,0.4071,0.092746,,0.54991,NVTX inference includes CUDA event synchronization,3125551602923474,0.311814,4.403352,5.710334000000001,1.4547050000000006,7.802504000000001,0.107553,1.279934,0.898079,3.326896,1.037935,0.00112,0.008096,4.45156,1.735557,0.969343,10.170592,26.607679,0.413823,1.747332,22614600716,22552136277,184,62.464439,dino,True,8.114318,1.754675,i2-i31-0245,scene-0245,scene-0245:image:184
0.0,0.000608,0.002512,0.002288,0.001943,1.390984,0.0,,0.399674,0.095274,,0.56576,NVTX inference includes CUDA event synchronization,3125551672826082,0.30855,3.319454,5.895282,1.5012269999999992,8.045774999999999,0.104026,1.242275,0.835153,3.529199,1.135053,0.000576,0.006816,4.296426,1.698923,0.907954,10.172891,26.742428,0.405257,1.741247,22684503399,22621567103,185,62.936296,dino,True,8.354325,1.671122,i2-i31-0245,scene-0245,scene-0245:image:185
0.0,0.000512,0.001907,0.002209,0.001853,1.362169,0.0,,0.408586,0.092208,,0.546898,NVTX inference includes CUDA event synchronization,3125551751249083,0.314437,3.356314,5.822098,1.441638000000001,7.924003000000001,0.112241,1.189805,0.910737,3.510663,1.065036,0.00112,0.0072,4.43352,1.639922,0.981617,10.1079,26.594542,0.410536,1.731318,22762926340,22700505138,186,62.421202,dino,True,8.23844,1.742933,i2-i31-0245,scene-0245,scene-0245:image:186
0.0,0.00064,0.002151,0.002367,0.001728,1.406341,0.0,,0.426381,0.098451,,0.55077,NVTX inference includes CUDA event synchronization,3125551858274253,0.316452,7.211483,6.107722,1.4634279999999995,8.280099,0.113686,1.250905,0.978924,3.725885,1.054635,0.00112,0.007968,4.486561,1.664124,1.050702,10.168395,26.638965,0.426333,1.773378,22869951737,22807291841,187,62.659896,dino,True,8.596551,2.297918,i2-i31-0245,scene-0245,scene-0245:image:187
6.6e-05,0.000562,0.002653,0.002284,0.001684,1.357783,0.0,,0.41,0.09787,,0.539714,NVTX inference includes CUDA event synchronization,3125551938527410,0.317474,3.405513,5.767187,1.442946,7.862329,0.10613,1.215239,0.906153,3.445292,1.055403,0.001056,0.007584,4.426174,1.673967,0.976425,10.340759,26.664172,0.427241,1.738336,22950204817,22887659006,188,62.545811,dino,True,8.179803,1.698992,i2-i31-0245,scene-0245,scene-0245:image:188
0.0,0.0,0.002094,0.002718,0.001688,1.375214,0.0,,0.419933,0.095994,,0.546222,NVTX inference includes CUDA event synchronization,3125552008592857,0.328643,3.368458,5.897508,1.459886000000001,8.012728000000001,0.11121,1.228606,0.875965,3.583226,1.07483,0.000544,0.007104,4.40143,1.672676,0.947998,10.198912,26.686108,0.415227,1.736376,23020270163,22957404706,189,62.865457,dino,True,8.341371,1.674622,i2-i31-0245,scene-0245,scene-0245:image:189
0.0,0.000561,0.001948,0.00818,0.002747,1.402431,0.0,,0.411552,0.095158,,0.541356,NVTX inference includes CUDA event synchronization,3125552104013561,0.306018,5.123107,6.060136000000001,1.4679070000000012,8.218051,0.107126,1.244216,0.909475,3.718277,1.068364,0.000992,0.007712,4.43173,1.656412,0.979843,10.077533,26.71085,0.41935,1.751561,23115691863,23053323014,190,62.368849,dino,True,8.524069,1.867532,i2-i31-0245,scene-0245,scene-0245:image:190
8.7e-05,0.000544,0.002839,0.00242,0.002555,1.355242,0.0,,0.389342,0.099193,,0.554579,NVTX inference includes CUDA event synchronization,3125552175060982,0.307491,3.345369,5.72063,1.4362749999999993,7.81994,0.10444,1.221674,0.837613,3.463991,1.05515,0.000576,0.007712,4.282121,1.681744,0.90875,10.25631,26.655043,0.411565,1.733288,23186738550,23124215491,191,62.523059,dino,True,8.127431,3.204637,i2-i31-0245,scene-0245,scene-0245:image:191
0.0,0.0,0.00231,0.002266,0.001749,1.366209,0.0,,0.399207,0.092421,,0.539987,NVTX inference includes CUDA event synchronization,3125552251262642,0.309604,3.322226,5.878024999999999,1.4332519999999995,7.972569999999999,0.105759,1.22995,0.89293,3.589421,1.022318,0.000544,0.008,4.353179,1.680995,0.966051,10.200726,26.587437,0.410704,1.71,23262940037,23200375032,192,62.565005,dino,True,8.282174,1.690747,i2-i31-0245,scene-0245,scene-0245:image:192
0.0,0.0,0.002688,0.002495,0.001758,1.422673,0.0,,0.444219,0.103013,,0.546613,NVTX inference includes CUDA event synchronization,3125552358252201,0.332388,7.573601,6.199267,1.5063179999999994,8.390338,0.111187,1.252836,1.000587,3.797067,1.045995,0.001056,0.00768,4.469459,1.665223,1.070252,10.207001,26.614526,0.423022,1.744814,23369929719,23307368968,193,62.560751,dino,True,8.722726,2.428555,i2-i31-0245,scene-0245,scene-0245:image:193
0.000321,0.0,0.002514,0.002271,0.001893,1.368791,0.0,,0.47469,0.091435,,0.540652,NVTX inference includes CUDA event synchronization,3125552439235604,0.359236,3.498956,5.837993000000001,1.4800940000000002,7.961324,0.111181,1.20574,1.003744,3.447149,1.063564,0.001696,0.007392,4.570695,1.667379,1.074561,10.325589,26.743744,0.461892,1.850786,23450913125,23387999842,194,62.913283,dino,True,8.32056,1.788718,i2-i31-0245,scene-0245,scene-0245:image:194
0.0,0.0,0.002597,0.002401,0.001731,1.407128,0.0,,0.387105,0.098707,,0.560979,NVTX inference includes CUDA event synchronization,3125552509661363,0.306147,3.419144,6.094105,1.488384,8.248606,0.105809,1.371636,0.848392,3.692711,1.039949,0.000544,0.007328,4.386518,1.819513,0.920872,10.282107,26.815973,0.416485,1.715328,23521339021,23458038392,195,63.300629,dino,True,8.554753,1.634277,i2-i31-0245,scene-0245,scene-0245:image:195
0.0,0.000512,0.002309,0.002958,0.001647,1.409234,0.0,,0.408295,0.096282,,0.563792,NVTX inference includes CUDA event synchronization,3125552602952423,0.317605,4.477991,5.9205250000000005,1.4651530000000008,8.087949,0.109546,1.194557,0.923139,3.639961,1.06411,0.00112,0.007968,4.440936,1.655168,0.993155,10.257112,26.618408,0.420216,1.760735,23614630325,23552042304,196,62.588021,dino,True,8.405554,1.755864,i2-i31-0245,scene-0245,scene-0245:image:196
0.0,0.000608,0.002333,0.002492,0.001994,1.375214,0.0,,0.409763,0.099861,,0.545343,NVTX inference includes CUDA event synchronization,3125552672944073,0.312642,3.35544,5.852056999999999,1.4849579999999998,7.977022999999999,0.104786,1.243686,0.823578,3.497707,1.126182,0.000512,0.008256,4.32198,1.705898,0.896923,10.220456,26.718069,0.406432,1.717606,23684621762,23621670058,197,62.951704,dino,True,8.289665,1.64522,i2-i31-0245,scene-0245,scene-0245:image:197
0.0,1.4e-05,0.00308,0.002261,0.001872,1.395917,0.0,,0.397097,0.095245,,0.537447,NVTX inference includes CUDA event synchronization,3125552751545504,0.309923,3.333756,5.979158999999999,1.4445799999999993,8.102169,0.109602,1.278787,0.898068,3.635633,1.035982,0.000992,0.008448,4.418476,1.729417,0.969748,10.25567,26.574506,0.412689,1.73388,23763223150,23700532152,198,62.690998,dino,True,8.412092,1.74425,i2-i31-0245,scene-0245,scene-0245:image:198
0.000416,0.0,0.002362,0.002474,0.001648,1.357685,0.0,,0.41013,0.091777,,0.546762,NVTX inference includes CUDA event synchronization,3125552858225451,0.315972,7.081318,5.763596,1.4655630000000004,7.860878,0.11281,1.192234,0.975764,3.369552,1.051871,0.00112,0.007936,4.51273,1.653871,1.049173,10.314758,26.600863,0.429433,1.774379,23869902992,23807183628,199,62.719364,dino,True,8.17685,2.23454,i2-i31-0245,scene-0245,scene-0245:image:199
0.0,0.0,0.002394,0.002687,0.001835,1.369609,0.0,,0.404034,0.100529,,0.551152,NVTX inference includes CUDA event synchronization,3125552938519221,0.313348,3.407776,5.774526,1.4545789999999998,7.893418,0.110287,1.21077,0.902265,3.466516,1.053516,0.001185,0.007648,4.441899,1.669468,0.975066,10.361568,26.565848,0.427268,1.75443,23950197018,23887590814,200,62.606204,dino,True,8.206766,1.713998,i2-i31-0245,scene-0245,scene-0245:image:200
0.0,0.000266,0.002266,0.002295,0.001883,1.37499,0.0,,0.388641,0.089129,,0.560557,NVTX inference includes CUDA event synchronization,3125553008490306,0.31482,3.392162,5.807441,1.42863,7.912648,0.108675,1.210346,0.85562,3.53612,1.079853,0.00064,0.007584,4.318065,1.655501,0.928901,10.160223,26.720625,0.403359,1.705012,24020167533,23957407857,201,62.759676,dino,True,8.227468,1.650408,i2-i31-0245,scene-0245,scene-0245:image:201
0.0,0.000512,0.002699,0.002339,0.001806,1.384042,0.0,,0.415805,0.093155,,0.55198,NVTX inference includes CUDA event synchronization,3125553102203866,0.314659,3.60445,5.932754,1.477709,8.070433,0.113122,1.211845,0.947274,3.563896,1.060654,0.001056,0.009536,4.539508,1.657035,1.019019,10.266424,26.678213,0.432594,1.791463,24113881351,24051211404,202,62.669947,dino,True,8.385092,1.767474,i2-i31-0245,scene-0245,scene-0245:image:202
0.0,6e-06,0.00213,0.002273,0.001701,1.318989,0.0,,0.396933,0.090021,,0.556284,NVTX inference includes CUDA event synchronization,3125553172618338,0.308516,3.384501,5.710362999999999,1.4919429999999991,7.7701839999999995,0.102332,1.231796,0.824813,3.326491,1.093165,0.000608,0.007552,4.344532,1.695416,0.899087,10.217913,26.971662,0.405856,1.718342,24184295890,24121022795,203,63.273095,dino,True,8.0787,1.699438,i2-i31-0245,scene-0245,scene-0245:image:203
0.0,0.0,0.002215,0.002313,0.001849,1.639295,0.0,,0.395196,0.094778,,0.549458,NVTX inference includes CUDA event synchronization,3125553251767616,0.311108,3.432962,5.849892,1.4376309999999997,8.223887999999999,0.108596,1.227291,0.868416,3.849595,1.034891,0.000576,0.008,4.358966,1.681888,0.940129,10.494209,26.60251,0.409302,1.721141,24263445798,24200549208,204,62.89659,dino,True,8.534996,1.709326,i2-i31-0245,scene-0245,scene-0245:image:204
0.0,0.0,0.002029,0.002331,0.001776,1.380747,0.000744,,0.462506,0.093633,,0.546667,NVTX inference includes CUDA event synchronization,3125553357952440,0.334467,7.309478,5.860974000000001,1.5107280000000003,8.01694,0.115471,1.202521,1.031912,3.429545,1.052462,0.00096,0.007808,4.467388,1.663868,1.102281,10.335441,26.647656,0.42459,1.759713,24369630073,24306821299,205,62.808774,dino,True,8.351407,2.062469,i2-i31-0245,scene-0245,scene-0245:image:205
0.0,0.0,0.002508,0.002302,0.001709,1.417315,0.0,,0.405197,0.095447,,0.577842,NVTX inference includes CUDA event synchronization,3125553438590503,0.317732,3.40203,6.044614999999999,1.4428909999999995,8.229203,0.113905,1.292496,0.940028,3.637953,1.111438,0.001056,0.007168,4.434856,1.751795,1.011772,10.263324,26.76891,0.422438,1.745786,24450267698,24387213256,206,63.054442,dino,True,8.546935,1.487879,i2-i31-0245,scene-0245,scene-0245:image:206
0.0,0.0,0.002066,0.002295,0.001872,1.356355,0.0,,0.38862,0.092313,,0.560289,NVTX inference includes CUDA event synchronization,3125553508165454,0.308803,3.379614,5.74802,1.4163300000000003,7.843027,0.105749,1.202805,0.839077,3.545774,1.03403,0.000544,0.007521,4.379519,1.646681,0.910214,10.193926,26.643441,0.413882,1.726364,24519843563,24457174846,207,62.668717,dino,True,8.15183,1.45533,i2-i31-0245,scene-0245,scene-0245:image:207
0.0,0.000176,0.002407,0.002475,0.001756,1.382224,0.001184,,0.411197,0.093148,,0.541098,NVTX inference includes CUDA event synchronization,3125553604060470,0.31898,5.188612,5.905742999999999,1.4816249999999993,8.022428,0.108913,1.226651,0.90958,3.535906,1.069933,0.001024,0.007776,4.429333,1.675619,0.980396,10.283458,26.728639,0.417109,1.753807,24615738406,24553067381,208,62.671025,dino,True,8.341408,1.624567,i2-i31-0245,scene-0245,scene-0245:image:208
0.000346,0.0,0.002355,0.002322,0.002203,1.405616,0.0,,0.398747,0.097718,,0.553569,NVTX inference includes CUDA event synchronization,3125553674426365,0.308675,3.402716,5.9939160000000005,1.4792750000000003,8.148117000000001,0.10624,1.258606,0.822365,3.678842,1.103978,0.000576,0.00691,4.33133,1.719314,0.896958,10.409818,26.738311,0.41754,1.702618,24686104149,24622696134,209,63.408015,dino,True,8.456792,1.448571,i2-i31-0245,scene-0245,scene-0245:image:209
0.0,0.0,0.002302,0.00237,0.001864,1.388718,0.0,,0.445671,0.091881,,0.53152,NVTX inference includes CUDA event synchronization,3125553854265052,0.338373,5.189362,5.947331999999999,1.4427639999999995,8.073284999999998,0.112753,1.243256,0.987721,3.553727,1.062509,0.000544,0.008384,4.505806,1.655614,1.05873,9.952403,26.664637,0.424479,1.780591,24865942219,24803722927,211,62.219292,dino,True,8.411658,1.893957,i2-i31-0245,scene-0245,scene-0245:image:211
0.0,0.0,0.002072,0.002348,0.001904,1.371395,0.0,,0.482118,0.091253,,0.539583,NVTX inference includes CUDA event synchronization,3125553938729581,0.354116,3.529301,5.794675000000001,1.5211690000000004,7.9312320000000005,0.114808,1.211698,1.015053,3.279982,1.134798,0.001024,0.006816,4.573368,1.672824,1.08699,10.151888,26.697647,0.447722,1.843451,24950407320,24887664798,212,62.742522,dino,True,8.285348,1.824824,i2-i31-0245,scene-0245,scene-0245:image:212
0.0,0.0,0.002232,0.002773,0.001859,1.36184,0.0,,0.413611,0.098905,,0.565666,NVTX inference includes CUDA event synchronization,3125554008582805,0.325091,3.383105,5.746410999999999,1.4622369999999991,7.868205999999999,0.103992,1.231371,0.879265,3.457954,1.050862,0.000576,0.00704,4.362845,1.679854,0.952065,10.06876,26.666967,0.412062,1.75773,25020260397,24957539978,213,62.720419,dino,True,8.193297,1.688762,i2-i31-0245,scene-0245,scene-0245:image:213
0.0,0.0,0.002028,0.002445,0.001778,1.415686,0.00112,,0.435769,0.091718,,0.54368,NVTX inference includes CUDA event synchronization,3125554101297471,0.336931,3.340052,6.114051000000001,1.4688580000000009,8.271344000000001,0.111906,1.300726,0.960637,3.693656,1.06382,0.00112,0.007552,4.432173,1.712634,1.031005,10.063279,26.608011,0.419485,1.730713,25112975023,25050640208,214,62.334815,dino,True,8.608275,1.762392,i2-i31-0245,scene-0245,scene-0245:image:214
0.000188,0.000512,0.002338,0.00283,0.001886,1.376666,0.0,,0.446994,0.092082,,0.538436,NVTX inference includes CUDA event synchronization,3125554171156174,0.339555,3.706818,5.847176999999999,1.4546929999999998,7.969554,0.112201,1.22521,0.916598,3.494496,1.096375,0.001088,0.008448,4.449992,1.678144,0.986712,10.095024,26.781844,0.418394,1.747389,25182834438,25120402680,215,62.431758,dino,True,8.309109,1.71814,i2-i31-0245,scene-0245,scene-0245:image:215
0.000481,0.0,0.002171,0.002292,0.002167,1.390021,0.0,,0.453775,0.09548,,0.613491,NVTX inference includes CUDA event synchronization,3125554252309736,0.336291,3.606399,5.875892,1.4702149999999996,8.099479,0.110703,1.20246,1.044945,3.524747,1.073068,0.00128,0.008352,4.516647,1.665983,1.117779,10.198037,26.640785,0.428797,1.782045,25263987263,25201259951,216,62.727312,dino,True,8.43577,1.776476,i2-i31-0245,scene-0245,scene-0245:image:216
0.0,0.000512,0.001912,0.002582,0.001776,1.395986,0.0,,0.416958,0.100031,,0.563083,NVTX inference includes CUDA event synchronization,3125554351948457,0.314915,3.526491,6.055174000000001,1.4669850000000002,8.223099000000001,0.108961,1.296466,0.926411,3.658156,1.071499,0.001152,0.008384,4.497042,1.755031,0.997324,10.277699,26.636223,0.42459,1.778058,25363625698,25301045048,217,62.58065,dino,True,8.538014,1.746729,i2-i31-0245,scene-0245,scene-0245:image:217
0.0,0.000576,0.002041,0.002912,0.001709,1.39414,0.00064,,0.42657,0.095715,,0.546851,NVTX inference includes CUDA event synchronization,3125554439198387,0.321636,3.457287,6.020382,1.5132310000000002,8.1699,0.109769,1.206856,0.93093,3.541873,1.179533,0.001216,0.008128,4.447561,1.668719,1.00229,10.431854,26.79823,0.417411,1.757518,25450876576,25387925749,218,62.950827,dino,True,8.491536,1.751636,i2-i31-0245,scene-0245,scene-0245:image:218
0.0,0.000608,0.002208,0.002954,0.001812,1.377056,0.0,,0.418882,0.097218,,0.55375,NVTX inference includes CUDA event synchronization,3125554510005770,0.318146,3.461969,5.837720000000001,1.4700950000000006,7.974062000000001,0.105653,1.206088,0.867987,3.585923,1.048046,0.000608,0.007808,4.38246,1.656909,0.944276,10.228882,26.873001,0.420732,1.709193,25521683688,25458083867,219,63.599821,dino,True,8.292208,1.676043,i2-i31-0245,scene-0245,scene-0245:image:219
0.0,0.0,0.002306,0.002188,0.001939,1.370309,0.000215,,0.409654,0.092384,,0.564436,NVTX inference includes CUDA event synchronization,3125554602036135,0.312357,3.517601,5.748870999999999,1.4523599999999997,7.879944999999999,0.109651,1.223417,0.944097,3.409389,1.044044,0.001088,0.008256,4.474074,1.68022,1.015522,10.241335,26.59342,0.429943,1.746141,25613713432,25551193624,220,62.519808,dino,True,8.192302,1.774537,i2-i31-0245,scene-0245,scene-0245:image:220
2e-06,0.000381,0.002293,0.002869,0.001932,1.395349,0.0,,0.399328,0.097852,,0.546106,NVTX inference includes CUDA event synchronization,3125554672061880,0.308098,3.406906,6.005473,1.5376009999999996,8.143487,0.105366,1.23646,0.841833,3.598215,1.125198,0.000544,0.006368,4.298654,1.693007,0.913738,10.244786,26.680841,0.39802,1.708055,25683739926,25620777413,221,62.962513,dino,True,8.451585,1.662922,i2-i31-0245,scene-0245,scene-0245:image:221
0.0,0.0006,0.002394,0.002323,0.001957,1.385304,0.0,,0.446138,0.094975,,0.544593,NVTX inference includes CUDA event synchronization,3125554752090587,0.328228,3.555158,6.008965,1.4720580000000005,8.159021000000001,0.114667,1.236386,0.987327,3.582207,1.084812,0.001152,0.00864,4.537262,1.695718,1.058559,10.226978,26.689265,0.428526,1.783515,25763768160,25700973276,222,62.794884,dino,True,8.487249,1.779378,i2-i31-0245,scene-0245,scene-0245:image:222
0.0,0.0,0.002243,0.002666,0.00199,1.360364,0.0,,0.412907,0.091835,,0.550153,NVTX inference includes CUDA event synchronization,3125554858688172,0.321412,6.963817,6.152066,1.5041409999999988,8.252811999999999,0.108463,1.226283,0.930302,3.7312,1.065355,0.001152,0.007328,4.476207,1.678992,1.001215,10.520408,27.086927,0.423352,1.746035,25870366321,25806849093,223,63.517228,dino,True,8.574224,2.179592,i2-i31-0245,scene-0245,scene-0245:image:223
0.0,0.0,0.00225,0.002461,0.001647,1.352599,0.0,,0.40268,0.095449,,0.563143,NVTX inference includes CUDA event synchronization,3125554939409888,0.31277,3.509234,5.704483000000001,1.446295000000001,7.811942,0.109863,1.220545,0.90281,3.39053,1.045996,0.00064,0.008033,4.418847,1.678917,0.977563,10.213744,26.753482,0.421593,1.732789,25951087155,25887853130,224,63.234025,dino,True,8.124712,1.765604,i2-i31-0245,scene-0245,scene-0245:image:224
0.0,0.000608,0.002217,0.002416,0.0019,1.370232,0.0,,0.377399,0.092979,,0.553184,NVTX inference includes CUDA event synchronization,3125555009363935,0.308355,3.38141,5.736046999999999,1.4292749999999996,7.828627,0.105138,1.220597,0.82538,3.503463,1.044969,0.000576,0.007584,4.292299,1.665849,0.896229,10.107509,26.764634,0.412804,1.708042,26021040947,25958242751,225,62.798196,dino,True,8.136982,1.658262,i2-i31-0245,scene-0245,scene-0245:image:225
0.0,0.000175,0.002352,0.002508,0.001804,1.376856,0.0,,0.401135,0.094828,,0.535073,NVTX inference includes CUDA event synchronization,3125555103508073,0.312034,4.902816,5.8008500000000005,1.4428400000000003,7.9035470000000005,0.108842,1.211692,0.897361,3.506609,1.039661,0.00112,0.007456,4.432325,1.654705,0.967602,10.222057,26.560922,0.417327,1.737544,26115185762,26052808905,226,62.376857,dino,True,8.215581,1.771472,i2-i31-0245,scene-0245,scene-0245:image:226
0.0,0.000608,0.00288,0.002463,0.002125,1.384949,0.0,,0.382149,0.097094,,0.544292,NVTX inference includes CUDA event synchronization,3125555173298216,0.308453,3.385857,5.732866,1.4325520000000003,7.840973,0.103553,1.232799,0.814128,3.514029,1.044844,0.000544,0.006977,4.316411,1.69162,0.886513,10.258324,26.63956,0.407551,1.699769,26184975669,26122270320,227,62.705349,dino,True,8.149426,1.723869,i2-i31-0245,scene-0245,scene-0245:image:227
0.0,0.0,0.002537,0.002473,0.001859,1.383871,0.0,,0.392921,0.098237,,0.556872,NVTX inference includes CUDA event synchronization,3125555251429739,0.305698,3.362172,5.942899000000001,1.4706330000000003,8.075971000000001,0.108055,1.290761,0.874319,3.573278,1.056655,0.000544,0.007424,4.364043,1.744654,0.945232,10.201122,26.679288,0.411686,1.742987,26263106936,26200398176,228,62.70876,dino,True,8.381669,1.684228,i2-i31-0245,scene-0245,scene-0245:image:228
0.0,0.0,0.002269,0.002293,0.001873,1.415983,0.001088,,0.493217,0.09967,,0.542627,NVTX inference includes CUDA event synchronization,3125555358608313,0.366565,7.765468,6.2120940000000004,1.5077710000000009,8.404549000000001,0.110101,1.247916,1.052706,3.79488,1.049132,0.001216,0.007392,4.443121,1.660463,1.12333,10.1798,26.666421,0.422527,1.755066,26370285692,26307477025,229,62.808667,dino,True,8.771114,2.275682,i2-i31-0245,scene-0245,scene-0245:image:229
0.0,0.000512,0.002736,0.002356,0.001722,1.378052,0.0,,0.500354,0.091098,,0.543658,NVTX inference includes CUDA event synchronization,3125555439758312,0.369732,3.527887,5.819744999999999,1.4903819999999994,7.970501,0.116961,1.195346,1.045106,3.338119,1.142991,0.003552,0.007776,4.589229,1.657112,1.114578,10.267495,26.669589,0.450753,1.837019,26451436032,26388469923,230,62.966109,dino,True,8.340233,1.874046,i2-i31-0245,scene-0245,scene-0245:image:230
