P50_ms,P99_ms,calls_max,calls_min,count,covariance_share,execution_id,first_difference_pearson,kernel_name,mean_ms,module,mps_enabled,pearson,scene_id,std_ms,total_latency_endpoint_gap_ms
0.835434,0.916971,3,3,226,0.01813196063133991,i2-i30-0770,0.2944400513336222,_5x_cudnn_ampere_scudnn_128x128_relu_small_nn_v1,0.8419707787610619,backbone,False,0.2702688735438506,scene-0770,0.03273959011837496,0.0036410000000001164
0.83497,0.8869065,5,5,226,0.040158355401849234,i2-i30-0770,0.46203450542624086,_5x_cudnn_ampere_scudnn_128x32_relu_small_nn_v1,0.8361419823008848,backbone,False,0.42873276083207096,scene-0770,0.04571026619317606,0.4843265000000001
0.347044,0.35570075,1,1,226,0.0037116811238002744,i2-i30-0770,0.48673679748291215,_5x_cudnn_ampere_scudnn_128x64_relu_medium_nn_v1,0.347095407079646,backbone,False,0.4242929132048098,scene-0770,0.004269031726110027,0.003720000000000001
0.5526460000000001,0.578823,4,4,226,0.010054975092929415,i2-i30-0770,0.4287587820032324,ampere_sgemm_128x64_nn,0.5541657035398231,backbone,False,0.3233675361682574,scene-0770,0.015174314593309089,0.01090425000000006
0.47968500000000003,0.515566,3,3,226,0.012664130486391607,i2-i30-0770,0.5095022362393875,sm86_xmma_fprop_implicit_gemm_indexed_tf32f32_tf32f32_f32_nhwckrsc_nchw_tilesize128x64x32_stage4_warpsize2x2x1_g1_tensor16x8x8_alignc4_execute_kernel__5x_cudnn,0.4794513274336283,backbone,False,0.40638730029092074,scene-0770,0.015207567440850243,0.022264499999999965
0.2272825,0.24685075,1,1,226,0.008596197932761012,i2-i30-0770,0.6352663037254376,sm86_xmma_fprop_implicit_gemm_tf32f32_tf32f32_f32_nhwckrsc_nchw_tilesize128x128x16_stage3_warpsize2x2x1_g1_tensor16x8x8_alignc4_execute_kernel__5x_cudnn,0.22778198672566372,backbone,False,0.5318300205847225,scene-0770,0.007887839413047054,0.003167749999999969
0.5497505,0.59637575,3,3,226,0.017660102255254138,i2-i30-0770,0.6104828472406051,sm86_xmma_fprop_implicit_gemm_tf32f32_tf32f32_f32_nhwckrsc_nchw_tilesize128x128x32_stage3_warpsize2x2x1_g1_tensor16x8x8_alignc4_execute_kernel__5x_cudnn,0.5511372610619468,backbone,False,0.48329651780206156,scene-0770,0.01783216401352618,0.02031224999999992
0.178482,0.19253825,1,1,226,0.005076448522875027,i2-i30-0770,0.5847722067251916,sm86_xmma_fprop_implicit_gemm_tf32f32_tf32f32_f32_nhwckrsc_nhwc_tilesize128x128x16_stage3_warpsize2x2x1_g1_tensor16x8x8_execute_kernel__5x_cudnn,0.1791632610619469,backbone,False,0.4655938317365881,scene-0770,0.00532080411432305,0.009824250000000007
0.2684355,0.321915,1,1,226,-0.00030172243358495644,i2-i30-0770,0.023575825708737057,"void at::native::<unnamed>::max_pool_forward_nchw<float>(int, const T1 *, long, long, long, int, int, int, int, int, int, int, int, int, int, T1 *, long *)",0.27009233628318585,backbone,False,-0.017106187685842954,scene-0770,0.008607536466356503,-0.0013359999999999483
1.5794909999999993,1.6592522500000004,49,49,226,0.020041266537301906,i2-i30-0770,0.4644328409426282,"void at::native::vectorized_elementwise_kernel<(int)4, at::native::<unnamed>::launch_clamp_scalar(at::TensorIteratorBase &, c10::Scalar, c10::Scalar, at::native::detail::ClampLimits)::[lambda() (instance 1)]::operator ()() const::[lambda() (instance 7)]::operator ()() const::[lambda(float) (instance 1)], std::array<char *, (unsigned long)2>>(int, T2, T3)",1.5878930840707963,backbone,False,0.3194776296695463,scene-0770,0.03061323409273885,0.021671999999999025
2.2502175000000006,2.3569887499999997,16,16,226,0.007075091314989317,i2-i30-0770,0.09995036859291685,"void at::native::vectorized_elementwise_kernel<(int)4, at::native::CUDAFunctor_add<float>, std::array<char *, (unsigned long)3>>(int, T2, T3)",2.265966756637168,backbone,False,0.10846984232295293,scene-0770,0.03183079918533399,0.015369000000000188
0.0145925,0.015544,9,9,226,0.00032789302429086397,i2-i30-0770,0.47463647846329554,"void cask__5x_cudnn::computeOffsetsKernel<(bool)0, (bool)0>(cask__5x_cudnn::ComputeOffsetsParams)",0.014560743362831858,backbone,False,0.34344863911432083,scene-0770,0.00046590232708707484,0.0005914999999999983
3.0143070000000005,3.1348285,53,53,226,0.03514177712727068,i2-i30-0770,0.4231728937463741,"void cudnn::bn_fw_inf_1C11_kernel_NCHW<float, float, (bool)1, (int)1>(T2, T2, cudnnTensorStruct, const T1 *, cudnnTensorStruct, T1 *, cudnnTensorStruct, const T2 *, const T2 *, const T2 *, const T2 *, T2)",3.0258904159292035,backbone,False,0.37850424649760833,scene-0770,0.045308268540094766,0.0009987500000008254
0.425237,0.46078825,32,32,226,0.002215976540308118,i2-i30-0770,0.14904377109323289,"void cudnn::engines_precompiled::nchwToNhwcKernel<float, float, float, (bool)0, (bool)1, (cudnnKernelDataType_t)2>(cudnn::engines_precompiled::nchw2nhwc_params_t<T3>, const T1 *, T2 *)",0.4277002345132743,backbone,False,0.1081520202532004,scene-0770,0.009998964445180152,-0.016824500000000076
0.0446565,0.048951999999999996,9,9,226,0.0016183131035542241,i2-i30-0770,0.6379152031353098,"void cudnn::engines_precompiled::nhwcToNchwKernel<float, float, float, (bool)1, (bool)0, (cudnnKernelDataType_t)0>(cudnn::engines_precompiled::nhwc2nchw_params_t<T3>, const T1 *, T2 *)",0.044881721238938056,backbone,False,0.5329910930953528,scene-0770,0.0014817232693964918,0.0015284999999999951
0.15376099999999998,0.168434,2,2,226,0.0047948204562105025,i2-i30-0770,0.6166598179498491,void cutlass::Kernel2<cutlass_80_tensorop_s1688gemm_128x128_16x4_nn_align4>(T1::Params),0.1547448407079646,backbone,False,0.4981007302093187,scene-0770,0.004697639364930501,0.004496
0.480981,0.5218700000000001,6,6,226,0.014522636796112142,i2-i30-0770,0.6281764500542515,void cutlass::Kernel2<cutlass_80_tensorop_s1688gemm_128x128_16x5_nn_align4>(T1::Params),0.483074110619469,backbone,False,0.54819958151932,scene-0770,0.01292799806488381,0.010840000000000016
0.1484975,0.161378,1,1,226,0.004606669111489283,i2-i30-0770,0.6224555243931889,void cutlass::Kernel2<cutlass_80_tensorop_s1688gemm_128x128_32x3_nn_align1>(T1::Params),0.14927225663716812,backbone,False,0.5216414489861381,scene-0770,0.004309624468330293,0.0029840000000000144
0.21489799999999998,0.263699,1,1,226,-0.00028115562485321236,i2-i30-0770,-0.0494741600262007,void cutlass::Kernel2<cutlass_80_tensorop_s1688gemm_128x64_16x6_nn_align4>(T1::Params),0.2169265663716814,backbone,False,-0.015088850148604564,scene-0770,0.009093166287413341,-0.007705000000000017
0.32109150000000003,0.35353199999999996,2,2,226,0.0013715676004827594,i2-i30-0770,0.11335479872586879,void cutlass::Kernel2<cutlass_80_tensorop_s1688gemm_256x64_16x4_nn_align4>(T1::Params),0.32375705309734515,backbone,False,0.07221828738451369,scene-0770,0.009268181594464856,0.0070007499999999445
0.1393455,0.15154600000000001,1,1,226,0.0043283364693687135,i2-i30-0770,0.6245799442767113,void cutlass::Kernel2<cutlass_80_tensorop_s1688gemm_64x128_32x3_nn_align4>(T1::Params),0.1400921150442478,backbone,False,0.5364545845152423,scene-0770,0.003937427361324,0.002823499999999979
0.266995,0.287283,3,3,226,0.006976015501931925,i2-i30-0770,0.6315750854317946,void cutlass::Kernel2<cutlass_80_tensorop_s1688gemm_64x128_32x4_nn_align1>(T1::Params),0.2684111504424779,backbone,False,0.5230374328794617,scene-0770,0.006508773630420506,0.008535999999999988
0.6494470000000001,0.694144,8,8,226,0.025039888044145836,i2-i30-0770,0.5790028047523371,void cutlass::Kernel2<cutlass_80_tensorop_s1688gemm_64x64_16x6_nn_align4>(T1::Params),0.6526184646017699,backbone,False,0.4676230000241321,scene-0770,0.026131300312942845,0.0006250000000000977
0.8690175,0.9466439999999999,5,5,226,0.03670243264450783,i2-i30-0770,0.5756635302293582,void cutlass__5x_cudnn::Kernel<cutlass_tensorop_s1688fprop_optimized_tf32_128x64_32x3_nhwc_align4>(T1::Params),0.871091314159292,backbone,False,0.5000218940092002,scene-0770,0.035820391783154035,0.013312250000000025
0.52135,0.57324675,3,3,226,0.029760242434537613,i2-i30-0770,0.6650906643815814,void cutlass__5x_cudnn::Kernel<cutlass_tensorop_s1688fprop_optimized_tf32_64x64_32x5_nhwc_align4>(T1::Params),0.5253771150442478,backbone,False,0.558524818299979,scene-0770,0.026002702721932044,0.20879525
0.1994915,0.20549775000000003,12,12,226,0.0024068285078905818,i2-i30-0770,0.013842648708437023,ampere_sgemm_32x128_tn,0.19774280973451328,bbox_head,False,0.18702471103799143,scene-0770,0.006280159250143414,-0.0027777499999999955
0.079872,0.08195274999999999,12,12,226,0.0008163449377251972,i2-i30-0770,0.0228208195421678,ampere_sgemm_32x32_sliced1x4_tn,0.0791298761061947,bbox_head,False,0.17479114157939454,scene-0770,0.002279180850104304,-0.0007847500000000007
0.001696,0.001824,1,1,226,2.224532684814685e-05,i2-i30-0770,0.11081973766747906,"void at::native::<unnamed>::CatArrayBatchedCopy_aligned16_contig<at::native::<unnamed>::OpaqueType<(unsigned int)4>, unsigned int, (int)2, (int)128, (int)1>(T1 *, at::native::<unnamed>::CatArrInputTensorMetadata<T1, T2, T4, T5>, at::native::<unnamed>::TensorSizeStride<T2, (unsigned int)4>, int, T2)",0.0017018053097345135,bbox_head,False,0.19092011778811516,scene-0770,5.686062114762242e-05,2.168404344971009e-19
0.005664000000000001,0.006304000000000001,2,2,226,5.568704955259738e-05,i2-i30-0770,0.06471956938365375,"void at::native::<unnamed>::CatArrayBatchedCopy_aligned16_contig<at::native::<unnamed>::OpaqueType<(unsigned int)4>, unsigned int, (int)3, (int)128, (int)1>(T1 *, at::native::<unnamed>::CatArrInputTensorMetadata<T1, T2, T4, T5>, at::native::<unnamed>::TensorSizeStride<T2, (unsigned int)4>, int, T2)",0.005650340707964602,bbox_head,False,0.15437109203098776,scene-0770,0.00017604055704124722,9.55000000000001e-05
0.003072,0.003168,2,2,226,4.0299393834744034e-05,i2-i30-0770,0.11608857422964998,"void at::native::elementwise_kernel<(int)128, (int)2, void at::native::gpu_kernel_impl_nocast<at::native::<unnamed>::launch_clamp_scalar(at::TensorIteratorBase &, c10::Scalar, c10::Scalar, at::native::detail::ClampLimits)::[lambda() (instance 1)]::operator ()() const::[lambda() (instance 7)]::operator ()() const::[lambda(float) (instance 1)]>(at::TensorIteratorBase &, const T1 &)::[lambda(int) (instance 1)]>(int, T3)",0.003031676991150442,bbox_head,False,0.21152564763932627,scene-0770,9.29736717027185e-05,-5.5249999999999744e-05
0.007936,0.008095999999999999,6,6,226,0.00011530927317691019,i2-i30-0770,0.13765082448159446,"void at::native::elementwise_kernel<(int)128, (int)2, void at::native::gpu_kernel_impl_nocast<at::native::AUnaryFunctor<float, float, float, at::native::binary_internal::MulFunctor<float>>>(at::TensorIteratorBase &, const T1 &)::[lambda(int) (instance 1)]>(int, T3)",0.007843097345132744,bbox_head,False,0.2331170008975335,scene-0770,0.00024138750708564515,-7.999999999999848e-05
0.001568,0.001656,1,1,226,2.1045783552638686e-05,i2-i30-0770,0.10342904140702049,"void at::native::elementwise_kernel<(int)128, (int)2, void at::native::gpu_kernel_impl_nocast<at::native::BinaryFunctor<float, float, float, at::native::binary_internal::DivFunctor<float>>>(at::TensorIteratorBase &, const T1 &)::[lambda(int) (instance 1)]>(int, T3)",0.0015453539823008847,bbox_head,False,0.18573815475093997,scene-0770,5.529533263825173e-05,2.4250000000000183e-05
0.005344,0.0054719999999999994,4,4,226,7.493112481070773e-05,i2-i30-0770,0.129262337872625,"void at::native::elementwise_kernel<(int)128, (int)2, void at::native::gpu_kernel_impl_nocast<at::native::CUDAFunctor_add<float>>(at::TensorIteratorBase &, const T1 &)::[lambda(int) (instance 1)]>(int, T3)",0.005290548672566371,bbox_head,False,0.22447307019710905,scene-0770,0.00016290053380565411,3.275000000000066e-05
0.006464,0.006592,5,5,226,8.5563276526495e-05,i2-i30-0770,0.11404507168184028,"void at::native::elementwise_kernel<(int)128, (int)2, void at::native::gpu_kernel_impl_nocast<at::native::direct_copy_kernel_cuda(at::TensorIteratorBase &)::[lambda() (instance 3)]::operator ()() const::[lambda() (instance 7)]::operator ()() const::[lambda(float) (instance 1)]>(at::TensorIteratorBase &, const T1 &)::[lambda(int) (instance 1)]>(int, T3)",0.006393283185840709,bbox_head,False,0.21397602113349415,scene-0770,0.00019514022500857954,-3.199999999999904e-05
0.003584,0.00368075,1,1,226,5.4375393241464484e-05,i2-i30-0770,0.13367225029439853,"void at::native::index_elementwise_kernel<(int)128, (int)4, void at::native::gpu_index_kernel<void at::native::index_kernel_impl<at::native::OpaqueType<(int)4>>(at::TensorIteratorBase &, c10::ArrayRef<long>, c10::ArrayRef<long>)::[lambda(char *, const char *, long) (instance 1)]>(at::TensorIteratorBase &, c10::ArrayRef<long>, c10::ArrayRef<long>, const T1 &)::[lambda(int) (instance 1)]>(long, T3)",0.0035417035398230086,bbox_head,False,0.21582552471257346,scene-0770,0.00012294874709507377,-7.249999999999965e-05
0.00112,0.001152,1,1,226,2.010496216809138e-05,i2-i30-0770,0.16566794640807558,"void at::native::mbtopk::computeBlockwiseKthCounts<unsigned int>(T1 *, short *, unsigned int, unsigned int, unsigned int *)",0.0011008982300884955,bbox_head,False,0.2676943529403061,scene-0770,3.6651229880246415e-05,-1.5999999999999955e-05
0.0060160000000000005,0.006144,4,4,226,8.113495165817787e-05,i2-i30-0770,0.12098243113599776,"void at::native::mbtopk::computeBlockwiseWithinKCounts<unsigned int>(T1 *, short *, unsigned int, int, bool, unsigned int *, unsigned int)",0.00594429203539823,bbox_head,False,0.21588585017567963,scene-0770,0.00018340378980150965,-5.5999999999999626e-05
0.0008,0.000832,1,1,226,1.5023576872685363e-05,i2-i30-0770,0.1840271860491962,"void at::native::mbtopk::fill<unsigned int, unsigned int>(T1 *, T1, T2)",0.0007956150442477876,bbox_head,False,0.25348263223822276,scene-0770,2.8923419549724214e-05,-7.999999999999978e-06
0.003888,0.00403275,1,1,226,3.987089842476143e-05,i2-i30-0770,0.07081055602215379,"void at::native::mbtopk::gatherTopK<float, unsigned int, (int)1>(at::cuda::detail::TensorInfo<const T1, T2>, T2, T2, bool, unsigned int, T2, at::cuda::detail::TensorInfo<T1, T2>, T2, at::cuda::detail::TensorInfo<long, T2>, T2, unsigned int, unsigned int, T1 *, unsigned int *, unsigned int *, unsigned int)",0.0038299734513274337,bbox_head,False,0.12330647226868353,scene-0770,0.00015779551347845433,0.00029600000000000026
0.016256,0.016576,4,4,226,0.00022375817502225362,i2-i30-0770,0.10720540270365783,"void at::native::mbtopk::radixFindKthValues<float, unsigned int, unsigned int, (int)1>(at::cuda::detail::TensorInfo<const T1, T2>, unsigned int, unsigned int *, unsigned int, T2, int, int, unsigned int, T3, unsigned int *, T3 *, short *, T1 *)",0.016060362831858407,bbox_head,False,0.22010316598805468,scene-0770,0.0004961090206682803,-0.0001684999999999985
0.013568,0.013904,1,1,226,0.00021338284904995163,i2-i30-0770,0.14406575475986538,"void at::native::radixSortKVInPlace<(int)-2, (int)-1, (int)32, (int)32, float, long, unsigned int>(at::cuda::detail::TensorInfo<T5, T7>, T7, T7, T7, at::cuda::detail::TensorInfo<T6, T7>, T7, bool)",0.01338795575221239,bbox_head,False,0.23824977084210464,scene-0770,0.0004370705252700443,-0.00018300000000000087
0.037984500000000004,0.03869675,30,30,226,0.0005592343021909759,i2-i30-0770,0.14392052896545351,"void at::native::vectorized_elementwise_kernel<(int)4, at::native::<unnamed>::launch_clamp_scalar(at::TensorIteratorBase &, c10::Scalar, c10::Scalar, at::native::detail::ClampLimits)::[lambda() (instance 1)]::operator ()() const::[lambda() (instance 7)]::operator ()() const::[lambda(float) (instance 1)], std::array<char *, (unsigned long)2>>(int, T2, T3)",0.03755454867256637,bbox_head,False,0.24397307962261278,scene-0770,0.0011186040723329374,-0.00023825000000000235
0.001408,0.001472,1,1,226,1.996785994223147e-05,i2-i30-0770,0.11343644693108522,"void at::native::vectorized_elementwise_kernel<(int)4, at::native::BUnaryFunctor<long, long, long, at::native::binary_internal::div_floor_kernel_cuda(at::TensorIteratorBase &)::[lambda() (instance 1)]::operator ()() const::[lambda() (instance 4)]::operator ()() const::[lambda(long, long) (instance 1)]>, std::array<char *, (unsigned long)2>>(int, T2, T3)",0.0014026238938053097,bbox_head,False,0.21035085680913101,scene-0770,4.632460645919555e-05,-2.3999999999999933e-05
0.001344,0.001408,1,1,226,1.9290885966302614e-05,i2-i30-0770,0.11177755210856981,"void at::native::vectorized_elementwise_kernel<(int)4, at::native::BUnaryFunctor<long, long, long, at::native::remainder_kernel_cuda(at::TensorIteratorBase &)::[lambda() (instance 1)]::operator ()() const::[lambda() (instance 4)]::operator ()() const::[lambda(long, long) (instance 1)]>, std::array<char *, (unsigned long)2>>(int, T2, T3)",0.001337079646017699,bbox_head,False,0.2074510204286754,scene-0770,4.5379645663916985e-05,0.0
0.006496,0.006624,6,6,226,9.171512568223613e-05,i2-i30-0770,0.12824489573738454,"void at::native::vectorized_elementwise_kernel<(int)4, at::native::BinaryFunctor<float, float, float, at::native::binary_internal::DivFunctor<float>>, std::array<char *, (unsigned long)3>>(int, T2, T3)",0.006415482300884956,bbox_head,False,0.22079025283085668,scene-0770,0.0002027148530168522,-0.00010399999999999819
0.0057605,0.005952,6,6,226,9.538084520495692e-05,i2-i30-0770,0.1584660571108551,"void at::native::vectorized_elementwise_kernel<(int)4, at::native::CUDAFunctorOnOther_add<float>, std::array<char *, (unsigned long)2>>(int, T2, T3)",0.005722522123893805,bbox_head,False,0.25632831164053377,scene-0770,0.0001815888138023484,-0.00011199999999999925
0.005984,0.006111999999999999,6,6,226,8.898349241152505e-05,i2-i30-0770,0.13394929176569154,"void at::native::vectorized_elementwise_kernel<(int)4, at::native::CUDAFunctor_add<float>, std::array<char *, (unsigned long)3>>(int, T2, T3)",0.005906619469026549,bbox_head,False,0.2322530331838017,scene-0770,0.00018697026968170831,-0.00011199999999999925
0.006272,0.0063999999999999994,6,6,226,9.46932170111786e-05,i2-i30-0770,0.1465036905079015,"void at::native::vectorized_elementwise_kernel<(int)4, at::native::log_kernel_cuda(at::TensorIteratorBase &)::[lambda() (instance 2)]::operator ()() const::[lambda() (instance 2)]::operator ()() const::[lambda(float) (instance 1)], std::array<char *, (unsigned long)2>>(int, T2, T3)",0.006183734513274336,bbox_head,False,0.23592018574741222,scene-0770,0.0001958746672467139,-7.199999999999915e-05
0.0078885,0.008063999999999998,7,7,226,0.0001220246766762737,i2-i30-0770,0.13442487953213603,"void at::native::vectorized_elementwise_kernel<(int)4, at::native::sigmoid_kernel_cuda(at::TensorIteratorBase &)::[lambda() (instance 2)]::operator ()() const::[lambda() (instance 2)]::operator ()() const::[lambda(float) (instance 1)], std::array<char *, (unsigned long)2>>(int, T2, T3)",0.00778925221238938,bbox_head,False,0.23839944523506748,scene-0770,0.0002497853292833544,-8.049999999999898e-05
0.0016,0.001664,2,2,226,2.2757812232528305e-05,i2-i30-0770,0.11333644892453301,"void at_cuda_detail::cub::DeviceScanByKeyInitKernel<at_cuda_detail::cub::ReduceByKeyScanTileState<unsigned int, int, (bool)1>, at_cuda_detail::cub::TransformInputIterator<unsigned int, at::native::mbtopk::BlockIdxToKey, at_cuda_detail::cub::CountingInputIterator<unsigned int, unsigned int>, long>>(T1, T2, std::iterator_traits<T2>::value_type *, unsigned int, int)",0.0015821946902654868,bbox_head,False,0.20597076504491918,scene-0770,5.391994367383021e-05,-2.3999999999999933e-05
0.004224,0.004344,2,2,226,6.306194115954271e-05,i2-i30-0770,0.12440592894829164,"void at_cuda_detail::cub::DeviceScanByKeyKernel<at_cuda_detail::cub::DeviceScanByKeyPolicy<at_cuda_detail::cub::TransformInputIterator<unsigned int, at::native::mbtopk::BlockIdxToKey, at_cuda_detail::cub::CountingInputIterator<unsigned int, unsigned int>, long>, unsigned int, unsigned int, cuda::std::__4::plus<void>>::Policy900, at_cuda_detail::cub::TransformInputIterator<unsigned int, at::native::mbtopk::BlockIdxToKey, at_cuda_detail::cub::CountingInputIterator<unsigned int, unsigned int>, long>, unsigned int *, unsigned int *, at_cuda_detail::cub::ReduceByKeyScanTileState<unsigned int, int, (bool)1>, cuda::std::__4::equal_to<void>, cuda::std::__4::plus<void>, at_cuda_detail::cub::NullType, int, unsigned int, unsigned int>(T2, T11 *, T3, T4, T5, int, T6, T7, T8, T9)",0.004181132743362832,bbox_head,False,0.2283324182254893,scene-0770,0.00013477963032625166,-1.600000000000039e-05
0.009856,0.010048000000000001,6,6,226,0.00015344581369415342,i2-i30-0770,0.14350295443695218,"void cublasLt::splitKreduce_kernel<(int)32, (int)16, int, float, float, float, (bool)0, float, float, float, (bool)1, (bool)1, (bool)0>(cublasLt::cublasSplitKParams<T6>, const T4 *, const T9 *, T8 *, T5 *, const T6 *, const T6 *, const T10 *, const T4 *, T10 *, void *, long, T6 *, int *, T6 *, const T6 *, const T6 *, const T6 *, const T6 *)",0.009732358407079646,bbox_head,False,0.24336039106139845,scene-0770,0.00030770152737912254,-8.000000000000021e-05
0.0207045,0.036937,1,1,226,4.1029334874794855e-05,i2-i30-0770,0.05515973795390081,"void at::native::elementwise_kernel<(int)128, (int)2, void at::native::gpu_kernel_impl_nocast<at::native::BinaryFunctor<float, float, float, at::native::binary_internal::DivFunctor<float>>>(at::TensorIteratorBase &, const T1 &)::[lambda(int) (instance 1)]>(int, T3)",0.021616402654867257,data_preprocessor,False,0.0052989809767396276,scene-0770,0.0037785625716376015,0.00023149999999999907
0.015072,0.024144,1,1,226,0.000162748485276856,i2-i30-0770,0.11417579355615327,"void at::native::elementwise_kernel<(int)128, (int)2, void at::native::gpu_kernel_impl_nocast<at::native::CUDAFunctor_add<float>>(at::TensorIteratorBase &, const T1 &)::[lambda(int) (instance 1)]>(int, T3)",0.015582933628318583,data_preprocessor,False,0.03993528625754767,scene-0770,0.0019887704366208536,2.4250000000003435e-05
0.023024000000000003,0.02541625,1,1,226,0.0008240480212581189,i2-i30-0770,0.5278044460320953,"void at::native::index_elementwise_kernel<(int)128, (int)4, void at::native::gpu_index_kernel<void at::native::index_kernel_impl<at::native::OpaqueType<(int)1>>(at::TensorIteratorBase &, c10::ArrayRef<long>, c10::ArrayRef<long>)::[lambda(char *, const char *, long) (instance 1)]>(at::TensorIteratorBase &, c10::ArrayRef<long>, c10::ArrayRef<long>, const T1 &)::[lambda(int) (instance 1)]>(long, T3)",0.023057389380530976,data_preprocessor,False,0.4056113175644742,scene-0770,0.0009914411913943366,0.002728750000000002
0.0141125,0.018304,1,1,226,0.0009841906878896047,i2-i30-0770,0.42409711535440364,"void at::native::unrolled_elementwise_kernel<at::native::direct_copy_kernel_cuda(at::TensorIteratorBase &)::[lambda() (instance 3)]::operator ()() const::[lambda() (instance 7)]::operator ()() const::[lambda(float) (instance 1)], std::array<char *, (unsigned long)2>, (int)4, TrivialOffsetCalculator<(int)1, unsigned int>, TrivialOffsetCalculator<(int)1, unsigned int>, at::native::memory::LoadWithCast<(int)1>, at::native::memory::StoreWithCast<(int)1>>(int, T1, T2, T4, T5, T6, T7)",0.014697230088495576,data_preprocessor,False,0.3027477995449252,scene-0770,0.0015864367375601597,0.0016874999999999998
0.8857059999999999,0.9204905000000001,6,6,226,0.007320977185731411,i2-i30-0770,-0.013643638283586333,ampere_sgemm_128x128_nn,0.8837795398230088,decoder,False,0.14083463357112078,scene-0770,0.0253678749044686,0.0011282499999999418
0.31877049999999996,0.34422725,6,6,226,0.0024292976329677645,i2-i30-0770,-0.11896177355580705,ampere_sgemm_128x128_tn,0.31952444690265486,decoder,False,0.09252021032582472,scene-0770,0.012813524915857641,0.0013120000000000354
1.829412,1.9003677500000002,18,18,226,0.01356688425638661,i2-i30-0770,-0.04381593498741696,ampere_sgemm_128x64_tn,1.832416615044248,decoder,False,0.1793961582692459,scene-0770,0.03690553313609998,0.004064749999999728
0.879482,0.9302817499999999,54,54,226,0.004854085006695762,i2-i30-0770,-0.10133964960996433,ampere_sgemm_32x128_tn,0.8802954646017699,decoder,False,0.0856441817271481,scene-0770,0.027658843396736698,0.00026124999999987963
0.08684800000000001,0.0901925,12,12,226,0.0006195321570597176,i2-i30-0770,-0.0151188077139337,ampere_sgemm_32x32_sliced1x4_tn,0.08654056194690267,decoder,False,0.13202039619237352,scene-0770,0.002290062440344334,-7.2500000000017e-05
0.48840550000000005,0.5012460000000001,6,6,226,0.003056667549923273,i2-i30-0770,0.006165318582628538,ampere_sgemm_64x64_tn,0.4887354247787611,decoder,False,0.2311892198386299,scene-0770,0.006452160009873771,-0.006087999999999982
0.004832,0.00504825,6,6,226,4.447457757406108e-05,i2-i30-0770,0.035439162478715286,"void <unnamed>::elementwise_kernel_with_index<int, at::native::arange_cuda_out(const c10::Scalar &, const c10::Scalar &, const c10::Scalar &, at::Tensor &)::[lambda() (instance 1)]::operator ()() const::[lambda() (instance 7)]::operator ()() const::[lambda(long) (instance 1)]>(T1, T2, function_traits<T2>::result_type *)",0.00482824778761062,decoder,False,0.13924297373840072,scene-0770,0.0001558701825960916,0.00011199999999999925
0.6464395000000001,0.6905535,6,6,226,0.001465730433651643,i2-i30-0770,0.061286586896524275,"void <unnamed>::softmax_warp_forward<float, float, float, (int)10, (bool)0, (bool)0>(T2 *, const T1 *, int, int, int, const bool *, int, bool)",0.6523365442477875,decoder,False,0.042906461133835345,scene-0770,0.016670779663360842,0.008999749999999973
0.010464000000000001,0.01088,6,6,226,0.00010100583654879116,i2-i30-0770,0.01594345968867182,"void <unnamed>::softmax_warp_forward<float, float, float, (int)4, (bool)0, (bool)0>(T2 *, const T1 *, int, int, int, const bool *, int, bool)",0.010430146017699116,decoder,False,0.14401074154283733,scene-0770,0.000342275714183083,-1.6000000000002124e-05
0.04687999999999999,0.048208749999999995,14,14,226,0.00026744848474708,i2-i30-0770,0.0016937714836514131,"void at::native::<unnamed>::CatArrayBatchedCopy_aligned16_contig<at::native::<unnamed>::OpaqueType<(unsigned int)4>, unsigned int, (int)3, (int)128, (int)1>(T1 *, at::native::<unnamed>::CatArrInputTensorMetadata<T1, T2, T4, T5>, at::native::<unnamed>::TensorSizeStride<T2, (unsigned int)4>, int, T2)",0.04684098672566371,decoder,False,0.13848950165763346,scene-0770,0.0009424271549046462,0.0004392500000000091
0.10845000000000002,0.11328274999999999,24,24,226,0.0008079974781633312,i2-i30-0770,-0.005580774995913759,"void at::native::<unnamed>::CatArrayBatchedCopy_aligned16_contig<at::native::<unnamed>::OpaqueType<(unsigned int)4>, unsigned int, (int)4, (int)128, (int)1>(T1 *, at::native::<unnamed>::CatArrInputTensorMetadata<T1, T2, T4, T5>, at::native::<unnamed>::TensorSizeStride<T2, (unsigned int)4>, int, T2)",0.10841606637168143,decoder,False,0.12065080315899393,scene-0770,0.0032681673736699095,0.0011207500000000176
0.11273649999999999,0.117067,24,24,226,0.0005702937927840993,i2-i30-0770,-0.07492116508671193,"void at::native::<unnamed>::vectorized_layer_norm_kernel<float, float>(int, T2, const T1 *, const T1 *, const T1 *, T2 *, T2 *, T1 *)",0.11270888495575222,decoder,False,0.09805119229855093,scene-0770,0.002838378233360447,-0.0004810000000000092
0.03391999999999999,0.03532075,24,24,226,0.0003347237612165466,i2-i30-0770,0.0371183814162193,"void at::native::elementwise_kernel<(int)128, (int)2, void at::native::gpu_kernel_impl_nocast<at::native::AUnaryFunctor<float, float, float, at::native::binary_internal::MulFunctor<float>>>(at::TensorIteratorBase &, const T1 &)::[lambda(int) (instance 1)]>(int, T3)",0.03388337610619469,decoder,False,0.15341653572528532,scene-0770,0.001064728485542044,0.00034299999999998915
0.041921,0.043727999999999996,24,24,226,0.0003333504952093724,i2-i30-0770,-0.007823204142654609,"void at::native::elementwise_kernel<(int)128, (int)2, void at::native::gpu_kernel_impl_nocast<at::native::BinaryFunctor<float, float, float, at::native::binary_internal::DivFunctor<float>>>(at::TensorIteratorBase &, const T1 &)::[lambda(int) (instance 1)]>(int, T3)",0.04191889823008849,decoder,False,0.1226483998761799,scene-0770,0.0013263670367554968,0.0005922499999999956
0.032432,0.03394425,12,12,226,0.00027108282540827506,i2-i30-0770,0.022728727070834256,"void at::native::elementwise_kernel<(int)128, (int)2, void at::native::gpu_kernel_impl_nocast<at::native::BinaryFunctor<float, float, float, at::native::binary_internal::MulFunctor<float>>>(at::TensorIteratorBase &, const T1 &)::[lambda(int) (instance 1)]>(int, T3)",0.03235430973451328,decoder,False,0.1495517555263894,scene-0770,0.0008845756702814707,-5.5750000000000244e-05
0.0078245,0.008184,6,6,226,8.727750179219277e-05,i2-i30-0770,0.07515559693136566,"void at::native::elementwise_kernel<(int)128, (int)2, void at::native::gpu_kernel_impl_nocast<at::native::BinaryFunctor<long, long, long, at::native::binary_internal::MulFunctor<long>>>(at::TensorIteratorBase &, const T1 &)::[lambda(int) (instance 1)]>(int, T3)",0.00780341592920354,decoder,False,0.19321341885101032,scene-0770,0.00022043955387906686,8.000000000001062e-06
0.017280999999999998,0.01803225,6,6,226,0.00010075182072906896,i2-i30-0770,-0.010436508390366509,"void at::native::elementwise_kernel<(int)128, (int)2, void at::native::gpu_kernel_impl_nocast<at::native::CUDAFunctor_add<float>>(at::TensorIteratorBase &, const T1 &)::[lambda(int) (instance 1)]>(int, T3)",0.017219615044247787,decoder,False,0.1240402308724146,scene-0770,0.00039638283490720026,0.00015949999999999992
0.03988850000000001,0.041473750000000004,24,24,226,0.0003259601106924615,i2-i30-0770,0.0030398707832565383,"void at::native::elementwise_kernel<(int)128, (int)2, void at::native::gpu_kernel_impl_nocast<at::native::cos_kernel_cuda(at::TensorIteratorBase &)::[lambda() (instance 2)]::operator ()() const::[lambda() (instance 2)]::operator ()() const::[lambda(float) (instance 1)]>(at::TensorIteratorBase &, const T1 &)::[lambda(int) (instance 1)]>(int, T3)",0.03989097345132744,decoder,False,0.12562944157015277,scene-0770,0.001266186064422466,0.0005754999999999996
0.016096000000000003,0.016832,6,6,226,0.00017951739954553698,i2-i30-0770,0.06915996948060148,"void at::native::elementwise_kernel<(int)128, (int)2, void at::native::gpu_kernel_impl_nocast<at::native::direct_copy_kernel_cuda(at::TensorIteratorBase &)::[lambda() (instance 3)]::operator ()() const::[lambda() (instance 7)]::operator ()() const::[lambda(float) (instance 1)]>(at::TensorIteratorBase &, const T1 &)::[lambda(int) (instance 1)]>(int, T3)",0.016044061946902655,decoder,False,0.17880897970840268,scene-0770,0.000489938677455665,5.6000000000000494e-05
0.0397455,0.041376750000000004,24,24,226,0.0003467294357160448,i2-i30-0770,0.01131069170515864,"void at::native::elementwise_kernel<(int)128, (int)2, void at::native::gpu_kernel_impl_nocast<at::native::sin_kernel_cuda(at::TensorIteratorBase &)::[lambda() (instance 2)]::operator ()() const::[lambda() (instance 2)]::operator ()() const::[lambda(float) (instance 1)]>(at::TensorIteratorBase &, const T1 &)::[lambda(int) (instance 1)]>(int, T3)",0.03976362389380531,decoder,False,0.13480285415525553,scene-0770,0.0012552092393901218,0.0006710000000000049
0.0131205,0.01376,6,6,226,0.00013085639392469914,i2-i30-0770,0.02420442338147782,"void at::native::elementwise_kernel<(int)128, (int)4, void at::native::gpu_kernel_impl<at::native::<unnamed>::pow_tensor_tensor_kernel(at::TensorIteratorBase &)::[lambda() (instance 1)]::operator ()() const::[lambda() (instance 7)]::operator ()() const::[lambda(float, float) (instance 1)]>(at::TensorIteratorBase &, const T1 &)::[lambda(int) (instance 1)]>(int, T3)",0.013115734513274337,decoder,False,0.14038015718241764,scene-0770,0.0004548976840654675,8.824999999999805e-05
0.10492850000000001,0.11329600000000001,6,6,226,0.0006523737182731082,i2-i30-0770,-0.11075943129100312,"void at::native::reduce_kernel<(int)128, (int)4, at::native::ReduceOp<float, at::native::MeanOps<float, float, float, float>, unsigned int, float, (int)4>>(T3)",0.10527589380530974,decoder,False,0.08345499097873502,scene-0770,0.003814772508237895,-0.0016142499999999976
0.0130085,0.013504,6,6,226,0.0001126876624127409,i2-i30-0770,0.03283046696540018,"void at::native::reduce_kernel<(int)512, (int)1, at::native::ReduceOp<long, at::native::func_wrapper_t<long, at::native::sum_functor<long, long, long>::operator ()(at::TensorIterator &)::[lambda(long, long) (instance 1)]>, unsigned int, long, (int)4>>(T3)",0.01295803539823009,decoder,False,0.1487359996467749,scene-0770,0.0003697300720533742,3.200000000000078e-05
0.08985749999999997,0.09179999999999999,42,42,226,0.0005880527152680758,i2-i30-0770,0.06037696176620063,"void at::native::vectorized_elementwise_kernel<(int)4, at::native::<unnamed>::launch_clamp_scalar(at::TensorIteratorBase &, c10::Scalar, c10::Scalar, at::native::detail::ClampLimits)::[lambda() (instance 1)]::operator ()() const::[lambda() (instance 7)]::operator ()() const::[lambda(float) (instance 1)], std::array<char *, (unsigned long)2>>(int, T2, T3)",0.08965500884955753,decoder,False,0.19160694538561301,scene-0770,0.0014977161551300688,0.0005115000000000397
0.028737500000000006,0.030048000000000005,18,18,226,0.00019603087146517347,i2-i30-0770,0.07948861729286155,"void at::native::vectorized_elementwise_kernel<(int)4, at::native::AUnaryFunctor<float, float, float, at::native::binary_internal::MulFunctor<float>>, std::array<char *, (unsigned long)2>>(int, T2, T3)",0.02872854424778761,decoder,False,0.14581596224584414,scene-0770,0.0006560605210909819,0.0002390000000000031
0.00672,0.007072,6,6,226,5.987529834706689e-05,i2-i30-0770,0.02709864151814918,"void at::native::vectorized_elementwise_kernel<(int)4, at::native::AUnaryFunctor<long, long, bool, at::native::<unnamed>::CompareEqFunctor<long>>, std::array<char *, (unsigned long)2>>(int, T2, T3)",0.006691889380530973,decoder,False,0.15067832013943622,scene-0770,0.0001939194732346813,-8.000000000001062e-06
0.01584,0.016544000000000003,12,12,226,9.069389567351557e-05,i2-i30-0770,0.032296621541233535,"void at::native::vectorized_elementwise_kernel<(int)4, at::native::BUnaryFunctor<float, float, float, at::native::binary_internal::MulFunctor<float>>, std::array<char *, (unsigned long)2>>(int, T2, T3)",0.015808575221238935,decoder,False,0.12156261747155235,scene-0770,0.0003640847733947021,-6.500000000000256e-05
0.006528000000000001,0.006751999999999999,6,6,226,6.162420541559631e-05,i2-i30-0770,0.03450109411671878,"void at::native::vectorized_elementwise_kernel<(int)4, at::native::BinaryFunctor<float, float, float, at::native::binary_internal::DivFunctor<float>>, std::array<char *, (unsigned long)3>>(int, T2, T3)",0.006492575221238938,decoder,False,0.14675596954665887,scene-0770,0.00020491797648114712,-7.99999999999846e-06
0.005823999999999999,0.0060479999999999996,6,6,226,5.234337344112264e-05,i2-i30-0770,0.027056904094586925,"void at::native::vectorized_elementwise_kernel<(int)4, at::native::CUDAFunctorOnOther_add<float>, std::array<char *, (unsigned long)2>>(int, T2, T3)",0.005794336283185841,decoder,False,0.14040545680422054,scene-0770,0.00018192912218138605,6.399999999999982e-05
0.10632,0.10931224999999999,42,42,226,0.0004321572309329935,i2-i30-0770,-0.017169570573446608,"void at::native::vectorized_elementwise_kernel<(int)4, at::native::CUDAFunctor_add<float>, std::array<char *, (unsigned long)3>>(int, T2, T3)",0.10617036283185839,decoder,False,0.11607695248228493,scene-0770,0.0018168550848448226,-4.0749999999978304e-05
0.008224,0.008513,6,6,226,7.694295537709769e-05,i2-i30-0770,0.04826194320821684,"void at::native::vectorized_elementwise_kernel<(int)4, at::native::FillFunctor<float>, std::array<char *, (unsigned long)1>>(int, T2, T3)",0.008206539823008849,decoder,False,0.14821014699426038,scene-0770,0.00025334680261733874,2.400000000000145e-05
0.0048000000000000004,0.004992,6,6,226,4.724721782002135e-05,i2-i30-0770,0.03963959983674322,"void at::native::vectorized_elementwise_kernel<(int)4, at::native::FillFunctor<long>, std::array<char *, (unsigned long)1>>(int, T2, T3)",0.0047922654867256645,decoder,False,0.1467385561774758,scene-0770,0.00015712905567165966,8.075000000000009e-05
0.00752,0.007808,6,6,226,6.326410065105095e-05,i2-i30-0770,0.024299041522433635,"void at::native::vectorized_elementwise_kernel<(int)4, at::native::binary_internal::div_floor_kernel_cuda(at::TensorIteratorBase &)::[lambda() (instance 2)]::operator ()() const::[lambda() (instance 2)]::operator ()() const::[lambda(float) (instance 1)], std::array<char *, (unsigned long)2>>(int, T2, T3)",0.007502411504424779,decoder,False,0.13392670472328996,scene-0770,0.00023052320953243483,9.60000000000006e-05
0.006432,0.0066879999999999995,6,6,226,6.885011186604475e-05,i2-i30-0770,0.047803253600905656,"void at::native::vectorized_elementwise_kernel<(int)4, at::native::log_kernel_cuda(at::TensorIteratorBase &)::[lambda() (instance 2)]::operator ()() const::[lambda() (instance 2)]::operator ()() const::[lambda(float) (instance 1)], std::array<char *, (unsigned long)2>>(int, T2, T3)",0.006400075221238938,decoder,False,0.16614309842183864,scene-0770,0.00020223058907080428,-5.6000000000000494e-05
0.006592000000000001,0.00684025,6,6,226,6.874382048218565e-05,i2-i30-0770,0.04264000426699037,"void at::native::vectorized_elementwise_kernel<(int)4, at::native::sigmoid_kernel_cuda(at::TensorIteratorBase &)::[lambda() (instance 2)]::operator ()() const::[lambda() (instance 2)]::operator ()() const::[lambda(float) (instance 1)], std::array<char *, (unsigned long)2>>(int, T2, T3)",0.006562216814159291,decoder,False,0.16239188529375587,scene-0770,0.00020658264942806205,7.999999999999327e-06
0.010048,0.0104,6,6,226,0.00010305401852803964,i2-i30-0770,0.04752439995576149,"void cublasLt::splitKreduce_kernel<(int)32, (int)16, int, float, float, float, (bool)0, float, float, float, (bool)1, (bool)1, (bool)0>(cublasLt::cublasSplitKParams<T6>, const T4 *, const T9 *, T8 *, T5 *, const T6 *, const T6 *, const T10 *, const T4 *, T10 *, void *, long, T6 *, int *, T6 *, const T6 *, const T6 *, const T6 *, const T6 *)",0.009988221238938052,decoder,False,0.16391975438611436,scene-0770,0.00030680196646787236,-1.600000000000039e-05
0.17075400000000002,0.18401,6,6,226,0.0008194049858641572,i2-i30-0770,-0.09521601699907599,"void ms_deformable_im2col_gpu_kernel<float>(int, const T1 *, const long *, const long *, const T1 *, const T1 *, int, int, int, int, int, int, int, T1 *)",0.17085357964601772,decoder,False,0.06149260092152642,scene-0770,0.006502797673985347,-0.005109249999999982
18.439178,18.687770249999996,36,36,226,0.10169824191636975,i2-i30-0770,0.5143537906277723,ampere_sgemm_128x64_tn,18.44276807964601,encoder,False,0.5440746499575638,scene-0770,0.09121777108366266,0.11075600000000208
0.006304000000000001,0.006944000000000001,8,8,226,0.0001695782037220759,i2-i30-0770,0.5573428338951847,"void <unnamed>::elementwise_kernel_with_index<int, at::native::linspace_cuda_out(const c10::Scalar &, const c10::Scalar &, long, at::Tensor &)::[lambda() (instance 2)]::operator ()() const::[lambda() (instance 2)]::operator ()() const::[lambda(long) (instance 1)]>(T1, T2, function_traits<T2>::result_type *)",0.00634274778761062,encoder,False,0.4433322804556555,scene-0770,0.0001866659813712723,0.00012000000000000031
0.105473,0.11288825,6,6,226,0.0010974720214777212,i2-i30-0770,0.16646048867621357,"void <unnamed>::softmax_warp_forward<float, float, float, (int)4, (bool)0, (bool)0>(T2 *, const T1 *, int, int, int, const bool *, int, bool)",0.10639850442477876,encoder,False,0.22324905125726194,scene-0770,0.0023989894466263637,-0.0017672499999999841
0.019233,0.02024,6,6,226,-1.4444314568831113e-05,i2-i30-0770,0.09146429123844269,"void at::native::<unnamed>::CatArrayBatchedCopy<at::native::<unnamed>::OpaqueType<(unsigned int)8>, unsigned int, (int)2, (int)64, (int)64>(T1 *, at::native::<unnamed>::CatArrInputTensorMetadata<T1, T2, T4, T5>, at::native::<unnamed>::TensorSizeStride<T2, (unsigned int)4>, int, T2)",0.01911920796460177,encoder,False,-0.01106866768507729,scene-0770,0.000636833778988253,0.0007360000000000005
0.007776,0.008528,5,5,226,0.000208273701092823,i2-i30-0770,0.5714100741629942,"void at::native::<unnamed>::CatArrayBatchedCopy_aligned16_contig<at::native::<unnamed>::OpaqueType<(unsigned int)4>, unsigned int, (int)3, (int)128, (int)1>(T1 *, at::native::<unnamed>::CatArrInputTensorMetadata<T1, T2, T4, T5>, at::native::<unnamed>::TensorSizeStride<T2, (unsigned int)4>, int, T2)",0.0078107876106194695,encoder,False,0.4502546260420757,scene-0770,0.00022573596258074492,0.00016799999999999975
0.8857714999999999,0.9259212500000001,12,12,226,0.012048947236620453,i2-i30-0770,0.5940444781364892,"void at::native::<unnamed>::vectorized_layer_norm_kernel<float, float>(int, T2, const T1 *, const T1 *, const T1 *, T2 *, T2 *, T1 *)",0.8868372345132743,encoder,False,0.5367690165788337,scene-0770,0.01095433870737071,0.00544
0.01056,0.011543999999999999,8,8,226,0.00029359596370836323,i2-i30-0770,0.5906746154466266,"void at::native::elementwise_kernel<(int)128, (int)2, void at::native::gpu_kernel_impl_nocast<at::native::BinaryFunctor<float, float, float, at::native::binary_internal::DivFunctor<float>>>(at::TensorIteratorBase &, const T1 &)::[lambda(int) (instance 1)]>(int, T3)",0.01059433628318584,encoder,False,0.48095668531769675,scene-0770,0.00029789870615027535,0.0003607499999999982
0.001952,0.002144,1,1,226,4.610671065372354e-05,i2-i30-0770,0.5196453915091425,"void at::native::elementwise_kernel<(int)128, (int)2, void at::native::gpu_kernel_impl_nocast<at::native::BinaryFunctor<float, float, float, at::native::binary_internal::MulFunctor<float>>>(at::TensorIteratorBase &, const T1 &)::[lambda(int) (instance 1)]>(int, T3)",0.0019654778761061947,encoder,False,0.37632296990399294,scene-0770,5.978991203647808e-05,3.200000000000013e-05
0.0130725,0.014768,6,6,226,4.121453214892588e-05,i2-i30-0770,-0.049221265925459806,"void at::native::elementwise_kernel<(int)128, (int)2, void at::native::gpu_kernel_impl_nocast<at::native::BinaryFunctor<long, long, long, at::native::binary_internal::MulFunctor<long>>>(at::TensorIteratorBase &, const T1 &)::[lambda(int) (instance 1)]>(int, T3)",0.013101283185840707,encoder,False,0.026428166842601873,scene-0770,0.000761040618141139,4.074999999999912e-05
0.267347,0.29186675,6,6,226,0.0005716644943622844,i2-i30-0770,-0.04508955920764594,"void at::native::elementwise_kernel<(int)128, (int)2, void at::native::gpu_kernel_impl_nocast<at::native::CUDAFunctor_add<float>>(at::TensorIteratorBase &, const T1 &)::[lambda(int) (instance 1)]>(int, T3)",0.2722738185840708,encoder,False,0.029747081871422543,scene-0770,0.00937824021729466,-0.010890749999999949
0.01008,0.011023999999999999,8,8,226,0.0002772804613243319,i2-i30-0770,0.5980305234966928,"void at::native::elementwise_kernel<(int)128, (int)2, void at::native::gpu_kernel_impl_nocast<at::native::direct_copy_kernel_cuda(at::TensorIteratorBase &)::[lambda() (instance 3)]::operator ()() const::[lambda() (instance 7)]::operator ()() const::[lambda(float) (instance 1)]>(at::TensorIteratorBase &, const T1 &)::[lambda(int) (instance 1)]>(int, T3)",0.010121323008849556,encoder,False,0.4732569547740932,scene-0770,0.00028592146811803047,0.0002155000000000004
0.48262950000000004,0.5081340000000001,6,6,226,0.00020738113759854267,i2-i30-0770,-0.06531534857336999,"void at::native::elementwise_kernel<(int)128, (int)4, void at::native::gpu_kernel_impl<at::native::BinaryFunctor<float, float, float, at::native::binary_internal::DivFunctor<float>>>(at::TensorIteratorBase &, const T1 &)::[lambda(int) (instance 1)]>(int, T3)",0.4868616283185841,encoder,False,0.010849005988279198,scene-0770,0.009328327945094632,-0.00994299999999998
0.012064000000000002,0.012912,6,6,226,0.00020529650338600556,i2-i30-0770,0.47532763815160645,"void at::native::reduce_kernel<(int)512, (int)1, at::native::ReduceOp<long, at::native::func_wrapper_t<long, at::native::sum_functor<long, long, long>::operator ()(at::TensorIterator &)::[lambda(long, long) (instance 1)]>, unsigned int, long, (int)4>>(T3)",0.012113274336283186,encoder,False,0.3513300504119994,scene-0770,0.00028516141207094256,-3.125000000000176e-05
0.008672,0.009472000000000001,8,8,226,0.0002455228998605991,i2-i30-0770,0.5879101593750554,"void at::native::unrolled_elementwise_kernel<at::native::BinaryFunctor<float, float, float, at::native::binary_internal::MulFunctor<float>>, std::array<char *, (unsigned long)3>, (int)4, TrivialOffsetCalculator<(int)2, unsigned int>, TrivialOffsetCalculator<(int)1, unsigned int>, at::native::memory::LoadWithCast<(int)2>, at::native::memory::StoreWithCast<(int)1>>(int, T1, T2, T4, T5, T6, T7)",0.00870467256637168,encoder,False,0.4796782470597668,scene-0770,0.0002497850737187994,0.0002642500000000006
0.008064,0.00883275,8,8,226,0.00022650399281409352,i2-i30-0770,0.5846161405949394,"void at::native::unrolled_elementwise_kernel<at::native::CUDAFunctorOnSelf_add<float>, std::array<char *, (unsigned long)2>, (int)4, TrivialOffsetCalculator<(int)1, unsigned int>, TrivialOffsetCalculator<(int)1, unsigned int>, at::native::memory::LoadWithCast<(int)1>, at::native::memory::StoreWithCast<(int)1>>(int, T1, T2, T4, T5, T6, T7)",0.008103013274336282,encoder,False,0.454066905215819,scene-0770,0.0002434335961879452,0.000279999999999999
4.4832345,4.6182545,6,6,226,0.010035179708301459,i2-i30-0770,0.13280739125484142,"void at::native::vectorized_elementwise_kernel<(int)4, at::native::<unnamed>::launch_clamp_scalar(at::TensorIteratorBase &, c10::Scalar, c10::Scalar, at::native::detail::ClampLimits)::[lambda() (instance 1)]::operator ()() const::[lambda() (instance 7)]::operator ()() const::[lambda(float) (instance 1)], std::array<char *, (unsigned long)2>>(int, T2, T3)",4.514458358407079,encoder,False,0.09775715696626047,scene-0770,0.05009577429682161,0.053569500000000936
0.0062239999999999995,0.006616,6,6,226,0.00011879837808342427,i2-i30-0770,0.5004689438250808,"void at::native::vectorized_elementwise_kernel<(int)4, at::native::AUnaryFunctor<long, long, bool, at::native::<unnamed>::CompareEqFunctor<long>>, std::array<char *, (unsigned long)2>>(int, T2, T3)",0.006242203539823009,encoder,False,0.40681482352981846,scene-0770,0.00014250767153962856,1.600000000000039e-05
1.9658444999999998,2.0205659999999996,18,18,226,-0.0015851269974819341,i2-i30-0770,-0.05582610135076389,"void at::native::vectorized_elementwise_kernel<(int)4, at::native::CUDAFunctor_add<float>, std::array<char *, (unsigned long)3>>(int, T2, T3)",1.9725931769911504,encoder,False,-0.046361255938847934,scene-0770,0.016685275130517416,-0.0008715000000003581
0.10976150000000001,0.1188415,6,6,226,0.0006274867705903443,i2-i30-0770,0.020530553207760698,"void at::native::vectorized_elementwise_kernel<(int)4, at::native::FillFunctor<float>, std::array<char *, (unsigned long)1>>(int, T2, T3)",0.11088894690265486,encoder,False,0.09423939786647238,scene-0770,0.0032493505990835677,-0.0035754999999999815
3.16218,3.2199415,6,6,226,0.023591792671789336,i2-i30-0770,0.47280890518932667,"void ms_deformable_im2col_gpu_kernel<float>(int, const T1 *, const long *, const long *, const T1 *, const T1 *, int, int, int, int, int, int, int, T1 *)",3.1628744292035402,encoder,False,0.526677304811532,scene-0770,0.021859531034748813,-0.011814249999999582
0.00624,0.006656,4,4,226,0.00013443720846431994,i2-i30-0770,0.5847207193692696,"void at::native::<unnamed>::ComputeFusedParamsCUDAKernel<float>(long, long, long, const T1 *, const T1 *, const T1 *, const T1 *, at::AccumulateType<T1, (bool)1>::type *, at::AccumulateType<T1, (bool)1>::type *)",0.006250393805309735,neck,False,0.426728404728566,scene-0770,0.00015374196793650267,5.599999999999876e-05
0.055857000000000004,0.060561000000000004,4,4,226,0.001461209508711819,i2-i30-0770,0.6218009474978521,"void at::native::<unnamed>::RowwiseMomentsCUDAKernel<float>(long, T1, const T1 *, T1 *, T1 *)",0.0561345796460177,neck,False,0.493778359737904,scene-0770,0.0014441255079093943,0.001216250000000002
0.02672,0.0298,4,4,226,0.0009280040682450218,i2-i30-0770,0.635983294135414,"void at::native::elementwise_kernel<(int)128, (int)2, void at::native::gpu_kernel_impl_nocast<void at::native::<unnamed>::GroupNormKernelImplInternal<float>(const at::Tensor &, const at::Tensor &, const at::Tensor &, long, long, long, long, T1, at::Tensor &, at::Tensor &, at::Tensor &)::[lambda(float, float, float) (instance 2)]>(at::TensorIteratorBase &, const T1 &)::[lambda(int) (instance 1)]>(int, T3)",0.026973039823008853,neck,False,0.5125685521201601,scene-0770,0.0008835322878785256,0.0009439999999999969
0.003872,0.004224,1,1,226,0.00010176107826913879,i2-i30-0770,0.605727592649794,"void cublasLt::splitKreduce_kernel<(int)32, (int)16, int, float, float, float, (bool)0, float, float, float, (bool)1, (bool)0, (bool)0>(cublasLt::cublasSplitKParams<T6>, const T4 *, const T9 *, T8 *, T5 *, const T6 *, const T6 *, const T10 *, const T4 *, T10 *, void *, long, T6 *, int *, T6 *, const T6 *, const T6 *, const T6 *, const T6 *)",0.003882924778761062,neck,False,0.4971056057440256,scene-0770,9.989817207658552e-05,0.00011200000000000012
0.082849,0.10059375,2,2,226,0.0003113332319985013,i2-i30-0770,0.010810150747928522,"void cudnn::engines_precompiled::nchwToNhwcKernel<float, float, float, (bool)0, (bool)1, (cudnnKernelDataType_t)2>(cudnn::engines_precompiled::nchw2nhwc_params_t<T3>, const T1 *, T2 *)",0.08348361061946903,neck,False,0.04963917877880784,scene-0770,0.0030607326352218365,0.007808000000000009
0.001632,0.001792,1,1,226,4.6177633159396205e-05,i2-i30-0770,0.552570477105717,"void cudnn::engines_precompiled::nhwcToNchwKernel<float, float, float, (bool)1, (bool)0, (cudnnKernelDataType_t)0>(cudnn::engines_precompiled::nhwc2nchw_params_t<T3>, const T1 *, T2 *)",0.0016379734513274336,neck,False,0.4366322500642617,scene-0770,5.1610772727596945e-05,3.999999999999989e-05
0.152322,0.165674,1,1,226,0.0037819575036874904,i2-i30-0770,0.6157388505075353,void cutlass::Kernel2<cutlass_80_tensorop_s1688gemm_128x128_32x3_nn_align1>(T1::Params),0.15335009734513275,neck,False,0.5112919739040002,scene-0770,0.003609708825470998,0.0036957499999999976
0.039537,0.04271225,1,1,226,0.0009567783410606185,i2-i30-0770,0.6045391112647815,void cutlass::Kernel2<cutlass_80_tensorop_s1688gemm_256x64_16x4_nn_align4>(T1::Params),0.039770420353982296,neck,False,0.49008387389034563,scene-0770,0.0009527203135594943,0.0011762499999999967
0.090177,0.098297,1,1,226,0.0019727125607523844,i2-i30-0770,0.4186028139490113,void cutlass::Kernel2<cutlass_80_tensorop_s1688gemm_64x64_16x6_nn_align4>(T1::Params),0.09086093805309735,neck,False,0.353566641017362,scene-0770,0.0027228080712056735,0.002576000000000009
0.2274265,0.249259,1,1,226,0.006764981115493952,i2-i30-0770,0.5967896872081077,void cutlass__5x_cudnn::Kernel<cutlass_tensorop_s1688fprop_optimized_tf32_64x64_32x5_nhwc_align4>(T1::Params),0.22850146460176993,neck,False,0.47074254753103584,scene-0770,0.007013061338477122,0.005871999999999988
0.009200499999999999,0.009848,12,12,226,0.00016943665103448999,i2-i30-0770,0.46390468182946415,"void <unnamed>::elementwise_kernel_with_index<int, at::native::arange_cuda_out(const c10::Scalar &, const c10::Scalar &, const c10::Scalar &, at::Tensor &)::[lambda() (instance 1)]::operator ()() const::[lambda() (instance 7)]::operator ()() const::[lambda(long) (instance 1)]>(T1, T2, function_traits<T2>::result_type *)",0.009228283185840708,positional_encoding,False,0.36796792049982935,scene-0770,0.00022470974273125358,0.00010399999999999993
0.029056,0.048528999999999996,4,4,226,-0.000586287351797459,i2-i30-0770,-0.0690609814898483,"void at::native::<unnamed>::CatArrayBatchedCopy_aligned16_contig<at::native::<unnamed>::OpaqueType<(unsigned int)4>, unsigned int, (int)4, (int)128, (int)1>(T1 *, at::native::<unnamed>::CatArrInputTensorMetadata<T1, T2, T4, T5>, at::native::<unnamed>::TensorSizeStride<T2, (unsigned int)4>, int, T2)",0.029833818584070797,positional_encoding,False,-0.0777745179470004,scene-0770,0.0036787281803104697,-0.003825000000000002
0.04043250000000001,0.045201000000000005,16,16,226,0.0012402094942316412,i2-i30-0770,0.605779058584683,"void at::native::elementwise_kernel<(int)128, (int)2, void at::native::gpu_kernel_impl_nocast<at::native::BinaryFunctor<float, float, float, at::native::binary_internal::DivFunctor<float>>>(at::TensorIteratorBase &, const T1 &)::[lambda(int) (instance 1)]>(int, T3)",0.04076533185840709,positional_encoding,False,0.47686940673533645,scene-0770,0.001269170860465934,0.0010550000000000073
0.004481,0.004896,4,4,226,0.00011135097515425418,i2-i30-0770,0.594314068329013,"void at::native::elementwise_kernel<(int)128, (int)2, void at::native::gpu_kernel_impl_nocast<at::native::CUDAFunctorOnSelf_add<float>>(at::TensorIteratorBase &, const T1 &)::[lambda(int) (instance 1)]>(int, T3)",0.004519283185840708,positional_encoding,False,0.46271571190770305,scene-0770,0.00011743681931763718,0.00013599999999999984
0.025152,0.030153,8,8,226,0.00040820704911651874,i2-i30-0770,0.26173014617436674,"void at::native::elementwise_kernel<(int)128, (int)2, void at::native::gpu_kernel_impl_nocast<at::native::cos_kernel_cuda(at::TensorIteratorBase &)::[lambda() (instance 2)]::operator ()() const::[lambda() (instance 2)]::operator ()() const::[lambda(float) (instance 1)]>(at::TensorIteratorBase &, const T1 &)::[lambda(int) (instance 1)]>(int, T3)",0.025395159292035393,positional_encoding,False,0.175930195066893,scene-0770,0.001132308110031001,-0.0014632499999999958
0.06984099999999999,0.08469724999999997,24,24,226,0.00021253056140682123,i2-i30-0770,0.04443555643361738,"void at::native::elementwise_kernel<(int)128, (int)2, void at::native::gpu_kernel_impl_nocast<at::native::direct_copy_kernel_cuda(at::TensorIteratorBase &)::[lambda() (instance 3)]::operator ()() const::[lambda() (instance 7)]::operator ()() const::[lambda(float) (instance 1)]>(at::TensorIteratorBase &, const T1 &)::[lambda(int) (instance 1)]>(int, T3)",0.0705023407079646,positional_encoding,False,0.03552133195954477,scene-0770,0.0029198238330037114,-0.006448499999999996
0.023424,0.029936,8,8,226,0.0006450877695159794,i2-i30-0770,0.26081790137684957,"void at::native::elementwise_kernel<(int)128, (int)2, void at::native::gpu_kernel_impl_nocast<at::native::sin_kernel_cuda(at::TensorIteratorBase &)::[lambda() (instance 2)]::operator ()() const::[lambda() (instance 2)]::operator ()() const::[lambda(float) (instance 1)]>(at::TensorIteratorBase &, const T1 &)::[lambda(int) (instance 1)]>(int, T3)",0.023902862831858405,positional_encoding,False,0.21434814985973008,scene-0770,0.0014686677918967286,-0.002367750000000002
0.0072640000000000005,0.007968000000000001,4,4,226,0.00022584700318372287,i2-i30-0770,0.6261063933032004,"void at::native::elementwise_kernel<(int)128, (int)4, void at::native::gpu_kernel_impl<at::native::<unnamed>::pow_tensor_tensor_kernel(at::TensorIteratorBase &)::[lambda() (instance 1)]::operator ()() const::[lambda() (instance 7)]::operator ()() const::[lambda(float, float) (instance 1)]>(at::TensorIteratorBase &, const T1 &)::[lambda(int) (instance 1)]>(int, T3)",0.007301446902654867,positional_encoding,False,0.5138478754742484,scene-0770,0.00021448862691172534,0.00032000000000000084
0.001728,0.001888,2,2,226,4.724655899921505e-05,i2-i30-0770,0.5530371184702896,"void at::native::unrolled_elementwise_kernel<at::native::CUDAFunctorOnSelf_add<float>, std::array<char *, (unsigned long)2>, (int)4, TrivialOffsetCalculator<(int)1, unsigned int>, TrivialOffsetCalculator<(int)1, unsigned int>, at::native::memory::LoadWithoutCast, at::native::memory::StoreWithoutCast>(int, T1, T2, T4, T5, T6, T7)",0.0017285929203539822,positional_encoding,False,0.42170841358907574,scene-0770,5.4674197886026486e-05,6.399999999999982e-05
0.000864,0.000952,1,1,226,2.3938819626505298e-05,i2-i30-0770,0.5502705066127311,"void at::native::vectorized_elementwise_kernel<(int)2, at::native::CUDAFunctorOnSelf_add<float>, std::array<char *, (unsigned long)2>>(int, T2, T3)",0.0008647212389380532,positional_encoding,False,0.40813279243853323,scene-0770,2.8623698181403425e-05,7.999999999999978e-06
0.011168999999999998,0.012119999999999999,12,12,226,0.00027553474072749645,i2-i30-0770,0.5978502160186515,"void at::native::vectorized_elementwise_kernel<(int)4, at::native::AUnaryFunctor<float, float, float, at::native::binary_internal::MulFunctor<float>>, std::array<char *, (unsigned long)2>>(int, T2, T3)",0.011226039823008847,positional_encoding,False,0.4675166508318063,scene-0770,0.0002876098685150168,0.0003682499999999988
0.0033919999999999996,0.003712,4,4,226,8.441558543595092e-05,i2-i30-0770,0.5806887935348334,"void at::native::vectorized_elementwise_kernel<(int)4, at::native::BUnaryFunctor<float, float, float, at::native::binary_internal::MulFunctor<float>>, std::array<char *, (unsigned long)2>>(int, T2, T3)",0.003403955752212389,positional_encoding,False,0.4483376050186346,scene-0770,9.1884439675729e-05,0.00011999999999999988
0.009184,0.00976825,9,9,226,0.00014824261128169828,i2-i30-0770,0.37898353620967956,"void at::native::vectorized_elementwise_kernel<(int)4, at::native::CUDAFunctorOnSelf_add<float>, std::array<char *, (unsigned long)2>>(int, T2, T3)",0.009205942477876107,positional_encoding,False,0.3197595299829775,scene-0770,0.00022624243254554534,0.00012000000000000205
0.0029760000000000003,0.00323275,4,4,226,7.271725467432936e-05,i2-i30-0770,0.5767462434004098,"void at::native::vectorized_elementwise_kernel<(int)4, at::native::FillFunctor<long>, std::array<char *, (unsigned long)1>>(int, T2, T3)",0.002995721238938053,positional_encoding,False,0.4299757074248308,scene-0770,8.25311804325964e-05,0.00014400000000000003
0.004448,0.004832,4,4,226,0.00011256383586075345,i2-i30-0770,0.586869256844258,"void at::native::vectorized_elementwise_kernel<(int)4, at::native::binary_internal::div_floor_kernel_cuda(at::TensorIteratorBase &)::[lambda() (instance 2)]::operator ()() const::[lambda() (instance 2)]::operator ()() const::[lambda(float) (instance 1)], std::array<char *, (unsigned long)2>>(int, T2, T3)",0.004475411504424778,positional_encoding,False,0.4711783507782008,scene-0770,0.00011658376019834204,0.00014474999999999905
0.530422,0.548878,3,3,226,0.0014819125075457055,i2-i30-0770,-0.09561855104649292,ampere_sgemm_128x64_tn,0.5321253362831858,unresolved,False,0.08422962314634937,scene-0770,0.008585828475093581,0.014824749999999942
0.1311535,0.14120125,2,2,226,0.00026762419007538165,i2-i30-0770,-0.1857252844718092,ampere_sgemm_32x128_tn,0.13260943805309733,unresolved,False,0.030185020467586525,scene-0770,0.0043267160377058874,0.008176749999999983
0.002048,0.00224,1,1,226,6.0065573757630594e-05,i2-i30-0770,0.5179942150626737,reduction_prod_kernel,0.002049730088495575,unresolved,False,0.3870185092191025,scene-0770,7.5738795876863e-05,8.799999999999997e-05
0.006496000000000001,0.006976000000000001,8,8,226,9.707416064360061e-05,i2-i30-0770,0.057360116343081004,"void <unnamed>::elementwise_kernel_with_index<int, at::native::linspace_cuda_out(const c10::Scalar &, const c10::Scalar &, long, at::Tensor &)::[lambda() (instance 2)]::operator ()() const::[lambda() (instance 2)]::operator ()() const::[lambda(long) (instance 1)]>(T1, T2, function_traits<T2>::result_type *)",0.006534884955752213,unresolved,False,0.18704737146797346,scene-0770,0.0002532657931621642,0.0006482500000000004
0.1220985,0.15944125000000003,5,5,226,-0.001241447933292046,i2-i30-0770,0.011853618188636313,"void at::native::<unnamed>::CatArrayBatchedCopy<at::native::<unnamed>::OpaqueType<(unsigned int)4>, unsigned int, (int)3, (int)64, (int)64>(T1 *, at::native::<unnamed>::CatArrInputTensorMetadata<T1, T2, T4, T5>, at::native::<unnamed>::TensorSizeStride<T2, (unsigned int)4>, int, T2)",0.12399860619469026,unresolved,False,-0.07836377758474014,scene-0770,0.007731035163475826,0.00010425000000001405
0.0812965,0.10696975,2,2,226,1.5927814139293276e-05,i2-i30-0770,0.08317040124497564,"void at::native::<unnamed>::CatArrayBatchedCopy_aligned16_contig<at::native::<unnamed>::OpaqueType<(unsigned int)4>, unsigned int, (int)3, (int)128, (int)1>(T1 *, at::native::<unnamed>::CatArrInputTensorMetadata<T1, T2, T4, T5>, at::native::<unnamed>::TensorSizeStride<T2, (unsigned int)4>, int, T2)",0.0824697610619469,unresolved,False,0.0014473604342130466,scene-0770,0.005370367241235972,7.150000000000212e-05
0.0075840000000000005,0.00812875,4,4,226,0.00011731208778549036,i2-i30-0770,0.05424758525231832,"void at::native::<unnamed>::CatArrayBatchedCopy_aligned16_contig<at::native::<unnamed>::OpaqueType<(unsigned int)4>, unsigned int, (int)4, (int)128, (int)1>(T1 *, at::native::<unnamed>::CatArrInputTensorMetadata<T1, T2, T4, T5>, at::native::<unnamed>::TensorSizeStride<T2, (unsigned int)4>, int, T2)",0.007615097345132743,unresolved,False,0.19626403390463637,scene-0770,0.0002916933613790306,0.0005434999999999988
0.003424,0.0038720000000000004,2,2,226,7.38583477275703e-05,i2-i30-0770,0.17823903857806425,"void at::native::<unnamed>::CatArrayBatchedCopy_aligned16_contig<at::native::<unnamed>::OpaqueType<(unsigned int)8>, unsigned int, (int)1, (int)128, (int)1>(T1 *, at::native::<unnamed>::CatArrInputTensorMetadata<T1, T2, T4, T5>, at::native::<unnamed>::TensorSizeStride<T2, (unsigned int)4>, int, T2)",0.003422199115044248,unresolved,False,0.14932098310259648,scene-0770,0.00024138109295181984,2.3999999999999716e-05
0.087105,0.090689,1,1,226,0.00012379972592412952,i2-i30-0770,-0.047535659838160174,"void at::native::<unnamed>::vectorized_layer_norm_kernel<float, float>(int, T2, const T1 *, const T1 *, const T1 *, T2 *, T2 *, T1 *)",0.0871459115044248,unresolved,False,0.052868040260248994,scene-0770,0.0011427493245315032,-0.0005519999999999969
0.0048319999999999995,0.0051207499999999994,2,2,226,3.0527991222571526e-05,i2-i30-0770,-0.022539027361930048,"void at::native::_scatter_gather_elementwise_kernel<(int)128, (int)4, void at::native::_cuda_scatter_gather_internal_kernel<(bool)0, at::native::OpaqueType<(int)4>>::operator ()<at::native::TensorAssign>(at::TensorIterator &, long, long, long, const T1 &)::[lambda(int) (instance 1)]>(int, T3)",0.004857256637168141,unresolved,False,0.07974750218275117,scene-0770,0.00018681237469959995,0.00040025000000000043
0.0281605,0.033536,2,2,226,0.0005121539715377532,i2-i30-0770,-0.06557228432674872,"void at::native::elementwise_kernel<(int)128, (int)2, void at::native::gpu_kernel_impl_nocast<at::native::<unnamed>::masked_fill_kernel(at::TensorIterator &, const c10::Scalar &)::[lambda() (instance 1)]::operator ()() const::[lambda() (instance 7)]::operator ()() const::[lambda(float, bool) (instance 1)]>(at::TensorIteratorBase &, const T1 &)::[lambda(int) (instance 1)]>(int, T3)",0.028633504424778765,unresolved,False,0.1189324530059846,scene-0770,0.0021014771421987823,0.004583499999999997
0.030688,0.0346,4,4,226,0.004405286689423251,i2-i30-0770,0.5149621440916073,"void at::native::elementwise_kernel<(int)128, (int)2, void at::native::gpu_kernel_impl_nocast<at::native::CUDAFunctor_add<float>>(at::TensorIteratorBase &, const T1 &)::[lambda(int) (instance 1)]>(int, T3)",0.031279141592920355,unresolved,False,0.4345279346817314,scene-0770,0.004947445030915829,0.03953774999999999
0.002976,0.003168,2,2,226,1.6474027806347555e-05,i2-i30-0770,-0.0218263052699583,"void at::native::elementwise_kernel<(int)128, (int)2, void at::native::gpu_kernel_impl_nocast<at::native::direct_copy_kernel_cuda(at::TensorIteratorBase &)::[lambda() (instance 3)]::operator ()() const::[lambda() (instance 4)]::operator ()() const::[lambda(long) (instance 1)]>(at::TensorIteratorBase &, const T1 &)::[lambda(int) (instance 1)]>(int, T3)",0.00299033185840708,unresolved,False,0.07022973450879877,scene-0770,0.00011447305418955315,0.00023199999999999957
0.009503999999999999,0.010176000000000001,4,4,226,0.00013075520879156656,i2-i30-0770,0.03231904966108438,"void at::native::elementwise_kernel<(int)128, (int)4, void at::native::gpu_kernel_impl<at::native::BinaryFunctor<float, float, float, at::native::binary_internal::DivFunctor<float>>>(at::TensorIteratorBase &, const T1 &)::[lambda(int) (instance 1)]>(int, T3)",0.0095625796460177,unresolved,False,0.1758188330769245,scene-0770,0.00036292602104817033,0.0007360000000000005
0.005056,0.00544075,4,4,226,6.81917828214197e-05,i2-i30-0770,0.04938038564447352,"void at::native::index_elementwise_kernel<(int)128, (int)4, void at::native::flip_kernel_impl<at::native::OpaqueType<(int)8>>(at::TensorIterator &)::[lambda(int) (instance 1)]>(long, T3)",0.005088907079646018,unresolved,False,0.1766133186071488,scene-0770,0.00018842264496529953,0.00034400000000000056
0.001056,0.00112,1,1,226,5.912183258394824e-06,i2-i30-0770,-0.01259430479715051,"void at::native::mbtopk::computeBlockwiseKthCounts<unsigned int>(T1 *, short *, unsigned int, unsigned int, unsigned int *)",0.0010516150442477876,unresolved,False,0.06839344495838524,scene-0770,4.218498604962303e-05,7.200000000000002e-05
0.005535999999999999,0.005888000000000001,4,4,226,4.723495705713971e-05,i2-i30-0770,0.013436044087181544,"void at::native::mbtopk::computeBlockwiseWithinKCounts<unsigned int>(T1 *, short *, unsigned int, int, bool, unsigned int *, unsigned int)",0.005556730088495576,unresolved,False,0.10845150282640319,scene-0770,0.00021254576327008499,0.0004647499999999999
0.0008,0.000832,1,1,226,4.423802899267143e-06,i2-i30-0770,-0.02511590195794601,"void at::native::mbtopk::fill<unsigned int, unsigned int>(T1 *, T1, T2)",0.0007871194690265488,unresolved,False,0.06653946444996835,scene-0770,3.244449135349625e-05,3.200000000000002e-05
0.003712,0.003936,1,1,226,2.4213303405779775e-05,i2-i30-0770,-0.012218376675751291,"void at::native::mbtopk::gatherTopK<float, unsigned int, (int)1>(at::cuda::detail::TensorInfo<const T1, T2>, T2, T2, bool, unsigned int, T2, at::cuda::detail::TensorInfo<T1, T2>, T2, at::cuda::detail::TensorInfo<long, T2>, T2, unsigned int, unsigned int, T1 *, unsigned int *, unsigned int *, unsigned int)",0.0037325663716814158,unresolved,False,0.08486261813855495,scene-0770,0.00013923939251037515,0.00027999999999999987
0.011552,0.012256,4,4,226,0.00010070181256683848,i2-i30-0770,-0.0018228576664901343,"void at::native::mbtopk::radixFindKthValues<float, unsigned int, unsigned int, (int)1>(at::cuda::detail::TensorInfo<const T1, T2>, unsigned int, unsigned int *, unsigned int, T2, int, int, unsigned int, T3, unsigned int *, T3 *, short *, T1 *)",0.011618261061946902,unresolved,False,0.10963813187277711,scene-0770,0.0004482292179752007,0.0009760000000000029
0.013664,0.01456,1,1,226,0.0001036122364058842,i2-i30-0770,-0.0022516598722065,"void at::native::radixSortKVInPlace<(int)-2, (int)-1, (int)32, (int)32, float, long, unsigned int>(at::cuda::detail::TensorInfo<T5, T7>, T7, T7, T7, at::cuda::detail::TensorInfo<T6, T7>, T7, bool)",0.013755663716814161,unresolved,False,0.09415909498462377,scene-0770,0.000536998749370167,0.001072
0.022976,0.024432000000000002,1,1,226,7.715396866217544e-05,i2-i30-0770,0.04714065767701346,"void at::native::reduce_kernel<(int)512, (int)1, at::native::ReduceOp<float, at::native::MaxOps<float>, unsigned int, float, (int)4>>(T3)",0.02291984955752212,unresolved,False,0.07127520773918022,scene-0770,0.000528255807924531,0.0006712500000000017
0.00272,0.003008,1,1,226,3.0278561398771926e-05,i2-i30-0770,-0.03855576922119677,"void at::native::reduce_kernel<(int)512, (int)1, at::native::ReduceOp<long, at::native::func_wrapper_t<long, at::native::sum_functor<long, long, long>::operator ()(at::TensorIterator &)::[lambda(long, long) (instance 1)]>, unsigned int, long, (int)4>>(T3)",0.0027554292035398232,unresolved,False,0.1224597814127245,scene-0770,0.00012066081633438709,0.00020800000000000029
0.0034879999999999998,0.003713,4,4,226,4.79753162282556e-05,i2-i30-0770,0.057828888959992907,"void at::native::unrolled_elementwise_kernel<at::native::BinaryFunctor<long, long, long, at::native::binary_internal::MulFunctor<long>>, std::array<char *, (unsigned long)3>, (int)4, TrivialOffsetCalculator<(int)2, unsigned int>, TrivialOffsetCalculator<(int)1, unsigned int>, at::native::memory::LoadWithoutCast, at::native::memory::StoreWithoutCast>(int, T1, T2, T4, T5, T6, T7)",0.0034952654867256637,unresolved,False,0.17210806690029287,scene-0770,0.00013603201195990772,0.0003200000000000004
0.0035525,0.00384,4,4,226,5.754224030930444e-05,i2-i30-0770,0.06639283747986958,"void at::native::unrolled_elementwise_kernel<at::native::CUDAFunctorOnSelf_add<long>, std::array<char *, (unsigned long)2>, (int)4, TrivialOffsetCalculator<(int)1, unsigned int>, TrivialOffsetCalculator<(int)1, unsigned int>, at::native::memory::LoadWithoutCast, at::native::memory::StoreWithoutCast>(int, T1, T2, T4, T5, T6, T7)",0.0035853097345132745,unresolved,False,0.20261760719531402,scene-0770,0.00013859069932949146,0.00035275000000000063
0.002112,0.002336,1,1,226,1.9722845334483062e-05,i2-i30-0770,-0.022043568453298395,"void at::native::unrolled_elementwise_kernel<at::native::direct_copy_kernel_cuda(at::TensorIteratorBase &)::[lambda() (instance 3)]::operator ()() const::[lambda() (instance 4)]::operator ()() const::[lambda(long) (instance 1)], std::array<char *, (unsigned long)2>, (int)4, TrivialOffsetCalculator<(int)1, unsigned int>, TrivialOffsetCalculator<(int)1, unsigned int>, at::native::memory::LoadWithCast<(int)1>, at::native::memory::StoreWithCast<(int)1>>(int, T1, T2, T4, T5, T6, T7)",0.0021334026548672563,unresolved,False,0.11164920998672233,scene-0770,8.620618313468467e-05,0.00010399999999999993
0.001856,0.00197625,2,2,226,3.013250697034718e-05,i2-i30-0770,0.06406087967621725,"void at::native::vectorized_elementwise_kernel<(int)2, at::native::CUDAFunctorOnSelf_add<long>, std::array<char *, (unsigned long)2>>(int, T2, T3)",0.0018499380530973449,unresolved,False,0.20036182291070623,scene-0770,7.339133598715513e-05,0.00016800000000000018
0.14477,0.174482,2,2,226,-0.0013634692882534705,i2-i30-0770,-0.09926051064166266,"void at::native::vectorized_elementwise_kernel<(int)4, at::native::<unnamed>::launch_clamp_scalar(at::TensorIteratorBase &, c10::Scalar, c10::Scalar, at::native::detail::ClampLimits)::[lambda() (instance 1)]::operator ()() const::[lambda() (instance 7)]::operator ()() const::[lambda(float) (instance 1)], std::array<char *, (unsigned long)2>>(int, T2, T3)",0.14596517256637168,unresolved,False,-0.11594903967933594,scene-0770,0.005738557083398614,-0.0006407499999999955
0.007616,0.008159999999999999,8,8,226,0.0001098775240643334,i2-i30-0770,0.033908533488645566,"void at::native::vectorized_elementwise_kernel<(int)4, at::native::AUnaryFunctor<float, float, float, at::native::binary_internal::MulFunctor<float>>, std::array<char *, (unsigned long)2>>(int, T2, T3)",0.007656424778761061,unresolved,False,0.1807249856526034,scene-0770,0.00029669837505064665,0.0006319999999999989
0.001248,0.0014320000000000001,1,1,226,1.5928974345485815e-05,i2-i30-0770,0.05872253830202306,"void at::native::vectorized_elementwise_kernel<(int)4, at::native::AUnaryFunctor<long, long, bool, at::native::<unnamed>::CompareEqFunctor<long>>, std::array<char *, (unsigned long)2>>(int, T2, T3)",0.00126570796460177,unresolved,False,0.1419696877358567,scene-0770,5.4754105421045135e-05,8.799999999999997e-05
0.0016,0.001696,1,1,226,1.253054043361328e-05,i2-i30-0770,-0.04177454439129648,"void at::native::vectorized_elementwise_kernel<(int)4, at::native::BinaryFunctor<bool, bool, bool, at::native::BitwiseAndFunctor<bool>>, std::array<char *, (unsigned long)3>>(int, T2, T3)",0.0015927920353982297,unresolved,False,0.10411341612959128,scene-0770,5.8733733416069306e-05,0.00011949999999999981
0.001408,0.001536,1,1,226,1.6036996724944178e-05,i2-i30-0770,-0.017016450323429792,"void at::native::vectorized_elementwise_kernel<(int)4, at::native::BinaryFunctor<float, float, float, at::native::binary_internal::DivFunctor<float>>, std::array<char *, (unsigned long)3>>(int, T2, T3)",0.0014296858407079646,unresolved,False,0.13274831840196244,scene-0770,5.895471093226875e-05,0.0001119999999999999
0.001152,0.001248,1,1,226,1.254006270984751e-05,i2-i30-0770,0.032989345482685964,"void at::native::vectorized_elementwise_kernel<(int)4, at::native::CUDAFunctorOnOther_add<float>, std::array<char *, (unsigned long)2>>(int, T2, T3)",0.0011629115044247788,unresolved,False,0.13000421822187389,scene-0770,4.707244605268274e-05,0.0001200000000000001
0.003872,0.00416,4,4,226,6.166702665317899e-05,i2-i30-0770,0.06009741475767193,"void at::native::vectorized_elementwise_kernel<(int)4, at::native::CUDAFunctorOnSelf_add<float>, std::array<char *, (unsigned long)2>>(int, T2, T3)",0.003890451327433628,unresolved,False,0.20257544180174733,scene-0770,0.0001485561775776019,0.0003119999999999998
0.002752,0.0029440000000000004,3,3,226,3.848535727010762e-05,i2-i30-0770,0.03781859658557836,"void at::native::vectorized_elementwise_kernel<(int)4, at::native::CUDAFunctorOnSelf_add<long>, std::array<char *, (unsigned long)2>>(int, T2, T3)",0.002758676991150443,unresolved,False,0.17326223770168112,scene-0770,0.00010839671117112715,0.00017600000000000037
0.001984,0.002368,1,1,226,3.988003800658169e-05,i2-i30-0770,0.2059794978111028,"void at::native::vectorized_elementwise_kernel<(int)4, at::native::CUDAFunctor_add<float>, std::array<char *, (unsigned long)3>>(int, T2, T3)",0.001993353982300885,unresolved,False,0.1290022124208991,scene-0770,0.00015086305812607052,0.00016799999999999975
0.00288,0.003104,3,3,226,3.722688154767275e-05,i2-i30-0770,0.011240125452957777,"void at::native::vectorized_elementwise_kernel<(int)4, at::native::CUDAFunctor_add<long>, std::array<char *, (unsigned long)3>>(int, T2, T3)",0.002902252212389381,unresolved,False,0.16288344484000578,scene-0770,0.00011153321311541547,0.0002239999999999998
0.004032,0.004256,5,5,226,6.0546451872120464e-05,i2-i30-0770,0.11031416371201773,"void at::native::vectorized_elementwise_kernel<(int)4, at::native::FillFunctor<float>, std::array<char *, (unsigned long)1>>(int, T2, T3)",0.004038707964601771,unresolved,False,0.21986079689492843,scene-0770,0.00013438951980682958,0.00027274999999999956
0.000768,0.000832,1,1,226,2.0307980706897612e-05,i2-i30-0770,0.49018544717490425,"void at::native::vectorized_elementwise_kernel<(int)4, at::native::FillFunctor<long>, std::array<char *, (unsigned long)1>>(int, T2, T3)",0.0007578274336283186,unresolved,False,0.3646951227226389,scene-0770,2.7174482915638346e-05,7.999999999999978e-06
0.0026565,0.0028487499999999997,2,2,226,3.076088523969574e-05,i2-i30-0770,0.006364413777620263,"void at::native::vectorized_elementwise_kernel<(int)4, at::native::bitwise_not_kernel_cuda(at::TensorIteratorBase &)::[lambda(bool) (instance 1)], std::array<char *, (unsigned long)2>>(int, T2, T3)",0.0026852212389380527,unresolved,False,0.1446445299965786,scene-0770,0.00010378182821424752,0.00015999999999999999
0.00128,0.001376,1,1,226,1.604422473296247e-05,i2-i30-0770,0.0008992535529443366,"void at::native::vectorized_elementwise_kernel<(int)4, at::native::log_kernel_cuda(at::TensorIteratorBase &)::[lambda() (instance 2)]::operator ()() const::[lambda() (instance 2)]::operator ()() const::[lambda(float) (instance 1)], std::array<char *, (unsigned long)2>>(int, T2, T3)",0.0012708230088495573,unresolved,False,0.15086147731090954,scene-0770,5.189970417643718e-05,7.200000000000002e-05
0.0021125000000000002,0.0022719999999999997,2,2,226,1.533547472770688e-05,i2-i30-0770,-0.006447227429119624,"void at::native::vectorized_elementwise_kernel<(int)4, at::native::sigmoid_kernel_cuda(at::TensorIteratorBase &)::[lambda() (instance 2)]::operator ()() const::[lambda() (instance 2)]::operator ()() const::[lambda(float) (instance 1)], std::array<char *, (unsigned long)2>>(int, T2, T3)",0.002126738938053097,unresolved,False,0.08947162916776497,scene-0770,8.364430584180376e-05,0.00016799999999999975
0.002816,0.0030080000000000003,2,2,226,4.3812153995937394e-05,i2-i30-0770,0.0677300346443812,"void at::native::vectorized_elementwise_kernel<(int)4, void at::native::compare_scalar_kernel<float>(at::TensorIteratorBase &, at::native::<unnamed>::OpType, T1)::[lambda(float) (instance 1)], std::array<char *, (unsigned long)2>>(int, T2, T3)",0.002828486725663717,unresolved,False,0.1943269448990983,scene-0770,0.000110023659164765,0.00036800000000000027
0.001536,0.001632,2,2,226,1.1157563351890597e-05,i2-i30-0770,0.0024374861112620044,"void at_cuda_detail::cub::DeviceScanByKeyInitKernel<at_cuda_detail::cub::ReduceByKeyScanTileState<unsigned int, int, (bool)1>, at_cuda_detail::cub::TransformInputIterator<unsigned int, at::native::mbtopk::BlockIdxToKey, at_cuda_detail::cub::CountingInputIterator<unsigned int, unsigned int>, long>>(T1, T2, std::iterator_traits<T2>::value_type *, unsigned int, int)",0.0015466283185840708,unresolved,False,0.08856207136431099,scene-0770,6.148173261909107e-05,0.00013600000000000005
0.004224,0.004449,2,2,226,3.2785320599339765e-05,i2-i30-0770,-0.0020732939862015917,"void at_cuda_detail::cub::DeviceScanByKeyKernel<at_cuda_detail::cub::DeviceScanByKeyPolicy<at_cuda_detail::cub::TransformInputIterator<unsigned int, at::native::mbtopk::BlockIdxToKey, at_cuda_detail::cub::CountingInputIterator<unsigned int, unsigned int>, long>, unsigned int, unsigned int, cuda::std::__4::plus<void>>::Policy900, at_cuda_detail::cub::TransformInputIterator<unsigned int, at::native::mbtopk::BlockIdxToKey, at_cuda_detail::cub::CountingInputIterator<unsigned int, unsigned int>, long>, unsigned int *, unsigned int *, at_cuda_detail::cub::ReduceByKeyScanTileState<unsigned int, int, (bool)1>, cuda::std::__4::equal_to<void>, cuda::std::__4::plus<void>, at_cuda_detail::cub::NullType, int, unsigned int, unsigned int>(T2, T11 *, T3, T4, T5, int, T6, T7, T8, T9)",0.004227318584070797,unresolved,False,0.09793715148714037,scene-0770,0.00016336404135737658,0.0003119999999999998
0.000768,0.000832,1,1,226,2.0575414578656925e-05,i2-i30-0770,0.49240962751358114,"void at_cuda_detail::cub::DeviceScanInitKernel<at_cuda_detail::cub::ScanTileState<long, (bool)1>>(T1, int)",0.0007623407079646018,unresolved,False,0.3946453460205574,scene-0770,2.544287071647471e-05,2.3999999999999933e-05
0.001248,0.001376,1,1,226,3.461597288791295e-05,i2-i30-0770,0.5115615242182746,"void at_cuda_detail::cub::DeviceScanKernel<at_cuda_detail::cub::DeviceScanPolicy<long, std::plus<long>>::Policy900, const long *, long *, at_cuda_detail::cub::ScanTileState<long, (bool)1>, std::plus<long>, at_cuda_detail::cub::NullType, int, long>(T2, T3, T4, int, T5, T6, T7)",0.0012508362831858406,unresolved,False,0.40074855105285123,scene-0770,4.215305773548081e-05,3.999999999999989e-05
0.833001,0.9119716,3,3,223,0.007761570948349156,i2-i30-0398,0.10120882493776626,_5x_cudnn_ampere_scudnn_128x128_relu_small_nn_v1,0.8364810941704035,backbone,False,0.15713945135286767,scene-0398,0.017065189906698083,-0.0033668199999999926
0.8345049999999999,0.8705439,5,5,223,0.016151849421315645,i2-i30-0398,0.2933148358379541,_5x_cudnn_ampere_scudnn_128x32_relu_small_nn_v1,0.8323363766816144,backbone,False,0.25000199816621593,scene-0398,0.02232160937171226,-0.0007712000000000829
0.345924,0.35393936,1,1,223,0.0025736764546011467,i2-i30-0398,0.1950341890335309,_5x_cudnn_ampere_scudnn_128x64_relu_medium_nn_v1,0.3462070896860987,backbone,False,0.233551249280347,scene-0398,0.003807312117683961,-0.00230783999999995
0.550469,0.57057908,4,4,223,0.007146852524556385,i2-i30-0398,0.2513266497756699,ampere_sgemm_128x64_nn,0.5510527847533633,backbone,False,0.2827256269799875,scene-0398,0.00873366181290466,-0.0016308600000000117
0.477445,0.50824642,3,3,223,0.01610218013578779,i2-i30-0398,0.4387079231260928,sm86_xmma_fprop_implicit_gemm_indexed_tf32f32_tf32f32_f32_nhwckrsc_nchw_tilesize128x64x32_stage4_warpsize2x2x1_g1_tensor16x8x8_alignc4_execute_kernel__5x_cudnn,0.4778446412556054,backbone,False,0.3994796830982983,scene-0398,0.013926330911963448,0.025815460000000012
0.227395,0.24357995999999998,1,1,223,0.0058215069236155605,i2-i30-0398,0.2622028270342378,sm86_xmma_fprop_implicit_gemm_tf32f32_tf32f32_f32_nhwckrsc_nchw_tilesize128x128x16_stage3_warpsize2x2x1_g1_tensor16x8x8_alignc4_execute_kernel__5x_cudnn,0.22731668609865474,backbone,False,0.3156270302760364,scene-0398,0.0063724722891789695,-0.002695039999999982
0.550087,0.5894332000000001,3,3,223,0.01992459859208909,i2-i30-0398,0.3792933528232773,sm86_xmma_fprop_implicit_gemm_tf32f32_tf32f32_f32_nhwckrsc_nchw_tilesize128x128x32_stage3_warpsize2x2x1_g1_tensor16x8x8_alignc4_execute_kernel__5x_cudnn,0.5516285829596412,backbone,False,0.3439949354841256,scene-0398,0.020011712661394593,-0.006731239999999916
0.17821,0.1901972,1,1,223,0.004255059337887391,i2-i30-0398,0.31163487416754915,sm86_xmma_fprop_implicit_gemm_tf32f32_tf32f32_f32_nhwckrsc_nhwc_tilesize128x128x16_stage3_warpsize2x2x1_g1_tensor16x8x8_execute_kernel__5x_cudnn,0.17866189686098657,backbone,False,0.32723413650344857,scene-0398,0.004492558541072974,-0.0006982399999999889
0.268227,0.2727326,1,1,223,0.0019277326525281146,i2-i30-0398,0.08982552420114617,"void at::native::<unnamed>::max_pool_forward_nchw<float>(int, const T1 *, long, long, long, int, int, int, int, int, int, int, int, int, int, T1 *, long *)",0.26880050224215246,backbone,False,0.12103584560746283,scene-0398,0.0055027466911403405,8.092000000003985e-05
1.5783189999999998,1.6617477799999998,49,49,223,0.057231052726258974,i2-i30-0398,0.32365601969433183,"void at::native::vectorized_elementwise_kernel<(int)4, at::native::<unnamed>::launch_clamp_scalar(at::TensorIteratorBase &, c10::Scalar, c10::Scalar, at::native::detail::ClampLimits)::[lambda() (instance 1)]::operator ()() const::[lambda() (instance 7)]::operator ()() const::[lambda(float) (instance 1)], std::array<char *, (unsigned long)2>>(int, T2, T3)",1.5883677623318382,backbone,False,0.33317496874019886,scene-0398,0.059348000990600135,0.5101667399999996
2.2541680000000004,2.3591205399999997,16,16,223,0.03177427303817911,i2-i30-0398,0.27887580777763826,"void at::native::vectorized_elementwise_kernel<(int)4, at::native::CUDAFunctor_add<float>, std::array<char *, (unsigned long)3>>(int, T2, T3)",2.2702448520179375,backbone,False,0.2920596929638804,scene-0398,0.037588130432472916,0.17822264000000043
0.01456,0.015448959999999998,9,9,223,0.00045936357157638145,i2-i30-0398,0.4286521012379784,"void cask__5x_cudnn::computeOffsetsKernel<(bool)0, (bool)0>(cask__5x_cudnn::ComputeOffsetsParams)",0.014506650224215245,backbone,False,0.3470824149397637,scene-0398,0.0004572678499801954,0.0003526400000000013
3.018148000000001,3.1192543600000002,53,53,223,0.022335125968269195,i2-i30-0398,0.2729052783689944,"void cudnn::bn_fw_inf_1C11_kernel_NCHW<float, float, (bool)1, (int)1>(T2, T2, cudnnTensorStruct, const T1 *, cudnnTensorStruct, T1 *, cudnnTensorStruct, const T2 *, const T2 *, const T2 *, const T2 *, T2)",3.0249703183856504,backbone,False,0.24033382282295396,scene-0398,0.03210851632180181,-0.026907420000001014
0.4255060000000001,0.45821895999999984,32,32,223,0.001262898571307213,i2-i30-0398,0.08054236865610957,"void cudnn::engines_precompiled::nchwToNhwcKernel<float, float, float, (bool)0, (bool)1, (cudnnKernelDataType_t)2>(cudnn::engines_precompiled::nchw2nhwc_params_t<T3>, const T1 *, T2 *)",0.42731091031390134,backbone,False,0.05273569138232564,scene-0398,0.008273905459484926,1.3060000000064687e-05
0.044671999999999996,0.04815835999999999,9,9,223,0.0011706166603494485,i2-i30-0398,0.35078506742987153,"void cudnn::engines_precompiled::nhwcToNchwKernel<float, float, float, (bool)1, (bool)0, (cudnnKernelDataType_t)0>(cudnn::engines_precompiled::nhwc2nchw_params_t<T3>, const T1 *, T2 *)",0.04468863677130045,backbone,False,0.35450900184271644,scene-0398,0.0011408647447540652,-0.0003316599999999975
0.15389,0.16620658,2,2,223,0.0032614817925675083,i2-i30-0398,0.321311426013802,void cutlass::Kernel2<cutlass_80_tensorop_s1688gemm_128x128_16x4_nn_align4>(T1::Params),0.15408921973094172,backbone,False,0.3059684480056797,scene-0398,0.003682858568926293,-0.0016364800000000235
0.47987799999999997,0.51244376,6,6,223,0.009773132222914822,i2-i30-0398,0.31784529890826907,void cutlass::Kernel2<cutlass_80_tensorop_s1688gemm_128x128_16x5_nn_align4>(T1::Params),0.48106435874439457,backbone,False,0.33751329627097854,scene-0398,0.010004366986225036,-0.0038035200000000047
0.148578,0.15901064,1,1,223,0.0033991949604690063,i2-i30-0398,0.270725778646596,void cutlass::Kernel2<cutlass_80_tensorop_s1688gemm_128x128_32x3_nn_align1>(T1::Params),0.1489307040358744,backbone,False,0.32364698834188876,scene-0398,0.003628701385068996,-0.00081429999999999
0.214691,0.26466476,1,1,223,0.0015107922112869113,i2-i30-0398,0.09545641060780916,void cutlass::Kernel2<cutlass_80_tensorop_s1688gemm_128x64_16x6_nn_align4>(T1::Params),0.21619878923766817,backbone,False,0.0666777576941515,scene-0398,0.007828354373826979,0.007085079999999994
0.32048299999999996,0.35369153999999997,2,2,223,0.001022445760096385,i2-i30-0398,0.044080122059863044,void cutlass::Kernel2<cutlass_80_tensorop_s1688gemm_256x64_16x4_nn_align4>(T1::Params),0.3228569372197309,backbone,False,0.04190615571714078,scene-0398,0.008429642997382704,0.0246282000000001
0.138946,0.1496441,1,1,223,0.002993513775232906,i2-i30-0398,0.3556051061448292,void cutlass::Kernel2<cutlass_80_tensorop_s1688gemm_64x128_32x3_nn_align4>(T1::Params),0.1394376591928251,backbone,False,0.3350150366296019,scene-0398,0.0030871923347360716,-0.00111232
0.26697899999999997,0.28382188,3,3,223,0.00494765709457636,i2-i30-0398,0.31644274005456663,void cutlass::Kernel2<cutlass_80_tensorop_s1688gemm_64x128_32x4_nn_align1>(T1::Params),0.2680238520179372,backbone,False,0.3214122779831362,scene-0398,0.005318435002841212,-0.0019244799999999507
0.648552,0.68519712,8,8,223,0.010833437524308119,i2-i30-0398,0.3144798585754614,void cutlass::Kernel2<cutlass_80_tensorop_s1688gemm_64x64_16x6_nn_align4>(T1::Params),0.6500383318385651,backbone,False,0.31456996714879637,scene-0398,0.011898596920231904,-0.011205620000000027
0.8694820000000001,0.9326186399999999,5,5,223,0.02190863657963114,i2-i30-0398,0.2981622202374426,void cutlass__5x_cudnn::Kernel<cutlass_tensorop_s1688fprop_optimized_tf32_128x64_32x3_nhwc_align4>(T1::Params),0.8673237802690583,backbone,False,0.3250542236916918,scene-0398,0.023286609700755193,-0.01027327999999994
0.5214139999999999,0.5628810200000001,3,3,223,0.011239951635467807,i2-i30-0398,0.3390064613137981,void cutlass__5x_cudnn::Kernel<cutlass_tensorop_s1688fprop_optimized_tf32_64x64_32x5_nhwc_align4>(T1::Params),0.5211080313901346,backbone,False,0.31959339239034285,scene-0398,0.012151037948759706,-0.0046399999999999775
0.19888400000000003,0.20443032000000003,12,12,223,0.004347022213871006,i2-i30-0398,0.20002779012823194,ampere_sgemm_32x128_tn,0.19669167264573995,bbox_head,False,0.24553731870465506,scene-0398,0.006116754876582307,0.007424219999999954
0.079424,0.08151531999999999,12,12,223,0.0016561461207817833,i2-i30-0398,0.22114782769387706,ampere_sgemm_32x32_sliced1x4_tn,0.07877716143497758,bbox_head,False,0.257814972612963,scene-0398,0.0022194084880253592,0.0034381399999999923
0.001696,0.001824,1,1,223,3.043805176335873e-05,i2-i30-0398,0.14230928375547788,"void at::native::<unnamed>::CatArrayBatchedCopy_aligned16_contig<at::native::<unnamed>::OpaqueType<(unsigned int)4>, unsigned int, (int)2, (int)128, (int)1>(T1 *, at::native::<unnamed>::CatArrInputTensorMetadata<T1, T2, T4, T5>, at::native::<unnamed>::TensorSizeStride<T2, (unsigned int)4>, int, T2)",0.0016941479820627805,bbox_head,False,0.1811176485629485,scene-0398,5.806344591507905e-05,-3.199999999999991e-05
0.005664000000000001,0.0063999999999999994,2,2,223,3.0235020532746667e-05,i2-i30-0398,0.04175815062299757,"void at::native::<unnamed>::CatArrayBatchedCopy_aligned16_contig<at::native::<unnamed>::OpaqueType<(unsigned int)4>, unsigned int, (int)3, (int)128, (int)1>(T1 *, at::native::<unnamed>::CatArrInputTensorMetadata<T1, T2, T4, T5>, at::native::<unnamed>::TensorSizeStride<T2, (unsigned int)4>, int, T2)",0.005682282511210762,bbox_head,False,0.0499853477535525,scene-0398,0.0002089845961859897,0.00015935999999999988
0.00304,0.003168,2,2,223,7.031076590287503e-05,i2-i30-0398,0.21391609953348475,"void at::native::elementwise_kernel<(int)128, (int)2, void at::native::gpu_kernel_impl_nocast<at::native::<unnamed>::launch_clamp_scalar(at::TensorIteratorBase &, c10::Scalar, c10::Scalar, at::native::detail::ClampLimits)::[lambda() (instance 1)]::operator ()() const::[lambda() (instance 7)]::operator ()() const::[lambda(float) (instance 1)]>(at::TensorIteratorBase &, const T1 &)::[lambda(int) (instance 1)]>(int, T3)",0.003019941704035874,bbox_head,False,0.2593006337173445,scene-0398,9.368390326851999e-05,4.686000000000013e-05
0.007904,0.00805718,6,6,223,0.00018448408113254567,i2-i30-0398,0.23113062074252166,"void at::native::elementwise_kernel<(int)128, (int)2, void at::native::gpu_kernel_impl_nocast<at::native::AUnaryFunctor<float, float, float, at::native::binary_internal::MulFunctor<float>>>(at::TensorIteratorBase &, const T1 &)::[lambda(int) (instance 1)]>(int, T3)",0.007805367713004485,bbox_head,False,0.26817599957562915,scene-0398,0.00023767621121827592,0.0001632000000000005
0.001632,0.00178496,1,1,223,3.588048551672476e-05,i2-i30-0398,0.12235097766431213,"void at::native::elementwise_kernel<(int)128, (int)2, void at::native::gpu_kernel_impl_nocast<at::native::BinaryFunctor<float, float, float, at::native::binary_internal::DivFunctor<float>>>(at::TensorIteratorBase &, const T1 &)::[lambda(int) (instance 1)]>(int, T3)",0.0016136412556053816,bbox_head,False,0.15063751661078714,scene-0398,8.229470449343094e-05,9.599999999999995e-05
0.005312,0.005465179999999999,4,4,223,0.0001230229181370877,i2-i30-0398,0.21409708723653267,"void at::native::elementwise_kernel<(int)128, (int)2, void at::native::gpu_kernel_impl_nocast<at::native::CUDAFunctor_add<float>>(at::TensorIteratorBase &, const T1 &)::[lambda(int) (instance 1)]>(int, T3)",0.0052652511210762335,bbox_head,False,0.2611269141077547,scene-0398,0.00016277253017466005,0.0001740799999999992
0.006432,0.00658496,5,5,223,0.00015436334637414567,i2-i30-0398,0.2250767644027805,"void at::native::elementwise_kernel<(int)128, (int)2, void at::native::gpu_kernel_impl_nocast<at::native::direct_copy_kernel_cuda(at::TensorIteratorBase &)::[lambda() (instance 3)]::operator ()() const::[lambda() (instance 7)]::operator ()() const::[lambda(float) (instance 1)]>(at::TensorIteratorBase &, const T1 &)::[lambda(int) (instance 1)]>(int, T3)",0.006359443946188341,bbox_head,False,0.2629266746536914,scene-0398,0.0002028412426700382,0.00013120000000000145
0.003552,0.00368,1,1,223,9.152647678817e-05,i2-i30-0398,0.2344831674973967,"void at::native::index_elementwise_kernel<(int)128, (int)4, void at::native::gpu_index_kernel<void at::native::index_kernel_impl<at::native::OpaqueType<(int)4>>(at::TensorIteratorBase &, c10::ArrayRef<long>, c10::ArrayRef<long>)::[lambda(char *, const char *, long) (instance 1)]>(at::TensorIteratorBase &, c10::ArrayRef<long>, c10::ArrayRef<long>, const T1 &)::[lambda(int) (instance 1)]>(long, T3)",0.0035302376681614345,bbox_head,False,0.27141262847355185,scene-0398,0.00011651005852740906,0.00010303999999999999
0.00112,0.001152,1,1,223,2.7336199033446517e-05,i2-i30-0398,0.2211027056861231,"void at::native::mbtopk::computeBlockwiseKthCounts<unsigned int>(T1 *, short *, unsigned int, unsigned int, unsigned int *)",0.0010961928251121077,bbox_head,False,0.2585868419556506,scene-0398,3.6524008230484956e-05,3.903999999999995e-05
0.005984000000000001,0.006112,4,4,223,0.00013983046809837307,i2-i30-0398,0.24440443698592748,"void at::native::mbtopk::computeBlockwiseWithinKCounts<unsigned int>(T1 *, short *, unsigned int, int, bool, unsigned int *, unsigned int)",0.005915044843049328,bbox_head,False,0.2662131859417263,scene-0398,0.00018147590670818646,0.00022016000000000136
0.0008,0.000832,1,1,223,1.6942857989272147e-05,i2-i30-0398,0.16859444778739144,"void at::native::mbtopk::fill<unsigned int, unsigned int>(T1 *, T1, T2)",0.0007959910313901346,bbox_head,False,0.2156653067879751,scene-0398,2.714270393610665e-05,3.200000000000002e-05
0.003841,0.004,1,1,223,8.564373644245818e-05,i2-i30-0398,0.1608500837980415,"void at::native::mbtopk::gatherTopK<float, unsigned int, (int)1>(at::cuda::detail::TensorInfo<const T1, T2>, T2, T2, bool, unsigned int, T2, at::cuda::detail::TensorInfo<T1, T2>, T2, at::cuda::detail::TensorInfo<long, T2>, T2, unsigned int, unsigned int, T1 *, unsigned int *, unsigned int *, unsigned int)",0.0038143632286995522,bbox_head,False,0.21479050584604914,scene-0398,0.0001377613061855621,0.00014208000000000016
0.016193,0.016513,4,4,223,0.0003981615590635059,i2-i30-0398,0.2216147593600882,"void at::native::mbtopk::radixFindKthValues<float, unsigned int, unsigned int, (int)1>(at::cuda::detail::TensorInfo<const T1, T2>, unsigned int, unsigned int *, unsigned int, T2, int, int, unsigned int, T3, unsigned int *, T3 *, short *, T1 *)",0.016014399103139013,bbox_head,False,0.2747138534231561,scene-0398,0.0005007552299856085,0.0005785599999999988
0.013504,0.01381718,1,1,223,0.0003164941293346404,i2-i30-0398,0.20967047642572126,"void at::native::radixSortKVInPlace<(int)-2, (int)-1, (int)32, (int)32, float, long, unsigned int>(at::cuda::detail::TensorInfo<T5, T7>, T7, T7, T7, at::cuda::detail::TensorInfo<T6, T7>, T7, bool)",0.013333659192825111,bbox_head,False,0.25269593611307556,scene-0398,0.0004327271331253059,0.00038335999999999926
0.03776,0.038424959999999994,30,30,223,0.0008556533945336773,i2-i30-0398,0.21508060880042015,"void at::native::vectorized_elementwise_kernel<(int)4, at::native::<unnamed>::launch_clamp_scalar(at::TensorIteratorBase &, c10::Scalar, c10::Scalar, at::native::detail::ClampLimits)::[lambda() (instance 1)]::operator ()() const::[lambda() (instance 7)]::operator ()() const::[lambda(float) (instance 1)], std::array<char *, (unsigned long)2>>(int, T2, T3)",0.03731690582959642,bbox_head,False,0.2620624077922627,scene-0398,0.0011280799414760622,0.0010358000000000034
0.001408,0.001472,1,1,223,3.1317426844807924e-05,i2-i30-0398,0.17609824103670005,"void at::native::vectorized_elementwise_kernel<(int)4, at::native::BUnaryFunctor<long, long, long, at::native::binary_internal::div_floor_kernel_cuda(at::TensorIteratorBase &)::[lambda() (instance 1)]::operator ()() const::[lambda() (instance 4)]::operator ()() const::[lambda(long, long) (instance 1)]>, std::array<char *, (unsigned long)2>>(int, T2, T3)",0.0013975426008968606,bbox_head,False,0.2306500723428701,scene-0398,4.691148736766928e-05,7.040000000000041e-06
0.001344,0.001408,1,1,223,2.9859441650981377e-05,i2-i30-0398,0.19126198090652938,"void at::native::vectorized_elementwise_kernel<(int)4, at::native::BUnaryFunctor<long, long, long, at::native::remainder_kernel_cuda(at::TensorIteratorBase &)::[lambda() (instance 1)]::operator ()() const::[lambda() (instance 4)]::operator ()() const::[lambda(long, long) (instance 1)]>, std::array<char *, (unsigned long)2>>(int, T2, T3)",0.0013292286995515699,bbox_head,False,0.22971113957836342,scene-0398,4.491034099074783e-05,3.903999999999995e-05
0.006464000000000001,0.00659278,6,6,223,0.00015554155223405195,i2-i30-0398,0.23430022974135908,"void at::native::vectorized_elementwise_kernel<(int)4, at::native::BinaryFunctor<float, float, float, at::native::binary_internal::DivFunctor<float>>, std::array<char *, (unsigned long)3>>(int, T2, T3)",0.006386313901345291,bbox_head,False,0.2691681846445211,scene-0398,0.00019965005288857763,0.00018012000000000063
0.00576,0.00591318,6,6,223,0.00013937813943847014,i2-i30-0398,0.23452303366001295,"void at::native::vectorized_elementwise_kernel<(int)4, at::native::CUDAFunctorOnOther_add<float>, std::array<char *, (unsigned long)2>>(int, T2, T3)",0.005695618834080718,bbox_head,False,0.27032965571331896,scene-0398,0.00017813436004386426,0.0002131199999999998
0.005952,0.0060799999999999995,6,6,223,0.0001397414557878064,i2-i30-0398,0.221885230800443,"void at::native::vectorized_elementwise_kernel<(int)4, at::native::CUDAFunctor_add<float>, std::array<char *, (unsigned long)3>>(int, T2, T3)",0.005877300448430492,bbox_head,False,0.26469014909028704,scene-0398,0.0001824039383518246,0.0001740799999999992
0.006208,0.006368,6,6,223,0.0001514245888115286,i2-i30-0398,0.20166387754042597,"void at::native::vectorized_elementwise_kernel<(int)4, at::native::log_kernel_cuda(at::TensorIteratorBase &)::[lambda() (instance 2)]::operator ()() const::[lambda() (instance 2)]::operator ()() const::[lambda(float) (instance 1)], std::array<char *, (unsigned long)2>>(int, T2, T3)",0.006154816143497759,bbox_head,False,0.270093199208033,scene-0398,0.00019369993739894731,0.00014208000000000016
0.007840000000000001,0.00800078,7,7,223,0.00019206662207942488,i2-i30-0398,0.23490936809813154,"void at::native::vectorized_elementwise_kernel<(int)4, at::native::sigmoid_kernel_cuda(at::TensorIteratorBase &)::[lambda() (instance 2)]::operator ()() const::[lambda() (instance 2)]::operator ()() const::[lambda(float) (instance 1)], std::array<char *, (unsigned long)2>>(int, T2, T3)",0.0077523946188340805,bbox_head,False,0.27100836799457795,scene-0398,0.0002448589167643791,0.0002201600000000005
0.0016,0.001632,2,2,223,4.440988194828774e-05,i2-i30-0398,0.2314388028439724,"void at_cuda_detail::cub::DeviceScanByKeyInitKernel<at_cuda_detail::cub::ReduceByKeyScanTileState<unsigned int, int, (bool)1>, at_cuda_detail::cub::TransformInputIterator<unsigned int, at::native::mbtopk::BlockIdxToKey, at_cuda_detail::cub::CountingInputIterator<unsigned int, unsigned int>, long>>(T1, T2, std::iterator_traits<T2>::value_type *, unsigned int, int)",0.0015761928251121077,bbox_head,False,0.2917370310354009,scene-0398,5.259382854041833e-05,6.400000000000004e-05
0.004224,0.00432,2,2,223,0.00010120675763067615,i2-i30-0398,0.20029075044072256,"void at_cuda_detail::cub::DeviceScanByKeyKernel<at_cuda_detail::cub::DeviceScanByKeyPolicy<at_cuda_detail::cub::TransformInputIterator<unsigned int, at::native::mbtopk::BlockIdxToKey, at_cuda_detail::cub::CountingInputIterator<unsigned int, unsigned int>, long>, unsigned int, unsigned int, cuda::std::__4::plus<void>>::Policy900, at_cuda_detail::cub::TransformInputIterator<unsigned int, at::native::mbtopk::BlockIdxToKey, at_cuda_detail::cub::CountingInputIterator<unsigned int, unsigned int>, long>, unsigned int *, unsigned int *, at_cuda_detail::cub::ReduceByKeyScanTileState<unsigned int, int, (bool)1>, cuda::std::__4::equal_to<void>, cuda::std::__4::plus<void>, at_cuda_detail::cub::NullType, int, unsigned int, unsigned int>(T2, T11 *, T3, T4, T5, int, T6, T7, T8, T9)",0.004171834080717488,bbox_head,False,0.2617050465241882,scene-0398,0.0001336115925830743,0.00016781999999999995
0.009824,0.01001678,6,6,223,0.0002338238527149382,i2-i30-0398,0.22033544480084521,"void cublasLt::splitKreduce_kernel<(int)32, (int)16, int, float, float, float, (bool)0, float, float, float, (bool)1, (bool)1, (bool)0>(cublasLt::cublasSplitKParams<T6>, const T4 *, const T9 *, T8 *, T5 *, const T6 *, const T6 *, const T10 *, const T4 *, T10 *, void *, long, T6 *, int *, T6 *, const T6 *, const T6 *, const T6 *, const T6 *)",0.00969640807174888,bbox_head,False,0.2616013504463064,scene-0398,0.0003088129875509421,0.00034816000000000014
0.020736,0.035798619999999996,1,1,223,-0.0003795745114448032,i2-i30-0398,-0.0674450806250803,"void at::native::elementwise_kernel<(int)128, (int)2, void at::native::gpu_kernel_impl_nocast<at::native::BinaryFunctor<float, float, float, at::native::binary_internal::DivFunctor<float>>>(at::TensorIteratorBase &, const T1 &)::[lambda(int) (instance 1)]>(int, T3)",0.02124910313901345,data_preprocessor,False,-0.04568962869643317,scene-0398,0.002870292388840219,-0.0038137600000000063
0.015137,0.0229664,1,1,223,-0.0001539241381619541,i2-i30-0398,-0.02640532427442442,"void at::native::elementwise_kernel<(int)128, (int)2, void at::native::gpu_kernel_impl_nocast<at::native::CUDAFunctor_add<float>>(at::TensorIteratorBase &, const T1 &)::[lambda(int) (instance 1)]>(int, T3)",0.015419170403587446,data_preprocessor,False,-0.034512976069506936,scene-0398,0.0015408879065231655,-0.000781440000000003
0.023136,0.02481814,1,1,223,0.0006840033576598505,i2-i30-0398,0.31632468499476224,"void at::native::index_elementwise_kernel<(int)128, (int)4, void at::native::gpu_index_kernel<void at::native::index_kernel_impl<at::native::OpaqueType<(int)1>>(at::TensorIteratorBase &, c10::ArrayRef<long>, c10::ArrayRef<long>)::[lambda(char *, const char *, long) (instance 1)]>(at::TensorIteratorBase &, c10::ArrayRef<long>, c10::ArrayRef<long>, const T1 &)::[lambda(int) (instance 1)]>(long, T3)",0.02303437668161435,data_preprocessor,False,0.26977013654664367,scene-0398,0.0008760140833653642,0.0004921599999999984
0.014176,0.01801358,1,1,223,0.0004176500163263493,i2-i30-0398,0.19860298606298066,"void at::native::unrolled_elementwise_kernel<at::native::direct_copy_kernel_cuda(at::TensorIteratorBase &)::[lambda() (instance 3)]::operator ()() const::[lambda() (instance 7)]::operator ()() const::[lambda(float) (instance 1)], std::array<char *, (unsigned long)2>, (int)4, TrivialOffsetCalculator<(int)1, unsigned int>, TrivialOffsetCalculator<(int)1, unsigned int>, at::native::memory::LoadWithCast<(int)1>, at::native::memory::StoreWithCast<(int)1>>(int, T1, T2, T4, T5, T6, T7)",0.014472789237668163,data_preprocessor,False,0.11009100842749228,scene-0398,0.0013107123129193655,-0.0006137599999999997
0.88129,0.91369896,6,6,223,0.015074459997235985,i2-i30-0398,0.2227096311381216,ampere_sgemm_128x128_nn,0.879964591928251,decoder,False,0.21973391541528958,scene-0398,0.023702349386103504,0.009606679999999868
0.318372,0.34283586,6,6,223,0.008674791104318293,i2-i30-0398,0.23947366752240012,ampere_sgemm_128x128_tn,0.3175877668161435,decoder,False,0.27062215341120777,scene-0398,0.011074966119429987,0.011382619999999954
1.8201800000000001,1.87862738,18,18,223,0.024498265341734885,i2-i30-0398,0.23371341361750914,ampere_sgemm_128x64_tn,1.8205231704035876,decoder,False,0.2650948171154003,scene-0398,0.03192866966506479,0.014890879999999829
0.8759750000000001,0.91815184,54,54,223,0.01197034314215314,i2-i30-0398,0.1651055924135477,ampere_sgemm_32x128_tn,0.8765009103139014,decoder,False,0.17301657841441825,scene-0398,0.02390372629301774,0.01209059999999984
0.086498,0.0894302,12,12,223,0.0012556611011734073,i2-i30-0398,0.20669377151960497,ampere_sgemm_32x32_sliced1x4_tn,0.08631614349775785,decoder,False,0.20606893096483683,scene-0398,0.0021052644108277892,0.0018193799999999816
0.485348,0.49664280000000005,6,6,223,0.004319238620798218,i2-i30-0398,0.1888410724382077,ampere_sgemm_64x64_tn,0.4857554529147982,decoder,False,0.2725709467979454,scene-0398,0.005474876933832225,0.002287360000000016
0.004801000000000001,0.005024,6,6,223,9.237943546228722e-05,i2-i30-0398,0.21226059957316418,"void <unnamed>::elementwise_kernel_with_index<int, at::native::arange_cuda_out(const c10::Scalar &, const c10::Scalar &, const c10::Scalar &, at::Tensor &)::[lambda() (instance 1)]::operator ()() const::[lambda() (instance 7)]::operator ()() const::[lambda(long) (instance 1)]>(T1, T2, function_traits<T2>::result_type *)",0.004801632286995516,decoder,False,0.22214306196197472,scene-0398,0.00014367767000788678,-8.960000000000044e-05
0.649223,0.6907674,6,6,223,0.011460324124918016,i2-i30-0398,0.24957332499460635,"void <unnamed>::softmax_warp_forward<float, float, float, (int)10, (bool)0, (bool)0>(T2 *, const T1 *, int, int, int, const bool *, int, bool)",0.6556657578475336,decoder,False,0.22567895215350348,scene-0398,0.017544967592582502,0.03378139999999996
0.010401,0.010816,6,6,223,0.00021073993817131173,i2-i30-0398,0.23211254399686831,"void <unnamed>::softmax_warp_forward<float, float, float, (int)4, (bool)0, (bool)0>(T2 *, const T1 *, int, int, int, const bool *, int, bool)",0.010390367713004485,decoder,False,0.22512134491017888,scene-0398,0.000323427467402746,0.0001055999999999991
0.046689,0.047940279999999995,14,14,223,0.0006277440300253305,i2-i30-0398,0.23290186806180196,"void at::native::<unnamed>::CatArrayBatchedCopy_aligned16_contig<at::native::<unnamed>::OpaqueType<(unsigned int)4>, unsigned int, (int)3, (int)128, (int)1>(T1 *, at::native::<unnamed>::CatArrInputTensorMetadata<T1, T2, T4, T5>, at::native::<unnamed>::TensorSizeStride<T2, (unsigned int)4>, int, T2)",0.04658425560538117,decoder,False,0.2323495302922934,scene-0398,0.0009334423884275995,0.002640279999999995
0.10825699999999999,0.11287388000000001,24,24,223,0.002069673792088932,i2-i30-0398,0.2346172318438891,"void at::native::<unnamed>::CatArrayBatchedCopy_aligned16_contig<at::native::<unnamed>::OpaqueType<(unsigned int)4>, unsigned int, (int)4, (int)128, (int)1>(T1 *, at::native::<unnamed>::CatArrInputTensorMetadata<T1, T2, T4, T5>, at::native::<unnamed>::TensorSizeStride<T2, (unsigned int)4>, int, T2)",0.1080678609865471,decoder,False,0.2361271159974686,scene-0398,0.003028326966881787,0.0009716599999999992
0.11238600000000003,0.11666048000000002,24,24,223,0.001319942590098692,i2-i30-0398,0.16303748243625926,"void at::native::<unnamed>::vectorized_layer_norm_kernel<float, float>(int, T2, const T1 *, const T1 *, const T1 *, T2 *, T2 *, T1 *)",0.11233505829596414,decoder,False,0.17754290890869232,scene-0398,0.0025686115879741582,0.0009226600000000196
0.03382399999999999,0.035103999999999996,24,24,223,0.0006628600724229527,i2-i30-0398,0.23801794724495295,"void at::native::elementwise_kernel<(int)128, (int)2, void at::native::gpu_kernel_impl_nocast<at::native::AUnaryFunctor<float, float, float, at::native::binary_internal::MulFunctor<float>>>(at::TensorIteratorBase &, const T1 &)::[lambda(int) (instance 1)]>(int, T3)",0.03374159641255606,decoder,False,0.2311067174542268,scene-0398,0.0009909597550961937,0.0001958399999999888
0.041824,0.043474360000000004,24,24,223,0.0007854612129239116,i2-i30-0398,0.23089306204681828,"void at::native::elementwise_kernel<(int)128, (int)2, void at::native::gpu_kernel_impl_nocast<at::native::BinaryFunctor<float, float, float, at::native::binary_internal::DivFunctor<float>>>(at::TensorIteratorBase &, const T1 &)::[lambda(int) (instance 1)]>(int, T3)",0.041742798206278034,decoder,False,0.2216652409044697,scene-0398,0.0012242606003524154,0.0004531200000000013
0.032383999999999996,0.03364992,12,12,223,0.0004215104912208239,i2-i30-0398,0.1506726035609159,"void at::native::elementwise_kernel<(int)128, (int)2, void at::native::gpu_kernel_impl_nocast<at::native::BinaryFunctor<float, float, float, at::native::binary_internal::MulFunctor<float>>>(at::TensorIteratorBase &, const T1 &)::[lambda(int) (instance 1)]>(int, T3)",0.03227039461883408,decoder,False,0.1772384272419184,scene-0398,0.0008216696151030532,0.0010447600000000057
0.007807999999999999,0.00824896,6,6,223,0.00015425764375369506,i2-i30-0398,0.2685733690481838,"void at::native::elementwise_kernel<(int)128, (int)2, void at::native::gpu_kernel_impl_nocast<at::native::BinaryFunctor<long, long, long, at::native::binary_internal::MulFunctor<long>>>(at::TensorIteratorBase &, const T1 &)::[lambda(int) (instance 1)]>(int, T3)",0.0077771928251121085,decoder,False,0.24867482779513275,scene-0398,0.00021431945382845697,9.151999999999858e-05
0.017312000000000004,0.017856,6,6,223,0.00012757121269748743,i2-i30-0398,0.12975632018631478,"void at::native::elementwise_kernel<(int)128, (int)2, void at::native::gpu_kernel_impl_nocast<at::native::CUDAFunctor_add<float>>(at::TensorIteratorBase &, const T1 &)::[lambda(int) (instance 1)]>(int, T3)",0.017273461883408073,decoder,False,0.11820932863234086,scene-0398,0.00037286160061181223,0.00011221999999999621
0.039839999999999993,0.04133092000000001,24,24,223,0.0007655271341719306,i2-i30-0398,0.23113569152907368,"void at::native::elementwise_kernel<(int)128, (int)2, void at::native::gpu_kernel_impl_nocast<at::native::cos_kernel_cuda(at::TensorIteratorBase &)::[lambda() (instance 2)]::operator ()() const::[lambda() (instance 2)]::operator ()() const::[lambda(float) (instance 1)]>(at::TensorIteratorBase &, const T1 &)::[lambda(int) (instance 1)]>(int, T3)",0.03975662331838565,decoder,False,0.22657316303716996,scene-0398,0.0011673439791827789,0.0004105199999999906
0.016032,0.01678592,6,6,223,0.00030280030510325683,i2-i30-0398,0.19209841400591493,"void at::native::elementwise_kernel<(int)128, (int)2, void at::native::gpu_kernel_impl_nocast<at::native::direct_copy_kernel_cuda(at::TensorIteratorBase &)::[lambda() (instance 3)]::operator ()() const::[lambda() (instance 7)]::operator ()() const::[lambda(float) (instance 1)]>(at::TensorIteratorBase &, const T1 &)::[lambda(int) (instance 1)]>(int, T3)",0.01597635874439462,decoder,False,0.21842077566136783,scene-0398,0.0004789708572186737,0.00022165999999999852
0.039745000000000016,0.041184000000000005,24,24,223,0.0007361911317647147,i2-i30-0398,0.2270555955815945,"void at::native::elementwise_kernel<(int)128, (int)2, void at::native::gpu_kernel_impl_nocast<at::native::sin_kernel_cuda(at::TensorIteratorBase &)::[lambda() (instance 2)]::operator ()() const::[lambda() (instance 2)]::operator ()() const::[lambda(float) (instance 1)]>(at::TensorIteratorBase &, const T1 &)::[lambda(int) (instance 1)]>(int, T3)",0.039619618834080716,decoder,False,0.21893944184694691,scene-0398,0.0011617516591306482,0.00031957999999999986
0.01312,0.013632780000000002,6,6,223,0.0002787361639142085,i2-i30-0398,0.22872261374000316,"void at::native::elementwise_kernel<(int)128, (int)4, void at::native::gpu_kernel_impl<at::native::<unnamed>::pow_tensor_tensor_kernel(at::TensorIteratorBase &)::[lambda() (instance 1)]::operator ()() const::[lambda() (instance 7)]::operator ()() const::[lambda(float, float) (instance 1)]>(at::TensorIteratorBase &, const T1 &)::[lambda(int) (instance 1)]>(int, T3)",0.013057914798206276,decoder,False,0.22677136072068418,scene-0398,0.00042467025129748254,7.999999999999848e-05
0.104737,0.11167474000000001,6,6,223,0.0015691572506356573,i2-i30-0398,0.16092592052934998,"void at::native::reduce_kernel<(int)128, (int)4, at::native::ReduceOp<float, at::native::MeanOps<float, float, float, float>, unsigned int, float, (int)4>>(T3)",0.10471518385650225,decoder,False,0.1648914725515627,scene-0398,0.0032878727277405534,0.0008822799999999714
0.012959999999999998,0.01337678,6,6,223,0.0002281306640385146,i2-i30-0398,0.23593009936692627,"void at::native::reduce_kernel<(int)512, (int)1, at::native::ReduceOp<long, at::native::func_wrapper_t<long, at::native::sum_functor<long, long, long>::operator ()(at::TensorIterator &)::[lambda(long, long) (instance 1)]>, unsigned int, long, (int)4>>(T3)",0.012908233183856503,decoder,False,0.228868909083825,scene-0398,0.00034438449595081637,4.182000000000144e-05
0.08928300000000003,0.09132251999999996,42,42,223,0.0011121369932358747,i2-i30-0398,0.23804460813776662,"void at::native::vectorized_elementwise_kernel<(int)4, at::native::<unnamed>::launch_clamp_scalar(at::TensorIteratorBase &, c10::Scalar, c10::Scalar, at::native::detail::ClampLimits)::[lambda() (instance 1)]::operator ()() const::[lambda() (instance 7)]::operator ()() const::[lambda(float) (instance 1)], std::array<char *, (unsigned long)2>>(int, T2, T3)",0.08913008968609866,decoder,False,0.2627919505508246,scene-0398,0.001462153455483523,0.0006109800000000387
0.028992000000000007,0.03008000000000001,18,18,223,0.0002590903324973508,i2-i30-0398,0.15329556068830202,"void at::native::vectorized_elementwise_kernel<(int)4, at::native::AUnaryFunctor<float, float, float, at::native::binary_internal::MulFunctor<float>>, std::array<char *, (unsigned long)2>>(int, T2, T3)",0.028929919282511214,decoder,False,0.14414252158293261,scene-0398,0.000621020332657776,-0.0007274000000000065
0.0066879999999999995,0.0069440000000000005,6,6,223,0.00011249715727978417,i2-i30-0398,0.2131688490455335,"void at::native::vectorized_elementwise_kernel<(int)4, at::native::AUnaryFunctor<long, long, bool, at::native::<unnamed>::CompareEqFunctor<long>>, std::array<char *, (unsigned long)2>>(int, T2, T3)",0.006655793721973094,decoder,False,0.22353500523366246,scene-0398,0.0001738772376484213,0.00011327999999999946
0.015648,0.016224000000000002,12,12,223,0.00021118508696907744,i2-i30-0398,0.22048885292453724,"void at::native::vectorized_elementwise_kernel<(int)4, at::native::BUnaryFunctor<float, float, float, at::native::binary_internal::MulFunctor<float>>, std::array<char *, (unsigned long)2>>(int, T2, T3)",0.015625345291479822,decoder,False,0.20606705980744838,scene-0398,0.0003540800016803229,-0.00012543999999999923
0.006496,0.006720779999999999,6,6,223,0.00013308692957872612,i2-i30-0398,0.21198749108953405,"void at::native::vectorized_elementwise_kernel<(int)4, at::native::BinaryFunctor<float, float, float, at::native::binary_internal::DivFunctor<float>>, std::array<char *, (unsigned long)3>>(int, T2, T3)",0.0064652152466367725,decoder,False,0.23558986997994855,scene-0398,0.000195175598390275,0.00011328000000000119
0.005792,0.0059847799999999994,6,6,223,0.00010934716728220698,i2-i30-0398,0.22065872240105766,"void at::native::vectorized_elementwise_kernel<(int)4, at::native::CUDAFunctorOnOther_add<float>, std::array<char *, (unsigned long)2>>(int, T2, T3)",0.005775713004484305,decoder,False,0.22068564052305475,scene-0398,0.00017119070781075954,4.9279999999999637e-05
0.10611300000000003,0.10879339999999998,42,42,223,0.00078264054868024,i2-i30-0398,0.14823869962057049,"void at::native::vectorized_elementwise_kernel<(int)4, at::native::CUDAFunctor_add<float>, std::array<char *, (unsigned long)3>>(int, T2, T3)",0.10592642152466368,decoder,False,0.16191739153813345,scene-0398,0.00166999654463363,0.0005972600000000022
0.008224,0.00848178,6,6,223,0.00015430462783762953,i2-i30-0398,0.2282652334196428,"void at::native::vectorized_elementwise_kernel<(int)4, at::native::FillFunctor<float>, std::array<char *, (unsigned long)1>>(int, T2, T3)",0.008188663677130045,decoder,False,0.22432470036296123,scene-0398,0.00023765588960618166,4.544000000000076e-05
0.0048000000000000004,0.004992,6,6,223,8.405311542917108e-05,i2-i30-0398,0.20172999868706826,"void at::native::vectorized_elementwise_kernel<(int)4, at::native::FillFunctor<long>, std::array<char *, (unsigned long)1>>(int, T2, T3)",0.004771071748878924,decoder,False,0.2001051991888376,scene-0398,0.00014512497864285602,1.727999999999886e-05
0.007488,0.007776,6,6,223,0.00014734376118604413,i2-i30-0398,0.2540208338795302,"void at::native::vectorized_elementwise_kernel<(int)4, at::native::binary_internal::div_floor_kernel_cuda(at::TensorIteratorBase &)::[lambda() (instance 2)]::operator ()() const::[lambda() (instance 2)]::operator ()() const::[lambda(float) (instance 1)], std::array<char *, (unsigned long)2>>(int, T2, T3)",0.007466869955156951,decoder,False,0.24162850304696767,scene-0398,0.00021068339825221409,7.117999999999968e-05
0.006400000000000001,0.006624,6,6,223,0.00012978128954137713,i2-i30-0398,0.22262463894492923,"void at::native::vectorized_elementwise_kernel<(int)4, at::native::log_kernel_cuda(at::TensorIteratorBase &)::[lambda() (instance 2)]::operator ()() const::[lambda() (instance 2)]::operator ()() const::[lambda(float) (instance 1)], std::array<char *, (unsigned long)2>>(int, T2, T3)",0.006379121076233184,decoder,False,0.23483846661047145,scene-0398,0.00019093677176331913,0.00017806000000000072
0.00656,0.006808959999999999,6,6,223,0.00011635080144818715,i2-i30-0398,0.20666294285301456,"void at::native::vectorized_elementwise_kernel<(int)4, at::native::sigmoid_kernel_cuda(at::TensorIteratorBase &)::[lambda() (instance 2)]::operator ()() const::[lambda() (instance 2)]::operator ()() const::[lambda(float) (instance 1)], std::array<char *, (unsigned long)2>>(int, T2, T3)",0.006534085201793721,decoder,False,0.2049638419612852,scene-0398,0.0001961276625191568,3.8400000000000066e-05
0.009984,0.010336000000000001,6,6,223,0.000196560559862465,i2-i30-0398,0.22272499780744523,"void cublasLt::splitKreduce_kernel<(int)32, (int)16, int, float, float, float, (bool)0, float, float, float, (bool)1, (bool)1, (bool)0>(cublasLt::cublasSplitKParams<T6>, const T4 *, const T9 *, T8 *, T5 *, const T6 *, const T6 *, const T10 *, const T4 *, T10 *, void *, long, T6 *, int *, T6 *, const T6 *, const T6 *, const T6 *, const T6 *)",0.009949982062780267,decoder,False,0.23055051533486626,scene-0398,0.0002945621964384309,9.151999999999945e-05
0.171744,0.18741910000000003,6,6,223,0.0029765368774900504,i2-i30-0398,0.17093112656503015,"void ms_deformable_im2col_gpu_kernel<float>(int, const T1 *, const long *, const long *, const T1 *, const T1 *, int, int, int, int, int, int, int, T1 *)",0.1717412735426009,decoder,False,0.16617404930303808,scene-0398,0.006188633888065343,0.0037432199999999916
18.377489999999998,18.484512839999994,36,36,223,0.03895162175435233,i2-i30-0398,0.2909140775114097,ampere_sgemm_128x64_tn,18.37687102690583,encoder,False,0.3144442652661634,scene-0398,0.042798504325519335,-0.015565159999997746
0.006304000000000001,0.006834140000000001,8,8,223,0.00012108228795200771,i2-i30-0398,0.3508340166019778,"void <unnamed>::elementwise_kernel_with_index<int, at::native::linspace_cuda_out(const c10::Scalar &, const c10::Scalar &, long, at::Tensor &)::[lambda() (instance 2)]::operator ()() const::[lambda() (instance 2)]::operator ()() const::[lambda(long) (instance 1)]>(T1, T2, function_traits<T2>::result_type *)",0.006318587443946188,encoder,False,0.28783805186688555,scene-0398,0.00014533798624562355,-0.0002662400000000009
0.105314,0.11159268,6,6,223,0.0004381005911717136,i2-i30-0398,0.13444019705477303,"void <unnamed>::softmax_warp_forward<float, float, float, (int)4, (bool)0, (bool)0>(T2 *, const T1 *, int, int, int, const bool *, int, bool)",0.10595904932735427,encoder,False,0.07370345898726703,scene-0398,0.0020536796293454188,0.0011345799999999961
0.019169,0.02015296,6,6,223,-0.00010137555899957169,i2-i30-0398,-0.13656070133968545,"void at::native::<unnamed>::CatArrayBatchedCopy<at::native::<unnamed>::OpaqueType<(unsigned int)8>, unsigned int, (int)2, (int)64, (int)64>(T1 *, at::native::<unnamed>::CatArrInputTensorMetadata<T1, T2, T4, T5>, at::native::<unnamed>::TensorSizeStride<T2, (unsigned int)4>, int, T2)",0.01913058744394619,encoder,False,-0.06052245731786577,scene-0398,0.0005787132628165993,-0.0008689800000000018
0.007776,0.008338700000000001,5,5,223,0.00015025911985530876,i2-i30-0398,0.31758239135271293,"void at::native::<unnamed>::CatArrayBatchedCopy_aligned16_contig<at::native::<unnamed>::OpaqueType<(unsigned int)4>, unsigned int, (int)3, (int)128, (int)1>(T1 *, at::native::<unnamed>::CatArrInputTensorMetadata<T1, T2, T4, T5>, at::native::<unnamed>::TensorSizeStride<T2, (unsigned int)4>, int, T2)",0.0077881793721973095,encoder,False,0.3043840126882944,scene-0398,0.00017055550002256344,-0.00030911999999999867
0.881452,0.91416886,12,12,223,0.005944519828489997,i2-i30-0398,0.2677502595247685,"void at::native::<unnamed>::vectorized_layer_norm_kernel<float, float>(int, T2, const T1 *, const T1 *, const T1 *, T2 *, T2 *, T1 *)",0.8825758565022422,encoder,False,0.24215873053518142,scene-0398,0.008481318548974801,-0.013782679999999936
0.010529,0.01136,8,8,223,0.00021483149196366055,i2-i30-0398,0.366440200267638,"void at::native::elementwise_kernel<(int)128, (int)2, void at::native::gpu_kernel_impl_nocast<at::native::BinaryFunctor<float, float, float, at::native::binary_internal::DivFunctor<float>>>(at::TensorIteratorBase &, const T1 &)::[lambda(int) (instance 1)]>(int, T3)",0.010563426008968611,encoder,False,0.30784630661009743,scene-0398,0.00024110750192594266,-0.000444159999999999
0.001952,0.0021369600000000002,1,1,223,2.787891571017904e-05,i2-i30-0398,0.17842518847824274,"void at::native::elementwise_kernel<(int)128, (int)2, void at::native::gpu_kernel_impl_nocast<at::native::BinaryFunctor<float, float, float, at::native::binary_internal::MulFunctor<float>>>(at::TensorIteratorBase &, const T1 &)::[lambda(int) (instance 1)]>(int, T3)",0.001964224215246637,encoder,False,0.19515139317068372,scene-0398,4.935724939996505e-05,-4.607999999999999e-05
0.012895999999999998,0.014720780000000001,6,6,223,3.405498729477029e-05,i2-i30-0398,0.05769697793713356,"void at::native::elementwise_kernel<(int)128, (int)2, void at::native::gpu_kernel_impl_nocast<at::native::BinaryFunctor<long, long, long, at::native::binary_internal::MulFunctor<long>>>(at::TensorIteratorBase &, const T1 &)::[lambda(int) (instance 1)]>(int, T3)",0.012860614349775784,encoder,False,0.013460840344721475,scene-0398,0.0008740882369033108,-0.0010899200000000012
0.267204,0.29145076000000003,6,6,223,0.0003976997978222731,i2-i30-0398,0.11095228260352488,"void at::native::elementwise_kernel<(int)128, (int)2, void at::native::gpu_kernel_impl_nocast<at::native::CUDAFunctor_add<float>>(at::TensorIteratorBase &, const T1 &)::[lambda(int) (instance 1)]>(int, T3)",0.2713572466367713,encoder,False,0.01550916235986883,scene-0398,0.008859592648582187,-0.0005801199999999618
0.010048999999999999,0.010941020000000001,8,8,223,0.00020151559746842338,i2-i30-0398,0.3637175516516167,"void at::native::elementwise_kernel<(int)128, (int)2, void at::native::gpu_kernel_impl_nocast<at::native::direct_copy_kernel_cuda(at::TensorIteratorBase &)::[lambda() (instance 3)]::operator ()() const::[lambda() (instance 7)]::operator ()() const::[lambda(float) (instance 1)]>(at::TensorIteratorBase &, const T1 &)::[lambda(int) (instance 1)]>(int, T3)",0.010080304932735425,encoder,False,0.30003110221104273,scene-0398,0.00023205403020699593,-0.0004870399999999959
0.481926,0.50706968,6,6,223,-0.0024330202488070706,i2-i30-0398,0.011944206623735206,"void at::native::elementwise_kernel<(int)128, (int)4, void at::native::gpu_kernel_impl<at::native::BinaryFunctor<float, float, float, at::native::binary_internal::DivFunctor<float>>>(at::TensorIteratorBase &, const T1 &)::[lambda(int) (instance 1)]>(int, T3)",0.48541095964125563,encoder,False,-0.09883997138781074,scene-0398,0.008504716451074045,0.0017826200000000125
0.012095999999999999,0.01300992,6,6,223,0.00019043415127740143,i2-i30-0398,0.21708259540704966,"void at::native::reduce_kernel<(int)512, (int)1, at::native::ReduceOp<long, at::native::func_wrapper_t<long, at::native::sum_functor<long, long, long>::operator ()(at::TensorIterator &)::[lambda(long, long) (instance 1)]>, unsigned int, long, (int)4>>(T3)",0.012105322869955156,encoder,False,0.2428731780453118,scene-0398,0.00027090187154413156,-0.0004363399999999986
0.008672,0.009400960000000002,8,8,223,0.00015848239610785156,i2-i30-0398,0.3125202607138479,"void at::native::unrolled_elementwise_kernel<at::native::BinaryFunctor<float, float, float, at::native::binary_internal::MulFunctor<float>>, std::array<char *, (unsigned long)3>, (int)4, TrivialOffsetCalculator<(int)2, unsigned int>, TrivialOffsetCalculator<(int)1, unsigned int>, at::native::memory::LoadWithCast<(int)2>, at::native::memory::StoreWithCast<(int)1>>(int, T1, T2, T4, T5, T6, T7)",0.008676968609865473,encoder,False,0.2673223931772443,scene-0398,0.00020482945744686726,-0.0002841600000000003
0.008064,0.008704779999999999,8,8,223,0.00016691205791449508,i2-i30-0398,0.3269648321458329,"void at::native::unrolled_elementwise_kernel<at::native::CUDAFunctorOnSelf_add<float>, std::array<char *, (unsigned long)2>, (int)4, TrivialOffsetCalculator<(int)1, unsigned int>, TrivialOffsetCalculator<(int)1, unsigned int>, at::native::memory::LoadWithCast<(int)1>, at::native::memory::StoreWithCast<(int)1>>(int, T1, T2, T4, T5, T6, T7)",0.008071130044843049,encoder,False,0.29914382683874047,scene-0398,0.00019277663401452737,-0.0001913599999999998
4.478644,4.6193965,6,6,223,0.017486269061712648,i2-i30-0398,0.11426067174380967,"void at::native::vectorized_elementwise_kernel<(int)4, at::native::<unnamed>::launch_clamp_scalar(at::TensorIteratorBase &, c10::Scalar, c10::Scalar, at::native::detail::ClampLimits)::[lambda() (instance 1)]::operator ()() const::[lambda() (instance 7)]::operator ()() const::[lambda(float) (instance 1)], std::array<char *, (unsigned long)2>>(int, T2, T3)",4.508809300448431,encoder,False,0.1181719351994042,scene-0398,0.05112455435225724,-0.0774678600000005
0.006239999999999999,0.006624,6,6,223,0.000100925741396318,i2-i30-0398,0.22913187301945162,"void at::native::vectorized_elementwise_kernel<(int)4, at::native::AUnaryFunctor<long, long, bool, at::native::<unnamed>::CompareEqFunctor<long>>, std::array<char *, (unsigned long)2>>(int, T2, T3)",0.006246923766816144,encoder,False,0.2646853656879905,scene-0398,0.00013174032931442787,9.983999999999948e-05
1.972247,2.0268583399999995,18,18,223,-0.0028588950102921415,i2-i30-0398,-0.05310341010697258,"void at::native::vectorized_elementwise_kernel<(int)4, at::native::CUDAFunctor_add<float>, std::array<char *, (unsigned long)3>>(int, T2, T3)",1.9790146008968608,encoder,False,-0.04514827855246728,scene-0398,0.021877804501579362,-0.027259719999999765
0.10956800000000001,0.11887958,6,6,223,0.001070536146687098,i2-i30-0398,0.18364503105733193,"void at::native::vectorized_elementwise_kernel<(int)4, at::native::FillFunctor<float>, std::array<char *, (unsigned long)1>>(int, T2, T3)",0.11064368161434977,encoder,False,0.11542085280361632,scene-0398,0.0032045258804324736,-0.0014684600000000186
3.157445,3.20447512,6,6,223,0.013767008646271423,i2-i30-0398,0.2323188427670423,"void ms_deformable_im2col_gpu_kernel<float>(int, const T1 *, const long *, const long *, const T1 *, const T1 *, int, int, int, int, int, int, int, T1 *)",3.1576585829596415,encoder,False,0.260193295140477,scene-0398,0.018280590087253346,0.020928780000000202
0.006208,0.00661696,4,4,223,0.00012311542166932725,i2-i30-0398,0.3237010402097878,"void at::native::<unnamed>::ComputeFusedParamsCUDAKernel<float>(long, long, long, const T1 *, const T1 *, const T1 *, const T1 *, at::AccumulateType<T1, (bool)1>::type *, at::AccumulateType<T1, (bool)1>::type *)",0.006231188340807176,neck,False,0.32429932599386835,scene-0398,0.00013116354234939554,-6.399999999999288e-06
0.055744999999999996,0.05999318,4,4,223,0.0010735396104708693,i2-i30-0398,0.36920884285963906,"void at::native::<unnamed>::RowwiseMomentsCUDAKernel<float>(long, T1, const T1 *, T1 *, T1 *)",0.05588983408071748,neck,False,0.33063613372732636,scene-0398,0.0011217975462634207,-0.00026902000000001564
0.026687999999999996,0.02910592,4,4,223,0.0005470316544072155,i2-i30-0398,0.3770989338380923,"void at::native::elementwise_kernel<(int)128, (int)2, void at::native::gpu_kernel_impl_nocast<void at::native::<unnamed>::GroupNormKernelImplInternal<float>(const at::Tensor &, const at::Tensor &, const at::Tensor &, long, long, long, long, T1, at::Tensor &, at::Tensor &, at::Tensor &)::[lambda(float, float, float) (instance 2)]>(at::TensorIteratorBase &, const T1 &)::[lambda(int) (instance 1)]>(int, T3)",0.026792605381165915,neck,False,0.3134541978563503,scene-0398,0.0006029552678584929,-0.00017535999999999594
0.00384,0.00415296,1,1,223,6.757949367357092e-05,i2-i30-0398,0.3928452809475302,"void cublasLt::splitKreduce_kernel<(int)32, (int)16, int, float, float, float, (bool)0, float, float, float, (bool)1, (bool)0, (bool)0>(cublasLt::cublasSplitKParams<T6>, const T4 *, const T9 *, T8 *, T5 *, const T6 *, const T6 *, const T10 *, const T4 *, T10 *, void *, long, T6 *, int *, T6 *, const T6 *, const T6 *, const T6 *, const T6 *)",0.003862121076233184,neck,False,0.3282911750729743,scene-0398,7.11217528341082e-05,-5.312000000000025e-05
0.082881,0.1001445,2,2,223,-0.0004172739002857609,i2-i30-0398,-0.06331829212411073,"void cudnn::engines_precompiled::nchwToNhwcKernel<float, float, float, (bool)0, (bool)1, (cudnnKernelDataType_t)2>(cudnn::engines_precompiled::nchw2nhwc_params_t<T3>, const T1 *, T2 *)",0.08370510313901346,neck,False,-0.040862187569517046,scene-0398,0.0035281442616574487,0.00010111999999999621
0.001632,0.00178496,1,1,223,3.988355067582015e-05,i2-i30-0398,0.3884131639050765,"void cudnn::engines_precompiled::nhwcToNchwKernel<float, float, float, (bool)1, (bool)0, (cudnnKernelDataType_t)0>(cudnn::engines_precompiled::nhwc2nchw_params_t<T3>, const T1 *, T2 *)",0.0016295784753363226,neck,False,0.32560325494201453,scene-0398,4.232059875863937e-05,-7.040000000000041e-06
0.152098,0.16280456000000001,1,1,223,0.0023996446343475574,i2-i30-0398,0.34805353751161744,void cutlass::Kernel2<cutlass_80_tensorop_s1688gemm_128x128_32x3_nn_align1>(T1::Params),0.1525362869955157,neck,False,0.31867293243125966,scene-0398,0.0026016476666356463,-0.00039104000000000916
0.039393,0.04235392,1,1,223,0.0006970132182565697,i2-i30-0398,0.37396568310920003,void cutlass::Kernel2<cutlass_80_tensorop_s1688gemm_256x64_16x4_nn_align4>(T1::Params),0.03954669058295963,neck,False,0.3196469809096313,scene-0398,0.0007533852856049343,-0.00038883999999999447
0.089665,0.0963818,1,1,223,0.0018981595793998408,i2-i30-0398,0.32987836112852525,void cutlass::Kernel2<cutlass_80_tensorop_s1688gemm_64x64_16x6_nn_align4>(T1::Params),0.08991071300448432,neck,False,0.30748241221767514,scene-0398,0.0021328443751000457,-0.0005030400000000101
0.226658,0.24683692,1,1,223,0.005068434986606279,i2-i30-0398,0.3790477537304747,void cutlass__5x_cudnn::Kernel<cutlass_tensorop_s1688fprop_optimized_tf32_64x64_32x5_nhwc_align4>(T1::Params),0.2274098789237668,neck,False,0.325222617497351,scene-0398,0.005384431616093742,-0.0024463599999999808
0.009184,0.00965696,12,12,223,0.00011990953099310628,i2-i30-0398,0.16566215655897565,"void <unnamed>::elementwise_kernel_with_index<int, at::native::arange_cuda_out(const c10::Scalar &, const c10::Scalar &, const c10::Scalar &, at::Tensor &)::[lambda() (instance 1)]::operator ()() const::[lambda() (instance 7)]::operator ()() const::[lambda(long) (instance 1)]>(T1, T2, function_traits<T2>::result_type *)",0.00919800448430493,positional_encoding,False,0.20583657851487994,scene-0398,0.00020126945768974793,0.00011478000000000009
0.028991999999999997,0.049232,4,4,223,0.001656324930150278,i2-i30-0398,0.12172785380491574,"void at::native::<unnamed>::CatArrayBatchedCopy_aligned16_contig<at::native::<unnamed>::OpaqueType<(unsigned int)4>, unsigned int, (int)4, (int)128, (int)1>(T1 *, at::native::<unnamed>::CatArrInputTensorMetadata<T1, T2, T4, T5>, at::native::<unnamed>::TensorSizeStride<T2, (unsigned int)4>, int, T2)",0.029852363228699552,positional_encoding,False,0.14171630207547384,scene-0398,0.00403805708041093,-9.813999999999656e-05
0.04035200000000001,0.04395414,16,16,223,0.0008433939339203656,i2-i30-0398,0.3957669429397242,"void at::native::elementwise_kernel<(int)128, (int)2, void at::native::gpu_kernel_impl_nocast<at::native::BinaryFunctor<float, float, float, at::native::binary_internal::DivFunctor<float>>>(at::TensorIteratorBase &, const T1 &)::[lambda(int) (instance 1)]>(int, T3)",0.040494300448430484,positional_encoding,False,0.3257103261219897,scene-0398,0.00089463456193959,-0.00029845999999999345
0.00448,0.004832,4,4,223,7.709717162750767e-05,i2-i30-0398,0.33478677720980315,"void at::native::elementwise_kernel<(int)128, (int)2, void at::native::gpu_kernel_impl_nocast<at::native::CUDAFunctorOnSelf_add<float>>(at::TensorIteratorBase &, const T1 &)::[lambda(int) (instance 1)]>(int, T3)",0.004494977578475337,positional_encoding,False,0.29331234365003633,scene-0398,9.081442389269086e-05,-6.719999999999903e-05
0.025056000000000005,0.03068388,8,8,223,0.0007850550945925863,i2-i30-0398,0.2470528672631299,"void at::native::elementwise_kernel<(int)128, (int)2, void at::native::gpu_kernel_impl_nocast<at::native::cos_kernel_cuda(at::TensorIteratorBase &)::[lambda() (instance 2)]::operator ()() const::[lambda() (instance 2)]::operator ()() const::[lambda(float) (instance 1)]>(at::TensorIteratorBase &, const T1 &)::[lambda(int) (instance 1)]>(int, T3)",0.025273825112107625,positional_encoding,False,0.22757578394812852,scene-0398,0.0011918478440285788,-4.340000000001981e-06
0.06972799999999998,0.08529649999999998,24,24,223,0.001563243777790092,i2-i30-0398,0.1592936355375874,"void at::native::elementwise_kernel<(int)128, (int)2, void at::native::gpu_kernel_impl_nocast<at::native::direct_copy_kernel_cuda(at::TensorIteratorBase &)::[lambda() (instance 3)]::operator ()() const::[lambda() (instance 7)]::operator ()() const::[lambda(float) (instance 1)]>(at::TensorIteratorBase &, const T1 &)::[lambda(int) (instance 1)]>(int, T3)",0.07042174887892376,positional_encoding,False,0.16890156785483953,scene-0398,0.0031977149997223613,-0.0003906799999999905
0.023360000000000002,0.03115392,8,8,223,0.001067120221004493,i2-i30-0398,0.22681857643779438,"void at::native::elementwise_kernel<(int)128, (int)2, void at::native::gpu_kernel_impl_nocast<at::native::sin_kernel_cuda(at::TensorIteratorBase &)::[lambda() (instance 2)]::operator ()() const::[lambda() (instance 2)]::operator ()() const::[lambda(float) (instance 1)]>(at::TensorIteratorBase &, const T1 &)::[lambda(int) (instance 1)]>(int, T3)",0.02383245739910314,positional_encoding,False,0.22423879382710823,scene-0398,0.0016441798715404851,1.5000000000015001e-06
0.007264,0.00784,4,4,223,0.00010910162422664462,i2-i30-0398,0.2780447073084398,"void at::native::elementwise_kernel<(int)128, (int)4, void at::native::gpu_kernel_impl<at::native::<unnamed>::pow_tensor_tensor_kernel(at::TensorIteratorBase &)::[lambda() (instance 1)]::operator ()() const::[lambda() (instance 7)]::operator ()() const::[lambda(float, float) (instance 1)]>(at::TensorIteratorBase &, const T1 &)::[lambda(int) (instance 1)]>(int, T3)",0.007268116591928251,positional_encoding,False,0.23620934711376143,scene-0398,0.00015958088279991814,0.00015040000000000019
0.001728,0.001856,2,2,223,3.530953315232403e-05,i2-i30-0398,0.3218219693930812,"void at::native::unrolled_elementwise_kernel<at::native::CUDAFunctorOnSelf_add<float>, std::array<char *, (unsigned long)2>, (int)4, TrivialOffsetCalculator<(int)1, unsigned int>, TrivialOffsetCalculator<(int)1, unsigned int>, at::native::memory::LoadWithoutCast, at::native::memory::StoreWithoutCast>(int, T1, T2, T4, T5, T6, T7)",0.0017189730941704038,positional_encoding,False,0.2600837807452307,scene-0398,4.690567954772835e-05,3.84000000000018e-06
0.000864,0.000928,1,1,223,1.6291270661112633e-05,i2-i30-0398,0.267647816822803,"void at::native::vectorized_elementwise_kernel<(int)2, at::native::CUDAFunctorOnSelf_add<float>, std::array<char *, (unsigned long)2>>(int, T2, T3)",0.0008617264573991032,positional_encoding,False,0.23137301255408618,scene-0398,2.4327024031153325e-05,-3.903999999999995e-05
0.011136,0.012017920000000001,12,12,223,0.00017430475383161336,i2-i30-0398,0.3224850371377964,"void at::native::vectorized_elementwise_kernel<(int)4, at::native::AUnaryFunctor<float, float, float, at::native::binary_internal::MulFunctor<float>>, std::array<char *, (unsigned long)2>>(int, T2, T3)",0.011177901345291478,positional_encoding,False,0.2680222129213552,scene-0398,0.00022469073743031643,-8.76799999999997e-05
0.0033919999999999996,0.003648,4,4,223,6.858864505392213e-05,i2-i30-0398,0.3771708829092363,"void at::native::vectorized_elementwise_kernel<(int)4, at::native::BUnaryFunctor<float, float, float, at::native::binary_internal::MulFunctor<float>>, std::array<char *, (unsigned long)2>>(int, T2, T3)",0.0033880134529147973,positional_encoding,False,0.3357587921052784,scene-0398,7.057835894772925e-05,-2.8160000000000164e-05
0.009151999999999999,0.00964992,9,9,223,6.232883060100592e-05,i2-i30-0398,0.10711927808418757,"void at::native::vectorized_elementwise_kernel<(int)4, at::native::CUDAFunctorOnSelf_add<float>, std::array<char *, (unsigned long)2>>(int, T2, T3)",0.009162134529147983,positional_encoding,False,0.11009171090308403,scene-0398,0.00019560550997912952,0.00012799999999999964
0.0029760000000000003,0.003232,4,4,223,4.805089159715714e-05,i2-i30-0398,0.3236454034727088,"void at::native::vectorized_elementwise_kernel<(int)4, at::native::FillFunctor<long>, std::array<char *, (unsigned long)1>>(int, T2, T3)",0.0029816322869955156,positional_encoding,False,0.26106341288121687,scene-0398,6.359195339054515e-05,3.839999999999746e-06
0.004448,0.0048000000000000004,4,4,223,6.82640128041079e-05,i2-i30-0398,0.3465769265200774,"void at::native::vectorized_elementwise_kernel<(int)4, at::native::binary_internal::div_floor_kernel_cuda(at::TensorIteratorBase &)::[lambda() (instance 2)]::operator ()() const::[lambda() (instance 2)]::operator ()() const::[lambda(float) (instance 1)], std::array<char *, (unsigned long)2>>(int, T2, T3)",0.004454780269058297,positional_encoding,False,0.27048046081468863,scene-0398,8.719722074560186e-05,-1.0239999999999035e-05
0.527942,0.54679462,3,3,223,0.004992335433076935,i2-i30-0398,0.21752071419512534,ampere_sgemm_128x64_tn,0.5295562869955156,unresolved,False,0.22693558950319803,scene-0398,0.007600599941989561,-0.0027327999999999797
0.130945,0.13957818000000002,2,2,223,0.0019502107586838167,i2-i30-0398,0.18209540909436353,ampere_sgemm_32x128_tn,0.13173288340807174,unresolved,False,0.18175492473666513,scene-0398,0.0037071664598847215,7.317999999997826e-05
0.002048,0.00223296,1,1,223,3.8801340049432884e-05,i2-i30-0398,0.24156352495402653,reduction_prod_kernel,0.002039121076233184,unresolved,False,0.20439214157893673,scene-0398,6.558873532499543e-05,-0.00015296000000000016
0.006432,0.006912000000000001,8,8,223,0.00013873650566414818,i2-i30-0398,0.1937615869908893,"void <unnamed>::elementwise_kernel_with_index<int, at::native::linspace_cuda_out(const c10::Scalar &, const c10::Scalar &, long, at::Tensor &)::[lambda() (instance 2)]::operator ()() const::[lambda() (instance 2)]::operator ()() const::[lambda(long) (instance 1)]>(T1, T2, function_traits<T2>::result_type *)",0.0064767040358744395,unresolved,False,0.2035877015934964,scene-0398,0.00023544308449713181,6.939999999999984e-05
0.12211299999999999,0.12884658000000002,5,5,223,0.00042303742014054087,i2-i30-0398,0.051780849648095546,"void at::native::<unnamed>::CatArrayBatchedCopy<at::native::<unnamed>::OpaqueType<(unsigned int)4>, unsigned int, (int)3, (int)64, (int)64>(T1 *, at::native::<unnamed>::CatArrInputTensorMetadata<T1, T2, T4, T5>, at::native::<unnamed>::TensorSizeStride<T2, (unsigned int)4>, int, T2)",0.12258507174887892,unresolved,False,0.04321477765240624,scene-0398,0.0033821528320886777,0.0034728599999999943
0.081153,0.08344292,2,2,223,-9.409765928658353e-05,i2-i30-0398,0.00543297542101608,"void at::native::<unnamed>::CatArrayBatchedCopy_aligned16_contig<at::native::<unnamed>::OpaqueType<(unsigned int)4>, unsigned int, (int)3, (int)128, (int)1>(T1 *, at::native::<unnamed>::CatArrInputTensorMetadata<T1, T2, T4, T5>, at::native::<unnamed>::TensorSizeStride<T2, (unsigned int)4>, int, T2)",0.08128434977578473,unresolved,False,-0.015866768641721842,scene-0398,0.002048976877705042,-0.0010165400000000102
0.00752,0.008128,4,4,223,0.00015323107053984999,i2-i30-0398,0.1972176095173778,"void at::native::<unnamed>::CatArrayBatchedCopy_aligned16_contig<at::native::<unnamed>::OpaqueType<(unsigned int)4>, unsigned int, (int)4, (int)128, (int)1>(T1 *, at::native::<unnamed>::CatArrInputTensorMetadata<T1, T2, T4, T5>, at::native::<unnamed>::TensorSizeStride<T2, (unsigned int)4>, int, T2)",0.007555264573991032,unresolved,False,0.19096427206889446,scene-0398,0.0002772307758795435,-2.9440000000001236e-05
0.003456,0.0038079999999999998,2,2,223,2.6863703978455166e-06,i2-i30-0398,0.023996344460278412,"void at::native::<unnamed>::CatArrayBatchedCopy_aligned16_contig<at::native::<unnamed>::OpaqueType<(unsigned int)8>, unsigned int, (int)1, (int)128, (int)1>(T1 *, at::native::<unnamed>::CatArrInputTensorMetadata<T1, T2, T4, T5>, at::native::<unnamed>::TensorSizeStride<T2, (unsigned int)4>, int, T2)",0.00343709865470852,unresolved,False,0.003989238917749324,scene-0398,0.0002326604545861523,-0.00025279999999999964
0.086817,0.0903769,1,1,223,0.000526391300398438,i2-i30-0398,0.13900248430105278,"void at::native::<unnamed>::vectorized_layer_norm_kernel<float, float>(int, T2, const T1 *, const T1 *, const T1 *, T2 *, T2 *, T1 *)",0.08701631390134529,unresolved,False,0.15259047983699262,scene-0398,0.001191867536404906,0.0005760000000000071
0.0048319999999999995,0.0051199999999999996,2,2,223,0.00011394361266860648,i2-i30-0398,0.25838187053806877,"void at::native::_scatter_gather_elementwise_kernel<(int)128, (int)4, void at::native::_cuda_scatter_gather_internal_kernel<(bool)0, at::native::OpaqueType<(int)4>>::operator ()<at::native::TensorAssign>(at::TensorIterator &, long, long, long, const T1 &)::[lambda(int) (instance 1)]>(int, T3)",0.004827017937219731,unresolved,False,0.21832431779437328,scene-0398,0.0001803161390229879,6.399999999999288e-06
0.027617,0.031946880000000004,2,2,223,0.0006336888732528105,i2-i30-0398,0.1344294783294826,"void at::native::elementwise_kernel<(int)128, (int)2, void at::native::gpu_kernel_impl_nocast<at::native::<unnamed>::masked_fill_kernel(at::TensorIterator &, const c10::Scalar &)::[lambda() (instance 1)]::operator ()() const::[lambda() (instance 7)]::operator ()() const::[lambda(float, bool) (instance 1)]>(at::TensorIteratorBase &, const T1 &)::[lambda(int) (instance 1)]>(int, T3)",0.02800952914798206,unresolved,False,0.12015285083610386,scene-0398,0.0018221693122521913,0.001775639999999995
0.030591999999999998,0.0332138,4,4,223,0.00046624053870362547,i2-i30-0398,0.3469679151853609,"void at::native::elementwise_kernel<(int)128, (int)2, void at::native::gpu_kernel_impl_nocast<at::native::CUDAFunctor_add<float>>(at::TensorIteratorBase &, const T1 &)::[lambda(int) (instance 1)]>(int, T3)",0.030698448430493273,unresolved,False,0.22333742094254538,scene-0398,0.0007212656699324437,-0.0004144399999999951
0.002944,0.003136,2,2,223,6.874723273337066e-05,i2-i30-0398,0.24736183488009372,"void at::native::elementwise_kernel<(int)128, (int)2, void at::native::gpu_kernel_impl_nocast<at::native::direct_copy_kernel_cuda(at::TensorIteratorBase &)::[lambda() (instance 3)]::operator ()() const::[lambda() (instance 4)]::operator ()() const::[lambda(long) (instance 1)]>(at::TensorIteratorBase &, const T1 &)::[lambda(int) (instance 1)]>(int, T3)",0.002966843049327355,unresolved,False,0.2113459784841806,scene-0398,0.0001123848989011224,-6.784e-05
0.009375999999999999,0.010073180000000001,4,4,223,0.00016810849169695825,i2-i30-0398,0.1739470931029854,"void at::native::elementwise_kernel<(int)128, (int)4, void at::native::gpu_kernel_impl<at::native::BinaryFunctor<float, float, float, at::native::binary_internal::DivFunctor<float>>>(at::TensorIteratorBase &, const T1 &)::[lambda(int) (instance 1)]>(int, T3)",0.009473681614349777,unresolved,False,0.17395440522543112,scene-0398,0.0003338881045254265,3.0719999999999706e-05
0.005024,0.00540096,4,4,223,9.422115549925853e-05,i2-i30-0398,0.20052075029060346,"void at::native::index_elementwise_kernel<(int)128, (int)4, void at::native::flip_kernel_impl<at::native::OpaqueType<(int)8>>(at::TensorIterator &)::[lambda(int) (instance 1)]>(long, T3)",0.005050461883408072,unresolved,False,0.1831848439685653,scene-0398,0.00017770744116603598,3.8400000000000066e-05
0.001056,0.00112,1,1,223,2.7375747176824116e-05,i2-i30-0398,0.23587723410155628,"void at::native::mbtopk::computeBlockwiseKthCounts<unsigned int>(T1 *, short *, unsigned int, unsigned int, unsigned int *)",0.0010438161434977579,unresolved,False,0.23445139990763214,scene-0398,4.03422278111738e-05,-1.7920000000000262e-05
0.005503999999999999,0.005825,4,4,223,0.00012329960004549612,i2-i30-0398,0.23291916020384273,"void at::native::mbtopk::computeBlockwiseWithinKCounts<unsigned int>(T1 *, short *, unsigned int, int, bool, unsigned int *, unsigned int)",0.00551709865470852,unresolved,False,0.2112609143578381,scene-0398,0.00020164582711924083,1.343999999999998e-05
0.000768,0.000832,1,1,223,1.8695817547051043e-05,i2-i30-0398,0.223633235999139,"void at::native::mbtopk::fill<unsigned int, unsigned int>(T1 *, T1, T2)",0.0007797713004484305,unresolved,False,0.20518340798790846,scene-0398,3.14810311113454e-05,7.039999999999933e-06
0.003712,0.003968,1,1,223,9.705168159388343e-05,i2-i30-0398,0.26409382778079993,"void at::native::mbtopk::gatherTopK<float, unsigned int, (int)1>(at::cuda::detail::TensorInfo<const T1, T2>, T2, T2, bool, unsigned int, T2, at::cuda::detail::TensorInfo<T1, T2>, T2, at::cuda::detail::TensorInfo<long, T2>, T2, unsigned int, unsigned int, T1 *, unsigned int *, unsigned int *, unsigned int)",0.0037241076233183856,unresolved,False,0.2383156364703807,scene-0398,0.00014070102222403895,4.9279999999999637e-05
0.011488,0.012223999999999999,4,4,223,0.00028366033141949176,i2-i30-0398,0.250855769128048,"void at::native::mbtopk::radixFindKthValues<float, unsigned int, unsigned int, (int)1>(at::cuda::detail::TensorInfo<const T1, T2>, unsigned int, unsigned int *, unsigned int, T2, int, int, unsigned int, T3, unsigned int *, T3 *, short *, T1 *)",0.011542363228699552,unresolved,False,0.22815662249542668,scene-0398,0.00042954854587893274,-4.4159999999999686e-05
0.013664,0.01452096,1,1,223,0.0003181150927223535,i2-i30-0398,0.24157055744949255,"void at::native::radixSortKVInPlace<(int)-2, (int)-1, (int)32, (int)32, float, long, unsigned int>(at::cuda::detail::TensorInfo<T5, T7>, T7, T7, T7, at::cuda::detail::TensorInfo<T6, T7>, T7, bool)",0.0136694932735426,unresolved,False,0.21535534410980323,scene-0398,0.0005103584941545027,-1.9200000000007406e-06
0.022848,0.02385814,1,1,223,0.0002480054294959772,i2-i30-0398,0.17660777491125185,"void at::native::reduce_kernel<(int)512, (int)1, at::native::ReduceOp<float, at::native::MaxOps<float>, unsigned int, float, (int)4>>(T3)",0.022784695067264576,unresolved,False,0.1725092936409876,scene-0398,0.0004967014390678575,-5.874000000000157e-05
0.002688,0.002976,1,1,223,6.266066926629802e-05,i2-i30-0398,0.19733373610479263,"void at::native::reduce_kernel<(int)512, (int)1, at::native::ReduceOp<long, at::native::func_wrapper_t<long, at::native::sum_functor<long, long, long>::operator ()(at::TensorIterator &)::[lambda(long, long) (instance 1)]>, unsigned int, long, (int)4>>(T3)",0.002731228699551569,unresolved,False,0.1857848411435014,scene-0398,0.00011652831862601719,-7.68000000000036e-06
0.003424,0.003712,4,4,223,7.687495969097188e-05,i2-i30-0398,0.22658451910695088,"void at::native::unrolled_elementwise_kernel<at::native::BinaryFunctor<long, long, long, at::native::binary_internal::MulFunctor<long>>, std::array<char *, (unsigned long)3>, (int)4, TrivialOffsetCalculator<(int)2, unsigned int>, TrivialOffsetCalculator<(int)1, unsigned int>, at::native::memory::LoadWithoutCast, at::native::memory::StoreWithoutCast>(int, T1, T2, T4, T5, T6, T7)",0.003467816143497758,unresolved,False,0.20801480781111845,scene-0398,0.00012768426343728518,3.519999999999999e-05
0.0035199999999999997,0.003776,4,4,223,7.419929158179574e-05,i2-i30-0398,0.21007283338149974,"void at::native::unrolled_elementwise_kernel<at::native::CUDAFunctorOnSelf_add<long>, std::array<char *, (unsigned long)2>, (int)4, TrivialOffsetCalculator<(int)1, unsigned int>, TrivialOffsetCalculator<(int)1, unsigned int>, at::native::memory::LoadWithoutCast, at::native::memory::StoreWithoutCast>(int, T1, T2, T4, T5, T6, T7)",0.0035537578475336325,unresolved,False,0.20033679042505925,scene-0398,0.0001279634008032871,-2.276000000000014e-05
0.002112,0.0022969600000000002,1,1,223,3.65212783226749e-05,i2-i30-0398,0.17411892577131866,"void at::native::unrolled_elementwise_kernel<at::native::direct_copy_kernel_cuda(at::TensorIteratorBase &)::[lambda() (instance 3)]::operator ()() const::[lambda() (instance 4)]::operator ()() const::[lambda(long) (instance 1)], std::array<char *, (unsigned long)2>, (int)4, TrivialOffsetCalculator<(int)1, unsigned int>, TrivialOffsetCalculator<(int)1, unsigned int>, at::native::memory::LoadWithCast<(int)1>, at::native::memory::StoreWithCast<(int)1>>(int, T1, T2, T4, T5, T6, T7)",0.00211347533632287,unresolved,False,0.15945281180995063,scene-0398,7.913352552840704e-05,2.1119999999999906e-05
0.001824,0.0019520000000000002,2,2,223,3.337616000040639e-05,i2-i30-0398,0.16698234697161118,"void at::native::vectorized_elementwise_kernel<(int)2, at::native::CUDAFunctorOnSelf_add<long>, std::array<char *, (unsigned long)2>>(int, T2, T3)",0.0018319013452914798,unresolved,False,0.17021091096758934,scene-0398,6.77478783476776e-05,-3.84000000000018e-06
0.14496199999999998,0.17516488,2,2,223,0.0014344118368104718,i2-i30-0398,0.10238908106979852,"void at::native::vectorized_elementwise_kernel<(int)4, at::native::<unnamed>::launch_clamp_scalar(at::TensorIteratorBase &, c10::Scalar, c10::Scalar, at::native::detail::ClampLimits)::[lambda() (instance 1)]::operator ()() const::[lambda() (instance 7)]::operator ()() const::[lambda(float) (instance 1)], std::array<char *, (unsigned long)2>>(int, T2, T3)",0.1460419192825112,unresolved,False,0.0905463094882147,scene-0398,0.005473307305774074,0.0005561599999999722
0.007520000000000001,0.00808918,8,8,223,0.00015167785188614116,i2-i30-0398,0.18411502495236506,"void at::native::vectorized_elementwise_kernel<(int)4, at::native::AUnaryFunctor<float, float, float, at::native::binary_internal::MulFunctor<float>>, std::array<char *, (unsigned long)2>>(int, T2, T3)",0.007588260089686098,unresolved,False,0.19128770132961884,scene-0398,0.00027395665032026563,-2.3400000000000677e-05
0.001248,0.001376,1,1,223,1.531448443487834e-05,i2-i30-0398,0.10064377148124319,"void at::native::vectorized_elementwise_kernel<(int)4, at::native::AUnaryFunctor<long, long, bool, at::native::<unnamed>::CompareEqFunctor<long>>, std::array<char *, (unsigned long)2>>(int, T2, T3)",0.001254340807174888,unresolved,False,0.1063178327382924,scene-0398,4.9767175355310526e-05,3.903999999999995e-05
0.001568,0.001696,1,1,223,2.6599129257414136e-05,i2-i30-0398,0.1957147155551532,"void at::native::vectorized_elementwise_kernel<(int)4, at::native::BinaryFunctor<bool, bool, bool, at::native::BitwiseAndFunctor<bool>>, std::array<char *, (unsigned long)3>>(int, T2, T3)",0.001577071748878924,unresolved,False,0.16164487686824347,scene-0398,5.685284489957038e-05,2.8159999999999947e-05
0.001408,0.001504,1,1,223,2.7811737914354802e-05,i2-i30-0398,0.19525105950481145,"void at::native::vectorized_elementwise_kernel<(int)4, at::native::BinaryFunctor<float, float, float, at::native::binary_internal::DivFunctor<float>>, std::array<char *, (unsigned long)3>>(int, T2, T3)",0.0014153363228699553,unresolved,False,0.17626746183792844,scene-0398,5.451332892444656e-05,-3.84000000000018e-06
0.001152,0.001248,1,1,223,2.2958583623555133e-05,i2-i30-0398,0.19842596566577675,"void at::native::vectorized_elementwise_kernel<(int)4, at::native::CUDAFunctorOnOther_add<float>, std::array<char *, (unsigned long)2>>(int, T2, T3)",0.0011527174887892375,unresolved,False,0.17629101779704678,scene-0398,4.499472823100186e-05,1.4079999999999865e-05
0.00384,0.004096,4,4,223,6.740543703632255e-05,i2-i30-0398,0.185289097682321,"void at::native::vectorized_elementwise_kernel<(int)4, at::native::CUDAFunctorOnSelf_add<float>, std::array<char *, (unsigned long)2>>(int, T2, T3)",0.003859134529147982,unresolved,False,0.17024928613191315,scene-0398,0.00013679063187650283,1.728000000000016e-05
0.00272,0.002912,3,3,223,5.725205144263045e-05,i2-i30-0398,0.1967567012183793,"void at::native::vectorized_elementwise_kernel<(int)4, at::native::CUDAFunctorOnSelf_add<long>, std::array<char *, (unsigned long)2>>(int, T2, T3)",0.00273595067264574,unresolved,False,0.19167137782138163,scene-0398,0.00010320019417628488,-2.176000000000001e-05
0.001952,0.0022969600000000002,1,1,223,7.508092875233995e-05,i2-i30-0398,0.2605053972267271,"void at::native::vectorized_elementwise_kernel<(int)4, at::native::CUDAFunctor_add<float>, std::array<char *, (unsigned long)3>>(int, T2, T3)",0.0019741121076233183,unresolved,False,0.18865171848556933,scene-0398,0.0001375040838742799,-8.83199999999998e-05
0.0028480000000000003,0.003072,3,3,223,5.407110759819054e-05,i2-i30-0398,0.17723537879231224,"void at::native::vectorized_elementwise_kernel<(int)4, at::native::CUDAFunctor_add<long>, std::array<char *, (unsigned long)3>>(int, T2, T3)",0.002876,unresolved,False,0.17882433548932095,scene-0398,0.00010446850320280731,2.815999999999973e-05
0.004,0.004224,5,5,223,8.481913615217233e-05,i2-i30-0398,0.24792732342470034,"void at::native::vectorized_elementwise_kernel<(int)4, at::native::FillFunctor<float>, std::array<char *, (unsigned long)1>>(int, T2, T3)",0.0040090627802690584,unresolved,False,0.23333085728952024,scene-0398,0.00012559385608556053,5.312000000000025e-05
0.000768,0.0008,1,1,223,1.5557958725547217e-05,i2-i30-0398,0.2738031005832271,"void at::native::vectorized_elementwise_kernel<(int)4, at::native::FillFunctor<long>, std::array<char *, (unsigned long)1>>(int, T2, T3)",0.0007555156950672647,unresolved,False,0.2600304734526979,scene-0398,2.067164769046858e-05,1.7920000000000045e-05
0.002656,0.002848,2,2,223,4.8565587567473496e-05,i2-i30-0398,0.20000484014798514,"void at::native::vectorized_elementwise_kernel<(int)4, at::native::bitwise_not_kernel_cuda(at::TensorIteratorBase &)::[lambda(bool) (instance 1)], std::array<char *, (unsigned long)2>>(int, T2, T3)",0.0026593273542600895,unresolved,False,0.1735903258682856,scene-0398,9.66606820688872e-05,3.2000000000000778e-06
0.001248,0.001344,1,1,223,2.6020363843438524e-05,i2-i30-0398,0.19097074231342062,"void at::native::vectorized_elementwise_kernel<(int)4, at::native::log_kernel_cuda(at::TensorIteratorBase &)::[lambda() (instance 2)]::operator ()() const::[lambda() (instance 2)]::operator ()() const::[lambda(float) (instance 1)], std::array<char *, (unsigned long)2>>(int, T2, T3)",0.0012593497757847536,unresolved,False,0.18600803727511833,scene-0398,4.8331289361446386e-05,2.1119999999999906e-05
0.002112,0.00226518,2,2,223,5.236343371726727e-05,i2-i30-0398,0.26161261862027785,"void at::native::vectorized_elementwise_kernel<(int)4, at::native::sigmoid_kernel_cuda(at::TensorIteratorBase &)::[lambda() (instance 2)]::operator ()() const::[lambda() (instance 2)]::operator ()() const::[lambda(float) (instance 1)], std::array<char *, (unsigned long)2>>(int, T2, T3)",0.002115896860986547,unresolved,False,0.22232264087050022,scene-0398,8.137502806107229e-05,2.1119999999999906e-05
0.002784,0.0030329600000000003,2,2,223,3.751907677951625e-05,i2-i30-0398,0.15869817866577526,"void at::native::vectorized_elementwise_kernel<(int)4, void at::native::compare_scalar_kernel<float>(at::TensorIteratorBase &, at::native::<unnamed>::OpType, T1)::[lambda(float) (instance 1)], std::array<char *, (unsigned long)2>>(int, T2, T3)",0.002809139013452915,unresolved,False,0.1208414167619701,scene-0398,0.0001072711808259703,1.0239999999999902e-05
0.001536,0.001632,2,2,223,3.872115669276257e-05,i2-i30-0398,0.25094425175894525,"void at_cuda_detail::cub::DeviceScanByKeyInitKernel<at_cuda_detail::cub::ReduceByKeyScanTileState<unsigned int, int, (bool)1>, at_cuda_detail::cub::TransformInputIterator<unsigned int, at::native::mbtopk::BlockIdxToKey, at_cuda_detail::cub::CountingInputIterator<unsigned int, unsigned int>, long>>(T1, T2, std::iterator_traits<T2>::value_type *, unsigned int, int)",0.001534713004484305,unresolved,False,0.22288431321849686,scene-0398,6.002270244217485e-05,-1.7920000000000045e-05
0.0041919999999999995,0.00444878,2,2,223,9.966391648029751e-05,i2-i30-0398,0.2487994701464471,"void at_cuda_detail::cub::DeviceScanByKeyKernel<at_cuda_detail::cub::DeviceScanByKeyPolicy<at_cuda_detail::cub::TransformInputIterator<unsigned int, at::native::mbtopk::BlockIdxToKey, at_cuda_detail::cub::CountingInputIterator<unsigned int, unsigned int>, long>, unsigned int, unsigned int, cuda::std::__4::plus<void>>::Policy900, at_cuda_detail::cub::TransformInputIterator<unsigned int, at::native::mbtopk::BlockIdxToKey, at_cuda_detail::cub::CountingInputIterator<unsigned int, unsigned int>, long>, unsigned int *, unsigned int *, at_cuda_detail::cub::ReduceByKeyScanTileState<unsigned int, int, (bool)1>, cuda::std::__4::equal_to<void>, cuda::std::__4::plus<void>, at_cuda_detail::cub::NullType, int, unsigned int, unsigned int>(T2, T11 *, T3, T4, T5, int, T6, T7, T8, T9)",0.0041991255605381165,unresolved,False,0.22224727149046394,scene-0398,0.00015493453679522323,-7.68000000000036e-06
0.000768,0.00082496,1,1,223,1.4828253952066848e-05,i2-i30-0398,0.3128445363271071,"void at_cuda_detail::cub::DeviceScanInitKernel<at_cuda_detail::cub::ScanTileState<long, (bool)1>>(T1, int)",0.000760542600896861,unresolved,False,0.2368500301344742,scene-0398,2.1630337573631095e-05,-7.039999999999933e-06
0.001248,0.001344,1,1,223,2.1751874993754002e-05,i2-i30-0398,0.27502723521034267,"void at_cuda_detail::cub::DeviceScanKernel<at_cuda_detail::cub::DeviceScanPolicy<long, std::plus<long>>::Policy900, const long *, long *, at_cuda_detail::cub::ScanTileState<long, (bool)1>, std::plus<long>, at_cuda_detail::cub::NullType, int, long>(T2, T3, T4, int, T5, T6, T7)",0.001242843049327354,unresolved,False,0.22350777347772158,scene-0398,3.362410961872858e-05,-1.4079999999999865e-05
0.830202,0.9093947499999999,3,3,226,0.0037112300081321536,i2-i30-0184,0.21203799882792979,_5x_cudnn_ampere_scudnn_128x128_relu_small_nn_v1,0.8327820044247788,backbone,False,0.11927205039167056,scene-0184,0.014985485043424724,0.009592750000000039
0.8285705,0.8694575,5,5,226,0.011335798331786754,i2-i30-0184,0.3920416232043631,_5x_cudnn_ampere_scudnn_128x32_relu_small_nn_v1,0.828194017699115,backbone,False,0.27984488267630264,scene-0184,0.019508611493789508,0.006328749999999883
0.34521999999999997,0.35379625,1,1,226,0.0024942688420076303,i2-i30-0184,0.4186288158537723,_5x_cudnn_ampere_scudnn_128x64_relu_medium_nn_v1,0.34515870796460174,backbone,False,0.30328080622930254,scene-0184,0.003960864215123327,-5.5499999999986116e-05
0.547877,0.572791,4,4,226,0.013998241620566163,i2-i30-0184,0.27411280387468584,ampere_sgemm_128x64_nn,0.5509304557522123,backbone,False,0.20291900063556587,scene-0184,0.033223271050459344,0.009520749999999967
0.475429,0.5078940000000001,3,3,226,0.005852182417317863,i2-i30-0184,0.32677498209826733,sm86_xmma_fprop_implicit_gemm_indexed_tf32f32_tf32f32_f32_nhwckrsc_nchw_tilesize128x64x32_stage4_warpsize2x2x1_g1_tensor16x8x8_alignc4_execute_kernel__5x_cudnn,0.47689591150442473,backbone,False,0.19370141295886095,scene-0184,0.01455045871189915,-0.00472800000000001
0.22387449999999998,0.24409874999999998,1,1,226,0.0032662034314888664,i2-i30-0184,0.40599745850370395,sm86_xmma_fprop_implicit_gemm_tf32f32_tf32f32_f32_nhwckrsc_nchw_tilesize128x128x16_stage3_warpsize2x2x1_g1_tensor16x8x8_alignc4_execute_kernel__5x_cudnn,0.22547309292035397,backbone,False,0.2631236643186625,scene-0184,0.005978261952210016,0.003505000000000008
0.544342,0.591198,3,3,226,0.007170037299290777,i2-i30-0184,0.39772632306670047,sm86_xmma_fprop_implicit_gemm_tf32f32_tf32f32_f32_nhwckrsc_nchw_tilesize128x128x32_stage3_warpsize2x2x1_g1_tensor16x8x8_alignc4_execute_kernel__5x_cudnn,0.5463654911504424,backbone,False,0.23643571392053367,scene-0184,0.014604946003433083,0.007688000000000028
0.17710599999999999,0.19025,1,1,226,0.0020285197928457373,i2-i30-0184,0.34515978004077275,sm86_xmma_fprop_implicit_gemm_tf32f32_tf32f32_f32_nhwckrsc_nhwc_tilesize128x128x16_stage3_warpsize2x2x1_g1_tensor16x8x8_execute_kernel__5x_cudnn,0.1780216814159292,backbone,False,0.2147483419802374,scene-0184,0.004549263042069322,0.0026400000000000035
0.2682275,0.27263525,1,1,226,-0.0005636226090824556,i2-i30-0184,-0.06378576543956285,"void at::native::<unnamed>::max_pool_forward_nchw<float>(int, const T1 *, long, long, long, int, int, int, int, int, int, int, int, int, int, T1 *, long *)",0.26887271238938054,backbone,False,-0.046315266602462345,scene-0184,0.005860785898365824,-0.0011120000000000574
1.5744359999999995,1.6571307499999997,49,49,226,0.012278660659787662,i2-i30-0184,0.2804793784847168,"void at::native::vectorized_elementwise_kernel<(int)4, at::native::<unnamed>::launch_clamp_scalar(at::TensorIteratorBase &, c10::Scalar, c10::Scalar, at::native::detail::ClampLimits)::[lambda() (instance 1)]::operator ()() const::[lambda() (instance 7)]::operator ()() const::[lambda(float) (instance 1)], std::array<char *, (unsigned long)2>>(int, T2, T3)",1.580482690265487,backbone,False,0.21710314037652853,scene-0184,0.027238081200557006,-0.0012530000000003927
2.2519454999999997,2.3551525000000004,16,16,226,0.005311397517186296,i2-i30-0184,0.18822143924846094,"void at::native::vectorized_elementwise_kernel<(int)4, at::native::CUDAFunctor_add<float>, std::array<char *, (unsigned long)3>>(int, T2, T3)",2.265107017699115,backbone,False,0.09130389138027174,scene-0184,0.028016323099216412,-0.02143274999999978
0.014544499999999998,0.015639999999999998,9,9,226,0.0002475970443894619,i2-i30-0184,0.294676329002125,"void cask__5x_cudnn::computeOffsetsKernel<(bool)0, (bool)0>(cask__5x_cudnn::ComputeOffsetsParams)",0.014529154867256637,backbone,False,0.2408383497834681,scene-0184,0.0004951210971014001,0.0002870000000000008
3.010051,3.1197282499999988,53,53,226,0.015373415144192945,i2-i30-0184,0.38744973988693304,"void cudnn::bn_fw_inf_1C11_kernel_NCHW<float, float, (bool)1, (int)1>(T2, T2, cudnnTensorStruct, const T1 *, cudnnTensorStruct, T1 *, cudnnTensorStruct, const T2 *, const T2 *, const T2 *, const T2 *, T2)",3.015442579646018,backbone,False,0.26031182756395504,scene-0184,0.028442520021645514,0.012630000000000585
0.4241309999999999,0.4627042500000001,32,32,226,0.00953449660057786,i2-i30-0184,0.35654125520399915,"void cudnn::engines_precompiled::nchwToNhwcKernel<float, float, float, (bool)0, (bool)1, (cudnnKernelDataType_t)2>(cudnn::engines_precompiled::nchw2nhwc_params_t<T3>, const T1 *, T2 *)",0.42684206637168143,backbone,False,0.24821674700666274,scene-0184,0.01849942829492192,-0.007830499999999962
0.044288,0.04860175,9,9,226,0.0008683814466526434,i2-i30-0184,0.36584511865383745,"void cudnn::engines_precompiled::nhwcToNchwKernel<float, float, float, (bool)1, (bool)0, (cudnnKernelDataType_t)0>(cudnn::engines_precompiled::nhwc2nchw_params_t<T3>, const T1 *, T2 *)",0.04450267699115044,backbone,False,0.3314748852979815,scene-0184,0.0012616867018869539,0.0006802500000000142
0.1527215,0.16684924999999998,2,2,226,0.0022496424818606634,i2-i30-0184,0.41942312409188004,void cutlass::Kernel2<cutlass_80_tensorop_s1688gemm_128x128_16x4_nn_align4>(T1::Params),0.15341241150442478,backbone,False,0.2870044062558112,scene-0184,0.0037749965485128025,0.0022489999999999732
0.47637350000000006,0.512989,6,6,226,0.005633905871013604,i2-i30-0184,0.4150751147657553,void cutlass::Kernel2<cutlass_80_tensorop_s1688gemm_128x128_16x5_nn_align4>(T1::Params),0.4785439601769912,backbone,False,0.2847755583298807,scene-0184,0.009527928585772585,0.007672249999999936
0.1467055,0.160106,1,1,226,0.006970153396404742,i2-i30-0184,0.006211982837143017,void cutlass::Kernel2<cutlass_80_tensorop_s1688gemm_128x128_32x3_nn_align1>(T1::Params),0.14903418141592917,backbone,False,0.1902669948305853,scene-0184,0.017642921259372935,0.0030879999999999797
0.214882,0.27161975,1,1,226,-0.0002484909760547213,i2-i30-0184,0.052070033923154325,void cutlass::Kernel2<cutlass_80_tensorop_s1688gemm_128x64_16x6_nn_align4>(T1::Params),0.21771930973451328,backbone,False,-0.008386708435651402,scene-0184,0.014269563735620983,-0.003609000000000029
0.3204035,0.34963675,2,2,226,0.0003170841173389313,i2-i30-0184,0.004779638430266037,void cutlass::Kernel2<cutlass_80_tensorop_s1688gemm_256x64_16x4_nn_align4>(T1::Params),0.320970703539823,backbone,False,0.030163783330640518,scene-0184,0.005062677871948817,0.0055365
0.1378415,0.150218,1,1,226,0.0015989581527209966,i2-i30-0184,0.38701681074283595,void cutlass::Kernel2<cutlass_80_tensorop_s1688gemm_64x128_32x3_nn_align4>(T1::Params),0.13869212831858405,backbone,False,0.25914150618558396,scene-0184,0.0029716094975043793,0.0019602500000000245
0.265523,0.28469924999999996,3,3,226,0.0026650017828977143,i2-i30-0184,0.39560431139910224,void cutlass::Kernel2<cutlass_80_tensorop_s1688gemm_64x128_32x4_nn_align1>(T1::Params),0.26678842920353985,backbone,False,0.24367523511562583,scene-0184,0.00526717476845491,0.003471999999999975
0.6455595000000001,0.6844319999999999,8,8,226,0.006445281388337776,i2-i30-0184,0.36273481914222455,void cutlass::Kernel2<cutlass_80_tensorop_s1688gemm_64x64_16x6_nn_align4>(T1::Params),0.6476095000000002,backbone,False,0.27083163044047603,scene-0184,0.011461306243896097,0.01039224999999988
0.8557855,0.937859,5,5,226,0.021816374380730547,i2-i30-0184,0.1846189041697048,void cutlass__5x_cudnn::Kernel<cutlass_tensorop_s1688fprop_optimized_tf32_128x64_32x3_nhwc_align4>(T1::Params),0.8625611504424779,backbone,False,0.27735220455408327,scene-0184,0.03788284387253909,0.013632500000000047
0.516214,0.56598225,3,3,226,0.010580363203610247,i2-i30-0184,0.26791629847836995,void cutlass__5x_cudnn::Kernel<cutlass_tensorop_s1688fprop_optimized_tf32_64x64_32x5_nhwc_align4>(T1::Params),0.5194278761061948,backbone,False,0.31009183369724974,scene-0184,0.016432432837474236,0.007112750000000112
0.1988175,0.2054175,12,12,226,0.0003904768768989868,i2-i30-0184,0.0899149774614595,ampere_sgemm_32x128_tn,0.19662034955752214,bbox_head,False,0.028420936154439712,scene-0184,0.00661680842422858,-0.010189750000000025
0.07929649999999999,0.081752,12,12,226,-4.314750860595746e-06,i2-i30-0184,0.03857035680012017,ampere_sgemm_32x32_sliced1x4_tn,0.07857064601769911,bbox_head,False,-0.000861457823891694,scene-0184,0.0024122000548845494,-0.004259499999999999
0.001696,0.001848,1,1,226,6.737027481613622e-06,i2-i30-0184,0.12063772678876922,"void at::native::<unnamed>::CatArrayBatchedCopy_aligned16_contig<at::native::<unnamed>::OpaqueType<(unsigned int)4>, unsigned int, (int)2, (int)128, (int)1>(T1 *, at::native::<unnamed>::CatArrInputTensorMetadata<T1, T2, T4, T5>, at::native::<unnamed>::TensorSizeStride<T2, (unsigned int)4>, int, T2)",0.0016896283185840707,bbox_head,False,0.056184112202819055,scene-0184,5.774925884522538e-05,-4.0000000000000105e-05
0.005664000000000001,0.006512,2,2,226,2.8985106722334035e-05,i2-i30-0184,0.11910283269818538,"void at::native::<unnamed>::CatArrayBatchedCopy_aligned16_contig<at::native::<unnamed>::OpaqueType<(unsigned int)4>, unsigned int, (int)3, (int)128, (int)1>(T1 *, at::native::<unnamed>::CatArrInputTensorMetadata<T1, T2, T4, T5>, at::native::<unnamed>::TensorSizeStride<T2, (unsigned int)4>, int, T2)",0.005657681415929204,bbox_head,False,0.06612516082330365,scene-0184,0.0002111056131895101,-0.00030400000000000045
0.00304,0.003136,2,2,226,8.931956381035955e-06,i2-i30-0184,0.12011189440342948,"void at::native::elementwise_kernel<(int)128, (int)2, void at::native::gpu_kernel_impl_nocast<at::native::<unnamed>::launch_clamp_scalar(at::TensorIteratorBase &, c10::Scalar, c10::Scalar, at::native::detail::ClampLimits)::[lambda() (instance 1)]::operator ()() const::[lambda() (instance 7)]::operator ()() const::[lambda(float) (instance 1)]>(at::TensorIteratorBase &, const T1 &)::[lambda(int) (instance 1)]>(int, T3)",0.0030054646017699115,bbox_head,False,0.04506935275586455,scene-0184,9.544581506918964e-05,-0.00011999999999999988
0.00784,0.008056,6,6,226,1.376206641724819e-05,i2-i30-0184,0.09955273114069418,"void at::native::elementwise_kernel<(int)128, (int)2, void at::native::gpu_kernel_impl_nocast<at::native::AUnaryFunctor<float, float, float, at::native::binary_internal::MulFunctor<float>>>(at::TensorIteratorBase &, const T1 &)::[lambda(int) (instance 1)]>(int, T3)",0.007766606194690266,bbox_head,False,0.02721003642106472,scene-0184,0.00024358253449717658,-0.00027199999999999967
0.001568,0.001752,1,1,226,2.0375202876274798e-05,i2-i30-0184,0.05011652534536726,"void at::native::elementwise_kernel<(int)128, (int)2, void at::native::gpu_kernel_impl_nocast<at::native::BinaryFunctor<float, float, float, at::native::binary_internal::DivFunctor<float>>>(at::TensorIteratorBase &, const T1 &)::[lambda(int) (instance 1)]>(int, T3)",0.0015641814159292034,bbox_head,False,0.12437096697529271,scene-0184,7.889955421060573e-05,1.5999999999999955e-05
0.005312,0.0054399999999999995,4,4,226,1.619284250092273e-05,i2-i30-0184,0.12167081874895097,"void at::native::elementwise_kernel<(int)128, (int)2, void at::native::gpu_kernel_impl_nocast<at::native::CUDAFunctor_add<float>>(at::TensorIteratorBase &, const T1 &)::[lambda(int) (instance 1)]>(int, T3)",0.0052432212389380535,bbox_head,False,0.046405254442094555,scene-0184,0.0001680534962504642,-0.00019999999999999966
0.0064,0.006585,5,5,226,2.2496316103877516e-05,i2-i30-0184,0.12000458318614068,"void at::native::elementwise_kernel<(int)128, (int)2, void at::native::gpu_kernel_impl_nocast<at::native::direct_copy_kernel_cuda(at::TensorIteratorBase &)::[lambda() (instance 3)]::operator ()() const::[lambda() (instance 7)]::operator ()() const::[lambda(float) (instance 1)]>(at::TensorIteratorBase &, const T1 &)::[lambda(int) (instance 1)]>(int, T3)",0.006332539823008849,bbox_head,False,0.05331102279377256,scene-0184,0.00020322915421290455,-0.00027250000000000017
0.003552,0.003648,1,1,226,3.7687134519071628e-06,i2-i30-0184,0.08697773954781984,"void at::native::index_elementwise_kernel<(int)128, (int)4, void at::native::gpu_index_kernel<void at::native::index_kernel_impl<at::native::OpaqueType<(int)4>>(at::TensorIteratorBase &, c10::ArrayRef<long>, c10::ArrayRef<long>)::[lambda(char *, const char *, long) (instance 1)]>(at::TensorIteratorBase &, c10::ArrayRef<long>, c10::ArrayRef<long>, const T1 &)::[lambda(int) (instance 1)]>(long, T3)",0.00350770796460177,bbox_head,False,0.014766428897980494,scene-0184,0.00012291623749932269,-0.00015999999999999999
0.001088,0.00112,1,1,226,1.2876272544888184e-06,i2-i30-0184,0.08075712791787702,"void at::native::mbtopk::computeBlockwiseKthCounts<unsigned int>(T1 *, short *, unsigned int, unsigned int, unsigned int *)",0.0010909734513274336,bbox_head,False,0.016790655927389993,scene-0184,3.693296011634583e-05,-3.999999999999989e-05
0.005952000000000001,0.006136,4,4,226,2.757671016776008e-05,i2-i30-0184,0.12008757398033465,"void at::native::mbtopk::computeBlockwiseWithinKCounts<unsigned int>(T1 *, short *, unsigned int, int, bool, unsigned int *, unsigned int)",0.0058908982300884954,bbox_head,False,0.0701598345259528,scene-0184,0.00018929777847328424,-0.00025600000000000015
0.0008,0.000832,1,1,226,-1.0375890866552721e-06,i2-i30-0184,0.001192161775016259,"void at::native::mbtopk::fill<unsigned int, unsigned int>(T1 *, T1, T2)",0.0007908097345132744,bbox_head,False,-0.018085806998839295,scene-0184,2.7629887833638198e-05,-3.200000000000002e-05
0.00384,0.004,1,1,226,-1.2412673980468705e-05,i2-i30-0184,0.045798877594161326,"void at::native::mbtopk::gatherTopK<float, unsigned int, (int)1>(at::cuda::detail::TensorInfo<const T1, T2>, T2, T2, bool, unsigned int, T2, at::cuda::detail::TensorInfo<T1, T2>, T2, at::cuda::detail::TensorInfo<long, T2>, T2, unsigned int, unsigned int, T1 *, unsigned int *, unsigned int *, unsigned int)",0.0037955973451327435,bbox_head,False,-0.03852274452047899,scene-0184,0.00015518142905049956,-0.00013599999999999984
0.016128,0.016568,4,4,226,3.567182128116894e-05,i2-i30-0184,0.10732944897348423,"void at::native::mbtopk::radixFindKthValues<float, unsigned int, unsigned int, (int)1>(at::cuda::detail::TensorInfo<const T1, T2>, unsigned int, unsigned int *, unsigned int, T2, int, int, unsigned int, T3, unsigned int *, T3 *, short *, T1 *)",0.015964601769911504,bbox_head,False,0.03380514705879222,scene-0184,0.0005081993118136237,-0.0008480000000000015
0.01344,0.013792,1,1,226,3.22311962879432e-05,i2-i30-0184,0.11156350370326527,"void at::native::radixSortKVInPlace<(int)-2, (int)-1, (int)32, (int)32, float, long, unsigned int>(at::cuda::detail::TensorInfo<T5, T7>, T7, T7, T7, at::cuda::detail::TensorInfo<T6, T7>, T7, bool)",0.013300654867256637,bbox_head,False,0.035377542901819235,scene-0184,0.000438773487028088,-0.0006570000000000013
0.037599999999999995,0.038495999999999996,30,30,226,5.956314632628447e-05,i2-i30-0184,0.09712575933522004,"void at::native::vectorized_elementwise_kernel<(int)4, at::native::<unnamed>::launch_clamp_scalar(at::TensorIteratorBase &, c10::Scalar, c10::Scalar, at::native::detail::ClampLimits)::[lambda() (instance 1)]::operator ()() const::[lambda() (instance 7)]::operator ()() const::[lambda(float) (instance 1)], std::array<char *, (unsigned long)2>>(int, T2, T3)",0.03722590265486726,bbox_head,False,0.024708422994866572,scene-0184,0.0011609786188193927,-0.0016474999999999962
0.001408,0.00144,1,1,226,2.5217151526619446e-06,i2-i30-0184,0.09441013030789233,"void at::native::vectorized_elementwise_kernel<(int)4, at::native::BUnaryFunctor<long, long, long, at::native::binary_internal::div_floor_kernel_cuda(at::TensorIteratorBase &)::[lambda() (instance 1)]::operator ()() const::[lambda() (instance 4)]::operator ()() const::[lambda(long, long) (instance 1)]>, std::array<char *, (unsigned long)2>>(int, T2, T3)",0.0013878938053097343,bbox_head,False,0.0249535834068949,scene-0184,4.866925813374938e-05,-7.999999999999999e-05
0.001344,0.00144,1,1,226,-6.477534142871708e-07,i2-i30-0184,0.07186202286968306,"void at::native::vectorized_elementwise_kernel<(int)4, at::native::BUnaryFunctor<long, long, long, at::native::remainder_kernel_cuda(at::TensorIteratorBase &)::[lambda() (instance 1)]::operator ()() const::[lambda() (instance 4)]::operator ()() const::[lambda(long, long) (instance 1)]>, std::array<char *, (unsigned long)2>>(int, T2, T3)",0.001324907079646018,bbox_head,False,-0.006169167376002737,scene-0184,5.056788343241551e-05,-6.325000000000016e-05
0.006416000000000001,0.006592000000000001,6,6,226,8.099129612004048e-06,i2-i30-0184,0.09210116947379932,"void at::native::vectorized_elementwise_kernel<(int)4, at::native::BinaryFunctor<float, float, float, at::native::binary_internal::DivFunctor<float>>, std::array<char *, (unsigned long)3>>(int, T2, T3)",0.00635445575221239,bbox_head,False,0.018692819346929523,scene-0184,0.00020866766626573513,-0.00031999999999999997
0.005728,0.0059125,6,6,226,1.1243372574269876e-05,i2-i30-0184,0.10929191120099194,"void at::native::vectorized_elementwise_kernel<(int)4, at::native::CUDAFunctorOnOther_add<float>, std::array<char *, (unsigned long)2>>(int, T2, T3)",0.0056674646017699105,bbox_head,False,0.02907004006120247,scene-0184,0.0001862698610520388,-0.0002557499999999999
0.005889,0.006103999999999999,6,6,226,1.4388461467058363e-05,i2-i30-0184,0.10611552716424673,"void at::native::vectorized_elementwise_kernel<(int)4, at::native::CUDAFunctor_add<float>, std::array<char *, (unsigned long)3>>(int, T2, T3)",0.00584616371681416,bbox_head,False,0.035830446497257695,scene-0184,0.0001933987917899986,-0.00017599999999999994
0.006175999999999999,0.006360000000000001,6,6,226,4.027631901668775e-07,i2-i30-0184,0.06602927260108268,"void at::native::vectorized_elementwise_kernel<(int)4, at::native::log_kernel_cuda(at::TensorIteratorBase &)::[lambda() (instance 2)]::operator ()() const::[lambda() (instance 2)]::operator ()() const::[lambda(float) (instance 1)], std::array<char *, (unsigned long)2>>(int, T2, T3)",0.0061250796460177,bbox_head,False,0.00094862192688647,scene-0184,0.00020447877366061936,-0.00028000000000000073
0.007808,0.008,7,7,226,9.512941717868211e-06,i2-i30-0184,0.08971576885099214,"void at::native::vectorized_elementwise_kernel<(int)4, at::native::sigmoid_kernel_cuda(at::TensorIteratorBase &)::[lambda() (instance 2)]::operator ()() const::[lambda() (instance 2)]::operator ()() const::[lambda(float) (instance 1)], std::array<char *, (unsigned long)2>>(int, T2, T3)",0.007706420353982301,bbox_head,False,0.018421758594391838,scene-0184,0.00024869976093703876,-0.00030374999999999933
0.001568,0.001632,2,2,226,7.624861372237683e-06,i2-i30-0184,0.13300025506025875,"void at_cuda_detail::cub::DeviceScanByKeyInitKernel<at_cuda_detail::cub::ReduceByKeyScanTileState<unsigned int, int, (bool)1>, at_cuda_detail::cub::TransformInputIterator<unsigned int, at::native::mbtopk::BlockIdxToKey, at_cuda_detail::cub::CountingInputIterator<unsigned int, unsigned int>, long>>(T1, T2, std::iterator_traits<T2>::value_type *, unsigned int, int)",0.0015683008849557527,bbox_head,False,0.0691836867419044,scene-0184,5.3078650101165794e-05,-7.999999999999978e-05
0.0041919999999999995,0.00432,2,2,226,5.909496245210052e-06,i2-i30-0184,0.10250673454858054,"void at_cuda_detail::cub::DeviceScanByKeyKernel<at_cuda_detail::cub::DeviceScanByKeyPolicy<at_cuda_detail::cub::TransformInputIterator<unsigned int, at::native::mbtopk::BlockIdxToKey, at_cuda_detail::cub::CountingInputIterator<unsigned int, unsigned int>, long>, unsigned int, unsigned int, cuda::std::__4::plus<void>>::Policy900, at_cuda_detail::cub::TransformInputIterator<unsigned int, at::native::mbtopk::BlockIdxToKey, at_cuda_detail::cub::CountingInputIterator<unsigned int, unsigned int>, long>, unsigned int *, unsigned int *, at_cuda_detail::cub::ReduceByKeyScanTileState<unsigned int, int, (bool)1>, cuda::std::__4::equal_to<void>, cuda::std::__4::plus<void>, at_cuda_detail::cub::NullType, int, unsigned int, unsigned int>(T2, T11 *, T3, T4, T5, int, T6, T7, T8, T9)",0.004145336283185841,bbox_head,False,0.021375314305851784,scene-0184,0.0001331464434718185,-0.00022400000000000024
0.009760000000000001,0.010016,6,6,226,1.751185841933529e-05,i2-i30-0184,0.11290865401984038,"void cublasLt::splitKreduce_kernel<(int)32, (int)16, int, float, float, float, (bool)0, float, float, float, (bool)1, (bool)1, (bool)0>(cublasLt::cublasSplitKParams<T6>, const T4 *, const T9 *, T8 *, T5 *, const T6 *, const T6 *, const T10 *, const T4 *, T10 *, void *, long, T6 *, int *, T6 *, const T6 *, const T6 *, const T6 *, const T6 *)",0.009639455752212388,bbox_head,False,0.026552817678566987,scene-0184,0.00031762395014521517,-0.0003604999999999997
0.02064,0.021520249999999998,1,1,226,-0.00021545786561681112,i2-i30-0184,-0.13469367131598836,"void at::native::elementwise_kernel<(int)128, (int)2, void at::native::gpu_kernel_impl_nocast<at::native::BinaryFunctor<float, float, float, at::native::binary_internal::DivFunctor<float>>>(at::TensorIteratorBase &, const T1 &)::[lambda(int) (instance 1)]>(int, T3)",0.02058512831858407,data_preprocessor,False,-0.18461168453623603,scene-0184,0.0005620756699551936,0.0006399999999999982
0.015104,0.016288,1,1,226,-3.732617226039142e-06,i2-i30-0184,0.0011846171779038427,"void at::native::elementwise_kernel<(int)128, (int)2, void at::native::gpu_kernel_impl_nocast<at::native::CUDAFunctor_add<float>>(at::TensorIteratorBase &, const T1 &)::[lambda(int) (instance 1)]>(int, T3)",0.015128539823008848,data_preprocessor,False,-0.003919779894334013,scene-0184,0.0004586098663091265,-2.32500000000007e-05
0.023104,0.02524875,1,1,226,0.0006041920889873036,i2-i30-0184,0.39144871922427654,"void at::native::index_elementwise_kernel<(int)128, (int)4, void at::native::gpu_index_kernel<void at::native::index_kernel_impl<at::native::OpaqueType<(int)1>>(at::TensorIteratorBase &, c10::ArrayRef<long>, c10::ArrayRef<long>)::[lambda(char *, const char *, long) (instance 1)]>(at::TensorIteratorBase &, c10::ArrayRef<long>, c10::ArrayRef<long>, const T1 &)::[lambda(int) (instance 1)]>(long, T3)",0.023100393805309736,data_preprocessor,False,0.3114477019720424,scene-0184,0.0009342896169176932,0.0006234999999999991
0.014159999999999999,0.017688000000000002,1,1,226,0.0006802002812661006,i2-i30-0184,0.3346787104951524,"void at::native::unrolled_elementwise_kernel<at::native::direct_copy_kernel_cuda(at::TensorIteratorBase &)::[lambda() (instance 3)]::operator ()() const::[lambda() (instance 7)]::operator ()() const::[lambda(float) (instance 1)], std::array<char *, (unsigned long)2>, (int)4, TrivialOffsetCalculator<(int)1, unsigned int>, TrivialOffsetCalculator<(int)1, unsigned int>, at::native::memory::LoadWithCast<(int)1>, at::native::memory::StoreWithCast<(int)1>>(int, T1, T2, T4, T5, T6, T7)",0.014596150442477876,data_preprocessor,False,0.22732997655634843,scene-0184,0.001441025674672792,0.00035174999999999963
0.88161,0.9131687500000001,6,6,226,0.00509823918173094,i2-i30-0184,0.1900993239606889,ampere_sgemm_128x128_nn,0.8771056017699116,decoder,False,0.09849100981794129,scene-0184,0.024929595667977575,-0.036945000000000006
0.31720250000000005,0.34045975000000006,6,6,226,0.004002394500610999,i2-i30-0184,0.23519469017329708,ampere_sgemm_128x128_tn,0.3172434292035398,decoder,False,0.15948786180410435,scene-0184,0.012086035794555994,-0.01971974999999998
1.8286755000000001,1.8899327500000003,18,18,226,0.016945664843510032,i2-i30-0184,0.2705814834648495,ampere_sgemm_128x64_tn,1.8250778495575222,decoder,False,0.2248178341065965,scene-0184,0.03630107378875047,-0.04604499999999989
0.87708,0.9219777499999999,54,54,226,0.004562020828743675,i2-i30-0184,0.1771528346673087,ampere_sgemm_32x128_tn,0.8751653097345133,decoder,False,0.08167541587322377,scene-0184,0.026900325058265506,-0.048455999999999944
0.08628849999999999,0.08918475000000001,12,12,226,0.00037341426824386205,i2-i30-0184,0.1807718666117031,ampere_sgemm_32x32_sliced1x4_tn,0.08608206194690265,decoder,False,0.07973147968337155,scene-0184,0.0022555512690107552,-0.0036479999999999985
0.48651750000000005,0.49831000000000003,6,6,226,0.002696617979418327,i2-i30-0184,0.20339509956517127,ampere_sgemm_64x64_tn,0.4862315132743363,decoder,False,0.2071224099797521,scene-0184,0.00627023696128852,-0.010304249999999904
0.0048000000000000004,0.005024,6,6,226,3.584476671822016e-05,i2-i30-0184,0.19945713132101922,"void <unnamed>::elementwise_kernel_with_index<int, at::native::arange_cuda_out(const c10::Scalar &, const c10::Scalar &, const c10::Scalar &, at::Tensor &)::[lambda() (instance 1)]::operator ()() const::[lambda() (instance 7)]::operator ()() const::[lambda(long) (instance 1)]>(T1, T2, function_traits<T2>::result_type *)",0.004787150442477876,decoder,False,0.10913298292064108,scene-0184,0.00015818356208520374,-0.0001752499999999992
0.6468545000000001,0.6907749999999999,6,6,226,0.0025395553218035484,i2-i30-0184,0.014749896175296836,"void <unnamed>::softmax_warp_forward<float, float, float, (int)10, (bool)0, (bool)0>(T2 *, const T1 *, int, int, int, const bool *, int, bool)",0.6511235619469027,decoder,False,0.07478302940812616,scene-0184,0.01635483784257068,0.017032500000000117
0.0104005,0.0108085,6,6,226,5.446192932738658e-05,i2-i30-0184,0.18681675826953192,"void <unnamed>::softmax_warp_forward<float, float, float, (int)4, (bool)0, (bool)0>(T2 *, const T1 *, int, int, int, const bool *, int, bool)",0.010346318584070795,decoder,False,0.07539491182380952,scene-0184,0.00034789052711761497,-0.0005759999999999984
0.046529,0.047856749999999997,14,14,226,0.0002066859691359051,i2-i30-0184,0.16255660255705268,"void at::native::<unnamed>::CatArrayBatchedCopy_aligned16_contig<at::native::<unnamed>::OpaqueType<(unsigned int)4>, unsigned int, (int)3, (int)128, (int)1>(T1 *, at::native::<unnamed>::CatArrInputTensorMetadata<T1, T2, T4, T5>, at::native::<unnamed>::TensorSizeStride<T2, (unsigned int)4>, int, T2)",0.04637104867256637,decoder,False,0.09488985259313645,scene-0184,0.0010490177632158973,-0.0011940000000000006
0.10830500000000001,0.11268350000000002,24,24,226,0.0006436484568738451,i2-i30-0184,0.18901903348979876,"void at::native::<unnamed>::CatArrayBatchedCopy_aligned16_contig<at::native::<unnamed>::OpaqueType<(unsigned int)4>, unsigned int, (int)4, (int)128, (int)1>(T1 *, at::native::<unnamed>::CatArrInputTensorMetadata<T1, T2, T4, T5>, at::native::<unnamed>::TensorSizeStride<T2, (unsigned int)4>, int, T2)",0.1078387389380531,decoder,False,0.09291246495909357,scene-0184,0.0033363097835287544,-0.005201500000000012
0.11235299999999998,0.117273,24,24,226,0.00035422752192587294,i2-i30-0184,0.1656819743399284,"void at::native::<unnamed>::vectorized_layer_norm_kernel<float, float>(int, T2, const T1 *, const T1 *, const T1 *, T2 *, T2 *, T1 *)",0.11216629203539825,decoder,False,0.058736396044030345,scene-0184,0.0029044681879026187,-0.006103249999999991
0.03382399999999999,0.035128,24,24,226,0.0001970500365935722,i2-i30-0184,0.18962323044502777,"void at::native::elementwise_kernel<(int)128, (int)2, void at::native::gpu_kernel_impl_nocast<at::native::AUnaryFunctor<float, float, float, at::native::binary_internal::MulFunctor<float>>>(at::TensorIteratorBase &, const T1 &)::[lambda(int) (instance 1)]>(int, T3)",0.0336543628318584,decoder,False,0.08676606729752928,scene-0184,0.0010937504007539818,-0.0015125
0.04187249999999999,0.04350425,24,24,226,0.0002663637929229274,i2-i30-0184,0.193561895725194,"void at::native::elementwise_kernel<(int)128, (int)2, void at::native::gpu_kernel_impl_nocast<at::native::BinaryFunctor<float, float, float, at::native::binary_internal::DivFunctor<float>>>(at::TensorIteratorBase &, const T1 &)::[lambda(int) (instance 1)]>(int, T3)",0.041673442477876105,decoder,False,0.09465220098359757,scene-0184,0.0013553020395368032,-0.0019197499999999978
0.032336500000000004,0.0336565,12,12,226,0.0001216593602551268,i2-i30-0184,0.1371599997998307,"void at::native::elementwise_kernel<(int)128, (int)2, void at::native::gpu_kernel_impl_nocast<at::native::BinaryFunctor<float, float, float, at::native::binary_internal::MulFunctor<float>>>(at::TensorIteratorBase &, const T1 &)::[lambda(int) (instance 1)]>(int, T3)",0.03221195132743363,decoder,False,0.0654203956696672,scene-0184,0.0008956204070699736,-0.0007525000000000032
0.007776,0.008176,6,6,226,4.2167620448593705e-05,i2-i30-0184,0.193861480804351,"void at::native::elementwise_kernel<(int)128, (int)2, void at::native::gpu_kernel_impl_nocast<at::native::BinaryFunctor<long, long, long, at::native::binary_internal::MulFunctor<long>>>(at::TensorIteratorBase &, const T1 &)::[lambda(int) (instance 1)]>(int, T3)",0.007740964601769912,decoder,False,0.0860394692426907,scene-0184,0.00023603314336055506,-0.00019200000000000033
0.01728,0.018008,6,6,226,2.558773131433444e-05,i2-i30-0184,0.11457235811337424,"void at::native::elementwise_kernel<(int)128, (int)2, void at::native::gpu_kernel_impl_nocast<at::native::CUDAFunctor_add<float>>(at::TensorIteratorBase &, const T1 &)::[lambda(int) (instance 1)]>(int, T3)",0.017217013274336283,decoder,False,0.029021933451871536,scene-0184,0.0004246166879459627,-0.0005679999999999991
0.03988850000000001,0.04136800000000001,24,24,226,0.0002602162273837797,i2-i30-0184,0.1953734261144533,"void at::native::elementwise_kernel<(int)128, (int)2, void at::native::gpu_kernel_impl_nocast<at::native::cos_kernel_cuda(at::TensorIteratorBase &)::[lambda() (instance 2)]::operator ()() const::[lambda() (instance 2)]::operator ()() const::[lambda(float) (instance 1)]>(at::TensorIteratorBase &, const T1 &)::[lambda(int) (instance 1)]>(int, T3)",0.03964012831858407,decoder,False,0.09642643548827218,scene-0184,0.001299660386678954,-0.001933750000000005
0.016032,0.016832,6,6,226,8.003937160855336e-05,i2-i30-0184,0.17353221170258964,"void at::native::elementwise_kernel<(int)128, (int)2, void at::native::gpu_kernel_impl_nocast<at::native::direct_copy_kernel_cuda(at::TensorIteratorBase &)::[lambda() (instance 3)]::operator ()() const::[lambda() (instance 7)]::operator ()() const::[lambda(float) (instance 1)]>(at::TensorIteratorBase &, const T1 &)::[lambda(int) (instance 1)]>(int, T3)",0.01593280088495575,decoder,False,0.07202611147540841,scene-0184,0.000535186709789677,-0.0011117500000000016
0.0397125,0.04124,24,24,226,0.0002425600911716452,i2-i30-0184,0.19281082252206302,"void at::native::elementwise_kernel<(int)128, (int)2, void at::native::gpu_kernel_impl_nocast<at::native::sin_kernel_cuda(at::TensorIteratorBase &)::[lambda() (instance 2)]::operator ()() const::[lambda() (instance 2)]::operator ()() const::[lambda(float) (instance 1)]>(at::TensorIteratorBase &, const T1 &)::[lambda(int) (instance 1)]>(int, T3)",0.03951427876106194,decoder,False,0.09106653870524017,scene-0184,0.001282779868957951,-0.0019597499999999962
0.013056000000000002,0.013632000000000002,6,6,226,9.349434340654792e-05,i2-i30-0184,0.1988250711070329,"void at::native::elementwise_kernel<(int)128, (int)4, void at::native::gpu_kernel_impl<at::native::<unnamed>::pow_tensor_tensor_kernel(at::TensorIteratorBase &)::[lambda() (instance 1)]::operator ()() const::[lambda() (instance 7)]::operator ()() const::[lambda(float, float) (instance 1)]>(at::TensorIteratorBase &, const T1 &)::[lambda(int) (instance 1)]>(int, T3)",0.012994407079646017,decoder,False,0.09663649354317684,scene-0184,0.0004659462184994631,-0.0006080000000000009
0.10451250000000001,0.11246575,6,6,226,0.000662728409446561,i2-i30-0184,0.18290830783190473,"void at::native::reduce_kernel<(int)128, (int)4, at::native::ReduceOp<float, at::native::MeanOps<float, float, float, float>, unsigned int, float, (int)4>>(T3)",0.10459969026548672,decoder,False,0.08704619198321413,scene-0184,0.0036667173199013497,-0.00780175000000001
0.012928,0.013431999999999998,6,6,226,6.137878389718567e-05,i2-i30-0184,0.18881157986101488,"void at::native::reduce_kernel<(int)512, (int)1, at::native::ReduceOp<long, at::native::func_wrapper_t<long, at::native::sum_functor<long, long, long>::operator ()(at::TensorIterator &)::[lambda(long, long) (instance 1)]>, unsigned int, long, (int)4>>(T3)",0.012853823008849557,decoder,False,0.07826848178338854,scene-0184,0.00037767913126919816,-0.0005269999999999962
0.08936200000000002,0.09129749999999998,42,42,226,0.00042089477229193103,i2-i30-0184,0.20010966065992486,"void at::native::vectorized_elementwise_kernel<(int)4, at::native::<unnamed>::launch_clamp_scalar(at::TensorIteratorBase &, c10::Scalar, c10::Scalar, at::native::detail::ClampLimits)::[lambda() (instance 1)]::operator ()() const::[lambda() (instance 7)]::operator ()() const::[lambda(float) (instance 1)], std::array<char *, (unsigned long)2>>(int, T2, T3)",0.08904931415929206,decoder,False,0.12727214034888698,scene-0184,0.0015926920143679317,-0.00175999999999997
0.029056,0.030456000000000007,18,18,226,8.452314300725978e-05,i2-i30-0184,0.0914551133692641,"void at::native::vectorized_elementwise_kernel<(int)4, at::native::AUnaryFunctor<float, float, float, at::native::binary_internal::MulFunctor<float>>, std::array<char *, (unsigned long)2>>(int, T2, T3)",0.029044606194690268,decoder,False,0.056670685859195796,scene-0184,0.0007183048319780704,-0.00019175000000000095
0.0066560000000000005,0.006976,6,6,226,3.120539211202587e-05,i2-i30-0184,0.16552092245971373,"void at::native::vectorized_elementwise_kernel<(int)4, at::native::AUnaryFunctor<long, long, bool, at::native::<unnamed>::CompareEqFunctor<long>>, std::array<char *, (unsigned long)2>>(int, T2, T3)",0.006640473451327434,decoder,False,0.08135243638857613,scene-0184,0.00018473564394757574,-0.0002959999999999985
0.015776,0.01651275,12,12,226,1.1046048536936474e-05,i2-i30-0184,0.08308302645654171,"void at::native::vectorized_elementwise_kernel<(int)4, at::native::BUnaryFunctor<float, float, float, at::native::binary_internal::MulFunctor<float>>, std::array<char *, (unsigned long)2>>(int, T2, T3)",0.015765946902654867,decoder,False,0.014508902475177539,scene-0184,0.0003666603970136319,-0.000512000000000002
0.00648,0.00672,6,6,226,2.8272215590845845e-05,i2-i30-0184,0.1607863954913037,"void at::native::vectorized_elementwise_kernel<(int)4, at::native::BinaryFunctor<float, float, float, at::native::binary_internal::DivFunctor<float>>, std::array<char *, (unsigned long)3>>(int, T2, T3)",0.0064431061946902644,decoder,False,0.06388502317370605,scene-0184,0.00021313383816389954,-0.00030499999999999885
0.005792,0.0060079999999999995,6,6,226,3.193641304779962e-05,i2-i30-0184,0.18520633806874534,"void at::native::vectorized_elementwise_kernel<(int)4, at::native::CUDAFunctorOnOther_add<float>, std::array<char *, (unsigned long)2>>(int, T2, T3)",0.0057488539823008855,decoder,False,0.08139333664787994,scene-0184,0.00018896827684106892,-0.00025600000000000015
0.1059685,0.10891199999999998,42,42,226,0.0003858397236855011,i2-i30-0184,0.1813788186659438,"void at::native::vectorized_elementwise_kernel<(int)4, at::native::CUDAFunctor_add<float>, std::array<char *, (unsigned long)3>>(int, T2, T3)",0.10584823451327437,decoder,False,0.09750621192306669,scene-0184,0.0019057515073679957,-0.0026237499999999803
0.008208,0.008480999999999999,6,6,226,3.27719645629189e-05,i2-i30-0184,0.17612671628651075,"void at::native::vectorized_elementwise_kernel<(int)4, at::native::FillFunctor<float>, std::array<char *, (unsigned long)1>>(int, T2, T3)",0.008146517699115044,decoder,False,0.05893470430858636,scene-0184,0.00026780765476779793,-0.00032000000000000084
0.0047680000000000005,0.004992,6,6,226,2.4173981832099266e-05,i2-i30-0184,0.17047289976536056,"void at::native::vectorized_elementwise_kernel<(int)4, at::native::FillFunctor<long>, std::array<char *, (unsigned long)1>>(int, T2, T3)",0.004749938053097345,decoder,False,0.0736046373054826,scene-0184,0.00015817383084553268,-0.00020799999999999898
0.007488,0.007776,6,6,226,4.964502207326958e-05,i2-i30-0184,0.1966603492196547,"void at::native::vectorized_elementwise_kernel<(int)4, at::native::binary_internal::div_floor_kernel_cuda(at::TensorIteratorBase &)::[lambda() (instance 2)]::operator ()() const::[lambda() (instance 2)]::operator ()() const::[lambda(float) (instance 1)], std::array<char *, (unsigned long)2>>(int, T2, T3)",0.007447579646017699,decoder,False,0.10520661450688325,scene-0184,0.00022726066927232415,-0.00023199999999999957
0.0063999999999999994,0.00668,6,6,226,3.978659938494622e-05,i2-i30-0184,0.20131219330617778,"void at::native::vectorized_elementwise_kernel<(int)4, at::native::log_kernel_cuda(at::TensorIteratorBase &)::[lambda() (instance 2)]::operator ()() const::[lambda() (instance 2)]::operator ()() const::[lambda(float) (instance 1)], std::array<char *, (unsigned long)2>>(int, T2, T3)",0.006352163716814159,decoder,False,0.08929402670566429,scene-0184,0.0002145882963109101,-0.00033600000000000036
0.00656,0.006784,6,6,226,3.498079933692126e-05,i2-i30-0184,0.18326389005507446,"void at::native::vectorized_elementwise_kernel<(int)4, at::native::sigmoid_kernel_cuda(at::TensorIteratorBase &)::[lambda() (instance 2)]::operator ()() const::[lambda() (instance 2)]::operator ()() const::[lambda(float) (instance 1)], std::array<char *, (unsigned long)2>>(int, T2, T3)",0.006506561946902655,decoder,False,0.07854499273085642,scene-0184,0.00021448792313655035,-0.0003592499999999993
0.009968499999999998,0.010336,6,6,226,4.7893653485034135e-05,i2-i30-0184,0.1701771094221533,"void cublasLt::splitKreduce_kernel<(int)32, (int)16, int, float, float, float, (bool)0, float, float, float, (bool)1, (bool)1, (bool)0>(cublasLt::cublasSplitKParams<T6>, const T4 *, const T9 *, T8 *, T5 *, const T6 *, const T6 *, const T10 *, const T4 *, T10 *, void *, long, T6 *, int *, T6 *, const T6 *, const T6 *, const T6 *, const T6 *)",0.009904818584070798,decoder,False,0.07191279478974184,scene-0184,0.0003207476026572676,-0.00043174999999999984
0.172082,0.1881535,6,6,226,0.001377398817161089,i2-i30-0184,0.17568627053385485,"void ms_deformable_im2col_gpu_kernel<float>(int, const T1 *, const long *, const long *, const T1 *, const T1 *, int, int, int, int, int, int, int, T1 *)",0.17196559734513273,decoder,False,0.09606946398192893,scene-0184,0.00690503615312202,-0.006864000000000009
18.317646,18.491108750000002,36,36,226,0.056234848227478276,i2-i30-0184,0.36820765209425016,ampere_sgemm_128x64_tn,18.322825292035397,encoder,False,0.38299852950941066,scene-0184,0.07071312649584481,0.07936874999999688
0.006272999999999999,0.006848000000000001,8,8,226,9.746160641892192e-05,i2-i30-0184,0.41878245064893693,"void <unnamed>::elementwise_kernel_with_index<int, at::native::linspace_cuda_out(const c10::Scalar &, const c10::Scalar &, long, at::Tensor &)::[lambda() (instance 2)]::operator ()() const::[lambda() (instance 2)]::operator ()() const::[lambda(long) (instance 1)]>(T1, T2, function_traits<T2>::result_type *)",0.006310323008849557,encoder,False,0.2854115080059461,scene-0184,0.00016445750749503023,7.200000000000088e-05
0.10521599999999999,0.11158525,6,6,226,0.0002647522675152889,i2-i30-0184,0.1324244362144356,"void <unnamed>::softmax_warp_forward<float, float, float, (int)4, (bool)0, (bool)0>(T2 *, const T1 *, int, int, int, const bool *, int, bool)",0.10619810619469028,encoder,False,0.052993204712450226,scene-0184,0.0024060858728775117,0.00442324999999999
0.019280000000000002,0.02012,6,6,226,-1.1288868750784082e-05,i2-i30-0184,-0.023874324685289144,"void at::native::<unnamed>::CatArrayBatchedCopy<at::native::<unnamed>::OpaqueType<(unsigned int)8>, unsigned int, (int)2, (int)64, (int)64>(T1 *, at::native::<unnamed>::CatArrInputTensorMetadata<T1, T2, T4, T5>, at::native::<unnamed>::TensorSizeStride<T2, (unsigned int)4>, int, T2)",0.019162446902654864,encoder,False,-0.008981870647805675,scene-0184,0.0006053063725939089,-0.00023250000000000007
0.007744,0.008407999999999999,5,5,226,0.00011046475870358012,i2-i30-0184,0.43418002860140725,"void at::native::<unnamed>::CatArrayBatchedCopy_aligned16_contig<at::native::<unnamed>::OpaqueType<(unsigned int)4>, unsigned int, (int)3, (int)128, (int)1>(T1 *, at::native::<unnamed>::CatArrInputTensorMetadata<T1, T2, T4, T5>, at::native::<unnamed>::TensorSizeStride<T2, (unsigned int)4>, int, T2)",0.007772977876106194,encoder,False,0.27599379311393896,scene-0184,0.00019275961564092656,4.0000000000000105e-05
0.8812234999999999,0.91295525,12,12,226,0.004478730650468249,i2-i30-0184,0.32525779705019653,"void at::native::<unnamed>::vectorized_layer_norm_kernel<float, float>(int, T2, const T1 *, const T1 *, const T1 *, T2 *, T2 *, T1 *)",0.8820218185840708,encoder,False,0.2534246731869825,scene-0184,0.008511334687709286,0.0034880000000000466
0.010528000000000001,0.011479999999999999,8,8,226,0.00016371241539064175,i2-i30-0184,0.41848858327014815,"void at::native::elementwise_kernel<(int)128, (int)2, void at::native::gpu_kernel_impl_nocast<at::native::BinaryFunctor<float, float, float, at::native::binary_internal::DivFunctor<float>>>(at::TensorIteratorBase &, const T1 &)::[lambda(int) (instance 1)]>(int, T3)",0.010553606194690266,encoder,False,0.2897813803734301,scene-0184,0.0002720838459990984,0.00021599999999999918
0.001952,0.002144,1,1,226,3.0166902383921474e-05,i2-i30-0184,0.2547884424610423,"void at::native::elementwise_kernel<(int)128, (int)2, void at::native::gpu_kernel_impl_nocast<at::native::BinaryFunctor<float, float, float, at::native::binary_internal::MulFunctor<float>>>(at::TensorIteratorBase &, const T1 &)::[lambda(int) (instance 1)]>(int, T3)",0.001964053097345133,encoder,False,0.2531386103033041,scene-0184,5.73936632295067e-05,6.474999999999992e-05
0.012864,0.015112750000000001,6,6,226,3.2251583514144264e-05,i2-i30-0184,0.04944231169609251,"void at::native::elementwise_kernel<(int)128, (int)2, void at::native::gpu_kernel_impl_nocast<at::native::BinaryFunctor<long, long, long, at::native::binary_internal::MulFunctor<long>>>(at::TensorIteratorBase &, const T1 &)::[lambda(int) (instance 1)]>(int, T3)",0.012982389380530973,encoder,False,0.01774597828271191,scene-0184,0.0008752713554823639,-0.0005202499999999999
0.2673955,0.29132475,6,6,226,0.0002795832366827809,i2-i30-0184,0.12755057061159822,"void at::native::elementwise_kernel<(int)128, (int)2, void at::native::gpu_kernel_impl_nocast<at::native::CUDAFunctor_add<float>>(at::TensorIteratorBase &, const T1 &)::[lambda(int) (instance 1)]>(int, T3)",0.27230692477876106,encoder,False,0.014505004008735722,scene-0184,0.009282926114938316,0.011934749999999938
0.010048000000000001,0.010976,8,8,226,0.00014618543130949995,i2-i30-0184,0.4279560550900118,"void at::native::elementwise_kernel<(int)128, (int)2, void at::native::gpu_kernel_impl_nocast<at::native::direct_copy_kernel_cuda(at::TensorIteratorBase &)::[lambda() (instance 3)]::operator ()() const::[lambda() (instance 7)]::operator ()() const::[lambda(float) (instance 1)]>(at::TensorIteratorBase &, const T1 &)::[lambda(int) (instance 1)]>(int, T3)",0.010078849557522123,encoder,False,0.2764881592897583,scene-0184,0.00025463563144361616,0.00015199999999999936
0.48283800000000004,0.50608625,6,6,226,-0.00016247019564971207,i2-i30-0184,0.081322118167112,"void at::native::elementwise_kernel<(int)128, (int)4, void at::native::gpu_kernel_impl<at::native::BinaryFunctor<float, float, float, at::native::binary_internal::DivFunctor<float>>>(at::TensorIteratorBase &, const T1 &)::[lambda(int) (instance 1)]>(int, T3)",0.48690658407079646,encoder,False,-0.008439229614128503,scene-0184,0.009271767203917498,0.019162500000000027
0.012032,0.012848,6,6,226,5.59252796168686e-05,i2-i30-0184,0.1403571977759091,"void at::native::reduce_kernel<(int)512, (int)1, at::native::ReduceOp<long, at::native::func_wrapper_t<long, at::native::sum_functor<long, long, long>::operator ()(at::TensorIterator &)::[lambda(long, long) (instance 1)]>, unsigned int, long, (int)4>>(T3)",0.012052088495575222,encoder,False,0.10166098215588124,scene-0184,0.0002649387492253626,0.0003520000000000016
0.008672,0.00944,8,8,226,0.0001181494294723943,i2-i30-0184,0.407430799773858,"void at::native::unrolled_elementwise_kernel<at::native::BinaryFunctor<float, float, float, at::native::binary_internal::MulFunctor<float>>, std::array<char *, (unsigned long)3>, (int)4, TrivialOffsetCalculator<(int)2, unsigned int>, TrivialOffsetCalculator<(int)1, unsigned int>, at::native::memory::LoadWithCast<(int)2>, at::native::memory::StoreWithCast<(int)1>>(int, T1, T2, T4, T5, T6, T7)",0.008678570796460177,encoder,False,0.25033582022842576,scene-0184,0.00022730042658542128,0.00016800000000000148
0.008032,0.008768749999999999,8,8,226,0.00012218772937233027,i2-i30-0184,0.40774199705952713,"void at::native::unrolled_elementwise_kernel<at::native::CUDAFunctorOnSelf_add<float>, std::array<char *, (unsigned long)2>, (int)4, TrivialOffsetCalculator<(int)1, unsigned int>, TrivialOffsetCalculator<(int)1, unsigned int>, at::native::memory::LoadWithCast<(int)1>, at::native::memory::StoreWithCast<(int)1>>(int, T1, T2, T4, T5, T6, T7)",0.008070150442477875,encoder,False,0.2764304921068022,scene-0184,0.00021287921795670262,0.00022349999999999974
4.492418000000001,4.6229105,6,6,226,-0.006759130715132666,i2-i30-0184,-0.09720140018637242,"void at::native::vectorized_elementwise_kernel<(int)4, at::native::<unnamed>::launch_clamp_scalar(at::TensorIteratorBase &, c10::Scalar, c10::Scalar, at::native::detail::ClampLimits)::[lambda() (instance 1)]::operator ()() const::[lambda() (instance 7)]::operator ()() const::[lambda(float) (instance 1)], std::array<char *, (unsigned long)2>>(int, T2, T3)",4.519952761061948,encoder,False,-0.06124176819476044,scene-0184,0.053153851983772746,-0.03099149999999984
0.006208,0.006584,6,6,226,4.677248638528504e-05,i2-i30-0184,0.2825693811822417,"void at::native::vectorized_elementwise_kernel<(int)4, at::native::AUnaryFunctor<long, long, bool, at::native::<unnamed>::CompareEqFunctor<long>>, std::array<char *, (unsigned long)2>>(int, T2, T3)",0.006220137168141592,encoder,False,0.16818717793119972,scene-0184,0.00013393349207702012,9.60000000000006e-05
1.965158,2.02364825,18,18,226,0.0031062418556011794,i2-i30-0184,0.04646889922730906,"void at::native::vectorized_elementwise_kernel<(int)4, at::native::CUDAFunctor_add<float>, std::array<char *, (unsigned long)3>>(int, T2, T3)",1.9730925929203542,encoder,False,0.08199246968675195,scene-0184,0.01824538021665254,0.0013782499999999143
0.10948950000000002,0.11889775,6,6,226,0.00022006570522338013,i2-i30-0184,0.18031045697015438,"void at::native::vectorized_elementwise_kernel<(int)4, at::native::FillFunctor<float>, std::array<char *, (unsigned long)1>>(int, T2, T3)",0.11086770796460178,encoder,False,0.031470615966814934,scene-0184,0.003367741457614403,0.0007607499999999906
3.1458435000000002,3.1955557499999996,6,6,226,0.008676897485777563,i2-i30-0184,0.3321328763328361,"void ms_deformable_im2col_gpu_kernel<float>(int, const T1 *, const long *, const long *, const T1 *, const T1 *, int, int, int, int, int, int, int, T1 *)",3.1445501150442476,encoder,False,0.22148365800604175,scene-0184,0.018867501684606346,0.021952500000000263
0.0061765000000000006,0.006647999999999999,4,4,226,7.125611063227958e-05,i2-i30-0184,0.34763842635134073,"void at::native::<unnamed>::ComputeFusedParamsCUDAKernel<float>(long, long, long, const T1 *, const T1 *, const T1 *, const T1 *, at::AccumulateType<T1, (bool)1>::type *, at::AccumulateType<T1, (bool)1>::type *)",0.006212862831858408,neck,False,0.24474378716406328,scene-0184,0.00014021744724653393,7.949999999999971e-05
0.0555205,0.060049,4,4,226,0.0007422786307467703,i2-i30-0184,0.4380412627066332,"void at::native::<unnamed>::RowwiseMomentsCUDAKernel<float>(long, T1, const T1 *, T1 *, T1 *)",0.05575803539823009,neck,False,0.2938584911356582,scene-0184,0.0012165230224840348,0.0007129999999999984
0.02656,0.029240750000000003,4,4,226,0.0004037815941099924,i2-i30-0184,0.4095051599219265,"void at::native::elementwise_kernel<(int)128, (int)2, void at::native::gpu_kernel_impl_nocast<void at::native::<unnamed>::GroupNormKernelImplInternal<float>(const at::Tensor &, const at::Tensor &, const at::Tensor &, long, long, long, long, T1, at::Tensor &, at::Tensor &, at::Tensor &)::[lambda(float, float, float) (instance 2)]>(at::TensorIteratorBase &, const T1 &)::[lambda(int) (instance 1)]>(int, T3)",0.026754026548672566,neck,False,0.28986316367751364,scene-0184,0.0006708804076875858,0.0003830000000000014
0.00384,0.004184,1,1,226,5.127609841583523e-05,i2-i30-0184,0.4059551232250486,"void cublasLt::splitKreduce_kernel<(int)32, (int)16, int, float, float, float, (bool)0, float, float, float, (bool)1, (bool)0, (bool)0>(cublasLt::cublasSplitKParams<T6>, const T4 *, const T9 *, T8 *, T5 *, const T6 *, const T6 *, const T10 *, const T4 *, T10 *, void *, long, T6 *, int *, T6 *, const T6 *, const T6 *, const T6 *, const T6 *)",0.0038536327433628323,neck,False,0.29517735176946425,scene-0184,8.366109778059628e-05,3.999999999999967e-05
0.082817,0.084145,2,2,226,7.089034921962363e-06,i2-i30-0184,-0.05594401816223788,"void cudnn::engines_precompiled::nchwToNhwcKernel<float, float, float, (bool)0, (bool)1, (cudnnKernelDataType_t)2>(cudnn::engines_precompiled::nchw2nhwc_params_t<T3>, const T1 *, T2 *)",0.0828703185840708,neck,False,0.005079262318339669,scene-0184,0.0006721684005375293,-0.0003514999999999907
0.001632,0.001784,1,1,226,2.6946430732486085e-05,i2-i30-0184,0.4248481914558433,"void cudnn::engines_precompiled::nhwcToNchwKernel<float, float, float, (bool)1, (bool)0, (cudnnKernelDataType_t)0>(cudnn::engines_precompiled::nhwc2nchw_params_t<T3>, const T1 *, T2 *)",0.001628632743362832,neck,False,0.29017522208867413,scene-0184,4.4723166063455805e-05,4.0000000000000105e-05
0.1515695,0.16273725,1,1,226,0.001665443058040207,i2-i30-0184,0.40183823925169343,void cutlass::Kernel2<cutlass_80_tensorop_s1688gemm_128x128_32x3_nn_align1>(T1::Params),0.15226807079646015,neck,False,0.28301358659014714,scene-0184,0.002834093161504259,0.0018799999999999928
0.039361,0.04249675,1,1,226,0.00044721764597835417,i2-i30-0184,0.3655766930718208,void cutlass::Kernel2<cutlass_80_tensorop_s1688gemm_256x64_16x4_nn_align4>(T1::Params),0.03951279203539824,neck,False,0.2629586601960132,scene-0184,0.0008190738705533772,0.00044874999999999776
0.089249,0.095961,1,1,226,0.0008354655646638816,i2-i30-0184,0.30908830943241594,void cutlass::Kernel2<cutlass_80_tensorop_s1688gemm_64x64_16x6_nn_align4>(T1::Params),0.08974162389380531,neck,False,0.18170221067418418,scene-0184,0.0022144198295610024,0.0031119999999999898
0.226355,0.247307,1,1,226,0.0034903641868862544,i2-i30-0184,0.4236835516201319,void cutlass__5x_cudnn::Kernel<cutlass_tensorop_s1688fprop_optimized_tf32_64x64_32x5_nhwc_align4>(T1::Params),0.2270728761061947,neck,False,0.28651584381257966,scene-0184,0.005866968005500854,0.0039032500000000248
0.009152,0.009688000000000002,12,12,226,5.708425877123756e-05,i2-i30-0184,0.23787442680880255,"void <unnamed>::elementwise_kernel_with_index<int, at::native::arange_cuda_out(const c10::Scalar &, const c10::Scalar &, const c10::Scalar &, at::Tensor &)::[lambda() (instance 1)]::operator ()() const::[lambda() (instance 7)]::operator ()() const::[lambda(long) (instance 1)]>(T1, T2, function_traits<T2>::result_type *)",0.009169530973451327,positional_encoding,False,0.13787200477996478,scene-0184,0.00019940309469360998,0.00045625000000000006
0.028928500000000003,0.03052,4,4,226,0.00027507412501746707,i2-i30-0184,0.40981063384820676,"void at::native::<unnamed>::CatArrayBatchedCopy_aligned16_contig<at::native::<unnamed>::OpaqueType<(unsigned int)4>, unsigned int, (int)4, (int)128, (int)1>(T1 *, at::native::<unnamed>::CatArrInputTensorMetadata<T1, T2, T4, T5>, at::native::<unnamed>::TensorSizeStride<T2, (unsigned int)4>, int, T2)",0.028971818584070802,positional_encoding,False,0.2536157902842841,scene-0184,0.0005223541739255702,0.00022375000000000173
0.0402085,0.04408825000000001,16,16,226,0.0005886440447294939,i2-i30-0184,0.4039560675101987,"void at::native::elementwise_kernel<(int)128, (int)2, void at::native::gpu_kernel_impl_nocast<at::native::BinaryFunctor<float, float, float, at::native::binary_internal::DivFunctor<float>>>(at::TensorIteratorBase &, const T1 &)::[lambda(int) (instance 1)]>(int, T3)",0.04044449115044248,positional_encoding,False,0.2852145859730871,scene-0184,0.0009939685463638294,0.0006397499999999945
0.00448,0.00485625,4,4,226,5.5264695213674855e-05,i2-i30-0184,0.4029142416606875,"void at::native::elementwise_kernel<(int)128, (int)2, void at::native::gpu_kernel_impl_nocast<at::native::CUDAFunctorOnSelf_add<float>>(at::TensorIteratorBase &, const T1 &)::[lambda(int) (instance 1)]>(int, T3)",0.004493221238938052,positional_encoding,False,0.27481014480939875,scene-0184,9.685156369215465e-05,5.6000000000000494e-05
0.0249605,0.026816,8,8,226,0.00036083637901495366,i2-i30-0184,0.41475010785242045,"void at::native::elementwise_kernel<(int)128, (int)2, void at::native::gpu_kernel_impl_nocast<at::native::cos_kernel_cuda(at::TensorIteratorBase &)::[lambda() (instance 2)]::operator ()() const::[lambda() (instance 2)]::operator ()() const::[lambda(float) (instance 1)]>(at::TensorIteratorBase &, const T1 &)::[lambda(int) (instance 1)]>(int, T3)",0.025034933628318583,positional_encoding,False,0.298900062647875,scene-0184,0.0005814012064413335,2.4750000000003936e-05
0.0696005,0.07240875000000002,24,24,226,0.00040981515373204424,i2-i30-0184,0.3474883335882291,"void at::native::elementwise_kernel<(int)128, (int)2, void at::native::gpu_kernel_impl_nocast<at::native::direct_copy_kernel_cuda(at::TensorIteratorBase &)::[lambda() (instance 3)]::operator ()() const::[lambda() (instance 7)]::operator ()() const::[lambda(float) (instance 1)]>(at::TensorIteratorBase &, const T1 &)::[lambda(int) (instance 1)]>(int, T3)",0.06967745132743362,positional_encoding,False,0.25636245558932813,scene-0184,0.0007698838493151355,0.0008884999999999726
0.02336,0.026383999999999998,8,8,226,0.00034274026000858483,i2-i30-0184,0.3476127769199337,"void at::native::elementwise_kernel<(int)128, (int)2, void at::native::gpu_kernel_impl_nocast<at::native::sin_kernel_cuda(at::TensorIteratorBase &)::[lambda() (instance 2)]::operator ()() const::[lambda() (instance 2)]::operator ()() const::[lambda(float) (instance 1)]>(at::TensorIteratorBase &, const T1 &)::[lambda(int) (instance 1)]>(int, T3)",0.023512199115044242,positional_encoding,False,0.2532724318054326,scene-0184,0.0006517316621649151,0.00046425000000000285
0.007232000000000001,0.007896,4,4,226,8.288120501320809e-05,i2-i30-0184,0.32768678767639875,"void at::native::elementwise_kernel<(int)128, (int)4, void at::native::gpu_kernel_impl<at::native::<unnamed>::pow_tensor_tensor_kernel(at::TensorIteratorBase &)::[lambda() (instance 1)]::operator ()() const::[lambda() (instance 7)]::operator ()() const::[lambda(float, float) (instance 1)]>(at::TensorIteratorBase &, const T1 &)::[lambda(int) (instance 1)]>(int, T3)",0.007264349557522125,positional_encoding,False,0.22645982627207203,scene-0184,0.0001762611119318446,0.00019999999999999966
0.001728,0.001856,2,2,226,3.083113736412479e-05,i2-i30-0184,0.4115535765607692,"void at::native::unrolled_elementwise_kernel<at::native::CUDAFunctorOnSelf_add<float>, std::array<char *, (unsigned long)2>, (int)4, TrivialOffsetCalculator<(int)1, unsigned int>, TrivialOffsetCalculator<(int)1, unsigned int>, at::native::memory::LoadWithoutCast, at::native::memory::StoreWithoutCast>(int, T1, T2, T4, T5, T6, T7)",0.0017176681415929204,positional_encoding,False,0.3054798748017953,scene-0184,4.860697128610535e-05,3.999999999999989e-05
0.000864,0.000952,1,1,226,1.3267255201542768e-05,i2-i30-0184,0.3755951975824705,"void at::native::vectorized_elementwise_kernel<(int)2, at::native::CUDAFunctorOnSelf_add<float>, std::array<char *, (unsigned long)2>>(int, T2, T3)",0.0008607522123893805,positional_encoding,False,0.2513620713558788,scene-0184,2.541984834328481e-05,7.999999999999978e-06
0.011104,0.012024,12,12,226,0.0001425334269884988,i2-i30-0184,0.4152962689761974,"void at::native::vectorized_elementwise_kernel<(int)4, at::native::AUnaryFunctor<float, float, float, at::native::binary_internal::MulFunctor<float>>, std::array<char *, (unsigned long)2>>(int, T2, T3)",0.01114800442477876,positional_encoding,False,0.2880832982980282,scene-0184,0.00023828146697245492,0.0001999999999999988
0.0033599999999999997,0.00364,4,4,226,4.157027366124227e-05,i2-i30-0184,0.3747460374727968,"void at::native::vectorized_elementwise_kernel<(int)4, at::native::BUnaryFunctor<float, float, float, at::native::binary_internal::MulFunctor<float>>, std::array<char *, (unsigned long)2>>(int, T2, T3)",0.003383119469026548,positional_encoding,False,0.25897010306348456,scene-0184,7.73080773561006e-05,6.400000000000025e-05
0.00912,0.00972,9,9,226,1.1296350984135752e-05,i2-i30-0184,0.010751320319494835,"void at::native::vectorized_elementwise_kernel<(int)4, at::native::CUDAFunctorOnSelf_add<float>, std::array<char *, (unsigned long)2>>(int, T2, T3)",0.009145570796460178,positional_encoding,False,0.026206932467453117,scene-0184,0.0002075934310099447,0.00010349999999999943
0.0029760000000000003,0.003232,4,4,226,3.467807414486843e-05,i2-i30-0184,0.3559374822367508,"void at::native::vectorized_elementwise_kernel<(int)4, at::native::FillFunctor<long>, std::array<char *, (unsigned long)1>>(int, T2, T3)",0.002982261061946903,positional_encoding,False,0.22887027013620975,scene-0184,7.297216093441836e-05,0.0
0.004448,0.004824,4,4,226,5.541477115051645e-05,i2-i30-0184,0.38866433680242685,"void at::native::vectorized_elementwise_kernel<(int)4, at::native::binary_internal::div_floor_kernel_cuda(at::TensorIteratorBase &)::[lambda() (instance 2)]::operator ()() const::[lambda() (instance 2)]::operator ()() const::[lambda(float) (instance 1)], std::array<char *, (unsigned long)2>>(int, T2, T3)",0.0044521769911504425,positional_encoding,False,0.269304809108103,scene-0184,9.909986293343052e-05,8.799999999999954e-05
0.5297499999999999,0.54288625,3,3,226,0.001830035667614029,i2-i30-0184,0.19413670279591322,ampere_sgemm_128x64_tn,0.5294879424778761,unresolved,False,0.11545680702910775,scene-0184,0.007633639211525227,-0.005199249999999989
0.13137749999999998,0.14077774999999998,2,2,226,0.00020166105285219566,i2-i30-0184,0.1008653391144475,ampere_sgemm_32x128_tn,0.13216857522123895,unresolved,False,0.02436546503280801,scene-0184,0.003986015143249944,-0.007856750000000023
0.002016,0.00224,1,1,226,3.9790312389581715e-05,i2-i30-0184,0.3583766220787742,reduction_prod_kernel,0.002035274336283186,unresolved,False,0.2673033619359465,scene-0184,7.169098483055875e-05,6.400000000000025e-05
0.006496,0.006912000000000001,8,8,226,3.557989059913366e-05,i2-i30-0184,0.1381932802968749,"void <unnamed>::elementwise_kernel_with_index<int, at::native::linspace_cuda_out(const c10::Scalar &, const c10::Scalar &, long, at::Tensor &)::[lambda() (instance 2)]::operator ()() const::[lambda() (instance 2)]::operator ()() const::[lambda(long) (instance 1)]>(T1, T2, function_traits<T2>::result_type *)",0.006482495575221239,unresolved,False,0.06941818936067154,scene-0184,0.00024684421026168217,-0.00021600000000000005
0.122209,0.12921775,5,5,226,-0.00016813598585479957,i2-i30-0184,-0.022909858959736313,"void at::native::<unnamed>::CatArrayBatchedCopy<at::native::<unnamed>::OpaqueType<(unsigned int)4>, unsigned int, (int)3, (int)64, (int)64>(T1 *, at::native::<unnamed>::CatArrInputTensorMetadata<T1, T2, T4, T5>, at::native::<unnamed>::TensorSizeStride<T2, (unsigned int)4>, int, T2)",0.12265415486725664,unresolved,False,-0.02118444353329462,scene-0184,0.0038223920819597406,0.002238999999999977
0.08110500000000001,0.084689,2,2,226,-0.00014540220062102827,i2-i30-0184,-0.044020969779580484,"void at::native::<unnamed>::CatArrayBatchedCopy_aligned16_contig<at::native::<unnamed>::OpaqueType<(unsigned int)4>, unsigned int, (int)3, (int)128, (int)1>(T1 *, at::native::<unnamed>::CatArrInputTensorMetadata<T1, T2, T4, T5>, at::native::<unnamed>::TensorSizeStride<T2, (unsigned int)4>, int, T2)",0.08143966814159292,unresolved,False,-0.026942823724083947,scene-0184,0.002599079049037242,0.0010480000000000073
0.0075840000000000005,0.008152,4,4,226,3.481721912342545e-05,i2-i30-0184,0.1333679574186089,"void at::native::<unnamed>::CatArrayBatchedCopy_aligned16_contig<at::native::<unnamed>::OpaqueType<(unsigned int)4>, unsigned int, (int)4, (int)128, (int)1>(T1 *, at::native::<unnamed>::CatArrInputTensorMetadata<T1, T2, T4, T5>, at::native::<unnamed>::TensorSizeStride<T2, (unsigned int)4>, int, T2)",0.007575721238938053,unresolved,False,0.056103506676417364,scene-0184,0.0002988792001370641,-0.00025600000000000015
0.003424,0.0038640000000000002,2,2,226,-1.944037621204583e-05,i2-i30-0184,-0.03003250530395536,"void at::native::<unnamed>::CatArrayBatchedCopy_aligned16_contig<at::native::<unnamed>::OpaqueType<(unsigned int)8>, unsigned int, (int)1, (int)128, (int)1>(T1 *, at::native::<unnamed>::CatArrInputTensorMetadata<T1, T2, T4, T5>, at::native::<unnamed>::TensorSizeStride<T2, (unsigned int)4>, int, T2)",0.0034153849557522122,unresolved,False,-0.038133114201535825,scene-0184,0.0002455240332922892,-0.00011200000000000012
0.086817,0.088881,1,1,226,0.0001199624189823855,i2-i30-0184,0.12050778075826012,"void at::native::<unnamed>::vectorized_layer_norm_kernel<float, float>(int, T2, const T1 *, const T1 *, const T1 *, T2 *, T2 *, T1 *)",0.08679433185840707,unresolved,False,0.05456549556464687,scene-0184,0.0010588116943202365,-0.0021919999999999995
0.004832,0.005089,2,2,226,2.345746306520511e-05,i2-i30-0184,0.1509401586916213,"void at::native::_scatter_gather_elementwise_kernel<(int)128, (int)4, void at::native::_cuda_scatter_gather_internal_kernel<(bool)0, at::native::OpaqueType<(int)4>>::operator ()<at::native::TensorAssign>(at::TensorIterator &, long, long, long, const T1 &)::[lambda(int) (instance 1)]>(int, T3)",0.004833752212389381,unresolved,False,0.06111063834998753,scene-0184,0.0001848654871408216,-0.00023999999999999976
0.028128,0.03256025,2,2,226,-7.787120866728356e-06,i2-i30-0184,0.08821409559595145,"void at::native::elementwise_kernel<(int)128, (int)2, void at::native::gpu_kernel_impl_nocast<at::native::<unnamed>::masked_fill_kernel(at::TensorIterator &, const c10::Scalar &)::[lambda() (instance 1)]::operator ()() const::[lambda() (instance 7)]::operator ()() const::[lambda(float, bool) (instance 1)]>(at::TensorIteratorBase &, const T1 &)::[lambda(int) (instance 1)]>(int, T3)",0.028313300884955754,unresolved,False,-0.0018388368354948818,scene-0184,0.0020395076530845295,-0.0028397499999999985
0.030463999999999998,0.03365699999999999,4,4,226,0.0016826018610507215,i2-i30-0184,0.3316773379413269,"void at::native::elementwise_kernel<(int)128, (int)2, void at::native::gpu_kernel_impl_nocast<at::native::CUDAFunctor_add<float>>(at::TensorIteratorBase &, const T1 &)::[lambda(int) (instance 1)]>(int, T3)",0.030789610619469023,unresolved,False,0.2553701007699608,scene-0184,0.0031732401141158747,0.00027299999999999894
0.002976,0.003137,2,2,226,2.121615748714134e-05,i2-i30-0184,0.1510169549166845,"void at::native::elementwise_kernel<(int)128, (int)2, void at::native::gpu_kernel_impl_nocast<at::native::direct_copy_kernel_cuda(at::TensorIteratorBase &)::[lambda() (instance 3)]::operator ()() const::[lambda() (instance 4)]::operator ()() const::[lambda(long) (instance 1)]>(at::TensorIteratorBase &, const T1 &)::[lambda(int) (instance 1)]>(int, T3)",0.0029734867256637166,unresolved,False,0.08767845057003684,scene-0184,0.00011653744242735385,-0.00011299999999999982
0.009472,0.01007225,4,4,226,5.0784291770235414e-05,i2-i30-0184,0.1391626558508484,"void at::native::elementwise_kernel<(int)128, (int)4, void at::native::gpu_kernel_impl<at::native::BinaryFunctor<float, float, float, at::native::binary_internal::DivFunctor<float>>>(at::TensorIteratorBase &, const T1 &)::[lambda(int) (instance 1)]>(int, T3)",0.009489646017699116,unresolved,False,0.06831809699825674,scene-0184,0.00035800183962433316,-0.00046449999999999964
0.0050245,0.005528,4,4,226,7.50700723513612e-06,i2-i30-0184,0.07433458845986343,"void at::native::index_elementwise_kernel<(int)128, (int)4, void at::native::flip_kernel_impl<at::native::OpaqueType<(int)8>>(at::TensorIterator &)::[lambda(int) (instance 1)]>(long, T3)",0.005059907079646018,unresolved,False,0.018319444235687883,scene-0184,0.00019735410258792625,-0.00021649999999999968
0.001056,0.00112,1,1,226,6.384419230798975e-06,i2-i30-0184,0.16708400145573477,"void at::native::mbtopk::computeBlockwiseKthCounts<unsigned int>(T1 *, short *, unsigned int, unsigned int, unsigned int *)",0.0010448318584070798,unresolved,False,0.07052307688886437,scene-0184,4.359952558296473e-05,-3.199999999999991e-05
0.005568,0.005912000000000001,4,4,226,2.6251645689797816e-05,i2-i30-0184,0.15763712243393962,"void at::native::mbtopk::computeBlockwiseWithinKCounts<unsigned int>(T1 *, short *, unsigned int, int, bool, unsigned int *, unsigned int)",0.005524880530973451,unresolved,False,0.05849547114107813,scene-0184,0.00021613540264339915,-0.0002797499999999996
0.000768,0.000832,1,1,226,3.7591053159845573e-06,i2-i30-0184,0.14362060402847815,"void at::native::mbtopk::fill<unsigned int, unsigned int>(T1 *, T1, T2)",0.0007808893805309735,unresolved,False,0.055099049775819156,scene-0184,3.285730980437777e-05,-2.400000000000004e-05
0.003744,0.003968,1,1,226,7.144088175268554e-06,i2-i30-0184,0.09200731598981017,"void at::native::mbtopk::gatherTopK<float, unsigned int, (int)1>(at::cuda::detail::TensorInfo<const T1, T2>, T2, T2, bool, unsigned int, T2, at::cuda::detail::TensorInfo<T1, T2>, T2, at::cuda::detail::TensorInfo<long, T2>, T2, unsigned int, unsigned int, T1 *, unsigned int *, unsigned int *, unsigned int)",0.003732694690265486,unresolved,False,0.023115622122273433,scene-0184,0.00014884451609584656,-0.00014400000000000003
0.011584,0.012192000000000001,4,4,226,7.043422705439817e-05,i2-i30-0184,0.16142238683468899,"void at::native::mbtopk::radixFindKthValues<float, unsigned int, unsigned int, (int)1>(at::cuda::detail::TensorInfo<const T1, T2>, unsigned int, unsigned int *, unsigned int, T2, int, int, unsigned int, T3, unsigned int *, T3 *, short *, T1 *)",0.011549292035398232,unresolved,False,0.07514507150065558,scene-0184,0.0004514138395511762,-0.0005119999999999986
0.0136,0.014304,1,1,226,7.415839330186517e-05,i2-i30-0184,0.16868228754028178,"void at::native::radixSortKVInPlace<(int)-2, (int)-1, (int)32, (int)32, float, long, unsigned int>(at::cuda::detail::TensorInfo<T5, T7>, T7, T7, T7, at::cuda::detail::TensorInfo<T6, T7>, T7, bool)",0.013531734513274336,unresolved,False,0.06684747304174406,scene-0184,0.0005342775623096996,-0.0005839999999999995
0.022784,0.023640249999999998,1,1,226,9.27858020743017e-05,i2-i30-0184,0.15561950839335917,"void at::native::reduce_kernel<(int)512, (int)1, at::native::ReduceOp<float, at::native::MaxOps<float>, unsigned int, float, (int)4>>(T3)",0.022746429203539826,unresolved,False,0.10122398681833132,scene-0184,0.0004414583202610233,-0.00011125000000000024
0.002721,0.002976,1,1,226,4.971528169068714e-06,i2-i30-0184,0.0765762195693749,"void at::native::reduce_kernel<(int)512, (int)1, at::native::ReduceOp<long, at::native::func_wrapper_t<long, at::native::sum_functor<long, long, long>::operator ()(at::TensorIterator &)::[lambda(long, long) (instance 1)]>, unsigned int, long, (int)4>>(T3)",0.0027392743362831856,unresolved,False,0.01899115236077456,scene-0184,0.00012607535657718321,-0.00015200000000000023
0.0034879999999999998,0.003712,4,4,226,2.1544405812968718e-05,i2-i30-0184,0.13919185498590028,"void at::native::unrolled_elementwise_kernel<at::native::BinaryFunctor<long, long, long, at::native::binary_internal::MulFunctor<long>>, std::array<char *, (unsigned long)3>, (int)4, TrivialOffsetCalculator<(int)2, unsigned int>, TrivialOffsetCalculator<(int)1, unsigned int>, at::native::memory::LoadWithoutCast, at::native::memory::StoreWithoutCast>(int, T1, T2, T4, T5, T6, T7)",0.0034699380530973448,unresolved,False,0.07600470016664768,scene-0184,0.00013651667104172953,-0.00016800000000000018
0.003552,0.0037999999999999996,4,4,226,1.3063577165567946e-05,i2-i30-0184,0.10620107073447632,"void at::native::unrolled_elementwise_kernel<at::native::CUDAFunctorOnSelf_add<long>, std::array<char *, (unsigned long)2>, (int)4, TrivialOffsetCalculator<(int)1, unsigned int>, TrivialOffsetCalculator<(int)1, unsigned int>, at::native::memory::LoadWithoutCast, at::native::memory::StoreWithoutCast>(int, T1, T2, T4, T5, T6, T7)",0.003558265486725664,unresolved,False,0.045693788425959586,scene-0184,0.00013768815076807181,-0.0001439999999999996
0.002112,0.00236025,1,1,226,-1.7207026682217848e-06,i2-i30-0184,0.06371814008327396,"void at::native::unrolled_elementwise_kernel<at::native::direct_copy_kernel_cuda(at::TensorIteratorBase &)::[lambda() (instance 3)]::operator ()() const::[lambda() (instance 4)]::operator ()() const::[lambda(long) (instance 1)], std::array<char *, (unsigned long)2>, (int)4, TrivialOffsetCalculator<(int)1, unsigned int>, TrivialOffsetCalculator<(int)1, unsigned int>, at::native::memory::LoadWithCast<(int)1>, at::native::memory::StoreWithCast<(int)1>>(int, T1, T2, T4, T5, T6, T7)",0.002120796460176991,unresolved,False,-0.008720521197884778,scene-0184,9.502874826240325e-05,-0.00010399999999999993
0.001824,0.0019520000000000002,2,2,226,1.6845218105899e-05,i2-i30-0184,0.18913819809282062,"void at::native::vectorized_elementwise_kernel<(int)2, at::native::CUDAFunctorOnSelf_add<long>, std::array<char *, (unsigned long)2>>(int, T2, T3)",0.0018360486725663718,unresolved,False,0.11253148886540915,scene-0184,7.209318160908919e-05,-9.600000000000017e-05
0.14473750000000002,0.147578,2,2,226,-0.00012474080091683906,i2-i30-0184,-0.04573744890070357,"void at::native::vectorized_elementwise_kernel<(int)4, at::native::<unnamed>::launch_clamp_scalar(at::TensorIteratorBase &, c10::Scalar, c10::Scalar, at::native::detail::ClampLimits)::[lambda() (instance 1)]::operator ()() const::[lambda() (instance 7)]::operator ()() const::[lambda(float) (instance 1)], std::array<char *, (unsigned long)2>>(int, T2, T3)",0.14475793805309733,unresolved,False,-0.05214894759914671,scene-0184,0.0011520056214770803,0.0006634999999999835
0.007632,0.008088,8,8,226,3.4094718780447254e-05,i2-i30-0184,0.12824906436327407,"void at::native::vectorized_elementwise_kernel<(int)4, at::native::AUnaryFunctor<float, float, float, at::native::binary_internal::MulFunctor<float>>, std::array<char *, (unsigned long)2>>(int, T2, T3)",0.007594548672566372,unresolved,False,0.05613237648689636,scene-0184,0.0002925265585446729,-0.0003359999999999986
0.001248,0.00144,1,1,226,2.3836206813278245e-06,i2-i30-0184,0.021211790293871182,"void at::native::vectorized_elementwise_kernel<(int)4, at::native::AUnaryFunctor<long, long, bool, at::native::<unnamed>::CompareEqFunctor<long>>, std::array<char *, (unsigned long)2>>(int, T2, T3)",0.0012604734513274336,unresolved,False,0.019313533955745938,scene-0184,5.9438387104123776e-05,3.199999999999991e-05
0.001568,0.001664,1,1,226,5.882972272416417e-06,i2-i30-0184,0.11122848754997007,"void at::native::vectorized_elementwise_kernel<(int)4, at::native::BinaryFunctor<bool, bool, bool, at::native::BitwiseAndFunctor<bool>>, std::array<char *, (unsigned long)3>>(int, T2, T3)",0.0015776371681415929,unresolved,False,0.04811013958843351,scene-0184,5.889138974986788e-05,-6.399999999999982e-05
0.001408,0.001505,1,1,226,1.4590597073719436e-06,i2-i30-0184,0.07555024038093963,"void at::native::vectorized_elementwise_kernel<(int)4, at::native::BinaryFunctor<float, float, float, at::native::binary_internal::DivFunctor<float>>, std::array<char *, (unsigned long)3>>(int, T2, T3)",0.001418216814159292,unresolved,False,0.012322313621228678,scene-0184,5.702593634828885e-05,-9.599999999999995e-05
0.001152,0.00121675,1,1,226,8.301483327656618e-06,i2-i30-0184,0.14711645739081997,"void at::native::vectorized_elementwise_kernel<(int)4, at::native::CUDAFunctorOnOther_add<float>, std::array<char *, (unsigned long)2>>(int, T2, T3)",0.001153150442477876,unresolved,False,0.08686012257203299,scene-0184,4.602850621908089e-05,-4.0000000000000105e-05
0.0038564999999999997,0.0041519999999999994,4,4,226,1.9310647511278797e-05,i2-i30-0184,0.13086649815580634,"void at::native::vectorized_elementwise_kernel<(int)4, at::native::CUDAFunctorOnSelf_add<float>, std::array<char *, (unsigned long)2>>(int, T2, T3)",0.003860159292035398,unresolved,False,0.061521799106109616,scene-0184,0.00015116784707363962,-0.00018400000000000014
0.00272,0.002912,3,3,226,2.0603063169971474e-05,i2-i30-0184,0.1395158031025482,"void at::native::vectorized_elementwise_kernel<(int)4, at::native::CUDAFunctorOnSelf_add<long>, std::array<char *, (unsigned long)2>>(int, T2, T3)",0.0027371548672566375,unresolved,False,0.09420594904960947,scene-0184,0.00010532830216694743,-9.600000000000017e-05
0.001952,0.002328,1,1,226,3.546468921755241e-05,i2-i30-0184,0.10547082829787699,"void at::native::vectorized_elementwise_kernel<(int)4, at::native::CUDAFunctor_add<float>, std::array<char *, (unsigned long)3>>(int, T2, T3)",0.001969721238938053,unresolved,False,0.11761453444450018,scene-0184,0.00014522011730218885,-7.999999999999999e-05
0.00288,0.003072,3,3,226,1.3556642178347271e-05,i2-i30-0184,0.12796126748183517,"void at::native::vectorized_elementwise_kernel<(int)4, at::native::CUDAFunctor_add<long>, std::array<char *, (unsigned long)3>>(int, T2, T3)",0.002880893805309734,unresolved,False,0.05934705655657585,scene-0184,0.00011001314184021379,-0.00012799999999999964
0.004,0.004224,5,5,226,2.603426251810515e-05,i2-i30-0184,0.16604565037801552,"void at::native::vectorized_elementwise_kernel<(int)4, at::native::FillFunctor<float>, std::array<char *, (unsigned long)1>>(int, T2, T3)",0.004007115044247787,unresolved,False,0.0940124761248413,scene-0184,0.00013336792891822257,-0.00015200000000000023
0.000768,0.000832,1,1,226,1.0738896803064379e-05,i2-i30-0184,0.30372520571566214,"void at::native::vectorized_elementwise_kernel<(int)4, at::native::FillFunctor<long>, std::array<char *, (unsigned long)1>>(int, T2, T3)",0.0007554070796460177,unresolved,False,0.22003028092422405,scene-0184,2.3505464312229184e-05,1.5999999999999955e-05
0.002656,0.0028399999999999996,2,2,226,7.424442557290234e-06,i2-i30-0184,0.11081213875613453,"void at::native::vectorized_elementwise_kernel<(int)4, at::native::bitwise_not_kernel_cuda(at::TensorIteratorBase &)::[lambda(bool) (instance 1)], std::array<char *, (unsigned long)2>>(int, T2, T3)",0.0026616946902654863,unresolved,False,0.035403834655221615,scene-0184,0.00010099623084240867,-0.00011999999999999988
0.001264,0.001344,1,1,226,2.7285801305799755e-06,i2-i30-0184,0.08139749643870296,"void at::native::vectorized_elementwise_kernel<(int)4, at::native::log_kernel_cuda(at::TensorIteratorBase &)::[lambda() (instance 2)]::operator ()() const::[lambda() (instance 2)]::operator ()() const::[lambda(float) (instance 1)], std::array<char *, (unsigned long)2>>(int, T2, T3)",0.0012611814159292037,unresolved,False,0.024986245670458544,scene-0184,5.259292500733347e-05,-7.200000000000002e-05
0.002144,0.00224,2,2,226,8.9994974638463e-06,i2-i30-0184,0.13627656981308153,"void at::native::vectorized_elementwise_kernel<(int)4, at::native::sigmoid_kernel_cuda(at::TensorIteratorBase &)::[lambda() (instance 2)]::operator ()() const::[lambda() (instance 2)]::operator ()() const::[lambda(float) (instance 1)], std::array<char *, (unsigned long)2>>(int, T2, T3)",0.0021174026548672568,unresolved,False,0.05293331158564043,scene-0184,8.188056157985901e-05,-0.00011999999999999945
0.002816,0.003,2,2,226,1.3319429199360826e-05,i2-i30-0184,0.11482374648421884,"void at::native::vectorized_elementwise_kernel<(int)4, void at::native::compare_scalar_kernel<float>(at::TensorIteratorBase &, at::native::<unnamed>::OpType, T1)::[lambda(float) (instance 1)], std::array<char *, (unsigned long)2>>(int, T2, T3)",0.002811800884955753,unresolved,False,0.05926297470196462,scene-0184,0.00010824149580981426,-0.00010450000000000043
0.001536,0.001632,2,2,226,1.14522087127209e-05,i2-i30-0184,0.17702385973553203,"void at_cuda_detail::cub::DeviceScanByKeyInitKernel<at_cuda_detail::cub::ReduceByKeyScanTileState<unsigned int, int, (bool)1>, at_cuda_detail::cub::TransformInputIterator<unsigned int, at::native::mbtopk::BlockIdxToKey, at_cuda_detail::cub::CountingInputIterator<unsigned int, unsigned int>, long>>(T1, T2, std::iterator_traits<T2>::value_type *, unsigned int, int)",0.0015351681415929205,unresolved,False,0.08675779092813393,scene-0184,6.357295337618904e-05,-6.399999999999982e-05
0.004224,0.0044480000000000006,2,2,226,2.3727653699471027e-05,i2-i30-0184,0.1812299508598116,"void at_cuda_detail::cub::DeviceScanByKeyKernel<at_cuda_detail::cub::DeviceScanByKeyPolicy<at_cuda_detail::cub::TransformInputIterator<unsigned int, at::native::mbtopk::BlockIdxToKey, at_cuda_detail::cub::CountingInputIterator<unsigned int, unsigned int>, long>, unsigned int, unsigned int, cuda::std::__4::plus<void>>::Policy900, at_cuda_detail::cub::TransformInputIterator<unsigned int, at::native::mbtopk::BlockIdxToKey, at_cuda_detail::cub::CountingInputIterator<unsigned int, unsigned int>, long>, unsigned int *, unsigned int *, at_cuda_detail::cub::ReduceByKeyScanTileState<unsigned int, int, (bool)1>, cuda::std::__4::equal_to<void>, cuda::std::__4::plus<void>, at_cuda_detail::cub::NullType, int, unsigned int, unsigned int>(T2, T11 *, T3, T4, T5, int, T6, T7, T8, T9)",0.004199,unresolved,False,0.06965648798274833,scene-0184,0.00016405325058208595,-0.00019999999999999966
0.000768,0.000832,1,1,226,8.813999252354953e-06,i2-i30-0184,0.31881964794594614,"void at_cuda_detail::cub::DeviceScanInitKernel<at_cuda_detail::cub::ScanTileState<long, (bool)1>>(T1, int)",0.0007586592920353982,unresolved,False,0.18152937874169367,scene-0184,2.338394100325946e-05,1.5999999999999955e-05
0.001248,0.001344,1,1,226,2.092379231399245e-05,i2-i30-0184,0.4399463534921359,"void at_cuda_detail::cub::DeviceScanKernel<at_cuda_detail::cub::DeviceScanPolicy<long, std::plus<long>>::Policy900, const long *, long *, at_cuda_detail::cub::ScanTileState<long, (bool)1>, std::plus<long>, at_cuda_detail::cub::NullType, int, long>(T2, T3, T4, int, T5, T6, T7)",0.001240654867256637,unresolved,False,0.27158698729642716,scene-0184,3.710419910675961e-05,7.999999999999978e-06
0.829993,0.8986570399999999,3,3,225,0.0031224697922158885,i2-i30-0245,0.33964697126804216,_5x_cudnn_ampere_scudnn_128x128_relu_small_nn_v1,0.8321881511111111,backbone,False,0.12364803617153075,scene-0245,0.014074320172705749,-0.02356427999999966
0.8330979999999999,0.87167364,5,5,225,0.02568639664009114,i2-i30-0245,0.4088450159350008,_5x_cudnn_ampere_scudnn_128x32_relu_small_nn_v1,0.8333645555555556,backbone,False,0.31530130404326157,scene-0245,0.045403969320438914,0.061506720000004456
0.34474,0.35170064,1,1,225,0.001564441151066646,i2-i30-0245,0.1916924690777052,_5x_cudnn_ampere_scudnn_128x64_relu_medium_nn_v1,0.3444378888888889,backbone,False,0.23396759071504286,scene-0245,0.003726661375203293,-0.008594159999999962
0.548134,0.57292812,4,4,225,0.0047906677678776054,i2-i30-0245,0.38873328541808305,ampere_sgemm_128x64_nn,0.5487882044444445,backbone,False,0.27340774704010756,scene-0245,0.00976566093492807,-0.026029559999999785
0.480294,0.50752472,3,3,225,0.005906057733254702,i2-i30-0245,0.33100176713996005,sm86_xmma_fprop_implicit_gemm_indexed_tf32f32_tf32f32_f32_nhwckrsc_nchw_tilesize128x64x32_stage4_warpsize2x2x1_g1_tensor16x8x8_alignc4_execute_kernel__5x_cudnn,0.47776944888888884,backbone,False,0.2440414763162224,scene-0245,0.013488089791065007,-0.029207799999999562
0.225699,0.24383712000000002,1,1,225,0.003155805381567169,i2-i30-0245,0.4077893491608879,sm86_xmma_fprop_implicit_gemm_tf32f32_tf32f32_f32_nhwckrsc_nchw_tilesize128x128x16_stage3_warpsize2x2x1_g1_tensor16x8x8_alignc4_execute_kernel__5x_cudnn,0.22629216444444447,backbone,False,0.26102595863326256,scene-0245,0.0067381847898263314,-0.01473971999999979
0.546822,0.5904561599999999,3,3,225,0.007902113066946907,i2-i30-0245,0.4063588478535444,sm86_xmma_fprop_implicit_gemm_tf32f32_tf32f32_f32_nhwckrsc_nchw_tilesize128x128x32_stage3_warpsize2x2x1_g1_tensor16x8x8_alignc4_execute_kernel__5x_cudnn,0.5481706577777778,backbone,False,0.2688888899841539,scene-0245,0.01637897745616467,-0.035517439999999456
0.177666,0.19026632,1,1,225,0.002124757913402483,i2-i30-0245,0.3552346103111354,sm86_xmma_fprop_implicit_gemm_tf32f32_tf32f32_f32_nhwckrsc_nhwc_tilesize128x128x16_stage3_warpsize2x2x1_g1_tensor16x8x8_execute_kernel__5x_cudnn,0.17833058666666665,backbone,False,0.2468879776719316,scene-0245,0.004796516216570337,-0.009408999999999862
0.268803,0.32919032,1,1,225,-0.001048554111207507,i2-i30-0245,-0.18434310366265425,"void at::native::<unnamed>::max_pool_forward_nchw<float>(int, const T1 *, long, long, long, int, int, int, int, int, int, int, int, int, int, T1 *, long *)",0.2733224355555555,backbone,False,-0.039587049331677046,scene-0245,0.01476230313577504,0.0011494400000000016
1.576272,1.6472581599999996,49,49,225,0.008233946099823869,i2-i30-0245,0.20041037927180552,"void at::native::vectorized_elementwise_kernel<(int)4, at::native::<unnamed>::launch_clamp_scalar(at::TensorIteratorBase &, c10::Scalar, c10::Scalar, at::native::detail::ClampLimits)::[lambda() (instance 1)]::operator ()() const::[lambda() (instance 7)]::operator ()() const::[lambda(float) (instance 1)], std::array<char *, (unsigned long)2>>(int, T2, T3)",1.5802600666666664,backbone,False,0.23642212938960816,scene-0245,0.0194104810725203,-0.018487239999998906
2.247638,2.3419842000000006,16,16,225,0.0048584079009900355,i2-i30-0245,0.14348790533555922,"void at::native::vectorized_elementwise_kernel<(int)4, at::native::CUDAFunctor_add<float>, std::array<char *, (unsigned long)3>>(int, T2, T3)",2.2553568444444445,backbone,False,0.1386852754087142,scene-0245,0.019524504683266976,-0.00595844000000012
0.014528,0.015392,9,9,225,0.00019921685372534703,i2-i30-0245,0.23228938204792499,"void cask__5x_cudnn::computeOffsetsKernel<(bool)0, (bool)0>(cask__5x_cudnn::ComputeOffsetsParams)",0.01449275111111111,backbone,False,0.25793741552928817,scene-0245,0.00043045537676704004,-0.0013053599999999829
3.014369,3.133430079999999,53,53,225,0.015769746385327958,i2-i30-0245,0.33439747679728604,"void cudnn::bn_fw_inf_1C11_kernel_NCHW<float, float, (bool)1, (int)1>(T2, T2, cudnnTensorStruct, const T1 *, cudnnTensorStruct, T1 *, cudnnTensorStruct, const T2 *, const T2 *, const T2 *, const T2 *, T2)",3.02110172,backbone,False,0.2311196558215234,scene-0245,0.038028065284083104,0.028636120000003817
0.423939,0.4558559999999998,32,32,225,0.0016233695511556588,i2-i30-0245,0.1839589822250091,"void cudnn::engines_precompiled::nchwToNhwcKernel<float, float, float, (bool)0, (bool)1, (cudnnKernelDataType_t)2>(cudnn::engines_precompiled::nchw2nhwc_params_t<T3>, const T1 *, T2 *)",0.42505473777777775,backbone,False,0.12332014040602252,scene-0245,0.007336683584874895,-0.008444959999999946
0.04435200000000001,0.048306679999999984,9,9,225,0.0006674617593192634,i2-i30-0245,0.45812214735824025,"void cudnn::engines_precompiled::nhwcToNchwKernel<float, float, float, (bool)1, (bool)0, (cudnnKernelDataType_t)0>(cudnn::engines_precompiled::nhwc2nchw_params_t<T3>, const T1 *, T2 *)",0.044441182222222216,backbone,False,0.29959462626798655,scene-0245,0.001241677391504265,-0.0034839199999999668
0.152002,0.16604744,2,2,225,0.0020718375815538194,i2-i30-0245,0.47874467152984634,void cutlass::Kernel2<cutlass_80_tensorop_s1688gemm_128x128_16x4_nn_align4>(T1::Params),0.1529493422222222,backbone,False,0.3096632229105113,scene-0245,0.003728914976325115,-0.010593279999999844
0.477414,0.51287128,6,6,225,0.0057490601956251925,i2-i30-0245,0.4709825228856586,void cutlass::Kernel2<cutlass_80_tensorop_s1688gemm_128x128_16x5_nn_align4>(T1::Params),0.4787841066666667,backbone,False,0.3009762301079213,scene-0245,0.01064586762884287,-0.02203239999999973
0.147714,0.15866824,1,1,225,0.0017750591665396348,i2-i30-0245,0.4075424308034352,void cutlass::Kernel2<cutlass_80_tensorop_s1688gemm_128x128_32x3_nn_align1>(T1::Params),0.14840683999999998,backbone,False,0.255427530338882,scene-0245,0.0038731251764147494,-0.008304639999999863
0.214659,0.27083692,1,1,225,0.0006078085998528576,i2-i30-0245,-0.14499803589285315,void cutlass::Kernel2<cutlass_80_tensorop_s1688gemm_128x64_16x6_nn_align4>(T1::Params),0.21638104444444445,backbone,False,0.03759366708804598,scene-0245,0.009010907953649056,0.001064959999999976
0.320355,0.34967596,2,2,225,0.0010682663631852037,i2-i30-0245,0.18933232992259474,void cutlass::Kernel2<cutlass_80_tensorop_s1688gemm_256x64_16x4_nn_align4>(T1::Params),0.32113438666666666,backbone,False,0.10156811935445982,scene-0245,0.005861901908031024,-0.00285387999999992
0.137506,0.14984624,1,1,225,0.0015208357109741516,i2-i30-0245,0.5001899454617086,void cutlass::Kernel2<cutlass_80_tensorop_s1688gemm_64x128_32x3_nn_align4>(T1::Params),0.1385402,backbone,False,0.26283755803395564,scene-0245,0.003224863093734884,-0.007411199999999868
0.265891,0.28496299999999997,3,3,225,0.0028550911339370365,i2-i30-0245,0.4210976927993428,void cutlass::Kernel2<cutlass_80_tensorop_s1688gemm_64x128_32x4_nn_align1>(T1::Params),0.2670967377777778,backbone,False,0.2689108093405113,scene-0245,0.005917361743032634,-0.01104895999999983
0.6455430000000001,0.68911316,8,8,225,0.0058648593416956085,i2-i30-0245,0.4461475134398501,void cutlass::Kernel2<cutlass_80_tensorop_s1688gemm_64x64_16x6_nn_align4>(T1::Params),0.6467274177777778,backbone,False,0.27427875458047446,scene-0245,0.011917408769569716,-0.03407823999999959
0.859818,0.9333104799999999,5,5,225,0.013428490465141201,i2-i30-0245,0.46987184706098895,void cutlass__5x_cudnn::Kernel<cutlass_tensorop_s1688fprop_optimized_tf32_128x64_32x3_nhwc_align4>(T1::Params),0.8617693911111111,backbone,False,0.309011906832793,scene-0245,0.024219679129499648,-0.05661415999999908
0.513862,0.5625992799999999,3,3,225,0.007080241182189113,i2-i30-0245,0.4961025209319661,void cutlass__5x_cudnn::Kernel<cutlass_tensorop_s1688fprop_optimized_tf32_64x64_32x5_nhwc_align4>(T1::Params),0.5175018977777778,backbone,False,0.3179805819480648,scene-0245,0.012409773529431262,-0.03208575999999952
0.199328,0.20397175999999997,12,12,225,0.002143368464528561,i2-i30-0245,0.23478728711758856,ampere_sgemm_32x128_tn,0.1980589111111111,bbox_head,False,0.21553417910325462,scene-0245,0.005542390107855484,0.0003502400000000294
0.07955499999999999,0.08158768,12,12,225,0.0003061171387443784,i2-i30-0245,0.07337191863406438,ampere_sgemm_32x32_sliced1x4_tn,0.07911986666666666,bbox_head,False,0.09694420593141401,scene-0245,0.0017598764981920992,-0.0005583599999999939
0.001696,0.0018163199999999997,1,1,225,9.924514343354857e-06,i2-i30-0245,0.14513599734375598,"void at::native::<unnamed>::CatArrayBatchedCopy_aligned16_contig<at::native::<unnamed>::OpaqueType<(unsigned int)4>, unsigned int, (int)2, (int)128, (int)1>(T1 *, at::native::<unnamed>::CatArrInputTensorMetadata<T1, T2, T4, T5>, at::native::<unnamed>::TensorSizeStride<T2, (unsigned int)4>, int, T2)",0.00169588,bbox_head,False,0.1125172178462849,scene-0245,4.9159412346184766e-05,1.5360000000000503e-05
0.005664000000000001,0.0065139199999999986,2,2,225,2.9769779516729217e-05,i2-i30-0245,0.20551892268042676,"void at::native::<unnamed>::CatArrayBatchedCopy_aligned16_contig<at::native::<unnamed>::OpaqueType<(unsigned int)4>, unsigned int, (int)3, (int)128, (int)1>(T1 *, at::native::<unnamed>::CatArrInputTensorMetadata<T1, T2, T4, T5>, at::native::<unnamed>::TensorSizeStride<T2, (unsigned int)4>, int, T2)",0.005654822222222222,bbox_head,False,0.0988714888617828,scene-0245,0.00016781120196867922,-0.00010240000000000162
0.00304,0.003136,2,2,225,1.6851350168882895e-05,i2-i30-0245,0.10868268338404345,"void at::native::elementwise_kernel<(int)128, (int)2, void at::native::gpu_kernel_impl_nocast<at::native::<unnamed>::launch_clamp_scalar(at::TensorIteratorBase &, c10::Scalar, c10::Scalar, at::native::detail::ClampLimits)::[lambda() (instance 1)]::operator ()() const::[lambda() (instance 7)]::operator ()() const::[lambda(float) (instance 1)]>(at::TensorIteratorBase &, const T1 &)::[lambda(int) (instance 1)]>(int, T3)",0.00302696,bbox_head,False,0.12280199039263677,scene-0245,7.647961645649991e-05,-1.663999999999919e-05
0.007904,0.008032,6,6,225,3.420310533989411e-05,i2-i30-0245,0.07833849099158793,"void at::native::elementwise_kernel<(int)128, (int)2, void at::native::gpu_kernel_impl_nocast<at::native::AUnaryFunctor<float, float, float, at::native::binary_internal::MulFunctor<float>>>(at::TensorIteratorBase &, const T1 &)::[lambda(int) (instance 1)]>(int, T3)",0.007831231111111113,bbox_head,False,0.09764655985341726,scene-0245,0.00019522030839509623,-5.7599999999999665e-05
0.001568,0.001728,1,1,225,-1.6609661397231487e-05,i2-i30-0245,-0.0015451301156255615,"void at::native::elementwise_kernel<(int)128, (int)2, void at::native::gpu_kernel_impl_nocast<at::native::BinaryFunctor<float, float, float, at::native::binary_internal::DivFunctor<float>>>(at::TensorIteratorBase &, const T1 &)::[lambda(int) (instance 1)]>(int, T3)",0.0015894933333333334,bbox_head,False,-0.1274094060065375,scene-0245,7.265670390419745e-05,7.295999999999908e-05
0.005344,0.0054325599999999995,4,4,225,1.876384913828454e-05,i2-i30-0245,0.0711971265083763,"void at::native::elementwise_kernel<(int)128, (int)2, void at::native::gpu_kernel_impl_nocast<at::native::CUDAFunctor_add<float>>(at::TensorIteratorBase &, const T1 &)::[lambda(int) (instance 1)]>(int, T3)",0.005283475555555556,bbox_head,False,0.07630505920902408,scene-0245,0.00013705188175051805,7.68000000000036e-06
0.006432,0.00655256,5,5,225,1.9979975682002066e-05,i2-i30-0245,0.07179068294270556,"void at::native::elementwise_kernel<(int)128, (int)2, void at::native::gpu_kernel_impl_nocast<at::native::direct_copy_kernel_cuda(at::TensorIteratorBase &)::[lambda() (instance 3)]::operator ()() const::[lambda() (instance 7)]::operator ()() const::[lambda(float) (instance 1)]>(at::TensorIteratorBase &, const T1 &)::[lambda(int) (instance 1)]>(int, T3)",0.006382711111111111,bbox_head,False,0.06976034326479076,scene-0245,0.00015962567632812045,1.536000000000072e-05
0.003552,0.003648,1,1,225,1.694263697506374e-05,i2-i30-0245,0.07883566850033141,"void at::native::index_elementwise_kernel<(int)128, (int)4, void at::native::gpu_index_kernel<void at::native::index_kernel_impl<at::native::OpaqueType<(int)4>>(at::TensorIteratorBase &, c10::ArrayRef<long>, c10::ArrayRef<long>)::[lambda(char *, const char *, long) (instance 1)]>(at::TensorIteratorBase &, c10::ArrayRef<long>, c10::ArrayRef<long>, const T1 &)::[lambda(int) (instance 1)]>(long, T3)",0.0035376533333333327,bbox_head,False,0.09652547530121251,scene-0245,9.78262623225481e-05,-1.663999999999919e-05
0.00112,0.001152,1,1,225,2.1163139511099037e-06,i2-i30-0245,0.027076561807117473,"void at::native::mbtopk::computeBlockwiseKthCounts<unsigned int>(T1 *, short *, unsigned int, unsigned int, unsigned int *)",0.0011001066666666665,bbox_head,False,0.039424400485438126,scene-0245,2.991792030799523e-05,-2.431999999999955e-05
0.005984000000000001,0.00616856,4,4,225,3.3679921875711416e-05,i2-i30-0245,0.11115708579983594,"void at::native::mbtopk::computeBlockwiseWithinKCounts<unsigned int>(T1 *, short *, unsigned int, int, bool, unsigned int *, unsigned int)",0.00594,bbox_head,False,0.12404670929702741,scene-0245,0.00015132205538005526,-8.063999999999901e-05
0.0008,0.000832,1,1,225,2.8071267593314507e-06,i2-i30-0245,0.07438656438923545,"void at::native::mbtopk::fill<unsigned int, unsigned int>(T1 *, T1, T2)",0.0007963022222222222,bbox_head,False,0.06311898023145546,scene-0245,2.4786685394370615e-05,7.680000000000252e-06
0.003872,0.00399232,1,1,225,2.5282535246838895e-05,i2-i30-0245,0.10419409891491742,"void at::native::mbtopk::gatherTopK<float, unsigned int, (int)1>(at::cuda::detail::TensorInfo<const T1, T2>, T2, T2, bool, unsigned int, T2, at::cuda::detail::TensorInfo<T1, T2>, T2, at::cuda::detail::TensorInfo<long, T2>, T2, unsigned int, unsigned int, T1 *, unsigned int *, unsigned int *, unsigned int)",0.0038406177777777777,bbox_head,False,0.12256508591212677,scene-0245,0.00011496621975150186,7.68000000000036e-06
0.016224000000000002,0.016480760000000004,4,4,225,8.230472392676454e-05,i2-i30-0245,0.10107279888065075,"void at::native::mbtopk::radixFindKthValues<float, unsigned int, unsigned int, (int)1>(at::cuda::detail::TensorInfo<const T1, T2>, unsigned int, unsigned int *, unsigned int, T2, int, int, unsigned int, T3, unsigned int *, T3 *, short *, T1 *)",0.016071133333333334,bbox_head,False,0.11230744471689587,scene-0245,0.0004084440938216364,2.076000000000161e-05
0.013505,0.013777399999999999,1,1,225,5.079968551293482e-05,i2-i30-0245,0.08289009899698006,"void at::native::radixSortKVInPlace<(int)-2, (int)-1, (int)32, (int)32, float, long, unsigned int>(at::cuda::detail::TensorInfo<T5, T7>, T7, T7, T7, at::cuda::detail::TensorInfo<T6, T7>, T7, bool)",0.013381506666666668,bbox_head,False,0.08159680617918405,scene-0245,0.0003469798600623513,-0.00015487999999999613
0.037792000000000006,0.038369759999999996,30,30,225,0.0001904459175570603,i2-i30-0245,0.10662648575316651,"void at::native::vectorized_elementwise_kernel<(int)4, at::native::<unnamed>::launch_clamp_scalar(at::TensorIteratorBase &, c10::Scalar, c10::Scalar, at::native::detail::ClampLimits)::[lambda() (instance 1)]::operator ()() const::[lambda() (instance 7)]::operator ()() const::[lambda(float) (instance 1)], std::array<char *, (unsigned long)2>>(int, T2, T3)",0.03745309777777778,bbox_head,False,0.11923891709721868,scene-0245,0.0008901640444294871,-0.00020607999999999738
0.001408,0.001472,1,1,225,4.838380823043985e-06,i2-i30-0245,0.05292861232025212,"void at::native::vectorized_elementwise_kernel<(int)4, at::native::BUnaryFunctor<long, long, long, at::native::binary_internal::div_floor_kernel_cuda(at::TensorIteratorBase &)::[lambda() (instance 1)]::operator ()() const::[lambda() (instance 4)]::operator ()() const::[lambda(long, long) (instance 1)]>, std::array<char *, (unsigned long)2>>(int, T2, T3)",0.00140204,bbox_head,False,0.06679931543051715,scene-0245,4.036866992001485e-05,0.0
0.001344,0.001408,1,1,225,5.330139536968466e-06,i2-i30-0245,0.1177434413246439,"void at::native::vectorized_elementwise_kernel<(int)4, at::native::BUnaryFunctor<long, long, long, at::native::remainder_kernel_cuda(at::TensorIteratorBase &)::[lambda() (instance 1)]::operator ()() const::[lambda() (instance 4)]::operator ()() const::[lambda(long, long) (instance 1)]>, std::array<char *, (unsigned long)2>>(int, T2, T3)",0.0013340799999999999,bbox_head,False,0.0782712610442017,scene-0245,3.7953571636935555e-05,-1.6639999999999407e-05
0.006464000000000001,0.0065843199999999985,6,6,225,3.133621812079606e-05,i2-i30-0245,0.10852864255821178,"void at::native::vectorized_elementwise_kernel<(int)4, at::native::BinaryFunctor<float, float, float, at::native::binary_internal::DivFunctor<float>>, std::array<char *, (unsigned long)3>>(int, T2, T3)",0.00641328,bbox_head,False,0.10734454658548426,scene-0245,0.0001626982941930657,-4.86399999999991e-05
0.00576,0.005888,6,6,225,2.9117689304302503e-05,i2-i30-0245,0.12110370392485349,"void at::native::vectorized_elementwise_kernel<(int)4, at::native::CUDAFunctorOnOther_add<float>, std::array<char *, (unsigned long)2>>(int, T2, T3)",0.00571684888888889,bbox_head,False,0.11023063617018265,scene-0245,0.00014722141846321477,-0.00011367999999999882
0.005952,0.006072319999999999,6,6,225,2.488029232981512e-05,i2-i30-0245,0.0977514616194759,"void at::native::vectorized_elementwise_kernel<(int)4, at::native::CUDAFunctor_add<float>, std::array<char *, (unsigned long)3>>(int, T2, T3)",0.005898742222222223,bbox_head,False,0.09494509130101156,scene-0245,0.00014604926183980034,-0.00010495999999999856
0.006239999999999999,0.006336,6,6,225,3.2448037350656386e-05,i2-i30-0245,0.09980250271461517,"void at::native::vectorized_elementwise_kernel<(int)4, at::native::log_kernel_cuda(at::TensorIteratorBase &)::[lambda() (instance 2)]::operator ()() const::[lambda() (instance 2)]::operator ()() const::[lambda(float) (instance 1)], std::array<char *, (unsigned long)2>>(int, T2, T3)",0.006178639999999999,bbox_head,False,0.11205895111028213,scene-0245,0.00016138318568618677,-0.00012135999999999831
0.007840000000000001,0.008,7,7,225,3.7414121309629454e-05,i2-i30-0245,0.10958629665519863,"void at::native::vectorized_elementwise_kernel<(int)4, at::native::sigmoid_kernel_cuda(at::TensorIteratorBase &)::[lambda() (instance 2)]::operator ()() const::[lambda() (instance 2)]::operator ()() const::[lambda(float) (instance 1)], std::array<char *, (unsigned long)2>>(int, T2, T3)",0.007781359999999999,bbox_head,False,0.1044911172670972,scene-0245,0.00019955957996436953,-7.196000000000112e-05
0.0016,0.001632,2,2,225,9.016865822540782e-06,i2-i30-0245,0.08475887855860953,"void at_cuda_detail::cub::DeviceScanByKeyInitKernel<at_cuda_detail::cub::ReduceByKeyScanTileState<unsigned int, int, (bool)1>, at_cuda_detail::cub::TransformInputIterator<unsigned int, at::native::mbtopk::BlockIdxToKey, at_cuda_detail::cub::CountingInputIterator<unsigned int, unsigned int>, long>>(T1, T2, std::iterator_traits<T2>::value_type *, unsigned int, int)",0.0015849333333333335,bbox_head,False,0.11385725020411659,scene-0245,4.413786482274729e-05,-2.431999999999955e-05
0.004224,0.00432,2,2,225,1.9565380362743092e-05,i2-i30-0245,0.11227417574420781,"void at_cuda_detail::cub::DeviceScanByKeyKernel<at_cuda_detail::cub::DeviceScanByKeyPolicy<at_cuda_detail::cub::TransformInputIterator<unsigned int, at::native::mbtopk::BlockIdxToKey, at_cuda_detail::cub::CountingInputIterator<unsigned int, unsigned int>, long>, unsigned int, unsigned int, cuda::std::__4::plus<void>>::Policy900, at_cuda_detail::cub::TransformInputIterator<unsigned int, at::native::mbtopk::BlockIdxToKey, at_cuda_detail::cub::CountingInputIterator<unsigned int, unsigned int>, long>, unsigned int *, unsigned int *, at_cuda_detail::cub::ReduceByKeyScanTileState<unsigned int, int, (bool)1>, cuda::std::__4::equal_to<void>, cuda::std::__4::plus<void>, at_cuda_detail::cub::NullType, int, unsigned int, unsigned int>(T2, T11 *, T3, T4, T5, int, T6, T7, T8, T9)",0.004180515555555555,bbox_head,False,0.10141075753077822,scene-0245,0.00010752777823129262,-5.5560000000000505e-05
0.009824,0.009984,6,6,225,5.233603789841419e-05,i2-i30-0245,0.11176593069307442,"void cublasLt::splitKreduce_kernel<(int)32, (int)16, int, float, float, float, (bool)0, float, float, float, (bool)1, (bool)1, (bool)0>(cublasLt::cublasSplitKParams<T6>, const T4 *, const T9 *, T8 *, T5 *, const T6 *, const T6 *, const T10 *, const T4 *, T10 *, void *, long, T6 *, int *, T6 *, const T6 *, const T6 *, const T6 *, const T6 *)",0.009729453333333334,bbox_head,False,0.11614170737579357,scene-0245,0.000251147603877348,-1.791999999999766e-05
0.020641,0.035168,1,1,225,-0.0007931669653522702,i2-i30-0245,-0.11762897033914906,"void at::native::elementwise_kernel<(int)128, (int)2, void at::native::gpu_kernel_impl_nocast<at::native::BinaryFunctor<float, float, float, at::native::binary_internal::DivFunctor<float>>>(at::TensorIteratorBase &, const T1 &)::[lambda(int) (instance 1)]>(int, T3)",0.02099068888888889,data_preprocessor,False,-0.19015957279723075,scene-0245,0.0023246781246464804,-0.0005785600000000474
0.015105,0.02243352,1,1,225,-0.00042061567988852135,i2-i30-0245,-0.10744643653045062,"void at::native::elementwise_kernel<(int)128, (int)2, void at::native::gpu_kernel_impl_nocast<at::native::CUDAFunctor_add<float>>(at::TensorIteratorBase &, const T1 &)::[lambda(int) (instance 1)]>(int, T3)",0.015319515555555555,data_preprocessor,False,-0.18860134168364887,scene-0245,0.0012429598048306675,-2.4080000000014853e-05
0.023008,0.0246254,1,1,225,0.0003386521723022341,i2-i30-0245,0.2648570769229572,"void at::native::index_elementwise_kernel<(int)128, (int)4, void at::native::gpu_index_kernel<void at::native::index_kernel_impl<at::native::OpaqueType<(int)1>>(at::TensorIteratorBase &, c10::ArrayRef<long>, c10::ArrayRef<long>)::[lambda(char *, const char *, long) (instance 1)]>(at::TensorIteratorBase &, c10::ArrayRef<long>, c10::ArrayRef<long>, const T1 &)::[lambda(int) (instance 1)]>(long, T3)",0.02299148,data_preprocessor,False,0.23198388446922183,scene-0245,0.0008136028355680949,-0.0013552399999999763
0.013952,0.017333239999999996,1,1,225,0.00032815376345178505,i2-i30-0245,0.21553783181633854,"void at::native::unrolled_elementwise_kernel<at::native::direct_copy_kernel_cuda(at::TensorIteratorBase &)::[lambda() (instance 3)]::operator ()() const::[lambda() (instance 7)]::operator ()() const::[lambda(float) (instance 1)], std::array<char *, (unsigned long)2>, (int)4, TrivialOffsetCalculator<(int)1, unsigned int>, TrivialOffsetCalculator<(int)1, unsigned int>, at::native::memory::LoadWithCast<(int)1>, at::native::memory::StoreWithCast<(int)1>>(int, T1, T2, T4, T5, T6, T7)",0.014313551111111112,data_preprocessor,False,0.15384744601848682,scene-0245,0.0011887855084772156,-0.001367039999999979
0.8863120000000001,0.90877136,6,6,225,0.0040979251193788415,i2-i30-0245,0.09481856990106832,ampere_sgemm_128x128_nn,0.8826846444444444,decoder,False,0.10962243518517102,scene-0245,0.020834398993924072,0.02180048000000001
0.31968399999999997,0.33787896,6,6,225,0.003435073062583446,i2-i30-0245,0.1134250063628411,ampere_sgemm_128x128_tn,0.3195127777777778,decoder,False,0.1865963983011128,scene-0245,0.010260041703811474,0.01592371999999992
1.8386129999999996,1.89495528,18,18,225,0.019933447253630807,i2-i30-0245,0.12301079412285712,ampere_sgemm_128x64_tn,1.8354318133333334,decoder,False,0.3318878641199579,scene-0245,0.03347398699608467,0.06838891999999963
0.8834990000000001,0.9190945600000002,54,54,225,0.003166629543465401,i2-i30-0245,0.074275787130844,ampere_sgemm_32x128_tn,0.8802935866666667,decoder,False,0.078927135559258,scene-0245,0.022360799200243253,0.020666679999999937
0.087232,0.08933784,12,12,225,0.00035663277239147414,i2-i30-0245,0.09638652018529467,ampere_sgemm_32x32_sliced1x4_tn,0.08679016444444443,decoder,False,0.10612887442498241,scene-0245,0.0018728547442228465,0.0015802400000000105
0.48886999999999997,0.5008879199999999,6,6,225,0.003371520910759026,i2-i30-0245,0.12198314859842532,ampere_sgemm_64x64_tn,0.48857560000000005,decoder,False,0.3225145286390707,scene-0245,0.0058263018123754,0.00842624000000003
0.004864,0.005024,6,6,225,2.916370304768441e-05,i2-i30-0245,0.11220194252254595,"void <unnamed>::elementwise_kernel_with_index<int, at::native::arange_cuda_out(const c10::Scalar &, const c10::Scalar &, const c10::Scalar &, at::Tensor &)::[lambda() (instance 1)]::operator ()() const::[lambda() (instance 7)]::operator ()() const::[lambda(long) (instance 1)]>(T1, T2, function_traits<T2>::result_type *)",0.00482795111111111,decoder,False,0.12155448040359974,scene-0245,0.00013371745439499114,0.00013568
0.6434949999999999,0.6870902400000001,6,6,225,-0.0014145730264211907,i2-i30-0245,-0.03725270544447615,"void <unnamed>::softmax_warp_forward<float, float, float, (int)10, (bool)0, (bool)0>(T2 *, const T1 *, int, int, int, const bool *, int, bool)",0.6478736222222222,decoder,False,-0.055644732070811415,scene-0245,0.014168299245363673,-0.003187720000000005
0.010496,0.010816,6,6,225,6.527332642229591e-05,i2-i30-0245,0.09236901227361898,"void <unnamed>::softmax_warp_forward<float, float, float, (int)4, (bool)0, (bool)0>(T2 *, const T1 *, int, int, int, const bool *, int, bool)",0.010447875555555555,decoder,False,0.12981965186801595,scene-0245,0.0002802281175166288,0.00015872000000000108
0.046912999999999996,0.047874280000000005,14,14,225,-4.716930604564911e-05,i2-i30-0245,-0.08258365814511834,"void at::native::<unnamed>::CatArrayBatchedCopy_aligned16_contig<at::native::<unnamed>::OpaqueType<(unsigned int)4>, unsigned int, (int)3, (int)128, (int)1>(T1 *, at::native::<unnamed>::CatArrInputTensorMetadata<T1, T2, T4, T5>, at::native::<unnamed>::TensorSizeStride<T2, (unsigned int)4>, int, T2)",0.046723551111111115,decoder,False,-0.02965244439225934,scene-0245,0.0008865748164511726,0.0007693200000000108
0.109024,0.11250556,24,24,225,0.0006588543206259347,i2-i30-0245,0.11619616050631974,"void at::native::<unnamed>::CatArrayBatchedCopy_aligned16_contig<at::native::<unnamed>::OpaqueType<(unsigned int)4>, unsigned int, (int)4, (int)128, (int)1>(T1 *, at::native::<unnamed>::CatArrInputTensorMetadata<T1, T2, T4, T5>, at::native::<unnamed>::TensorSizeStride<T2, (unsigned int)4>, int, T2)",0.10863265333333334,decoder,False,0.13365387164551934,scene-0245,0.0027474149587162463,0.0024053599999999814
0.11334400000000001,0.11675644,24,24,225,0.00045822611824917944,i2-i30-0245,0.09942248653501307,"void at::native::<unnamed>::vectorized_layer_norm_kernel<float, float>(int, T2, const T1 *, const T1 *, const T1 *, T2 *, T2 *, T1 *)",0.11288964000000001,decoder,False,0.10719551178635377,scene-0245,0.0023824272159478194,0.0031820800000000454
0.034047999999999995,0.035057639999999994,24,24,225,0.0002076589544206775,i2-i30-0245,0.12433864417261754,"void at::native::elementwise_kernel<(int)128, (int)2, void at::native::gpu_kernel_impl_nocast<at::native::AUnaryFunctor<float, float, float, at::native::binary_internal::MulFunctor<float>>>(at::TensorIteratorBase &, const T1 &)::[lambda(int) (instance 1)]>(int, T3)",0.03394896444444444,decoder,False,0.12974873573015458,scene-0245,0.0008919981059161612,0.0005498799999999957
0.042176,0.0433794,24,24,225,0.0002663136170894845,i2-i30-0245,0.11392634860361821,"void at::native::elementwise_kernel<(int)128, (int)2, void at::native::gpu_kernel_impl_nocast<at::native::BinaryFunctor<float, float, float, at::native::binary_internal::DivFunctor<float>>>(at::TensorIteratorBase &, const T1 &)::[lambda(int) (instance 1)]>(int, T3)",0.04198007555555555,decoder,False,0.13437720922573862,scene-0245,0.0011045468969784348,0.0011263999999999996
0.032512,0.03365756,12,12,225,6.213630722518436e-05,i2-i30-0245,0.11796980306323945,"void at::native::elementwise_kernel<(int)128, (int)2, void at::native::gpu_kernel_impl_nocast<at::native::BinaryFunctor<float, float, float, at::native::binary_internal::MulFunctor<float>>>(at::TensorIteratorBase &, const T1 &)::[lambda(int) (instance 1)]>(int, T3)",0.03240658222222223,decoder,False,0.04751615337928842,scene-0245,0.0007288204800418249,0.00029616000000000364
0.007808,0.00812032,6,6,225,5.335408531070724e-05,i2-i30-0245,0.0787306396829258,"void at::native::elementwise_kernel<(int)128, (int)2, void at::native::gpu_kernel_impl_nocast<at::native::BinaryFunctor<long, long, long, at::native::binary_internal::MulFunctor<long>>>(at::TensorIteratorBase &, const T1 &)::[lambda(int) (instance 1)]>(int, T3)",0.007794711111111109,decoder,False,0.15858662649580826,scene-0245,0.0001875070158358196,0.0001664000000000023
0.017344000000000002,0.017856,6,6,225,6.052401929142097e-05,i2-i30-0245,0.1213866446616513,"void at::native::elementwise_kernel<(int)128, (int)2, void at::native::gpu_kernel_impl_nocast<at::native::CUDAFunctor_add<float>>(at::TensorIteratorBase &, const T1 &)::[lambda(int) (instance 1)]>(int, T3)",0.017279759999999998,decoder,False,0.09583103585056543,scene-0245,0.00035199620604015974,0.00029439999999999675
0.04012899999999999,0.041272800000000005,24,24,225,0.00024997394997855563,i2-i30-0245,0.1141100137950747,"void at::native::elementwise_kernel<(int)128, (int)2, void at::native::gpu_kernel_impl_nocast<at::native::cos_kernel_cuda(at::TensorIteratorBase &)::[lambda() (instance 2)]::operator ()() const::[lambda() (instance 2)]::operator ()() const::[lambda(float) (instance 1)]>(at::TensorIteratorBase &, const T1 &)::[lambda(int) (instance 1)]>(int, T3)",0.03996748444444444,decoder,False,0.13226676942238338,scene-0245,0.001053320194423447,0.0011107599999999954
0.016128000000000003,0.01673676,6,6,225,8.289104683032017e-05,i2-i30-0245,0.08619964971748482,"void at::native::elementwise_kernel<(int)128, (int)2, void at::native::gpu_kernel_impl_nocast<at::native::direct_copy_kernel_cuda(at::TensorIteratorBase &)::[lambda() (instance 3)]::operator ()() const::[lambda() (instance 7)]::operator ()() const::[lambda(float) (instance 1)]>(at::TensorIteratorBase &, const T1 &)::[lambda(int) (instance 1)]>(int, T3)",0.016064582222222224,decoder,False,0.1094948825775392,scene-0245,0.0004219200910593216,0.00041316000000000963
0.04000099999999999,0.041120000000000004,24,24,225,0.00024880044291460633,i2-i30-0245,0.12073518537136739,"void at::native::elementwise_kernel<(int)128, (int)2, void at::native::gpu_kernel_impl_nocast<at::native::sin_kernel_cuda(at::TensorIteratorBase &)::[lambda() (instance 2)]::operator ()() const::[lambda() (instance 2)]::operator ()() const::[lambda(float) (instance 1)]>(at::TensorIteratorBase &, const T1 &)::[lambda(int) (instance 1)]>(int, T3)",0.039839271111111116,decoder,False,0.13188117630910956,scene-0245,0.0010514405958011923,0.0009996800000000028
0.013184999999999999,0.013633000000000001,6,6,225,9.33126294185189e-05,i2-i30-0245,0.11539620912127047,"void at::native::elementwise_kernel<(int)128, (int)4, void at::native::gpu_kernel_impl<at::native::<unnamed>::pow_tensor_tensor_kernel(at::TensorIteratorBase &)::[lambda() (instance 1)]::operator ()() const::[lambda() (instance 7)]::operator ()() const::[lambda(float, float) (instance 1)]>(at::TensorIteratorBase &, const T1 &)::[lambda(int) (instance 1)]>(int, T3)",0.013136066666666666,decoder,False,0.1338274441488695,scene-0245,0.0003886079200885587,0.00027928000000000154
0.105377,0.11065928,6,6,225,0.0005830516993251436,i2-i30-0245,0.10151660351066982,"void at::native::reduce_kernel<(int)128, (int)4, at::native::ReduceOp<float, at::native::MeanOps<float, float, float, float>, unsigned int, float, (int)4>>(T3)",0.10511120888888889,decoder,False,0.11258447181059893,scene-0245,0.0028863232968853662,0.004426199999999991
0.013024,0.013439999999999999,6,6,225,6.275429045875541e-05,i2-i30-0245,0.1008775416245953,"void at::native::reduce_kernel<(int)512, (int)1, at::native::ReduceOp<long, at::native::func_wrapper_t<long, at::native::sum_functor<long, long, long>::operator ()(at::TensorIterator &)::[lambda(long, long) (instance 1)]>, unsigned int, long, (int)4>>(T3)",0.012978782222222223,decoder,False,0.11432550293780308,scene-0245,0.00030592622443174346,0.00041420000000000345
0.08982600000000003,0.09142528000000001,42,42,225,0.000509489448552622,i2-i30-0245,0.15490802720691502,"void at::native::vectorized_elementwise_kernel<(int)4, at::native::<unnamed>::launch_clamp_scalar(at::TensorIteratorBase &, c10::Scalar, c10::Scalar, at::native::detail::ClampLimits)::[lambda() (instance 1)]::operator ()() const::[lambda() (instance 7)]::operator ()() const::[lambda(float) (instance 1)], std::array<char *, (unsigned long)2>>(int, T2, T3)",0.08961505333333335,decoder,False,0.21725273849219484,scene-0245,0.0013070323559031631,0.0012600800000000245
0.028736000000000005,0.029938680000000002,18,18,225,0.0001755891218766564,i2-i30-0245,0.15302757279862186,"void at::native::vectorized_elementwise_kernel<(int)4, at::native::AUnaryFunctor<float, float, float, at::native::binary_internal::MulFunctor<float>>, std::array<char *, (unsigned long)2>>(int, T2, T3)",0.02866832,decoder,False,0.15962085037793503,scene-0245,0.0006130902234128726,-0.0001899199999999962
0.006688,0.00700032,6,6,225,4.8896430400667045e-05,i2-i30-0245,0.13095486074238716,"void at::native::vectorized_elementwise_kernel<(int)4, at::native::AUnaryFunctor<long, long, bool, at::native::<unnamed>::CompareEqFunctor<long>>, std::array<char *, (unsigned long)2>>(int, T2, T3)",0.006681968888888889,decoder,False,0.167705512495812,scene-0245,0.00016249732691438643,0.00016640000000000144
0.015745000000000002,0.0164096,12,12,225,5.603810644546558e-05,i2-i30-0245,0.14223372475894838,"void at::native::vectorized_elementwise_kernel<(int)4, at::native::BUnaryFunctor<float, float, float, at::native::binary_internal::MulFunctor<float>>, std::array<char *, (unsigned long)2>>(int, T2, T3)",0.01572287111111111,decoder,False,0.09724607392606764,scene-0245,0.00032116468092949343,-9.576000000000029e-05
0.006528000000000001,0.0067199999999999985,6,6,225,4.160497645122686e-05,i2-i30-0245,0.12993409753050478,"void at::native::vectorized_elementwise_kernel<(int)4, at::native::BinaryFunctor<float, float, float, at::native::binary_internal::DivFunctor<float>>, std::array<char *, (unsigned long)3>>(int, T2, T3)",0.006501742222222223,decoder,False,0.1340882776318017,scene-0245,0.00017293021134278899,9.472000000000213e-05
0.005855999999999999,0.00597656,6,6,225,3.7341620346008497e-05,i2-i30-0245,0.11087021021966047,"void at::native::vectorized_elementwise_kernel<(int)4, at::native::CUDAFunctorOnOther_add<float>, std::array<char *, (unsigned long)2>>(int, T2, T3)",0.005805133333333333,decoder,False,0.1384365657493088,scene-0245,0.00015033453066781136,5.504000000000186e-05
0.10646700000000002,0.10896075999999999,42,42,225,0.00032207380864547716,i2-i30-0245,0.14298140189794914,"void at::native::vectorized_elementwise_kernel<(int)4, at::native::CUDAFunctor_add<float>, std::array<char *, (unsigned long)3>>(int, T2, T3)",0.10631636888888889,decoder,False,0.11961963290516454,scene-0245,0.0015006152225481427,0.001020400000000074
0.008256000000000001,0.008472559999999999,6,6,225,5.392763288141464e-05,i2-i30-0245,0.1256070389609684,"void at::native::vectorized_elementwise_kernel<(int)4, at::native::FillFunctor<float>, std::array<char *, (unsigned long)1>>(int, T2, T3)",0.008219404444444444,decoder,False,0.13937279048889498,scene-0245,0.00021565015079012215,0.00021503999999999968
0.004832,0.004993,6,6,225,3.457502957203622e-05,i2-i30-0245,0.11523693837693715,"void at::native::vectorized_elementwise_kernel<(int)4, at::native::FillFunctor<long>, std::array<char *, (unsigned long)1>>(int, T2, T3)",0.004797346666666667,decoder,False,0.14363126553303945,scene-0245,0.00013416214004786234,0.00010368000000000009
0.007521,0.007744,6,6,225,4.933446164212914e-05,i2-i30-0245,0.12333093074094002,"void at::native::vectorized_elementwise_kernel<(int)4, at::native::binary_internal::div_floor_kernel_cuda(at::TensorIteratorBase &)::[lambda() (instance 2)]::operator ()() const::[lambda() (instance 2)]::operator ()() const::[lambda(float) (instance 1)], std::array<char *, (unsigned long)2>>(int, T2, T3)",0.007504724444444446,decoder,False,0.14204441239312698,scene-0245,0.0001935720470586316,0.00017536000000000114
0.006432,0.006624,6,6,225,3.901031730205239e-05,i2-i30-0245,0.11972855211708547,"void at::native::vectorized_elementwise_kernel<(int)4, at::native::log_kernel_cuda(at::TensorIteratorBase &)::[lambda() (instance 2)]::operator ()() const::[lambda() (instance 2)]::operator ()() const::[lambda(float) (instance 1)], std::array<char *, (unsigned long)2>>(int, T2, T3)",0.006409453333333333,decoder,False,0.12693745529630732,scene-0245,0.00017127978099524125,2.304000000000108e-05
0.006593,0.006784,6,6,225,4.048765483151001e-05,i2-i30-0245,0.12236892686015459,"void at::native::vectorized_elementwise_kernel<(int)4, at::native::sigmoid_kernel_cuda(at::TensorIteratorBase &)::[lambda() (instance 2)]::operator ()() const::[lambda() (instance 2)]::operator ()() const::[lambda(float) (instance 1)], std::array<char *, (unsigned long)2>>(int, T2, T3)",0.006569177777777778,decoder,False,0.1302620277592435,scene-0245,0.00017322923654816948,6.272000000000222e-05
0.010079999999999999,0.01033676,6,6,225,6.382142226171736e-05,i2-i30-0245,0.12460737422609268,"void cublasLt::splitKreduce_kernel<(int)32, (int)16, int, float, float, float, (bool)0, float, float, float, (bool)1, (bool)1, (bool)0>(cublasLt::cublasSplitKParams<T6>, const T4 *, const T9 *, T8 *, T5 *, const T6 *, const T6 *, const T10 *, const T4 *, T10 *, void *, long, T6 *, int *, T6 *, const T6 *, const T6 *, const T6 *, const T6 *)",0.010006591111111112,decoder,False,0.1332204588788253,scene-0245,0.00026700042765027927,0.00020507999999999985
0.17184100000000002,0.18067403999999998,6,6,225,0.0009921423085156116,i2-i30-0245,0.07218069861442455,"void ms_deformable_im2col_gpu_kernel<float>(int, const T1 *, const long *, const long *, const T1 *, const T1 *, int, int, int, int, int, int, int, T1 *)",0.17143096888888887,decoder,False,0.10670316879256922,scene-0245,0.0051821867185290384,0.007920880000000019
18.305507999999996,18.51490736,36,36,225,0.08828565370067823,i2-i30-0245,0.5531592750098243,ampere_sgemm_128x64_tn,18.310494057777777,encoder,False,0.4152777468838563,scene-0245,0.11848623004353703,-0.029989880000002245
0.006240999999999999,0.006816000000000001,8,8,225,8.743883000044386e-05,i2-i30-0245,0.4379063050150541,"void <unnamed>::elementwise_kernel_with_index<int, at::native::linspace_cuda_out(const c10::Scalar &, const c10::Scalar &, long, at::Tensor &)::[lambda() (instance 2)]::operator ()() const::[lambda() (instance 2)]::operator ()() const::[lambda(long) (instance 1)]>(T1, T2, function_traits<T2>::result_type *)",0.006287737777777777,encoder,False,0.3140336361140963,scene-0245,0.00015518315385217003,-0.0003916799999999932
0.105184,0.11218172,6,6,225,0.0002016227864174449,i2-i30-0245,0.13523492922075095,"void <unnamed>::softmax_warp_forward<float, float, float, (int)4, (bool)0, (bool)0>(T2 *, const T1 *, int, int, int, const bool *, int, bool)",0.10615411999999999,encoder,False,0.0457870488849109,scene-0245,0.0024542192800336505,-0.0008283999999999792
0.019200000000000002,0.020314600000000002,6,6,225,7.571541305710348e-05,i2-i30-0245,0.062488575241587276,"void at::native::<unnamed>::CatArrayBatchedCopy<at::native::<unnamed>::OpaqueType<(unsigned int)8>, unsigned int, (int)2, (int)64, (int)64>(T1 *, at::native::<unnamed>::CatArrInputTensorMetadata<T1, T2, T4, T5>, at::native::<unnamed>::TensorSizeStride<T2, (unsigned int)4>, int, T2)",0.019089391111111114,encoder,False,0.07013392140483295,scene-0245,0.0006016897006937943,0.00044288000000000313
0.007712,0.008408559999999999,5,5,225,8.525114935882555e-05,i2-i30-0245,0.4017455477534466,"void at::native::<unnamed>::CatArrayBatchedCopy_aligned16_contig<at::native::<unnamed>::OpaqueType<(unsigned int)4>, unsigned int, (int)3, (int)128, (int)1>(T1 *, at::native::<unnamed>::CatArrInputTensorMetadata<T1, T2, T4, T5>, at::native::<unnamed>::TensorSizeStride<T2, (unsigned int)4>, int, T2)",0.0077592044444444435,encoder,False,0.2579623881283886,scene-0245,0.0001841875444643379,-0.00046335999999999253
0.880586,0.92202368,12,12,225,0.0038492917860758866,i2-i30-0245,0.43154591879674226,"void at::native::<unnamed>::vectorized_layer_norm_kernel<float, float>(int, T2, const T1 *, const T1 *, const T1 *, T2 *, T2 *, T1 *)",0.8816700755555555,encoder,False,0.23519973282350806,scene-0245,0.009121377142056172,-0.007520719999999814
0.010464,0.011440639999999997,8,8,225,0.00015054106197825396,i2-i30-0245,0.4548457430056314,"void at::native::elementwise_kernel<(int)128, (int)2, void at::native::gpu_kernel_impl_nocast<at::native::BinaryFunctor<float, float, float, at::native::binary_internal::DivFunctor<float>>>(at::TensorIteratorBase &, const T1 &)::[lambda(int) (instance 1)]>(int, T3)",0.010504773333333333,encoder,False,0.3345596982205713,scene-0245,0.00025078280501040893,-0.0006118399999999885
0.001952,0.002112,1,1,225,2.4675289647643073e-05,i2-i30-0245,0.3901027381502827,"void at::native::elementwise_kernel<(int)128, (int)2, void at::native::gpu_kernel_impl_nocast<at::native::BinaryFunctor<float, float, float, at::native::binary_internal::MulFunctor<float>>>(at::TensorIteratorBase &, const T1 &)::[lambda(int) (instance 1)]>(int, T3)",0.0019510044444444447,encoder,False,0.2523107675851481,scene-0245,5.45058200992459e-05,-8.191999999999791e-05
0.013087999999999999,0.01484056,6,6,225,0.0001626326245916205,i2-i30-0245,0.18393581412638454,"void at::native::elementwise_kernel<(int)128, (int)2, void at::native::gpu_kernel_impl_nocast<at::native::BinaryFunctor<long, long, long, at::native::binary_internal::MulFunctor<long>>>(at::TensorIteratorBase &, const T1 &)::[lambda(int) (instance 1)]>(int, T3)",0.013013719999999998,encoder,False,0.0992420740106454,scene-0245,0.0009133310933305865,7.756000000000603e-05
0.26739399999999997,0.29150971999999997,6,6,225,7.56117826883061e-06,i2-i30-0245,0.012869216889145425,"void at::native::elementwise_kernel<(int)128, (int)2, void at::native::gpu_kernel_impl_nocast<at::native::CUDAFunctor_add<float>>(at::TensorIteratorBase &, const T1 &)::[lambda(int) (instance 1)]>(int, T3)",0.27173358666666664,encoder,False,0.00047174199289423815,scene-0245,0.008933082483682027,0.0008837200000000878
0.009984,0.01087256,8,8,225,0.00013839295805538712,i2-i30-0245,0.45413830572717334,"void at::native::elementwise_kernel<(int)128, (int)2, void at::native::gpu_kernel_impl_nocast<at::native::direct_copy_kernel_cuda(at::TensorIteratorBase &)::[lambda() (instance 3)]::operator ()() const::[lambda() (instance 7)]::operator ()() const::[lambda(float) (instance 1)]>(at::TensorIteratorBase &, const T1 &)::[lambda(int) (instance 1)]>(int, T3)",0.010036586666666666,encoder,False,0.3255016565157728,scene-0245,0.00023696117412868393,-0.0005465599999999911
0.483045,0.50652428,6,6,225,-0.0009496090209496317,i2-i30-0245,-0.007597436198328468,"void at::native::elementwise_kernel<(int)128, (int)4, void at::native::gpu_kernel_impl<at::native::BinaryFunctor<float, float, float, at::native::binary_internal::DivFunctor<float>>>(at::TensorIteratorBase &, const T1 &)::[lambda(int) (instance 1)]>(int, T3)",0.4865733777777777,encoder,False,-0.05992942684965317,scene-0245,0.008831228286255008,-0.0006602400000000341
0.012,0.012896,6,6,225,0.00013671178758572697,i2-i30-0245,0.4250898260693533,"void at::native::reduce_kernel<(int)512, (int)1, at::native::ReduceOp<long, at::native::func_wrapper_t<long, at::native::sum_functor<long, long, long>::operator ()(at::TensorIterator &)::[lambda(long, long) (instance 1)]>, unsigned int, long, (int)4>>(T3)",0.012034120000000002,encoder,False,0.27905909990789063,scene-0245,0.00027303993814499413,-0.0005375999999999905
0.008608,0.00940032,8,8,225,0.00011467172961344365,i2-i30-0245,0.45508007341800216,"void at::native::unrolled_elementwise_kernel<at::native::BinaryFunctor<float, float, float, at::native::binary_internal::MulFunctor<float>>, std::array<char *, (unsigned long)3>, (int)4, TrivialOffsetCalculator<(int)2, unsigned int>, TrivialOffsetCalculator<(int)1, unsigned int>, at::native::memory::LoadWithCast<(int)2>, at::native::memory::StoreWithCast<(int)1>>(int, T1, T2, T4, T5, T6, T7)",0.008640644444444444,encoder,False,0.30528693941504054,scene-0245,0.00020934593970062067,-0.0004492799999999894
0.008,0.00872832,8,8,225,0.0001040778443759378,i2-i30-0245,0.4310087089212539,"void at::native::unrolled_elementwise_kernel<at::native::CUDAFunctorOnSelf_add<float>, std::array<char *, (unsigned long)2>, (int)4, TrivialOffsetCalculator<(int)1, unsigned int>, TrivialOffsetCalculator<(int)1, unsigned int>, at::native::memory::LoadWithCast<(int)1>, at::native::memory::StoreWithCast<(int)1>>(int, T1, T2, T4, T5, T6, T7)",0.008033355555555555,encoder,False,0.2921150107352607,scene-0245,0.0001985732840434544,-0.0005209599999999922
4.478741,4.6210924,6,6,225,0.011034099403158358,i2-i30-0245,0.16795894473525372,"void at::native::vectorized_elementwise_kernel<(int)4, at::native::<unnamed>::launch_clamp_scalar(at::TensorIteratorBase &, c10::Scalar, c10::Scalar, at::native::detail::ClampLimits)::[lambda() (instance 1)]::operator ()() const::[lambda() (instance 7)]::operator ()() const::[lambda(float) (instance 1)], std::array<char *, (unsigned long)2>>(int, T2, T3)",4.507332457777778,encoder,False,0.12624318362081555,scene-0245,0.04871305400256802,-0.0326006000000012
0.006208,0.006744319999999999,6,6,225,5.269465616649268e-05,i2-i30-0245,0.333941575976929,"void at::native::vectorized_elementwise_kernel<(int)4, at::native::AUnaryFunctor<long, long, bool, at::native::<unnamed>::CompareEqFunctor<long>>, std::array<char *, (unsigned long)2>>(int, T2, T3)",0.006227977777777778,encoder,False,0.216364937815527,scene-0245,0.0001357363275519268,-0.00026699999999999814
1.965909,2.0199493200000003,18,18,225,3.5376162724961925e-05,i2-i30-0245,0.028880872571967267,"void at::native::vectorized_elementwise_kernel<(int)4, at::native::CUDAFunctor_add<float>, std::array<char *, (unsigned long)3>>(int, T2, T3)",1.9742735288888889,encoder,False,0.0010544340842394849,scene-0245,0.018698539711023466,-0.010017880000000146
0.109249,0.11872712,6,6,225,0.0001762491308018608,i2-i30-0245,0.08164224188500287,"void at::native::vectorized_elementwise_kernel<(int)4, at::native::FillFunctor<float>, std::array<char *, (unsigned long)1>>(int, T2, T3)",0.11040180444444445,encoder,False,0.03166612217833592,scene-0245,0.003102047936727933,-0.001005839999999994
3.147842,3.1910854799999995,6,6,225,0.0051345646126435855,i2-i30-0245,0.3392855101800419,"void ms_deformable_im2col_gpu_kernel<float>(int, const T1 *, const long *, const long *, const T1 *, const T1 *, int, int, int, int, int, int, int, T1 *)",3.146696426666667,encoder,False,0.15285461519686186,scene-0245,0.018721535736512418,-0.02307735999999938
0.006176,0.006649079999999999,4,4,225,6.528576224699719e-05,i2-i30-0245,0.44427267605553405,"void at::native::<unnamed>::ComputeFusedParamsCUDAKernel<float>(long, long, long, const T1 *, const T1 *, const T1 *, const T1 *, at::AccumulateType<T1, (bool)1>::type *, at::AccumulateType<T1, (bool)1>::type *)",0.0062057733333333335,neck,False,0.2654950888016024,scene-0245,0.00013704979533001857,-0.0002470399999999935
0.05536100000000001,0.060003839999999996,4,4,225,0.0007148509678461278,i2-i30-0245,0.4950966974670432,"void at::native::<unnamed>::RowwiseMomentsCUDAKernel<float>(long, T1, const T1 *, T1 *, T1 *)",0.05556102666666667,neck,False,0.33975639092634896,scene-0245,0.0011726388509871425,-0.0027622399999999575
0.026465000000000002,0.02904984,4,4,225,0.0003600929945335536,i2-i30-0245,0.4902873556702682,"void at::native::elementwise_kernel<(int)128, (int)2, void at::native::gpu_kernel_impl_nocast<void at::native::<unnamed>::GroupNormKernelImplInternal<float>(const at::Tensor &, const at::Tensor &, const at::Tensor &, long, long, long, long, T1, at::Tensor &, at::Tensor &, at::Tensor &)::[lambda(float, float, float) (instance 2)]>(at::TensorIteratorBase &, const T1 &)::[lambda(int) (instance 1)]>(int, T3)",0.02665557333333334,neck,False,0.30525087965825204,scene-0245,0.0006574672920973157,-0.0019366399999999756
0.003809,0.004128,1,1,225,3.66497988596692e-05,i2-i30-0245,0.47806343340494306,"void cublasLt::splitKreduce_kernel<(int)32, (int)16, int, float, float, float, (bool)0, float, float, float, (bool)1, (bool)0, (bool)0>(cublasLt::cublasSplitKParams<T6>, const T4 *, const T9 *, T8 *, T5 *, const T6 *, const T6 *, const T10 *, const T4 *, T10 *, void *, long, T6 *, int *, T6 *, const T6 *, const T6 *, const T6 *, const T6 *)",0.003845306666666667,neck,False,0.2632748287102336,scene-0245,7.758516009306588e-05,-0.00023551999999999688
0.082977,0.10081788,2,2,225,-0.0010021124500694727,i2-i30-0245,-0.044004150588402735,"void cudnn::engines_precompiled::nchwToNhwcKernel<float, float, float, (bool)0, (bool)1, (cudnnKernelDataType_t)2>(cudnn::engines_precompiled::nchw2nhwc_params_t<T3>, const T1 *, T2 *)",0.08420687111111112,neck,False,-0.12568391927237613,scene-0245,0.004443786105094631,0.0042982400000001475
0.001632,0.00176,1,1,225,1.9053944452430832e-05,i2-i30-0245,0.38659096688815026,"void cudnn::engines_precompiled::nhwcToNchwKernel<float, float, float, (bool)1, (bool)0, (cudnnKernelDataType_t)0>(cudnn::engines_precompiled::nhwc2nchw_params_t<T3>, const T1 *, T2 *)",0.0016237555555555557,neck,False,0.26196863600461856,scene-0245,4.053703686784087e-05,-0.00011391999999999826
0.150977,0.16227068,1,1,225,0.0016415157105396376,i2-i30-0245,0.4695635039720517,void cutlass::Kernel2<cutlass_80_tensorop_s1688gemm_128x128_32x3_nn_align1>(T1::Params),0.15170299555555555,neck,False,0.3262223788979426,scene-0245,0.0028044499726094497,-0.007954919999999921
0.039169,0.0421468,1,1,225,0.0005299606699799308,i2-i30-0245,0.47155140011621327,void cutlass::Kernel2<cutlass_80_tensorop_s1688gemm_256x64_16x4_nn_align4>(T1::Params),0.03934478222222222,neck,False,0.36080200377175536,scene-0245,0.0008186364987082385,-0.0022044399999999673
0.088705,0.096897,1,1,225,0.001046666951381831,i2-i30-0245,0.27020077756457356,void cutlass::Kernel2<cutlass_80_tensorop_s1688gemm_64x64_16x6_nn_align4>(T1::Params),0.08922068888888889,neck,False,0.2190800870412432,scene-0245,0.0026626986045674476,-0.003841279999999947
0.225186,0.24679596,1,1,225,0.0034289229836446727,i2-i30-0245,0.4837239783367751,void cutlass__5x_cudnn::Kernel<cutlass_tensorop_s1688fprop_optimized_tf32_64x64_32x5_nhwc_align4>(T1::Params),0.22611720444444444,neck,False,0.3412478584683829,scene-0245,0.005600208546353155,-0.014450679999999771
0.009184,0.009568000000000002,12,12,225,9.016117962394464e-05,i2-i30-0245,0.2047356803925398,"void <unnamed>::elementwise_kernel_with_index<int, at::native::arange_cuda_out(const c10::Scalar &, const c10::Scalar &, const c10::Scalar &, at::Tensor &)::[lambda() (instance 1)]::operator ()() const::[lambda() (instance 7)]::operator ()() const::[lambda(long) (instance 1)]>(T1, T2, function_traits<T2>::result_type *)",0.009160066666666666,positional_encoding,False,0.23555449352193972,scene-0245,0.0002133263957205278,-0.00015743999999999307
0.028864,0.04835583999999998,4,4,225,-0.00016392199628447452,i2-i30-0245,0.09670605266933853,"void at::native::<unnamed>::CatArrayBatchedCopy_aligned16_contig<at::native::<unnamed>::OpaqueType<(unsigned int)4>, unsigned int, (int)4, (int)128, (int)1>(T1 *, at::native::<unnamed>::CatArrInputTensorMetadata<T1, T2, T4, T5>, at::native::<unnamed>::TensorSizeStride<T2, (unsigned int)4>, int, T2)",0.029368542222222224,positional_encoding,False,-0.03117665559192936,scene-0245,0.0029303811567393144,-0.0011742799999999894
0.04009599999999999,0.04380056,16,16,225,0.0005012903746065976,i2-i30-0245,0.48221725989243713,"void at::native::elementwise_kernel<(int)128, (int)2, void at::native::gpu_kernel_impl_nocast<at::native::BinaryFunctor<float, float, float, at::native::binary_internal::DivFunctor<float>>>(at::TensorIteratorBase &, const T1 &)::[lambda(int) (instance 1)]>(int, T3)",0.04029373333333333,positional_encoding,False,0.2972093949609929,scene-0245,0.0009400332949186191,-0.00274535999999994
0.004448,0.004832,4,4,225,5.766185286818788e-05,i2-i30-0245,0.47811866298785566,"void at::native::elementwise_kernel<(int)128, (int)2, void at::native::gpu_kernel_impl_nocast<at::native::CUDAFunctorOnSelf_add<float>>(at::TensorIteratorBase &, const T1 &)::[lambda(int) (instance 1)]>(int, T3)",0.004475355555555556,positional_encoding,False,0.34417677395396473,scene-0245,9.337345698396207e-05,-0.00022015999999999616
0.024863999999999997,0.029626359999999994,8,8,225,6.0509043214277615e-05,i2-i30-0245,0.21763970654258952,"void at::native::elementwise_kernel<(int)128, (int)2, void at::native::gpu_kernel_impl_nocast<at::native::cos_kernel_cuda(at::TensorIteratorBase &)::[lambda() (instance 2)]::operator ()() const::[lambda() (instance 2)]::operator ()() const::[lambda(float) (instance 1)]>(at::TensorIteratorBase &, const T1 &)::[lambda(int) (instance 1)]>(int, T3)",0.025105297777777775,positional_encoding,False,0.03375765023929242,scene-0245,0.000998997682232633,-0.0013350399999999818
0.069536,0.08304356,24,24,225,-0.00018647018789366788,i2-i30-0245,0.12473349022264775,"void at::native::elementwise_kernel<(int)128, (int)2, void at::native::gpu_kernel_impl_nocast<at::native::direct_copy_kernel_cuda(at::TensorIteratorBase &)::[lambda() (instance 3)]::operator ()() const::[lambda() (instance 7)]::operator ()() const::[lambda(float) (instance 1)]>(at::TensorIteratorBase &, const T1 &)::[lambda(int) (instance 1)]>(int, T3)",0.07008331999999999,positional_encoding,False,-0.04029288523834916,scene-0245,0.0025792737935404326,-0.001133559999999978
0.023264999999999997,0.029743359999999993,8,8,225,-6.249193233684036e-05,i2-i30-0245,0.18883654579559048,"void at::native::elementwise_kernel<(int)128, (int)2, void at::native::gpu_kernel_impl_nocast<at::native::sin_kernel_cuda(at::TensorIteratorBase &)::[lambda() (instance 2)]::operator ()() const::[lambda() (instance 2)]::operator ()() const::[lambda(float) (instance 1)]>(at::TensorIteratorBase &, const T1 &)::[lambda(int) (instance 1)]>(int, T3)",0.023643839999999996,positional_encoding,False,-0.026484011214061354,scene-0245,0.001315093389569307,-0.002742279999999986
0.007200999999999999,0.007808,4,4,225,9.611022344238238e-05,i2-i30-0245,0.430452724343857,"void at::native::elementwise_kernel<(int)128, (int)4, void at::native::gpu_kernel_impl<at::native::<unnamed>::pow_tensor_tensor_kernel(at::TensorIteratorBase &)::[lambda() (instance 1)]::operator ()() const::[lambda() (instance 7)]::operator ()() const::[lambda(float, float) (instance 1)]>(at::TensorIteratorBase &, const T1 &)::[lambda(int) (instance 1)]>(int, T3)",0.00723692888888889,positional_encoding,False,0.309249170755916,scene-0245,0.00017321178895242316,-0.0004710399999999946
0.001696,0.001856,2,2,225,2.3293597567371777e-05,i2-i30-0245,0.4073200730101914,"void at::native::unrolled_elementwise_kernel<at::native::CUDAFunctorOnSelf_add<float>, std::array<char *, (unsigned long)2>, (int)4, TrivialOffsetCalculator<(int)1, unsigned int>, TrivialOffsetCalculator<(int)1, unsigned int>, at::native::memory::LoadWithoutCast, at::native::memory::StoreWithoutCast>(int, T1, T2, T4, T5, T6, T7)",0.0017116711111111109,positional_encoding,False,0.299136254760904,scene-0245,4.3399419464741054e-05,-0.00011391999999999848
0.000864,0.000928,1,1,225,1.1713536871429018e-05,i2-i30-0245,0.4568879688088926,"void at::native::vectorized_elementwise_kernel<(int)2, at::native::CUDAFunctorOnSelf_add<float>, std::array<char *, (unsigned long)2>>(int, T2, T3)",0.0008558977777777777,positional_encoding,False,0.26577367302067473,scene-0245,2.4563627029400748e-05,-3.3279999999998814e-05
0.011071999999999999,0.01198488,12,12,225,0.00012464155677919305,i2-i30-0245,0.4669034759541326,"void at::native::vectorized_elementwise_kernel<(int)4, at::native::AUnaryFunctor<float, float, float, at::native::binary_internal::MulFunctor<float>>, std::array<char *, (unsigned long)2>>(int, T2, T3)",0.011110937777777777,positional_encoding,False,0.30217914991968947,scene-0245,0.00022988719097165772,-0.000482559999999993
0.0033599999999999997,0.00364032,4,4,225,3.80121680080215e-05,i2-i30-0245,0.4064203000079523,"void at::native::vectorized_elementwise_kernel<(int)4, at::native::BUnaryFunctor<float, float, float, at::native::binary_internal::MulFunctor<float>>, std::array<char *, (unsigned long)2>>(int, T2, T3)",0.0033735511111111106,positional_encoding,False,0.28016550522219646,scene-0245,7.561785980168744e-05,-0.0002111999999999969
0.009119999999999998,0.009632,9,9,225,0.00010786171176746058,i2-i30-0245,0.2278570141788256,"void at::native::vectorized_elementwise_kernel<(int)4, at::native::CUDAFunctorOnSelf_add<float>, std::array<char *, (unsigned long)2>>(int, T2, T3)",0.00911755111111111,positional_encoding,False,0.2765508060905611,scene-0245,0.00021737459385659814,-0.00033407999999999355
0.0029440000000000004,0.0032,4,4,225,4.146499077479912e-05,i2-i30-0245,0.4740583156180322,"void at::native::vectorized_elementwise_kernel<(int)4, at::native::FillFunctor<long>, std::array<char *, (unsigned long)1>>(int, T2, T3)",0.0029696222222222223,positional_encoding,False,0.3208732756229392,scene-0245,7.202187596337633e-05,-0.00021119999999999733
0.004416,0.0047680000000000005,4,4,225,4.9655214980467643e-05,i2-i30-0245,0.4644328623686058,"void at::native::vectorized_elementwise_kernel<(int)4, at::native::binary_internal::div_floor_kernel_cuda(at::TensorIteratorBase &)::[lambda() (instance 2)]::operator ()() const::[lambda() (instance 2)]::operator ()() const::[lambda(float) (instance 1)], std::array<char *, (unsigned long)2>>(int, T2, T3)",0.004438244444444444,positional_encoding,False,0.29880731479058253,scene-0245,9.261685844993787e-05,-0.00022783999999999825
0.528389,0.5449788,3,3,225,0.0009850548020136636,i2-i30-0245,0.056137137484134604,ampere_sgemm_128x64_tn,0.5294081244444444,unresolved,False,0.06691413006187688,scene-0245,0.008204629237615543,0.01852363999999984
0.131521,0.13919331999999998,2,2,225,0.0004725808922194034,i2-i30-0245,0.03639682580526252,ampere_sgemm_32x128_tn,0.13230183999999998,unresolved,False,0.06405627725433874,scene-0245,0.004111789438102209,0.008205559999999945
0.002016,0.00224,1,1,225,2.4741267041938786e-05,i2-i30-0245,0.34415487378231646,reduction_prod_kernel,0.002029266666666667,unresolved,False,0.21354858541311617,scene-0245,6.457161399046279e-05,-5.75999999999988e-05
0.006496,0.006912000000000001,8,8,225,5.3172595441802336e-05,i2-i30-0245,0.09935741069729692,"void <unnamed>::elementwise_kernel_with_index<int, at::native::linspace_cuda_out(const c10::Scalar &, const c10::Scalar &, long, at::Tensor &)::[lambda() (instance 2)]::operator ()() const::[lambda() (instance 2)]::operator ()() const::[lambda(long) (instance 1)]>(T1, T2, function_traits<T2>::result_type *)",0.006505617777777779,unresolved,False,0.12218400839480682,scene-0245,0.000242543642156659,0.00042879999999999655
0.12240100000000001,0.15533,5,5,225,-0.0010127612382166422,i2-i30-0245,-0.11774549280218177,"void at::native::<unnamed>::CatArrayBatchedCopy<at::native::<unnamed>::OpaqueType<(unsigned int)4>, unsigned int, (int)3, (int)64, (int)64>(T1 *, at::native::<unnamed>::CatArrInputTensorMetadata<T1, T2, T4, T5>, at::native::<unnamed>::TensorSizeStride<T2, (unsigned int)4>, int, T2)",0.12343851111111112,unresolved,False,-0.0994412353785704,scene-0245,0.005676190520732574,-0.000521720000000031
0.081153,0.10569956,2,2,225,-0.0005759728677232016,i2-i30-0245,-0.07016443033153313,"void at::native::<unnamed>::CatArrayBatchedCopy_aligned16_contig<at::native::<unnamed>::OpaqueType<(unsigned int)4>, unsigned int, (int)3, (int)128, (int)1>(T1 *, at::native::<unnamed>::CatArrInputTensorMetadata<T1, T2, T4, T5>, at::native::<unnamed>::TensorSizeStride<T2, (unsigned int)4>, int, T2)",0.08196424888888888,unresolved,False,-0.07412192783404506,scene-0245,0.0043308358516122355,0.0018367999999999995
0.0075840000000000005,0.008096,4,4,225,6.589152486190574e-05,i2-i30-0245,0.10687357460997111,"void at::native::<unnamed>::CatArrayBatchedCopy_aligned16_contig<at::native::<unnamed>::OpaqueType<(unsigned int)4>, unsigned int, (int)4, (int)128, (int)1>(T1 *, at::native::<unnamed>::CatArrInputTensorMetadata<T1, T2, T4, T5>, at::native::<unnamed>::TensorSizeStride<T2, (unsigned int)4>, int, T2)",0.007591884444444445,unresolved,False,0.125676384648243,scene-0245,0.0002922081221439842,0.0005094399999999947
0.003424,0.0038323199999999993,2,2,225,1.3582488870472032e-05,i2-i30-0245,0.0691317509767936,"void at::native::<unnamed>::CatArrayBatchedCopy_aligned16_contig<at::native::<unnamed>::OpaqueType<(unsigned int)8>, unsigned int, (int)1, (int)128, (int)1>(T1 *, at::native::<unnamed>::CatArrInputTensorMetadata<T1, T2, T4, T5>, at::native::<unnamed>::TensorSizeStride<T2, (unsigned int)4>, int, T2)",0.003415937777777778,unresolved,False,0.03170351318892322,scene-0245,0.00023877473464789536,0.00019583999999999574
0.087169,0.09076964,1,1,225,6.476081295367088e-05,i2-i30-0245,0.054655739555283404,"void at::native::<unnamed>::vectorized_layer_norm_kernel<float, float>(int, T2, const T1 *, const T1 *, const T1 *, T2 *, T2 *, T1 *)",0.08717580444444445,unresolved,False,0.027523100642316417,scene-0245,0.0013113883997852654,0.0024512000000000284
0.004864,0.0050880000000000005,2,2,225,4.534238183753618e-05,i2-i30-0245,0.12039226708372962,"void at::native::_scatter_gather_elementwise_kernel<(int)128, (int)4, void at::native::_cuda_scatter_gather_internal_kernel<(bool)0, at::native::OpaqueType<(int)4>>::operator ()<at::native::TensorAssign>(at::TensorIterator &, long, long, long, const T1 &)::[lambda(int) (instance 1)]>(int, T3)",0.0048376,unresolved,False,0.1388986016191668,scene-0245,0.00018193776713786256,0.0003919599999999985
0.027969,0.03221656,2,2,225,0.00021056984772787447,i2-i30-0245,0.060882506278761336,"void at::native::elementwise_kernel<(int)128, (int)2, void at::native::gpu_kernel_impl_nocast<at::native::<unnamed>::masked_fill_kernel(at::TensorIterator &, const c10::Scalar &)::[lambda() (instance 1)]::operator ()() const::[lambda() (instance 7)]::operator ()() const::[lambda(float, bool) (instance 1)]>(at::TensorIteratorBase &, const T1 &)::[lambda(int) (instance 1)]>(int, T3)",0.028246533333333334,unresolved,False,0.05902796094200134,scene-0245,0.001988175903239505,0.002734359999999953
0.030305000000000002,0.03312972,4,4,225,0.00029503473526470427,i2-i30-0245,0.45824558773518176,"void at::native::elementwise_kernel<(int)128, (int)2, void at::native::gpu_kernel_impl_nocast<at::native::CUDAFunctor_add<float>>(at::TensorIteratorBase &, const T1 &)::[lambda(int) (instance 1)]>(int, T3)",0.030495333333333333,unresolved,False,0.2170525150208181,scene-0245,0.000757573424384286,-0.0020183199999999728
0.002976,0.003168,2,2,225,2.1203350990160998e-05,i2-i30-0245,0.07711696934625809,"void at::native::elementwise_kernel<(int)128, (int)2, void at::native::gpu_kernel_impl_nocast<at::native::direct_copy_kernel_cuda(at::TensorIteratorBase &)::[lambda() (instance 3)]::operator ()() const::[lambda() (instance 4)]::operator ()() const::[lambda(long) (instance 1)]>(at::TensorIteratorBase &, const T1 &)::[lambda(int) (instance 1)]>(int, T3)",0.0029727733333333333,unresolved,False,0.10450923180281839,scene-0245,0.00011307491007685523,0.0001446399999999997
0.009472000000000001,0.01008,4,4,225,8.136601648003292e-05,i2-i30-0245,0.09811101259412444,"void at::native::elementwise_kernel<(int)128, (int)4, void at::native::gpu_kernel_impl<at::native::BinaryFunctor<float, float, float, at::native::binary_internal::DivFunctor<float>>>(at::TensorIteratorBase &, const T1 &)::[lambda(int) (instance 1)]>(int, T3)",0.009528266666666667,unresolved,False,0.125077060275607,scene-0245,0.0003625615901700932,0.0004863999999999962
0.005056,0.00546432,4,4,225,3.06464418538872e-05,i2-i30-0245,0.04723079211801313,"void at::native::index_elementwise_kernel<(int)128, (int)4, void at::native::flip_kernel_impl<at::native::OpaqueType<(int)8>>(at::TensorIterator &)::[lambda(int) (instance 1)]>(long, T3)",0.005082391111111111,unresolved,False,0.09087428179840853,scene-0245,0.00018795568723885988,2.8439999999995032e-05
0.001056,0.00112,1,1,225,8.189801666527333e-06,i2-i30-0245,0.09643382895635703,"void at::native::mbtopk::computeBlockwiseKthCounts<unsigned int>(T1 *, short *, unsigned int, unsigned int, unsigned int *)",0.0010451955555555556,unresolved,False,0.10943871177931394,scene-0245,4.170794731386095e-05,8.063999999999944e-05
0.005536000000000001,0.005848560000000001,4,4,225,4.751353726924695e-05,i2-i30-0245,0.09360396792607446,"void at::native::mbtopk::computeBlockwiseWithinKCounts<unsigned int>(T1 *, short *, unsigned int, int, bool, unsigned int *, unsigned int)",0.005532906666666667,unresolved,False,0.12740554836360787,scene-0245,0.00020784779730476918,0.00037195999999999584
0.0008,0.000832,1,1,225,2.596291258560376e-06,i2-i30-0245,0.07354294695645125,"void at::native::mbtopk::fill<unsigned int, unsigned int>(T1 *, T1, T2)",0.0007827999999999999,unresolved,False,0.047272802526994534,scene-0245,3.06096571544196e-05,4.8639999999999426e-05
0.003744,0.003968,1,1,225,3.0239588082834725e-05,i2-i30-0245,0.10232326661113117,"void at::native::mbtopk::gatherTopK<float, unsigned int, (int)1>(at::cuda::detail::TensorInfo<const T1, T2>, T2, T2, bool, unsigned int, T2, at::cuda::detail::TensorInfo<T1, T2>, T2, at::cuda::detail::TensorInfo<long, T2>, T2, unsigned int, unsigned int, T1 *, unsigned int *, unsigned int *, unsigned int)",0.003728248888888889,unresolved,False,0.12096640862975308,scene-0245,0.00013932449831992495,0.00021631999999999988
0.011552000000000002,0.01221708,4,4,225,9.086129396847266e-05,i2-i30-0245,0.08393695028423294,"void at::native::mbtopk::radixFindKthValues<float, unsigned int, unsigned int, (int)1>(at::cuda::detail::TensorInfo<const T1, T2>, unsigned int, unsigned int *, unsigned int, T2, int, int, unsigned int, T3, unsigned int *, T3 *, short *, T1 *)",0.011575195555555556,unresolved,False,0.11567198346829782,scene-0245,0.0004377913120073716,0.0007590399999999903
0.013824,0.01458456,1,1,225,0.00011497168029612589,i2-i30-0245,0.09968633230866426,"void at::native::radixSortKVInPlace<(int)-2, (int)-1, (int)32, (int)32, float, long, unsigned int>(at::cuda::detail::TensorInfo<T5, T7>, T7, T7, T7, at::cuda::detail::TensorInfo<T6, T7>, T7, bool)",0.013753644444444445,unresolved,False,0.11812114235286451,scene-0245,0.0005424748946799517,0.0008527199999999943
0.02288,0.0238492,1,1,225,6.058092339650295e-06,i2-i30-0245,-0.05162346227347459,"void at::native::reduce_kernel<(int)512, (int)1, at::native::ReduceOp<float, at::native::MaxOps<float>, unsigned int, float, (int)4>>(T3)",0.022800915555555554,unresolved,False,0.007537198859760324,scene-0245,0.0004479631800125023,0.0001663999999999971
0.002752,0.00296856,1,1,225,1.6106861963139494e-05,i2-i30-0245,0.001899616015314133,"void at::native::reduce_kernel<(int)512, (int)1, at::native::ReduceOp<long, at::native::func_wrapper_t<long, at::native::sum_functor<long, long, long>::operator ()(at::TensorIterator &)::[lambda(long, long) (instance 1)]>, unsigned int, long, (int)4>>(T3)",0.002748764444444445,unresolved,False,0.0735878079285692,scene-0245,0.00012198922567279011,8.063999999999944e-05
0.0034879999999999998,0.00368,4,4,225,2.4600449857115506e-05,i2-i30-0245,0.07353172877412573,"void at::native::unrolled_elementwise_kernel<at::native::BinaryFunctor<long, long, long, at::native::binary_internal::MulFunctor<long>>, std::array<char *, (unsigned long)3>, (int)4, TrivialOffsetCalculator<(int)2, unsigned int>, TrivialOffsetCalculator<(int)1, unsigned int>, at::native::memory::LoadWithoutCast, at::native::memory::StoreWithoutCast>(int, T1, T2, T4, T5, T6, T7)",0.003480648888888889,unresolved,False,0.10328468935456268,scene-0245,0.000132746630209956,0.00019455999999999814
0.003552,0.00380952,4,4,225,2.658462707212152e-05,i2-i30-0245,0.07641696748555013,"void at::native::unrolled_elementwise_kernel<at::native::CUDAFunctorOnSelf_add<long>, std::array<char *, (unsigned long)2>, (int)4, TrivialOffsetCalculator<(int)1, unsigned int>, TrivialOffsetCalculator<(int)1, unsigned int>, at::native::memory::LoadWithoutCast, at::native::memory::StoreWithoutCast>(int, T1, T2, T4, T5, T6, T7)",0.0035706800000000006,unresolved,False,0.10798017133992951,scene-0245,0.00013721543418208392,0.0002593199999999978
0.002144,0.002304,1,1,225,1.2949881750110932e-05,i2-i30-0245,0.029945921075705914,"void at::native::unrolled_elementwise_kernel<at::native::direct_copy_kernel_cuda(at::TensorIteratorBase &)::[lambda() (instance 3)]::operator ()() const::[lambda() (instance 4)]::operator ()() const::[lambda(long) (instance 1)], std::array<char *, (unsigned long)2>, (int)4, TrivialOffsetCalculator<(int)1, unsigned int>, TrivialOffsetCalculator<(int)1, unsigned int>, at::native::memory::LoadWithCast<(int)1>, at::native::memory::StoreWithCast<(int)1>>(int, T1, T2, T4, T5, T6, T7)",0.002129808888888889,unresolved,False,0.08491970250865892,scene-0245,8.499115724518957e-05,3.3279999999998814e-05
0.001824,0.0019520000000000002,2,2,225,9.84838526479268e-06,i2-i30-0245,0.04837777425917766,"void at::native::vectorized_elementwise_kernel<(int)2, at::native::CUDAFunctorOnSelf_add<long>, std::array<char *, (unsigned long)2>>(int, T2, T3)",0.0018415022222222222,unresolved,False,0.0775932410031585,scene-0245,7.073877606734641e-05,8.959999999999849e-05
0.144738,0.17141959999999995,2,2,225,-0.0010347499686685266,i2-i30-0245,-0.016214432882650166,"void at::native::vectorized_elementwise_kernel<(int)4, at::native::<unnamed>::launch_clamp_scalar(at::TensorIteratorBase &, c10::Scalar, c10::Scalar, at::native::detail::ClampLimits)::[lambda() (instance 1)]::operator ()() const::[lambda() (instance 7)]::operator ()() const::[lambda(float) (instance 1)], std::array<char *, (unsigned long)2>>(int, T2, T3)",0.14575395555555556,unresolved,False,-0.11824868505685826,scene-0245,0.00487703088526231,0.0028037200000000095
0.0075840000000000005,0.008064,8,8,225,5.066491079487691e-05,i2-i30-0245,0.054928213381104,"void at::native::vectorized_elementwise_kernel<(int)4, at::native::AUnaryFunctor<float, float, float, at::native::binary_internal::MulFunctor<float>>, std::array<char *, (unsigned long)2>>(int, T2, T3)",0.007619204444444444,unresolved,False,0.09928937974308773,scene-0245,0.0002843943005801434,0.0004287999999999957
0.001248,0.001376,1,1,225,6.139744478251789e-06,i2-i30-0245,0.02269750771531032,"void at::native::vectorized_elementwise_kernel<(int)4, at::native::AUnaryFunctor<long, long, bool, at::native::<unnamed>::CompareEqFunctor<long>>, std::array<char *, (unsigned long)2>>(int, T2, T3)",0.0012613777777777779,unresolved,False,0.06268937046421652,scene-0245,5.458493438420893e-05,4.0959999999999174e-05
0.001568,0.001696,1,1,225,9.170840814134662e-06,i2-i30-0245,0.04855764733264352,"void at::native::vectorized_elementwise_kernel<(int)4, at::native::BinaryFunctor<bool, bool, bool, at::native::BitwiseAndFunctor<bool>>, std::array<char *, (unsigned long)3>>(int, T2, T3)",0.001585791111111111,unresolved,False,0.08289374125385222,scene-0245,6.166004224679499e-05,0.00012159999999999862
0.001408,0.00150476,1,1,225,9.39434933447193e-06,i2-i30-0245,0.052160866730810766,"void at::native::vectorized_elementwise_kernel<(int)4, at::native::BinaryFunctor<float, float, float, at::native::binary_internal::DivFunctor<float>>, std::array<char *, (unsigned long)3>>(int, T2, T3)",0.0014259333333333333,unresolved,False,0.09122680902618992,scene-0245,5.739322453236288e-05,7.295999999999908e-05
0.001152,0.001216,1,1,225,7.10653294300086e-06,i2-i30-0245,0.05037314564258516,"void at::native::vectorized_elementwise_kernel<(int)4, at::native::CUDAFunctorOnOther_add<float>, std::array<char *, (unsigned long)2>>(int, T2, T3)",0.0011581244444444443,unresolved,False,0.08688218457193757,scene-0245,4.5587255312352195e-05,7.29599999999993e-05
0.0038410000000000002,0.004152319999999999,4,4,225,2.2267662977549957e-05,i2-i30-0245,0.052414909433238274,"void at::native::vectorized_elementwise_kernel<(int)4, at::native::CUDAFunctorOnSelf_add<float>, std::array<char *, (unsigned long)2>>(int, T2, T3)",0.0038770133333333335,unresolved,False,0.08662530177701588,scene-0245,0.00014326703831191127,0.00021119999999999733
0.00272,0.00293632,3,3,225,2.5888607371917365e-05,i2-i30-0245,0.1019586355993705,"void at::native::vectorized_elementwise_kernel<(int)4, at::native::CUDAFunctorOnSelf_add<long>, std::array<char *, (unsigned long)2>>(int, T2, T3)",0.0027491777777777777,unresolved,False,0.13512478231078762,scene-0245,0.00010678004159931125,0.0001779199999999985
0.001952,0.002336,1,1,225,5.962176706638418e-06,i2-i30-0245,0.03820314396293718,"void at::native::vectorized_elementwise_kernel<(int)4, at::native::CUDAFunctor_add<float>, std::array<char *, (unsigned long)3>>(int, T2, T3)",0.001977471111111111,unresolved,False,0.023017380737602244,scene-0245,0.00014436614041653058,-0.00018431999999999975
0.00288,0.003072,3,3,225,1.8397220389281586e-05,i2-i30-0245,0.0318338837382381,"void at::native::vectorized_elementwise_kernel<(int)4, at::native::CUDAFunctor_add<long>, std::array<char *, (unsigned long)3>>(int, T2, T3)",0.002887991111111111,unresolved,False,0.09088756261268133,scene-0245,0.00011281430134364307,8.191999999999791e-05
0.004032,0.004224,5,5,225,3.448118873004744e-05,i2-i30-0245,0.1368138643932842,"void at::native::vectorized_elementwise_kernel<(int)4, at::native::FillFunctor<float>, std::array<char *, (unsigned long)1>>(int, T2, T3)",0.004019093333333334,unresolved,False,0.14985208712020115,scene-0245,0.0001282436403448096,0.00010495999999999856
0.000736,0.000832,1,1,225,1.2630733938259662e-05,i2-i30-0245,0.43661096120542925,"void at::native::vectorized_elementwise_kernel<(int)4, at::native::FillFunctor<long>, std::array<char *, (unsigned long)1>>(int, T2, T3)",0.0007525066666666668,unresolved,False,0.30878890495774913,scene-0245,2.279729418642095e-05,-4.0959999999999174e-05
0.002656,0.0028403199999999995,2,2,225,1.902693694350839e-05,i2-i30-0245,0.051253395632371135,"void at::native::vectorized_elementwise_kernel<(int)4, at::native::bitwise_not_kernel_cuda(at::TensorIteratorBase &)::[lambda(bool) (instance 1)], std::array<char *, (unsigned long)2>>(int, T2, T3)",0.002671964444444444,unresolved,False,0.10508146394228195,scene-0245,0.00010091580022871778,0.00014591999999999817
0.001248,0.001344,1,1,225,5.61921417014353e-06,i2-i30-0245,0.03723868508784072,"void at::native::vectorized_elementwise_kernel<(int)4, at::native::log_kernel_cuda(at::TensorIteratorBase &)::[lambda() (instance 2)]::operator ()() const::[lambda() (instance 2)]::operator ()() const::[lambda(float) (instance 1)], std::array<char *, (unsigned long)2>>(int, T2, T3)",0.0012636577777777778,unresolved,False,0.06001274396675713,scene-0245,5.218533846414415e-05,0.00010495999999999921
0.002144,0.00224,2,2,225,1.776221013929467e-05,i2-i30-0245,0.11161605529710066,"void at::native::vectorized_elementwise_kernel<(int)4, at::native::sigmoid_kernel_cuda(at::TensorIteratorBase &)::[lambda() (instance 2)]::operator ()() const::[lambda() (instance 2)]::operator ()() const::[lambda(float) (instance 1)], std::array<char *, (unsigned long)2>>(int, T2, T3)",0.002119137777777778,unresolved,False,0.12139530729735959,scene-0245,8.154766101663456e-05,0.00012800000000000008
0.002816,0.0030643199999999997,2,2,225,2.1273032645863722e-05,i2-i30-0245,0.052045139343835006,"void at::native::vectorized_elementwise_kernel<(int)4, void at::native::compare_scalar_kernel<float>(at::TensorIteratorBase &, at::native::<unnamed>::OpType, T1)::[lambda(float) (instance 1)], std::array<char *, (unsigned long)2>>(int, T2, T3)",0.0028120355555555556,unresolved,False,0.09653186045263777,scene-0245,0.0001228217084604175,7.551999999999689e-05
0.001536,0.001632,2,2,225,1.289007848825481e-05,i2-i30-0245,0.12213983963253663,"void at_cuda_detail::cub::DeviceScanByKeyInitKernel<at_cuda_detail::cub::ReduceByKeyScanTileState<unsigned int, int, (bool)1>, at_cuda_detail::cub::TransformInputIterator<unsigned int, at::native::mbtopk::BlockIdxToKey, at_cuda_detail::cub::CountingInputIterator<unsigned int, unsigned int>, long>>(T1, T2, std::iterator_traits<T2>::value_type *, unsigned int, int)",0.0015370133333333334,unresolved,False,0.1211542031896666,scene-0245,5.929710354552648e-05,0.00011263999999999957
0.0041919999999999995,0.004472319999999999,2,2,225,3.178738916245862e-05,i2-i30-0245,0.10272095438557759,"void at_cuda_detail::cub::DeviceScanByKeyKernel<at_cuda_detail::cub::DeviceScanByKeyPolicy<at_cuda_detail::cub::TransformInputIterator<unsigned int, at::native::mbtopk::BlockIdxToKey, at_cuda_detail::cub::CountingInputIterator<unsigned int, unsigned int>, long>, unsigned int, unsigned int, cuda::std::__4::plus<void>>::Policy900, at_cuda_detail::cub::TransformInputIterator<unsigned int, at::native::mbtopk::BlockIdxToKey, at_cuda_detail::cub::CountingInputIterator<unsigned int, unsigned int>, long>, unsigned int *, unsigned int *, at_cuda_detail::cub::ReduceByKeyScanTileState<unsigned int, int, (bool)1>, cuda::std::__4::equal_to<void>, cuda::std::__4::plus<void>, at_cuda_detail::cub::NullType, int, unsigned int, unsigned int>(T2, T11 *, T3, T4, T5, int, T6, T7, T8, T9)",0.004206115555555555,unresolved,False,0.11196193735740789,scene-0245,0.0001582343830532635,0.0002572799999999986
0.000768,0.000832,1,1,225,9.741556707780295e-06,i2-i30-0245,0.3888291914842664,"void at_cuda_detail::cub::DeviceScanInitKernel<at_cuda_detail::cub::ScanTileState<long, (bool)1>>(T1, int)",0.0007559155555555557,unresolved,False,0.23144547874741855,scene-0245,2.3458274593703188e-05,-6.527999999999894e-05
0.001248,0.001344,1,1,225,1.7222368521523358e-05,i2-i30-0245,0.40061109191852307,"void at_cuda_detail::cub::DeviceScanKernel<at_cuda_detail::cub::DeviceScanPolicy<long, std::plus<long>>::Policy900, const long *, long *, at_cuda_detail::cub::ScanTileState<long, (bool)1>, std::plus<long>, at_cuda_detail::cub::NullType, int, long>(T2, T3, T4, int, T5, T6, T7)",0.0012382,unresolved,False,0.28355931821381136,scene-0245,3.3850521085764364e-05,-6.527999999999872e-05
0.8360415,0.90781,3,3,226,0.011170731826188135,i2-i31-0770,0.4571407000597257,_5x_cudnn_ampere_scudnn_128x128_relu_small_nn_v1,0.840139278761062,backbone,True,0.3153436014568446,scene-0770,0.016110528738575016,-0.00820025000000002
0.8355305,0.8769622499999999,5,5,226,0.012716196902787863,i2-i31-0770,0.4368243210269554,_5x_cudnn_ampere_scudnn_128x32_relu_small_nn_v1,0.8338091991150443,backbone,True,0.2913356309778728,scene-0770,0.01985070029192478,-0.030281750000000107
0.347156,0.35596425,1,1,226,0.0023951664605008985,i2-i31-0770,0.38694954297908146,_5x_cudnn_ampere_scudnn_128x64_relu_medium_nn_v1,0.3469861504424779,backbone,True,0.2517108009483016,scene-0770,0.004327589330215538,-0.009880500000000014
0.553239,0.57857525,4,4,226,0.010257820021850689,i2-i31-0770,0.5200835116485987,ampere_sgemm_128x64_nn,0.5538581991150443,backbone,True,0.3967320304430336,scene-0770,0.0117589894646719,-0.019280999999999993
0.4806775,0.51131,3,3,226,0.011457656602028007,i2-i31-0770,0.48161162913595024,sm86_xmma_fprop_implicit_gemm_indexed_tf32f32_tf32f32_f32_nhwckrsc_nchw_tilesize128x64x32_stage4_warpsize2x2x1_g1_tensor16x8x8_alignc4_execute_kernel__5x_cudnn,0.48027835840707966,backbone,True,0.35659097014880825,scene-0770,0.014612941702896525,-0.013183749999999994
0.227491,0.24553825,1,1,226,0.006872912675749707,i2-i31-0770,0.5342611769283522,sm86_xmma_fprop_implicit_gemm_tf32f32_tf32f32_f32_nhwckrsc_nchw_tilesize128x128x16_stage3_warpsize2x2x1_g1_tensor16x8x8_alignc4_execute_kernel__5x_cudnn,0.22818218584070799,backbone,True,0.40817312043184173,scene-0770,0.00765788104261279,-0.01190475000000002
0.5531275,0.595599,3,3,226,0.026358930701355816,i2-i31-0770,0.45657968035066465,sm86_xmma_fprop_implicit_gemm_tf32f32_tf32f32_f32_nhwckrsc_nchw_tilesize128x128x32_stage3_warpsize2x2x1_g1_tensor16x8x8_alignc4_execute_kernel__5x_cudnn,0.5548886238938053,backbone,True,0.35513885488457325,scene-0770,0.03375528581597015,-0.02867299999999995
0.1795705,0.19158675,1,1,226,0.004789241404515555,i2-i31-0770,0.520784681729351,sm86_xmma_fprop_implicit_gemm_tf32f32_tf32f32_f32_nhwckrsc_nhwc_tilesize128x128x16_stage3_warpsize2x2x1_g1_tensor16x8x8_execute_kernel__5x_cudnn,0.17982482300884958,backbone,True,0.418909083587861,scene-0770,0.005199470782685635,-0.007303999999999977
0.26843550000000005,0.290907,1,1,226,-0.0008085298827220902,i2-i31-0770,-0.1191935273033867,"void at::native::<unnamed>::max_pool_forward_nchw<float>(int, const T1 *, long, long, long, int, int, int, int, int, int, int, int, int, int, T1 *, long *)",0.26895537610619474,backbone,True,-0.08846625185391666,scene-0770,0.0041565273227891575,-0.0005360000000000364
1.5822869999999996,1.6589412500000007,49,49,226,0.020330723116243746,i2-i31-0770,0.40543324393833613,"void at::native::vectorized_elementwise_kernel<(int)4, at::native::<unnamed>::launch_clamp_scalar(at::TensorIteratorBase &, c10::Scalar, c10::Scalar, at::native::detail::ClampLimits)::[lambda() (instance 1)]::operator ()() const::[lambda() (instance 7)]::operator ()() const::[lambda(float) (instance 1)], std::array<char *, (unsigned long)2>>(int, T2, T3)",1.5869988097345131,backbone,True,0.3180944907790237,scene-0770,0.029067579547596187,-0.015966000000000147
2.251098,2.3608030000000007,16,16,226,0.01255593460706834,i2-i31-0770,0.19069045654118474,"void at::native::vectorized_elementwise_kernel<(int)4, at::native::CUDAFunctor_add<float>, std::array<char *, (unsigned long)3>>(int, T2, T3)",2.26298614159292,backbone,True,0.18166560196769593,scene-0770,0.03143319554169212,-0.015021499999999133
0.015536,0.016752,9,9,226,0.0002743702208649735,i2-i31-0770,0.33509279721004426,"void cask__5x_cudnn::computeOffsetsKernel<(bool)0, (bool)0>(cask__5x_cudnn::ComputeOffsetsParams)",0.015518491150442477,backbone,True,0.23373736755304642,scene-0770,0.0005338521740397758,-0.0007677500000000011
2.997364,3.1038282500000007,53,53,226,0.015755790638921168,i2-i31-0770,0.2920841464024517,"void cudnn::bn_fw_inf_1C11_kernel_NCHW<float, float, (bool)1, (int)1>(T2, T2, cudnnTensorStruct, const T1 *, cudnnTensorStruct, T1 *, cudnnTensorStruct, const T2 *, const T2 *, const T2 *, const T2 *, T2)",3.0034092876106193,backbone,True,0.2147721805137329,scene-0770,0.033363712198643536,-0.03149174999999893
0.42664500000000005,0.4617895000000001,32,32,226,0.004027873989610603,i2-i31-0770,0.35904285303293165,"void cudnn::engines_precompiled::nchwToNhwcKernel<float, float, float, (bool)0, (bool)1, (cudnnKernelDataType_t)2>(cudnn::engines_precompiled::nchw2nhwc_params_t<T3>, const T1 *, T2 *)",0.42682999115044246,backbone,True,0.21540942315654454,scene-0770,0.008504002299797787,-0.007719500000000046
0.045569,0.04996100000000001,9,9,226,0.0016215562223044148,i2-i31-0770,0.5603102065249244,"void cudnn::engines_precompiled::nhwcToNchwKernel<float, float, float, (bool)1, (bool)0, (cudnnKernelDataType_t)0>(cudnn::engines_precompiled::nhwc2nchw_params_t<T3>, const T1 *, T2 *)",0.04569444690265486,backbone,True,0.4651661904616937,scene-0770,0.0015853898041968955,-0.0017019999999999952
0.15365,0.167514,2,2,226,0.004771187419473065,i2-i31-0770,0.5589820925814789,void cutlass::Kernel2<cutlass_80_tensorop_s1688gemm_128x128_16x4_nn_align4>(T1::Params),0.15475621238938053,backbone,True,0.4560785751756762,scene-0770,0.004757721284622229,-0.003903500000000004
0.48130149999999994,0.5211187500000001,6,6,226,0.013442207347450117,i2-i31-0770,0.5651720588891427,void cutlass::Kernel2<cutlass_80_tensorop_s1688gemm_128x128_16x5_nn_align4>(T1::Params),0.48388836725663714,backbone,True,0.4551980224757577,scene-0770,0.013430197979305917,-0.013721000000000039
0.148834,0.160658,1,1,226,0.00430864974128135,i2-i31-0770,0.542409269776206,void cutlass::Kernel2<cutlass_80_tensorop_s1688gemm_128x128_32x3_nn_align1>(T1::Params),0.14969735840707965,backbone,True,0.4369703452762476,scene-0770,0.00448436978137911,-0.006520999999999999
0.21504299999999998,0.270947,1,1,226,-0.0007912091491655575,i2-i31-0770,-0.05164410708144552,void cutlass::Kernel2<cutlass_80_tensorop_s1688gemm_128x64_16x6_nn_align4>(T1::Params),0.21646145575221237,backbone,True,-0.04243301319413427,scene-0770,0.008480073560077489,-0.00036024999999997864
0.32093099999999997,0.356012,2,2,226,0.0025345200506639693,i2-i31-0770,0.23022977460152738,void cutlass::Kernel2<cutlass_80_tensorop_s1688gemm_256x64_16x4_nn_align4>(T1::Params),0.3229037743362832,backbone,True,0.14499218951713405,scene-0770,0.007949930179325822,-0.005624750000000012
0.13868950000000002,0.15132125,1,1,226,0.004020554332635781,i2-i31-0770,0.5727565119708197,void cutlass::Kernel2<cutlass_80_tensorop_s1688gemm_64x128_32x3_nn_align4>(T1::Params),0.14013729646017697,backbone,True,0.46612224342341935,scene-0770,0.003922819258420561,-0.0025677500000000075
0.26686699999999997,0.28600325000000004,3,3,226,0.006885416287668781,i2-i31-0770,0.5508110047099443,void cutlass::Kernel2<cutlass_80_tensorop_s1688gemm_64x128_32x4_nn_align1>(T1::Params),0.2682278362831858,backbone,True,0.46135455915481277,scene-0770,0.006787464593998984,-0.009344000000000019
0.6493835,0.68878475,8,8,226,0.014311279228395691,i2-i31-0770,0.5681882890048133,void cutlass::Kernel2<cutlass_80_tensorop_s1688gemm_64x64_16x6_nn_align4>(T1::Params),0.6514208451327433,backbone,True,0.45077373902188256,scene-0770,0.014438831209528527,-0.018376750000000053
0.868938,0.9419387499999999,5,5,226,0.027334480601259155,i2-i31-0770,0.5517547284286558,void cutlass__5x_cudnn::Kernel<cutlass_tensorop_s1688fprop_optimized_tf32_128x64_32x3_nhwc_align4>(T1::Params),0.8714535663716815,backbone,True,0.42794614978257595,scene-0770,0.02904918109103516,-0.032721250000000035
0.519638,0.5681675,3,3,226,0.018284205305360873,i2-i31-0770,0.4668485852510717,void cutlass__5x_cudnn::Kernel<cutlass_tensorop_s1688fprop_optimized_tf32_64x64_32x5_nhwc_align4>(T1::Params),0.5244818628318584,backbone,True,0.39457497614108683,scene-0770,0.021074570941028468,-0.012352750000000023
0.201442,0.2060425,12,12,226,-0.00024882740435498214,i2-i31-0770,-0.1148548385429047,ampere_sgemm_32x128_tn,0.19951269469026545,bbox_head,True,-0.019044784170119948,scene-0770,0.005942023229646046,-0.006440750000000023
0.080448,0.082608,12,12,226,-0.00010468723917962195,i2-i31-0770,-0.1467097036609961,ampere_sgemm_32x32_sliced1x4_tn,0.07982419026548672,bbox_head,True,-0.021259402772675566,scene-0770,0.002239519653398545,-0.0022565000000000085
0.001792,0.001856,1,1,226,3.08493501094864e-06,i2-i31-0770,-0.04368750561746349,"void at::native::<unnamed>::CatArrayBatchedCopy_aligned16_contig<at::native::<unnamed>::OpaqueType<(unsigned int)4>, unsigned int, (int)2, (int)128, (int)1>(T1 *, at::native::<unnamed>::CatArrInputTensorMetadata<T1, T2, T4, T5>, at::native::<unnamed>::TensorSizeStride<T2, (unsigned int)4>, int, T2)",0.0017819601769911502,bbox_head,True,0.02603849905656622,scene-0770,5.3881820928002695e-05,-7.200000000000023e-05
0.006752,0.007032,2,2,226,1.568545355743487e-05,i2-i31-0770,0.005377746703698452,"void at::native::<unnamed>::CatArrayBatchedCopy_aligned16_contig<at::native::<unnamed>::OpaqueType<(unsigned int)4>, unsigned int, (int)3, (int)128, (int)1>(T1 *, at::native::<unnamed>::CatArrInputTensorMetadata<T1, T2, T4, T5>, at::native::<unnamed>::TensorSizeStride<T2, (unsigned int)4>, int, T2)",0.006731402654867257,bbox_head,True,0.04733716158549112,scene-0770,0.00015069785099276176,-4.0000000000000105e-05
0.003232,0.0033280000000000002,2,2,226,1.3624168912097184e-06,i2-i31-0770,-0.014194296690197433,"void at::native::elementwise_kernel<(int)128, (int)2, void at::native::gpu_kernel_impl_nocast<at::native::<unnamed>::launch_clamp_scalar(at::TensorIteratorBase &, c10::Scalar, c10::Scalar, at::native::detail::ClampLimits)::[lambda() (instance 1)]::operator ()() const::[lambda() (instance 7)]::operator ()() const::[lambda(float) (instance 1)]>(at::TensorIteratorBase &, const T1 &)::[lambda(int) (instance 1)]>(int, T3)",0.003206685840707965,bbox_head,True,0.006582258162792966,scene-0770,9.413417026725122e-05,-0.00010399999999999993
0.008096,0.00828875,6,6,226,2.2099933476869045e-05,i2-i31-0770,0.00660722020412342,"void at::native::elementwise_kernel<(int)128, (int)2, void at::native::gpu_kernel_impl_nocast<at::native::AUnaryFunctor<float, float, float, at::native::binary_internal::MulFunctor<float>>>(at::TensorIteratorBase &, const T1 &)::[lambda(int) (instance 1)]>(int, T3)",0.008035942477876108,bbox_head,True,0.04291406976328533,scene-0770,0.00023420893263245422,-0.00022449999999999987
0.0016,0.001696,1,1,226,3.791362031053339e-06,i2-i31-0770,0.02429062901068181,"void at::native::elementwise_kernel<(int)128, (int)2, void at::native::gpu_kernel_impl_nocast<at::native::BinaryFunctor<float, float, float, at::native::binary_internal::DivFunctor<float>>>(at::TensorIteratorBase &, const T1 &)::[lambda(int) (instance 1)]>(int, T3)",0.001594057522123894,bbox_head,True,0.033009480483751144,scene-0770,5.223586111839723e-05,-4.7999999999999866e-05
0.0054719999999999994,0.005632,4,4,226,2.3718450818928296e-05,i2-i31-0770,0.03671767757214369,"void at::native::elementwise_kernel<(int)128, (int)2, void at::native::gpu_kernel_impl_nocast<at::native::CUDAFunctor_add<float>>(at::TensorIteratorBase &, const T1 &)::[lambda(int) (instance 1)]>(int, T3)",0.005434508849557523,bbox_head,True,0.06785645336912538,scene-0770,0.0001589671375053379,-0.00017599999999999907
0.0066570000000000015,0.006848000000000001,5,5,226,1.621550923507614e-05,i2-i31-0770,0.01633206856794347,"void at::native::elementwise_kernel<(int)128, (int)2, void at::native::gpu_kernel_impl_nocast<at::native::direct_copy_kernel_cuda(at::TensorIteratorBase &)::[lambda() (instance 3)]::operator ()() const::[lambda() (instance 7)]::operator ()() const::[lambda(float) (instance 1)]>(at::TensorIteratorBase &, const T1 &)::[lambda(int) (instance 1)]>(int, T3)",0.006608663716814159,bbox_head,True,0.0373405287593517,scene-0770,0.00019749782616119527,-0.0002239999999999985
0.003648,0.003744,1,1,226,5.53987570274276e-06,i2-i31-0770,0.020555079286728336,"void at::native::index_elementwise_kernel<(int)128, (int)4, void at::native::gpu_index_kernel<void at::native::index_kernel_impl<at::native::OpaqueType<(int)4>>(at::TensorIteratorBase &, c10::ArrayRef<long>, c10::ArrayRef<long>)::[lambda(char *, const char *, long) (instance 1)]>(at::TensorIteratorBase &, c10::ArrayRef<long>, c10::ArrayRef<long>, const T1 &)::[lambda(int) (instance 1)]>(long, T3)",0.0036192831858407083,bbox_head,True,0.024410273866994,scene-0770,0.00010321422597175145,-0.0001519999999999998
0.00112,0.001152,1,1,226,3.047467779605369e-06,i2-i31-0770,0.003948497244038312,"void at::native::mbtopk::computeBlockwiseKthCounts<unsigned int>(T1 *, short *, unsigned int, unsigned int, unsigned int *)",0.0011137831858407078,bbox_head,True,0.03736853613164393,scene-0770,3.7089008945247975e-05,-4.7999999999999866e-05
0.0061605,0.0063679999999999995,4,4,226,3.201783628607021e-05,i2-i31-0770,0.07259316368642169,"void at::native::mbtopk::computeBlockwiseWithinKCounts<unsigned int>(T1 *, short *, unsigned int, int, bool, unsigned int *, unsigned int)",0.0061056858407079655,bbox_head,True,0.07849629137763474,scene-0770,0.00018550474905890745,-0.00022400000000000024
0.0008,0.000832,1,1,226,1.327492963340805e-08,i2-i31-0770,0.006674695479329633,"void at::native::mbtopk::fill<unsigned int, unsigned int>(T1 *, T1, T2)",0.0008012743362831859,bbox_head,True,0.00021840687875393044,scene-0770,2.7642550177429203e-05,-2.3999999999999933e-05
0.003872,0.004,1,1,226,3.933003032508046e-05,i2-i31-0770,0.14762401469621997,"void at::native::mbtopk::gatherTopK<float, unsigned int, (int)1>(at::cuda::detail::TensorInfo<const T1, T2>, T2, T2, bool, unsigned int, T2, at::cuda::detail::TensorInfo<T1, T2>, T2, at::cuda::detail::TensorInfo<long, T2>, T2, unsigned int, unsigned int, T1 *, unsigned int *, unsigned int *, unsigned int)",0.003824597345132744,bbox_head,True,0.11695469209803781,scene-0770,0.00015293920300550978,-0.00015200000000000023
0.0164325,0.01679225,4,4,226,4.0372115024432645e-05,i2-i31-0770,0.0025491983702217026,"void at::native::mbtopk::radixFindKthValues<float, unsigned int, unsigned int, (int)1>(at::cuda::detail::TensorInfo<const T1, T2>, unsigned int, unsigned int *, unsigned int, T2, int, int, unsigned int, T3, unsigned int *, T3 *, short *, T1 *)",0.016268690265486725,bbox_head,True,0.03810620709279552,scene-0770,0.00048183458549729,-0.0005597500000000012
0.013728,0.01408075,1,1,226,2.2304633776583493e-05,i2-i31-0770,0.011224950030242598,"void at::native::radixSortKVInPlace<(int)-2, (int)-1, (int)32, (int)32, float, long, unsigned int>(at::cuda::detail::TensorInfo<T5, T7>, T7, T7, T7, at::cuda::detail::TensorInfo<T6, T7>, T7, bool)",0.013587256637168144,bbox_head,True,0.024748901308695278,scene-0770,0.00040987493837854404,-0.0005520000000000004
0.04131249999999999,0.04208075,30,30,226,5.0310685347323426e-05,i2-i31-0770,-0.01897892313150148,"void at::native::vectorized_elementwise_kernel<(int)4, at::native::<unnamed>::launch_clamp_scalar(at::TensorIteratorBase &, c10::Scalar, c10::Scalar, at::native::detail::ClampLimits)::[lambda() (instance 1)]::operator ()() const::[lambda() (instance 7)]::operator ()() const::[lambda(float) (instance 1)], std::array<char *, (unsigned long)2>>(int, T2, T3)",0.04090625663716813,bbox_head,True,0.019191634593664,scene-0770,0.001192231133518276,-0.0015352500000000019
0.00144,0.001472,1,1,226,1.3825595552471632e-06,i2-i31-0770,-0.01806298984075122,"void at::native::vectorized_elementwise_kernel<(int)4, at::native::BUnaryFunctor<long, long, long, at::native::binary_internal::div_floor_kernel_cuda(at::TensorIteratorBase &)::[lambda() (instance 1)]::operator ()() const::[lambda() (instance 4)]::operator ()() const::[lambda(long, long) (instance 1)]>, std::array<char *, (unsigned long)2>>(int, T2, T3)",0.0014135309734513274,bbox_head,True,0.012778418348434866,scene-0770,4.920609912488279e-05,-7.200000000000002e-05
0.00136,0.001496,1,1,226,1.56128458771859e-06,i2-i31-0770,0.009186467605301545,"void at::native::vectorized_elementwise_kernel<(int)4, at::native::BUnaryFunctor<long, long, long, at::native::remainder_kernel_cuda(at::TensorIteratorBase &)::[lambda() (instance 1)]::operator ()() const::[lambda() (instance 4)]::operator ()() const::[lambda(long, long) (instance 1)]>, std::array<char *, (unsigned long)2>>(int, T2, T3)",0.001353646017699115,bbox_head,True,0.013600252128248532,scene-0770,5.220923194292828e-05,-6.400000000000004e-05
0.006928500000000001,0.007096,6,6,226,7.4357239947403816e-06,i2-i31-0770,-0.007529069624301796,"void at::native::vectorized_elementwise_kernel<(int)4, at::native::BinaryFunctor<float, float, float, at::native::binary_internal::DivFunctor<float>>, std::array<char *, (unsigned long)3>>(int, T2, T3)",0.006860809734513275,bbox_head,True,0.0160772128588125,scene-0770,0.00021034136623050925,-0.00027199999999999967
0.006239999999999999,0.006368,6,6,226,1.0113169703280343e-05,i2-i31-0770,-0.012296841506905565,"void at::native::vectorized_elementwise_kernel<(int)4, at::native::CUDAFunctorOnOther_add<float>, std::array<char *, (unsigned long)2>>(int, T2, T3)",0.006171827433628318,bbox_head,True,0.024665184420978592,scene-0770,0.00018647263992898887,-0.00021599999999999918
0.006368,0.0065520000000000005,6,6,226,2.1424165882256997e-05,i2-i31-0770,0.03299487198440739,"void at::native::vectorized_elementwise_kernel<(int)4, at::native::CUDAFunctor_add<float>, std::array<char *, (unsigned long)3>>(int, T2, T3)",0.00632629203539823,bbox_head,True,0.05131446989857359,scene-0770,0.00018987870750793444,-0.00021600000000000005
0.006655999999999999,0.006840000000000001,6,6,226,2.44093354317181e-05,i2-i31-0770,0.019176084433171432,"void at::native::vectorized_elementwise_kernel<(int)4, at::native::log_kernel_cuda(at::TensorIteratorBase &)::[lambda() (instance 2)]::operator ()() const::[lambda() (instance 2)]::operator ()() const::[lambda(float) (instance 1)], std::array<char *, (unsigned long)2>>(int, T2, T3)",0.006592911504424779,bbox_head,True,0.05697834734204289,scene-0770,0.00019483110714186796,-0.0002960000000000011
0.008384,0.008576,7,7,226,2.786704593877125e-05,i2-i31-0770,0.025744815204852663,"void at::native::vectorized_elementwise_kernel<(int)4, at::native::sigmoid_kernel_cuda(at::TensorIteratorBase &)::[lambda() (instance 2)]::operator ()() const::[lambda() (instance 2)]::operator ()() const::[lambda(float) (instance 1)], std::array<char *, (unsigned long)2>>(int, T2, T3)",0.008298986725663718,bbox_head,True,0.052228139458168094,scene-0770,0.00024266021037635787,-0.00033600000000000296
0.0016,0.001664,2,2,226,6.729492544758828e-06,i2-i31-0770,0.018499996795879374,"void at_cuda_detail::cub::DeviceScanByKeyInitKernel<at_cuda_detail::cub::ReduceByKeyScanTileState<unsigned int, int, (bool)1>, at_cuda_detail::cub::TransformInputIterator<unsigned int, at::native::mbtopk::BlockIdxToKey, at_cuda_detail::cub::CountingInputIterator<unsigned int, unsigned int>, long>>(T1, T2, std::iterator_traits<T2>::value_type *, unsigned int, int)",0.0015913849557522126,bbox_head,True,0.05976266807197947,scene-0770,5.1211150129287414e-05,-7.19999999999998e-05
0.00432,0.004416,2,2,226,1.430505292117787e-05,i2-i31-0770,0.025674596038392988,"void at_cuda_detail::cub::DeviceScanByKeyKernel<at_cuda_detail::cub::DeviceScanByKeyPolicy<at_cuda_detail::cub::TransformInputIterator<unsigned int, at::native::mbtopk::BlockIdxToKey, at_cuda_detail::cub::CountingInputIterator<unsigned int, unsigned int>, long>, unsigned int, unsigned int, cuda::std::__4::plus<void>>::Policy900, at_cuda_detail::cub::TransformInputIterator<unsigned int, at::native::mbtopk::BlockIdxToKey, at_cuda_detail::cub::CountingInputIterator<unsigned int, unsigned int>, long>, unsigned int *, unsigned int *, at_cuda_detail::cub::ReduceByKeyScanTileState<unsigned int, int, (bool)1>, cuda::std::__4::equal_to<void>, cuda::std::__4::plus<void>, at_cuda_detail::cub::NullType, int, unsigned int, unsigned int>(T2, T11 *, T3, T4, T5, int, T6, T7, T8, T9)",0.004270199115044248,bbox_head,True,0.048966521716308706,scene-0770,0.00013286249528773764,-0.00015924999999999967
0.010241,0.01049675,6,6,226,2.225910871149179e-05,i2-i31-0770,0.0021398653798060216,"void cublasLt::splitKreduce_kernel<(int)32, (int)16, int, float, float, float, (bool)0, float, float, float, (bool)1, (bool)1, (bool)0>(cublasLt::cublasSplitKParams<T6>, const T4 *, const T9 *, T8 *, T5 *, const T6 *, const T6 *, const T10 *, const T4 *, T10 *, void *, long, T6 *, int *, T6 *, const T6 *, const T6 *, const T6 *, const T6 *)",0.01015307522123894,bbox_head,True,0.032938554667849,scene-0770,0.00030733740734310996,-0.00047124999999999945
0.020128,0.02182425,1,1,226,-0.0004889872154114611,i2-i31-0770,-0.12591063655973223,"void at::native::elementwise_kernel<(int)128, (int)2, void at::native::gpu_kernel_impl_nocast<at::native::BinaryFunctor<float, float, float, at::native::binary_internal::DivFunctor<float>>>(at::TensorIteratorBase &, const T1 &)::[lambda(int) (instance 1)]>(int, T3)",0.020135721238938052,data_preprocessor,True,-0.15996789799602174,scene-0770,0.0013901986351961073,0.0004087499999999994
0.014528,0.015896,1,1,226,-0.000156322319870596,i2-i31-0770,-0.09257110773560526,"void at::native::elementwise_kernel<(int)128, (int)2, void at::native::gpu_kernel_impl_nocast<at::native::CUDAFunctor_add<float>>(at::TensorIteratorBase &, const T1 &)::[lambda(int) (instance 1)]>(int, T3)",0.014634907079646015,data_preprocessor,True,-0.11881362942512032,scene-0770,0.0005983660164112733,-0.00014400000000000003
0.0232485,0.02548,1,1,226,0.0008103837690083215,i2-i31-0770,0.49851264578593485,"void at::native::index_elementwise_kernel<(int)128, (int)4, void at::native::gpu_index_kernel<void at::native::index_kernel_impl<at::native::OpaqueType<(int)1>>(at::TensorIteratorBase &, c10::ArrayRef<long>, c10::ArrayRef<long>)::[lambda(char *, const char *, long) (instance 1)]>(at::TensorIteratorBase &, c10::ArrayRef<long>, c10::ArrayRef<long>, const T1 &)::[lambda(int) (instance 1)]>(long, T3)",0.023199287610619467,data_preprocessor,True,0.41042148874823425,scene-0770,0.0008979927574882608,-0.0014887500000000005
0.01448,0.01822475,1,1,226,0.0010084253863307897,i2-i31-0770,0.3788506357201298,"void at::native::unrolled_elementwise_kernel<at::native::direct_copy_kernel_cuda(at::TensorIteratorBase &)::[lambda() (instance 3)]::operator ()() const::[lambda() (instance 7)]::operator ()() const::[lambda(float) (instance 1)], std::array<char *, (unsigned long)2>, (int)4, TrivialOffsetCalculator<(int)1, unsigned int>, TrivialOffsetCalculator<(int)1, unsigned int>, at::native::memory::LoadWithCast<(int)1>, at::native::memory::StoreWithCast<(int)1>>(int, T1, T2, T4, T5, T6, T7)",0.014777526548672567,data_preprocessor,True,0.3132308428990595,scene-0770,0.0014641697915538034,-0.002792000000000001
0.8930345,0.91649775,6,6,226,-0.0015147962050560961,i2-i31-0770,-0.15650031393944022,ampere_sgemm_128x128_nn,0.8871670176991151,decoder,True,-0.02976562158230255,scene-0770,0.023144694017397997,-0.014175750000000154
0.32467650000000003,0.34225300000000003,6,6,226,-0.0010856528778878463,i2-i31-0770,-0.19413027955466558,ampere_sgemm_128x128_tn,0.32363758407079646,decoder,True,-0.04474509200715817,scene-0770,0.011034629957768364,-0.021749750000000012
1.8577185,1.9059985,18,18,226,0.00012260522605445835,i2-i31-0770,-0.15590315159135074,ampere_sgemm_128x64_tn,1.8502122566371682,decoder,True,0.0015285426982895671,scene-0770,0.0364790566497824,-0.061790749999999894
0.897851,0.9348114999999999,54,54,226,-0.003848572755250541,i2-i31-0770,-0.21130500650899772,ampere_sgemm_32x128_tn,0.892523314159292,decoder,True,-0.06518393854418736,scene-0770,0.0268516695898809,-0.02940525000000016
0.08790499999999998,0.09026425,12,12,226,-0.00032759052394439644,i2-i31-0770,-0.1875026002584265,ampere_sgemm_32x32_sliced1x4_tn,0.08749579203539821,decoder,True,-0.069857208065066,scene-0770,0.002132712416902686,-0.004521000000000011
0.49533400000000005,0.5044057500000001,6,6,226,0.00017185472806724705,i2-i31-0770,-0.10130574902877437,ampere_sgemm_64x64_tn,0.4937933672566372,decoder,True,0.011265169881622392,scene-0770,0.006938026125953592,-0.012616249999999996
0.0056005,0.005824,6,6,226,-4.1011532116821916e-05,i2-i31-0770,-0.2078214036323342,"void <unnamed>::elementwise_kernel_with_index<int, at::native::arange_cuda_out(const c10::Scalar &, const c10::Scalar &, const c10::Scalar &, at::Tensor &)::[lambda() (instance 1)]::operator ()() const::[lambda() (instance 7)]::operator ()() const::[lambda(long) (instance 1)]>(T1, T2, function_traits<T2>::result_type *)",0.005595823008849557,decoder,True,-0.10877944611955398,scene-0770,0.00017146336485760437,-0.0003845000000000003
0.6411104999999999,0.6877599999999999,6,6,226,0.003664840865861409,i2-i31-0770,0.19204284680666509,"void <unnamed>::softmax_warp_forward<float, float, float, (int)10, (bool)0, (bool)0>(T2 *, const T1 *, int, int, int, const bool *, int, bool)",0.6465275619469026,decoder,True,0.10151061358129526,scene-0770,0.01641934619865527,-0.014154
0.010848,0.011192,6,6,226,-5.1211185211312285e-05,i2-i31-0770,-0.17257926169605556,"void <unnamed>::softmax_warp_forward<float, float, float, (int)4, (bool)0, (bool)0>(T2 *, const T1 *, int, int, int, const bool *, int, bool)",0.010770796460176991,decoder,True,-0.07217491983845847,scene-0770,0.0003226938646038322,-0.0007360000000000005
0.046929,0.047873500000000006,14,14,226,-0.00017452157003811073,i2-i31-0770,-0.19956619395369493,"void at::native::<unnamed>::CatArrayBatchedCopy_aligned16_contig<at::native::<unnamed>::OpaqueType<(unsigned int)4>, unsigned int, (int)3, (int)128, (int)1>(T1 *, at::native::<unnamed>::CatArrInputTensorMetadata<T1, T2, T4, T5>, at::native::<unnamed>::TensorSizeStride<T2, (unsigned int)4>, int, T2)",0.04672551769911504,decoder,True,-0.0850792530599011,scene-0770,0.0009329054586717166,-0.0013279999999999959
0.11307350000000001,0.11656974999999999,24,24,226,-0.0005731804028117465,i2-i31-0770,-0.21401380431992156,"void at::native::<unnamed>::CatArrayBatchedCopy_aligned16_contig<at::native::<unnamed>::OpaqueType<(unsigned int)4>, unsigned int, (int)4, (int)128, (int)1>(T1 *, at::native::<unnamed>::CatArrInputTensorMetadata<T1, T2, T4, T5>, at::native::<unnamed>::TensorSizeStride<T2, (unsigned int)4>, int, T2)",0.11245404867256638,decoder,True,-0.08303691513892882,scene-0770,0.003139296371803777,-0.007617500000000013
0.114913,0.11808025000000001,24,24,226,-0.00042062344423146554,i2-i31-0770,-0.21340431783808675,"void at::native::<unnamed>::vectorized_layer_norm_kernel<float, float>(int, T2, const T1 *, const T1 *, const T1 *, T2 *, T2 *, T1 *)",0.11417662831858408,decoder,True,-0.07082163247293703,scene-0770,0.0027010942184413286,-0.004946000000000006
0.035519999999999996,0.03659275,24,24,226,-0.00019836662103228382,i2-i31-0770,-0.20117728168822221,"void at::native::elementwise_kernel<(int)128, (int)2, void at::native::gpu_kernel_impl_nocast<at::native::AUnaryFunctor<float, float, float, at::native::binary_internal::MulFunctor<float>>>(at::TensorIteratorBase &, const T1 &)::[lambda(int) (instance 1)]>(int, T3)",0.03535721238938053,decoder,True,-0.08763265655087682,scene-0770,0.001029472641449261,-0.0020717499999999903
0.042192999999999994,0.04351275,24,24,226,-0.0002224180606882965,i2-i31-0770,-0.2105360047637683,"void at::native::elementwise_kernel<(int)128, (int)2, void at::native::gpu_kernel_impl_nocast<at::native::BinaryFunctor<float, float, float, at::native::binary_internal::DivFunctor<float>>>(at::TensorIteratorBase &, const T1 &)::[lambda(int) (instance 1)]>(int, T3)",0.041945429203539816,decoder,True,-0.08043095923298157,scene-0770,0.0012576476766631333,-0.0025282500000000097
0.032529,0.033624,12,12,226,-0.0002312171423740884,i2-i31-0770,-0.21961480902076444,"void at::native::elementwise_kernel<(int)128, (int)2, void at::native::gpu_kernel_impl_nocast<at::native::BinaryFunctor<float, float, float, at::native::binary_internal::MulFunctor<float>>>(at::TensorIteratorBase &, const T1 &)::[lambda(int) (instance 1)]>(int, T3)",0.03238952654867257,decoder,True,-0.13148862596465366,scene-0770,0.0007997311891872707,-0.0011049999999999949
0.007776,0.00812,6,6,226,-3.013155137010884e-05,i2-i31-0770,-0.1863137183864373,"void at::native::elementwise_kernel<(int)128, (int)2, void at::native::gpu_kernel_impl_nocast<at::native::BinaryFunctor<long, long, long, at::native::binary_internal::MulFunctor<long>>>(at::TensorIteratorBase &, const T1 &)::[lambda(int) (instance 1)]>(int, T3)",0.007727964601769911,decoder,True,-0.06521192053982694,scene-0770,0.00021013901547930434,-0.0004399999999999994
0.017472,0.018015999999999997,6,6,226,-7.775874942266814e-05,i2-i31-0770,-0.17881905385418276,"void at::native::elementwise_kernel<(int)128, (int)2, void at::native::gpu_kernel_impl_nocast<at::native::CUDAFunctor_add<float>>(at::TensorIteratorBase &, const T1 &)::[lambda(int) (instance 1)]>(int, T3)",0.017332991150442477,decoder,True,-0.07685229908599146,scene-0770,0.0004601554757563881,-0.0008319999999999994
0.040496500000000005,0.041816000000000006,24,24,226,-0.00021116402902340725,i2-i31-0770,-0.202324689182546,"void at::native::elementwise_kernel<(int)128, (int)2, void at::native::gpu_kernel_impl_nocast<at::native::cos_kernel_cuda(at::TensorIteratorBase &)::[lambda() (instance 2)]::operator ()() const::[lambda() (instance 2)]::operator ()() const::[lambda(float) (instance 1)]>(at::TensorIteratorBase &, const T1 &)::[lambda(int) (instance 1)]>(int, T3)",0.040277362831858406,decoder,True,-0.08022723362200346,scene-0770,0.0011970445505342165,-0.002399000000000019
0.016287999999999997,0.016832,6,6,226,-2.6144587285842644e-05,i2-i31-0770,-0.14764905510582166,"void at::native::elementwise_kernel<(int)128, (int)2, void at::native::gpu_kernel_impl_nocast<at::native::direct_copy_kernel_cuda(at::TensorIteratorBase &)::[lambda() (instance 3)]::operator ()() const::[lambda() (instance 7)]::operator ()() const::[lambda(float) (instance 1)]>(at::TensorIteratorBase &, const T1 &)::[lambda(int) (instance 1)]>(int, T3)",0.016182561946902655,decoder,True,-0.025448320329244597,scene-0770,0.00046723445268216337,-0.0008557499999999971
0.040257,0.04155249999999999,24,24,226,-0.00016618046546617988,i2-i31-0770,-0.19621898454303818,"void at::native::elementwise_kernel<(int)128, (int)2, void at::native::gpu_kernel_impl_nocast<at::native::sin_kernel_cuda(at::TensorIteratorBase &)::[lambda() (instance 2)]::operator ()() const::[lambda() (instance 2)]::operator ()() const::[lambda(float) (instance 1)]>(at::TensorIteratorBase &, const T1 &)::[lambda(int) (instance 1)]>(int, T3)",0.040064216814159295,decoder,True,-0.06322965819358776,scene-0770,0.0011952846115252833,-0.0023117500000000082
0.012929,0.01340875,6,6,226,-7.256174982594927e-05,i2-i31-0770,-0.18760605819090717,"void at::native::elementwise_kernel<(int)128, (int)4, void at::native::gpu_kernel_impl<at::native::<unnamed>::pow_tensor_tensor_kernel(at::TensorIteratorBase &)::[lambda() (instance 1)]::operator ()() const::[lambda() (instance 7)]::operator ()() const::[lambda(float, float) (instance 1)]>(at::TensorIteratorBase &, const T1 &)::[lambda(int) (instance 1)]>(int, T3)",0.012897566371681416,decoder,True,-0.08527119885493913,scene-0770,0.00038700588539363704,-0.0007769999999999999
0.106705,0.11384225,6,6,226,-0.0006980757975189023,i2-i31-0770,-0.21042987782103048,"void at::native::reduce_kernel<(int)128, (int)4, at::native::ReduceOp<float, at::native::MeanOps<float, float, float, float>, unsigned int, float, (int)4>>(T3)",0.10640373451327434,decoder,True,-0.08602425115633879,scene-0770,0.0036905736082396973,-0.00510324999999999
0.01312,0.013496,6,6,226,-4.816640268288604e-05,i2-i31-0770,-0.17513969546823147,"void at::native::reduce_kernel<(int)512, (int)1, at::native::ReduceOp<long, at::native::func_wrapper_t<long, at::native::sum_functor<long, long, long>::operator ()(at::TensorIterator &)::[lambda(long, long) (instance 1)]>, unsigned int, long, (int)4>>(T3)",0.01303783628318584,decoder,True,-0.06379114469459891,scene-0770,0.0003433966136390275,-0.0007679999999999996
0.09507200000000003,0.097145,42,42,226,0.000185982506743325,i2-i31-0770,-0.06997701125697166,"void at::native::vectorized_elementwise_kernel<(int)4, at::native::<unnamed>::launch_clamp_scalar(at::TensorIteratorBase &, c10::Scalar, c10::Scalar, at::native::detail::ClampLimits)::[lambda() (instance 1)]::operator ()() const::[lambda() (instance 7)]::operator ()() const::[lambda(float) (instance 1)], std::array<char *, (unsigned long)2>>(int, T2, T3)",0.09474063274336285,decoder,True,0.051917519856045626,scene-0770,0.0016291848041841484,0.0021452500000000013
0.033041,0.03419199999999999,18,18,226,-0.00012667357180545254,i2-i31-0770,-0.13827587786927115,"void at::native::vectorized_elementwise_kernel<(int)4, at::native::AUnaryFunctor<float, float, float, at::native::binary_internal::MulFunctor<float>>, std::array<char *, (unsigned long)2>>(int, T2, T3)",0.03291333628318584,decoder,True,-0.08091611478903615,scene-0770,0.0007119724454076934,-0.0018330000000000013
0.006592000000000001,0.00690425,6,6,226,-3.658977504050987e-05,i2-i31-0770,-0.1999955498678133,"void at::native::vectorized_elementwise_kernel<(int)4, at::native::AUnaryFunctor<long, long, bool, at::native::<unnamed>::CompareEqFunctor<long>>, std::array<char *, (unsigned long)2>>(int, T2, T3)",0.00656716814159292,decoder,True,-0.0878873445320015,scene-0770,0.00018934140175532187,-0.0004400000000000003
0.016319999999999998,0.016896000000000005,12,12,226,-3.201159096885383e-05,i2-i31-0770,-0.15999048571017166,"void at::native::vectorized_elementwise_kernel<(int)4, at::native::BUnaryFunctor<float, float, float, at::native::binary_internal::MulFunctor<float>>, std::array<char *, (unsigned long)2>>(int, T2, T3)",0.01627580088495575,decoder,True,-0.04199925485028685,scene-0770,0.0003466393527633196,-0.0008800000000000023
0.006976,0.007232000000000001,6,6,226,-2.127733982450183e-05,i2-i31-0770,-0.14561726231841068,"void at::native::vectorized_elementwise_kernel<(int)4, at::native::BinaryFunctor<float, float, float, at::native::binary_internal::DivFunctor<float>>, std::array<char *, (unsigned long)3>>(int, T2, T3)",0.006937991150442478,decoder,True,-0.045994535090017774,scene-0770,0.00021038912517637844,-0.000448500000000001
0.006272,0.006496,6,6,226,-2.62091803351533e-05,i2-i31-0770,-0.14463782803847092,"void at::native::vectorized_elementwise_kernel<(int)4, at::native::CUDAFunctorOnOther_add<float>, std::array<char *, (unsigned long)2>>(int, T2, T3)",0.006238933628318584,decoder,True,-0.06482109900593494,scene-0770,0.00018388624326484186,-0.00041600000000000144
0.11166599999999999,0.11376049999999999,42,42,226,-0.0002050816930005518,i2-i31-0770,-0.15432056525204854,"void at::native::vectorized_elementwise_kernel<(int)4, at::native::CUDAFunctor_add<float>, std::array<char *, (unsigned long)3>>(int, T2, T3)",0.11108146017699115,decoder,True,-0.051673933043134376,scene-0770,0.0018049599389342351,-0.0019272499999999915
0.009024,0.00930425,6,6,226,-3.767385478156939e-05,i2-i31-0770,-0.14862102636601385,"void at::native::vectorized_elementwise_kernel<(int)4, at::native::FillFunctor<float>, std::array<char *, (unsigned long)1>>(int, T2, T3)",0.008967176991150442,decoder,True,-0.06531768555429181,scene-0770,0.00026231399579692053,-0.0005199999999999996
0.004864,0.00502475,6,6,226,-2.4797376262506825e-05,i2-i31-0770,-0.19709681429976736,"void at::native::vectorized_elementwise_kernel<(int)4, at::native::FillFunctor<long>, std::array<char *, (unsigned long)1>>(int, T2, T3)",0.00482896017699115,decoder,True,-0.07766956435460227,scene-0770,0.0001452001462978754,-0.00035200000000000075
0.007456,0.007712,6,6,226,-4.986742662335236e-05,i2-i31-0770,-0.2232030310329214,"void at::native::vectorized_elementwise_kernel<(int)4, at::native::binary_internal::div_floor_kernel_cuda(at::TensorIteratorBase &)::[lambda() (instance 2)]::operator ()() const::[lambda() (instance 2)]::operator ()() const::[lambda(float) (instance 1)], std::array<char *, (unsigned long)2>>(int, T2, T3)",0.007417681415929203,decoder,True,-0.10315047517754615,scene-0770,0.00021986591913708477,-0.0004720000000000002
0.00672,0.006912000000000001,6,6,226,-1.8989744872862925e-05,i2-i31-0770,-0.13813513240146044,"void at::native::vectorized_elementwise_kernel<(int)4, at::native::log_kernel_cuda(at::TensorIteratorBase &)::[lambda() (instance 2)]::operator ()() const::[lambda() (instance 2)]::operator ()() const::[lambda(float) (instance 1)], std::array<char *, (unsigned long)2>>(int, T2, T3)",0.006661168141592919,decoder,True,-0.04397043674043456,scene-0770,0.0001964131415432344,-0.00040000000000000105
0.007072,0.0072640000000000005,6,6,226,-2.3577140755433396e-05,i2-i31-0770,-0.1429611897378791,"void at::native::vectorized_elementwise_kernel<(int)4, at::native::sigmoid_kernel_cuda(at::TensorIteratorBase &)::[lambda() (instance 2)]::operator ()() const::[lambda() (instance 2)]::operator ()() const::[lambda(float) (instance 1)], std::array<char *, (unsigned long)2>>(int, T2, T3)",0.0070130486725663715,decoder,True,-0.05003252458753303,scene-0770,0.00021431418158265097,-0.0004799999999999995
0.010368,0.01072,6,6,226,-3.4165865819034546e-05,i2-i31-0770,-0.14560925023590676,"void cublasLt::splitKreduce_kernel<(int)32, (int)16, int, float, float, float, (bool)0, float, float, float, (bool)1, (bool)1, (bool)0>(cublasLt::cublasSplitKParams<T6>, const T4 *, const T9 *, T8 *, T5 *, const T6 *, const T6 *, const T10 *, const T4 *, T10 *, void *, long, T6 *, int *, T6 *, const T6 *, const T6 *, const T6 *, const T6 *)",0.01030495575221239,decoder,True,-0.04963772235599464,scene-0770,0.00031303491250851375,-0.0006560000000000003
0.173603,0.18433075,6,6,226,-0.0009184931911984861,i2-i31-0770,-0.17140659091836236,"void ms_deformable_im2col_gpu_kernel<float>(int, const T1 *, const long *, const long *, const T1 *, const T1 *, int, int, int, int, int, int, int, T1 *)",0.17287811946902656,decoder,True,-0.0634747124783913,scene-0770,0.006580931801768841,-0.01375949999999998
18.480028499999996,19.223404000000002,36,36,226,0.10899341438905685,i2-i31-0770,0.4432796577646909,ampere_sgemm_128x64_tn,18.485710176991148,encoder,True,0.3490342219640449,scene-0770,0.14201834211568312,0.634818249999995
0.006624,0.007232000000000001,8,8,226,0.0002026413565076008,i2-i31-0770,0.5452507234557801,"void <unnamed>::elementwise_kernel_with_index<int, at::native::linspace_cuda_out(const c10::Scalar &, const c10::Scalar &, long, at::Tensor &)::[lambda() (instance 2)]::operator ()() const::[lambda() (instance 2)]::operator ()() const::[lambda(long) (instance 1)]>(T1, T2, function_traits<T2>::result_type *)",0.006665712389380531,encoder,True,0.4517275036242043,scene-0770,0.0002040157713983084,-0.00018400000000000014
0.109217,0.11605,6,6,226,0.0007131176404798462,i2-i31-0770,0.29110058391466864,"void <unnamed>::softmax_warp_forward<float, float, float, (int)4, (bool)0, (bool)0>(T2 *, const T1 *, int, int, int, const bool *, int, bool)",0.1099416238938053,encoder,True,0.1332969141710646,scene-0770,0.0024330625581027447,0.000799749999999988
0.019488,0.020479999999999998,6,6,226,8.227124045129302e-05,i2-i31-0770,-0.03826146990193471,"void at::native::<unnamed>::CatArrayBatchedCopy<at::native::<unnamed>::OpaqueType<(unsigned int)8>, unsigned int, (int)2, (int)64, (int)64>(T1 *, at::native::<unnamed>::CatArrInputTensorMetadata<T1, T2, T4, T5>, at::native::<unnamed>::TensorSizeStride<T2, (unsigned int)4>, int, T2)",0.0193760575221239,encoder,True,0.05855844400991778,scene-0770,0.0006389556407533291,-0.0002559999999999993
0.00864,0.009432,5,5,226,0.00022415012228708603,i2-i31-0770,0.5264919076483277,"void at::native::<unnamed>::CatArrayBatchedCopy_aligned16_contig<at::native::<unnamed>::OpaqueType<(unsigned int)4>, unsigned int, (int)3, (int)128, (int)1>(T1 *, at::native::<unnamed>::CatArrInputTensorMetadata<T1, T2, T4, T5>, at::native::<unnamed>::TensorSizeStride<T2, (unsigned int)4>, int, T2)",0.008712296460176992,encoder,True,0.40787968408040726,scene-0770,0.00024993040745683665,-0.00017599999999999907
0.8870185,0.9313615000000001,12,12,226,0.00934107459337226,i2-i31-0770,0.4682413280781364,"void at::native::<unnamed>::vectorized_layer_norm_kernel<float, float>(int, T2, const T1 *, const T1 *, const T1 *, T2 *, T2 *, T1 *)",0.8888281415929205,encoder,True,0.3509292525484864,scene-0770,0.01210568753909132,-0.009374499999999952
0.010816,0.011831999999999999,8,8,226,0.00033065407482260454,i2-i31-0770,0.536329021156434,"void at::native::elementwise_kernel<(int)128, (int)2, void at::native::gpu_kernel_impl_nocast<at::native::BinaryFunctor<float, float, float, at::native::binary_internal::DivFunctor<float>>>(at::TensorIteratorBase &, const T1 &)::[lambda(int) (instance 1)]>(int, T3)",0.010891734513274336,encoder,True,0.45874301549504365,scene-0770,0.00032780577882618635,-0.00028049999999999777
0.001952,0.002112,1,1,226,5.4593313912498084e-05,i2-i31-0770,0.46560529566131154,"void at::native::elementwise_kernel<(int)128, (int)2, void at::native::gpu_kernel_impl_nocast<at::native::BinaryFunctor<float, float, float, at::native::binary_internal::MulFunctor<float>>>(at::TensorIteratorBase &, const T1 &)::[lambda(int) (instance 1)]>(int, T3)",0.001953991150442478,encoder,True,0.41007598290500136,scene-0770,6.054625900257966e-05,-4.0000000000000105e-05
0.012735999999999999,0.01445725,6,6,226,-5.3063218994121363e-05,i2-i31-0770,-0.07352868011459317,"void at::native::elementwise_kernel<(int)128, (int)2, void at::native::gpu_kernel_impl_nocast<at::native::BinaryFunctor<long, long, long, at::native::binary_internal::MulFunctor<long>>>(at::TensorIteratorBase &, const T1 &)::[lambda(int) (instance 1)]>(int, T3)",0.012710261061946903,encoder,True,-0.03041624066685392,scene-0770,0.0007934147092619398,0.00022400000000000024
0.26581,0.28905225,6,6,226,0.0013333692917522162,i2-i31-0770,0.14078665471162355,"void at::native::elementwise_kernel<(int)128, (int)2, void at::native::gpu_kernel_impl_nocast<at::native::CUDAFunctor_add<float>>(at::TensorIteratorBase &, const T1 &)::[lambda(int) (instance 1)]>(int, T3)",0.2697089778761062,encoder,True,0.07194968895776423,scene-0770,0.0084281783923209,-0.005255249999999989
0.010464,0.011424,8,8,226,0.00031233576627114155,i2-i31-0770,0.5417233957818237,"void at::native::elementwise_kernel<(int)128, (int)2, void at::native::gpu_kernel_impl_nocast<at::native::direct_copy_kernel_cuda(at::TensorIteratorBase &)::[lambda() (instance 3)]::operator ()() const::[lambda() (instance 7)]::operator ()() const::[lambda(float) (instance 1)]>(at::TensorIteratorBase &, const T1 &)::[lambda(int) (instance 1)]>(int, T3)",0.010518756637168144,encoder,True,0.45104620078057334,scene-0770,0.00031492916477777935,-0.0003440000000000023
0.4819095,0.505054,6,6,226,-0.00018840126827636959,i2-i31-0770,0.07321437835685544,"void at::native::elementwise_kernel<(int)128, (int)4, void at::native::gpu_kernel_impl<at::native::BinaryFunctor<float, float, float, at::native::binary_internal::DivFunctor<float>>>(at::TensorIteratorBase &, const T1 &)::[lambda(int) (instance 1)]>(int, T3)",0.48526820353982303,encoder,True,-0.010066179980454889,scene-0770,0.008511994261778719,-0.005624999999999991
0.01232,0.013176,6,6,226,0.0003050411939116097,i2-i31-0770,0.5545680011537933,"void at::native::reduce_kernel<(int)512, (int)1, at::native::ReduceOp<long, at::native::func_wrapper_t<long, at::native::sum_functor<long, long, long>::operator ()(at::TensorIterator &)::[lambda(long, long) (instance 1)]>, unsigned int, long, (int)4>>(T3)",0.012315323008849556,encoder,True,0.470569968105471,scene-0770,0.0002948128956692596,7.999999999997592e-06
0.008576,0.0094,8,8,226,0.0002663487556568894,i2-i31-0770,0.5495839602487977,"void at::native::unrolled_elementwise_kernel<at::native::BinaryFunctor<float, float, float, at::native::binary_internal::MulFunctor<float>>, std::array<char *, (unsigned long)3>, (int)4, TrivialOffsetCalculator<(int)2, unsigned int>, TrivialOffsetCalculator<(int)1, unsigned int>, at::native::memory::LoadWithCast<(int)2>, at::native::memory::StoreWithCast<(int)1>>(int, T1, T2, T4, T5, T6, T7)",0.008643340707964601,encoder,True,0.46711295138438547,scene-0770,0.00025932295071520495,-0.00024000000000000063
0.008,0.008768000000000001,8,8,226,0.0002574003063489333,i2-i31-0770,0.5583165720679079,"void at::native::unrolled_elementwise_kernel<at::native::CUDAFunctorOnSelf_add<float>, std::array<char *, (unsigned long)2>, (int)4, TrivialOffsetCalculator<(int)1, unsigned int>, TrivialOffsetCalculator<(int)1, unsigned int>, at::native::memory::LoadWithCast<(int)1>, at::native::memory::StoreWithCast<(int)1>>(int, T1, T2, T4, T5, T6, T7)",0.00804878761061947,encoder,True,0.4666474605199945,scene-0770,0.000250860534935442,-0.0003119999999999998
4.48351,4.6232785,6,6,226,0.005579912975929362,i2-i31-0770,-0.041120599504188705,"void at::native::vectorized_elementwise_kernel<(int)4, at::native::<unnamed>::launch_clamp_scalar(at::TensorIteratorBase &, c10::Scalar, c10::Scalar, at::native::detail::ClampLimits)::[lambda() (instance 1)]::operator ()() const::[lambda() (instance 7)]::operator ()() const::[lambda(float) (instance 1)], std::array<char *, (unsigned long)2>>(int, T2, T3)",4.518938818584071,encoder,True,0.046987588444893306,scene-0770,0.054007796787571526,-0.047227999999998715
0.006336,0.006816,6,6,226,0.00010944762185310815,i2-i31-0770,0.4687325685535716,"void at::native::vectorized_elementwise_kernel<(int)4, at::native::AUnaryFunctor<long, long, bool, at::native::<unnamed>::CompareEqFunctor<long>>, std::array<char *, (unsigned long)2>>(int, T2, T3)",0.0063408849557522115,encoder,True,0.3594037855307198,scene-0770,0.00013849556730470173,-0.00019199999999999946
1.9762140000000001,2.036143,18,18,226,0.0044699043584790436,i2-i31-0770,0.16064806470003848,"void at::native::vectorized_elementwise_kernel<(int)4, at::native::CUDAFunctor_add<float>, std::array<char *, (unsigned long)3>>(int, T2, T3)",1.984285615044248,encoder,True,0.1088924055998772,scene-0770,0.018668646401807015,0.0082022500000003
0.116098,0.12552925,6,6,226,0.0008633840182304767,i2-i31-0770,0.1777754294475503,"void at::native::vectorized_elementwise_kernel<(int)4, at::native::FillFunctor<float>, std::array<char *, (unsigned long)1>>(int, T2, T3)",0.11726057964601772,encoder,True,0.12019445562577487,scene-0770,0.0032668693161209046,-0.004207749999999996
3.17399,3.2291017500000003,6,6,226,0.014380653155761838,i2-i31-0770,0.4899448761659859,"void ms_deformable_im2col_gpu_kernel<float>(int, const T1 *, const long *, const long *, const T1 *, const T1 *, int, int, int, int, int, int, int, T1 *)",3.174921407079646,encoder,True,0.2833128685779432,scene-0770,0.02308471417482576,-0.02306499999999989
0.005888000000000001,0.0063922499999999995,4,4,226,0.00013651402399365815,i2-i31-0770,0.503105189050715,"void at::native::<unnamed>::ComputeFusedParamsCUDAKernel<float>(long, long, long, const T1 *, const T1 *, const T1 *, const T1 *, at::AccumulateType<T1, (bool)1>::type *, at::AccumulateType<T1, (bool)1>::type *)",0.005937061946902655,neck,True,0.39726335119206957,scene-0770,0.000156282718807869,-0.00011200000000000012
0.0547685,0.059351999999999995,4,4,226,0.0014679050339987056,i2-i31-0770,0.561055488056593,"void at::native::<unnamed>::RowwiseMomentsCUDAKernel<float>(long, T1, const T1 *, T1 *, T1 *)",0.05509358849557522,neck,True,0.4493926414494199,scene-0770,0.0014855394668790386,-0.0014167499999999944
0.0268165,0.03020875,4,4,226,0.000998071330074209,i2-i31-0770,0.5899171300385699,"void at::native::elementwise_kernel<(int)128, (int)2, void at::native::gpu_kernel_impl_nocast<void at::native::<unnamed>::GroupNormKernelImplInternal<float>(const at::Tensor &, const at::Tensor &, const at::Tensor &, long, long, long, long, T1, at::Tensor &, at::Tensor &, at::Tensor &)::[lambda(float, float, float) (instance 2)]>(at::TensorIteratorBase &, const T1 &)::[lambda(int) (instance 1)]>(int, T3)",0.027121446902654868,neck,True,0.48994310964526955,scene-0770,0.0009264630808084183,-0.0005285000000000047
0.003936,0.004312,1,1,226,0.00011223842861801198,i2-i31-0770,0.549284723501651,"void cublasLt::splitKreduce_kernel<(int)32, (int)16, int, float, float, float, (bool)0, float, float, float, (bool)1, (bool)0, (bool)0>(cublasLt::cublasSplitKParams<T6>, const T4 *, const T9 *, T8 *, T5 *, const T6 *, const T6 *, const T10 *, const T4 *, T10 *, void *, long, T6 *, int *, T6 *, const T6 *, const T6 *, const T6 *, const T6 *)",0.003960402654867257,neck,True,0.4636272764466236,scene-0770,0.00011009935895594126,8.249999999999577e-06
0.08307300000000001,0.09267299999999999,2,2,226,-0.0005098950451510495,i2-i31-0770,-0.11531772365387134,"void cudnn::engines_precompiled::nchwToNhwcKernel<float, float, float, (bool)0, (bool)1, (cudnnKernelDataType_t)2>(cudnn::engines_precompiled::nchw2nhwc_params_t<T3>, const T1 *, T2 *)",0.08334043805309733,neck,True,-0.11595333205983122,scene-0770,0.001999906767332164,-0.0006000000000000033
0.001632,0.001792,1,1,226,5.058470028533114e-05,i2-i31-0770,0.5785432490574423,"void cudnn::engines_precompiled::nhwcToNchwKernel<float, float, float, (bool)1, (bool)0, (cudnnKernelDataType_t)0>(cudnn::engines_precompiled::nhwc2nchw_params_t<T3>, const T1 *, T2 *)",0.0016446283185840712,neck,True,0.46778094162127454,scene-0770,4.918003672443816e-05,-4.0000000000000105e-05
0.1523215,0.16532925,1,1,226,0.0038566454463669106,i2-i31-0770,0.5713871206627487,void cutlass::Kernel2<cutlass_80_tensorop_s1688gemm_128x128_32x3_nn_align1>(T1::Params),0.15340456637168143,neck,True,0.4690809966856255,scene-0770,0.003739160151019922,-0.0027359999999999884
0.0396005,0.042681,1,1,226,0.0010498111611641566,i2-i31-0770,0.5730973766033692,void cutlass::Kernel2<cutlass_80_tensorop_s1688gemm_256x64_16x4_nn_align4>(T1::Params),0.03987584955752213,neck,True,0.47455939339536174,scene-0770,0.0010060806651559751,-0.0006232499999999988
0.089761,0.096577,1,1,226,0.0015748096327474665,i2-i31-0770,0.4902597075166714,void cutlass::Kernel2<cutlass_80_tensorop_s1688gemm_64x64_16x6_nn_align4>(T1::Params),0.0901119203539823,neck,True,0.2999225258294784,scene-0770,0.002387982660813679,-0.0024079999999999935
0.22669050000000002,0.24829099999999998,1,1,226,0.0072105840805112755,i2-i31-0770,0.556572455332927,void cutlass__5x_cudnn::Kernel<cutlass_tensorop_s1688fprop_optimized_tf32_64x64_32x5_nhwc_align4>(T1::Params),0.22851907079646022,neck,True,0.4567587123356624,scene-0770,0.007179526399590818,-0.006559749999999975
0.010112,0.010616000000000002,12,12,226,0.0001787496185512992,i2-i31-0770,0.44386483805161503,"void <unnamed>::elementwise_kernel_with_index<int, at::native::arange_cuda_out(const c10::Scalar &, const c10::Scalar &, const c10::Scalar &, at::Tensor &)::[lambda() (instance 1)]::operator ()() const::[lambda() (instance 7)]::operator ()() const::[lambda(long) (instance 1)]>(T1, T2, function_traits<T2>::result_type *)",0.010118610619469025,positional_encoding,True,0.3507503249306643,scene-0770,0.00023177107387179966,-2.400000000000145e-05
0.0294885,0.037337,4,4,226,0.0002881338161858539,i2-i31-0770,0.14628887315638744,"void at::native::<unnamed>::CatArrayBatchedCopy_aligned16_contig<at::native::<unnamed>::OpaqueType<(unsigned int)4>, unsigned int, (int)4, (int)128, (int)1>(T1 *, at::native::<unnamed>::CatArrInputTensorMetadata<T1, T2, T4, T5>, at::native::<unnamed>::TensorSizeStride<T2, (unsigned int)4>, int, T2)",0.029716429203539826,positional_encoding,True,0.07878958096249607,scene-0770,0.001663173788362959,-0.00026400000000000035
0.04083200000000001,0.045408250000000004,16,16,226,0.0014185458450031616,i2-i31-0770,0.5716256265256638,"void at::native::elementwise_kernel<(int)128, (int)2, void at::native::gpu_kernel_impl_nocast<at::native::BinaryFunctor<float, float, float, at::native::binary_internal::DivFunctor<float>>>(at::TensorIteratorBase &, const T1 &)::[lambda(int) (instance 1)]>(int, T3)",0.04121375663716814,positional_encoding,True,0.47862853083574514,scene-0770,0.001347897861232207,-0.0006797500000000067
0.0045119999999999995,0.004896,4,4,226,0.00011723512585323595,i2-i31-0770,0.5535381363621756,"void at::native::elementwise_kernel<(int)128, (int)2, void at::native::gpu_kernel_impl_nocast<at::native::CUDAFunctorOnSelf_add<float>>(at::TensorIteratorBase &, const T1 &)::[lambda(int) (instance 1)]>(int, T3)",0.0045327345132743346,positional_encoding,True,0.4423766121109661,scene-0770,0.00012052517951585679,-0.00012000000000000031
0.025280000000000004,0.027224,8,8,226,0.0006467776988117487,i2-i31-0770,0.48980756279756876,"void at::native::elementwise_kernel<(int)128, (int)2, void at::native::gpu_kernel_impl_nocast<at::native::cos_kernel_cuda(at::TensorIteratorBase &)::[lambda() (instance 2)]::operator ()() const::[lambda() (instance 2)]::operator ()() const::[lambda(float) (instance 1)]>(at::TensorIteratorBase &, const T1 &)::[lambda(int) (instance 1)]>(int, T3)",0.025439154867256633,positional_encoding,True,0.40244937583034374,scene-0770,0.0007308966477173449,-0.0004722500000000074
0.071264,0.07410474999999998,24,24,226,0.000642118615087061,i2-i31-0770,0.3168904352312474,"void at::native::elementwise_kernel<(int)128, (int)2, void at::native::gpu_kernel_impl_nocast<at::native::direct_copy_kernel_cuda(at::TensorIteratorBase &)::[lambda() (instance 3)]::operator ()() const::[lambda() (instance 7)]::operator ()() const::[lambda(float) (instance 1)]>(at::TensorIteratorBase &, const T1 &)::[lambda(int) (instance 1)]>(int, T3)",0.07147046902654865,positional_encoding,True,0.2239015378176713,scene-0770,0.0013042786197999246,-0.0008395000000000208
0.023856499999999996,0.02800925,8,8,226,0.0010311423028326852,i2-i31-0770,0.49263408647660717,"void at::native::elementwise_kernel<(int)128, (int)2, void at::native::gpu_kernel_impl_nocast<at::native::sin_kernel_cuda(at::TensorIteratorBase &)::[lambda() (instance 2)]::operator ()() const::[lambda() (instance 2)]::operator ()() const::[lambda(float) (instance 1)]>(at::TensorIteratorBase &, const T1 &)::[lambda(int) (instance 1)]>(int, T3)",0.024210566371681414,positional_encoding,True,0.4205408773476133,scene-0770,0.00111512250111701,-0.00020850000000000035
0.0072640000000000005,0.007928000000000001,4,4,226,0.00020702595532239913,i2-i31-0770,0.5631701493404915,"void at::native::elementwise_kernel<(int)128, (int)4, void at::native::gpu_kernel_impl<at::native::<unnamed>::pow_tensor_tensor_kernel(at::TensorIteratorBase &)::[lambda() (instance 1)]::operator ()() const::[lambda() (instance 7)]::operator ()() const::[lambda(float, float) (instance 1)]>(at::TensorIteratorBase &, const T1 &)::[lambda(int) (instance 1)]>(int, T3)",0.007323703539823009,positional_encoding,True,0.44669847007977703,scene-0770,0.0002107766625883766,-0.00020000000000000052
0.001696,0.001856,2,2,226,5.079975003415468e-05,i2-i31-0770,0.5185970981298387,"void at::native::unrolled_elementwise_kernel<at::native::CUDAFunctorOnSelf_add<float>, std::array<char *, (unsigned long)2>, (int)4, TrivialOffsetCalculator<(int)1, unsigned int>, TrivialOffsetCalculator<(int)1, unsigned int>, at::native::memory::LoadWithoutCast, at::native::memory::StoreWithoutCast>(int, T1, T2, T4, T5, T6, T7)",0.0017006858407079646,positional_encoding,True,0.4174403289488799,scene-0770,5.534512372258671e-05,-5.600000000000006e-05
0.000864,0.000928,1,1,226,2.7109297447895972e-05,i2-i31-0770,0.5160987567332187,"void at::native::vectorized_elementwise_kernel<(int)2, at::native::CUDAFunctorOnSelf_add<float>, std::array<char *, (unsigned long)2>>(int, T2, T3)",0.0008617566371681417,positional_encoding,True,0.4191479010702657,scene-0770,2.941461431999437e-05,-3.9999999999999996e-05
0.011360499999999999,0.012344000000000003,12,12,226,0.00029893494663305286,i2-i31-0770,0.5579235208026442,"void at::native::vectorized_elementwise_kernel<(int)4, at::native::AUnaryFunctor<float, float, float, at::native::binary_internal::MulFunctor<float>>, std::array<char *, (unsigned long)2>>(int, T2, T3)",0.011454588495575221,positional_encoding,True,0.460269141297602,scene-0770,0.00029537723540429105,-0.00027249999999999844
0.0033919999999999996,0.003712,4,4,226,9.185643924041364e-05,i2-i31-0770,0.5421092063098262,"void at::native::vectorized_elementwise_kernel<(int)4, at::native::BUnaryFunctor<float, float, float, at::native::binary_internal::MulFunctor<float>>, std::array<char *, (unsigned long)2>>(int, T2, T3)",0.0034170884955752215,positional_encoding,True,0.4298038896085084,scene-0770,9.719668568606745e-05,-0.00013599999999999984
0.009409,0.009976000000000002,9,9,226,0.0001259071894534079,i2-i31-0770,0.3149368367087867,"void at::native::vectorized_elementwise_kernel<(int)4, at::native::CUDAFunctorOnSelf_add<float>, std::array<char *, (unsigned long)2>>(int, T2, T3)",0.009427393805309735,positional_encoding,True,0.24419430963593167,scene-0770,0.00023449154136231758,-0.00030450000000000095
0.0029760000000000003,0.003264,4,4,226,9.409868586670652e-05,i2-i31-0770,0.5878469811055992,"void at::native::vectorized_elementwise_kernel<(int)4, at::native::FillFunctor<long>, std::array<char *, (unsigned long)1>>(int, T2, T3)",0.0030022433628318582,positional_encoding,True,0.5017571455320196,scene-0770,8.529079915530029e-05,8.000000000000194e-06
0.004384,0.004736000000000001,4,4,226,0.00011627992482819764,i2-i31-0770,0.557076058539472,"void at::native::vectorized_elementwise_kernel<(int)4, at::native::binary_internal::div_floor_kernel_cuda(at::TensorIteratorBase &)::[lambda() (instance 2)]::operator ()() const::[lambda() (instance 2)]::operator ()() const::[lambda(float) (instance 1)], std::array<char *, (unsigned long)2>>(int, T2, T3)",0.004398048672566372,positional_encoding,True,0.44955820857131695,scene-0770,0.00011763349533148147,-0.00011200000000000012
0.5315099999999999,0.54771875,3,3,226,-0.0038163371569145334,i2-i31-0770,-0.3018976475170916,ampere_sgemm_128x64_tn,0.5321018274336283,unresolved,True,-0.20971125824888492,scene-0770,0.008276318227827754,-0.011224000000000012
0.13235349999999999,0.141418,2,2,226,-0.0020394989935611707,i2-i31-0770,-0.33988650490826106,ampere_sgemm_32x128_tn,0.13354466371681417,unresolved,True,-0.2123943339127172,scene-0770,0.004367096210491863,-0.004519750000000017
0.002049,0.00224,1,1,226,6.868711244380424e-05,i2-i31-0770,0.5238319787876203,reduction_prod_kernel,0.0020643185840707964,unresolved,True,0.40114847999258424,scene-0770,7.787217407611191e-05,-9.600000000000017e-05
0.006849000000000001,0.007296,8,8,226,-9.413134911241513e-05,i2-i31-0770,-0.20486022315959532,"void <unnamed>::elementwise_kernel_with_index<int, at::native::linspace_cuda_out(const c10::Scalar &, const c10::Scalar &, long, at::Tensor &)::[lambda() (instance 2)]::operator ()() const::[lambda() (instance 2)]::operator ()() const::[lambda(long) (instance 1)]>(T1, T2, function_traits<T2>::result_type *)",0.0068867654867256645,unresolved,True,-0.16816309951740502,scene-0770,0.00025457501085920985,-0.00013600000000000244
0.12325,0.15130600000000002,5,5,226,-0.0009728667221593605,i2-i31-0770,-0.17523442037975562,"void at::native::<unnamed>::CatArrayBatchedCopy<at::native::<unnamed>::OpaqueType<(unsigned int)4>, unsigned int, (int)3, (int)64, (int)64>(T1 *, at::native::<unnamed>::CatArrInputTensorMetadata<T1, T2, T4, T5>, at::native::<unnamed>::TensorSizeStride<T2, (unsigned int)4>, int, T2)",0.12383416814159293,unresolved,True,-0.09565528680025484,scene-0770,0.00462547737866893,-0.002359749999999994
0.085409,0.112641,2,2,226,-0.0002225541315626547,i2-i31-0770,-0.055842169459729044,"void at::native::<unnamed>::CatArrayBatchedCopy_aligned16_contig<at::native::<unnamed>::OpaqueType<(unsigned int)4>, unsigned int, (int)3, (int)128, (int)1>(T1 *, at::native::<unnamed>::CatArrInputTensorMetadata<T1, T2, T4, T5>, at::native::<unnamed>::TensorSizeStride<T2, (unsigned int)4>, int, T2)",0.08602110619469026,unresolved,True,-0.025267437958811537,scene-0770,0.004005775853971676,-0.00048799999999998844
0.0079205,0.00854475,4,4,226,-0.00011079940043723984,i2-i31-0770,-0.21877690318324444,"void at::native::<unnamed>::CatArrayBatchedCopy_aligned16_contig<at::native::<unnamed>::OpaqueType<(unsigned int)4>, unsigned int, (int)4, (int)128, (int)1>(T1 *, at::native::<unnamed>::CatArrInputTensorMetadata<T1, T2, T4, T5>, at::native::<unnamed>::TensorSizeStride<T2, (unsigned int)4>, int, T2)",0.007966668141592921,unresolved,True,-0.1610044593030572,scene-0770,0.000312976476473472,-0.00021600000000000005
0.00368,0.004288,2,2,226,1.2662185068162748e-05,i2-i31-0770,0.035815905370440305,"void at::native::<unnamed>::CatArrayBatchedCopy_aligned16_contig<at::native::<unnamed>::OpaqueType<(unsigned int)8>, unsigned int, (int)1, (int)128, (int)1>(T1 *, at::native::<unnamed>::CatArrInputTensorMetadata<T1, T2, T4, T5>, at::native::<unnamed>::TensorSizeStride<T2, (unsigned int)4>, int, T2)",0.0037068230088495575,unresolved,True,0.021298393589781032,scene-0770,0.00027037964885479195,-0.0004239999999999999
0.087121,0.089305,1,1,226,-0.0002464191133979141,i2-i31-0770,-0.22978814830814617,"void at::native::<unnamed>::vectorized_layer_norm_kernel<float, float>(int, T2, const T1 *, const T1 *, const T1 *, T2 *, T2 *, T1 *)",0.08707471238938054,unresolved,True,-0.10673354460929033,scene-0770,0.0010499911763331524,-0.0006000000000000172
0.004848,0.005247999999999999,2,2,226,-7.016468895546423e-05,i2-i31-0770,-0.2638405601744087,"void at::native::_scatter_gather_elementwise_kernel<(int)128, (int)4, void at::native::_cuda_scatter_gather_internal_kernel<(bool)0, at::native::OpaqueType<(int)4>>::operator ()<at::native::TensorAssign>(at::TensorIterator &, long, long, long, const T1 &)::[lambda(int) (instance 1)]>(int, T3)",0.004876230088495575,unresolved,True,-0.15653995674933247,scene-0770,0.00020384759224625126,-0.00010399999999999993
0.028527999999999998,0.033136250000000006,2,2,226,-0.0007371469762728371,i2-i31-0770,-0.2742058234227081,"void at::native::elementwise_kernel<(int)128, (int)2, void at::native::gpu_kernel_impl_nocast<at::native::<unnamed>::masked_fill_kernel(at::TensorIterator &, const c10::Scalar &)::[lambda() (instance 1)]::operator ()() const::[lambda() (instance 7)]::operator ()() const::[lambda(float, bool) (instance 1)]>(at::TensorIteratorBase &, const T1 &)::[lambda(int) (instance 1)]>(int, T3)",0.028758783185840707,unresolved,True,-0.15890028380197302,scene-0770,0.0021098015491712546,-0.0018244999999999997
0.030800999999999995,0.03520025,4,4,226,0.0015908059805728903,i2-i31-0770,0.20346835794201223,"void at::native::elementwise_kernel<(int)128, (int)2, void at::native::gpu_kernel_impl_nocast<at::native::CUDAFunctor_add<float>>(at::TensorIteratorBase &, const T1 &)::[lambda(int) (instance 1)]>(int, T3)",0.03129493362831858,unresolved,True,0.20315852334491757,scene-0770,0.0035611835521431614,0.00018374999999999989
0.003136,0.00338425,2,2,226,-5.169549996467702e-05,i2-i31-0770,-0.30092601521107293,"void at::native::elementwise_kernel<(int)128, (int)2, void at::native::gpu_kernel_impl_nocast<at::native::direct_copy_kernel_cuda(at::TensorIteratorBase &)::[lambda() (instance 3)]::operator ()() const::[lambda() (instance 4)]::operator ()() const::[lambda(long) (instance 1)]>(at::TensorIteratorBase &, const T1 &)::[lambda(int) (instance 1)]>(int, T3)",0.003161393805309735,unresolved,True,-0.19257497345308772,scene-0770,0.00012208578065332589,-0.0001445000000000001
0.009631999999999998,0.010336000000000001,4,4,226,-0.0001249915930931596,i2-i31-0770,-0.20482523209372933,"void at::native::elementwise_kernel<(int)128, (int)4, void at::native::gpu_kernel_impl<at::native::BinaryFunctor<float, float, float, at::native::binary_internal::DivFunctor<float>>>(at::TensorIteratorBase &, const T1 &)::[lambda(int) (instance 1)]>(int, T3)",0.00970574778761062,unresolved,True,-0.15461205450849508,scene-0770,0.000367662760441494,-0.00019199999999999773
0.00512,0.005504,4,4,226,-7.81493670879323e-05,i2-i31-0770,-0.22654074451833003,"void at::native::index_elementwise_kernel<(int)128, (int)4, void at::native::flip_kernel_impl<at::native::OpaqueType<(int)8>>(at::TensorIterator &)::[lambda(int) (instance 1)]>(long, T3)",0.005147814159292035,unresolved,True,-0.19348484056550527,scene-0770,0.00018369219871924587,-0.00015250000000000073
0.001056,0.00112,1,1,226,-1.338758304223002e-05,i2-i31-0770,-0.2348574662622283,"void at::native::mbtopk::computeBlockwiseKthCounts<unsigned int>(T1 *, short *, unsigned int, unsigned int, unsigned int *)",0.0010497920353982303,unresolved,True,-0.14682944354384414,scene-0770,4.146686627311039e-05,-4.800000000000008e-05
0.005632,0.006072,4,4,226,-8.199169031095817e-05,i2-i31-0770,-0.26086121243108334,"void at::native::mbtopk::computeBlockwiseWithinKCounts<unsigned int>(T1 *, short *, unsigned int, int, bool, unsigned int *, unsigned int)",0.005665212389380531,unresolved,True,-0.17044672516557352,scene-0770,0.00021877282237770112,-0.00022375
0.000768,0.000832,1,1,226,-1.4994915310376086e-05,i2-i31-0770,-0.30292656052507694,"void at::native::mbtopk::fill<unsigned int, unsigned int>(T1 *, T1, T2)",0.0007830132743362831,unresolved,True,-0.21685952603708325,scene-0770,3.144689020297577e-05,-3.199999999999991e-05
0.003744,0.004032,1,1,226,-5.232632068910569e-05,i2-i31-0770,-0.25095632978196625,"void at::native::mbtopk::gatherTopK<float, unsigned int, (int)1>(at::cuda::detail::TensorInfo<const T1, T2>, T2, T2, bool, unsigned int, T2, at::cuda::detail::TensorInfo<T1, T2>, T2, at::cuda::detail::TensorInfo<long, T2>, T2, unsigned int, unsigned int, T1 *, unsigned int *, unsigned int *, unsigned int)",0.003745190265486726,unresolved,True,-0.15795208115893852,scene-0770,0.0001506631479593695,-7.200000000000002e-05
0.011648,0.01235275,4,4,226,-0.00017114963750432133,i2-i31-0770,-0.26781565486299025,"void at::native::mbtopk::radixFindKthValues<float, unsigned int, unsigned int, (int)1>(at::cuda::detail::TensorInfo<const T1, T2>, unsigned int, unsigned int *, unsigned int, T2, int, int, unsigned int, T3, unsigned int *, T3 *, short *, T1 *)",0.011703508849557523,unresolved,True,-0.1769729114031641,scene-0770,0.00043982648671636495,-0.00047199999999999846
0.013728,0.014624,1,1,226,-0.0002032669551219036,i2-i31-0770,-0.27317322101077646,"void at::native::radixSortKVInPlace<(int)-2, (int)-1, (int)32, (int)32, float, long, unsigned int>(at::cuda::detail::TensorInfo<T5, T7>, T7, T7, T7, at::cuda::detail::TensorInfo<T6, T7>, T7, bool)",0.013805597345132745,unresolved,True,-0.17480437839052976,scene-0770,0.0005288428859746995,-0.0004725000000000007
0.0231365,0.024425,1,1,226,-3.845244020954883e-05,i2-i31-0770,-0.10280988654427659,"void at::native::reduce_kernel<(int)512, (int)1, at::native::ReduceOp<float, at::native::MaxOps<float>, unsigned int, float, (int)4>>(T3)",0.023096464601769912,unresolved,True,-0.04230553392213265,scene-0770,0.00041336996337793024,-0.000279999999999999
0.002848,0.003104,1,1,226,-4.394081750488587e-05,i2-i31-0770,-0.2679021906965248,"void at::native::reduce_kernel<(int)512, (int)1, at::native::ReduceOp<long, at::native::func_wrapper_t<long, at::native::sum_functor<long, long, long>::operator ()(at::TensorIterator &)::[lambda(long, long) (instance 1)]>, unsigned int, long, (int)4>>(T3)",0.0028572256637168143,unresolved,True,-0.15871654484090303,scene-0770,0.00012590939099052032,-0.00014400000000000003
0.0034879999999999998,0.003712,4,4,226,-4.833234758174079e-05,i2-i31-0770,-0.21312375128115002,"void at::native::unrolled_elementwise_kernel<at::native::BinaryFunctor<long, long, long, at::native::binary_internal::MulFunctor<long>>, std::array<char *, (unsigned long)3>, (int)4, TrivialOffsetCalculator<(int)2, unsigned int>, TrivialOffsetCalculator<(int)1, unsigned int>, at::native::memory::LoadWithoutCast, at::native::memory::StoreWithoutCast>(int, T1, T2, T4, T5, T6, T7)",0.0034945486725663716,unresolved,True,-0.17063442998075315,scene-0770,0.00012882003576028926,-7.250000000000008e-05
0.003552,0.0037999999999999996,4,4,226,-4.621384902342005e-05,i2-i31-0770,-0.20334830936485096,"void at::native::unrolled_elementwise_kernel<at::native::CUDAFunctorOnSelf_add<long>, std::array<char *, (unsigned long)2>, (int)4, TrivialOffsetCalculator<(int)1, unsigned int>, TrivialOffsetCalculator<(int)1, unsigned int>, at::native::memory::LoadWithoutCast, at::native::memory::StoreWithoutCast>(int, T1, T2, T4, T5, T6, T7)",0.0035704292035398225,unresolved,True,-0.15621677495368969,scene-0770,0.0001345416237737759,-0.00012800000000000008
0.00224,0.002496,1,1,226,-6.072183517607403e-05,i2-i31-0770,-0.3487073746693074,"void at::native::unrolled_elementwise_kernel<at::native::direct_copy_kernel_cuda(at::TensorIteratorBase &)::[lambda() (instance 3)]::operator ()() const::[lambda() (instance 4)]::operator ()() const::[lambda(long) (instance 1)], std::array<char *, (unsigned long)2>, (int)4, TrivialOffsetCalculator<(int)1, unsigned int>, TrivialOffsetCalculator<(int)1, unsigned int>, at::native::memory::LoadWithCast<(int)1>, at::native::memory::StoreWithCast<(int)1>>(int, T1, T2, T4, T5, T6, T7)",0.002251765486725664,unresolved,True,-0.23853998730537473,scene-0770,0.00011576996130938826,-7.200000000000045e-05
0.001824,0.0019760000000000003,2,2,226,-2.5818269284413936e-05,i2-i31-0770,-0.205639115607893,"void at::native::vectorized_elementwise_kernel<(int)2, at::native::CUDAFunctorOnSelf_add<long>, std::array<char *, (unsigned long)2>>(int, T2, T3)",0.0018410044247787608,unresolved,True,-0.1684790748840181,scene-0770,6.969367220216703e-05,-5.600000000000006e-05
0.14349,0.158642,2,2,226,-0.00037211862788189145,i2-i31-0770,-0.08908493142797277,"void at::native::vectorized_elementwise_kernel<(int)4, at::native::<unnamed>::launch_clamp_scalar(at::TensorIteratorBase &, c10::Scalar, c10::Scalar, at::native::detail::ClampLimits)::[lambda() (instance 1)]::operator ()() const::[lambda() (instance 7)]::operator ()() const::[lambda(float) (instance 1)], std::array<char *, (unsigned long)2>>(int, T2, T3)",0.1439671238938053,unresolved,True,-0.05898012740900257,scene-0770,0.002869378870016048,0.0006952500000000084
0.008015999999999999,0.008512,8,8,226,-0.00011051257460923574,i2-i31-0770,-0.21363270044418156,"void at::native::vectorized_elementwise_kernel<(int)4, at::native::AUnaryFunctor<float, float, float, at::native::binary_internal::MulFunctor<float>>, std::array<char *, (unsigned long)2>>(int, T2, T3)",0.008050929203539822,unresolved,True,-0.1684387325515801,scene-0770,0.0002983883914565088,-0.000280250000000001
0.0012965,0.001408,1,1,226,-1.6636123393942824e-05,i2-i31-0770,-0.2846910523924735,"void at::native::vectorized_elementwise_kernel<(int)4, at::native::AUnaryFunctor<long, long, bool, at::native::<unnamed>::CompareEqFunctor<long>>, std::array<char *, (unsigned long)2>>(int, T2, T3)",0.0013028274336283187,unresolved,True,-0.1520889222685645,scene-0770,4.974698238331239e-05,-4.7999999999999866e-05
0.001536,0.001632,1,1,226,-2.32124939717038e-05,i2-i31-0770,-0.2845627535311582,"void at::native::vectorized_elementwise_kernel<(int)4, at::native::BinaryFunctor<bool, bool, bool, at::native::BitwiseAndFunctor<bool>>, std::array<char *, (unsigned long)3>>(int, T2, T3)",0.0015384070796460177,unresolved,True,-0.17196867323724888,scene-0770,6.138816541104222e-05,-4.800000000000008e-05
0.001504,0.0016,1,1,226,-1.2689557670184228e-05,i2-i31-0770,-0.21643935715567322,"void at::native::vectorized_elementwise_kernel<(int)4, at::native::BinaryFunctor<float, float, float, at::native::binary_internal::DivFunctor<float>>, std::array<char *, (unsigned long)3>>(int, T2, T3)",0.0014948141592920354,unresolved,True,-0.10187054010895125,scene-0770,5.665132428176131e-05,-4.0000000000000105e-05
0.001216,0.001312,1,1,226,-1.4511661799136436e-05,i2-i31-0770,-0.23664477989876168,"void at::native::vectorized_elementwise_kernel<(int)4, at::native::CUDAFunctorOnOther_add<float>, std::array<char *, (unsigned long)2>>(int, T2, T3)",0.0012306061946902652,unresolved,True,-0.13424526749909194,scene-0770,4.9162091992300775e-05,-4.7999999999999866e-05
0.004064,0.004384000000000001,4,4,226,-5.84929533934484e-05,i2-i31-0770,-0.24191298212652615,"void at::native::vectorized_elementwise_kernel<(int)4, at::native::CUDAFunctorOnSelf_add<float>, std::array<char *, (unsigned long)2>>(int, T2, T3)",0.004078765486725664,unresolved,True,-0.17324515401157126,scene-0770,0.0001535517060128391,-0.00016799999999999975
0.002784,0.0029760000000000003,3,3,226,-3.810840986680662e-05,i2-i31-0770,-0.19738791447229675,"void at::native::vectorized_elementwise_kernel<(int)4, at::native::CUDAFunctorOnSelf_add<long>, std::array<char *, (unsigned long)2>>(int, T2, T3)",0.0027963628318584074,unresolved,True,-0.16391237839685302,scene-0770,0.00010573560798293272,-8.80000000000004e-05
0.002144,0.002552,1,1,226,8.65403390798133e-06,i2-i31-0770,0.04210774513474792,"void at::native::vectorized_elementwise_kernel<(int)4, at::native::CUDAFunctor_add<float>, std::array<char *, (unsigned long)3>>(int, T2, T3)",0.0021482743362831857,unresolved,True,0.024680997320841964,scene-0770,0.00015946599203501015,0.00010349999999999986
0.002944,0.003104,3,3,226,-3.828362142538522e-05,i2-i31-0770,-0.21967666538657357,"void at::native::vectorized_elementwise_kernel<(int)4, at::native::CUDAFunctor_add<long>, std::array<char *, (unsigned long)3>>(int, T2, T3)",0.002937654867256637,unresolved,True,-0.16410893092869036,scene-0770,0.00010609452872312674,-8.799999999999997e-05
0.004288,0.004512,5,5,226,-3.275198172188012e-05,i2-i31-0770,-0.13739868577736367,"void at::native::vectorized_elementwise_kernel<(int)4, at::native::FillFunctor<float>, std::array<char *, (unsigned long)1>>(int, T2, T3)",0.004294995575221239,unresolved,True,-0.11013531154035401,scene-0770,0.00013524561392746175,-0.0001920000000000012
0.000896,0.001136,1,1,226,-1.1296910375415168e-05,i2-i31-0770,-0.02631284405351102,"void at::native::vectorized_elementwise_kernel<(int)4, at::native::FillFunctor<long>, std::array<char *, (unsigned long)1>>(int, T2, T3)",0.0008969955752212388,unresolved,True,-0.043151621899315755,scene-0770,0.00011906243241375402,-6.400000000000004e-05
0.002624,0.002784,2,2,226,-3.833497530110249e-05,i2-i31-0770,-0.2648619993694819,"void at::native::vectorized_elementwise_kernel<(int)4, at::native::bitwise_not_kernel_cuda(at::TensorIteratorBase &)::[lambda(bool) (instance 1)], std::array<char *, (unsigned long)2>>(int, T2, T3)",0.0026262964601769913,unresolved,True,-0.17833823373037924,scene-0770,9.776038833439994e-05,-0.00010375000000000011
0.001344,0.00144,1,1,226,-1.9203908026412625e-05,i2-i31-0770,-0.25987894136565515,"void at::native::vectorized_elementwise_kernel<(int)4, at::native::log_kernel_cuda(at::TensorIteratorBase &)::[lambda() (instance 2)]::operator ()() const::[lambda() (instance 2)]::operator ()() const::[lambda(float) (instance 1)], std::array<char *, (unsigned long)2>>(int, T2, T3)",0.0013580309734513274,unresolved,True,-0.1590430019047912,scene-0770,5.491452663308297e-05,-4.800000000000008e-05
0.0022719999999999997,0.0024000000000000002,2,2,226,-3.582229490728561e-05,i2-i31-0770,-0.2755957338893949,"void at::native::vectorized_elementwise_kernel<(int)4, at::native::sigmoid_kernel_cuda(at::TensorIteratorBase &)::[lambda() (instance 2)]::operator ()() const::[lambda() (instance 2)]::operator ()() const::[lambda(float) (instance 1)], std::array<char *, (unsigned long)2>>(int, T2, T3)",0.002266628318584071,unresolved,True,-0.1885914100347076,scene-0770,8.638606437621628e-05,-0.00011199999999999969
0.0028799999999999997,0.003072,2,2,226,-1.852131330429663e-05,i2-i31-0770,-0.12369012538827912,"void at::native::vectorized_elementwise_kernel<(int)4, void at::native::compare_scalar_kernel<float>(at::TensorIteratorBase &, at::native::<unnamed>::OpType, T1)::[lambda(float) (instance 1)], std::array<char *, (unsigned long)2>>(int, T2, T3)",0.0028799026548672565,unresolved,True,-0.07157073988288307,scene-0770,0.00011769241181257788,-0.00011200000000000012
0.001536,0.001632,2,2,226,-2.5715435870288684e-05,i2-i31-0770,-0.25081375878606144,"void at_cuda_detail::cub::DeviceScanByKeyInitKernel<at_cuda_detail::cub::ReduceByKeyScanTileState<unsigned int, int, (bool)1>, at_cuda_detail::cub::TransformInputIterator<unsigned int, at::native::mbtopk::BlockIdxToKey, at_cuda_detail::cub::CountingInputIterator<unsigned int, unsigned int>, long>>(T1, T2, std::iterator_traits<T2>::value_type *, unsigned int, int)",0.0015477654867256637,unresolved,True,-0.19447823027298547,scene-0770,6.0136076180537554e-05,-3.9250000000000005e-05
0.0041919999999999995,0.004504,2,2,226,-5.6975804454399324e-05,i2-i31-0770,-0.26925873729169997,"void at_cuda_detail::cub::DeviceScanByKeyKernel<at_cuda_detail::cub::DeviceScanByKeyPolicy<at_cuda_detail::cub::TransformInputIterator<unsigned int, at::native::mbtopk::BlockIdxToKey, at_cuda_detail::cub::CountingInputIterator<unsigned int, unsigned int>, long>, unsigned int, unsigned int, cuda::std::__4::plus<void>>::Policy900, at_cuda_detail::cub::TransformInputIterator<unsigned int, at::native::mbtopk::BlockIdxToKey, at_cuda_detail::cub::CountingInputIterator<unsigned int, unsigned int>, long>, unsigned int *, unsigned int *, at_cuda_detail::cub::ReduceByKeyScanTileState<unsigned int, int, (bool)1>, cuda::std::__4::equal_to<void>, cuda::std::__4::plus<void>, at_cuda_detail::cub::NullType, int, unsigned int, unsigned int>(T2, T11 *, T3, T4, T5, int, T6, T7, T8, T9)",0.004219805309734513,unresolved,True,-0.16223259256074696,scene-0770,0.00015972192973747644,-0.00020799999999999985
0.000768,0.000832,1,1,226,2.309486802827112e-05,i2-i31-0770,0.4627030803283228,"void at_cuda_detail::cub::DeviceScanInitKernel<at_cuda_detail::cub::ScanTileState<long, (bool)1>>(T1, int)",0.0007630486725663717,unresolved,True,0.36820567903206025,scene-0770,2.8525758007795968e-05,-2.400000000000004e-05
0.001248,0.001376,1,1,226,3.4088071063971896e-05,i2-i31-0770,0.4582411604913703,"void at_cuda_detail::cub::DeviceScanKernel<at_cuda_detail::cub::DeviceScanPolicy<long, std::plus<long>>::Policy900, const long *, long *, at_cuda_detail::cub::ScanTileState<long, (bool)1>, std::plus<long>, at_cuda_detail::cub::NullType, int, long>(T2, T3, T4, int, T5, T6, T7)",0.0012579115044247789,unresolved,True,0.36864576095655405,scene-0770,4.2053812454811915e-05,-3.199999999999991e-05
0.834313,0.92499254,3,3,223,0.004963915525232836,i2-i31-0398,0.09846182378173335,_5x_cudnn_ampere_scudnn_128x128_relu_small_nn_v1,0.8371597488789237,backbone,True,0.14016956057715646,scene-0398,0.0178081391267215,-0.0003817999999999877
0.829099,0.8705322400000001,5,5,223,0.009790207489082648,i2-i31-0398,0.384714214002738,_5x_cudnn_ampere_scudnn_128x32_relu_small_nn_v1,0.8278368295964126,backbone,True,0.2824105394283384,scene-0398,0.017432467548827327,0.02359645999999993
0.345572,0.35341968,1,1,223,0.002324003495572275,i2-i31-0398,0.37295734440964434,_5x_cudnn_ampere_scudnn_128x64_relu_medium_nn_v1,0.3454200582959641,backbone,True,0.3141536550490744,scene-0398,0.0037199964862333038,0.006839679999999959
0.5519080000000001,0.5772439,4,4,223,0.004780244757281732,i2-i31-0398,0.2556465095610192,ampere_sgemm_128x64_nn,0.5520028744394619,backbone,True,0.1672276645708439,scene-0398,0.014374405062125672,-0.003918140000000014
0.478309,0.509494,3,3,223,0.008486121897693759,i2-i31-0398,0.38914133431222026,sm86_xmma_fprop_implicit_gemm_indexed_tf32f32_tf32f32_f32_nhwckrsc_nchw_tilesize128x64x32_stage4_warpsize2x2x1_g1_tensor16x8x8_alignc4_execute_kernel__5x_cudnn,0.47757306278026895,backbone,True,0.33043321656969205,scene-0398,0.01291437632144283,0.006546839999999998
0.227426,0.244803,1,1,223,0.003506821762669344,i2-i31-0398,0.24521718977613174,sm86_xmma_fprop_implicit_gemm_tf32f32_tf32f32_f32_nhwckrsc_nchw_tilesize128x128x16_stage3_warpsize2x2x1_g1_tensor16x8x8_alignc4_execute_kernel__5x_cudnn,0.22740498654708524,backbone,True,0.27130986709441096,scene-0398,0.006499739843348283,-0.00424703999999998
0.5512699999999999,0.59327092,3,3,223,0.007853970904459679,i2-i31-0398,0.20617278309560547,sm86_xmma_fprop_implicit_gemm_tf32f32_tf32f32_f32_nhwckrsc_nchw_tilesize128x128x32_stage3_warpsize2x2x1_g1_tensor16x8x8_alignc4_execute_kernel__5x_cudnn,0.55171167264574,backbone,True,0.2476221745363768,scene-0398,0.01594952025974943,-0.009318060000000017
0.178818,0.19083271999999998,1,1,223,0.0022012626498702638,i2-i31-0398,0.20300500204113114,sm86_xmma_fprop_implicit_gemm_tf32f32_tf32f32_f32_nhwckrsc_nhwc_tilesize128x128x16_stage3_warpsize2x2x1_g1_tensor16x8x8_execute_kernel__5x_cudnn,0.1791726547085202,backbone,True,0.23844005991344713,scene-0398,0.0046423781347758215,-0.0020070399999999877
0.268099,0.27222138,1,1,223,-0.0007990589204242434,i2-i31-0398,-0.039549181954170766,"void at::native::<unnamed>::max_pool_forward_nchw<float>(int, const T1 *, long, long, long, int, int, int, int, int, int, int, int, int, int, T1 *, long *)",0.2688311076233184,backbone,True,-0.06749094993293271,scene-0398,0.005953620292671854,0.005056000000000005
1.5799219999999996,1.65699798,49,49,223,0.008997284091632739,i2-i31-0398,0.20922290839487212,"void at::native::vectorized_elementwise_kernel<(int)4, at::native::<unnamed>::launch_clamp_scalar(at::TensorIteratorBase &, c10::Scalar, c10::Scalar, at::native::detail::ClampLimits)::[lambda() (instance 1)]::operator ()() const::[lambda() (instance 7)]::operator ()() const::[lambda(float) (instance 1)], std::array<char *, (unsigned long)2>>(int, T2, T3)",1.5893738251121077,backbone,True,0.12709032766668582,scene-0398,0.03559973817534715,-0.018412440000000307
2.253018999999999,2.3573297799999997,16,16,223,0.004586827405041626,i2-i31-0398,0.08375122748500925,"void at::native::vectorized_elementwise_kernel<(int)4, at::native::CUDAFunctor_add<float>, std::array<char *, (unsigned long)3>>(int, T2, T3)",2.267071668161435,backbone,True,0.06714621039985684,scene-0398,0.03435095071310789,0.0832055399999998
0.015521,0.01661888,9,9,223,0.00028988642425017784,i2-i31-0398,0.3398991446264373,"void cask__5x_cudnn::computeOffsetsKernel<(bool)0, (bool)0>(cask__5x_cudnn::ComputeOffsetsParams)",0.015492811659192826,backbone,True,0.29433985298659116,scene-0398,0.000495252502023891,7.359999999999832e-05
2.996452,3.09955722,53,53,223,0.012210986097677923,i2-i31-0398,0.29606818729134865,"void cudnn::bn_fw_inf_1C11_kernel_NCHW<float, float, (bool)1, (int)1>(T2, T2, cudnnTensorStruct, const T1 *, cudnnTensorStruct, T1 *, cudnnTensorStruct, const T2 *, const T2 *, const T2 *, const T2 *, T2)",3.005207242152466,backbone,True,0.2035942367938847,scene-0398,0.030160124246282956,-0.01605542000000071
0.4251880000000001,0.46098298000000004,32,32,223,0.003579546662170673,i2-i31-0398,0.1716867802951957,"void cudnn::engines_precompiled::nchwToNhwcKernel<float, float, float, (bool)0, (bool)1, (cudnnKernelDataType_t)2>(cudnn::engines_precompiled::nchw2nhwc_params_t<T3>, const T1 *, T2 *)",0.42702288789237663,backbone,True,0.18546919809401202,scene-0398,0.009705191374477614,0.0008977200000001018
0.045536999999999994,0.04963662,9,9,223,0.0008381717278272279,i2-i31-0398,0.3486304712599607,"void cudnn::engines_precompiled::nhwcToNchwKernel<float, float, float, (bool)1, (bool)0, (cudnnKernelDataType_t)0>(cudnn::engines_precompiled::nhwc2nchw_params_t<T3>, const T1 *, T2 *)",0.04546502690582959,backbone,True,0.3555862343959911,scene-0398,0.001185320886788571,0.0006336600000000081
0.15337800000000001,0.16712776,2,2,223,0.0021914088034099668,i2-i31-0398,0.3344554438103186,void cutlass::Kernel2<cutlass_80_tensorop_s1688gemm_128x128_16x4_nn_align4>(T1::Params),0.15397349775784752,backbone,True,0.3077964878854935,scene-0398,0.0035802026659001777,0.0022649599999999825
0.48067800000000005,0.52042008,6,6,223,0.009865062826680432,i2-i31-0398,0.2868151241632357,void cutlass::Kernel2<cutlass_80_tensorop_s1688gemm_128x128_16x5_nn_align4>(T1::Params),0.482629331838565,backbone,True,0.23685636181096476,scene-0398,0.02094414669148107,0.0013694599999999335
0.148802,0.16053895999999998,1,1,223,0.0047194361884513964,i2-i31-0398,0.2052559555881278,void cutlass::Kernel2<cutlass_80_tensorop_s1688gemm_128x128_32x3_nn_align1>(T1::Params),0.15032408968609867,backbone,True,0.13436845786362264,scene-0398,0.017662031507432403,-0.001973760000000019
0.214946,0.27009388,1,1,223,0.0012221701728734836,i2-i31-0398,0.14682607897127592,void cutlass::Kernel2<cutlass_80_tensorop_s1688gemm_128x64_16x6_nn_align4>(T1::Params),0.21858421076233187,backbone,True,0.048736758175192046,scene-0398,0.012610227227942111,-0.04209102000000006
0.320739,0.35342032,2,2,223,0.00043341375931326114,i2-i31-0398,0.0775415432093543,void cutlass::Kernel2<cutlass_80_tensorop_s1688gemm_256x64_16x4_nn_align4>(T1::Params),0.32238977578475336,backbone,True,0.028831566037177556,scene-0398,0.0075593130618902635,0.002055460000000009
0.139105,0.15081096,1,1,223,0.002025774549604853,i2-i31-0398,0.3031606044720377,void cutlass::Kernel2<cutlass_80_tensorop_s1688gemm_64x128_32x3_nn_align4>(T1::Params),0.13963681165919284,backbone,True,0.32062959484410647,scene-0398,0.0031771328432316447,0.003353180000000011
0.266627,0.28450156,3,3,223,0.002807093849560967,i2-i31-0398,0.22470480055873843,void cutlass::Kernel2<cutlass_80_tensorop_s1688gemm_64x128_32x4_nn_align1>(T1::Params),0.2675416098654708,backbone,True,0.26067585388968323,scene-0398,0.005415069032208159,-0.003640959999999971
0.6480710000000001,0.6842070400000001,8,8,223,0.007989942408561575,i2-i31-0398,0.36905136942470185,void cutlass::Kernel2<cutlass_80_tensorop_s1688gemm_64x64_16x6_nn_align4>(T1::Params),0.6478052869955157,backbone,True,0.366330250894379,scene-0398,0.010967780118774128,0.00662976000000004
0.868681,0.93859596,5,5,223,0.014891529479667749,i2-i31-0398,0.2664768396841675,void cutlass__5x_cudnn::Kernel<cutlass_tensorop_s1688fprop_optimized_tf32_128x64_32x3_nhwc_align4>(T1::Params),0.8677165829596414,backbone,True,0.3092971925251842,scene-0398,0.024210914680555265,0.01125248000000001
0.519846,0.56695876,3,3,223,0.012034654982121341,i2-i31-0398,0.29321843872147607,void cutlass__5x_cudnn::Kernel<cutlass_tensorop_s1688fprop_optimized_tf32_64x64_32x5_nhwc_align4>(T1::Params),0.5226541704035874,backbone,True,0.2067068431922716,scene-0398,0.029277005832684062,0.009525119999999831
0.200514,0.20601402,12,12,223,0.0011924815284795533,i2-i31-0398,0.0739466423087627,ampere_sgemm_32x128_tn,0.19809991479820627,bbox_head,True,0.0935510323642825,scene-0398,0.006409895447466298,-0.003613519999999981
0.08028900000000001,0.08250922000000001,12,12,223,0.0004388008324664588,i2-i31-0398,0.09589598382846971,ampere_sgemm_32x32_sliced1x4_tn,0.07940084753363229,bbox_head,True,0.08901074061503873,scene-0398,0.0024789792858400327,-0.0008151600000000231
0.001792,0.001952,1,1,223,5.178510218362323e-06,i2-i31-0398,0.09488124412922767,"void at::native::<unnamed>::CatArrayBatchedCopy_aligned16_contig<at::native::<unnamed>::OpaqueType<(unsigned int)4>, unsigned int, (int)2, (int)128, (int)1>(T1 *, at::native::<unnamed>::CatArrInputTensorMetadata<T1, T2, T4, T5>, at::native::<unnamed>::TensorSizeStride<T2, (unsigned int)4>, int, T2)",0.00177252466367713,bbox_head,True,0.04104597571986575,scene-0398,6.344276804894314e-05,-2.495999999999987e-05
0.006688,0.006912000000000001,2,2,223,5.296080225688265e-07,i2-i31-0398,-0.033637331983917884,"void at::native::<unnamed>::CatArrayBatchedCopy_aligned16_contig<at::native::<unnamed>::OpaqueType<(unsigned int)4>, unsigned int, (int)3, (int)128, (int)1>(T1 *, at::native::<unnamed>::CatArrInputTensorMetadata<T1, T2, T4, T5>, at::native::<unnamed>::TensorSizeStride<T2, (unsigned int)4>, int, T2)",0.006660672645739911,bbox_head,True,0.001953382499140319,scene-0398,0.00013633743918488916,-4.992000000000017e-05
0.003232,0.0033280000000000002,2,2,223,2.3368812037726368e-05,i2-i31-0398,0.09705551588590715,"void at::native::elementwise_kernel<(int)128, (int)2, void at::native::gpu_kernel_impl_nocast<at::native::<unnamed>::launch_clamp_scalar(at::TensorIteratorBase &, c10::Scalar, c10::Scalar, at::native::detail::ClampLimits)::[lambda() (instance 1)]::operator ()() const::[lambda() (instance 7)]::operator ()() const::[lambda(float) (instance 1)]>(at::TensorIteratorBase &, const T1 &)::[lambda(int) (instance 1)]>(int, T3)",0.003190403587443946,bbox_head,True,0.11315487931325108,scene-0398,0.00010385112829486641,-4.992000000000017e-05
0.008095999999999999,0.008256,6,6,223,4.8721868967028836e-05,i2-i31-0398,0.07198713746564715,"void at::native::elementwise_kernel<(int)128, (int)2, void at::native::gpu_kernel_impl_nocast<at::native::AUnaryFunctor<float, float, float, at::native::binary_internal::MulFunctor<float>>>(at::TensorIteratorBase &, const T1 &)::[lambda(int) (instance 1)]>(int, T3)",0.00798490134529148,bbox_head,True,0.09355148698731343,scene-0398,0.0002618913257449209,-0.00010666000000000148
0.001664,0.001824,1,1,223,1.0224277874666716e-06,i2-i31-0398,0.07010916290421156,"void at::native::elementwise_kernel<(int)128, (int)2, void at::native::gpu_kernel_impl_nocast<at::native::BinaryFunctor<float, float, float, at::native::binary_internal::DivFunctor<float>>>(at::TensorIteratorBase &, const T1 &)::[lambda(int) (instance 1)]>(int, T3)",0.0016775112107623319,bbox_head,True,0.0052503922504346994,scene-0398,9.792391395183387e-05,7.040000000000041e-06
0.0054719999999999994,0.00562496,4,4,223,2.9235851588270902e-05,i2-i31-0398,0.06925980935170047,"void at::native::elementwise_kernel<(int)128, (int)2, void at::native::gpu_kernel_impl_nocast<at::native::CUDAFunctor_add<float>>(at::TensorIteratorBase &, const T1 &)::[lambda(int) (instance 1)]>(int, T3)",0.005407031390134529,bbox_head,True,0.08421206610284258,scene-0398,0.0001745779122488084,-4.992000000000017e-05
0.006625000000000001,0.006784000000000001,5,5,223,3.550413790968384e-05,i2-i31-0398,0.06358546465350465,"void at::native::elementwise_kernel<(int)128, (int)2, void at::native::gpu_kernel_impl_nocast<at::native::direct_copy_kernel_cuda(at::TensorIteratorBase &)::[lambda() (instance 3)]::operator ()() const::[lambda() (instance 7)]::operator ()() const::[lambda(float) (instance 1)]>(at::TensorIteratorBase &, const T1 &)::[lambda(int) (instance 1)]>(int, T3)",0.006562668161434977,bbox_head,True,0.082273408245196,scene-0398,0.00021700380691362387,-0.00017088000000000172
0.003648,0.00371278,1,1,223,2.1877779881844817e-05,i2-i31-0398,0.0861612485106563,"void at::native::index_elementwise_kernel<(int)128, (int)4, void at::native::gpu_index_kernel<void at::native::index_kernel_impl<at::native::OpaqueType<(int)4>>(at::TensorIteratorBase &, c10::ArrayRef<long>, c10::ArrayRef<long>)::[lambda(char *, const char *, long) (instance 1)]>(at::TensorIteratorBase &, c10::ArrayRef<long>, c10::ArrayRef<long>, const T1 &)::[lambda(int) (instance 1)]>(long, T3)",0.0035895067264573987,bbox_head,True,0.09397959573648611,scene-0398,0.00011706243284441996,-8.192000000000008e-05
0.00112,0.001152,1,1,223,7.827222290347001e-06,i2-i31-0398,0.06353484836311901,"void at::native::mbtopk::computeBlockwiseKthCounts<unsigned int>(T1 *, short *, unsigned int, unsigned int, unsigned int *)",0.00110495067264574,bbox_head,True,0.10274041069507392,scene-0398,3.8310184188437815e-05,-2.495999999999987e-05
0.006112,0.006304,4,4,223,3.562481968287912e-05,i2-i31-0398,0.07333768189256658,"void at::native::mbtopk::computeBlockwiseWithinKCounts<unsigned int>(T1 *, short *, unsigned int, int, bool, unsigned int *, unsigned int)",0.006056246636771301,bbox_head,True,0.0858173742548618,scene-0398,0.0002087494414479526,-0.0001744999999999993
0.0008,0.000832,1,1,223,8.164191279213047e-06,i2-i31-0398,0.10894559817334826,"void at::native::mbtopk::fill<unsigned int, unsigned int>(T1 *, T1, T2)",0.0007949775784753363,bbox_head,True,0.13429941159295064,scene-0398,3.056940114743662e-05,-3.199999999999991e-05
0.003872,0.004,1,1,223,-4.348208222326434e-07,i2-i31-0398,-0.023472991960107607,"void at::native::mbtopk::gatherTopK<float, unsigned int, (int)1>(at::cuda::detail::TensorInfo<const T1, T2>, T2, T2, bool, unsigned int, T2, at::cuda::detail::TensorInfo<T1, T2>, T2, at::cuda::detail::TensorInfo<long, T2>, T2, unsigned int, unsigned int, T1 *, unsigned int *, unsigned int *, unsigned int)",0.0038057443946188344,bbox_head,True,-0.0014937515249805224,scene-0398,0.00014637935895702437,-0.00011392
0.016384,0.01675414,4,4,223,0.0001073986122687143,i2-i31-0398,0.06577338568232617,"void at::native::mbtopk::radixFindKthValues<float, unsigned int, unsigned int, (int)1>(at::cuda::detail::TensorInfo<const T1, T2>, unsigned int, unsigned int *, unsigned int, T2, int, int, unsigned int, T3, unsigned int *, T3 *, short *, T1 *)",0.01616717937219731,bbox_head,True,0.10122749323212356,scene-0398,0.0005335167479020526,-0.00038783999999999694
0.013696,0.01397696,1,1,223,9.058098995478085e-05,i2-i31-0398,0.07379612152516687,"void at::native::radixSortKVInPlace<(int)-2, (int)-1, (int)32, (int)32, float, long, unsigned int>(at::cuda::detail::TensorInfo<T5, T7>, T7, T7, T7, at::cuda::detail::TensorInfo<T6, T7>, T7, bool)",0.01349727802690583,bbox_head,True,0.10062843906259801,scene-0398,0.0004526517423263546,-0.0002769799999999996
0.04127999999999999,0.041792779999999995,30,30,223,0.0002708825540960917,i2-i31-0398,0.08547972154162578,"void at::native::vectorized_elementwise_kernel<(int)4, at::native::<unnamed>::launch_clamp_scalar(at::TensorIteratorBase &, c10::Scalar, c10::Scalar, at::native::detail::ClampLimits)::[lambda() (instance 1)]::operator ()() const::[lambda() (instance 7)]::operator ()() const::[lambda(float) (instance 1)], std::array<char *, (unsigned long)2>>(int, T2, T3)",0.040658206278026895,bbox_head,True,0.10394974575770834,scene-0398,0.00131040479575962,-0.0004393999999999995
0.001408,0.001472,1,1,223,6.911422431633375e-06,i2-i31-0398,0.03211717143340923,"void at::native::vectorized_elementwise_kernel<(int)4, at::native::BUnaryFunctor<long, long, long, at::native::binary_internal::div_floor_kernel_cuda(at::TensorIteratorBase &)::[lambda() (instance 1)]::operator ()() const::[lambda() (instance 4)]::operator ()() const::[lambda(long, long) (instance 1)]>, std::array<char *, (unsigned long)2>>(int, T2, T3)",0.0014017130044843048,bbox_head,True,0.06415928116723747,scene-0398,5.416962365429092e-05,-5.696e-05
0.001344,0.00144,1,1,223,1.2845451758974838e-05,i2-i31-0398,0.07814241198956703,"void at::native::vectorized_elementwise_kernel<(int)4, at::native::BUnaryFunctor<long, long, long, at::native::remainder_kernel_cuda(at::TensorIteratorBase &)::[lambda() (instance 1)]::operator ()() const::[lambda() (instance 4)]::operator ()() const::[lambda(long, long) (instance 1)]>, std::array<char *, (unsigned long)2>>(int, T2, T3)",0.0013427399103139014,bbox_head,True,0.12618583035423206,scene-0398,5.11901806551574e-05,0.0
0.006912000000000001,0.00704,6,6,223,4.351954067052059e-05,i2-i31-0398,0.08119028307494393,"void at::native::vectorized_elementwise_kernel<(int)4, at::native::BinaryFunctor<float, float, float, at::native::binary_internal::DivFunctor<float>>, std::array<char *, (unsigned long)3>>(int, T2, T3)",0.006820811659192826,bbox_head,True,0.09756894139363204,scene-0398,0.0002242955098491782,-0.00010666000000000148
0.006208,0.006336,6,6,223,4.189562311151066e-05,i2-i31-0398,0.1080739715891764,"void at::native::vectorized_elementwise_kernel<(int)4, at::native::CUDAFunctorOnOther_add<float>, std::array<char *, (unsigned long)2>>(int, T2, T3)",0.006135318385650224,bbox_head,True,0.10296381296098026,scene-0398,0.00020461237984256432,-0.00011392000000000086
0.006368,0.006520960000000001,6,6,223,4.283193047856013e-05,i2-i31-0398,0.0852849350870765,"void at::native::vectorized_elementwise_kernel<(int)4, at::native::CUDAFunctor_add<float>, std::array<char *, (unsigned long)3>>(int, T2, T3)",0.006287291479820628,bbox_head,True,0.10279045357250914,scene-0398,0.00020953797191985393,-0.00011369999999999957
0.006624,0.006752779999999999,6,6,223,3.948665797022256e-05,i2-i31-0398,0.0808252027083005,"void at::native::vectorized_elementwise_kernel<(int)4, at::native::log_kernel_cuda(at::TensorIteratorBase &)::[lambda() (instance 2)]::operator ()() const::[lambda() (instance 2)]::operator ()() const::[lambda(float) (instance 1)], std::array<char *, (unsigned long)2>>(int, T2, T3)",0.006547986547085201,bbox_head,True,0.09293569940959183,scene-0398,0.00021365628656238713,-0.00017791999999999981
0.008352,0.008512,7,7,223,5.232256280650032e-05,i2-i31-0398,0.09347063373161879,"void at::native::vectorized_elementwise_kernel<(int)4, at::native::sigmoid_kernel_cuda(at::TensorIteratorBase &)::[lambda() (instance 2)]::operator ()() const::[lambda() (instance 2)]::operator ()() const::[lambda(float) (instance 1)], std::array<char *, (unsigned long)2>>(int, T2, T3)",0.008248089686098655,bbox_head,True,0.09923961266047213,scene-0398,0.0002651256932324914,-0.00013888000000000095
0.0016,0.00163278,2,2,223,1.0200391429999168e-05,i2-i31-0398,0.053196771253628504,"void at_cuda_detail::cub::DeviceScanByKeyInitKernel<at_cuda_detail::cub::ReduceByKeyScanTileState<unsigned int, int, (bool)1>, at_cuda_detail::cub::TransformInputIterator<unsigned int, at::native::mbtopk::BlockIdxToKey, at_cuda_detail::cub::CountingInputIterator<unsigned int, unsigned int>, long>>(T1, T2, std::iterator_traits<T2>::value_type *, unsigned int, int)",0.0015810717488789236,bbox_head,True,0.0902247654556107,scene-0398,5.6851109608850806e-05,-3.200000000000013e-05
0.004288,0.004384,2,2,223,2.8324332845773182e-05,i2-i31-0398,0.07185442208865223,"void at_cuda_detail::cub::DeviceScanByKeyKernel<at_cuda_detail::cub::DeviceScanByKeyPolicy<at_cuda_detail::cub::TransformInputIterator<unsigned int, at::native::mbtopk::BlockIdxToKey, at_cuda_detail::cub::CountingInputIterator<unsigned int, unsigned int>, long>, unsigned int, unsigned int, cuda::std::__4::plus<void>>::Policy900, at_cuda_detail::cub::TransformInputIterator<unsigned int, at::native::mbtopk::BlockIdxToKey, at_cuda_detail::cub::CountingInputIterator<unsigned int, unsigned int>, long>, unsigned int *, unsigned int *, at_cuda_detail::cub::ReduceByKeyScanTileState<unsigned int, int, (bool)1>, cuda::std::__4::equal_to<void>, cuda::std::__4::plus<void>, at_cuda_detail::cub::NullType, int, unsigned int, unsigned int>(T2, T11 *, T3, T4, T5, int, T6, T7, T8, T9)",0.00424285201793722,bbox_head,True,0.09917166017588237,scene-0398,0.00014362167099479111,-5.696e-05
0.010208,0.010464,6,6,223,6.474015512730904e-05,i2-i31-0398,0.06935420762846646,"void cublasLt::splitKreduce_kernel<(int)32, (int)16, int, float, float, float, (bool)0, float, float, float, (bool)1, (bool)1, (bool)0>(cublasLt::cublasSplitKParams<T6>, const T4 *, const T9 *, T8 *, T5 *, const T6 *, const T6 *, const T10 *, const T4 *, T10 *, void *, long, T6 *, int *, T6 *, const T6 *, const T6 *, const T6 *, const T6 *)",0.010087278026905828,bbox_head,True,0.0970311083784327,scene-0398,0.00033551397398158257,-7.039999999999824e-06
0.020225,0.0359328,1,1,223,-0.0005013200258224545,i2-i31-0398,-0.12024859588437085,"void at::native::elementwise_kernel<(int)128, (int)2, void at::native::gpu_kernel_impl_nocast<at::native::BinaryFunctor<float, float, float, at::native::binary_internal::DivFunctor<float>>>(at::TensorIteratorBase &, const T1 &)::[lambda(int) (instance 1)]>(int, T3)",0.020668022421524664,data_preprocessor,True,-0.08728639818349948,scene-0398,0.002888127421701054,-0.0012351999999999988
0.014561,0.02201814,1,1,223,-0.00027624401532722384,i2-i31-0398,-0.13400979953345168,"void at::native::elementwise_kernel<(int)128, (int)2, void at::native::gpu_kernel_impl_nocast<at::native::CUDAFunctor_add<float>>(at::TensorIteratorBase &, const T1 &)::[lambda(int) (instance 1)]>(int, T3)",0.014885753363228699,data_preprocessor,True,-0.10359619181147116,scene-0398,0.001340901747043427,-0.0006250600000000002
0.023136,0.02485696,1,1,223,0.0005281501344107428,i2-i31-0398,0.37638842162619573,"void at::native::index_elementwise_kernel<(int)128, (int)4, void at::native::gpu_index_kernel<void at::native::index_kernel_impl<at::native::OpaqueType<(int)1>>(at::TensorIteratorBase &, c10::ArrayRef<long>, c10::ArrayRef<long>)::[lambda(char *, const char *, long) (instance 1)]>(at::TensorIteratorBase &, c10::ArrayRef<long>, c10::ArrayRef<long>, const T1 &)::[lambda(int) (instance 1)]>(long, T3)",0.023082905829596413,data_preprocessor,True,0.3189411557545612,scene-0398,0.0008327117649634938,0.0015263999999999972
0.014112,0.0176,1,1,223,0.0006597949767246933,i2-i31-0398,0.2816184123574976,"void at::native::unrolled_elementwise_kernel<at::native::direct_copy_kernel_cuda(at::TensorIteratorBase &)::[lambda() (instance 3)]::operator ()() const::[lambda() (instance 7)]::operator ()() const::[lambda(float) (instance 1)], std::array<char *, (unsigned long)2>, (int)4, TrivialOffsetCalculator<(int)1, unsigned int>, TrivialOffsetCalculator<(int)1, unsigned int>, at::native::memory::LoadWithCast<(int)1>, at::native::memory::StoreWithCast<(int)1>>(int, T1, T2, T4, T5, T6, T7)",0.01453118385650224,data_preprocessor,True,0.2456735427212401,scene-0398,0.001350512119210341,0.0019194999999999993
0.8850990000000001,0.9137785400000001,6,6,223,0.006670320828940148,i2-i31-0398,0.16437668380771886,ampere_sgemm_128x128_nn,0.880809058295964,decoder,True,0.14192269347784986,scene-0398,0.0236343002184797,-0.011950080000000085
0.319749,0.34091038000000007,6,6,223,0.003461650791476148,i2-i31-0398,0.1750835351670776,ampere_sgemm_128x128_tn,0.3192797533632287,decoder,True,0.15599740784891822,scene-0398,0.011158703607666272,-0.0005246600000000101
1.837145,1.9011958199999999,18,18,223,0.017891657924039354,i2-i31-0398,0.19898594653336094,ampere_sgemm_128x64_tn,1.8351832466367715,decoder,True,0.2492751897225698,scene-0398,0.03609270238000522,0.0016034800000004346
0.886794,0.9278230399999999,54,54,223,0.006283185495859388,i2-i31-0398,0.14213152169450208,ampere_sgemm_32x128_tn,0.8840142600896861,decoder,True,0.1286354512597914,scene-0398,0.024562189442522826,-0.008100679999999638
0.087266,0.0896837,12,12,223,0.0006100492870336602,i2-i31-0398,0.16171052238033323,ampere_sgemm_32x32_sliced1x4_tn,0.08682303587443946,decoder,True,0.14440755104485328,scene-0398,0.0021243344425549214,-0.0004698399999999714
0.491238,0.50302936,6,6,223,0.0032079872418367705,i2-i31-0398,0.1928112302539018,ampere_sgemm_64x64_tn,0.49103966816143496,decoder,True,0.24903278900193793,scene-0398,0.0064777468178427245,-0.0003215000000000301
0.0056,0.00581696,6,6,223,5.410927848942317e-05,i2-i31-0398,0.19196433101804342,"void <unnamed>::elementwise_kernel_with_index<int, at::native::arange_cuda_out(const c10::Scalar &, const c10::Scalar &, const c10::Scalar &, at::Tensor &)::[lambda() (instance 1)]::operator ()() const::[lambda() (instance 7)]::operator ()() const::[lambda(long) (instance 1)]>(T1, T2, function_traits<T2>::result_type *)",0.005559591928251121,decoder,True,0.15450687951646513,scene-0398,0.00017610504235772317,-1.0880000000000438e-05
0.645576,0.6880656599999999,6,6,223,0.002125950643934595,i2-i31-0398,0.16429027972338286,"void <unnamed>::softmax_warp_forward<float, float, float, (int)10, (bool)0, (bool)0>(T2 *, const T1 *, int, int, int, const bool *, int, bool)",0.6521684215246637,decoder,True,0.06464225995703443,scene-0398,0.016538058200738573,0.03623301999999995
0.010752000000000001,0.011136,6,6,223,9.684399505284356e-05,i2-i31-0398,0.17050443861460268,"void <unnamed>::softmax_warp_forward<float, float, float, (int)4, (bool)0, (bool)0>(T2 *, const T1 *, int, int, int, const bool *, int, bool)",0.010693399103139014,decoder,True,0.14413277723730097,scene-0398,0.00033787636367351966,-9.280000000000052e-05
0.046561,0.04768,14,14,223,0.00026566453619070965,i2-i31-0398,0.14745294481180474,"void at::native::<unnamed>::CatArrayBatchedCopy_aligned16_contig<at::native::<unnamed>::OpaqueType<(unsigned int)4>, unsigned int, (int)3, (int)128, (int)1>(T1 *, at::native::<unnamed>::CatArrInputTensorMetadata<T1, T2, T4, T5>, at::native::<unnamed>::TensorSizeStride<T2, (unsigned int)4>, int, T2)",0.04642113004484305,decoder,True,0.14122029427726174,scene-0398,0.0009459851989017878,-0.00010075999999999835
0.111972,0.1160431,24,24,223,0.0009012695462517924,i2-i31-0398,0.1648716841386816,"void at::native::<unnamed>::CatArrayBatchedCopy_aligned16_contig<at::native::<unnamed>::OpaqueType<(unsigned int)4>, unsigned int, (int)4, (int)128, (int)1>(T1 *, at::native::<unnamed>::CatArrInputTensorMetadata<T1, T2, T4, T5>, at::native::<unnamed>::TensorSizeStride<T2, (unsigned int)4>, int, T2)",0.11155165022421526,decoder,True,0.14177040902664007,scene-0398,0.0031968110951548783,-0.0003763200000000272
0.113729,0.11755194000000002,24,24,223,0.0007257142295051223,i2-i31-0398,0.1647742476171549,"void at::native::<unnamed>::vectorized_layer_norm_kernel<float, float>(int, T2, const T1 *, const T1 *, const T1 *, T2 *, T2 *, T1 *)",0.11342486995515698,decoder,True,0.14154049646955763,scene-0398,0.0025782961116967507,-0.0010554399999999908
0.03523199999999999,0.036511999999999996,24,24,223,0.0003271635169846188,i2-i31-0398,0.1770697516053771,"void at::native::elementwise_kernel<(int)128, (int)2, void at::native::gpu_kernel_impl_nocast<at::native::AUnaryFunctor<float, float, float, at::native::binary_internal::MulFunctor<float>>>(at::TensorIteratorBase &, const T1 &)::[lambda(int) (instance 1)]>(int, T3)",0.035088358744394615,decoder,True,0.15368455602573147,scene-0398,0.0010704897443820363,2.687999999999996e-05
0.041760000000000005,0.04323278,24,24,223,0.0003651273016209859,i2-i31-0398,0.16229456572367637,"void at::native::elementwise_kernel<(int)128, (int)2, void at::native::gpu_kernel_impl_nocast<at::native::BinaryFunctor<float, float, float, at::native::binary_internal::DivFunctor<float>>>(at::TensorIteratorBase &, const T1 &)::[lambda(int) (instance 1)]>(int, T3)",0.04159401793721973,decoder,True,0.14401254872454877,scene-0398,0.0012749461466306333,-6.320000000011039e-06
0.032544000000000003,0.033778140000000005,12,12,223,0.00031912487342343184,i2-i31-0398,0.2469740887019655,"void at::native::elementwise_kernel<(int)128, (int)2, void at::native::gpu_kernel_impl_nocast<at::native::BinaryFunctor<float, float, float, at::native::binary_internal::MulFunctor<float>>>(at::TensorIteratorBase &, const T1 &)::[lambda(int) (instance 1)]>(int, T3)",0.032390901345291476,decoder,True,0.18391429310163862,scene-0398,0.0008725554650534279,0.001320959999999996
0.007743999999999999,0.008032000000000001,6,6,223,5.188832629868339e-05,i2-i31-0398,0.14837242767906347,"void at::native::elementwise_kernel<(int)128, (int)2, void at::native::gpu_kernel_impl_nocast<at::native::BinaryFunctor<long, long, long, at::native::binary_internal::MulFunctor<long>>>(at::TensorIteratorBase &, const T1 &)::[lambda(int) (instance 1)]>(int, T3)",0.00769170403587444,decoder,True,0.12187786326017107,scene-0398,0.00021408818503191335,-3.903999999999887e-05
0.017249,0.01784918,6,6,223,0.00012871265363601102,i2-i31-0398,0.18135359460188155,"void at::native::elementwise_kernel<(int)128, (int)2, void at::native::gpu_kernel_impl_nocast<at::native::CUDAFunctor_add<float>>(at::TensorIteratorBase &, const T1 &)::[lambda(int) (instance 1)]>(int, T3)",0.017178502242152463,decoder,True,0.13328703737317785,scene-0398,0.00048560281869919683,-0.00029184000000000154
0.040100000000000004,0.04152918,24,24,223,0.0003203569492071618,i2-i31-0398,0.15371928751681757,"void at::native::elementwise_kernel<(int)128, (int)2, void at::native::gpu_kernel_impl_nocast<at::native::cos_kernel_cuda(at::TensorIteratorBase &)::[lambda() (instance 2)]::operator ()() const::[lambda() (instance 2)]::operator ()() const::[lambda(float) (instance 1)]>(at::TensorIteratorBase &, const T1 &)::[lambda(int) (instance 1)]>(int, T3)",0.039962748878923766,decoder,True,0.1329544988822564,scene-0398,0.0012116550070959632,-6.89800000000032e-05
0.016192,0.016864,6,6,223,9.929748536070186e-05,i2-i31-0398,0.11987275846534828,"void at::native::elementwise_kernel<(int)128, (int)2, void at::native::gpu_kernel_impl_nocast<at::native::direct_copy_kernel_cuda(at::TensorIteratorBase &)::[lambda() (instance 3)]::operator ()() const::[lambda() (instance 7)]::operator ()() const::[lambda(float) (instance 1)]>(at::TensorIteratorBase &, const T1 &)::[lambda(int) (instance 1)]>(int, T3)",0.016125183856502242,decoder,True,0.10173938647818148,scene-0398,0.0004907914696133351,-9.7640000000003e-05
0.039937,0.04132288,24,24,223,0.0003514633391797108,i2-i31-0398,0.16707820089746397,"void at::native::elementwise_kernel<(int)128, (int)2, void at::native::gpu_kernel_impl_nocast<at::native::sin_kernel_cuda(at::TensorIteratorBase &)::[lambda() (instance 2)]::operator ()() const::[lambda() (instance 2)]::operator ()() const::[lambda(float) (instance 1)]>(at::TensorIteratorBase &, const T1 &)::[lambda(int) (instance 1)]>(int, T3)",0.03974161883408073,decoder,True,0.1461536718424039,scene-0398,0.00120925577416785,0.00027398000000001393
0.012864,0.013375999999999999,6,6,223,0.00010659513926990341,i2-i31-0398,0.16718889545232749,"void at::native::elementwise_kernel<(int)128, (int)4, void at::native::gpu_kernel_impl<at::native::<unnamed>::pow_tensor_tensor_kernel(at::TensorIteratorBase &)::[lambda() (instance 1)]::operator ()() const::[lambda() (instance 7)]::operator ()() const::[lambda(float, float) (instance 1)]>(at::TensorIteratorBase &, const T1 &)::[lambda(int) (instance 1)]>(int, T3)",0.012811345291479821,decoder,True,0.133268153420201,scene-0398,0.000402215581557125,-0.00014335999999999863
0.105346,0.11280219999999999,6,6,223,0.0007240483022598743,i2-i31-0398,0.15033151730506078,"void at::native::reduce_kernel<(int)128, (int)4, at::native::ReduceOp<float, at::native::MeanOps<float, float, float, float>, unsigned int, float, (int)4>>(T3)",0.10506257847533633,decoder,True,0.10772935549193789,scene-0398,0.00337972487031098,-0.0013779199999999908
0.013023999999999999,0.013472000000000001,6,6,223,8.48373872800711e-05,i2-i31-0398,0.14314909612022014,"void at::native::reduce_kernel<(int)512, (int)1, at::native::ReduceOp<long, at::native::func_wrapper_t<long, at::native::sum_functor<long, long, long>::operator ()(at::TensorIterator &)::[lambda(long, long) (instance 1)]>, unsigned int, long, (int)4>>(T3)",0.01295311659192825,decoder,True,0.11742587153386329,scene-0398,0.0003633049897184239,-0.00012095999999999982
0.09446399999999999,0.09628218000000004,42,42,223,0.0007222088844426949,i2-i31-0398,0.19954329973129353,"void at::native::vectorized_elementwise_kernel<(int)4, at::native::<unnamed>::launch_clamp_scalar(at::TensorIteratorBase &, c10::Scalar, c10::Scalar, at::native::detail::ClampLimits)::[lambda() (instance 1)]::operator ()() const::[lambda() (instance 7)]::operator ()() const::[lambda(float) (instance 1)], std::array<char *, (unsigned long)2>>(int, T2, T3)",0.09409549327354261,decoder,True,0.21283187161844735,scene-0398,0.0017063732417291666,0.00043035999999993524
0.033055999999999995,0.034201739999999994,18,18,223,4.2125800356749445e-06,i2-i31-0398,0.05429955834426375,"void at::native::vectorized_elementwise_kernel<(int)4, at::native::AUnaryFunctor<float, float, float, at::native::binary_internal::MulFunctor<float>>, std::array<char *, (unsigned long)2>>(int, T2, T3)",0.03294405381165919,decoder,True,0.002963651569525286,scene-0398,0.0007147742387292232,-0.00038605999999999363
0.00656,0.006880000000000001,6,6,223,5.865533134172215e-05,i2-i31-0398,0.17135622062256317,"void at::native::vectorized_elementwise_kernel<(int)4, at::native::AUnaryFunctor<long, long, bool, at::native::<unnamed>::CompareEqFunctor<long>>, std::array<char *, (unsigned long)2>>(int, T2, T3)",0.00653209865470852,decoder,True,0.14801583148441516,scene-0398,0.0001992724190491647,-4.8359999999999896e-05
0.016224000000000002,0.01678592,12,12,223,0.00011164074514848658,i2-i31-0398,0.1688915691685236,"void at::native::vectorized_elementwise_kernel<(int)4, at::native::BUnaryFunctor<float, float, float, at::native::binary_internal::MulFunctor<float>>, std::array<char *, (unsigned long)2>>(int, T2, T3)",0.016159775784753364,decoder,True,0.15095329214709063,scene-0398,0.0003719015660623537,-0.000297100000000005
0.0069440000000000005,0.0071367800000000006,6,6,223,7.0141466060415e-05,i2-i31-0398,0.17912565002418665,"void at::native::vectorized_elementwise_kernel<(int)4, at::native::BinaryFunctor<float, float, float, at::native::binary_internal::DivFunctor<float>>, std::array<char *, (unsigned long)3>>(int, T2, T3)",0.006890399103139013,decoder,True,0.16114615923966077,scene-0398,0.00021887832154064796,-6.783999999999957e-05
0.006240000000000001,0.0064569599999999994,6,6,223,4.999745128937102e-05,i2-i31-0398,0.14422189720275477,"void at::native::vectorized_elementwise_kernel<(int)4, at::native::CUDAFunctorOnOther_add<float>, std::array<char *, (unsigned long)2>>(int, T2, T3)",0.00620290134529148,decoder,True,0.13079370195082007,scene-0398,0.00019222457239222583,-1.087999999999957e-05
0.110817,0.11348089999999998,42,42,223,0.0005346241520346796,i2-i31-0398,0.18208451154409386,"void at::native::vectorized_elementwise_kernel<(int)4, at::native::CUDAFunctor_add<float>, std::array<char *, (unsigned long)3>>(int, T2, T3)",0.11054768161434979,decoder,True,0.15219822739241357,scene-0398,0.0017663910261816178,0.00043135999999999175
0.008960000000000001,0.00924118,6,6,223,9.104710569988054e-05,i2-i31-0398,0.18024201353851768,"void at::native::vectorized_elementwise_kernel<(int)4, at::native::FillFunctor<float>, std::array<char *, (unsigned long)1>>(int, T2, T3)",0.00891062331838565,decoder,True,0.16615241896323268,scene-0398,0.00027555439721399077,6.399999999999982e-05
0.0048000000000000004,0.004992,6,6,223,4.483164962579003e-05,i2-i31-0398,0.1894770949625101,"void at::native::vectorized_elementwise_kernel<(int)4, at::native::FillFunctor<long>, std::array<char *, (unsigned long)1>>(int, T2, T3)",0.004788551569506727,decoder,True,0.15114945027862914,scene-0398,0.00014915094766081643,1.4079999999999648e-05
0.007423999999999999,0.00768,6,6,223,7.209678015421924e-05,i2-i31-0398,0.1930003474826719,"void at::native::vectorized_elementwise_kernel<(int)4, at::native::binary_internal::div_floor_kernel_cuda(at::TensorIteratorBase &)::[lambda() (instance 2)]::operator ()() const::[lambda() (instance 2)]::operator ()() const::[lambda(float) (instance 1)], std::array<char *, (unsigned long)2>>(int, T2, T3)",0.00737473542600897,decoder,True,0.15993030693018045,scene-0398,0.0002266903163069161,-2.1540000000000448e-05
0.0066879999999999995,0.006880000000000001,6,6,223,6.220594916449446e-05,i2-i31-0398,0.1748729871379741,"void at::native::vectorized_elementwise_kernel<(int)4, at::native::log_kernel_cuda(at::TensorIteratorBase &)::[lambda() (instance 2)]::operator ()() const::[lambda() (instance 2)]::operator ()() const::[lambda(float) (instance 1)], std::array<char *, (unsigned long)2>>(int, T2, T3)",0.006623923766816144,decoder,True,0.1508394709332809,scene-0398,0.00020737900685572255,-6.762000000000087e-05
0.0070090000000000005,0.00723278,6,6,223,6.880029456616934e-05,i2-i31-0398,0.16360904873074172,"void at::native::vectorized_elementwise_kernel<(int)4, at::native::sigmoid_kernel_cuda(at::TensorIteratorBase &)::[lambda() (instance 2)]::operator ()() const::[lambda() (instance 2)]::operator ()() const::[lambda(float) (instance 1)], std::array<char *, (unsigned long)2>>(int, T2, T3)",0.0069664843049327355,decoder,True,0.15737003418487883,scene-0398,0.0002198447647902557,1.4079999999999648e-05
0.010303999999999999,0.01068096,6,6,223,9.171915391448366e-05,i2-i31-0398,0.1716577087417756,"void cublasLt::splitKreduce_kernel<(int)32, (int)16, int, float, float, float, (bool)0, float, float, float, (bool)1, (bool)1, (bool)0>(cublasLt::cublasSplitKParams<T6>, const T4 *, const T9 *, T8 *, T5 *, const T6 *, const T6 *, const T10 *, const T4 *, T10 *, void *, long, T6 *, int *, T6 *, const T6 *, const T6 *, const T6 *, const T6 *)",0.010241807174887891,decoder,True,0.14724434359679525,scene-0398,0.00031323428321578206,1.8060000000002033e-05
0.172803,0.18707848000000002,6,6,223,0.00112368635113133,i2-i31-0398,0.12125379820727367,"void ms_deformable_im2col_gpu_kernel<float>(int, const T1 *, const long *, const long *, const T1 *, const T1 *, int, int, int, int, int, int, int, T1 *)",0.17256064573991028,decoder,True,0.08860481258465855,scene-0398,0.006377282622387081,-0.0019866199999999667
18.398393999999996,19.0059323,36,36,223,0.11959330473183304,i2-i31-0398,0.5180065765286401,ampere_sgemm_128x64_tn,18.41457878026906,encoder,True,0.41069971583992354,scene-0398,0.1464300916553029,1.3502339200000044
0.006624,0.007217920000000001,8,8,223,8.843755727561863e-05,i2-i31-0398,0.3552434043555485,"void <unnamed>::elementwise_kernel_with_index<int, at::native::linspace_cuda_out(const c10::Scalar &, const c10::Scalar &, long, at::Tensor &)::[lambda() (instance 2)]::operator ()() const::[lambda() (instance 2)]::operator ()() const::[lambda(long) (instance 1)]>(T1, T2, function_traits<T2>::result_type *)",0.006627677130044844,encoder,True,0.2874818160928461,scene-0398,0.00015469427035173572,2.199999999999945e-06
0.109152,0.11531171999999999,6,6,223,0.0001731850845150138,i2-i31-0398,0.0639583610284392,"void <unnamed>::softmax_warp_forward<float, float, float, (int)4, (bool)0, (bool)0>(T2 *, const T1 *, int, int, int, const bool *, int, bool)",0.10990764125560538,encoder,True,0.037368844307135336,scene-0398,0.002330497754046624,-0.0018399399999999982
0.019392,0.020305919999999998,6,6,223,1.247913135533545e-05,i2-i31-0398,-0.08212739990452202,"void at::native::<unnamed>::CatArrayBatchedCopy<at::native::<unnamed>::OpaqueType<(unsigned int)8>, unsigned int, (int)2, (int)64, (int)64>(T1 *, at::native::<unnamed>::CatArrInputTensorMetadata<T1, T2, T4, T5>, at::native::<unnamed>::TensorSizeStride<T2, (unsigned int)4>, int, T2)",0.01929448878923767,encoder,True,0.010140738433885582,scene-0398,0.0006188175826097418,-0.0002261399999999962
0.008672,0.00936896,5,5,223,8.225634929868855e-05,i2-i31-0398,0.30461943226131083,"void at::native::<unnamed>::CatArrayBatchedCopy_aligned16_contig<at::native::<unnamed>::OpaqueType<(unsigned int)4>, unsigned int, (int)3, (int)128, (int)1>(T1 *, at::native::<unnamed>::CatArrInputTensorMetadata<T1, T2, T4, T5>, at::native::<unnamed>::TensorSizeStride<T2, (unsigned int)4>, int, T2)",0.008676121076233183,encoder,True,0.21916037748146253,scene-0398,0.00018873622339699418,-0.0002246399999999999
0.8808109999999999,0.90903372,12,12,223,0.0029437637918807856,i2-i31-0398,0.2698818125079373,"void at::native::<unnamed>::vectorized_layer_norm_kernel<float, float>(int, T2, const T1 *, const T1 *, const T1 *, T2 *, T2 *, T1 *)",0.8815888834080716,encoder,True,0.18265066634495028,scene-0398,0.008104562353210628,-0.004002640000000057
0.010784,0.011769739999999999,8,8,223,0.0001582691215445071,i2-i31-0398,0.3899553328678242,"void at::native::elementwise_kernel<(int)128, (int)2, void at::native::gpu_kernel_impl_nocast<at::native::BinaryFunctor<float, float, float, at::native::binary_internal::DivFunctor<float>>>(at::TensorIteratorBase &, const T1 &)::[lambda(int) (instance 1)]>(int, T3)",0.010825008968609863,encoder,True,0.3221657244136283,scene-0398,0.0002470385491428682,3.420000000000506e-06
0.001952,0.002112,1,1,223,1.9639274905497586e-05,i2-i31-0398,0.3194942798889616,"void at::native::elementwise_kernel<(int)128, (int)2, void at::native::gpu_kernel_impl_nocast<at::native::BinaryFunctor<float, float, float, at::native::binary_internal::MulFunctor<float>>>(at::TensorIteratorBase &, const T1 &)::[lambda(int) (instance 1)]>(int, T3)",0.0019491569506726461,encoder,True,0.18567991638023515,scene-0398,5.318735422069393e-05,0.0
0.012608000000000001,0.01452096,6,6,223,-2.4553019887825983e-06,i2-i31-0398,0.05921648254400839,"void at::native::elementwise_kernel<(int)128, (int)2, void at::native::gpu_kernel_impl_nocast<at::native::BinaryFunctor<long, long, long, at::native::binary_internal::MulFunctor<long>>>(at::TensorIteratorBase &, const T1 &)::[lambda(int) (instance 1)]>(int, T3)",0.012599224215246636,encoder,True,-0.001431981003341343,scene-0398,0.0008622149097669235,-2.2180000000000116e-05
0.265859,0.28968558,6,6,223,0.0014821257326681362,i2-i31-0398,0.03631613059748666,"void at::native::elementwise_kernel<(int)128, (int)2, void at::native::gpu_kernel_impl_nocast<at::native::CUDAFunctor_add<float>>(at::TensorIteratorBase &, const T1 &)::[lambda(int) (instance 1)]>(int, T3)",0.27099974887892375,encoder,True,0.07865293740822189,scene-0398,0.00947584548848764,0.004046720000000004
0.010464,0.01138496,8,8,223,0.000133468753011108,i2-i31-0398,0.3621624536262264,"void at::native::elementwise_kernel<(int)128, (int)2, void at::native::gpu_kernel_impl_nocast<at::native::direct_copy_kernel_cuda(at::TensorIteratorBase &)::[lambda() (instance 3)]::operator ()() const::[lambda() (instance 7)]::operator ()() const::[lambda(float) (instance 1)]>(at::TensorIteratorBase &, const T1 &)::[lambda(int) (instance 1)]>(int, T3)",0.010474843049327354,encoder,True,0.2807126507606315,scene-0398,0.00023909224355261825,-0.00011776000000000147
0.48278999999999994,0.5078294999999999,6,6,223,0.0008108910691695886,i2-i31-0398,0.04235505651211173,"void at::native::elementwise_kernel<(int)128, (int)4, void at::native::gpu_kernel_impl<at::native::BinaryFunctor<float, float, float, at::native::binary_internal::DivFunctor<float>>>(at::TensorIteratorBase &, const T1 &)::[lambda(int) (instance 1)]>(int, T3)",0.4867414349775785,encoder,True,0.04396584283623653,scene-0398,0.009274595635440343,0.0023720599999999537
0.012256,0.01298176,6,6,223,0.00010814868474224692,i2-i31-0398,0.286327748855084,"void at::native::reduce_kernel<(int)512, (int)1, at::native::ReduceOp<long, at::native::func_wrapper_t<long, at::native::sum_functor<long, long, long>::operator ()(at::TensorIterator &)::[lambda(long, long) (instance 1)]>, unsigned int, long, (int)4>>(T3)",0.01225183408071749,encoder,True,0.2560914207671076,scene-0398,0.00021236066770539332,5.93799999999995e-05
0.008576,0.009312,8,8,223,0.00011684986304587398,i2-i31-0398,0.38784510640694375,"void at::native::unrolled_elementwise_kernel<at::native::BinaryFunctor<float, float, float, at::native::binary_internal::MulFunctor<float>>, std::array<char *, (unsigned long)3>, (int)4, TrivialOffsetCalculator<(int)2, unsigned int>, TrivialOffsetCalculator<(int)1, unsigned int>, at::native::memory::LoadWithCast<(int)2>, at::native::memory::StoreWithCast<(int)1>>(int, T1, T2, T4, T5, T6, T7)",0.00859603139013453,encoder,True,0.30125559459393353,scene-0398,0.0001950477552225357,-3.840000000001481e-06
0.007969,0.008704000000000002,8,8,223,0.0001069552520887756,i2-i31-0398,0.33818850445285387,"void at::native::unrolled_elementwise_kernel<at::native::CUDAFunctorOnSelf_add<float>, std::array<char *, (unsigned long)2>, (int)4, TrivialOffsetCalculator<(int)1, unsigned int>, TrivialOffsetCalculator<(int)1, unsigned int>, at::native::memory::LoadWithCast<(int)1>, at::native::memory::StoreWithCast<(int)1>>(int, T1, T2, T4, T5, T6, T7)",0.008002103139013452,encoder,True,0.28226941578863723,scene-0398,0.00019054000001179894,-4.992000000000017e-05
4.478961,4.61851942,6,6,223,-0.0003670192374403583,i2-i31-0398,0.015527024185866831,"void at::native::vectorized_elementwise_kernel<(int)4, at::native::<unnamed>::launch_clamp_scalar(at::TensorIteratorBase &, c10::Scalar, c10::Scalar, at::native::detail::ClampLimits)::[lambda() (instance 1)]::operator ()() const::[lambda() (instance 7)]::operator ()() const::[lambda(float) (instance 1)], std::array<char *, (unsigned long)2>>(int, T2, T3)",4.509318816143498,encoder,True,-0.003770336234797799,scene-0398,0.04895044184950902,0.003892820000000796
0.006304000000000001,0.006648960000000001,6,6,223,5.9411532743580056e-05,i2-i31-0398,0.2739147423562921,"void at::native::vectorized_elementwise_kernel<(int)4, at::native::AUnaryFunctor<long, long, bool, at::native::<unnamed>::CompareEqFunctor<long>>, std::array<char *, (unsigned long)2>>(int, T2, T3)",0.006307511210762332,encoder,True,0.2625107373430448,scene-0398,0.00011380767590127565,-6.016000000000094e-05
1.9773339999999997,2.03381452,18,18,223,0.0013415300833629984,i2-i31-0398,-0.044640484651619454,"void at::native::vectorized_elementwise_kernel<(int)4, at::native::CUDAFunctor_add<float>, std::array<char *, (unsigned long)3>>(int, T2, T3)",1.9850942421524662,encoder,True,0.03570928788854499,scene-0398,0.01889152842370131,-0.037081679999999784
0.116097,0.12686976,6,6,223,0.00025545557228161785,i2-i31-0398,-0.008004493512928548,"void at::native::vectorized_elementwise_kernel<(int)4, at::native::FillFunctor<float>, std::array<char *, (unsigned long)1>>(int, T2, T3)",0.11775236322869956,encoder,True,0.0356913479191993,scene-0398,0.00359915292823191,0.004085279999999983
3.1632360000000004,3.21037976,6,6,223,0.0043147927460389516,i2-i31-0398,0.22913408630254845,"void ms_deformable_im2col_gpu_kernel<float>(int, const T1 *, const long *, const long *, const T1 *, const T1 *, int, int, int, int, int, int, int, T1 *)",3.1635458206278027,encoder,True,0.10991714122816584,scene-0398,0.01973978349421085,-0.015537079999999648
0.005888,0.0062727799999999995,4,4,223,4.824535033035213e-05,i2-i31-0398,0.32320248457226736,"void at::native::<unnamed>::ComputeFusedParamsCUDAKernel<float>(long, long, long, const T1 *, const T1 *, const T1 *, const T1 *, at::AccumulateType<T1, (bool)1>::type *, at::AccumulateType<T1, (bool)1>::type *)",0.0058986771300448436,neck,True,0.2000058383054348,scene-0398,0.00012129996087532456,1.0239999999999902e-05
0.05459300000000001,0.05900096,4,4,223,0.0006196240695728522,i2-i31-0398,0.34704922179087844,"void at::native::<unnamed>::RowwiseMomentsCUDAKernel<float>(long, T1, const T1 *, T1 *, T1 *)",0.05475351121076233,neck,True,0.28473496776477264,scene-0398,0.0010942973414017696,-0.00027840000000000503
0.026752,0.03013838,4,4,223,0.000400629058130404,i2-i31-0398,0.3751430300433097,"void at::native::elementwise_kernel<(int)128, (int)2, void at::native::gpu_kernel_impl_nocast<void at::native::<unnamed>::GroupNormKernelImplInternal<float>(const at::Tensor &, const at::Tensor &, const at::Tensor &, long, long, long, long, T1, at::Tensor &, at::Tensor &, at::Tensor &)::[lambda(float, float, float) (instance 2)]>(at::TensorIteratorBase &, const T1 &)::[lambda(int) (instance 1)]>(int, T3)",0.026885784753363232,neck,True,0.3024101568449477,scene-0398,0.000666183607880587,-5.184000000000438e-05
0.003904,0.004288,1,1,223,4.640998384061812e-05,i2-i31-0398,0.37234155591227497,"void cublasLt::splitKreduce_kernel<(int)32, (int)16, int, float, float, float, (bool)0, float, float, float, (bool)1, (bool)0, (bool)0>(cublasLt::cublasSplitKParams<T6>, const T4 *, const T9 *, T8 *, T5 *, const T6 *, const T6 *, const T10 *, const T4 *, T10 *, void *, long, T6 *, int *, T6 *, const T6 *, const T6 *, const T6 *, const T6 *)",0.003931883408071749,neck,True,0.2886949437762286,scene-0398,8.083884673687693e-05,-9.380000000000022e-05
0.08310500000000001,0.10088698,2,2,223,-0.00027704945837742567,i2-i31-0398,-0.10550470179553613,"void cudnn::engines_precompiled::nchwToNhwcKernel<float, float, float, (bool)0, (bool)1, (cudnnKernelDataType_t)2>(cudnn::engines_precompiled::nchw2nhwc_params_t<T3>, const T1 *, T2 *)",0.08376436771300448,neck,True,-0.04288620654797664,scene-0398,0.003248534939772339,0.0014028799999999952
0.001632,0.001792,1,1,223,2.0224764088143988e-05,i2-i31-0398,0.31017258666349995,"void cudnn::engines_precompiled::nhwcToNchwKernel<float, float, float, (bool)1, (bool)0, (cudnnKernelDataType_t)0>(cudnn::engines_precompiled::nhwc2nchw_params_t<T3>, const T1 *, T2 *)",0.0016344618834080716,neck,True,0.24474015139777125,scene-0398,4.155527012758477e-05,0.0
0.151906,0.16357192,1,1,223,0.0016566019541724277,i2-i31-0398,0.36004020109895135,void cutlass::Kernel2<cutlass_80_tensorop_s1688gemm_128x128_32x3_nn_align1>(T1::Params),0.1524594260089686,neck,True,0.31581583723944845,scene-0398,0.0026377409043736736,-9.599999999998499e-05
0.039488,0.04258496,1,1,223,0.0004160989682637429,i2-i31-0398,0.35522532753044694,void cutlass::Kernel2<cutlass_80_tensorop_s1688gemm_256x64_16x4_nn_align4>(T1::Params),0.039623878923766814,neck,True,0.27021822824957603,scene-0398,0.0007743367413005724,-0.00017920000000000436
0.089281,0.0976618,1,1,223,0.0009204164296651832,i2-i31-0398,0.27350422044354794,void cutlass::Kernel2<cutlass_80_tensorop_s1688gemm_64x64_16x6_nn_align4>(T1::Params),0.08950830941704035,neck,True,0.19885400565521288,scene-0398,0.0023275439389341644,-0.002370559999999994
0.226435,0.2473411,1,1,223,0.0030060392153641036,i2-i31-0398,0.3442449442416015,void cutlass__5x_cudnn::Kernel<cutlass_tensorop_s1688fprop_optimized_tf32_64x64_32x5_nhwc_align4>(T1::Params),0.22702567713004487,neck,True,0.2851651608190422,scene-0398,0.005300856477354659,-0.0005161200000000088
0.010079999999999999,0.010560000000000002,12,12,223,9.930076320554993e-05,i2-i31-0398,0.2652555398444519,"void <unnamed>::elementwise_kernel_with_index<int, at::native::arange_cuda_out(const c10::Scalar &, const c10::Scalar &, const c10::Scalar &, at::Tensor &)::[lambda() (instance 1)]::operator ()() const::[lambda() (instance 7)]::operator ()() const::[lambda(long) (instance 1)]>(T1, T2, function_traits<T2>::result_type *)",0.010072076233183855,positional_encoding,True,0.23177939792054275,scene-0398,0.00021543964543526578,-0.00013119999999999972
0.029472,0.04828544,4,4,223,-0.00016997942783745406,i2-i31-0398,-0.09266993344216923,"void at::native::<unnamed>::CatArrayBatchedCopy_aligned16_contig<at::native::<unnamed>::OpaqueType<(unsigned int)4>, unsigned int, (int)4, (int)128, (int)1>(T1 *, at::native::<unnamed>::CatArrInputTensorMetadata<T1, T2, T4, T5>, at::native::<unnamed>::TensorSizeStride<T2, (unsigned int)4>, int, T2)",0.03013160089686099,positional_encoding,True,-0.024505960036244074,scene-0398,0.0034879681594125007,1.4520000000000505e-05
0.04073700000000001,0.04549902000000001,16,16,223,0.0005820074090621709,i2-i31-0398,0.3756040961718284,"void at::native::elementwise_kernel<(int)128, (int)2, void at::native::gpu_kernel_impl_nocast<at::native::BinaryFunctor<float, float, float, at::native::binary_internal::DivFunctor<float>>>(at::TensorIteratorBase &, const T1 &)::[lambda(int) (instance 1)]>(int, T3)",0.0409552869955157,positional_encoding,True,0.29239271572511794,scene-0398,0.0010009441229981418,-8.284000000000763e-05
0.00448,0.0048569600000000004,4,4,223,4.274262220841119e-05,i2-i31-0398,0.32283953075150856,"void at::native::elementwise_kernel<(int)128, (int)2, void at::native::gpu_kernel_impl_nocast<at::native::CUDAFunctorOnSelf_add<float>>(at::TensorIteratorBase &, const T1 &)::[lambda(int) (instance 1)]>(int, T3)",0.004503439461883408,positional_encoding,True,0.244246163754719,scene-0398,8.799971801665557e-05,-3.200000000000078e-05
0.025217000000000003,0.03009174,8,8,223,0.000190583865824237,i2-i31-0398,0.08245914726998962,"void at::native::elementwise_kernel<(int)128, (int)2, void at::native::gpu_kernel_impl_nocast<at::native::cos_kernel_cuda(at::TensorIteratorBase &)::[lambda() (instance 2)]::operator ()() const::[lambda() (instance 2)]::operator ()() const::[lambda(float) (instance 1)]>(at::TensorIteratorBase &, const T1 &)::[lambda(int) (instance 1)]>(int, T3)",0.025446125560538116,positional_encoding,True,0.09353826378867748,scene-0398,0.0010245772232861244,0.00013801999999999912
0.071138,0.08576911999999999,24,24,223,0.00018388867823078926,i2-i31-0398,-0.010875570606881765,"void at::native::elementwise_kernel<(int)128, (int)2, void at::native::gpu_kernel_impl_nocast<at::native::direct_copy_kernel_cuda(at::TensorIteratorBase &)::[lambda() (instance 3)]::operator ()() const::[lambda() (instance 7)]::operator ()() const::[lambda(float) (instance 1)]>(at::TensorIteratorBase &, const T1 &)::[lambda(int) (instance 1)]>(int, T3)",0.07174752914798205,positional_encoding,True,0.032422636618827654,scene-0398,0.002852032905332015,-0.0008297999999999917
0.023808000000000003,0.031132799999999995,8,8,223,0.0002518811568612984,i2-i31-0398,0.05311877710149153,"void at::native::elementwise_kernel<(int)128, (int)2, void at::native::gpu_kernel_impl_nocast<at::native::sin_kernel_cuda(at::TensorIteratorBase &)::[lambda() (instance 2)]::operator ()() const::[lambda() (instance 2)]::operator ()() const::[lambda(float) (instance 1)]>(at::TensorIteratorBase &, const T1 &)::[lambda(int) (instance 1)]>(int, T3)",0.02417128251121076,positional_encoding,True,0.0850673438354052,scene-0398,0.0014889519280199184,-4.1099999999998776e-05
0.0072640000000000005,0.00789696,4,4,223,9.914429348937396e-05,i2-i31-0398,0.3976764927247595,"void at::native::elementwise_kernel<(int)128, (int)4, void at::native::gpu_kernel_impl<at::native::<unnamed>::pow_tensor_tensor_kernel(at::TensorIteratorBase &)::[lambda() (instance 1)]::operator ()() const::[lambda() (instance 7)]::operator ()() const::[lambda(float, float) (instance 1)]>(at::TensorIteratorBase &, const T1 &)::[lambda(int) (instance 1)]>(int, T3)",0.007281008968609866,positional_encoding,True,0.3254411686892201,scene-0398,0.00015319447445898889,7.039999999999824e-06
0.001696,0.001824,2,2,223,2.2582873078489545e-05,i2-i31-0398,0.3362566305144822,"void at::native::unrolled_elementwise_kernel<at::native::CUDAFunctorOnSelf_add<float>, std::array<char *, (unsigned long)2>, (int)4, TrivialOffsetCalculator<(int)1, unsigned int>, TrivialOffsetCalculator<(int)1, unsigned int>, at::native::memory::LoadWithoutCast, at::native::memory::StoreWithoutCast>(int, T1, T2, T4, T5, T6, T7)",0.001690286995515695,positional_encoding,True,0.27018575773644415,scene-0398,4.2030505272769245e-05,6.040000000000125e-06
0.000864,0.000928,1,1,223,1.1949179334263131e-05,i2-i31-0398,0.28735160186286507,"void at::native::vectorized_elementwise_kernel<(int)2, at::native::CUDAFunctorOnSelf_add<float>, std::array<char *, (unsigned long)2>>(int, T2, T3)",0.0008568430493273542,positional_encoding,True,0.2469689503778652,scene-0398,2.4330083126896485e-05,0.0
0.011392,0.012281180000000001,12,12,223,0.00012166905748777798,i2-i31-0398,0.35937939722183593,"void at::native::vectorized_elementwise_kernel<(int)4, at::native::AUnaryFunctor<float, float, float, at::native::binary_internal::MulFunctor<float>>, std::array<char *, (unsigned long)2>>(int, T2, T3)",0.011393596412556052,positional_encoding,True,0.28493807109677094,scene-0398,0.00021472248934631055,-1.7140000000000558e-05
0.0033919999999999996,0.003712,4,4,223,4.1679039335783374e-05,i2-i31-0398,0.3659455067452497,"void at::native::vectorized_elementwise_kernel<(int)4, at::native::BUnaryFunctor<float, float, float, at::native::binary_internal::MulFunctor<float>>, std::array<char *, (unsigned long)2>>(int, T2, T3)",0.0033987623318385654,positional_encoding,True,0.28632485756621673,scene-0398,7.319923066772823e-05,-2.4960000000000086e-05
0.009311999999999999,0.009920000000000002,9,9,223,6.517404019180748e-05,i2-i31-0398,0.1653352281293964,"void at::native::vectorized_elementwise_kernel<(int)4, at::native::CUDAFunctorOnSelf_add<float>, std::array<char *, (unsigned long)2>>(int, T2, T3)",0.009350125560538113,positional_encoding,True,0.164568118903529,scene-0398,0.0001991483941418054,-0.00015680000000000034
0.0029760000000000003,0.003232,4,4,223,2.5003899272339968e-05,i2-i31-0398,0.26266626348590383,"void at::native::vectorized_elementwise_kernel<(int)4, at::native::FillFunctor<long>, std::array<char *, (unsigned long)1>>(int, T2, T3)",0.0029873677130044843,positional_encoding,True,0.19249023430190984,scene-0398,6.532011026539652e-05,-2.4960000000000086e-05
0.004352,0.004736000000000001,4,4,223,5.570306606769609e-05,i2-i31-0398,0.3739802485712119,"void at::native::vectorized_elementwise_kernel<(int)4, at::native::binary_internal::div_floor_kernel_cuda(at::TensorIteratorBase &)::[lambda() (instance 2)]::operator ()() const::[lambda() (instance 2)]::operator ()() const::[lambda(float) (instance 1)], std::array<char *, (unsigned long)2>>(int, T2, T3)",0.004371412556053812,positional_encoding,True,0.3155515239754243,scene-0398,8.876805178234698e-05,7.039999999999824e-06
0.528102,0.54505176,3,3,223,0.00026718418049297745,i2-i31-0398,0.0732092958246486,ampere_sgemm_128x64_tn,0.5288698565022423,unresolved,True,0.018026304446104504,scene-0398,0.007453356747434036,-0.0008831999999999729
0.130977,0.140993,2,2,223,0.00046119443955982967,i2-i31-0398,0.07337636643759327,ampere_sgemm_32x128_tn,0.13203982062780267,unresolved,True,0.057219362658494054,scene-0398,0.004053114905130784,-0.0016503400000000001
0.002048,0.002272,1,1,223,2.0468531188805725e-05,i2-i31-0398,0.17420139130581247,reduction_prod_kernel,0.0020477399103139013,unresolved,True,0.1399440606584953,scene-0398,7.354955971670465e-05,-1.4080000000000082e-05
0.006752000000000001,0.0072640000000000005,8,8,223,5.976506847676591e-05,i2-i31-0398,0.11619985005193373,"void <unnamed>::elementwise_kernel_with_index<int, at::native::linspace_cuda_out(const c10::Scalar &, const c10::Scalar &, long, at::Tensor &)::[lambda() (instance 2)]::operator ()() const::[lambda() (instance 2)]::operator ()() const::[lambda(long) (instance 1)]>(T1, T2, function_traits<T2>::result_type *)",0.006809031390134529,unresolved,True,0.1195618043756555,scene-0398,0.00025136385629665993,8.767999999999884e-05
0.123746,0.15113479999999999,5,5,223,-0.0003783463837564121,i2-i31-0398,-0.015350021242704676,"void at::native::<unnamed>::CatArrayBatchedCopy<at::native::<unnamed>::OpaqueType<(unsigned int)4>, unsigned int, (int)3, (int)64, (int)64>(T1 *, at::native::<unnamed>::CatArrInputTensorMetadata<T1, T2, T4, T5>, at::native::<unnamed>::TensorSizeStride<T2, (unsigned int)4>, int, T2)",0.12420984304932736,unresolved,True,-0.04337181319305192,scene-0398,0.004386618626615092,-0.0005192600000000214
0.085441,0.09579876,2,2,223,0.00020834479431407514,i2-i31-0398,-0.04459824255808,"void at::native::<unnamed>::CatArrayBatchedCopy_aligned16_contig<at::native::<unnamed>::OpaqueType<(unsigned int)4>, unsigned int, (int)3, (int)128, (int)1>(T1 *, at::native::<unnamed>::CatArrInputTensorMetadata<T1, T2, T4, T5>, at::native::<unnamed>::TensorSizeStride<T2, (unsigned int)4>, int, T2)",0.08595857399103139,unresolved,True,0.03300464887932597,scene-0398,0.0031743543607722865,0.0001401599999999864
0.007808,0.00852992,4,4,223,5.3454062356509686e-05,i2-i31-0398,0.10918397772479248,"void at::native::<unnamed>::CatArrayBatchedCopy_aligned16_contig<at::native::<unnamed>::OpaqueType<(unsigned int)4>, unsigned int, (int)4, (int)128, (int)1>(T1 *, at::native::<unnamed>::CatArrInputTensorMetadata<T1, T2, T4, T5>, at::native::<unnamed>::TensorSizeStride<T2, (unsigned int)4>, int, T2)",0.00786793273542601,unresolved,True,0.08843536823167251,scene-0398,0.00030395031449523946,0.00014477999999999887
0.0035840000000000004,0.00421718,2,2,223,1.8887665832800706e-05,i2-i31-0398,0.012999940895170528,"void at::native::<unnamed>::CatArrayBatchedCopy_aligned16_contig<at::native::<unnamed>::OpaqueType<(unsigned int)8>, unsigned int, (int)1, (int)128, (int)1>(T1 *, at::native::<unnamed>::CatArrInputTensorMetadata<T1, T2, T4, T5>, at::native::<unnamed>::TensorSizeStride<T2, (unsigned int)4>, int, T2)",0.0036270896860986545,unresolved,True,0.041071949290506185,scene-0398,0.00023124952266369858,1.0880000000000004e-05
0.086529,0.0906154,1,1,223,-6.064690936848147e-06,i2-i31-0398,0.061160006761208516,"void at::native::<unnamed>::vectorized_layer_norm_kernel<float, float>(int, T2, const T1 *, const T1 *, const T1 *, T2 *, T2 *, T1 *)",0.08673750224215247,unresolved,True,-0.002613593748754553,scene-0398,0.0011668592157442004,0.0006419200000000042
0.0048000000000000004,0.005216,2,2,223,3.205220403518177e-05,i2-i31-0398,0.0885272896271935,"void at::native::_scatter_gather_elementwise_kernel<(int)128, (int)4, void at::native::_cuda_scatter_gather_internal_kernel<(bool)0, at::native::OpaqueType<(int)4>>::operator ()<at::native::TensorAssign>(at::TensorIterator &, long, long, long, const T1 &)::[lambda(int) (instance 1)]>(int, T3)",0.004814677130044843,unresolved,True,0.08015011943623174,scene-0398,0.0002010951490804579,0.0002015999999999997
0.02768,0.03197262,2,2,223,0.00023230750803900896,i2-i31-0398,0.04348988817294276,"void at::native::elementwise_kernel<(int)128, (int)2, void at::native::gpu_kernel_impl_nocast<at::native::<unnamed>::masked_fill_kernel(at::TensorIterator &, const c10::Scalar &)::[lambda() (instance 1)]::operator ()() const::[lambda() (instance 7)]::operator ()() const::[lambda(float, bool) (instance 1)]>(at::TensorIteratorBase &, const T1 &)::[lambda(int) (instance 1)]>(int, T3)",0.02793177578475337,unresolved,True,0.05996258293473627,scene-0398,0.001948187639775072,0.00018459999999999657
0.030785000000000003,0.03437206,4,4,223,0.0013155162500007457,i2-i31-0398,0.2802407875790902,"void at::native::elementwise_kernel<(int)128, (int)2, void at::native::gpu_kernel_impl_nocast<at::native::CUDAFunctor_add<float>>(at::TensorIteratorBase &, const T1 &)::[lambda(int) (instance 1)]>(int, T3)",0.031078811659192823,unresolved,True,0.2113993766449343,scene-0398,0.003129250889661457,0.0009420799999999944
0.003104,0.00337814,2,2,223,1.641298097578761e-05,i2-i31-0398,0.1067726019398588,"void at::native::elementwise_kernel<(int)128, (int)2, void at::native::gpu_kernel_impl_nocast<at::native::direct_copy_kernel_cuda(at::TensorIteratorBase &)::[lambda() (instance 3)]::operator ()() const::[lambda() (instance 4)]::operator ()() const::[lambda(long) (instance 1)]>(at::TensorIteratorBase &, const T1 &)::[lambda(int) (instance 1)]>(int, T3)",0.003131865470852018,unresolved,True,0.06674544925400262,scene-0398,0.0001236555675685392,3.135999999999981e-05
0.009472000000000001,0.010272,4,4,223,8.406436157469994e-05,i2-i31-0398,0.08960897742760339,"void at::native::elementwise_kernel<(int)128, (int)4, void at::native::gpu_kernel_impl<at::native::BinaryFunctor<float, float, float, at::native::binary_internal::DivFunctor<float>>>(at::TensorIteratorBase &, const T1 &)::[lambda(int) (instance 1)]>(int, T3)",0.009591349775784753,unresolved,True,0.11695462993929846,scene-0398,0.000361445123370713,0.00011199999999999752
0.005056,0.005432960000000001,4,4,223,4.373829053512062e-05,i2-i31-0398,0.12531740178011586,"void at::native::index_elementwise_kernel<(int)128, (int)4, void at::native::flip_kernel_impl<at::native::OpaqueType<(int)8>>(at::TensorIterator &)::[lambda(int) (instance 1)]>(long, T3)",0.005095372197309416,unresolved,True,0.12469580431317967,scene-0398,0.00017638345035418993,2.5599999999986744e-06
0.001024,0.00112,1,1,223,7.90678749844628e-06,i2-i31-0398,0.09359097210804,"void at::native::mbtopk::computeBlockwiseKthCounts<unsigned int>(T1 *, short *, unsigned int, unsigned int, unsigned int *)",0.0010409461883408074,unresolved,True,0.09648962329307835,scene-0398,4.1206651595288215e-05,2.1119999999999906e-05
0.005568,0.005976960000000001,4,4,223,3.288532429271468e-05,i2-i31-0398,0.08535891621496376,"void at::native::mbtopk::computeBlockwiseWithinKCounts<unsigned int>(T1 *, short *, unsigned int, int, bool, unsigned int *, unsigned int)",0.005606986547085201,unresolved,True,0.07736113250263502,scene-0398,0.0002137603637079657,8.599999999999233e-06
0.000768,0.000832,1,1,223,2.3194850907353803e-06,i2-i31-0398,0.07522195479069449,"void at::native::mbtopk::fill<unsigned int, unsigned int>(T1 *, T1, T2)",0.0007754708520179372,unresolved,True,0.036543901004743154,scene-0398,3.1917182668560846e-05,1.4079999999999974e-05
0.003712,0.00402496,1,1,223,1.776193631630304e-05,i2-i31-0398,0.09980563433295926,"void at::native::mbtopk::gatherTopK<float, unsigned int, (int)1>(at::cuda::detail::TensorInfo<const T1, T2>, T2, T2, bool, unsigned int, T2, at::cuda::detail::TensorInfo<T1, T2>, T2, at::cuda::detail::TensorInfo<long, T2>, T2, unsigned int, unsigned int, T1 *, unsigned int *, unsigned int *, unsigned int)",0.003739031390134529,unresolved,True,0.06195122087224411,scene-0398,0.00014417445181883078,-0.00010048000000000045
0.011488000000000002,0.012352,4,4,223,6.983868822177364e-05,i2-i31-0398,0.09417419074078606,"void at::native::mbtopk::radixFindKthValues<float, unsigned int, unsigned int, (int)1>(at::cuda::detail::TensorInfo<const T1, T2>, unsigned int, unsigned int *, unsigned int, T2, int, int, unsigned int, T3, unsigned int *, T3 *, short *, T1 *)",0.011601363228699552,unresolved,True,0.07911806752974003,scene-0398,0.0004438827541761975,2.624000000000029e-05
0.0136,0.014592,1,1,223,6.465716544631042e-05,i2-i31-0398,0.10492047771236172,"void at::native::radixSortKVInPlace<(int)-2, (int)-1, (int)32, (int)32, float, long, unsigned int>(at::cuda::detail::TensorInfo<T5, T7>, T7, T7, T7, at::cuda::detail::TensorInfo<T6, T7>, T7, bool)",0.013684372197309416,unresolved,True,0.06204188575231643,scene-0398,0.0005240582247271198,0.0001966999999999993
0.023104,0.02445888,1,1,223,8.733666945817715e-05,i2-i31-0398,0.012694538610284238,"void at::native::reduce_kernel<(int)512, (int)1, at::native::ReduceOp<float, at::native::MaxOps<float>, unsigned int, float, (int)4>>(T3)",0.023066829596412552,unresolved,True,0.09080639962741362,scene-0398,0.00048364648879069527,-0.00065138
0.002785,0.00304,1,1,223,1.6031849166953865e-05,i2-i31-0398,0.11381192905121568,"void at::native::reduce_kernel<(int)512, (int)1, at::native::ReduceOp<long, at::native::func_wrapper_t<long, at::native::sum_functor<long, long, long>::operator ()(at::TensorIterator &)::[lambda(long, long) (instance 1)]>, unsigned int, long, (int)4>>(T3)",0.002806421524663677,unresolved,True,0.06828999523185776,scene-0398,0.00011805228712875541,7.103999999999965e-05
0.003424,0.003712,4,4,223,2.4478654306742266e-05,i2-i31-0398,0.08566344911201863,"void at::native::unrolled_elementwise_kernel<at::native::BinaryFunctor<long, long, long, at::native::binary_internal::MulFunctor<long>>, std::array<char *, (unsigned long)3>, (int)4, TrivialOffsetCalculator<(int)2, unsigned int>, TrivialOffsetCalculator<(int)1, unsigned int>, at::native::memory::LoadWithoutCast, at::native::memory::StoreWithoutCast>(int, T1, T2, T4, T5, T6, T7)",0.0034528834080717486,unresolved,True,0.09423686746727226,scene-0398,0.00013062147016896787,-1.8560000000000364e-05
0.0034879999999999998,0.003776,4,4,223,3.160472268278163e-05,i2-i31-0398,0.1112383542297827,"void at::native::unrolled_elementwise_kernel<at::native::CUDAFunctorOnSelf_add<long>, std::array<char *, (unsigned long)2>, (int)4, TrivialOffsetCalculator<(int)1, unsigned int>, TrivialOffsetCalculator<(int)1, unsigned int>, at::native::memory::LoadWithoutCast, at::native::memory::StoreWithoutCast>(int, T1, T2, T4, T5, T6, T7)",0.0035299506726457403,unresolved,True,0.12099777765450222,scene-0398,0.00013134769620268887,7.039999999999954e-05
0.002176,0.002432,1,1,223,1.6923861678833707e-05,i2-i31-0398,0.07504758972611672,"void at::native::unrolled_elementwise_kernel<at::native::direct_copy_kernel_cuda(at::TensorIteratorBase &)::[lambda() (instance 3)]::operator ()() const::[lambda() (instance 4)]::operator ()() const::[lambda(long) (instance 1)], std::array<char *, (unsigned long)2>, (int)4, TrivialOffsetCalculator<(int)1, unsigned int>, TrivialOffsetCalculator<(int)1, unsigned int>, at::native::memory::LoadWithCast<(int)1>, at::native::memory::StoreWithCast<(int)1>>(int, T1, T2, T4, T5, T6, T7)",0.0022062959641255602,unresolved,True,0.09366351674388115,scene-0398,9.086086703636285e-05,-2.1760000000000442e-05
0.001792,0.0019520000000000002,2,2,223,1.6444554033792897e-05,i2-i31-0398,0.09738679114346567,"void at::native::vectorized_elementwise_kernel<(int)2, at::native::CUDAFunctorOnSelf_add<long>, std::array<char *, (unsigned long)2>>(int, T2, T3)",0.0018219955156950675,unresolved,True,0.11597754288601851,scene-0398,7.130107312809795e-05,3.519999999999977e-05
0.14333,0.1720948,2,2,223,0.0011551174478732064,i2-i31-0398,0.02924898468368946,"void at::native::vectorized_elementwise_kernel<(int)4, at::native::<unnamed>::launch_clamp_scalar(at::TensorIteratorBase &, c10::Scalar, c10::Scalar, at::native::detail::ClampLimits)::[lambda() (instance 1)]::operator ()() const::[lambda() (instance 7)]::operator ()() const::[lambda(float) (instance 1)], std::array<char *, (unsigned long)2>>(int, T2, T3)",0.1445570941704036,unresolved,True,0.11486543074159629,scene-0398,0.005056903521357292,-0.0012281599999999782
0.007872,0.00848078,8,8,223,7.147743476270096e-05,i2-i31-0398,0.10142887962732657,"void at::native::vectorized_elementwise_kernel<(int)4, at::native::AUnaryFunctor<float, float, float, at::native::binary_internal::MulFunctor<float>>, std::array<char *, (unsigned long)2>>(int, T2, T3)",0.00795060538116592,unresolved,True,0.12344846150044468,scene-0398,0.00029115962115902063,5.887999999999987e-05
0.00128,0.00140096,1,1,223,1.3743432375022782e-05,i2-i31-0398,0.13811432723895647,"void at::native::vectorized_elementwise_kernel<(int)4, at::native::AUnaryFunctor<long, long, bool, at::native::<unnamed>::CompareEqFunctor<long>>, std::array<char *, (unsigned long)2>>(int, T2, T3)",0.0012879013452914796,unresolved,True,0.13611530963139612,scene-0398,5.077338333801769e-05,2.1119999999999906e-05
0.001504,0.001632,1,1,223,1.1756464304730208e-05,i2-i31-0398,0.129249864388785,"void at::native::vectorized_elementwise_kernel<(int)4, at::native::BinaryFunctor<bool, bool, bool, at::native::BitwiseAndFunctor<bool>>, std::array<char *, (unsigned long)3>>(int, T2, T3)",0.001518367713004484,unresolved,True,0.0981017881216843,scene-0398,6.026257372225848e-05,3.199999999999861e-06
0.001472,0.001568,1,1,223,1.0937229815352989e-05,i2-i31-0398,0.09152744185700953,"void at::native::vectorized_elementwise_kernel<(int)4, at::native::BinaryFunctor<float, float, float, at::native::binary_internal::DivFunctor<float>>, std::array<char *, (unsigned long)3>>(int, T2, T3)",0.0014747309417040358,unresolved,True,0.0955600946276596,scene-0398,5.7554413968649065e-05,-3.84000000000018e-06
0.001216,0.001344,1,1,223,8.387621828160357e-06,i2-i31-0398,0.07295530529245936,"void at::native::vectorized_elementwise_kernel<(int)4, at::native::CUDAFunctorOnOther_add<float>, std::array<char *, (unsigned long)2>>(int, T2, T3)",0.0012188878923766813,unresolved,True,0.08405242814945477,scene-0398,5.0180668982229744e-05,-1.0880000000000004e-05
0.004,0.00431318,4,4,223,3.8694649642212074e-05,i2-i31-0398,0.1279656592637629,"void at::native::vectorized_elementwise_kernel<(int)4, at::native::CUDAFunctorOnSelf_add<float>, std::array<char *, (unsigned long)2>>(int, T2, T3)",0.004027457399103139,unresolved,True,0.13050337004914897,scene-0398,0.00014909980022560746,3.83999999999992e-05
0.002752,0.0029760000000000003,3,3,223,2.9089978718200717e-05,i2-i31-0398,0.12359009423805208,"void at::native::vectorized_elementwise_kernel<(int)4, at::native::CUDAFunctorOnSelf_add<long>, std::array<char *, (unsigned long)2>>(int, T2, T3)",0.002764668161434978,unresolved,True,0.13631756598717348,scene-0398,0.00010730981599846393,4.9279999999999637e-05
0.002144,0.00254592,1,1,223,2.7250671968947003e-05,i2-i31-0398,0.06266424443590242,"void at::native::vectorized_elementwise_kernel<(int)4, at::native::CUDAFunctor_add<float>, std::array<char *, (unsigned long)3>>(int, T2, T3)",0.002140286995515695,unresolved,True,0.08422152766111221,scene-0398,0.00016270540150350576,-0.00027008000000000023
0.00288,0.003104,3,3,223,2.781732429226772e-05,i2-i31-0398,0.10924489629930095,"void at::native::vectorized_elementwise_kernel<(int)4, at::native::CUDAFunctor_add<long>, std::array<char *, (unsigned long)3>>(int, T2, T3)",0.002905134529147982,unresolved,True,0.12896336304328274,scene-0398,0.00010846681135943068,1.7279999999999726e-05
0.004224,0.00448078,5,5,223,4.450901554606402e-05,i2-i31-0398,0.17259236286316093,"void at::native::vectorized_elementwise_kernel<(int)4, at::native::FillFunctor<float>, std::array<char *, (unsigned long)1>>(int, T2, T3)",0.004245278026905829,unresolved,True,0.16380962316152892,scene-0398,0.00013663326519716468,-2.5600000000000622e-05
0.000896,0.001056,1,1,223,-1.0189805141012528e-05,i2-i31-0398,-0.1245837640485731,"void at::native::vectorized_elementwise_kernel<(int)4, at::native::FillFunctor<long>, std::array<char *, (unsigned long)1>>(int, T2, T3)",0.0008935739910313902,unresolved,True,-0.04428552755607893,scene-0398,0.00011570494656606703,-2.4960000000000086e-05
0.0025599999999999998,0.00277696,2,2,223,1.8642214768776675e-05,i2-i31-0398,0.0914778578931532,"void at::native::vectorized_elementwise_kernel<(int)4, at::native::bitwise_not_kernel_cuda(at::TensorIteratorBase &)::[lambda(bool) (instance 1)], std::array<char *, (unsigned long)2>>(int, T2, T3)",0.0025969147982062785,unresolved,True,0.09685151281300415,scene-0398,9.679188948821697e-05,1.7279999999999726e-05
0.001344,0.00144,1,1,223,9.87907833673106e-06,i2-i31-0398,0.10912752764104883,"void at::native::vectorized_elementwise_kernel<(int)4, at::native::log_kernel_cuda(at::TensorIteratorBase &)::[lambda() (instance 2)]::operator ()() const::[lambda() (instance 2)]::operator ()() const::[lambda(float) (instance 1)], std::array<char *, (unsigned long)2>>(int, T2, T3)",0.0013432869955156952,unresolved,True,0.09985996270363602,scene-0398,4.974768770284954e-05,-1.0880000000000004e-05
0.002208,0.0024000000000000002,2,2,223,1.0404333343102806e-05,i2-i31-0398,0.0780920322958351,"void at::native::vectorized_elementwise_kernel<(int)4, at::native::sigmoid_kernel_cuda(at::TensorIteratorBase &)::[lambda() (instance 2)]::operator ()() const::[lambda() (instance 2)]::operator ()() const::[lambda(float) (instance 1)], std::array<char *, (unsigned long)2>>(int, T2, T3)",0.0022411793721973093,unresolved,True,0.05959278704860581,scene-0398,8.779472657258883e-05,1.0239999999999902e-05
0.002848,0.00304,2,2,223,1.0842319801975838e-05,i2-i31-0398,0.05012172756670746,"void at::native::vectorized_elementwise_kernel<(int)4, void at::native::compare_scalar_kernel<float>(at::TensorIteratorBase &, at::native::<unnamed>::OpType, T1)::[lambda(float) (instance 1)], std::array<char *, (unsigned long)2>>(int, T2, T3)",0.00286352466367713,unresolved,True,0.05550164552805715,scene-0398,9.823454166664797e-05,0.00012031999999999972
0.001536,0.001632,2,2,223,1.3225767486715543e-05,i2-i31-0398,0.13538933738967682,"void at_cuda_detail::cub::DeviceScanByKeyInitKernel<at_cuda_detail::cub::ReduceByKeyScanTileState<unsigned int, int, (bool)1>, at_cuda_detail::cub::TransformInputIterator<unsigned int, at::native::mbtopk::BlockIdxToKey, at_cuda_detail::cub::CountingInputIterator<unsigned int, unsigned int>, long>>(T1, T2, std::iterator_traits<T2>::value_type *, unsigned int, int)",0.0015341479820627805,unresolved,True,0.1094267346943941,scene-0398,6.077784720746998e-05,-3.84000000000018e-06
0.0041600000000000005,0.0045049600000000006,2,2,223,2.9687901334265212e-05,i2-i31-0398,0.09619685179699185,"void at_cuda_detail::cub::DeviceScanByKeyKernel<at_cuda_detail::cub::DeviceScanByKeyPolicy<at_cuda_detail::cub::TransformInputIterator<unsigned int, at::native::mbtopk::BlockIdxToKey, at_cuda_detail::cub::CountingInputIterator<unsigned int, unsigned int>, long>, unsigned int, unsigned int, cuda::std::__4::plus<void>>::Policy900, at_cuda_detail::cub::TransformInputIterator<unsigned int, at::native::mbtopk::BlockIdxToKey, at_cuda_detail::cub::CountingInputIterator<unsigned int, unsigned int>, long>, unsigned int *, unsigned int *, at_cuda_detail::cub::ReduceByKeyScanTileState<unsigned int, int, (bool)1>, cuda::std::__4::equal_to<void>, cuda::std::__4::plus<void>, at_cuda_detail::cub::NullType, int, unsigned int, unsigned int>(T2, T11 *, T3, T4, T5, int, T6, T7, T8, T9)",0.004182269058295963,unresolved,True,0.09215198936435541,scene-0398,0.00016200284912102145,0.0001343999999999998
0.000768,0.000832,1,1,223,1.2062610589939538e-05,i2-i31-0398,0.27452934396138085,"void at_cuda_detail::cub::DeviceScanInitKernel<at_cuda_detail::cub::ScanTileState<long, (bool)1>>(T1, int)",0.0007582556053811659,unresolved,True,0.27072764443612857,scene-0398,2.240559972580461e-05,-2.4960000000000086e-05
0.001248,0.001344,1,1,223,1.133830293367959e-05,i2-i31-0398,0.18378148046345058,"void at_cuda_detail::cub::DeviceScanKernel<at_cuda_detail::cub::DeviceScanPolicy<long, std::plus<long>>::Policy900, const long *, long *, at_cuda_detail::cub::ScanTileState<long, (bool)1>, std::plus<long>, at_cuda_detail::cub::NullType, int, long>(T2, T3, T4, int, T5, T6, T7)",0.0012484394618834077,unresolved,True,0.16286441787463257,scene-0398,3.500819460350005e-05,1.4079999999999865e-05
0.8312105,0.8703217499999999,3,3,226,0.010891686462901727,i2-i31-0184,0.38488445648204345,_5x_cudnn_ampere_scudnn_128x128_relu_small_nn_v1,0.8337721681415928,backbone,True,0.30871952878113496,scene-0184,0.014203783400009424,0.02531300000000003
0.8233695,0.86380125,5,5,226,0.0180976799302,i2-i31-0184,0.45009642650036297,_5x_cudnn_ampere_scudnn_128x32_relu_small_nn_v1,0.8238712964601769,backbone,True,0.4211542268696285,scene-0184,0.017300344531217787,0.029536250000000153
0.34443599999999996,0.353428,1,1,226,0.0026321394015096666,i2-i31-0184,0.35600892682683943,_5x_cudnn_ampere_scudnn_128x64_relu_medium_nn_v1,0.34439414159292037,backbone,True,0.2558951077277517,scene-0184,0.00414114002914818,0.0050480000000000524
0.5471895,0.5764705,4,4,226,0.010244693053320538,i2-i31-0184,0.5081717429034281,ampere_sgemm_128x64_nn,0.5484132831858407,backbone,True,0.4331138878994289,scene-0184,0.009522913813737717,0.013967249999999987
0.47150900000000007,0.511366,3,3,226,0.014627612617478504,i2-i31-0184,0.48609639382258973,sm86_xmma_fprop_implicit_gemm_indexed_tf32f32_tf32f32_f32_nhwckrsc_nchw_tilesize128x64x32_stage4_warpsize2x2x1_g1_tensor16x8x8_alignc4_execute_kernel__5x_cudnn,0.47481498672566375,backbone,True,0.4112882420891881,scene-0184,0.01431858721138061,0.02562400000000009
0.224931,0.24577100000000002,1,1,226,0.007660910002889019,i2-i31-0184,0.5231701445804497,sm86_xmma_fprop_implicit_gemm_tf32f32_tf32f32_f32_nhwckrsc_nchw_tilesize128x128x16_stage3_warpsize2x2x1_g1_tensor16x8x8_alignc4_execute_kernel__5x_cudnn,0.22579150442477877,backbone,True,0.46214240794561934,scene-0184,0.0066738670419950845,0.012167999999999984
0.544678,0.59587075,3,3,226,0.018266849181522393,i2-i31-0184,0.5208789585472644,sm86_xmma_fprop_implicit_gemm_tf32f32_tf32f32_f32_nhwckrsc_nchw_tilesize128x128x32_stage3_warpsize2x2x1_g1_tensor16x8x8_alignc4_execute_kernel__5x_cudnn,0.5471242345132743,backbone,True,0.4566881902036648,scene-0184,0.01610337382291058,0.029223999999999917
0.176626,0.19177,1,1,226,0.0050617194566737155,i2-i31-0184,0.5156308614028535,sm86_xmma_fprop_implicit_gemm_tf32f32_tf32f32_f32_nhwckrsc_nhwc_tilesize128x128x16_stage3_warpsize2x2x1_g1_tensor16x8x8_execute_kernel__5x_cudnn,0.17775451769911502,backbone,True,0.44063948966652955,scene-0184,0.004624743685042621,0.009808000000000011
0.268563,0.326756,1,1,226,-0.000937883140829281,i2-i31-0184,-0.007500409405736725,"void at::native::<unnamed>::max_pool_forward_nchw<float>(int, const T1 *, long, long, long, int, int, int, int, int, int, int, int, int, int, T1 *, long *)",0.27038496017699115,backbone,True,-0.03889133887839826,scene-0184,0.009708873607607768,0.000144000000000033
1.5782105000000004,1.6521314999999999,49,49,226,0.009847260357452444,i2-i31-0184,0.2683312559593457,"void at::native::vectorized_elementwise_kernel<(int)4, at::native::<unnamed>::launch_clamp_scalar(at::TensorIteratorBase &, c10::Scalar, c10::Scalar, at::native::detail::ClampLimits)::[lambda() (instance 1)]::operator ()() const::[lambda() (instance 7)]::operator ()() const::[lambda(float) (instance 1)], std::array<char *, (unsigned long)2>>(int, T2, T3)",1.584513446902655,backbone,True,0.1764409228529274,scene-0184,0.02246927774889331,-0.005224499999999743
2.2494354999999997,2.36001075,16,16,226,0.005447094143230926,i2-i31-0184,0.07017412138347508,"void at::native::vectorized_elementwise_kernel<(int)4, at::native::CUDAFunctor_add<float>, std::array<char *, (unsigned long)3>>(int, T2, T3)",2.2651118451327434,backbone,True,0.0643527558148402,scene-0184,0.03407773680421358,-0.05644249999999973
0.015392000000000001,0.016640000000000002,9,9,226,0.0004049385440762641,i2-i31-0184,0.3965115527512312,"void cask__5x_cudnn::computeOffsetsKernel<(bool)0, (bool)0>(cask__5x_cudnn::ComputeOffsetsParams)",0.015431389380530973,backbone,True,0.3226142759237017,scene-0184,0.0005053340336361125,0.0009682500000000004
2.990243500000001,3.0767304999999996,53,53,226,0.01881456593222571,i2-i31-0184,0.14535558351942837,"void cudnn::bn_fw_inf_1C11_kernel_NCHW<float, float, (bool)1, (int)1>(T2, T2, cudnnTensorStruct, const T1 *, cudnnTensorStruct, T1 *, cudnnTensorStruct, const T2 *, const T2 *, const T2 *, const T2 *, T2)",2.9968270796460175,backbone,True,0.27135188028477586,scene-0184,0.027914791002925633,0.024329999999998186
0.42406799999999994,0.44879074999999985,32,32,226,0.005083169998152288,i2-i31-0184,0.34158590295717817,"void cudnn::engines_precompiled::nchwToNhwcKernel<float, float, float, (bool)0, (bool)1, (cudnnKernelDataType_t)2>(cudnn::engines_precompiled::nchw2nhwc_params_t<T3>, const T1 *, T2 *)",0.4253587256637169,backbone,True,0.3080610435387684,scene-0184,0.006643101142022956,-0.002314499999999886
0.0450245,0.04973625,9,9,226,0.0016538332464346012,i2-i31-0184,0.5199897556779485,"void cudnn::engines_precompiled::nhwcToNchwKernel<float, float, float, (bool)1, (bool)0, (cudnnKernelDataType_t)0>(cudnn::engines_precompiled::nhwc2nchw_params_t<T3>, const T1 *, T2 *)",0.04529153539823008,backbone,True,0.467362337834608,scene-0184,0.0014246593044313154,0.003223499999999997
0.152977,0.16817,2,2,226,0.0051556279970951845,i2-i31-0184,0.5268059696527616,void cutlass::Kernel2<cutlass_80_tensorop_s1688gemm_128x128_16x4_nn_align4>(T1::Params),0.15386159292035398,backbone,True,0.45505201661493583,scene-0184,0.004561351524284384,0.011352499999999988
0.4777325,0.5206540000000001,6,6,226,0.014638687530218977,i2-i31-0184,0.5316215155902997,void cutlass::Kernel2<cutlass_80_tensorop_s1688gemm_128x128_16x5_nn_align4>(T1::Params),0.4803028672566372,backbone,True,0.47629656524698105,scene-0184,0.01237364647465428,0.027000249999999892
0.14736149999999998,0.16093000000000002,1,1,226,0.004534523402886425,i2-i31-0184,0.5412891964176584,void cutlass::Kernel2<cutlass_80_tensorop_s1688gemm_128x128_32x3_nn_align1>(T1::Params),0.14816889380530973,backbone,True,0.46605536121486035,scene-0184,0.003917122488574055,0.009056500000000023
0.214978,0.218763,1,1,226,8.303639867869221e-05,i2-i31-0184,0.029448830557963497,void cutlass::Kernel2<cutlass_80_tensorop_s1688gemm_128x64_16x6_nn_align4>(T1::Params),0.2150955442477876,backbone,True,0.01376743993856473,scene-0184,0.0024282216534914206,-0.000743500000000008
0.32042,0.35192375,2,2,226,0.000628736623977606,i2-i31-0184,0.043744873507514916,void cutlass::Kernel2<cutlass_80_tensorop_s1688gemm_256x64_16x4_nn_align4>(T1::Params),0.3217907256637168,backbone,True,0.03958918389621544,scene-0184,0.006393890911384594,0.0018164999999999432
0.1384335,0.15173799999999998,1,1,226,0.004395736973426009,i2-i31-0184,0.5257491623821271,void cutlass::Kernel2<cutlass_80_tensorop_s1688gemm_64x128_32x3_nn_align4>(T1::Params),0.1393678185840708,backbone,True,0.4831184054681001,scene-0184,0.003663119842478894,0.011727750000000009
0.264467,0.286643,3,3,226,0.006994896687296119,i2-i31-0184,0.5360052873974342,void cutlass::Kernel2<cutlass_80_tensorop_s1688gemm_64x128_32x4_nn_align1>(T1::Params),0.2658819734513274,backbone,True,0.47236010189550703,scene-0184,0.005961850886297442,0.012216750000000054
0.6450635,0.6859352500000001,8,8,226,0.014058288062445296,i2-i31-0184,0.5139586883358107,void cutlass::Kernel2<cutlass_80_tensorop_s1688gemm_64x64_16x6_nn_align4>(T1::Params),0.6472687566371681,backbone,True,0.4272093859007116,scene-0184,0.013248437614616495,0.025544249999999824
0.859146,0.9417865,5,5,226,0.02974817255792944,i2-i31-0184,0.5097510889822207,void cutlass__5x_cudnn::Kernel<cutlass_tensorop_s1688fprop_optimized_tf32_128x64_32x3_nhwc_align4>(T1::Params),0.8630025530973452,backbone,True,0.4541864370966939,scene-0184,0.026369332931235313,0.05181625000000001
0.5169980000000001,0.56935075,3,3,226,0.01752631528693309,i2-i31-0184,0.5259670468477355,void cutlass__5x_cudnn::Kernel<cutlass_tensorop_s1688fprop_optimized_tf32_64x64_32x5_nhwc_align4>(T1::Params),0.5203498628318584,backbone,True,0.4649407118625767,scene-0184,0.015176305368874422,0.04210400000000003
0.1990095,0.20598500000000003,12,12,226,0.0005601517807019142,i2-i31-0184,-0.059871940979768154,ampere_sgemm_32x128_tn,0.19797368141592922,bbox_head,True,0.0383064456344789,scene-0184,0.005887174068186168,-0.0019377500000000158
0.079745,0.0825215,12,12,226,5.82486221919483e-05,i2-i31-0184,-0.0663894034948643,ampere_sgemm_32x32_sliced1x4_tn,0.07943822123893805,bbox_head,True,0.011139359735306269,scene-0184,0.0021052246206202606,-0.0002630000000000132
0.001792,0.001912,1,1,226,8.833892079801546e-06,i2-i31-0184,-0.004150649235756721,"void at::native::<unnamed>::CatArrayBatchedCopy_aligned16_contig<at::native::<unnamed>::OpaqueType<(unsigned int)4>, unsigned int, (int)2, (int)128, (int)1>(T1 *, at::native::<unnamed>::CatArrInputTensorMetadata<T1, T2, T4, T5>, at::native::<unnamed>::TensorSizeStride<T2, (unsigned int)4>, int, T2)",0.0017864955752212388,bbox_head,True,0.06551578636130685,scene-0184,5.4284912732110375e-05,-1.6000000000000172e-05
0.0066879999999999995,0.00687225,2,2,226,-6.364222903589712e-06,i2-i31-0184,-0.018070569384375623,"void at::native::<unnamed>::CatArrayBatchedCopy_aligned16_contig<at::native::<unnamed>::OpaqueType<(unsigned int)4>, unsigned int, (int)3, (int)128, (int)1>(T1 *, at::native::<unnamed>::CatArrInputTensorMetadata<T1, T2, T4, T5>, at::native::<unnamed>::TensorSizeStride<T2, (unsigned int)4>, int, T2)",0.006654367256637168,bbox_head,True,-0.022723732623283435,scene-0184,0.00011275575682768353,-0.0001525000000000016
0.0032,0.00329675,2,2,226,1.2750724508283154e-05,i2-i31-0184,-0.026391067568967877,"void at::native::elementwise_kernel<(int)128, (int)2, void at::native::gpu_kernel_impl_nocast<at::native::<unnamed>::launch_clamp_scalar(at::TensorIteratorBase &, c10::Scalar, c10::Scalar, at::native::detail::ClampLimits)::[lambda() (instance 1)]::operator ()() const::[lambda() (instance 7)]::operator ()() const::[lambda(float) (instance 1)]>(at::TensorIteratorBase &, const T1 &)::[lambda(int) (instance 1)]>(int, T3)",0.003185305309734513,bbox_head,True,0.058283766629072,scene-0184,8.807654388329619e-05,-5.5999999999999626e-05
0.008064,0.008223999999999999,6,6,226,3.591441989798365e-05,i2-i31-0184,-0.01676946085452598,"void at::native::elementwise_kernel<(int)128, (int)2, void at::native::gpu_kernel_impl_nocast<at::native::AUnaryFunctor<float, float, float, at::native::binary_internal::MulFunctor<float>>>(at::TensorIteratorBase &, const T1 &)::[lambda(int) (instance 1)]>(int, T3)",0.007976070796460177,bbox_head,True,0.06532638737363919,scene-0184,0.0002213365961452622,-4.0000000000000105e-05
0.0016,0.001824,1,1,226,5.3718240487071115e-06,i2-i31-0184,0.0370491895159481,"void at::native::elementwise_kernel<(int)128, (int)2, void at::native::gpu_kernel_impl_nocast<at::native::BinaryFunctor<float, float, float, at::native::binary_internal::DivFunctor<float>>>(at::TensorIteratorBase &, const T1 &)::[lambda(int) (instance 1)]>(int, T3)",0.0016232389380530972,bbox_head,True,0.02588355862928,scene-0184,8.355468500618554e-05,-4.800000000000008e-05
0.0054399999999999995,0.005567999999999999,4,4,226,1.9235772718109955e-05,i2-i31-0184,-0.0131959080444769,"void at::native::elementwise_kernel<(int)128, (int)2, void at::native::gpu_kernel_impl_nocast<at::native::CUDAFunctor_add<float>>(at::TensorIteratorBase &, const T1 &)::[lambda(int) (instance 1)]>(int, T3)",0.00539304424778761,bbox_head,True,0.05257617951935719,scene-0184,0.00014729690618986766,-2.4500000000000216e-05
0.006592000000000001,0.006752,5,5,226,3.7004221617743295e-05,i2-i31-0184,0.013388723855881073,"void at::native::elementwise_kernel<(int)128, (int)2, void at::native::gpu_kernel_impl_nocast<at::native::direct_copy_kernel_cuda(at::TensorIteratorBase &)::[lambda() (instance 3)]::operator ()() const::[lambda() (instance 7)]::operator ()() const::[lambda(float) (instance 1)]>(at::TensorIteratorBase &, const T1 &)::[lambda(int) (instance 1)]>(int, T3)",0.006553022123893805,bbox_head,True,0.08289142631567951,scene-0184,0.0001797275579474517,-5.5999999999999626e-05
0.003648,0.00374475,1,1,226,2.4548804572051523e-05,i2-i31-0184,0.020186459455642593,"void at::native::index_elementwise_kernel<(int)128, (int)4, void at::native::gpu_index_kernel<void at::native::index_kernel_impl<at::native::OpaqueType<(int)4>>(at::TensorIteratorBase &, c10::ArrayRef<long>, c10::ArrayRef<long>)::[lambda(char *, const char *, long) (instance 1)]>(at::TensorIteratorBase &, c10::ArrayRef<long>, c10::ArrayRef<long>, const T1 &)::[lambda(int) (instance 1)]>(long, T3)",0.0036127920353982304,bbox_head,True,0.0962508471291382,scene-0184,0.00010268305962049096,7.500000000000128e-06
0.00112,0.001152,1,1,226,5.307079469518587e-06,i2-i31-0184,-0.016823258724254022,"void at::native::mbtopk::computeBlockwiseKthCounts<unsigned int>(T1 *, short *, unsigned int, unsigned int, unsigned int *)",0.001105,bbox_head,True,0.06295482998188098,scene-0184,3.39390395721453e-05,0.0
0.00608,0.006272,4,4,226,1.900833760208216e-05,i2-i31-0184,-0.000754338296059681,"void at::native::mbtopk::computeBlockwiseWithinKCounts<unsigned int>(T1 *, short *, unsigned int, int, bool, unsigned int *, unsigned int)",0.006036469026548672,bbox_head,True,0.04325378316704734,scene-0184,0.0001769265669779195,-4.0000000000000105e-05
0.0008,0.000832,1,1,226,1.276245618298431e-06,i2-i31-0184,-0.02593588976704221,"void at::native::mbtopk::fill<unsigned int, unsigned int>(T1 *, T1, T2)",0.0007953274336283187,bbox_head,True,0.02038760904112928,scene-0184,2.520234659599596e-05,7.999999999999978e-06
0.00384,0.00402425,1,1,226,1.954988823692025e-05,i2-i31-0184,0.004200523919693548,"void at::native::mbtopk::gatherTopK<float, unsigned int, (int)1>(at::cuda::detail::TensorInfo<const T1, T2>, T2, T2, bool, unsigned int, T2, at::cuda::detail::TensorInfo<T1, T2>, T2, at::cuda::detail::TensorInfo<long, T2>, T2, unsigned int, unsigned int, T1 *, unsigned int *, unsigned int *, unsigned int)",0.0037954513274336284,bbox_head,True,0.05112172514692972,scene-0184,0.00015396137839750895,0.0
0.016256,0.01666425,4,4,226,6.260141184615305e-05,i2-i31-0184,-0.03272658903574125,"void at::native::mbtopk::radixFindKthValues<float, unsigned int, unsigned int, (int)1>(at::cuda::detail::TensorInfo<const T1, T2>, unsigned int, unsigned int *, unsigned int, T2, int, int, unsigned int, T3, unsigned int *, T3 *, short *, T1 *)",0.016155238938053096,bbox_head,True,0.05545967313274894,scene-0184,0.0004544434362095201,-8.800000000000474e-05
0.013632,0.013984,1,1,226,5.697906054786241e-05,i2-i31-0184,-0.006800684816543694,"void at::native::radixSortKVInPlace<(int)-2, (int)-1, (int)32, (int)32, float, long, unsigned int>(at::cuda::detail::TensorInfo<T5, T7>, T7, T7, T7, at::cuda::detail::TensorInfo<T6, T7>, T7, bool)",0.013524557522123892,bbox_head,True,0.05950698246458147,scene-0184,0.00038549643750412715,-0.00012000000000000205
0.040944499999999995,0.04179199999999999,30,30,226,0.00026100747472923526,i2-i31-0184,0.03056122475170421,"void at::native::vectorized_elementwise_kernel<(int)4, at::native::<unnamed>::launch_clamp_scalar(at::TensorIteratorBase &, c10::Scalar, c10::Scalar, at::native::detail::ClampLimits)::[lambda() (instance 1)]::operator ()() const::[lambda() (instance 7)]::operator ()() const::[lambda(float) (instance 1)], std::array<char *, (unsigned long)2>>(int, T2, T3)",0.040603721238938045,bbox_head,True,0.09325691963788013,scene-0184,0.0011267949484802362,-0.0004157499999999925
0.001408,0.001472,1,1,226,8.233855981395301e-06,i2-i31-0184,-0.009358427187708749,"void at::native::vectorized_elementwise_kernel<(int)4, at::native::BUnaryFunctor<long, long, long, at::native::binary_internal::div_floor_kernel_cuda(at::TensorIteratorBase &)::[lambda() (instance 1)]::operator ()() const::[lambda() (instance 4)]::operator ()() const::[lambda(long, long) (instance 1)]>, std::array<char *, (unsigned long)2>>(int, T2, T3)",0.0014019336283185842,bbox_head,True,0.06930829661405623,scene-0184,4.782897279942039e-05,0.0
0.001344,0.001472,1,1,226,8.981804596384618e-06,i2-i31-0184,0.014031044942654006,"void at::native::vectorized_elementwise_kernel<(int)4, at::native::BUnaryFunctor<long, long, long, at::native::remainder_kernel_cuda(at::TensorIteratorBase &)::[lambda() (instance 1)]::operator ()() const::[lambda() (instance 4)]::operator ()() const::[lambda(long, long) (instance 1)]>, std::array<char *, (unsigned long)2>>(int, T2, T3)",0.0013435929203539825,bbox_head,True,0.07698231062873692,scene-0184,4.697271608150099e-05,-1.575000000000014e-05
0.006880000000000001,0.00704,6,6,226,4.555600054302035e-05,i2-i31-0184,0.04788486100010613,"void at::native::vectorized_elementwise_kernel<(int)4, at::native::BinaryFunctor<float, float, float, at::native::binary_internal::DivFunctor<float>>, std::array<char *, (unsigned long)3>>(int, T2, T3)",0.0068072876106194695,bbox_head,True,0.0951221326433876,scene-0184,0.00019281331593605145,-6.375000000000044e-05
0.006159999999999999,0.006336,6,6,226,4.8388179261279565e-05,i2-i31-0184,0.04742530588437422,"void at::native::vectorized_elementwise_kernel<(int)4, at::native::CUDAFunctorOnOther_add<float>, std::array<char *, (unsigned long)2>>(int, T2, T3)",0.006123106194690265,bbox_head,True,0.1093529553603295,scene-0184,0.00017814833546977743,-8.049999999999898e-05
0.006336,0.006496,6,6,226,4.625891123155907e-05,i2-i31-0184,0.07605218496877225,"void at::native::vectorized_elementwise_kernel<(int)4, at::native::CUDAFunctor_add<float>, std::array<char *, (unsigned long)3>>(int, T2, T3)",0.006280438053097345,bbox_head,True,0.10531288439225663,scene-0184,0.00017684260829755916,-3.199999999999991e-05
0.006592,0.006744,6,6,226,4.8905783411559684e-05,i2-i31-0184,0.04534878125001531,"void at::native::vectorized_elementwise_kernel<(int)4, at::native::log_kernel_cuda(at::TensorIteratorBase &)::[lambda() (instance 2)]::operator ()() const::[lambda() (instance 2)]::operator ()() const::[lambda(float) (instance 1)], std::array<char *, (unsigned long)2>>(int, T2, T3)",0.0065429292035398216,bbox_head,True,0.10595908590835368,scene-0184,0.00018582110136775346,-9.60000000000006e-05
0.008288,0.008512,7,7,226,6.005612514080058e-05,i2-i31-0184,0.04201813292798942,"void at::native::vectorized_elementwise_kernel<(int)4, at::native::sigmoid_kernel_cuda(at::TensorIteratorBase &)::[lambda() (instance 2)]::operator ()() const::[lambda() (instance 2)]::operator ()() const::[lambda(float) (instance 1)], std::array<char *, (unsigned long)2>>(int, T2, T3)",0.008239376106194692,bbox_head,True,0.10254410694244488,scene-0184,0.00023578686782708155,-8.800000000000127e-05
0.0015999999999999999,0.001632,2,2,226,1.1890518198046933e-05,i2-i31-0184,0.07733996077345692,"void at_cuda_detail::cub::DeviceScanByKeyInitKernel<at_cuda_detail::cub::ReduceByKeyScanTileState<unsigned int, int, (bool)1>, at_cuda_detail::cub::TransformInputIterator<unsigned int, at::native::mbtopk::BlockIdxToKey, at_cuda_detail::cub::CountingInputIterator<unsigned int, unsigned int>, long>>(T1, T2, std::iterator_traits<T2>::value_type *, unsigned int, int)",0.0015791902654867258,bbox_head,True,0.10293265317469069,scene-0184,4.6507246489506486e-05,0.0
0.0042565,0.004384,2,2,226,2.561178212351227e-05,i2-i31-0184,0.030462652873376506,"void at_cuda_detail::cub::DeviceScanByKeyKernel<at_cuda_detail::cub::DeviceScanByKeyPolicy<at_cuda_detail::cub::TransformInputIterator<unsigned int, at::native::mbtopk::BlockIdxToKey, at_cuda_detail::cub::CountingInputIterator<unsigned int, unsigned int>, long>, unsigned int, unsigned int, cuda::std::__4::plus<void>>::Policy900, at_cuda_detail::cub::TransformInputIterator<unsigned int, at::native::mbtopk::BlockIdxToKey, at_cuda_detail::cub::CountingInputIterator<unsigned int, unsigned int>, long>, unsigned int *, unsigned int *, at_cuda_detail::cub::ReduceByKeyScanTileState<unsigned int, int, (bool)1>, cuda::std::__4::equal_to<void>, cuda::std::__4::plus<void>, at_cuda_detail::cub::NullType, int, unsigned int, unsigned int>(T2, T11 *, T3, T4, T5, int, T6, T7, T8, T9)",0.004234654867256638,bbox_head,True,0.08189616437600147,scene-0184,0.00012590681832644568,8.000000000000194e-06
0.010145,0.01042425,6,6,226,7.720085628385157e-05,i2-i31-0184,0.05507662298878975,"void cublasLt::splitKreduce_kernel<(int)32, (int)16, int, float, float, float, (bool)0, float, float, float, (bool)1, (bool)1, (bool)0>(cublasLt::cublasSplitKParams<T6>, const T4 *, const T9 *, T8 *, T5 *, const T6 *, const T6 *, const T10 *, const T4 *, T10 *, void *, long, T6 *, int *, T6 *, const T6 *, const T6 *, const T6 *, const T6 *)",0.010075721238938053,bbox_head,True,0.10558020234379745,scene-0184,0.0002943829412475866,-0.00012799999999999964
0.0202245,0.036673,1,1,226,-0.0006354491823952973,i2-i31-0184,-0.06304971731802626,"void at::native::elementwise_kernel<(int)128, (int)2, void at::native::gpu_kernel_impl_nocast<at::native::BinaryFunctor<float, float, float, at::native::binary_internal::DivFunctor<float>>>(at::TensorIteratorBase &, const T1 &)::[lambda(int) (instance 1)]>(int, T3)",0.020742588495575223,data_preprocessor,True,-0.08241216262164842,scene-0184,0.003104291724278691,0.0006647499999999987
0.0145765,0.022512,1,1,226,-0.00028549331300604166,i2-i31-0184,-0.023036559189810155,"void at::native::elementwise_kernel<(int)128, (int)2, void at::native::gpu_kernel_impl_nocast<at::native::CUDAFunctor_add<float>>(at::TensorIteratorBase &, const T1 &)::[lambda(int) (instance 1)]>(int, T3)",0.01488358849557522,data_preprocessor,True,-0.07780068137257795,scene-0184,0.0014773573343967823,-6.374999999999957e-05
0.023024000000000003,0.0254,1,1,226,0.0008032893877460351,i2-i31-0184,0.4051530159825446,"void at::native::index_elementwise_kernel<(int)128, (int)4, void at::native::gpu_index_kernel<void at::native::index_kernel_impl<at::native::OpaqueType<(int)1>>(at::TensorIteratorBase &, c10::ArrayRef<long>, c10::ArrayRef<long>)::[lambda(char *, const char *, long) (instance 1)]>(at::TensorIteratorBase &, c10::ArrayRef<long>, c10::ArrayRef<long>, const T1 &)::[lambda(int) (instance 1)]>(long, T3)",0.023117442477876105,data_preprocessor,True,0.3335714776398945,scene-0184,0.000969518573514876,0.0010714999999999995
0.01376,0.017721,1,1,226,0.000864469558868955,i2-i31-0184,0.3291698412397614,"void at::native::unrolled_elementwise_kernel<at::native::direct_copy_kernel_cuda(at::TensorIteratorBase &)::[lambda() (instance 3)]::operator ()() const::[lambda() (instance 7)]::operator ()() const::[lambda(float) (instance 1)], std::array<char *, (unsigned long)2>, (int)4, TrivialOffsetCalculator<(int)1, unsigned int>, TrivialOffsetCalculator<(int)1, unsigned int>, at::native::memory::LoadWithCast<(int)1>, at::native::memory::StoreWithCast<(int)1>>(int, T1, T2, T4, T5, T6, T7)",0.014340725663716814,data_preprocessor,True,0.24878956283828327,scene-0184,0.0013989125311728203,0.00019950000000000002
0.8796565000000001,0.9127062499999999,6,6,226,0.007140189463223101,i2-i31-0184,0.07628316324588848,ampere_sgemm_128x128_nn,0.8786624690265487,decoder,True,0.12683994169417986,scene-0184,0.022663486148416862,-0.01095400000000013
0.31706,0.3437715,6,6,226,0.002045248366908878,i2-i31-0184,-0.019654943172140917,ampere_sgemm_128x128_tn,0.31818727876106195,decoder,True,0.07652863452969347,scene-0184,0.010759574644403325,-0.0017304999999999682
1.8346440000000002,1.8952832499999999,18,18,226,0.014215904896534012,i2-i31-0184,0.05552953341152607,ampere_sgemm_128x64_tn,1.831912075221239,decoder,True,0.16397154491876775,scene-0184,0.03490430810414174,0.002378249999999804
0.8818304999999999,0.9266697500000001,54,54,226,0.004218244579715872,i2-i31-0184,0.006063566957489303,ampere_sgemm_32x128_tn,0.8820259424778761,decoder,True,0.06773209270370707,scene-0184,0.025073229491861602,-0.006315499999999918
0.086912,0.08968825,12,12,226,0.0005827363732892955,i2-i31-0184,0.07175019216241,ampere_sgemm_32x32_sliced1x4_tn,0.08665680973451327,decoder,True,0.11628869644479992,scene-0184,0.0020174725632446803,-0.0007022499999999876
0.48987800000000004,0.503038,6,6,226,0.0018573472402213407,i2-i31-0184,0.02082482691311138,ampere_sgemm_64x64_tn,0.49022546902654873,decoder,True,0.12219978257140618,scene-0184,0.006119214603532456,0.0009029999999999316
0.005568,0.005816,6,6,226,5.6338507689326216e-05,i2-i31-0184,0.09804394127935745,"void <unnamed>::elementwise_kernel_with_index<int, at::native::arange_cuda_out(const c10::Scalar &, const c10::Scalar &, const c10::Scalar &, at::Tensor &)::[lambda() (instance 1)]::operator ()() const::[lambda() (instance 7)]::operator ()() const::[lambda(long) (instance 1)]>(T1, T2, function_traits<T2>::result_type *)",0.005544420353982302,decoder,True,0.13526237624017284,scene-0184,0.00016768775062481217,-4.80000000000003e-05
0.645319,0.69128,6,6,226,-0.0003820994338276167,i2-i31-0184,-0.05974295887650603,"void <unnamed>::softmax_warp_forward<float, float, float, (int)10, (bool)0, (bool)0>(T2 *, const T1 *, int, int, int, const bool *, int, bool)",0.6482857522123895,decoder,True,-0.011292753917575907,scene-0184,0.013622271834055512,-0.003901999999999961
0.01072,0.011127999999999999,6,6,226,9.258244908933194e-05,i2-i31-0184,0.0813769120839359,"void <unnamed>::softmax_warp_forward<float, float, float, (int)4, (bool)0, (bool)0>(T2 *, const T1 *, int, int, int, const bool *, int, bool)",0.010676075221238937,decoder,True,0.1165248519831671,scene-0184,0.0003198770762328669,-6.499999999999909e-05
0.046529,0.047809000000000004,14,14,226,0.00023139109029153841,i2-i31-0184,0.05337237119579601,"void at::native::<unnamed>::CatArrayBatchedCopy_aligned16_contig<at::native::<unnamed>::OpaqueType<(unsigned int)4>, unsigned int, (int)3, (int)128, (int)1>(T1 *, at::native::<unnamed>::CatArrInputTensorMetadata<T1, T2, T4, T5>, at::native::<unnamed>::TensorSizeStride<T2, (unsigned int)4>, int, T2)",0.04643228318584071,decoder,True,0.10313559459871444,scene-0184,0.0009032564436479943,0.0002634999999999929
0.1117765,0.11603375,24,24,226,0.0009347983009304867,i2-i31-0184,0.07639983032327712,"void at::native::<unnamed>::CatArrayBatchedCopy_aligned16_contig<at::native::<unnamed>::OpaqueType<(unsigned int)4>, unsigned int, (int)4, (int)128, (int)1>(T1 *, at::native::<unnamed>::CatArrInputTensorMetadata<T1, T2, T4, T5>, at::native::<unnamed>::TensorSizeStride<T2, (unsigned int)4>, int, T2)",0.11147602212389379,decoder,True,0.11890529260082768,scene-0184,0.0031651168000435014,-0.0012967499999999993
0.11308849999999998,0.11724224999999999,24,24,226,0.00024920004095634003,i2-i31-0184,-0.001091784590279796,"void at::native::<unnamed>::vectorized_layer_norm_kernel<float, float>(int, T2, const T1 *, const T1 *, const T1 *, T2 *, T2 *, T1 *)",0.11321227433628318,decoder,True,0.039378136264228945,scene-0184,0.0025478037036534484,-0.000734499999999999
0.035169,0.03647275,24,24,226,0.00037857280174861604,i2-i31-0184,0.11401204780126356,"void at::native::elementwise_kernel<(int)128, (int)2, void at::native::gpu_kernel_impl_nocast<at::native::AUnaryFunctor<float, float, float, at::native::binary_internal::MulFunctor<float>>>(at::TensorIteratorBase &, const T1 &)::[lambda(int) (instance 1)]>(int, T3)",0.03505811061946903,decoder,True,0.14923312576803024,scene-0184,0.0010213090641806167,-0.0004724999999999868
0.041713499999999994,0.043329,24,24,226,0.00039573805012593045,i2-i31-0184,0.07771682272412758,"void at::native::elementwise_kernel<(int)128, (int)2, void at::native::gpu_kernel_impl_nocast<at::native::BinaryFunctor<float, float, float, at::native::binary_internal::DivFunctor<float>>>(at::TensorIteratorBase &, const T1 &)::[lambda(int) (instance 1)]>(int, T3)",0.041571181415929206,decoder,True,0.1286570396120209,scene-0184,0.001238361005669428,-0.000447999999999997
0.032383999999999996,0.033704250000000005,12,12,226,0.00019485798848549625,i2-i31-0184,0.08927961855583523,"void at::native::elementwise_kernel<(int)128, (int)2, void at::native::gpu_kernel_impl_nocast<at::native::BinaryFunctor<float, float, float, at::native::binary_internal::MulFunctor<float>>>(at::TensorIteratorBase &, const T1 &)::[lambda(int) (instance 1)]>(int, T3)",0.0322856592920354,decoder,True,0.09741315120889779,scene-0184,0.0008053295504345038,-4.724999999999868e-05
0.00768,0.008032,6,6,226,7.289186683421737e-05,i2-i31-0184,0.08178627400684146,"void at::native::elementwise_kernel<(int)128, (int)2, void at::native::gpu_kernel_impl_nocast<at::native::BinaryFunctor<long, long, long, at::native::binary_internal::MulFunctor<long>>>(at::TensorIteratorBase &, const T1 &)::[lambda(int) (instance 1)]>(int, T3)",0.007673132743362832,decoder,True,0.14855773004085082,scene-0184,0.00019754081036517637,-4.85000000000008e-05
0.017184,0.017976,6,6,226,7.917124565189189e-05,i2-i31-0184,0.033087812911567524,"void at::native::elementwise_kernel<(int)128, (int)2, void at::native::gpu_kernel_impl_nocast<at::native::CUDAFunctor_add<float>>(at::TensorIteratorBase &, const T1 &)::[lambda(int) (instance 1)]>(int, T3)",0.01719691150442478,decoder,True,0.06865022294502303,scene-0184,0.0004642998450902543,-4.85000000000034e-05
0.04003200000000001,0.041529750000000004,24,24,226,0.0004323106008213559,i2-i31-0184,0.09850223716169505,"void at::native::elementwise_kernel<(int)128, (int)2, void at::native::gpu_kernel_impl_nocast<at::native::cos_kernel_cuda(at::TensorIteratorBase &)::[lambda() (instance 2)]::operator ()() const::[lambda() (instance 2)]::operator ()() const::[lambda(float) (instance 1)]>(at::TensorIteratorBase &, const T1 &)::[lambda(int) (instance 1)]>(int, T3)",0.039931809734513275,decoder,True,0.14826865212774995,scene-0184,0.0011738687961287294,-0.00039975000000000427
0.016032,0.01684,6,6,226,0.00010641906416858986,i2-i31-0184,0.04918313442748409,"void at::native::elementwise_kernel<(int)128, (int)2, void at::native::gpu_kernel_impl_nocast<at::native::direct_copy_kernel_cuda(at::TensorIteratorBase &)::[lambda() (instance 3)]::operator ()() const::[lambda() (instance 7)]::operator ()() const::[lambda(float) (instance 1)]>(at::TensorIteratorBase &, const T1 &)::[lambda(int) (instance 1)]>(int, T3)",0.01603717256637168,decoder,True,0.09008505494697451,scene-0184,0.0004755976504232377,3.200000000000078e-05
0.03979250000000001,0.0412815,24,24,226,0.0004307486798230046,i2-i31-0184,0.10694117330816041,"void at::native::elementwise_kernel<(int)128, (int)2, void at::native::gpu_kernel_impl_nocast<at::native::sin_kernel_cuda(at::TensorIteratorBase &)::[lambda() (instance 2)]::operator ()() const::[lambda() (instance 2)]::operator ()() const::[lambda(float) (instance 1)]>(at::TensorIteratorBase &, const T1 &)::[lambda(int) (instance 1)]>(int, T3)",0.03968821681415929,decoder,True,0.14591444921153424,scene-0184,0.001188498581307687,-0.0005122499999999849
0.012831999999999998,0.013344,6,6,226,0.00012618313580926857,i2-i31-0184,0.09406617463393945,"void at::native::elementwise_kernel<(int)128, (int)4, void at::native::gpu_kernel_impl<at::native::<unnamed>::pow_tensor_tensor_kernel(at::TensorIteratorBase &)::[lambda() (instance 1)]::operator ()() const::[lambda() (instance 7)]::operator ()() const::[lambda(float, float) (instance 1)]>(at::TensorIteratorBase &, const T1 &)::[lambda(int) (instance 1)]>(int, T3)",0.012786358407079647,decoder,True,0.13327857146134933,scene-0184,0.00038116586388625185,-9.575000000000208e-05
0.10491249999999999,0.11259325,6,6,226,0.00040021320130459665,i2-i31-0184,-0.008555615315586618,"void at::native::reduce_kernel<(int)128, (int)4, at::native::ReduceOp<float, at::native::MeanOps<float, float, float, float>, unsigned int, float, (int)4>>(T3)",0.10500157079646016,decoder,True,0.04716167404700652,scene-0184,0.003416451110712769,-0.000381750000000014
0.0129605,0.013472749999999999,6,6,226,0.00011045322455838462,i2-i31-0184,0.07436038048908022,"void at::native::reduce_kernel<(int)512, (int)1, at::native::ReduceOp<long, at::native::func_wrapper_t<long, at::native::sum_functor<long, long, long>::operator ()(at::TensorIterator &)::[lambda(long, long) (instance 1)]>, unsigned int, long, (int)4>>(T3)",0.012934690265486725,decoder,True,0.13177208799615925,scene-0184,0.00033746441515833836,-0.00022424999999999876
0.094177,0.09612025000000003,42,42,226,0.0006153961189572434,i2-i31-0184,0.1158043069038817,"void at::native::vectorized_elementwise_kernel<(int)4, at::native::<unnamed>::launch_clamp_scalar(at::TensorIteratorBase &, c10::Scalar, c10::Scalar, at::native::detail::ClampLimits)::[lambda() (instance 1)]::operator ()() const::[lambda() (instance 7)]::operator ()() const::[lambda(float) (instance 1)], std::array<char *, (unsigned long)2>>(int, T2, T3)",0.09389933185840708,decoder,True,0.15907013212283008,scene-0184,0.001557539695527647,-0.000399750000000032
0.03301,0.034296,18,18,226,0.00013000309274315927,i2-i31-0184,0.0950427482209456,"void at::native::vectorized_elementwise_kernel<(int)4, at::native::AUnaryFunctor<float, float, float, at::native::binary_internal::MulFunctor<float>>, std::array<char *, (unsigned long)2>>(int, T2, T3)",0.0329378407079646,decoder,True,0.07217582787516219,scene-0184,0.0007251618075936003,-0.0010712500000000028
0.006527999999999999,0.006808249999999999,6,6,226,6.299543611856455e-05,i2-i31-0184,0.08136825924894048,"void at::native::vectorized_elementwise_kernel<(int)4, at::native::AUnaryFunctor<long, long, bool, at::native::<unnamed>::CompareEqFunctor<long>>, std::array<char *, (unsigned long)2>>(int, T2, T3)",0.006505132743362832,decoder,True,0.14458925687898333,scene-0184,0.00017540665795099086,-5.6500000000000994e-05
0.016255999999999996,0.016832,12,12,226,8.678405992237658e-05,i2-i31-0184,0.09699784581119787,"void at::native::vectorized_elementwise_kernel<(int)4, at::native::BUnaryFunctor<float, float, float, at::native::binary_internal::MulFunctor<float>>, std::array<char *, (unsigned long)2>>(int, T2, T3)",0.016202646017699114,decoder,True,0.1079544683425172,scene-0184,0.00032364757190920764,-0.0003525000000000021
0.006912000000000001,0.007136,6,6,226,6.757633154038833e-05,i2-i31-0184,0.10565363556947416,"void at::native::vectorized_elementwise_kernel<(int)4, at::native::BinaryFunctor<float, float, float, at::native::binary_internal::DivFunctor<float>>, std::array<char *, (unsigned long)3>>(int, T2, T3)",0.006880924778761063,decoder,True,0.13547278006770727,scene-0184,0.00020082398537731285,-8.000000000000021e-05
0.006208,0.006432,6,6,226,6.573801188693394e-05,i2-i31-0184,0.12003976388316887,"void at::native::vectorized_elementwise_kernel<(int)4, at::native::CUDAFunctorOnOther_add<float>, std::array<char *, (unsigned long)2>>(int, T2, T3)",0.006187247787610618,decoder,True,0.1468266736790729,scene-0184,0.0001802538785302382,-6.400000000000069e-05
0.11059399999999998,0.113481,42,42,226,0.00039688090350970245,i2-i31-0184,0.08595094966438964,"void at::native::vectorized_elementwise_kernel<(int)4, at::native::CUDAFunctor_add<float>, std::array<char *, (unsigned long)3>>(int, T2, T3)",0.11039030973451326,decoder,True,0.09259351480802488,scene-0184,0.0017256497202972174,2.250000000003638e-05
0.008928,0.009248,6,6,226,8.974502480786281e-05,i2-i31-0184,0.10058107082746008,"void at::native::vectorized_elementwise_kernel<(int)4, at::native::FillFunctor<float>, std::array<char *, (unsigned long)1>>(int, T2, T3)",0.008896973451327433,decoder,True,0.13956510788467658,scene-0184,0.00025888479209554543,-0.00016000000000000042
0.0048000000000000004,0.005024,6,6,226,5.8163737216347354e-05,i2-i31-0184,0.11033222443705713,"void at::native::vectorized_elementwise_kernel<(int)4, at::native::FillFunctor<long>, std::array<char *, (unsigned long)1>>(int, T2, T3)",0.004785615044247787,decoder,True,0.159818759273954,scene-0184,0.00014652021982620149,0.0
0.007391999999999999,0.00768,6,6,226,7.986972785275004e-05,i2-i31-0184,0.11292306958141698,"void at::native::vectorized_elementwise_kernel<(int)4, at::native::binary_internal::div_floor_kernel_cuda(at::TensorIteratorBase &)::[lambda() (instance 2)]::operator ()() const::[lambda() (instance 2)]::operator ()() const::[lambda(float) (instance 1)], std::array<char *, (unsigned long)2>>(int, T2, T3)",0.007362349557522124,decoder,True,0.1481362258757883,scene-0184,0.000217067068720276,-4.0000000000000105e-05
0.006624,0.006904250000000001,6,6,226,5.970666946230986e-05,i2-i31-0184,0.11375079962807817,"void at::native::vectorized_elementwise_kernel<(int)4, at::native::log_kernel_cuda(at::TensorIteratorBase &)::[lambda() (instance 2)]::operator ()() const::[lambda() (instance 2)]::operator ()() const::[lambda(float) (instance 1)], std::array<char *, (unsigned long)2>>(int, T2, T3)",0.006597716814159292,decoder,True,0.12163744339341734,scene-0184,0.00019761894453570975,-0.00011199999999999925
0.006976,0.007232000000000001,6,6,226,6.830522405630054e-05,i2-i31-0184,0.09660705856591624,"void at::native::vectorized_elementwise_kernel<(int)4, at::native::sigmoid_kernel_cuda(at::TensorIteratorBase &)::[lambda() (instance 2)]::operator ()() const::[lambda() (instance 2)]::operator ()() const::[lambda(float) (instance 1)], std::array<char *, (unsigned long)2>>(int, T2, T3)",0.006953137168141593,decoder,True,0.13342068688527736,scene-0184,0.0002061122293712952,-6.400000000000156e-05
0.010256000000000001,0.010656,6,6,226,9.618435750656993e-05,i2-i31-0184,0.09432134854597703,"void cublasLt::splitKreduce_kernel<(int)32, (int)16, int, float, float, float, (bool)0, float, float, float, (bool)1, (bool)1, (bool)0>(cublasLt::cublasSplitKParams<T6>, const T4 *, const T9 *, T8 *, T5 *, const T6 *, const T6 *, const T10 *, const T4 *, T10 *, void *, long, T6 *, int *, T6 *, const T6 *, const T6 *, const T6 *, const T6 *)",0.010210849557522123,decoder,True,0.1305673795687466,scene-0184,0.00029658062287114454,-8.799999999999954e-05
0.1722575,0.19438750000000002,6,6,226,0.00021529254881739673,i2-i31-0184,-0.07805521298880061,"void ms_deformable_im2col_gpu_kernel<float>(int, const T1 *, const long *, const long *, const T1 *, const T1 *, int, int, int, int, int, int, int, T1 *)",0.1729987123893805,decoder,True,0.01175017373617358,scene-0184,0.007376625303525153,-0.0022157500000000163
18.352787499999998,18.861276999999998,36,36,226,0.11789313133695867,i2-i31-0184,0.6449871681339095,ampere_sgemm_128x64_tn,18.35877386283186,encoder,True,0.49779873217456483,scene-0184,0.09534715294417988,0.19047175000000394
0.006591999999999999,0.007232000000000001,8,8,226,0.00022037578237005525,i2-i31-0184,0.4947896682691554,"void <unnamed>::elementwise_kernel_with_index<int, at::native::linspace_cuda_out(const c10::Scalar &, const c10::Scalar &, long, at::Tensor &)::[lambda() (instance 2)]::operator ()() const::[lambda() (instance 2)]::operator ()() const::[lambda(long) (instance 1)]>(T1, T2, function_traits<T2>::result_type *)",0.00662375221238938,encoder,True,0.45822474832223536,scene-0184,0.0001936236213453647,0.0003759999999999996
0.10889750000000001,0.11608874999999999,6,6,226,0.000859088240702002,i2-i31-0184,0.014306805344646902,"void <unnamed>::softmax_warp_forward<float, float, float, (int)4, (bool)0, (bool)0>(T2 *, const T1 *, int, int, int, const bool *, int, bool)",0.10954449557522124,encoder,True,0.15886432234382222,scene-0184,0.0021771302521751356,0.0010479999999999934
0.019520000000000003,0.020736,6,6,226,-1.2152197891941586e-05,i2-i31-0184,0.12296166059729935,"void at::native::<unnamed>::CatArrayBatchedCopy<at::native::<unnamed>::OpaqueType<(unsigned int)8>, unsigned int, (int)2, (int)64, (int)64>(T1 *, at::native::<unnamed>::CatArrInputTensorMetadata<T1, T2, T4, T5>, at::native::<unnamed>::TensorSizeStride<T2, (unsigned int)4>, int, T2)",0.019438066371681415,encoder,True,-0.008345904643291607,scene-0184,0.0005862116263057557,-0.00033600000000000296
0.00864,0.00944075,5,5,226,0.00027257176798260914,i2-i31-0184,0.4866602241973352,"void at::native::<unnamed>::CatArrayBatchedCopy_aligned16_contig<at::native::<unnamed>::OpaqueType<(unsigned int)4>, unsigned int, (int)3, (int)128, (int)1>(T1 *, at::native::<unnamed>::CatArrInputTensorMetadata<T1, T2, T4, T5>, at::native::<unnamed>::TensorSizeStride<T2, (unsigned int)4>, int, T2)",0.008662455752212389,encoder,True,0.43966205958455085,scene-0184,0.0002495944326011622,0.0005920000000000005
0.882138,0.923011,12,12,226,0.010681097498942534,i2-i31-0184,0.5108019516701124,"void at::native::<unnamed>::vectorized_layer_norm_kernel<float, float>(int, T2, const T1 *, const T1 *, const T1 *, T2 *, T2 *, T1 *)",0.8826711283185841,encoder,True,0.4718564872942137,scene-0184,0.009113369138729963,0.013848500000000041
0.010783999999999998,0.01184,8,8,226,0.0003651670843587039,i2-i31-0184,0.5176623624669917,"void at::native::elementwise_kernel<(int)128, (int)2, void at::native::gpu_kernel_impl_nocast<at::native::BinaryFunctor<float, float, float, at::native::binary_internal::DivFunctor<float>>>(at::TensorIteratorBase &, const T1 &)::[lambda(int) (instance 1)]>(int, T3)",0.010829747787610621,encoder,True,0.47281505959048287,scene-0184,0.0003109376671442163,0.0008319999999999994
0.00192,0.002136,1,1,226,5.9583797453281186e-05,i2-i31-0184,0.42551562509686797,"void at::native::elementwise_kernel<(int)128, (int)2, void at::native::gpu_kernel_impl_nocast<at::native::BinaryFunctor<float, float, float, at::native::binary_internal::MulFunctor<float>>>(at::TensorIteratorBase &, const T1 &)::[lambda(int) (instance 1)]>(int, T3)",0.001945371681415929,encoder,True,0.38142981728644365,scene-0184,6.289071778806876e-05,0.00013599999999999984
0.012768000000000002,0.01464,6,6,226,0.00011588326708814515,i2-i31-0184,3.9410055205141054e-05,"void at::native::elementwise_kernel<(int)128, (int)2, void at::native::gpu_kernel_impl_nocast<at::native::BinaryFunctor<long, long, long, at::native::binary_internal::MulFunctor<long>>>(at::TensorIteratorBase &, const T1 &)::[lambda(int) (instance 1)]>(int, T3)",0.012734331858407078,encoder,True,0.05579807990399416,scene-0184,0.0008361313148726734,-0.00024024999999999914
0.2651865,0.29018075,6,6,226,0.0022392022041023713,i2-i31-0184,0.021876768929366942,"void at::native::elementwise_kernel<(int)128, (int)2, void at::native::gpu_kernel_impl_nocast<at::native::CUDAFunctor_add<float>>(at::TensorIteratorBase &, const T1 &)::[lambda(int) (instance 1)]>(int, T3)",0.26858240707964603,encoder,True,0.10987839380137676,scene-0184,0.008204535969834241,0.0017097499999999544
0.0104175,0.011456000000000001,8,8,226,0.0003540697375463758,i2-i31-0184,0.508005457854933,"void at::native::elementwise_kernel<(int)128, (int)2, void at::native::gpu_kernel_impl_nocast<at::native::direct_copy_kernel_cuda(at::TensorIteratorBase &)::[lambda() (instance 3)]::operator ()() const::[lambda() (instance 7)]::operator ()() const::[lambda(float) (instance 1)]>(at::TensorIteratorBase &, const T1 &)::[lambda(int) (instance 1)]>(int, T3)",0.01046912831858407,encoder,True,0.4624419331749172,scene-0184,0.0003082510848674368,0.0008234999999999996
0.48199,0.50501325,6,6,226,0.0009680634842678455,i2-i31-0184,-0.02638793870664142,"void at::native::elementwise_kernel<(int)128, (int)4, void at::native::gpu_kernel_impl<at::native::BinaryFunctor<float, float, float, at::native::binary_internal::DivFunctor<float>>>(at::TensorIteratorBase &, const T1 &)::[lambda(int) (instance 1)]>(int, T3)",0.484551407079646,encoder,True,0.05132605720388565,scene-0184,0.007593446679888115,-6.40000000000085e-05
0.012192000000000001,0.01317625,6,6,226,0.00029178144560189476,i2-i31-0184,0.5064525689931754,"void at::native::reduce_kernel<(int)512, (int)1, at::native::ReduceOp<long, at::native::func_wrapper_t<long, at::native::sum_functor<long, long, long>::operator ()(at::TensorIterator &)::[lambda(long, long) (instance 1)]>, unsigned int, long, (int)4>>(T3)",0.012232942477876105,encoder,True,0.43881993898912575,scene-0184,0.00026769751001493524,0.0004159999999999997
0.008544,0.009432,8,8,226,0.00030047887240060495,i2-i31-0184,0.5261275239381976,"void at::native::unrolled_elementwise_kernel<at::native::BinaryFunctor<float, float, float, at::native::binary_internal::MulFunctor<float>>, std::array<char *, (unsigned long)3>, (int)4, TrivialOffsetCalculator<(int)2, unsigned int>, TrivialOffsetCalculator<(int)1, unsigned int>, at::native::memory::LoadWithCast<(int)2>, at::native::memory::StoreWithCast<(int)1>>(int, T1, T2, T4, T5, T6, T7)",0.008599455752212389,encoder,True,0.4777059797782931,scene-0184,0.0002532364844738653,0.0006320000000000006
0.007968,0.008768000000000001,8,8,226,0.0002856256681481545,i2-i31-0184,0.5075997989706813,"void at::native::unrolled_elementwise_kernel<at::native::CUDAFunctorOnSelf_add<float>, std::array<char *, (unsigned long)2>, (int)4, TrivialOffsetCalculator<(int)1, unsigned int>, TrivialOffsetCalculator<(int)1, unsigned int>, at::native::memory::LoadWithCast<(int)1>, at::native::memory::StoreWithCast<(int)1>>(int, T1, T2, T4, T5, T6, T7)",0.008002761061946903,encoder,True,0.4790934382580263,scene-0184,0.00024002143246249934,0.000616000000000002
4.5014915,4.62234275,6,6,226,0.010562879522750595,i2-i31-0184,0.11936361760102683,"void at::native::vectorized_elementwise_kernel<(int)4, at::native::<unnamed>::launch_clamp_scalar(at::TensorIteratorBase &, c10::Scalar, c10::Scalar, at::native::detail::ClampLimits)::[lambda() (instance 1)]::operator ()() const::[lambda() (instance 7)]::operator ()() const::[lambda(float) (instance 1)], std::array<char *, (unsigned long)2>>(int, T2, T3)",4.525066026548672,encoder,True,0.07526490599102895,scene-0184,0.056501869218584175,0.05355899999999991
0.006288499999999999,0.006744,6,6,226,0.00012701637536916588,i2-i31-0184,0.4400579788469178,"void at::native::vectorized_elementwise_kernel<(int)4, at::native::AUnaryFunctor<long, long, bool, at::native::<unnamed>::CompareEqFunctor<long>>, std::array<char *, (unsigned long)2>>(int, T2, T3)",0.006304340707964601,encoder,True,0.4009363251535166,scene-0184,0.00012754320395001493,0.00021600000000000005
1.9804705,2.02791075,18,18,226,0.003390127323706742,i2-i31-0184,0.10495258767974995,"void at::native::vectorized_elementwise_kernel<(int)4, at::native::CUDAFunctor_add<float>, std::array<char *, (unsigned long)3>>(int, T2, T3)",1.982809685840708,encoder,True,0.08835554963063226,scene-0184,0.015447392773209336,0.0034397500000000747
0.11592249999999998,0.12555225,6,6,226,0.0014350442878968983,i2-i31-0184,0.09420856516877345,"void at::native::vectorized_elementwise_kernel<(int)4, at::native::FillFunctor<float>, std::array<char *, (unsigned long)1>>(int, T2, T3)",0.1168990575221239,encoder,True,0.1912206717762954,scene-0184,0.0030213669723565457,0.00027449999999999697
3.1559875,3.2150615,6,6,226,0.013371860604543057,i2-i31-0184,0.27405827585618725,"void ms_deformable_im2col_gpu_kernel<float>(int, const T1 *, const long *, const long *, const T1 *, const T1 *, int, int, int, int, int, int, int, T1 *)",3.157047247787611,encoder,True,0.2802959033071895,scene-0184,0.019206494357046897,0.015783499999999506
0.005888,0.006368749999999999,4,4,226,0.00016771065007146655,i2-i31-0184,0.4855238937809019,"void at::native::<unnamed>::ComputeFusedParamsCUDAKernel<float>(long, long, long, const T1 *, const T1 *, const T1 *, const T1 *, at::AccumulateType<T1, (bool)1>::type *, at::AccumulateType<T1, (bool)1>::type *)",0.005902084070796461,neck,True,0.4298575590188983,scene-0184,0.00015707573003968304,0.00042425000000000015
0.054561,0.059361,4,4,226,0.0016608976184553398,i2-i31-0184,0.5191120416971337,"void at::native::<unnamed>::RowwiseMomentsCUDAKernel<float>(long, T1, const T1 *, T1 *, T1 *)",0.054793553097345134,neck,True,0.4589552662803025,scene-0184,0.0014569529178057865,0.003656249999999993
0.026785000000000003,0.02986425,4,4,226,0.0010840806177242885,i2-i31-0184,0.5458825785398884,"void at::native::elementwise_kernel<(int)128, (int)2, void at::native::gpu_kernel_impl_nocast<void at::native::<unnamed>::GroupNormKernelImplInternal<float>(const at::Tensor &, const at::Tensor &, const at::Tensor &, long, long, long, long, T1, at::Tensor &, at::Tensor &, at::Tensor &)::[lambda(float, float, float) (instance 2)]>(at::TensorIteratorBase &, const T1 &)::[lambda(int) (instance 1)]>(int, T3)",0.027008831858407082,neck,True,0.4904636438884693,scene-0184,0.0008898724717487294,0.0024394999999999972
0.003904,0.00432,1,1,226,0.00011097751399020958,i2-i31-0184,0.504239032646377,"void cublasLt::splitKreduce_kernel<(int)32, (int)16, int, float, float, float, (bool)0, float, float, float, (bool)1, (bool)0, (bool)0>(cublasLt::cublasSplitKParams<T6>, const T4 *, const T9 *, T8 *, T5 *, const T6 *, const T6 *, const T10 *, const T4 *, T10 *, void *, long, T6 *, int *, T6 *, const T6 *, const T6 *, const T6 *, const T6 *)",0.003939730088495575,neck,True,0.42542037431005586,scene-0184,0.00010502428154551436,0.00034424999999999994
0.083105,0.101385,2,2,226,-0.000572015920623605,i2-i31-0184,-0.028721193174227496,"void cudnn::engines_precompiled::nchwToNhwcKernel<float, float, float, (bool)0, (bool)1, (cudnnKernelDataType_t)2>(cudnn::engines_precompiled::nchw2nhwc_params_t<T3>, const T1 *, T2 *)",0.0842326238938053,neck,True,-0.05319345509550958,scene-0184,0.004329352311627012,-0.0007759999999999989
0.001632,0.001792,1,1,226,5.476538820956343e-05,i2-i31-0184,0.4937285766349509,"void cudnn::engines_precompiled::nhwcToNchwKernel<float, float, float, (bool)1, (bool)0, (cudnnKernelDataType_t)0>(cudnn::engines_precompiled::nhwc2nchw_params_t<T3>, const T1 *, T2 *)",0.0016345619469026551,neck,True,0.42129684534747275,scene-0184,5.233484907848665e-05,0.00011200000000000012
0.15161750000000002,0.16472975,1,1,226,0.0042193578988098815,i2-i31-0184,0.5188431950180623,void cutlass::Kernel2<cutlass_80_tensorop_s1688gemm_128x128_32x3_nn_align1>(T1::Params),0.15258878761061945,neck,True,0.47243173819218715,scene-0184,0.0035956740169690964,0.009832000000000007
0.039376,0.042856000000000005,1,1,226,0.0011195887529507997,i2-i31-0184,0.49699684091002955,void cutlass::Kernel2<cutlass_80_tensorop_s1688gemm_256x64_16x4_nn_align4>(T1::Params),0.039656818584070795,neck,True,0.449270956611042,scene-0184,0.001003282403978316,0.0026807500000000026
0.089057,0.09752925,1,1,226,0.0010939417590487687,i2-i31-0184,0.30373782812048206,void cutlass::Kernel2<cutlass_80_tensorop_s1688gemm_64x64_16x6_nn_align4>(T1::Params),0.08967395132743362,neck,True,0.15877607388947823,scene-0184,0.0027738447794465426,0.005960000000000007
0.22629100000000002,0.24845075,1,1,226,0.0077374195592514895,i2-i31-0184,0.5048996137627156,void cutlass__5x_cudnn::Kernel<cutlass_tensorop_s1688fprop_optimized_tf32_64x64_32x5_nhwc_align4>(T1::Params),0.22707415486725663,neck,True,0.4508978706688414,scene-0184,0.006908614747096825,0.017871500000000012
0.009984,0.010696250000000003,12,12,226,0.00017114605919470326,i2-i31-0184,0.3388202099819615,"void <unnamed>::elementwise_kernel_with_index<int, at::native::arange_cuda_out(const c10::Scalar &, const c10::Scalar &, const c10::Scalar &, at::Tensor &)::[lambda() (instance 1)]::operator ()() const::[lambda() (instance 7)]::operator ()() const::[lambda(long) (instance 1)]>(T1, T2, function_traits<T2>::result_type *)",0.010030579646017697,positional_encoding,True,0.27467341197743395,scene-0184,0.0002508553073973766,0.000280250000000001
0.029408999999999998,0.04871225,4,4,226,-3.772016004053975e-05,i2-i31-0184,0.027278146285703585,"void at::native::<unnamed>::CatArrayBatchedCopy_aligned16_contig<at::native::<unnamed>::OpaqueType<(unsigned int)4>, unsigned int, (int)4, (int)128, (int)1>(T1 *, at::native::<unnamed>::CatArrInputTensorMetadata<T1, T2, T4, T5>, at::native::<unnamed>::TensorSizeStride<T2, (unsigned int)4>, int, T2)",0.029965756637168144,positional_encoding,True,-0.004865041621350995,scene-0184,0.0031214758504627777,0.00019974999999999854
0.04076800000000001,0.04596800000000001,16,16,226,0.0015215796843408283,i2-i31-0184,0.526263627024257,"void at::native::elementwise_kernel<(int)128, (int)2, void at::native::gpu_kernel_impl_nocast<at::native::BinaryFunctor<float, float, float, at::native::binary_internal::DivFunctor<float>>>(at::TensorIteratorBase &, const T1 &)::[lambda(int) (instance 1)]>(int, T3)",0.04103078761061947,positional_encoding,True,0.4698310645472166,scene-0184,0.0013038450587365214,0.004087499999999994
0.00448,0.004888,4,4,226,0.0001338496108787937,i2-i31-0184,0.49578555763555093,"void at::native::elementwise_kernel<(int)128, (int)2, void at::native::gpu_kernel_impl_nocast<at::native::CUDAFunctorOnSelf_add<float>>(at::TensorIteratorBase &, const T1 &)::[lambda(int) (instance 1)]>(int, T3)",0.004504681415929204,positional_encoding,True,0.45483928521585915,scene-0184,0.00011847648401793414,0.00030400000000000045
0.025216999999999996,0.03020875,8,8,226,0.000623147088136735,i2-i31-0184,0.2661725592985892,"void at::native::elementwise_kernel<(int)128, (int)2, void at::native::gpu_kernel_impl_nocast<at::native::cos_kernel_cuda(at::TensorIteratorBase &)::[lambda() (instance 2)]::operator ()() const::[lambda() (instance 2)]::operator ()() const::[lambda(float) (instance 1)]>(at::TensorIteratorBase &, const T1 &)::[lambda(int) (instance 1)]>(int, T3)",0.025488194690265486,positional_encoding,True,0.22554430314664006,scene-0184,0.001112325057207722,0.0016719999999999999
0.0710565,0.08544074999999998,24,24,226,0.0007173927317488188,i2-i31-0184,0.13009332336821366,"void at::native::elementwise_kernel<(int)128, (int)2, void at::native::gpu_kernel_impl_nocast<at::native::direct_copy_kernel_cuda(at::TensorIteratorBase &)::[lambda() (instance 3)]::operator ()() const::[lambda() (instance 7)]::operator ()() const::[lambda(float) (instance 1)]>(at::TensorIteratorBase &, const T1 &)::[lambda(int) (instance 1)]>(int, T3)",0.0717184867256637,positional_encoding,True,0.10168123585916099,scene-0184,0.002840463211990842,0.0017184999999999978
0.02384,0.030311999999999995,8,8,226,0.0009666503726669989,i2-i31-0184,0.2893463165955102,"void at::native::elementwise_kernel<(int)128, (int)2, void at::native::gpu_kernel_impl_nocast<at::native::sin_kernel_cuda(at::TensorIteratorBase &)::[lambda() (instance 2)]::operator ()() const::[lambda() (instance 2)]::operator ()() const::[lambda(float) (instance 1)]>(at::TensorIteratorBase &, const T1 &)::[lambda(int) (instance 1)]>(int, T3)",0.024292535398230092,positional_encoding,True,0.2684621340852983,scene-0184,0.001449637440508473,0.002744499999999997
0.007232000000000001,0.00796,4,4,226,0.0002197189521712825,i2-i31-0184,0.502300402462272,"void at::native::elementwise_kernel<(int)128, (int)4, void at::native::gpu_kernel_impl<at::native::<unnamed>::pow_tensor_tensor_kernel(at::TensorIteratorBase &)::[lambda() (instance 1)]::operator ()() const::[lambda() (instance 7)]::operator ()() const::[lambda(float, float) (instance 1)]>(at::TensorIteratorBase &, const T1 &)::[lambda(int) (instance 1)]>(int, T3)",0.007282924778761062,positional_encoding,True,0.43321573081186443,scene-0184,0.00020419086725651748,0.0004399999999999994
0.001696,0.001856,2,2,226,5.253736474434013e-05,i2-i31-0184,0.42754722405426937,"void at::native::unrolled_elementwise_kernel<at::native::CUDAFunctorOnSelf_add<float>, std::array<char *, (unsigned long)2>, (int)4, TrivialOffsetCalculator<(int)1, unsigned int>, TrivialOffsetCalculator<(int)1, unsigned int>, at::native::memory::LoadWithoutCast, at::native::memory::StoreWithoutCast>(int, T1, T2, T4, T5, T6, T7)",0.0016896548672566372,positional_encoding,True,0.386808239346758,scene-0184,5.468214992625656e-05,0.00011200000000000012
0.000864,0.000928,1,1,226,2.7230656663651357e-05,i2-i31-0184,0.4496915124665446,"void at::native::vectorized_elementwise_kernel<(int)2, at::native::CUDAFunctorOnSelf_add<float>, std::array<char *, (unsigned long)2>>(int, T2, T3)",0.0008566371681415929,positional_encoding,True,0.38599545253367046,scene-0184,2.8402001034734137e-05,5.600000000000006e-05
0.011359999999999999,0.012344,12,12,226,0.0003234389265298242,i2-i31-0184,0.5157225372085112,"void at::native::vectorized_elementwise_kernel<(int)4, at::native::AUnaryFunctor<float, float, float, at::native::binary_internal::MulFunctor<float>>, std::array<char *, (unsigned long)2>>(int, T2, T3)",0.011392938053097344,positional_encoding,True,0.4612427140372179,scene-0184,0.0002823161876175364,0.0007599999999999985
0.0033604999999999998,0.00370425,4,4,226,9.478761922546756e-05,i2-i31-0184,0.4644867705640944,"void at::native::vectorized_elementwise_kernel<(int)4, at::native::BUnaryFunctor<float, float, float, at::native::binary_internal::MulFunctor<float>>, std::array<char *, (unsigned long)2>>(int, T2, T3)",0.003395309734513274,positional_encoding,True,0.4134378255499071,scene-0184,9.230270321222184e-05,0.00025675000000000047
0.009312,0.010008000000000003,9,9,226,0.00020409021164152332,i2-i31-0184,0.3788129528821504,"void at::native::vectorized_elementwise_kernel<(int)4, at::native::CUDAFunctorOnSelf_add<float>, std::array<char *, (unsigned long)2>>(int, T2, T3)",0.009336061946902653,positional_encoding,True,0.3460310040892449,scene-0184,0.0002374543750562997,0.0003830000000000014
0.0029760000000000003,0.003264,4,4,226,8.939478228824734e-05,i2-i31-0184,0.5134717269521514,"void at::native::vectorized_elementwise_kernel<(int)4, at::native::FillFunctor<long>, std::array<char *, (unsigned long)1>>(int, T2, T3)",0.0029840884955752212,positional_encoding,True,0.4396200499132157,scene-0184,8.186677689810208e-05,0.00019999999999999966
0.004352,0.0047367500000000005,4,4,226,0.00012527784373556565,i2-i31-0184,0.49906172330313847,"void at::native::vectorized_elementwise_kernel<(int)4, at::native::binary_internal::div_floor_kernel_cuda(at::TensorIteratorBase &)::[lambda() (instance 2)]::operator ()() const::[lambda() (instance 2)]::operator ()() const::[lambda(float) (instance 1)], std::array<char *, (unsigned long)2>>(int, T2, T3)",0.0043744380530973456,positional_encoding,True,0.43980856518821476,scene-0184,0.00011467892139420753,0.00028000000000000073
0.5274939999999999,0.545582,3,3,226,0.00021127839418160591,i2-i31-0184,0.030612193540544688,ampere_sgemm_128x64_tn,0.528694314159292,unresolved,True,0.011091731498167367,scene-0184,0.007668823671114691,-0.004737000000000102
0.131441,0.14108125,2,2,226,0.0007787514019448689,i2-i31-0184,0.020138214278682624,ampere_sgemm_32x128_tn,0.13216470796460178,unresolved,True,0.07894789657717749,scene-0184,0.003971287151589399,-0.001503750000000026
0.002048,0.00224,1,1,226,6.176244957432708e-05,i2-i31-0184,0.3824813856405101,reduction_prod_kernel,0.00205029203539823,unresolved,True,0.33055767948721565,scene-0184,7.522293491060502e-05,7.225000000000027e-05
0.006848000000000002,0.007296,8,8,226,9.263954293792722e-05,i2-i31-0184,0.1593808370578618,"void <unnamed>::elementwise_kernel_with_index<int, at::native::linspace_cuda_out(const c10::Scalar &, const c10::Scalar &, long, at::Tensor &)::[lambda() (instance 2)]::operator ()() const::[lambda() (instance 2)]::operator ()() const::[lambda(long) (instance 1)]>(T1, T2, function_traits<T2>::result_type *)",0.0068452345132743375,unresolved,True,0.15136803153560793,scene-0184,0.00024639690776056194,2.3999999999999716e-05
0.12342550000000002,0.15207375,5,5,226,-0.0018853042291938865,i2-i31-0184,-0.13421421566463276,"void at::native::<unnamed>::CatArrayBatchedCopy<at::native::<unnamed>::OpaqueType<(unsigned int)4>, unsigned int, (int)3, (int)64, (int)64>(T1 *, at::native::<unnamed>::CatArrInputTensorMetadata<T1, T2, T4, T5>, at::native::<unnamed>::TensorSizeStride<T2, (unsigned int)4>, int, T2)",0.12452881858407079,unresolved,True,-0.1335234685050237,scene-0184,0.005684559925511762,-0.003848499999999991
0.085489,0.11337775,2,2,226,-0.0009239300311081921,i2-i31-0184,-0.12345726400236708,"void at::native::<unnamed>::CatArrayBatchedCopy_aligned16_contig<at::native::<unnamed>::OpaqueType<(unsigned int)4>, unsigned int, (int)3, (int)128, (int)1>(T1 *, at::native::<unnamed>::CatArrInputTensorMetadata<T1, T2, T4, T5>, at::native::<unnamed>::TensorSizeStride<T2, (unsigned int)4>, int, T2)",0.08665739380530973,unresolved,True,-0.06938505341963731,scene-0184,0.005361004468501128,-0.00028750000000000997
0.007921000000000001,0.008511999999999999,4,4,226,0.00013021984045966036,i2-i31-0184,0.1470063668924866,"void at::native::<unnamed>::CatArrayBatchedCopy_aligned16_contig<at::native::<unnamed>::OpaqueType<(unsigned int)4>, unsigned int, (int)4, (int)128, (int)1>(T1 *, at::native::<unnamed>::CatArrInputTensorMetadata<T1, T2, T4, T5>, at::native::<unnamed>::TensorSizeStride<T2, (unsigned int)4>, int, T2)",0.007919721238938053,unresolved,True,0.17581892575342348,scene-0184,0.00029818414633264566,1.5999999999998654e-05
0.003664,0.004224,2,2,226,7.47153784998401e-05,i2-i31-0184,0.1451052368755652,"void at::native::<unnamed>::CatArrayBatchedCopy_aligned16_contig<at::native::<unnamed>::OpaqueType<(unsigned int)8>, unsigned int, (int)1, (int)128, (int)1>(T1 *, at::native::<unnamed>::CatArrInputTensorMetadata<T1, T2, T4, T5>, at::native::<unnamed>::TensorSizeStride<T2, (unsigned int)4>, int, T2)",0.0036783539823008857,unresolved,True,0.12198497028302525,scene-0184,0.00024659069739481945,-0.00015249999999999986
0.087233,0.09080099999999999,1,1,226,0.00031000956548086963,i2-i31-0184,0.10256520357957488,"void at::native::<unnamed>::vectorized_layer_norm_kernel<float, float>(int, T2, const T1 *, const T1 *, const T1 *, T2 *, T2 *, T1 *)",0.0872026814159292,unresolved,True,0.10308046202822661,scene-0184,0.0012107981552845516,-0.001096249999999993
0.004832,0.005216,2,2,226,7.669086131290683e-05,i2-i31-0184,0.07006298424962756,"void at::native::_scatter_gather_elementwise_kernel<(int)128, (int)4, void at::native::_cuda_scatter_gather_internal_kernel<(bool)0, at::native::OpaqueType<(int)4>>::operator ()<at::native::TensorAssign>(at::TensorIterator &, long, long, long, const T1 &)::[lambda(int) (instance 1)]>(int, T3)",0.004841398230088495,unresolved,True,0.16213066074050764,scene-0184,0.00019043706320229575,7.949999999999971e-05
0.027969,0.03341625,2,2,226,0.00017293419751626313,i2-i31-0184,0.0025768027902640907,"void at::native::elementwise_kernel<(int)128, (int)2, void at::native::gpu_kernel_impl_nocast<at::native::<unnamed>::masked_fill_kernel(at::TensorIterator &, const c10::Scalar &)::[lambda() (instance 1)]::operator ()() const::[lambda() (instance 7)]::operator ()() const::[lambda(float, bool) (instance 1)]>(at::TensorIteratorBase &, const T1 &)::[lambda(int) (instance 1)]>(int, T3)",0.027981513274336286,unresolved,True,0.034528580548525464,scene-0184,0.002016392951041446,-0.000678999999999999
0.030881,0.034105,4,4,226,0.0008807968083071019,i2-i31-0184,0.4981806834192618,"void at::native::elementwise_kernel<(int)128, (int)2, void at::native::gpu_kernel_impl_nocast<at::native::CUDAFunctor_add<float>>(at::TensorIteratorBase &, const T1 &)::[lambda(int) (instance 1)]>(int, T3)",0.03101134513274336,unresolved,True,0.42510523281815454,scene-0184,0.0008341656344288893,0.003047499999999998
0.003136,0.00335225,2,2,226,5.281508532291888e-05,i2-i31-0184,0.10379740003705301,"void at::native::elementwise_kernel<(int)128, (int)2, void at::native::gpu_kernel_impl_nocast<at::native::direct_copy_kernel_cuda(at::TensorIteratorBase &)::[lambda() (instance 3)]::operator ()() const::[lambda() (instance 4)]::operator ()() const::[lambda(long) (instance 1)]>(at::TensorIteratorBase &, const T1 &)::[lambda(int) (instance 1)]>(int, T3)",0.0031426725663716813,unresolved,True,0.17740752828673492,scene-0184,0.00011985577191589615,8.000000000000194e-06
0.009632,0.010272,4,4,226,0.0001839829883921759,i2-i31-0184,0.20907316026830483,"void at::native::elementwise_kernel<(int)128, (int)4, void at::native::gpu_kernel_impl<at::native::BinaryFunctor<float, float, float, at::native::binary_internal::DivFunctor<float>>>(at::TensorIteratorBase &, const T1 &)::[lambda(int) (instance 1)]>(int, T3)",0.009655181415929205,unresolved,True,0.2068875013879522,scene-0184,0.00035802753368403286,0.00011200000000000272
0.00512,0.0054399999999999995,4,4,226,8.319862098692132e-05,i2-i31-0184,0.16099161249894275,"void at::native::index_elementwise_kernel<(int)128, (int)4, void at::native::flip_kernel_impl<at::native::OpaqueType<(int)8>>(at::TensorIterator &)::[lambda(int) (instance 1)]>(long, T3)",0.00512641592920354,unresolved,True,0.19060614640311188,scene-0184,0.00017573256157464934,4.800000000000117e-05
0.001056,0.00112,1,1,226,1.3564370891635217e-05,i2-i31-0184,0.03513295578843616,"void at::native::mbtopk::computeBlockwiseKthCounts<unsigned int>(T1 *, short *, unsigned int, unsigned int, unsigned int *)",0.001044553097345133,unresolved,True,0.13409807451689845,scene-0184,4.072397169895669e-05,-8.000000000000194e-06
0.005632,0.005976,4,4,226,6.878336319887441e-05,i2-i31-0184,0.07140464361457576,"void at::native::mbtopk::computeBlockwiseWithinKCounts<unsigned int>(T1 *, short *, unsigned int, int, bool, unsigned int *, unsigned int)",0.005623146017699115,unresolved,True,0.13172515437002816,scene-0184,0.0002102266179417369,-7.999999999999327e-06
0.000768,0.000832,1,1,226,7.067259411300641e-06,i2-i31-0184,0.04942109825143979,"void at::native::mbtopk::fill<unsigned int, unsigned int>(T1 *, T1, T2)",0.0007760707964601771,unresolved,True,0.09631040474133253,scene-0184,2.954274443790172e-05,-2.3999999999999933e-05
0.003776,0.004032,1,1,226,4.1682095868198056e-05,i2-i31-0184,-0.0067456499737101406,"void at::native::mbtopk::gatherTopK<float, unsigned int, (int)1>(at::cuda::detail::TensorInfo<const T1, T2>, T2, T2, bool, unsigned int, T2, at::cuda::detail::TensorInfo<T1, T2>, T2, at::cuda::detail::TensorInfo<long, T2>, T2, unsigned int, unsigned int, T1 *, unsigned int *, unsigned int *, unsigned int)",0.0037617477876106193,unresolved,True,0.10746707298938431,scene-0184,0.00015615185234469864,-4.7999999999999866e-05
0.011648,0.012288,4,4,226,0.0001758844969825717,i2-i31-0184,0.09248962126364914,"void at::native::mbtopk::radixFindKthValues<float, unsigned int, unsigned int, (int)1>(at::cuda::detail::TensorInfo<const T1, T2>, unsigned int, unsigned int *, unsigned int, T2, int, int, unsigned int, T3, unsigned int *, T3 *, short *, T1 *)",0.011631283185840708,unresolved,True,0.16599147221615254,scene-0184,0.0004265940531435726,5.600000000000223e-05
0.013568,0.014392,1,1,226,0.00017457335279211429,i2-i31-0184,0.05979030825108254,"void at::native::radixSortKVInPlace<(int)-2, (int)-1, (int)32, (int)32, float, long, unsigned int>(at::cuda::detail::TensorInfo<T5, T7>, T7, T7, T7, at::cuda::detail::TensorInfo<T6, T7>, T7, bool)",0.013585681415929205,unresolved,True,0.14188871072773454,scene-0184,0.0004953396843873591,-8.825000000000152e-05
0.023104,0.02440875,1,1,226,-1.4679506193557766e-05,i2-i31-0184,-0.020582690558020294,"void at::native::reduce_kernel<(int)512, (int)1, at::native::ReduceOp<float, at::native::MaxOps<float>, unsigned int, float, (int)4>>(T3)",0.023047526548672564,unresolved,True,-0.012947138872484143,scene-0184,0.00045646833164058936,5.6000000000000494e-05
0.002848,0.003104,1,1,226,2.9185922228401453e-05,i2-i31-0184,0.0929665205016319,"void at::native::reduce_kernel<(int)512, (int)1, at::native::ReduceOp<long, at::native::func_wrapper_t<long, at::native::sum_functor<long, long, long>::operator ()(at::TensorIterator &)::[lambda(long, long) (instance 1)]>, unsigned int, long, (int)4>>(T3)",0.002835309734513274,unresolved,True,0.0968898953470544,scene-0184,0.00012127406829059759,-3.999999999999967e-05
0.0034879999999999998,0.003712,4,4,226,4.7855015067153574e-05,i2-i31-0184,0.1789307362879953,"void at::native::unrolled_elementwise_kernel<at::native::BinaryFunctor<long, long, long, at::native::binary_internal::MulFunctor<long>>, std::array<char *, (unsigned long)3>, (int)4, TrivialOffsetCalculator<(int)2, unsigned int>, TrivialOffsetCalculator<(int)1, unsigned int>, at::native::memory::LoadWithoutCast, at::native::memory::StoreWithoutCast>(int, T1, T2, T4, T5, T6, T7)",0.0034744513274336283,unresolved,True,0.1533464317474818,scene-0184,0.00012563967238495572,4.0000000000000105e-05
0.003552,0.003776,4,4,226,5.201910299135773e-05,i2-i31-0184,0.16832794382136002,"void at::native::unrolled_elementwise_kernel<at::native::CUDAFunctorOnSelf_add<long>, std::array<char *, (unsigned long)2>, (int)4, TrivialOffsetCalculator<(int)1, unsigned int>, TrivialOffsetCalculator<(int)1, unsigned int>, at::native::memory::LoadWithoutCast, at::native::memory::StoreWithoutCast>(int, T1, T2, T4, T5, T6, T7)",0.003549632743362832,unresolved,True,0.15893092429628164,scene-0184,0.00013177331228487462,2.3999999999999716e-05
0.00224,0.002456,1,1,226,3.954883301776541e-05,i2-i31-0184,0.1740529831030825,"void at::native::unrolled_elementwise_kernel<at::native::direct_copy_kernel_cuda(at::TensorIteratorBase &)::[lambda() (instance 3)]::operator ()() const::[lambda() (instance 4)]::operator ()() const::[lambda(long) (instance 1)], std::array<char *, (unsigned long)2>, (int)4, TrivialOffsetCalculator<(int)1, unsigned int>, TrivialOffsetCalculator<(int)1, unsigned int>, at::native::memory::LoadWithCast<(int)1>, at::native::memory::StoreWithCast<(int)1>>(int, T1, T2, T4, T5, T6, T7)",0.0022370530973451325,unresolved,True,0.16816668648525215,scene-0184,9.468184645394585e-05,-2.3999999999999716e-05
0.001824,0.0019520000000000002,2,2,226,2.4833573118437017e-05,i2-i31-0184,0.14614953606434716,"void at::native::vectorized_elementwise_kernel<(int)2, at::native::CUDAFunctorOnSelf_add<long>, std::array<char *, (unsigned long)2>>(int, T2, T3)",0.0018343539823008847,unresolved,True,0.14847281847909266,scene-0184,6.733878425300134e-05,7.500000000000995e-07
0.143505,0.170794,2,2,226,-0.0009121494448747246,i2-i31-0184,-0.03952167053233428,"void at::native::vectorized_elementwise_kernel<(int)4, at::native::<unnamed>::launch_clamp_scalar(at::TensorIteratorBase &, c10::Scalar, c10::Scalar, at::native::detail::ClampLimits)::[lambda() (instance 1)]::operator ()() const::[lambda() (instance 7)]::operator ()() const::[lambda(float) (instance 1)], std::array<char *, (unsigned long)2>>(int, T2, T3)",0.14459534955752215,unresolved,True,-0.07765400545560841,scene-0184,0.004729063536825411,-0.0023039999999999727
0.008,0.00848,8,8,226,8.538266775350153e-05,i2-i31-0184,0.11098317694400635,"void at::native::vectorized_elementwise_kernel<(int)4, at::native::AUnaryFunctor<float, float, float, at::native::binary_internal::MulFunctor<float>>, std::array<char *, (unsigned long)2>>(int, T2, T3)",0.00800308849557522,unresolved,True,0.12023631020294503,scene-0184,0.0002858953505403129,-3.199999999999904e-05
0.00128,0.00140025,1,1,226,1.4596947461375224e-05,i2-i31-0184,0.11230723718976766,"void at::native::vectorized_elementwise_kernel<(int)4, at::native::AUnaryFunctor<long, long, bool, at::native::<unnamed>::CompareEqFunctor<long>>, std::array<char *, (unsigned long)2>>(int, T2, T3)",0.0012931725663716813,unresolved,True,0.11937294433546054,scene-0184,4.9229922456724944e-05,-7.99999999999976e-06
0.001536,0.001632,1,1,226,1.709547679336668e-05,i2-i31-0184,0.10078426927017665,"void at::native::vectorized_elementwise_kernel<(int)4, at::native::BinaryFunctor<bool, bool, bool, at::native::BitwiseAndFunctor<bool>>, std::array<char *, (unsigned long)3>>(int, T2, T3)",0.0015279513274336282,unresolved,True,0.1207673766912038,scene-0184,5.6990779591219056e-05,0.0
0.001472,0.001592,1,1,226,1.3258026211800438e-05,i2-i31-0184,0.10742183909765782,"void at::native::vectorized_elementwise_kernel<(int)4, at::native::BinaryFunctor<float, float, float, at::native::binary_internal::DivFunctor<float>>, std::array<char *, (unsigned long)3>>(int, T2, T3)",0.0014834867256637166,unresolved,True,0.09850196926291002,scene-0184,5.418848047982476e-05,0.0
0.001216,0.001344,1,1,226,1.0036304116342896e-05,i2-i31-0184,0.11156973577353875,"void at::native::vectorized_elementwise_kernel<(int)4, at::native::CUDAFunctorOnOther_add<float>, std::array<char *, (unsigned long)2>>(int, T2, T3)",0.0012236592920353982,unresolved,True,0.07690916447110735,scene-0184,5.2537418838955626e-05,-2.168404344971009e-19
0.004064,0.00431225,4,4,226,5.3235602455186176e-05,i2-i31-0184,0.1518836258738158,"void at::native::vectorized_elementwise_kernel<(int)4, at::native::CUDAFunctorOnSelf_add<float>, std::array<char *, (unsigned long)2>>(int, T2, T3)",0.00405624778761062,unresolved,True,0.14878488499554196,scene-0184,0.00014405103145499144,0.0
0.002784,0.0029760000000000003,3,3,226,3.7650411798380355e-05,i2-i31-0184,0.11670246283923286,"void at::native::vectorized_elementwise_kernel<(int)4, at::native::CUDAFunctorOnSelf_add<long>, std::array<char *, (unsigned long)2>>(int, T2, T3)",0.002780902654867257,unresolved,True,0.14514129048253943,scene-0184,0.00010443636878834435,3.2000000000000344e-05
0.002144,0.0024879999999999998,1,1,226,-2.603820968453377e-05,i2-i31-0184,-0.06313616436533714,"void at::native::vectorized_elementwise_kernel<(int)4, at::native::CUDAFunctor_add<float>, std::array<char *, (unsigned long)3>>(int, T2, T3)",0.002135530973451328,unresolved,True,-0.06575945352605045,scene-0184,0.00015941380842004118,-6.399999999999982e-05
0.002912,0.0031279999999999997,3,3,226,3.3148403569136376e-05,i2-i31-0184,0.11295370270041513,"void at::native::vectorized_elementwise_kernel<(int)4, at::native::CUDAFunctor_add<long>, std::array<char *, (unsigned long)3>>(int, T2, T3)",0.002924057522123894,unresolved,True,0.1254269919783535,scene-0184,0.00010640073383314514,-3.199999999999991e-05
0.004288,0.004512,5,5,226,7.841140813537498e-05,i2-i31-0184,0.2206895876484257,"void at::native::vectorized_elementwise_kernel<(int)4, at::native::FillFunctor<float>, std::array<char *, (unsigned long)1>>(int, T2, T3)",0.00426553982300885,unresolved,True,0.22872628011877766,scene-0184,0.00013801814908219454,4.0000000000000105e-05
0.00096,0.001152,1,1,226,-1.7510372504189905e-05,i2-i31-0184,-0.09429942988556304,"void at::native::vectorized_elementwise_kernel<(int)4, at::native::FillFunctor<long>, std::array<char *, (unsigned long)1>>(int, T2, T3)",0.0009175398230088495,unresolved,True,-0.061565711111053675,scene-0184,0.00011450633057417217,0.00014400000000000003
0.002624,0.002752,2,2,226,2.8766219639990313e-05,i2-i31-0184,0.1191804057584216,"void at::native::vectorized_elementwise_kernel<(int)4, at::native::bitwise_not_kernel_cuda(at::TensorIteratorBase &)::[lambda(bool) (instance 1)], std::array<char *, (unsigned long)2>>(int, T2, T3)",0.00261,unresolved,True,0.1270567804723881,scene-0184,9.115026978246387e-05,-4.0000000000000105e-05
0.001344,0.00144,1,1,226,1.534278772813216e-05,i2-i31-0184,0.0967459919167404,"void at::native::vectorized_elementwise_kernel<(int)4, at::native::log_kernel_cuda(at::TensorIteratorBase &)::[lambda() (instance 2)]::operator ()() const::[lambda() (instance 2)]::operator ()() const::[lambda(float) (instance 1)], std::array<char *, (unsigned long)2>>(int, T2, T3)",0.001348411504424779,unresolved,True,0.12790101443607446,scene-0184,4.8295125630684584e-05,-3.200000000000013e-05
0.00224,0.0024000000000000002,2,2,226,3.452131398615077e-05,i2-i31-0184,0.09304187798630532,"void at::native::vectorized_elementwise_kernel<(int)4, at::native::sigmoid_kernel_cuda(at::TensorIteratorBase &)::[lambda() (instance 2)]::operator ()() const::[lambda() (instance 2)]::operator ()() const::[lambda(float) (instance 1)], std::array<char *, (unsigned long)2>>(int, T2, T3)",0.002249221238938053,unresolved,True,0.16835439118568965,scene-0184,8.255357440021989e-05,-1.5999999999999955e-05
0.0028799999999999997,0.003064,2,2,226,3.599602093836031e-05,i2-i31-0184,0.11733559017834261,"void at::native::vectorized_elementwise_kernel<(int)4, void at::native::compare_scalar_kernel<float>(at::TensorIteratorBase &, at::native::<unnamed>::OpType, T1)::[lambda(float) (instance 1)], std::array<char *, (unsigned long)2>>(int, T2, T3)",0.0028647123893805306,unresolved,True,0.1206055928284195,scene-0184,0.00012016003902815038,-4.0000000000000105e-05
0.001536,0.0016327499999999999,2,2,226,2.2446913231195955e-05,i2-i31-0184,0.08668577244801594,"void at_cuda_detail::cub::DeviceScanByKeyInitKernel<at_cuda_detail::cub::ReduceByKeyScanTileState<unsigned int, int, (bool)1>, at_cuda_detail::cub::TransformInputIterator<unsigned int, at::native::mbtopk::BlockIdxToKey, at_cuda_detail::cub::CountingInputIterator<unsigned int, unsigned int>, long>>(T1, T2, std::iterator_traits<T2>::value_type *, unsigned int, int)",0.001539982300884956,unresolved,True,0.15294273968016042,scene-0184,5.908820200297912e-05,1.5999999999999955e-05
0.0041919999999999995,0.0044480000000000006,2,2,226,6.218184911653298e-05,i2-i31-0184,0.07873082696670196,"void at_cuda_detail::cub::DeviceScanByKeyKernel<at_cuda_detail::cub::DeviceScanByKeyPolicy<at_cuda_detail::cub::TransformInputIterator<unsigned int, at::native::mbtopk::BlockIdxToKey, at_cuda_detail::cub::CountingInputIterator<unsigned int, unsigned int>, long>, unsigned int, unsigned int, cuda::std::__4::plus<void>>::Policy900, at_cuda_detail::cub::TransformInputIterator<unsigned int, at::native::mbtopk::BlockIdxToKey, at_cuda_detail::cub::CountingInputIterator<unsigned int, unsigned int>, long>, unsigned int *, unsigned int *, at_cuda_detail::cub::ReduceByKeyScanTileState<unsigned int, int, (bool)1>, cuda::std::__4::equal_to<void>, cuda::std::__4::plus<void>, at_cuda_detail::cub::NullType, int, unsigned int, unsigned int>(T2, T11 *, T3, T4, T5, int, T6, T7, T8, T9)",0.004191756637168142,unresolved,True,0.1685405732348074,scene-0184,0.00014853615535316122,-3.999999999999924e-05
0.000768,0.000832,1,1,226,2.6647902196067604e-05,i2-i31-0184,0.41472917495322975,"void at_cuda_detail::cub::DeviceScanInitKernel<at_cuda_detail::cub::ScanTileState<long, (bool)1>>(T1, int)",0.0007595132743362831,unresolved,True,0.41146396337447616,scene-0184,2.6073794203107043e-05,5.599999999999995e-05
0.001248,0.001376,1,1,226,3.91155083215342e-05,i2-i31-0184,0.41992055002321105,"void at_cuda_detail::cub::DeviceScanKernel<at_cuda_detail::cub::DeviceScanPolicy<long, std::plus<long>>::Policy900, const long *, long *, at_cuda_detail::cub::ScanTileState<long, (bool)1>, std::plus<long>, at_cuda_detail::cub::NullType, int, long>(T2, T3, T4, int, T5, T6, T7)",0.001247588495575221,unresolved,True,0.3790074567158654,scene-0184,4.1550306969276794e-05,4.7999999999999866e-05
0.832458,0.92295348,3,3,225,0.014077060979524512,i2-i31-0245,0.29731332316059683,_5x_cudnn_ampere_scudnn_128x128_relu_small_nn_v1,0.8369119866666667,backbone,True,0.2810401973607818,scene-0245,0.020256600410945347,0.016734720000000314
0.8264100000000001,0.8627866,5,5,225,0.014440302007973997,i2-i31-0245,0.35821248992430577,_5x_cudnn_ampere_scudnn_128x32_relu_small_nn_v1,0.8250652533333334,backbone,True,0.31837497078566823,scene-0245,0.01834257777165346,0.0010185999999996476
0.343268,0.35142928,1,1,225,0.002960136668708897,i2-i31-0245,0.26363332099149545,_5x_cudnn_ampere_scudnn_128x64_relu_medium_nn_v1,0.3432189466666667,backbone,True,0.33686228155921005,scene-0245,0.0035537133026111653,0.0026495999999999187
0.548071,0.5758219199999999,4,4,225,0.016709591957449765,i2-i31-0245,0.39284942265479844,ampere_sgemm_128x64_nn,0.5499132800000001,backbone,True,0.32768176607794564,scene-0245,0.02062227529093076,0.00575791999999975
0.477222,0.50991372,3,3,225,0.011056715136874937,i2-i31-0245,0.317217109807826,sm86_xmma_fprop_implicit_gemm_indexed_tf32f32_tf32f32_f32_nhwckrsc_nchw_tilesize128x64x32_stage4_warpsize2x2x1_g1_tensor16x8x8_alignc4_execute_kernel__5x_cudnn,0.4764839511111111,backbone,True,0.3271274712888265,scene-0245,0.013668854326121156,0.003321119999999733
0.226274,0.24449248,1,1,225,0.006348636279787662,i2-i31-0245,0.39384275913000616,sm86_xmma_fprop_implicit_gemm_tf32f32_tf32f32_f32_nhwckrsc_nchw_tilesize128x128x16_stage3_warpsize2x2x1_g1_tensor16x8x8_alignc4_execute_kernel__5x_cudnn,0.2264291377777778,backbone,True,0.39871049422420085,scene-0245,0.006439405748541602,-0.0003238400000001862
0.549798,0.5935778399999999,3,3,225,0.01774630365031588,i2-i31-0245,0.34574763395673036,sm86_xmma_fprop_implicit_gemm_tf32f32_tf32f32_f32_nhwckrsc_nchw_tilesize128x128x32_stage3_warpsize2x2x1_g1_tensor16x8x8_alignc4_execute_kernel__5x_cudnn,0.5499223288888889,backbone,True,0.3654470488981988,scene-0245,0.01963841621173066,0.001144599999999607
0.17869,0.19086152,1,1,225,0.003982046766076319,i2-i31-0245,0.33248376542496266,sm86_xmma_fprop_implicit_gemm_tf32f32_tf32f32_f32_nhwckrsc_nhwc_tilesize128x128x16_stage3_warpsize2x2x1_g1_tensor16x8x8_execute_kernel__5x_cudnn,0.17885415555555556,backbone,True,0.33570558166081627,scene-0245,0.004797012001261506,0.0007948799999998868
0.268291,0.27440427999999994,1,1,225,-0.0009408497788808247,i2-i31-0245,-0.08082651203677087,"void at::native::<unnamed>::max_pool_forward_nchw<float>(int, const T1 *, long, long, long, int, int, int, int, int, int, int, int, int, int, T1 *, long *)",0.2687623422222222,backbone,True,-0.08318642754196309,scene-0245,0.004573943802136857,-0.0015168000000000403
1.579544,1.6629927199999994,49,49,225,0.02840839147368326,i2-i31-0245,0.289615605497284,"void at::native::vectorized_elementwise_kernel<(int)4, at::native::<unnamed>::launch_clamp_scalar(at::TensorIteratorBase &, c10::Scalar, c10::Scalar, at::native::detail::ClampLimits)::[lambda() (instance 1)]::operator ()() const::[lambda() (instance 7)]::operator ()() const::[lambda(float) (instance 1)], std::array<char *, (unsigned long)2>>(int, T2, T3)",1.587926142222222,backbone,True,0.283661634283145,scene-0245,0.04050130848506004,0.0022598799999993258
2.253882,2.36716556,16,16,225,0.033069452793403516,i2-i31-0245,0.31270641682765854,"void at::native::vectorized_elementwise_kernel<(int)4, at::native::CUDAFunctor_add<float>, std::array<char *, (unsigned long)3>>(int, T2, T3)",2.2716383777777778,backbone,True,0.29308106068074175,scene-0245,0.04563123941029336,0.05217768000000067
0.015456000000000001,0.01644876,9,9,225,0.00035212612096309335,i2-i31-0245,0.2918992521381121,"void cask__5x_cudnn::computeOffsetsKernel<(bool)0, (bool)0>(cask__5x_cudnn::ComputeOffsetsParams)",0.015449755555555554,backbone,True,0.2874554884313466,scene-0245,0.0004953938929133083,-0.00031744000000001084
2.9989760000000008,3.09587112,53,53,225,0.03010506203974813,i2-i31-0245,0.4066787938766646,"void cudnn::bn_fw_inf_1C11_kernel_NCHW<float, float, (bool)1, (int)1>(T2, T2, cudnnTensorStruct, const T1 *, cudnnTensorStruct, T1 *, cudnnTensorStruct, const T2 *, const T2 *, const T2 *, const T2 *, T2)",3.0075460933333336,backbone,True,0.3614657988303319,scene-0245,0.033681802582340076,0.06849995999999825
0.4241669999999999,0.46015655999999994,32,32,225,0.004827174040023061,i2-i31-0245,0.21969721307418305,"void cudnn::engines_precompiled::nchwToNhwcKernel<float, float, float, (bool)0, (bool)1, (cudnnKernelDataType_t)2>(cudnn::engines_precompiled::nchw2nhwc_params_t<T3>, const T1 *, T2 *)",0.42531194666666666,backbone,True,0.23342663134312805,scene-0245,0.008363066797761574,0.00766971999999988
0.045216000000000006,0.049696000000000004,9,9,225,0.0015064536595857667,i2-i31-0245,0.4733212605613218,"void cudnn::engines_precompiled::nhwcToNchwKernel<float, float, float, (bool)1, (bool)0, (cudnnKernelDataType_t)0>(cudnn::engines_precompiled::nhwc2nchw_params_t<T3>, const T1 *, T2 *)",0.045362662222222225,backbone,True,0.47876661093851375,scene-0245,0.0012724916246463326,0.00020223999999994385
0.153186,0.16728136,2,2,225,0.004498327522509307,i2-i31-0245,0.424380150324617,void cutlass::Kernel2<cutlass_80_tensorop_s1688gemm_128x128_16x4_nn_align4>(T1::Params),0.15401618666666667,backbone,True,0.4417611946245062,scene-0245,0.004118001689147568,0.0002349999999998742
0.477958,0.51738968,6,6,225,0.011571849834123838,i2-i31-0245,0.4507295050039,void cutlass::Kernel2<cutlass_80_tensorop_s1688gemm_128x128_16x5_nn_align4>(T1::Params),0.4801729866666666,backbone,True,0.4420368658206946,scene-0245,0.01058686339425947,-0.0003038800000003672
0.147938,0.15998128,1,1,225,0.003853479988205755,i2-i31-0245,0.4079437620380476,void cutlass::Kernel2<cutlass_80_tensorop_s1688gemm_128x128_32x3_nn_align1>(T1::Params),0.14848398222222223,backbone,True,0.4226298133709607,scene-0245,0.0036873638098715755,0.0007897599999998894
0.214946,0.26937516,1,1,225,0.0018815486976066862,i2-i31-0245,0.0688178845804005,void cutlass::Kernel2<cutlass_80_tensorop_s1688gemm_128x64_16x6_nn_align4>(T1::Params),0.21705582222222225,backbone,True,0.07681281424068623,scene-0245,0.009906147657308316,0.002128879999999944
0.320708,0.35213559999999994,2,2,225,-0.0005666095036273344,i2-i31-0245,-0.07512905759956601,void cutlass::Kernel2<cutlass_80_tensorop_s1688gemm_256x64_16x4_nn_align4>(T1::Params),0.3222114577777778,backbone,True,-0.03239714068082441,scene-0245,0.007072943417417889,-0.0033804799999999635
0.138305,0.15082875999999998,1,1,225,0.0037198787012829295,i2-i31-0245,0.458372875305449,void cutlass::Kernel2<cutlass_80_tensorop_s1688gemm_64x128_32x3_nn_align4>(T1::Params),0.13932883555555556,backbone,True,0.457156138838516,scene-0245,0.0032906919859341677,0.0004828399999999011
0.265891,0.28474540000000004,3,3,225,0.004986887608117296,i2-i31-0245,0.37716641969278286,void cutlass::Kernel2<cutlass_80_tensorop_s1688gemm_64x128_32x4_nn_align1>(T1::Params),0.2666718,backbone,True,0.37210876598247233,scene-0245,0.005419792883291554,0.0016199599999998093
0.644231,0.68162336,8,8,225,0.01643599751433785,i2-i31-0245,0.4655950355161101,void cutlass::Kernel2<cutlass_80_tensorop_s1688gemm_64x64_16x6_nn_align4>(T1::Params),0.6473969111111112,backbone,True,0.43363347924777396,scene-0245,0.015328380511720693,-0.0020779200000001774
0.8655450000000001,0.93893836,5,5,225,0.026867025043461223,i2-i31-0245,0.44350574215126465,void cutlass__5x_cudnn::Kernel<cutlass_tensorop_s1688fprop_optimized_tf32_128x64_32x3_nhwc_align4>(T1::Params),0.865095791111111,backbone,True,0.44361877158185,scene-0245,0.024492475158363065,0.0006330799999991754
0.5175740000000001,0.5665905600000001,3,3,225,0.01522096643792413,i2-i31-0245,0.4355888828962841,void cutlass__5x_cudnn::Kernel<cutlass_tensorop_s1688fprop_optimized_tf32_64x64_32x5_nhwc_align4>(T1::Params),0.5207449688888889,backbone,True,0.4528113531258606,scene-0245,0.013594020864545515,0.0011724799999995872
0.19993999999999998,0.20562551999999998,12,12,225,0.002434604626514901,i2-i31-0245,0.05241536871816715,ampere_sgemm_32x128_tn,0.19793312444444444,bbox_head,True,0.1594330221945842,scene-0245,0.006175514920686752,0.004954199999999936
0.08006500000000001,0.08259428,12,12,225,0.0009909700252389972,i2-i31-0245,0.07071664616754668,ampere_sgemm_32x32_sliced1x4_tn,0.07944170666666668,bbox_head,True,0.1718082003389856,scene-0245,0.0023325966119231915,0.0018508799999999853
0.001792,0.0019443199999999996,1,1,225,2.7257781212296472e-05,i2-i31-0245,0.07780232725238882,"void at::native::<unnamed>::CatArrayBatchedCopy_aligned16_contig<at::native::<unnamed>::OpaqueType<(unsigned int)4>, unsigned int, (int)2, (int)128, (int)1>(T1 *, at::native::<unnamed>::CatArrInputTensorMetadata<T1, T2, T4, T5>, at::native::<unnamed>::TensorSizeStride<T2, (unsigned int)4>, int, T2)",0.0017904577777777776,bbox_head,True,0.18107033412104748,scene-0245,6.087881765857625e-05,5.631999999999968e-05
0.006688,0.006912000000000001,2,2,225,5.279549424901062e-05,i2-i31-0245,0.07809553481146408,"void at::native::<unnamed>::CatArrayBatchedCopy_aligned16_contig<at::native::<unnamed>::OpaqueType<(unsigned int)4>, unsigned int, (int)3, (int)128, (int)1>(T1 *, at::native::<unnamed>::CatArrInputTensorMetadata<T1, T2, T4, T5>, at::native::<unnamed>::TensorSizeStride<T2, (unsigned int)4>, int, T2)",0.006644142222222222,bbox_head,True,0.15660717928183593,scene-0245,0.00013633526402689796,3.072000000000144e-05
0.003232,0.0032960000000000003,2,2,225,4.725535656733204e-05,i2-i31-0245,0.08113270037905122,"void at::native::elementwise_kernel<(int)128, (int)2, void at::native::gpu_kernel_impl_nocast<at::native::<unnamed>::launch_clamp_scalar(at::TensorIteratorBase &, c10::Scalar, c10::Scalar, at::native::detail::ClampLimits)::[lambda() (instance 1)]::operator ()() const::[lambda() (instance 7)]::operator ()() const::[lambda(float) (instance 1)]>(at::TensorIteratorBase &, const T1 &)::[lambda(int) (instance 1)]>(int, T3)",0.0031868088888888885,bbox_head,True,0.19168158813614644,scene-0245,9.969965523672085e-05,4.939999999999979e-05
0.008064,0.008248559999999999,6,6,225,0.00010379108659085017,i2-i31-0245,0.05199381985526198,"void at::native::elementwise_kernel<(int)128, (int)2, void at::native::gpu_kernel_impl_nocast<at::native::AUnaryFunctor<float, float, float, at::native::binary_internal::MulFunctor<float>>>(at::TensorIteratorBase &, const T1 &)::[lambda(int) (instance 1)]>(int, T3)",0.007972142222222223,bbox_head,True,0.1719788008893216,scene-0245,0.0002440664886541177,0.00012287999999999535
0.001632,0.001824,1,1,225,1.1191810097550524e-05,i2-i31-0245,0.026863371143517792,"void at::native::elementwise_kernel<(int)128, (int)2, void at::native::gpu_kernel_impl_nocast<at::native::BinaryFunctor<float, float, float, at::native::binary_internal::DivFunctor<float>>>(at::TensorIteratorBase &, const T1 &)::[lambda(int) (instance 1)]>(int, T3)",0.0016381244444444443,bbox_head,True,0.049080572103502834,scene-0245,9.221758124868609e-05,-3.200000000000013e-05
0.0054719999999999994,0.005568,4,4,225,6.0291629568817444e-05,i2-i31-0245,0.04021430403976022,"void at::native::elementwise_kernel<(int)128, (int)2, void at::native::gpu_kernel_impl_nocast<at::native::CUDAFunctor_add<float>>(at::TensorIteratorBase &, const T1 &)::[lambda(int) (instance 1)]>(int, T3)",0.005396986666666665,bbox_head,True,0.14773169613126488,scene-0245,0.00016504651142430505,3.327999999999838e-05
0.006624,0.006784000000000001,5,5,225,7.566641687780249e-05,i2-i31-0245,0.04257727072307568,"void at::native::elementwise_kernel<(int)128, (int)2, void at::native::gpu_kernel_impl_nocast<at::native::direct_copy_kernel_cuda(at::TensorIteratorBase &)::[lambda() (instance 3)]::operator ()() const::[lambda() (instance 7)]::operator ()() const::[lambda(float) (instance 1)]>(at::TensorIteratorBase &, const T1 &)::[lambda(int) (instance 1)]>(int, T3)",0.006555377777777778,bbox_head,True,0.15028289579706386,scene-0245,0.00020361821451911086,0.00012159999999999862
0.003648,0.003744,1,1,225,5.519758816259917e-05,i2-i31-0245,0.09053712426622347,"void at::native::index_elementwise_kernel<(int)128, (int)4, void at::native::gpu_index_kernel<void at::native::index_kernel_impl<at::native::OpaqueType<(int)4>>(at::TensorIteratorBase &, c10::ArrayRef<long>, c10::ArrayRef<long>)::[lambda(char *, const char *, long) (instance 1)]>(at::TensorIteratorBase &, c10::ArrayRef<long>, c10::ArrayRef<long>, const T1 &)::[lambda(int) (instance 1)]>(long, T3)",0.003612631111111111,bbox_head,True,0.2046073687827025,scene-0245,0.00010909926941851779,6.527999999999916e-05
0.00112,0.001152,1,1,225,2.1954809092719953e-05,i2-i31-0245,0.132778586623709,"void at::native::mbtopk::computeBlockwiseKthCounts<unsigned int>(T1 *, short *, unsigned int, unsigned int, unsigned int *)",0.0011052177777777776,bbox_head,True,0.23727231856472863,scene-0245,3.742015671259355e-05,2.4319999999999767e-05
0.006112,0.00632832,4,4,225,5.775616029996925e-05,i2-i31-0245,0.04862110594869943,"void at::native::mbtopk::computeBlockwiseWithinKCounts<unsigned int>(T1 *, short *, unsigned int, int, bool, unsigned int *, unsigned int)",0.006057577777777778,bbox_head,True,0.1199697074168151,scene-0245,0.00019469272529796952,0.00028159999999999817
0.0008,0.000832,1,1,225,4.012040426760948e-06,i2-i31-0245,0.018674019323961868,"void at::native::mbtopk::fill<unsigned int, unsigned int>(T1 *, T1, T2)",0.0007963111111111114,bbox_head,True,0.05716475104705389,scene-0245,2.838311095800318e-05,2.4319999999999767e-05
0.00384,0.00399232,1,1,225,4.9853990688351184e-05,i2-i31-0245,0.03621116030925547,"void at::native::mbtopk::gatherTopK<float, unsigned int, (int)1>(at::cuda::detail::TensorInfo<const T1, T2>, T2, T2, bool, unsigned int, T2, at::cuda::detail::TensorInfo<T1, T2>, T2, at::cuda::detail::TensorInfo<long, T2>, T2, unsigned int, unsigned int, T1 *, unsigned int *, unsigned int *, unsigned int)",0.0038042,bbox_head,True,0.14616138754140443,scene-0245,0.00013794001917097478,0.00012159999999999905
0.016288,0.01666432,4,4,225,0.0001890502703425789,i2-i31-0245,0.04248127836828472,"void at::native::mbtopk::radixFindKthValues<float, unsigned int, unsigned int, (int)1>(at::cuda::detail::TensorInfo<const T1, T2>, unsigned int, unsigned int *, unsigned int, T2, int, int, unsigned int, T3, unsigned int *, T3 *, short *, T1 *)",0.016125257777777777,bbox_head,True,0.1522023340198911,scene-0245,0.0005023183012521434,0.00026111999999999316
0.013664,0.013984,1,1,225,0.0001730964174335788,i2-i31-0245,0.04800040770872752,"void at::native::radixSortKVInPlace<(int)-2, (int)-1, (int)32, (int)32, float, long, unsigned int>(at::cuda::detail::TensorInfo<T5, T7>, T7, T7, T7, at::cuda::detail::TensorInfo<T6, T7>, T7, bool)",0.013486662222222223,bbox_head,True,0.16563719541197117,scene-0245,0.00042262309096555996,0.00018047999999999502
0.04102499999999999,0.041848559999999986,30,30,225,0.0005177513026616161,i2-i31-0245,0.05609682502669953,"void at::native::vectorized_elementwise_kernel<(int)4, at::native::<unnamed>::launch_clamp_scalar(at::TensorIteratorBase &, c10::Scalar, c10::Scalar, at::native::detail::ClampLimits)::[lambda() (instance 1)]::operator ()() const::[lambda() (instance 7)]::operator ()() const::[lambda(float) (instance 1)], std::array<char *, (unsigned long)2>>(int, T2, T3)",0.040589288888888894,bbox_head,True,0.16925153073989765,scene-0245,0.0012371193676749763,0.0007777199999999818
0.001408,0.001472,1,1,225,1.9737555566487316e-05,i2-i31-0245,0.040475089395692436,"void at::native::vectorized_elementwise_kernel<(int)4, at::native::BUnaryFunctor<long, long, long, at::native::binary_internal::div_floor_kernel_cuda(at::TensorIteratorBase &)::[lambda() (instance 1)]::operator ()() const::[lambda() (instance 4)]::operator ()() const::[lambda(long, long) (instance 1)]>, std::array<char *, (unsigned long)2>>(int, T2, T3)",0.0013993377777777778,bbox_head,True,0.15447971913749226,scene-0245,5.167076667125294e-05,3.199999999999991e-05
0.001344,0.001408,1,1,225,1.866406502036003e-05,i2-i31-0245,0.059204551388735045,"void at::native::vectorized_elementwise_kernel<(int)4, at::native::BUnaryFunctor<long, long, long, at::native::remainder_kernel_cuda(at::TensorIteratorBase &)::[lambda() (instance 1)]::operator ()() const::[lambda() (instance 4)]::operator ()() const::[lambda(long, long) (instance 1)]>, std::array<char *, (unsigned long)2>>(int, T2, T3)",0.0013386088888888887,bbox_head,True,0.15405034756802635,scene-0245,4.8996670282432785e-05,4.8639999999999534e-05
0.006880000000000001,0.00704076,6,6,225,8.832613912087646e-05,i2-i31-0245,0.058384564929160304,"void at::native::vectorized_elementwise_kernel<(int)4, at::native::BinaryFunctor<float, float, float, at::native::binary_internal::DivFunctor<float>>, std::array<char *, (unsigned long)3>>(int, T2, T3)",0.006810675555555555,bbox_head,True,0.16816212930484875,scene-0245,0.00021241445143927246,8.191999999999922e-05
0.006207999999999999,0.006336,6,6,225,7.81625383619752e-05,i2-i31-0245,0.0435295911725225,"void at::native::vectorized_elementwise_kernel<(int)4, at::native::CUDAFunctorOnOther_add<float>, std::array<char *, (unsigned long)2>>(int, T2, T3)",0.006124866666666667,bbox_head,True,0.16379899468989845,scene-0245,0.00019297916986037639,9.72799999999982e-05
0.006336,0.00652056,6,6,225,9.628332331526971e-05,i2-i31-0245,0.08835708792000008,"void at::native::vectorized_elementwise_kernel<(int)4, at::native::CUDAFunctor_add<float>, std::array<char *, (unsigned long)3>>(int, T2, T3)",0.006276075555555555,bbox_head,True,0.19532460415561986,scene-0245,0.00019935040858365247,0.0001049600000000003
0.006624,0.00677632,6,6,225,9.44233077571909e-05,i2-i31-0245,0.08188100297303326,"void at::native::vectorized_elementwise_kernel<(int)4, at::native::log_kernel_cuda(at::TensorIteratorBase &)::[lambda() (instance 2)]::operator ()() const::[lambda() (instance 2)]::operator ()() const::[lambda(float) (instance 1)], std::array<char *, (unsigned long)2>>(int, T2, T3)",0.006545128888888889,bbox_head,True,0.1856809417249736,scene-0245,0.00020565292511869724,0.00010623999999999703
0.008320000000000001,0.00853632,7,7,225,0.00010301508618859385,i2-i31-0245,0.06599163495702254,"void at::native::vectorized_elementwise_kernel<(int)4, at::native::sigmoid_kernel_cuda(at::TensorIteratorBase &)::[lambda() (instance 2)]::operator ()() const::[lambda() (instance 2)]::operator ()() const::[lambda(float) (instance 1)], std::array<char *, (unsigned long)2>>(int, T2, T3)",0.00823148,bbox_head,True,0.16090537113551112,scene-0245,0.0002589126679017466,0.00012159999999999775
0.0016,0.001632,2,2,225,1.8186195329660224e-05,i2-i31-0245,0.04347643966256835,"void at_cuda_detail::cub::DeviceScanByKeyInitKernel<at_cuda_detail::cub::ReduceByKeyScanTileState<unsigned int, int, (bool)1>, at_cuda_detail::cub::TransformInputIterator<unsigned int, at::native::mbtopk::BlockIdxToKey, at_cuda_detail::cub::CountingInputIterator<unsigned int, unsigned int>, long>>(T1, T2, std::iterator_traits<T2>::value_type *, unsigned int, int)",0.001579808888888889,bbox_head,True,0.1390895903752389,scene-0245,5.2877417243290064e-05,4.8639999999999534e-05
0.004288,0.00438476,2,2,225,4.4651082585454456e-05,i2-i31-0245,0.004516259675153513,"void at_cuda_detail::cub::DeviceScanByKeyKernel<at_cuda_detail::cub::DeviceScanByKeyPolicy<at_cuda_detail::cub::TransformInputIterator<unsigned int, at::native::mbtopk::BlockIdxToKey, at_cuda_detail::cub::CountingInputIterator<unsigned int, unsigned int>, long>, unsigned int, unsigned int, cuda::std::__4::plus<void>>::Policy900, at_cuda_detail::cub::TransformInputIterator<unsigned int, at::native::mbtopk::BlockIdxToKey, at_cuda_detail::cub::CountingInputIterator<unsigned int, unsigned int>, long>, unsigned int *, unsigned int *, at_cuda_detail::cub::ReduceByKeyScanTileState<unsigned int, int, (bool)1>, cuda::std::__4::equal_to<void>, cuda::std::__4::plus<void>, at_cuda_detail::cub::NullType, int, unsigned int, unsigned int>(T2, T11 *, T3, T4, T5, int, T6, T7, T8, T9)",0.004238684444444445,bbox_head,True,0.13212123780746152,scene-0245,0.00013667288759102572,0.00011391999999999739
0.010176,0.010432,6,6,225,0.0001322864948767727,i2-i31-0245,0.05403475935947116,"void cublasLt::splitKreduce_kernel<(int)32, (int)16, int, float, float, float, (bool)0, float, float, float, (bool)1, (bool)1, (bool)0>(cublasLt::cublasSplitKParams<T6>, const T4 *, const T9 *, T8 *, T5 *, const T6 *, const T6 *, const T10 *, const T4 *, T10 *, void *, long, T6 *, int *, T6 *, const T6 *, const T6 *, const T6 *, const T6 *)",0.01007416,bbox_head,True,0.16907155241868238,scene-0245,0.00031642295351492925,0.00029823999999999823
0.020224,0.03478116,1,1,225,0.00024040329337852255,i2-i31-0245,0.000986290676174275,"void at::native::elementwise_kernel<(int)128, (int)2, void at::native::gpu_kernel_impl_nocast<at::native::BinaryFunctor<float, float, float, at::native::binary_internal::DivFunctor<float>>>(at::TensorIteratorBase &, const T1 &)::[lambda(int) (instance 1)]>(int, T3)",0.02041739111111111,data_preprocessor,True,0.04491597949036395,scene-0245,0.0021645247151713598,-0.0005322399999999929
0.014497,0.020372479999999988,1,1,225,0.00023875715303468478,i2-i31-0245,0.026031538212543517,"void at::native::elementwise_kernel<(int)128, (int)2, void at::native::gpu_kernel_impl_nocast<at::native::CUDAFunctor_add<float>>(at::TensorIteratorBase &, const T1 &)::[lambda(int) (instance 1)]>(int, T3)",0.014667373333333332,data_preprocessor,True,0.09162996524224302,scene-0245,0.0010537604168774693,4.4799999999995885e-05
0.023104,0.02524032,1,1,225,0.0009292956159974929,i2-i31-0245,0.38881507253078473,"void at::native::index_elementwise_kernel<(int)128, (int)4, void at::native::gpu_index_kernel<void at::native::index_kernel_impl<at::native::OpaqueType<(int)1>>(at::TensorIteratorBase &, c10::ArrayRef<long>, c10::ArrayRef<long>)::[lambda(char *, const char *, long) (instance 1)]>(at::TensorIteratorBase &, c10::ArrayRef<long>, c10::ArrayRef<long>, const T1 &)::[lambda(int) (instance 1)]>(long, T3)",0.023060773333333333,data_preprocessor,True,0.3994019412561769,scene-0245,0.0009409503929302306,0.0003970799999999802
0.013728,0.0175214,1,1,225,0.0009549382928390387,i2-i31-0245,0.3818566922292114,"void at::native::unrolled_elementwise_kernel<at::native::direct_copy_kernel_cuda(at::TensorIteratorBase &)::[lambda() (instance 3)]::operator ()() const::[lambda() (instance 7)]::operator ()() const::[lambda(float) (instance 1)], std::array<char *, (unsigned long)2>, (int)4, TrivialOffsetCalculator<(int)1, unsigned int>, TrivialOffsetCalculator<(int)1, unsigned int>, at::native::memory::LoadWithCast<(int)1>, at::native::memory::StoreWithCast<(int)1>>(int, T1, T2, T4, T5, T6, T7)",0.014193502222222222,data_preprocessor,True,0.324786423288578,scene-0245,0.0011890509198495501,0.0016880399999999723
0.879177,0.91346944,6,6,225,0.00958815502674865,i2-i31-0245,0.04020661725410126,ampere_sgemm_128x128_nn,0.8792338488888888,decoder,True,0.1612961265239902,scene-0245,0.024039981009685813,0.025094359999999982
0.3193,0.34034731999999995,6,6,225,0.0047392581313211056,i2-i31-0245,0.06765167842364915,ampere_sgemm_128x128_tn,0.3192818222222222,decoder,True,0.17432110845594098,scene-0245,0.01099470031219868,0.018336799999999986
1.827666,1.8896158000000003,18,18,225,0.016276715667406957,i2-i31-0245,0.04577724550992346,ampere_sgemm_128x64_tn,1.8266569600000002,decoder,True,0.18831367494472437,scene-0245,0.03495488915442879,0.060830159999999855
0.8834969999999995,0.9236736399999996,54,54,225,0.005793355719787234,i2-i31-0245,-0.0160497886225755,ampere_sgemm_32x128_tn,0.8824303733333333,decoder,True,0.09333097911111103,scene-0245,0.025103101648170888,0.030755640000000084
0.086976,0.08990611999999999,12,12,225,0.0006481023719946049,i2-i31-0245,0.013214779463488917,ampere_sgemm_32x32_sliced1x4_tn,0.08679975111111111,decoder,True,0.12031425593637511,scene-0245,0.002178459710756124,0.002139160000000001
0.489733,0.50200768,6,6,225,0.0026928627630519383,i2-i31-0245,0.029426167921423947,ampere_sgemm_64x64_tn,0.4896243066666667,decoder,True,0.17927129652552726,scene-0245,0.0060747229035441955,0.011650559999999976
0.005568,0.005792,6,6,225,6.719352518810497e-05,i2-i31-0245,0.033166073394687585,"void <unnamed>::elementwise_kernel_with_index<int, at::native::arange_cuda_out(const c10::Scalar &, const c10::Scalar &, const c10::Scalar &, at::Tensor &)::[lambda() (instance 1)]::operator ()() const::[lambda() (instance 7)]::operator ()() const::[lambda(long) (instance 1)]>(T1, T2, function_traits<T2>::result_type *)",0.005553137777777778,decoder,True,0.1556874227205251,scene-0245,0.00017454077815658482,0.00014463999999999883
0.646887,0.69072368,6,6,225,0.0055936714948395146,i2-i31-0245,0.23907944231077208,"void <unnamed>::softmax_warp_forward<float, float, float, (int)10, (bool)0, (bool)0>(T2 *, const T1 *, int, int, int, const bool *, int, bool)",0.6526937866666668,decoder,True,0.13295074671777946,scene-0245,0.017014891640724603,0.00516300000000014
0.010689,0.01110476,6,6,225,0.00010879869650400944,i2-i31-0245,0.014564085869968975,"void <unnamed>::softmax_warp_forward<float, float, float, (int)4, (bool)0, (bool)0>(T2 *, const T1 *, int, int, int, const bool *, int, bool)",0.010683733333333332,decoder,True,0.13196701755115775,scene-0245,0.0003334120573704556,0.00017563999999999774
0.046465,0.047745,14,14,225,0.00039748835219887254,i2-i31-0245,0.08355063799822862,"void at::native::<unnamed>::CatArrayBatchedCopy_aligned16_contig<at::native::<unnamed>::OpaqueType<(unsigned int)4>, unsigned int, (int)3, (int)128, (int)1>(T1 *, at::native::<unnamed>::CatArrInputTensorMetadata<T1, T2, T4, T5>, at::native::<unnamed>::TensorSizeStride<T2, (unsigned int)4>, int, T2)",0.04639391555555556,decoder,True,0.1625697421041561,scene-0245,0.0009887982771370194,0.0014766000000000015
0.11145700000000003,0.11583356,24,24,225,0.001212239255420123,i2-i31-0245,0.04153267480728744,"void at::native::<unnamed>::CatArrayBatchedCopy_aligned16_contig<at::native::<unnamed>::OpaqueType<(unsigned int)4>, unsigned int, (int)4, (int)128, (int)1>(T1 *, at::native::<unnamed>::CatArrInputTensorMetadata<T1, T2, T4, T5>, at::native::<unnamed>::TensorSizeStride<T2, (unsigned int)4>, int, T2)",0.11149248444444443,decoder,True,0.15165228571866426,scene-0245,0.0032326776009958453,0.0036855999999999833
0.113635,0.11789155999999999,24,24,225,0.0008346100949600619,i2-i31-0245,0.007671032254298494,"void at::native::<unnamed>::vectorized_layer_norm_kernel<float, float>(int, T2, const T1 *, const T1 *, const T1 *, T2 *, T2 *, T1 *)",0.11327346222222223,decoder,True,0.1270310834565808,scene-0245,0.0026570311267602505,0.003910919999999984
0.035135999999999994,0.03650455999999999,24,24,225,0.00039731582175046143,i2-i31-0245,0.03346260454620127,"void at::native::elementwise_kernel<(int)128, (int)2, void at::native::gpu_kernel_impl_nocast<at::native::AUnaryFunctor<float, float, float, at::native::binary_internal::MulFunctor<float>>>(at::TensorIteratorBase &, const T1 &)::[lambda(int) (instance 1)]>(int, T3)",0.03507398222222222,decoder,True,0.1492475082020204,scene-0245,0.0010765935701273258,0.0010669999999999916
0.04163200000000001,0.043330520000000004,24,24,225,0.00044424626835773754,i2-i31-0245,0.025749448523650364,"void at::native::elementwise_kernel<(int)128, (int)2, void at::native::gpu_kernel_impl_nocast<at::native::BinaryFunctor<float, float, float, at::native::binary_internal::DivFunctor<float>>>(at::TensorIteratorBase &, const T1 &)::[lambda(int) (instance 1)]>(int, T3)",0.04160476888888888,decoder,True,0.13807773992195482,scene-0245,0.001301137307609892,0.0016411999999999816
0.032352,0.03387264,12,12,225,8.05072937786397e-05,i2-i31-0245,-0.04327268916075342,"void at::native::elementwise_kernel<(int)128, (int)2, void at::native::gpu_kernel_impl_nocast<at::native::BinaryFunctor<float, float, float, at::native::binary_internal::MulFunctor<float>>>(at::TensorIteratorBase &, const T1 &)::[lambda(int) (instance 1)]>(int, T3)",0.03228069777777778,decoder,True,0.038444377228893,scene-0245,0.0008468868885483249,0.000826880000000009
0.007711999999999999,0.00812032,6,6,225,0.00010186243343827164,i2-i31-0245,0.06512548373729654,"void at::native::elementwise_kernel<(int)128, (int)2, void at::native::gpu_kernel_impl_nocast<at::native::BinaryFunctor<long, long, long, at::native::binary_internal::MulFunctor<long>>>(at::TensorIteratorBase &, const T1 &)::[lambda(int) (instance 1)]>(int, T3)",0.007686871111111111,decoder,True,0.192702307060735,scene-0245,0.00021377166699512948,7.040000000000171e-05
0.017153,0.017824760000000002,6,6,225,0.0001765343943440801,i2-i31-0245,0.04521817417353196,"void at::native::elementwise_kernel<(int)128, (int)2, void at::native::gpu_kernel_impl_nocast<at::native::CUDAFunctor_add<float>>(at::TensorIteratorBase &, const T1 &)::[lambda(int) (instance 1)]>(int, T3)",0.017149097777777778,decoder,True,0.14487230300952578,scene-0245,0.0004927957785212806,0.0004638400000000001
0.04,0.041528560000000006,24,24,225,0.00044056598430062307,i2-i31-0245,0.02833659635660651,"void at::native::elementwise_kernel<(int)128, (int)2, void at::native::gpu_kernel_impl_nocast<at::native::cos_kernel_cuda(at::TensorIteratorBase &)::[lambda() (instance 2)]::operator ()() const::[lambda() (instance 2)]::operator ()() const::[lambda(float) (instance 1)]>(at::TensorIteratorBase &, const T1 &)::[lambda(int) (instance 1)]>(int, T3)",0.03994527111111111,decoder,True,0.14399414337062927,scene-0245,0.0012373402630233804,0.001210120000000002
0.016192,0.016832,6,6,225,0.00016683178003972394,i2-i31-0245,0.028758527786405797,"void at::native::elementwise_kernel<(int)128, (int)2, void at::native::gpu_kernel_impl_nocast<at::native::direct_copy_kernel_cuda(at::TensorIteratorBase &)::[lambda() (instance 3)]::operator ()() const::[lambda() (instance 7)]::operator ()() const::[lambda(float) (instance 1)]>(at::TensorIteratorBase &, const T1 &)::[lambda(int) (instance 1)]>(int, T3)",0.01612076,decoder,True,0.14135330803490118,scene-0245,0.000477304817770224,0.0005135199999999965
0.039807999999999996,0.041400559999999996,24,24,225,0.0004573054565219502,i2-i31-0245,0.03438304683750501,"void at::native::elementwise_kernel<(int)128, (int)2, void at::native::gpu_kernel_impl_nocast<at::native::sin_kernel_cuda(at::TensorIteratorBase &)::[lambda() (instance 2)]::operator ()() const::[lambda() (instance 2)]::operator ()() const::[lambda(float) (instance 1)]>(at::TensorIteratorBase &, const T1 &)::[lambda(int) (instance 1)]>(int, T3)",0.03973359111111111,decoder,True,0.14824487496755878,scene-0245,0.001247526288981025,0.00141311999999999
0.012832,0.01336832,6,6,225,0.00013406551978234322,i2-i31-0245,0.03923126065774278,"void at::native::elementwise_kernel<(int)128, (int)4, void at::native::gpu_kernel_impl<at::native::<unnamed>::pow_tensor_tensor_kernel(at::TensorIteratorBase &)::[lambda() (instance 1)]::operator ()() const::[lambda() (instance 7)]::operator ()() const::[lambda(float, float) (instance 1)]>(at::TensorIteratorBase &, const T1 &)::[lambda(int) (instance 1)]>(int, T3)",0.012813657777777777,decoder,True,0.13544575686303026,scene-0245,0.00040028996517185364,0.0004415999999999986
0.10502399999999999,0.11215691999999998,6,6,225,0.0006883863505733291,i2-i31-0245,-0.0317017234490251,"void at::native::reduce_kernel<(int)128, (int)4, at::native::ReduceOp<float, at::native::MeanOps<float, float, float, float>, unsigned int, float, (int)4>>(T3)",0.10496661777777777,decoder,True,0.08065542458223943,scene-0245,0.0034516096915490116,0.00403535999999996
0.01296,0.01344,6,6,225,0.00011446830845050977,i2-i31-0245,0.01136318733297969,"void at::native::reduce_kernel<(int)512, (int)1, at::native::ReduceOp<long, at::native::func_wrapper_t<long, at::native::sum_functor<long, long, long>::operator ()(at::TensorIterator &)::[lambda(long, long) (instance 1)]>, unsigned int, long, (int)4>>(T3)",0.012934822222222222,decoder,True,0.13079878637800954,scene-0245,0.0003539195570175601,0.00019227999999999953
0.09417899999999997,0.09621632000000004,42,42,225,0.0007414186767615386,i2-i31-0245,0.04262485310012237,"void at::native::vectorized_elementwise_kernel<(int)4, at::native::<unnamed>::launch_clamp_scalar(at::TensorIteratorBase &, c10::Scalar, c10::Scalar, at::native::detail::ClampLimits)::[lambda() (instance 1)]::operator ()() const::[lambda() (instance 7)]::operator ()() const::[lambda(float) (instance 1)], std::array<char *, (unsigned long)2>>(int, T2, T3)",0.0939902311111111,decoder,True,0.18553302664401813,scene-0245,0.0016160891091799056,0.002199040000000055
0.03292899999999999,0.03437004,18,18,225,0.00012686760215379982,i2-i31-0245,-0.04778231436125581,"void at::native::vectorized_elementwise_kernel<(int)4, at::native::AUnaryFunctor<float, float, float, at::native::binary_internal::MulFunctor<float>>, std::array<char *, (unsigned long)2>>(int, T2, T3)",0.03286812444444444,decoder,True,0.06878745308561234,scene-0245,0.0007458723588018861,0.000449519999999988
0.006527999999999999,0.006880000000000001,6,6,225,4.19183142663122e-05,i2-i31-0245,0.009512698306164179,"void at::native::vectorized_elementwise_kernel<(int)4, at::native::AUnaryFunctor<long, long, bool, at::native::<unnamed>::CompareEqFunctor<long>>, std::array<char *, (unsigned long)2>>(int, T2, T3)",0.00651471111111111,decoder,True,0.08545537573187184,scene-0245,0.00019837522495650312,0.00020223999999999763
0.016192,0.016864,12,12,225,0.00013913432115512277,i2-i31-0245,-0.0004738483902139232,"void at::native::vectorized_elementwise_kernel<(int)4, at::native::BUnaryFunctor<float, float, float, at::native::binary_internal::MulFunctor<float>>, std::array<char *, (unsigned long)2>>(int, T2, T3)",0.016141413333333333,decoder,True,0.14540476351848955,scene-0245,0.00038697120513030495,0.0007551999999999975
0.006880000000000001,0.0071603199999999995,6,6,225,8.137856173768316e-05,i2-i31-0245,0.037893673264061026,"void at::native::vectorized_elementwise_kernel<(int)4, at::native::BinaryFunctor<float, float, float, at::native::binary_internal::DivFunctor<float>>, std::array<char *, (unsigned long)3>>(int, T2, T3)",0.006876773333333333,decoder,True,0.1538069334303191,scene-0245,0.00021397207959087666,0.00024959999999999913
0.006208,0.006456559999999999,6,6,225,7.518732424151233e-05,i2-i31-0245,0.03245627882853925,"void at::native::vectorized_elementwise_kernel<(int)4, at::native::CUDAFunctorOnOther_add<float>, std::array<char *, (unsigned long)2>>(int, T2, T3)",0.006189737777777779,decoder,True,0.16076801788917394,scene-0245,0.0001891332925495068,0.00017687999999999992
0.11033599999999998,0.11407559999999999,42,42,225,0.0003368260316045758,i2-i31-0245,-0.0576708958233171,"void at::native::vectorized_elementwise_kernel<(int)4, at::native::CUDAFunctor_add<float>, std::array<char *, (unsigned long)3>>(int, T2, T3)",0.11045900888888888,decoder,True,0.07470965292344948,scene-0245,0.0018232740075445708,0.001917680000000005
0.008928,0.009248,6,6,225,0.00010352554099602365,i2-i31-0245,0.042588922677366775,"void at::native::vectorized_elementwise_kernel<(int)4, at::native::FillFunctor<float>, std::array<char *, (unsigned long)1>>(int, T2, T3)",0.008897653333333335,decoder,True,0.15562435530296048,scene-0245,0.000269025194689601,0.00026495999999999985
0.0048000000000000004,0.00499276,6,6,225,5.4405507443887106e-05,i2-i31-0245,0.02725535124552455,"void at::native::vectorized_elementwise_kernel<(int)4, at::native::FillFunctor<long>, std::array<char *, (unsigned long)1>>(int, T2, T3)",0.004787186666666666,decoder,True,0.14601301119869142,scene-0245,0.00015068649073121616,0.00023295999999999907
0.007392,0.00768,6,6,225,8.492186921748515e-05,i2-i31-0245,0.032873603554747305,"void at::native::vectorized_elementwise_kernel<(int)4, at::native::binary_internal::div_floor_kernel_cuda(at::TensorIteratorBase &)::[lambda() (instance 2)]::operator ()() const::[lambda() (instance 2)]::operator ()() const::[lambda(float) (instance 1)], std::array<char *, (unsigned long)2>>(int, T2, T3)",0.0073703200000000005,decoder,True,0.14983446515583898,scene-0245,0.00022920856063128757,0.00023195999999999807
0.006624,0.006880000000000001,6,6,225,7.27283835237207e-05,i2-i31-0245,0.03906378511362093,"void at::native::vectorized_elementwise_kernel<(int)4, at::native::log_kernel_cuda(at::TensorIteratorBase &)::[lambda() (instance 2)]::operator ()() const::[lambda() (instance 2)]::operator ()() const::[lambda(float) (instance 1)], std::array<char *, (unsigned long)2>>(int, T2, T3)",0.006601462222222223,decoder,True,0.147499106871764,scene-0245,0.00019940569398856626,0.0002739199999999978
0.006976,0.007232000000000001,6,6,225,7.718431569269666e-05,i2-i31-0245,0.034076074894863057,"void at::native::vectorized_elementwise_kernel<(int)4, at::native::sigmoid_kernel_cuda(at::TensorIteratorBase &)::[lambda() (instance 2)]::operator ()() const::[lambda() (instance 2)]::operator ()() const::[lambda(float) (instance 1)], std::array<char *, (unsigned long)2>>(int, T2, T3)",0.006957573333333334,decoder,True,0.14429629780627307,scene-0245,0.00021632010272844385,0.0001932799999999988
0.01024,0.010656,6,6,225,0.00010129623063809546,i2-i31-0245,0.0018758076517415832,"void cublasLt::splitKreduce_kernel<(int)32, (int)16, int, float, float, float, (bool)0, float, float, float, (bool)1, (bool)1, (bool)0>(cublasLt::cublasSplitKParams<T6>, const T4 *, const T9 *, T8 *, T5 *, const T6 *, const T6 *, const T10 *, const T4 *, T10 *, void *, long, T6 *, int *, T6 *, const T6 *, const T6 *, const T6 *, const T6 *)",0.010221924444444445,decoder,True,0.1314341823333668,scene-0245,0.00031167930609348057,0.0001935199999999991
0.17146,0.18284976,6,6,225,0.0018565964871779528,i2-i31-0245,0.006586861067792667,"void ms_deformable_im2col_gpu_kernel<float>(int, const T1 *, const long *, const long *, const T1 *, const T1 *, int, int, int, int, int, int, int, T1 *)",0.17091252444444446,decoder,True,0.12453026326955963,scene-0245,0.0060292824456482765,0.007364600000000027
18.312969999999996,18.506832879999997,36,36,225,0.05048435592024773,i2-i31-0245,0.2828497870226628,ampere_sgemm_128x64_tn,18.311718426666665,encoder,True,0.31942093817479716,scene-0245,0.0639170098865724,0.0063296799999967845
0.006591999999999999,0.007200000000000001,8,8,225,0.00018367064992025459,i2-i31-0245,0.41842877680062124,"void <unnamed>::elementwise_kernel_with_index<int, at::native::linspace_cuda_out(const c10::Scalar &, const c10::Scalar &, long, at::Tensor &)::[lambda() (instance 2)]::operator ()() const::[lambda() (instance 2)]::operator ()() const::[lambda(long) (instance 1)]>(T1, T2, function_traits<T2>::result_type *)",0.006621351111111111,encoder,True,0.42644218721918037,scene-0245,0.00017418173475134487,0.0003327999999999968
0.108865,0.11477779999999999,6,6,225,0.0007472551626227571,i2-i31-0245,0.06960384282611556,"void <unnamed>::softmax_warp_forward<float, float, float, (int)4, (bool)0, (bool)0>(T2 *, const T1 *, int, int, int, const bool *, int, bool)",0.10970293333333334,encoder,True,0.1351015903887006,scene-0245,0.002236822247942132,0.0003251199999999982
0.019455999999999998,0.020352,6,6,225,4.0006734068454015e-05,i2-i31-0245,0.061527594968034546,"void at::native::<unnamed>::CatArrayBatchedCopy<at::native::<unnamed>::OpaqueType<(unsigned int)8>, unsigned int, (int)2, (int)64, (int)64>(T1 *, at::native::<unnamed>::CatArrInputTensorMetadata<T1, T2, T4, T5>, at::native::<unnamed>::TensorSizeStride<T2, (unsigned int)4>, int, T2)",0.019330635555555555,encoder,True,0.02642388216105466,scene-0245,0.000612293270747335,-0.0005324800000000018
0.00864,0.00936832,5,5,225,0.00020841013383368813,i2-i31-0245,0.3834936385356722,"void at::native::<unnamed>::CatArrayBatchedCopy_aligned16_contig<at::native::<unnamed>::OpaqueType<(unsigned int)4>, unsigned int, (int)3, (int)128, (int)1>(T1 *, at::native::<unnamed>::CatArrInputTensorMetadata<T1, T2, T4, T5>, at::native::<unnamed>::TensorSizeStride<T2, (unsigned int)4>, int, T2)",0.008677355555555556,encoder,True,0.40234515749654126,scene-0245,0.00020948024097280546,0.00042239999999999465
0.8797860000000002,0.9162956799999998,12,12,225,0.009444072459215894,i2-i31-0245,0.37963939316767886,"void at::native::<unnamed>::vectorized_layer_norm_kernel<float, float>(int, T2, const T1 *, const T1 *, const T1 *, T2 *, T2 *, T1 *)",0.8805993911111111,encoder,True,0.4379387727715155,scene-0245,0.008721052973525163,0.009480679999999908
0.010752,0.011768319999999999,8,8,225,0.0002998244659675297,i2-i31-0245,0.41627435127515056,"void at::native::elementwise_kernel<(int)128, (int)2, void at::native::gpu_kernel_impl_nocast<at::native::BinaryFunctor<float, float, float, at::native::binary_internal::DivFunctor<float>>>(at::TensorIteratorBase &, const T1 &)::[lambda(int) (instance 1)]>(int, T3)",0.01083075111111111,encoder,True,0.4269146059325216,scene-0245,0.00028402009367274784,0.000552959999999993
0.00192,0.0021363199999999997,1,1,225,4.3770409575471435e-05,i2-i31-0245,0.33744012983510113,"void at::native::elementwise_kernel<(int)128, (int)2, void at::native::gpu_kernel_impl_nocast<at::native::BinaryFunctor<float, float, float, at::native::binary_internal::MulFunctor<float>>>(at::TensorIteratorBase &, const T1 &)::[lambda(int) (instance 1)]>(int, T3)",0.00194548,encoder,True,0.3036689651912713,scene-0245,5.8291228995259476e-05,8.959999999999849e-05
0.012704,0.01442432,6,6,225,-0.00015072210853102916,i2-i31-0245,-0.09054811848079196,"void at::native::elementwise_kernel<(int)128, (int)2, void at::native::gpu_kernel_impl_nocast<at::native::BinaryFunctor<long, long, long, at::native::binary_internal::MulFunctor<long>>>(at::TensorIteratorBase &, const T1 &)::[lambda(int) (instance 1)]>(int, T3)",0.012682262222222221,encoder,True,-0.07351918934761444,scene-0245,0.0008290853903988657,0.0016153600000000084
0.26598499999999997,0.28928732,6,6,225,0.0009413440247422969,i2-i31-0245,-0.016529498846658164,"void at::native::elementwise_kernel<(int)128, (int)2, void at::native::gpu_kernel_impl_nocast<at::native::CUDAFunctor_add<float>>(at::TensorIteratorBase &, const T1 &)::[lambda(int) (instance 1)]>(int, T3)",0.27062012444444444,encoder,True,0.0426442346622764,scene-0245,0.008927113505001505,0.0003742800000000046
0.0104,0.01136,8,8,225,0.0002798621853084386,i2-i31-0245,0.382884576651835,"void at::native::elementwise_kernel<(int)128, (int)2, void at::native::gpu_kernel_impl_nocast<at::native::direct_copy_kernel_cuda(at::TensorIteratorBase &)::[lambda() (instance 3)]::operator ()() const::[lambda() (instance 7)]::operator ()() const::[lambda(float) (instance 1)]>(at::TensorIteratorBase &, const T1 &)::[lambda(int) (instance 1)]>(int, T3)",0.010465004444444443,encoder,True,0.41712099521777385,scene-0245,0.0002713346027452336,0.0004891999999999917
0.4823740000000001,0.50565312,6,6,225,0.0003591724973768844,i2-i31-0245,-0.07633879164588435,"void at::native::elementwise_kernel<(int)128, (int)4, void at::native::gpu_kernel_impl<at::native::BinaryFunctor<float, float, float, at::native::binary_internal::DivFunctor<float>>>(at::TensorIteratorBase &, const T1 &)::[lambda(int) (instance 1)]>(int, T3)",0.48637688444444444,encoder,True,0.0164161952421422,scene-0245,0.008848172416191208,0.004590079999999941
0.012193,0.01297664,6,6,225,0.00020409933357142958,i2-i31-0245,0.3851394947098327,"void at::native::reduce_kernel<(int)512, (int)1, at::native::ReduceOp<long, at::native::func_wrapper_t<long, at::native::sum_functor<long, long, long>::operator ()(at::TensorIterator &)::[lambda(long, long) (instance 1)]>, unsigned int, long, (int)4>>(T3)",0.012225875555555555,encoder,True,0.3670985134829242,scene-0245,0.0002248443463134793,0.00010623999999999703
0.008544,0.009376,8,8,225,0.00022561859377475828,i2-i31-0245,0.365661714425596,"void at::native::unrolled_elementwise_kernel<at::native::BinaryFunctor<float, float, float, at::native::binary_internal::MulFunctor<float>>, std::array<char *, (unsigned long)3>, (int)4, TrivialOffsetCalculator<(int)2, unsigned int>, TrivialOffsetCalculator<(int)1, unsigned int>, at::native::memory::LoadWithCast<(int)2>, at::native::memory::StoreWithCast<(int)1>>(int, T1, T2, T4, T5, T6, T7)",0.008598017777777777,encoder,True,0.40944850033813357,scene-0245,0.00022284280387642396,0.0003433199999999907
0.007968,0.00876032,8,8,225,0.00021842814960597713,i2-i31-0245,0.38354012978135343,"void at::native::unrolled_elementwise_kernel<at::native::CUDAFunctorOnSelf_add<float>, std::array<char *, (unsigned long)2>, (int)4, TrivialOffsetCalculator<(int)1, unsigned int>, TrivialOffsetCalculator<(int)1, unsigned int>, at::native::memory::LoadWithCast<(int)1>, at::native::memory::StoreWithCast<(int)1>>(int, T1, T2, T4, T5, T6, T7)",0.008006973333333334,encoder,True,0.4093634765467927,scene-0245,0.00021578563272120051,0.0003983599999999917
4.486192999999999,4.622125840000001,6,6,225,-0.0034581201324773514,i2-i31-0245,0.04433927091152246,"void at::native::vectorized_elementwise_kernel<(int)4, at::native::<unnamed>::launch_clamp_scalar(at::TensorIteratorBase &, c10::Scalar, c10::Scalar, at::native::detail::ClampLimits)::[lambda() (instance 1)]::operator ()() const::[lambda() (instance 7)]::operator ()() const::[lambda(float) (instance 1)], std::array<char *, (unsigned long)2>>(int, T2, T3)",4.517899586666667,encoder,True,-0.02581104493557645,scene-0245,0.054182307956444006,0.030241479999999932
0.006304000000000001,0.00656,6,6,225,8.633532020697375e-05,i2-i31-0245,0.29998274450882073,"void at::native::vectorized_elementwise_kernel<(int)4, at::native::AUnaryFunctor<long, long, bool, at::native::<unnamed>::CompareEqFunctor<long>>, std::array<char *, (unsigned long)2>>(int, T2, T3)",0.006307191111111111,encoder,True,0.34851964823736353,scene-0245,0.00010018074293156851,7.295999999999952e-05
1.9770790000000003,2.03725592,18,18,225,-0.0022732683047436727,i2-i31-0245,-0.042643043596962596,"void at::native::vectorized_elementwise_kernel<(int)4, at::native::CUDAFunctor_add<float>, std::array<char *, (unsigned long)3>>(int, T2, T3)",1.9841554000000001,encoder,True,-0.049791017934640025,scene-0245,0.018463868678523978,0.008911360000000368
0.11603299999999998,0.12549832,6,6,225,-0.0002847336527326362,i2-i31-0245,-0.12501056932900653,"void at::native::vectorized_elementwise_kernel<(int)4, at::native::FillFunctor<float>, std::array<char *, (unsigned long)1>>(int, T2, T3)",0.11749932444444444,encoder,True,-0.033375443745056244,scene-0245,0.003450124458505844,-0.0002564799999999895
3.151172,3.1948215199999996,6,6,225,0.007988300923924994,i2-i31-0245,0.11764205103916034,"void ms_deformable_im2col_gpu_kernel<float>(int, const T1 *, const long *, const long *, const T1 *, const T1 *, int, int, int, int, int, int, int, T1 *)",3.152104955555556,encoder,True,0.19466825217042194,scene-0245,0.01659519263609602,0.007009719999999664
0.005888,0.00632856,4,4,225,0.00015036985294648132,i2-i31-0245,0.4109818223207468,"void at::native::<unnamed>::ComputeFusedParamsCUDAKernel<float>(long, long, long, const T1 *, const T1 *, const T1 *, const T1 *, at::AccumulateType<T1, (bool)1>::type *, at::AccumulateType<T1, (bool)1>::type *)",0.005910106666666666,neck,True,0.4123461093079195,scene-0245,0.0001474761817303993,-1.180000000000278e-05
0.054592,0.059042279999999996,4,4,225,0.0013873561201117794,i2-i31-0245,0.4164170458276707,"void at::native::<unnamed>::RowwiseMomentsCUDAKernel<float>(long, T1, const T1 *, T1 *, T1 *)",0.05482036444444445,neck,True,0.43870507757020427,scene-0245,0.0012789050561850955,-0.00014540000000003162
0.02672,0.030410999999999994,4,4,225,0.0008916176722934228,i2-i31-0245,0.4446370139824263,"void at::native::elementwise_kernel<(int)128, (int)2, void at::native::gpu_kernel_impl_nocast<void at::native::<unnamed>::GroupNormKernelImplInternal<float>(const at::Tensor &, const at::Tensor &, const at::Tensor &, long, long, long, long, T1, at::Tensor &, at::Tensor &, at::Tensor &)::[lambda(float, float, float) (instance 2)]>(at::TensorIteratorBase &, const T1 &)::[lambda(int) (instance 1)]>(int, T3)",0.026979373333333334,neck,True,0.44813445481860814,scene-0245,0.0008046246678904257,0.00044159999999997604
0.003904,0.00428032,1,1,225,8.349836673229783e-05,i2-i31-0245,0.3500623210031353,"void cublasLt::splitKreduce_kernel<(int)32, (int)16, int, float, float, float, (bool)0, float, float, float, (bool)1, (bool)0, (bool)0>(cublasLt::cublasSplitKParams<T6>, const T4 *, const T9 *, T8 *, T5 *, const T6 *, const T6 *, const T10 *, const T4 *, T10 *, void *, long, T6 *, int *, T6 *, const T6 *, const T6 *, const T6 *, const T6 *)",0.003939031111111112,neck,True,0.3595153014444269,scene-0245,9.392552090110124e-05,-1.2800000000002913e-05
0.08307300000000001,0.1009226,2,2,225,9.28858948055403e-05,i2-i31-0245,-0.028461624465482498,"void cudnn::engines_precompiled::nchwToNhwcKernel<float, float, float, (bool)0, (bool)1, (cudnnKernelDataType_t)2>(cudnn::engines_precompiled::nchw2nhwc_params_t<T3>, const T1 *, T2 *)",0.08339380888888889,neck,True,0.015035685798665124,scene-0245,0.002498328478342823,-0.00010240000000000249
0.001632,0.00176,1,1,225,4.9436889765200394e-05,i2-i31-0245,0.41413438709521183,"void cudnn::engines_precompiled::nhwcToNchwKernel<float, float, float, (bool)1, (bool)0, (cudnnKernelDataType_t)0>(cudnn::engines_precompiled::nhwc2nchw_params_t<T3>, const T1 *, T2 *)",0.0016345822222222223,neck,True,0.42316134316888404,scene-0245,4.72463392533168e-05,1.2799999999986867e-06
0.151746,0.16461128,1,1,225,0.0035376115803936185,i2-i31-0245,0.4550071906385275,void cutlass::Kernel2<cutlass_80_tensorop_s1688gemm_128x128_32x3_nn_align1>(T1::Params),0.1526949022222222,neck,True,0.46180707031338053,scene-0245,0.0030979369894236883,0.001360639999999913
0.039456,0.0425454,1,1,225,0.0009090641034621885,i2-i31-0245,0.42560846609776126,void cutlass::Kernel2<cutlass_80_tensorop_s1688gemm_256x64_16x4_nn_align4>(T1::Params),0.03968799111111111,neck,True,0.4290156453891307,scene-0245,0.0008569281105131599,-5.120000000002206e-05
0.088673,0.09619556,1,1,225,0.0016742797018237854,i2-i31-0245,0.26821309629442,void cutlass::Kernel2<cutlass_80_tensorop_s1688gemm_64x64_16x6_nn_align4>(T1::Params),0.08932152888888889,neck,True,0.2714896013673646,scene-0245,0.00249400789098121,-0.0012006400000000583
0.226082,0.24757548,1,1,225,0.006761480779905321,i2-i31-0245,0.43054720198287666,void cutlass__5x_cudnn::Kernel<cutlass_tensorop_s1688fprop_optimized_tf32_64x64_32x5_nhwc_align4>(T1::Params),0.22733095555555555,neck,True,0.4455113016532903,scene-0245,0.006137706305400906,-0.0003563600000001943
0.010016,0.010584320000000001,12,12,225,0.00010495853662120703,i2-i31-0245,0.1559576795157972,"void <unnamed>::elementwise_kernel_with_index<int, at::native::arange_cuda_out(const c10::Scalar &, const c10::Scalar &, const c10::Scalar &, at::Tensor &)::[lambda() (instance 1)]::operator ()() const::[lambda() (instance 7)]::operator ()() const::[lambda(long) (instance 1)]>(T1, T2, function_traits<T2>::result_type *)",0.010037857777777775,positional_encoding,True,0.2026034467754033,scene-0245,0.000209504785931957,-0.00019300000000000567
0.029408,0.047908839999999994,4,4,225,0.0009642524786789964,i2-i31-0245,0.13438238694146917,"void at::native::<unnamed>::CatArrayBatchedCopy_aligned16_contig<at::native::<unnamed>::OpaqueType<(unsigned int)4>, unsigned int, (int)4, (int)128, (int)1>(T1 *, at::native::<unnamed>::CatArrInputTensorMetadata<T1, T2, T4, T5>, at::native::<unnamed>::TensorSizeStride<T2, (unsigned int)4>, int, T2)",0.02978829777777778,positional_encoding,True,0.15526042079151317,scene-0245,0.0025116146989084217,-0.0001288000000000157
0.040672,0.04525208,16,16,225,0.0012316158945967195,i2-i31-0245,0.44345913247538593,"void at::native::elementwise_kernel<(int)128, (int)2, void at::native::gpu_kernel_impl_nocast<at::native::BinaryFunctor<float, float, float, at::native::binary_internal::DivFunctor<float>>>(at::TensorIteratorBase &, const T1 &)::[lambda(int) (instance 1)]>(int, T3)",0.040994720000000005,positional_encoding,True,0.4509598316392786,scene-0245,0.0011044865621837362,0.00040011999999997605
0.00448,0.0048806399999999995,4,4,225,0.00010797792844303759,i2-i31-0245,0.37847936314132186,"void at::native::elementwise_kernel<(int)128, (int)2, void at::native::gpu_kernel_impl_nocast<at::native::CUDAFunctorOnSelf_add<float>>(at::TensorIteratorBase &, const T1 &)::[lambda(int) (instance 1)]>(int, T3)",0.004511622222222222,positional_encoding,True,0.41175346408203556,scene-0245,0.00010605245848455046,-1.3800000000003046e-05
0.025216000000000002,0.03037132,8,8,225,0.0008292363289842103,i2-i31-0245,0.3316542950251705,"void at::native::elementwise_kernel<(int)128, (int)2, void at::native::gpu_kernel_impl_nocast<at::native::cos_kernel_cuda(at::TensorIteratorBase &)::[lambda() (instance 2)]::operator ()() const::[lambda() (instance 2)]::operator ()() const::[lambda(float) (instance 1)]>(at::TensorIteratorBase &, const T1 &)::[lambda(int) (instance 1)]>(int, T3)",0.02540392888888889,positional_encoding,True,0.35795464822175593,scene-0245,0.0009368570408249126,0.0001871599999999779
0.07094500000000001,0.08487524,24,24,225,0.0013109545699857823,i2-i31-0245,0.2027111112938936,"void at::native::elementwise_kernel<(int)128, (int)2, void at::native::gpu_kernel_impl_nocast<at::native::direct_copy_kernel_cuda(at::TensorIteratorBase &)::[lambda() (instance 3)]::operator ()() const::[lambda() (instance 7)]::operator ()() const::[lambda(float) (instance 1)]>(at::TensorIteratorBase &, const T1 &)::[lambda(int) (instance 1)]>(int, T3)",0.07132425333333332,positional_encoding,True,0.2626464076082206,scene-0245,0.002018548495616484,0.00031539999999999346
0.023840000000000004,0.029978879999999992,8,8,225,0.0009182536856810662,i2-i31-0245,0.33440055889498405,"void at::native::elementwise_kernel<(int)128, (int)2, void at::native::gpu_kernel_impl_nocast<at::native::sin_kernel_cuda(at::TensorIteratorBase &)::[lambda() (instance 2)]::operator ()() const::[lambda() (instance 2)]::operator ()() const::[lambda(float) (instance 1)]>(at::TensorIteratorBase &, const T1 &)::[lambda(int) (instance 1)]>(int, T3)",0.02411293777777778,positional_encoding,True,0.3416740367996524,scene-0245,0.0010868602672712076,0.0002918399999999807
0.007232000000000001,0.007872,4,4,225,0.00020747256628851827,i2-i31-0245,0.45166495980504473,"void at::native::elementwise_kernel<(int)128, (int)4, void at::native::gpu_kernel_impl<at::native::<unnamed>::pow_tensor_tensor_kernel(at::TensorIteratorBase &)::[lambda() (instance 1)]::operator ()() const::[lambda() (instance 7)]::operator ()() const::[lambda(float, float) (instance 1)]>(at::TensorIteratorBase &, const T1 &)::[lambda(int) (instance 1)]>(int, T3)",0.007294066666666666,positional_encoding,True,0.4635134860097093,scene-0245,0.00018101781373359047,0.00010135999999999479
0.001696,0.001824,2,2,225,3.9132203943470494e-05,i2-i31-0245,0.302196935708623,"void at::native::unrolled_elementwise_kernel<at::native::CUDAFunctorOnSelf_add<float>, std::array<char *, (unsigned long)2>, (int)4, TrivialOffsetCalculator<(int)1, unsigned int>, TrivialOffsetCalculator<(int)1, unsigned int>, at::native::memory::LoadWithoutCast, at::native::memory::StoreWithoutCast>(int, T1, T2, T4, T5, T6, T7)",0.001691177777777778,positional_encoding,True,0.33289216537968197,scene-0245,4.753940535732849e-05,2.559999999999867e-05
0.000864,0.000928,1,1,225,2.333413638691614e-05,i2-i31-0245,0.34815676525752737,"void at::native::vectorized_elementwise_kernel<(int)2, at::native::CUDAFunctorOnSelf_add<float>, std::array<char *, (unsigned long)2>>(int, T2, T3)",0.0008594533333333332,positional_encoding,True,0.35022468363366543,scene-0245,2.6944367376751197e-05,-7.680000000000252e-06
0.011328999999999999,0.012240639999999999,12,12,225,0.00026599342759182546,i2-i31-0245,0.4016340391075493,"void at::native::vectorized_elementwise_kernel<(int)4, at::native::AUnaryFunctor<float, float, float, at::native::binary_internal::MulFunctor<float>>, std::array<char *, (unsigned long)2>>(int, T2, T3)",0.011395008888888888,positional_encoding,True,0.42693609174831904,scene-0245,0.0002519596791571771,8.959999999991891e-06
0.0033919999999999996,0.0036723199999999998,4,4,225,8.391664809069819e-05,i2-i31-0245,0.3702149013237758,"void at::native::vectorized_elementwise_kernel<(int)4, at::native::BUnaryFunctor<float, float, float, at::native::binary_internal::MulFunctor<float>>, std::array<char *, (unsigned long)2>>(int, T2, T3)",0.00339888,positional_encoding,True,0.409159260321016,scene-0245,8.294281189135351e-05,-4.36000000000273e-06
0.009312,0.009920000000000002,9,9,225,0.00014924926993071188,i2-i31-0245,0.17120919362152548,"void at::native::vectorized_elementwise_kernel<(int)4, at::native::CUDAFunctorOnSelf_add<float>, std::array<char *, (unsigned long)2>>(int, T2, T3)",0.009339893333333333,positional_encoding,True,0.29032779451953983,scene-0245,0.00020789622881513657,-0.00012928000000000592
0.0029760000000000003,0.003232,4,4,225,7.689437077747526e-05,i2-i31-0245,0.39440902157999147,"void at::native::vectorized_elementwise_kernel<(int)4, at::native::FillFunctor<long>, std::array<char *, (unsigned long)1>>(int, T2, T3)",0.0029875377777777777,positional_encoding,True,0.4153334191460836,scene-0245,7.487221495881842e-05,1.0239999999998167e-05
0.004352,0.00472064,4,4,225,0.00010141829960861953,i2-i31-0245,0.39107272167243745,"void at::native::vectorized_elementwise_kernel<(int)4, at::native::binary_internal::div_floor_kernel_cuda(at::TensorIteratorBase &)::[lambda() (instance 2)]::operator ()() const::[lambda() (instance 2)]::operator ()() const::[lambda(float) (instance 1)], std::array<char *, (unsigned long)2>>(int, T2, T3)",0.004372373333333333,positional_encoding,True,0.4218041531929363,scene-0245,9.723631328995487e-05,-4.4800000000001956e-05
0.526278,0.5461226,3,3,225,0.0019467944963179034,i2-i31-0245,-0.0018627545238499824,ampere_sgemm_128x64_tn,0.5279820266666666,unresolved,True,0.09554986358211989,scene-0245,0.00823973129978291,-0.002160639999999825
0.13101,0.14097787999999997,2,2,225,0.0009591599057129593,i2-i31-0245,-0.017615818404472298,ampere_sgemm_32x128_tn,0.13239166222222223,unresolved,True,0.08790872648834748,scene-0245,0.004412472774271129,-0.001175559999999909
0.002048,0.00224,1,1,225,5.773250655433719e-05,i2-i31-0245,0.2975977705955179,reduction_prod_kernel,0.0020494577777777777,unresolved,True,0.3075971331121677,scene-0245,7.590338446235125e-05,9.727999999999907e-05
0.006816000000000001,0.0072640000000000005,8,8,225,0.00014076613920921345,i2-i31-0245,0.12781601135302842,"void <unnamed>::elementwise_kernel_with_index<int, at::native::linspace_cuda_out(const c10::Scalar &, const c10::Scalar &, long, at::Tensor &)::[lambda() (instance 2)]::operator ()() const::[lambda() (instance 2)]::operator ()() const::[lambda(long) (instance 1)]>(T1, T2, function_traits<T2>::result_type *)",0.006821177777777778,unresolved,True,0.22619745464118188,scene-0245,0.0002516711866162667,-5.247999999999711e-05
0.12374500000000001,0.15626311999999998,5,5,225,0.0008597146416358609,i2-i31-0245,0.02425205349792699,"void at::native::<unnamed>::CatArrayBatchedCopy<at::native::<unnamed>::OpaqueType<(unsigned int)4>, unsigned int, (int)3, (int)64, (int)64>(T1 *, at::native::<unnamed>::CatArrInputTensorMetadata<T1, T2, T4, T5>, at::native::<unnamed>::TensorSizeStride<T2, (unsigned int)4>, int, T2)",0.12456827555555555,unresolved,True,0.05745143365945929,scene-0245,0.006051687080444981,-0.0022950399999999566
0.085377,0.11225187999999998,2,2,225,0.0009444640382323745,i2-i31-0245,0.05572606739227101,"void at::native::<unnamed>::CatArrayBatchedCopy_aligned16_contig<at::native::<unnamed>::OpaqueType<(unsigned int)4>, unsigned int, (int)3, (int)128, (int)1>(T1 *, at::native::<unnamed>::CatArrInputTensorMetadata<T1, T2, T4, T5>, at::native::<unnamed>::TensorSizeStride<T2, (unsigned int)4>, int, T2)",0.08604014666666668,unresolved,True,0.09626850157192866,scene-0245,0.003967566596044034,-0.0014143999999999823
0.007872,0.008464639999999999,4,4,225,0.00015104139681582,i2-i31-0245,0.10867510981041512,"void at::native::<unnamed>::CatArrayBatchedCopy_aligned16_contig<at::native::<unnamed>::OpaqueType<(unsigned int)4>, unsigned int, (int)4, (int)128, (int)1>(T1 *, at::native::<unnamed>::CatArrInputTensorMetadata<T1, T2, T4, T5>, at::native::<unnamed>::TensorSizeStride<T2, (unsigned int)4>, int, T2)",0.007903546666666667,unresolved,True,0.20596978757604437,scene-0245,0.0002965619872247058,-1.0239999999998167e-05
0.003616,0.004392959999999999,2,2,225,5.4495842302244065e-05,i2-i31-0245,0.192754667649136,"void at::native::<unnamed>::CatArrayBatchedCopy_aligned16_contig<at::native::<unnamed>::OpaqueType<(unsigned int)8>, unsigned int, (int)1, (int)128, (int)1>(T1 *, at::native::<unnamed>::CatArrInputTensorMetadata<T1, T2, T4, T5>, at::native::<unnamed>::TensorSizeStride<T2, (unsigned int)4>, int, T2)",0.003652164444444444,unresolved,True,0.0899514513168561,scene-0245,0.00024500683814090263,0.00014976000000000182
0.086816,0.08913763999999999,1,1,225,0.0002995840000518,i2-i31-0245,0.04090189528249068,"void at::native::<unnamed>::vectorized_layer_norm_kernel<float, float>(int, T2, const T1 *, const T1 *, const T1 *, T2 *, T2 *, T1 *)",0.08690484,unresolved,True,0.11085210520818502,scene-0245,0.0010929434228317176,0.00024064000000002805
0.004832,0.00518476,2,2,225,4.570395353995816e-05,i2-i31-0245,0.018222805528646663,"void at::native::_scatter_gather_elementwise_kernel<(int)128, (int)4, void at::native::_cuda_scatter_gather_internal_kernel<(bool)0, at::native::OpaqueType<(int)4>>::operator ()<at::native::TensorAssign>(at::TensorIterator &, long, long, long, const T1 &)::[lambda(int) (instance 1)]>(int, T3)",0.004851262222222222,unresolved,True,0.09526307657942186,scene-0245,0.00019402253624988897,-0.00013055999999999745
0.027936,0.03299328,2,2,225,0.0006883525721850364,i2-i31-0245,0.0015949744260769733,"void at::native::elementwise_kernel<(int)128, (int)2, void at::native::gpu_kernel_impl_nocast<at::native::<unnamed>::masked_fill_kernel(at::TensorIterator &, const c10::Scalar &)::[lambda() (instance 1)]::operator ()() const::[lambda() (instance 7)]::operator ()() const::[lambda(float, bool) (instance 1)]>(at::TensorIteratorBase &, const T1 &)::[lambda(int) (instance 1)]>(int, T3)",0.02825408888888889,unresolved,True,0.13269440977415004,scene-0245,0.0020978832890132344,3.840000000039645e-06
0.030848999999999998,0.03412992,4,4,225,0.0008070729301968911,i2-i31-0245,0.4160088887968479,"void at::native::elementwise_kernel<(int)128, (int)2, void at::native::gpu_kernel_impl_nocast<at::native::CUDAFunctor_add<float>>(at::TensorIteratorBase &, const T1 &)::[lambda(int) (instance 1)]>(int, T3)",0.030978453333333336,unresolved,True,0.4068821950122375,scene-0245,0.0008021712750335116,0.0010762399999999714
0.003136,0.0033280000000000002,2,2,225,3.6527852755267175e-05,i2-i31-0245,0.01624045206346611,"void at::native::elementwise_kernel<(int)128, (int)2, void at::native::gpu_kernel_impl_nocast<at::native::direct_copy_kernel_cuda(at::TensorIteratorBase &)::[lambda() (instance 3)]::operator ()() const::[lambda() (instance 4)]::operator ()() const::[lambda(long) (instance 1)]>(at::TensorIteratorBase &, const T1 &)::[lambda(int) (instance 1)]>(int, T3)",0.0031506800000000003,unresolved,True,0.12246467053466195,scene-0245,0.0001206247249392373,-8.191999999999791e-05
0.009568,0.010304,4,4,225,0.00017662254544608137,i2-i31-0245,0.09979311182575776,"void at::native::elementwise_kernel<(int)128, (int)4, void at::native::gpu_kernel_impl<at::native::BinaryFunctor<float, float, float, at::native::binary_internal::DivFunctor<float>>>(at::TensorIteratorBase &, const T1 &)::[lambda(int) (instance 1)]>(int, T3)",0.009615342222222224,unresolved,True,0.19795424742253248,scene-0245,0.00036083140198952813,-0.00020711999999999467
0.0050880000000000005,0.0054325599999999995,4,4,225,8.252781509435455e-05,i2-i31-0245,0.08653399811968088,"void at::native::index_elementwise_kernel<(int)128, (int)4, void at::native::flip_kernel_impl<at::native::OpaqueType<(int)8>>(at::TensorIterator &)::[lambda(int) (instance 1)]>(long, T3)",0.005104835555555557,unresolved,True,0.18964227313653334,scene-0245,0.00017599008703845362,-0.0001382399999999978
0.001056,0.00112,1,1,225,1.0198221298108166e-05,i2-i31-0245,0.015089268366947498,"void at::native::mbtopk::computeBlockwiseKthCounts<unsigned int>(T1 *, short *, unsigned int, unsigned int, unsigned int *)",0.00104676,unresolved,True,0.0968682660436357,scene-0245,4.257610388730069e-05,-1.6639999999999407e-05
0.005600000000000001,0.0060085600000000005,4,4,225,7.486487878034407e-05,i2-i31-0245,0.0425382706999525,"void at::native::mbtopk::computeBlockwiseWithinKCounts<unsigned int>(T1 *, short *, unsigned int, int, bool, unsigned int *, unsigned int)",0.0056407022222222224,unresolved,True,0.14377649871043544,scene-0245,0.0002105781148161088,-8.319999999999769e-05
0.000768,0.000832,1,1,225,6.640103311236491e-06,i2-i31-0245,0.007863518867462765,"void at::native::mbtopk::fill<unsigned int, unsigned int>(T1 *, T1, T2)",0.0007774,unresolved,True,0.08324404098356153,scene-0245,3.2258538921242744e-05,-4.8639999999999426e-05
0.003744,0.004032,1,1,225,3.6047025874723997e-05,i2-i31-0245,0.046570607301994006,"void at::native::mbtopk::gatherTopK<float, unsigned int, (int)1>(at::cuda::detail::TensorInfo<const T1, T2>, T2, T2, bool, unsigned int, T2, at::cuda::detail::TensorInfo<T1, T2>, T2, at::cuda::detail::TensorInfo<long, T2>, T2, unsigned int, unsigned int, T1 *, unsigned int *, unsigned int *, unsigned int)",0.0037493155555555556,unresolved,True,0.10346598089589251,scene-0245,0.00014089476917276568,-3.327999999999925e-05
0.011616000000000001,0.012288,4,4,225,0.00013225105163136051,i2-i31-0245,0.03026317210512639,"void at::native::mbtopk::radixFindKthValues<float, unsigned int, unsigned int, (int)1>(at::cuda::detail::TensorInfo<const T1, T2>, unsigned int, unsigned int *, unsigned int, T2, int, int, unsigned int, T3, unsigned int *, T3 *, short *, T1 *)",0.011650973333333335,unresolved,True,0.12194208147222067,scene-0245,0.00043859991305668724,-0.00015871999999999414
0.013761,0.01459276,1,1,225,0.00016600070223910212,i2-i31-0245,0.04731637133643978,"void at::native::radixSortKVInPlace<(int)-2, (int)-1, (int)32, (int)32, float, long, unsigned int>(at::cuda::detail::TensorInfo<T5, T7>, T7, T7, T7, at::cuda::detail::TensorInfo<T6, T7>, T7, bool)",0.013811946666666665,unresolved,True,0.1262055213849087,scene-0245,0.0005319301180501899,4.17200000000055e-05
0.022977,0.02416,1,1,225,0.0001114729249105793,i2-i31-0245,-0.003152060877626624,"void at::native::reduce_kernel<(int)512, (int)1, at::native::ReduceOp<float, at::native::MaxOps<float>, unsigned int, float, (int)4>>(T3)",0.02298610222222222,unresolved,True,0.0936811199268706,scene-0245,0.0004812163045583967,2.176000000000261e-05
0.002816,0.003072,1,1,225,5.3186084663849155e-05,i2-i31-0245,0.11136093181672606,"void at::native::reduce_kernel<(int)512, (int)1, at::native::ReduceOp<long, at::native::func_wrapper_t<long, at::native::sum_functor<long, long, long>::operator ()(at::TensorIterator &)::[lambda(long, long) (instance 1)]>, unsigned int, long, (int)4>>(T3)",0.00282512,unresolved,True,0.16808074174005028,scene-0245,0.00012796849890153085,-1.919999999999743e-05
0.003456,0.0037043199999999997,4,4,225,5.800272439521042e-05,i2-i31-0245,0.07867847693792814,"void at::native::unrolled_elementwise_kernel<at::native::BinaryFunctor<long, long, long, at::native::binary_internal::MulFunctor<long>>, std::array<char *, (unsigned long)3>, (int)4, TrivialOffsetCalculator<(int)2, unsigned int>, TrivialOffsetCalculator<(int)1, unsigned int>, at::native::memory::LoadWithoutCast, at::native::memory::StoreWithoutCast>(int, T1, T2, T4, T5, T6, T7)",0.0034640044444444445,unresolved,True,0.18362451650381353,scene-0245,0.00012774406697343564,-1.7159999999997837e-05
0.0035199999999999997,0.003776,4,4,225,6.05356759134079e-05,i2-i31-0245,0.0921726166138297,"void at::native::unrolled_elementwise_kernel<at::native::CUDAFunctorOnSelf_add<long>, std::array<char *, (unsigned long)2>, (int)4, TrivialOffsetCalculator<(int)1, unsigned int>, TrivialOffsetCalculator<(int)1, unsigned int>, at::native::memory::LoadWithoutCast, at::native::memory::StoreWithoutCast>(int, T1, T2, T4, T5, T6, T7)",0.003539524444444444,unresolved,True,0.1908910115987051,scene-0245,0.0001282475057683482,-4.991999999999844e-05
0.002208,0.0024243199999999998,1,1,225,4.15483369464319e-05,i2-i31-0245,0.10934535855515577,"void at::native::unrolled_elementwise_kernel<at::native::direct_copy_kernel_cuda(at::TensorIteratorBase &)::[lambda() (instance 3)]::operator ()() const::[lambda() (instance 4)]::operator ()() const::[lambda(long) (instance 1)], std::array<char *, (unsigned long)2>, (int)4, TrivialOffsetCalculator<(int)1, unsigned int>, TrivialOffsetCalculator<(int)1, unsigned int>, at::native::memory::LoadWithCast<(int)1>, at::native::memory::StoreWithCast<(int)1>>(int, T1, T2, T4, T5, T6, T7)",0.0022157111111111107,unresolved,True,0.17332088701534445,scene-0245,9.694507545162356e-05,-4.0959999999999174e-05
0.001824,0.0019520000000000002,2,2,225,4.002192658825502e-05,i2-i31-0245,0.11735683198361377,"void at::native::vectorized_elementwise_kernel<(int)2, at::native::CUDAFunctorOnSelf_add<long>, std::array<char *, (unsigned long)2>>(int, T2, T3)",0.0018266044444444445,unresolved,True,0.22544440974832655,scene-0245,7.179290573295006e-05,-8.959999999999264e-06
0.143458,0.16307015999999996,2,2,225,0.0010460213764065785,i2-i31-0245,0.08131151142526703,"void at::native::vectorized_elementwise_kernel<(int)4, at::native::<unnamed>::launch_clamp_scalar(at::TensorIteratorBase &, c10::Scalar, c10::Scalar, at::native::detail::ClampLimits)::[lambda() (instance 1)]::operator ()() const::[lambda() (instance 7)]::operator ()() const::[lambda(float) (instance 1)], std::array<char *, (unsigned long)2>>(int, T2, T3)",0.1441273511111111,unresolved,True,0.11904735203319182,scene-0245,0.0035533978150886145,0.0004805199999999843
0.007968,0.008512,8,8,225,0.00015187518625975728,i2-i31-0245,0.09958884384312089,"void at::native::vectorized_elementwise_kernel<(int)4, at::native::AUnaryFunctor<float, float, float, at::native::binary_internal::MulFunctor<float>>, std::array<char *, (unsigned long)2>>(int, T2, T3)",0.007981875555555556,unresolved,True,0.21020221704642783,scene-0245,0.0002921948399845214,-0.00017279999999999553
0.00128,0.001376,1,1,225,2.608829329135859e-05,i2-i31-0245,0.11053616090385349,"void at::native::vectorized_elementwise_kernel<(int)4, at::native::AUnaryFunctor<long, long, bool, at::native::<unnamed>::CompareEqFunctor<long>>, std::array<char *, (unsigned long)2>>(int, T2, T3)",0.0012962266666666667,unresolved,True,0.19854224532775208,scene-0245,5.313929033942565e-05,-6.527999999999872e-05
0.001504,0.001632,1,1,225,3.160993357102723e-05,i2-i31-0245,0.11755092149281043,"void at::native::vectorized_elementwise_kernel<(int)4, at::native::BinaryFunctor<bool, bool, bool, at::native::BitwiseAndFunctor<bool>>, std::array<char *, (unsigned long)3>>(int, T2, T3)",0.0015234977777777775,unresolved,True,0.21460294666258697,scene-0245,5.956771119729171e-05,-8.959999999999047e-06
0.001472,0.001568,1,1,225,3.310222219172827e-05,i2-i31-0245,0.11995741211523374,"void at::native::vectorized_elementwise_kernel<(int)4, at::native::BinaryFunctor<float, float, float, at::native::binary_internal::DivFunctor<float>>, std::array<char *, (unsigned long)3>>(int, T2, T3)",0.0014796844444444443,unresolved,True,0.22424151855436397,scene-0245,5.969859836640705e-05,7.68000000000036e-06
0.001216,0.001344,1,1,225,2.8730762234999193e-05,i2-i31-0245,0.15026895708690713,"void at::native::vectorized_elementwise_kernel<(int)4, at::native::CUDAFunctorOnOther_add<float>, std::array<char *, (unsigned long)2>>(int, T2, T3)",0.0012222711111111112,unresolved,True,0.22316691026453353,scene-0245,5.2064338924587554e-05,1.5360000000000503e-05
0.004032,0.00431232,4,4,225,7.764193891401198e-05,i2-i31-0245,0.11247419771519397,"void at::native::vectorized_elementwise_kernel<(int)4, at::native::CUDAFunctorOnSelf_add<float>, std::array<char *, (unsigned long)2>>(int, T2, T3)",0.004038573333333333,unresolved,True,0.20883180089150832,scene-0245,0.00015035668761685038,-0.0001062399999999979
0.002784,0.0029760000000000003,3,3,225,6.13546850901443e-05,i2-i31-0245,0.1377076531195666,"void at::native::vectorized_elementwise_kernel<(int)4, at::native::CUDAFunctorOnSelf_add<long>, std::array<char *, (unsigned long)2>>(int, T2, T3)",0.0027716622222222227,unresolved,True,0.23495207020635767,scene-0245,0.00010560669862779421,-5.75999999999988e-05
0.00208,0.0026406399999999992,1,1,225,7.854835098864319e-05,i2-i31-0245,0.1963150926579518,"void at::native::vectorized_elementwise_kernel<(int)4, at::native::CUDAFunctor_add<float>, std::array<char *, (unsigned long)3>>(int, T2, T3)",0.002103764444444444,unresolved,True,0.18284194273940038,scene-0245,0.00017373377482107573,0.00021759999999999857
0.002912,0.003104,3,3,225,4.787433616858187e-05,i2-i31-0245,0.08096100383503615,"void at::native::vectorized_elementwise_kernel<(int)4, at::native::CUDAFunctor_add<long>, std::array<char *, (unsigned long)3>>(int, T2, T3)",0.002915728888888889,unresolved,True,0.17924807229054388,scene-0245,0.00010801181956356485,-1.2799999999989035e-06
0.004256,0.00453632,5,5,225,8.841622178265259e-05,i2-i31-0245,0.17816896396557388,"void at::native::vectorized_elementwise_kernel<(int)4, at::native::FillFunctor<float>, std::array<char *, (unsigned long)1>>(int, T2, T3)",0.004256755555555556,unresolved,True,0.25986382672840774,scene-0245,0.00013759705351424676,6.272000000000222e-05
0.00096,0.0011763199999999996,1,1,225,-3.3841757004277646e-05,i2-i31-0245,-0.11173168065628147,"void at::native::vectorized_elementwise_kernel<(int)4, at::native::FillFunctor<long>, std::array<char *, (unsigned long)1>>(int, T2, T3)",0.0009216000000000001,unresolved,True,-0.11708785514699176,scene-0245,0.00011688642160471658,-0.0001779199999999983
0.002592,0.002752,2,2,225,5.036855153613811e-05,i2-i31-0245,0.09024379639267217,"void at::native::vectorized_elementwise_kernel<(int)4, at::native::bitwise_not_kernel_cuda(at::TensorIteratorBase &)::[lambda(bool) (instance 1)], std::array<char *, (unsigned long)2>>(int, T2, T3)",0.0026056755555555556,unresolved,True,0.204171793572175,scene-0245,9.9766957690979e-05,-3.3279999999998814e-05
0.001344,0.00144,1,1,225,2.613495309807547e-05,i2-i31-0245,0.11664484164200817,"void at::native::vectorized_elementwise_kernel<(int)4, at::native::log_kernel_cuda(at::TensorIteratorBase &)::[lambda() (instance 2)]::operator ()() const::[lambda() (instance 2)]::operator ()() const::[lambda(float) (instance 1)], std::array<char *, (unsigned long)2>>(int, T2, T3)",0.00134756,unresolved,True,0.19733228848103915,scene-0245,5.356074184201209e-05,-8.959999999999047e-06
0.0022719999999999997,0.0024000000000000002,2,2,225,2.438660689006891e-05,i2-i31-0245,0.021015464107671078,"void at::native::vectorized_elementwise_kernel<(int)4, at::native::sigmoid_kernel_cuda(at::TensorIteratorBase &)::[lambda() (instance 2)]::operator ()() const::[lambda() (instance 2)]::operator ()() const::[lambda(float) (instance 1)], std::array<char *, (unsigned long)2>>(int, T2, T3)",0.0022549466666666666,unresolved,True,0.11552172632393053,scene-0245,8.53710687398124e-05,-2.5599999999998454e-05
0.0028799999999999997,0.003072,2,2,225,4.3647747108191966e-05,i2-i31-0245,0.0887336561653799,"void at::native::vectorized_elementwise_kernel<(int)4, void at::native::compare_scalar_kernel<float>(at::TensorIteratorBase &, at::native::<unnamed>::OpType, T1)::[lambda(float) (instance 1)], std::array<char *, (unsigned long)2>>(int, T2, T3)",0.0028771822222222222,unresolved,True,0.17812481587856968,scene-0245,9.909697896256062e-05,6.272000000000135e-05
0.001536,0.001632,2,2,225,1.7202502979782796e-05,i2-i31-0245,0.01631970379990264,"void at_cuda_detail::cub::DeviceScanByKeyInitKernel<at_cuda_detail::cub::ReduceByKeyScanTileState<unsigned int, int, (bool)1>, at_cuda_detail::cub::TransformInputIterator<unsigned int, at::native::mbtopk::BlockIdxToKey, at_cuda_detail::cub::CountingInputIterator<unsigned int, unsigned int>, long>>(T1, T2, std::iterator_traits<T2>::value_type *, unsigned int, int)",0.001540706666666667,unresolved,True,0.11277624507227743,scene-0245,6.168747901046586e-05,-8.959999999999264e-06
0.0041919999999999995,0.0044480000000000006,2,2,225,4.825822846000656e-05,i2-i31-0245,0.028385358879419637,"void at_cuda_detail::cub::DeviceScanByKeyKernel<at_cuda_detail::cub::DeviceScanByKeyPolicy<at_cuda_detail::cub::TransformInputIterator<unsigned int, at::native::mbtopk::BlockIdxToKey, at_cuda_detail::cub::CountingInputIterator<unsigned int, unsigned int>, long>, unsigned int, unsigned int, cuda::std::__4::plus<void>>::Policy900, at_cuda_detail::cub::TransformInputIterator<unsigned int, at::native::mbtopk::BlockIdxToKey, at_cuda_detail::cub::CountingInputIterator<unsigned int, unsigned int>, long>, unsigned int *, unsigned int *, at_cuda_detail::cub::ReduceByKeyScanTileState<unsigned int, int, (bool)1>, cuda::std::__4::equal_to<void>, cuda::std::__4::plus<void>, at_cuda_detail::cub::NullType, int, unsigned int, unsigned int>(T2, T11 *, T3, T4, T5, int, T6, T7, T8, T9)",0.0042007066666666665,unresolved,True,0.12240681605058135,scene-0245,0.00015943687904622315,-3.455999999999772e-05
0.000768,0.000832,1,1,225,2.2684905848032894e-05,i2-i31-0245,0.3142885001702811,"void at_cuda_detail::cub::DeviceScanInitKernel<at_cuda_detail::cub::ScanTileState<long, (bool)1>>(T1, int)",0.0007589022222222223,unresolved,True,0.3611910440035598,scene-0245,2.5399374348277774e-05,2.4319999999999767e-05
0.001248,0.0013683199999999997,1,1,225,2.88551517173459e-05,i2-i31-0245,0.3186990405600926,"void at_cuda_detail::cub::DeviceScanKernel<at_cuda_detail::cub::DeviceScanPolicy<long, std::plus<long>>::Policy900, const long *, long *, at_cuda_detail::cub::ScanTileState<long, (bool)1>, std::plus<long>, at_cuda_detail::cub::NullType, int, long>(T2, T3, T4, int, T5, T6, T7)",0.0012490355555555557,unresolved,True,0.2954771132155308,scene-0245,3.9493218295778646e-05,5.631999999999968e-05
