input_payload_sha256,occupied_voxels,point_scan_iterations,raw_points,scene_id,source_frame_id,voxel_input_points
e88fc171a9bbd4b99e5568aeddde63f8484cdf2aa11f75090262911186edad97,17734,27157984819,34688,scene-0770,scene-0770:lidar:1,259306
a39c08add03f4b9f3eaf75147a27d37d48366bd34867970f980242b0312b82dc,17691,27123956124,34688,scene-0770,scene-0770:lidar:3,259028
cefb80dd389a5a050019f2aacccbbbac6b390316db92bd6106e441562ed1cfaf,17756,27169733010,34720,scene-0770,scene-0770:lidar:4,259301
71420d7169add2f5c91e358f0a1aaf39a1573c1aeadd1dc5e1184a9fd711f73a,17797,27268457634,34720,scene-0770,scene-0770:lidar:6,259583
d68d5640205b8fc425647645d3a053a69218604d8a323f36ff7b52a17f4bb441,17702,27163774818,34720,scene-0770,scene-0770:lidar:9,259545
cad91ed76596d99fa3cfe726cc1d4efba72db9252087b8f065a6993663476122,17722,27263530267,34752,scene-0770,scene-0770:lidar:11,259693
2c28355f2700fcb1f34a88764b07144cca981a514be0ba70453f327908f21f47,17733,27199889195,34720,scene-0770,scene-0770:lidar:12,259471
411dd8b25dc186cdea1d1d6288568433b3c190794ec4ae199d20e87347b0bcaf,17771,27227336701,34752,scene-0770,scene-0770:lidar:14,259673
c802b6658570ad14c26acc3dd2f12dfc567051eca72f5e6b426584cd8dd5ff14,17814,27325621631,34752,scene-0770,scene-0770:lidar:17,260050
1b410a73daebee60c6b17a73cc3d49bf3a43fe2a3c9d8c7f063ee89dbe968ab8,17777,27286197328,34752,scene-0770,scene-0770:lidar:20,259732
9de22c2161a174a2c7f0490a009c2447f728ee788d39470d66b81ccffaa97fde,17732,27257089724,34752,scene-0770,scene-0770:lidar:22,259911
5e658cf3f5419388c8b7224bb16991282ccac555ed93f14984745d9076404156,17710,27136725024,34720,scene-0770,scene-0770:lidar:25,259420
82700535d5552543af9a40799fa957d3472d1d558edbc59d579fac664cee2f24,17831,27376772622,34752,scene-0770,scene-0770:lidar:28,260072
a605d528309aa39dd832cee7914a714c6acfa66f83f436e3e9937c321b4e355a,17734,27237355501,34720,scene-0770,scene-0770:lidar:30,259659
9f4734ad98ea2f660e940da0023bb8c78493287093a4b7638b9ead9116167a52,17728,27140569740,34688,scene-0770,scene-0770:lidar:33,259263
3ab4678b45713caf2577c4a40bd404d50171990a5229dac3f04ca2b1270f58d4,17721,27183480841,34720,scene-0770,scene-0770:lidar:36,259327
92101952fa432c60b0e731008373a8b70e65e93d430c1c387a674e97ed921ab4,17766,27226508303,34720,scene-0770,scene-0770:lidar:37,259620
32d2fd841ad8d76208e6e96f0b1e1f7b8e87e38a15fd7ceb240affe2dac57077,17804,27287936915,34752,scene-0770,scene-0770:lidar:40,259934
c458a9428ba417048f1518482af2f4ea881f0313b6dbc7ab07012a2d16baa7fe,17739,27255578946,34752,scene-0770,scene-0770:lidar:43,259868
72124dbc32b5659b398b24cdbd559c29552b169f360dc1138debd8fd508d2a80,17756,27291213361,34752,scene-0770,scene-0770:lidar:45,260207
b25d485b1818956da0b0099d3657fdd8339e8673d60745b9d75ff72f883f93f0,17777,27237996245,34720,scene-0770,scene-0770:lidar:48,259784
5b767c046673b2f5d941faeef0f08a41a805836cd79e958a04aa4aefe5fe60df,17728,27242477338,34720,scene-0770,scene-0770:lidar:51,259613
a3d6ad2e3039624db242ccbc293ca5c56efcdf2ea03566f9deccd899b4d4003a,17753,27239247704,34720,scene-0770,scene-0770:lidar:53,259551
85305f14ffa39eec29400a084fdb7f043952053209352edf70fd8a6380363fd9,17776,27316486890,34752,scene-0770,scene-0770:lidar:56,259939
3d1b72a582a90d0feaae49042b37eb69aa5f5d5cf2b61f49cbdeed6ff20711d7,17718,27246732771,34752,scene-0770,scene-0770:lidar:59,259863
6eae87dbf8c69fd10060b7853eb816348b62edcd1e216e5b7b8028db8020a607,17759,27252430309,34752,scene-0770,scene-0770:lidar:61,259742
7e67fd0fc2047db5e80e584962ebf14b7cbeb1cff23a8fd915f85b93756223aa,17732,27234385330,34752,scene-0770,scene-0770:lidar:64,259826
2b8705743fd2bc9886092e02b533e938892af009ac93baf2b9ca184d8a96ae9e,17785,27297741225,34752,scene-0770,scene-0770:lidar:66,259683
18ec4f2a0330f720defcc99953a93bfe857abc92b02842947c1400dc5004c623,17792,27346748796,34784,scene-0770,scene-0770:lidar:67,260291
b9d91271852c0f7b653f985d950847c01564a0ca28209d7a6bf0031f52061125,17755,27239290264,34752,scene-0770,scene-0770:lidar:69,259835
039bd8a0804198bcc366b219eafde21ade3835dc8c45f0a0fff1cceec85a3b97,17748,27179911856,34720,scene-0770,scene-0770:lidar:72,259339
19af6599ff4a1bdc0b5bf5cffa93c0de990adc8bfca22a065260ceb803a9abd5,17716,27168309961,34720,scene-0770,scene-0770:lidar:74,259509
3b47902b793282c42ca203a7bcf899c062ff27a4154e1a7fb7329097036c502b,17686,27095913849,34720,scene-0770,scene-0770:lidar:75,258977
f83f270fca27e385202ad6bd0dbb3bbded450825451922664e0bb3622a3392e4,17711,27200403867,34720,scene-0770,scene-0770:lidar:77,259566
e2b16c8254c2c489e50b34c323d21db4269f0d223212089b1d357a5e2003d5e8,17722,27192250178,34720,scene-0770,scene-0770:lidar:80,259506
fc667f7c79e808b4617b70ab981ce8ee319fadaf94ade85f3232f8962ec58d85,17710,27176822435,34720,scene-0770,scene-0770:lidar:82,259607
c8a1233a9f1ed8ba7a6e77d033241a9eba63272d76dcceed608067c97f25cfe3,17722,27166318674,34720,scene-0770,scene-0770:lidar:83,259453
8709694192fcfeb7c796e4104b50937356d3f880774cbc989d5ae5b83aa21731,17656,27106257678,34720,scene-0770,scene-0770:lidar:85,259428
1f27e3b557a4a89e08576ba28d35f71a38490de862a4d4066ba352c8e03fd6a2,17733,27202830912,34720,scene-0770,scene-0770:lidar:88,259544
828e8794b8f3d8087b3ebdb3305e8b5d1b846a97163e34a9773a22eb3f6cab8c,17792,27310580447,34752,scene-0770,scene-0770:lidar:90,259983
8a259147fdf7a588ddb6f043a9b530a3484612daf6c1bdd81fd5535e29b948a3,17765,27289068452,34752,scene-0770,scene-0770:lidar:91,259848
ce803b38dfccf0c3c9df1e510851ad9bd0e312360ef911f4e884172d2b72d347,17752,27279142797,34752,scene-0770,scene-0770:lidar:93,259859
0dafde886c86cfc38c5b0d4f48faa5b4b9025964d47a0ada2501927f46c4c624,17809,27349323608,34752,scene-0770,scene-0770:lidar:96,260002
2b292bae797c5cee1b6259302ae048e6387dfa2732fd339984f16f02db88c064,17716,27193958435,34720,scene-0770,scene-0770:lidar:98,259452
b7ecfa11ce68eebd821411b49adf08c9a853a6e4256f2528395a332b7b7b6e70,17722,27253241046,34720,scene-0770,scene-0770:lidar:99,259610
b8a711e516b5e78402b8e872cb26adafbbdc2003a2198988565677297777f788,17719,27204046608,34720,scene-0770,scene-0770:lidar:101,259631
50c455280d05940708e684dbf0583fab68415dc15642a4b0023a604e33832262,17736,27183063921,34688,scene-0770,scene-0770:lidar:104,259437
5d384f823beff5853d56bc2f89c0227c8f17959b654b848142cbad3e9c6ea7c2,17741,27217661981,34688,scene-0770,scene-0770:lidar:106,259372
3e097fba9fcb81cb43b29bd5f0932325600b0e0934e9fdbd3c9d4f03d8fbe5ca,17798,27257315973,34688,scene-0770,scene-0770:lidar:107,259349
e9cf1d84ae5cf8b508e4e41004137b4e31374100c4855ca00dc3d126ac74adee,17731,27106553765,34656,scene-0770,scene-0770:lidar:109,259084
debc130b08231f25900a1663e4fc6c04926d355d1391406ead0d9dad2b6b9539,17756,27176793320,34656,scene-0770,scene-0770:lidar:112,259163
451db6122fc4bf12414dfd2cb72e17e70a18ce9238416cc47e3dee549adfef2c,17750,27110064788,34656,scene-0770,scene-0770:lidar:114,258868
590d933f35b5e49359c0c2eb377d8949784e574978028b494a799d1e62604e2e,17735,27205221120,34688,scene-0770,scene-0770:lidar:117,259244
c9a195418a773d026eedf8922e8918c300437f45cda5cf7990e082c23744dfd4,17701,27070566576,34688,scene-0770,scene-0770:lidar:119,258978
d924a0333ad80379f380bb7070735c36dae1d243b02dc3304e0fe3e4e2e8b1ec,17740,27168495915,34688,scene-0770,scene-0770:lidar:120,259356
078ccbfa8604734c579eb8cd2dffd444518d6581a4c2a1a33288a0dee4b27c1d,17763,27166923476,34688,scene-0770,scene-0770:lidar:122,259343
13760a3bcba509ab2bf514aae9c464e97708b5b8e9278645352a56b714fa7227,17686,27189084175,34720,scene-0770,scene-0770:lidar:125,259483
e3d7f7e9c7d0ad021e25f9403782301ac19fee814a3340bf7c2204ff486fa053,17751,27266022197,34720,scene-0770,scene-0770:lidar:127,259599
23b19586a5fb57980b8d221aac4cfc20cdde0274e6971e511ab764b41ee53628,17674,27179495124,34720,scene-0770,scene-0770:lidar:128,259544
0f95ec7e9100165ff0d7695dbf5ec7ea3bdf11f0878df2fcfdd208475440d545,17741,27169023397,34720,scene-0770,scene-0770:lidar:130,259332
fd2fe87675d217ea250a84cbf5bdc06d675dbef72c46a362ef88851b469c9f90,17742,27203055467,34688,scene-0770,scene-0770:lidar:133,259314
d80ec2508b07016adcf37e3038f0e284c6475e8a2bec8b461cea99b626ed1d24,17719,27193304022,34688,scene-0770,scene-0770:lidar:135,259465
6c19463287f21311a9538377a5cc471485b8fea999463dc42f69026ad621358d,17722,27133425529,34656,scene-0770,scene-0770:lidar:136,259008
91f522f63e11aea658951dc73efedfb98fe5615bb037a36958842b2f8890141d,17720,27154412027,34688,scene-0770,scene-0770:lidar:138,259283
f8c7a777de429207cbf96bdfcddf2340812209faa20492b8f2238a1935e96b06,17743,27136154946,34688,scene-0770,scene-0770:lidar:141,258882
143bafec94a3ce9552a84698b1a21a4ede40644e82c6cceabccf2060cacd4b7f,17700,27119913475,34688,scene-0770,scene-0770:lidar:143,259303
4ff5d628f1edcc392b6e0f5546b8735703609df15f4ec8d9945463870cd30430,17718,27137728722,34720,scene-0770,scene-0770:lidar:144,259138
7fba2f25be3ca727e3cee91b97b705f66da35f9f28273a29230b4ad5a52aaf38,17799,27264333567,34720,scene-0770,scene-0770:lidar:146,259577
d188b76424dbb15f5db3a9ea9ca1d1b4984af12114cc5efb59939f04f7dfecaa,17793,27345020316,34752,scene-0770,scene-0770:lidar:149,260076
8461418a72a1197d124a257a296adfd678f535d51c6ed513673cad71f3f8c7bb,17781,27331310119,34752,scene-0770,scene-0770:lidar:151,260072
c83eaeda6fb22ccb3d5ab156fcf458e9709840b62c188e30371774d5a6acb047,17727,27199631027,34752,scene-0770,scene-0770:lidar:152,259730
e1073553c42782d5c72a9f5ceaff089200bde1bb91336478f3a893d9edc6e5cf,17781,27320255149,34752,scene-0770,scene-0770:lidar:154,259870
07e3a405c03781b9b6777eac55f2691a500bbb128ed9c6d18e649f671fbc5873,17773,27222505844,34752,scene-0770,scene-0770:lidar:157,259552
b91c622ea0dce789b4f6d10b4d30345e9e36fddc4144026149747932cf2ea54c,17731,27250921331,34752,scene-0770,scene-0770:lidar:159,259942
37c3e31881d3bc2607d6684faf0f5f544b79d4a814ff3c20335ceeb5d8cb4343,17730,27246201503,34752,scene-0770,scene-0770:lidar:160,259681
5e9af522377ef2bf12f28cd7e58282426de2b5ecce022773a1d4b97792ecf616,17741,27237015644,34752,scene-0770,scene-0770:lidar:162,259759
55ff281900ce9b0be0fd91df885ba0b9073ba565d31c7f1aae4c15c0eb17b8f1,17769,27339842941,34784,scene-0770,scene-0770:lidar:165,260063
5e9609414a3b27edaeb5f573e05ca90f178561fb049f79f8b8aff1302cd58e5f,17795,27377827467,34784,scene-0770,scene-0770:lidar:167,260277
d922dfa1e36860e999c5f058e88223ad7478c7883d0948852e8d96a462a7c831,17780,27325751071,34752,scene-0770,scene-0770:lidar:168,259983
9990568712467647845e797eabaeb2a936aa95ac9ff46fe6bff3435f2741b8ed,17709,27220211448,34784,scene-0770,scene-0770:lidar:170,259819
3bd11c7363475eabd895f5a8f40512c3dab0dbeebd36c914f0e04b1f7dbb7aa4,17725,27203858786,34752,scene-0770,scene-0770:lidar:173,259705
35481387b9db518842df58d891ded42da9686c51ac4504d14a9061be1562e158,17719,27250259024,34752,scene-0770,scene-0770:lidar:175,259768
6ddde2898f2fd08637bc783c08472bc5e017d63b12a6546a032a5ddedb9c33ac,17720,27218385055,34752,scene-0770,scene-0770:lidar:176,259681
56f34bd7b0bdaf409bf2cdc085eb302ec241c7287e3eb58fc8714e01b21c51d4,17746,27236869513,34752,scene-0770,scene-0770:lidar:178,259874
68caccb915f81ddacc704797c67919cbc228259e8c1945326c22aa0fd34baed7,17718,27235315823,34752,scene-0770,scene-0770:lidar:180,259636
45dde0c5ad305307d462dcd468ce0f873d52cda2b3a81097dc7582fc4cea6673,17757,27305912452,34784,scene-0770,scene-0770:lidar:181,259998
f3a57e2db6f8c472434f7a9522ce7b93a3930c038ab47f0cd6c94226c716f4a1,17770,27280194234,34752,scene-0770,scene-0770:lidar:183,259675
45c05bc0bb7918072de6cee90ac4e2b2bf37c5d76f01995c1b9420d6006a8946,17729,27228759465,34784,scene-0770,scene-0770:lidar:184,259930
28295cc7a7751186dfabe8c0f92abbc59f13dbcd40251390c0bb7d77f468e52d,17737,27262901000,34752,scene-0770,scene-0770:lidar:186,259767
db29f1c5f368d8644a7a9f638f3c0abf0590806da0b6445db3f9633cb8bb7350,17683,27081475458,34720,scene-0770,scene-0770:lidar:188,259098
b2ee4a37d4e9b1671db0a77e0e9f1641ebbdcc73501bf809104afa41324226f9,17756,27263436313,34752,scene-0770,scene-0770:lidar:189,259697
fd0634d81eee50336dd2bd87f7b62982d76b2d09279bb083e1970537c9032bc9,17760,27226531030,34720,scene-0770,scene-0770:lidar:191,259644
851eed99b098a7ecc5260a29bf44d0c3a4b45d3772c4180c80a6a67bae096d8e,17700,27104933387,34688,scene-0770,scene-0770:lidar:192,258992
f5aca908d1638d63c544e9d9622643bd8ccfd699a7d9afe22527f834c8ad2622,17699,27181930430,34688,scene-0770,scene-0770:lidar:194,259256
23bd0ca2e9efd8011347307a61019f804c6812a6c7a36d521e9f554b28374639,17745,27151449067,34688,scene-0770,scene-0770:lidar:195,259111
ea48f6814a85b3b8ccfe12328ea75b6d923e86e91b99c1b84dbb7ef71368f4a4,17723,27152773946,34656,scene-0770,scene-0770:lidar:197,258998
78eb1fdc40f4eb51a40aac7f83e4c68be654e29b3561d6351b51a8fddec6f5b8,17729,27140106913,34688,scene-0770,scene-0770:lidar:199,259073
6843dc4e8ee6dc12b9777612d0acc3cbe5356b942470fe185ce7f135782edc70,17695,27130042872,34688,scene-0770,scene-0770:lidar:200,259269
5ff38db5ff36f875afeaef78402f25663808455b7f369c8fd1d4f936dc3560a3,17795,27256948317,34688,scene-0770,scene-0770:lidar:202,259477
ab9e714231448b5a5f31c8a9cf4339b862e90e9bd470c049ffa3f97a0612b277,17725,27166196756,34720,scene-0770,scene-0770:lidar:203,259399
69174f09f90b4bd2b293ea8468317c54cd95982291234a619da633bc8c16e396,17739,27170684285,34720,scene-0770,scene-0770:lidar:205,259275
307c016e659070fac5cc68e853640542c9acbbd463ab243ba33d4fe661ceaf1d,17798,27310102430,34752,scene-0770,scene-0770:lidar:207,259776
1479373615610c4ba872af7c4f2945afdb632836daa6db25569af5a81c494362,17713,27189622748,34720,scene-0770,scene-0770:lidar:208,259356
7b74007edb51149d3a9f415e2a1858ffe19557b99ba8d1e8ae61a42a9ac14614,17772,27299687184,34752,scene-0770,scene-0770:lidar:210,259855
54c43e81528ad083043ec94696c31d78746525e320165934f65ca4a53dac2297,17709,27129638936,34720,scene-0770,scene-0770:lidar:211,259213
b17914dd25b0bcf426a97259f8ec57ba5a077603a792df77f7986bf1664248b3,17702,27183882881,34752,scene-0770,scene-0770:lidar:213,259625
5e051db4ba150695eb960493bf0b0843cb0b80e066c833481f7d5193beebf4e6,17781,27254920987,34752,scene-0770,scene-0770:lidar:215,259807
bb8b28e77f891fe30ffaeed6c50961ed0540f2caf2c289a9ca25b4dcf4286688,17742,27217000613,34752,scene-0770,scene-0770:lidar:216,259797
311b195673fde8ffc2536fa77263b00dd1fd22c4bfb96d3c10af7378fa6b1f97,17786,27319422129,34752,scene-0770,scene-0770:lidar:218,259927
b06882d5690ec2086d5827fe911c7c051b1e555cbf82e58a0025fb19920d9afa,17710,27220504706,34720,scene-0770,scene-0770:lidar:221,259431
26332dbeee6a1f739aa8461242dddbd6ca099bffdd756529a101ad1d4867666b,17734,27141601978,34688,scene-0770,scene-0770:lidar:223,259234
7c02af8827b31b7c2252eed4bd69eedd5adbc7a4d5069a3626a09e3242f1580f,17684,27119343133,34720,scene-0770,scene-0770:lidar:224,259344
10afc82f182c9bd5f46639f99b1dfa9868bd91c5d60a3fb9de6d62c874acdc2e,17747,27271520540,34752,scene-0770,scene-0770:lidar:226,259840
a374887822b42b8f5b5bccf8b4462c284d3dbfed8d9e9af4f436444bf4e7d59d,17742,27259716208,34752,scene-0770,scene-0770:lidar:229,259832
677ea3eca2d770cfcaea065aa9e077443ec03d1248b68cf2dd8de860a8ebc22b,17711,27192128600,34752,scene-0770,scene-0770:lidar:231,259383
64cb2560839a69a9ad059e2d7409fadfa18b225f9fe2d550431ffddc146c7f3b,17762,27253355200,34784,scene-0770,scene-0770:lidar:232,259797
972e7dd889868d2d6ba43a70e1053260250b5347cef649209c4144fe316f2a0f,17744,27210522923,34752,scene-0770,scene-0770:lidar:234,259676
b40701bf4a975b991b5df1f91cdb70b3ca995902addb760c73537dbc43684033,17721,27165454507,34752,scene-0770,scene-0770:lidar:236,259523
32657d5d1e3cd5e306e96d8a975410f90e1e594532e9222fe3f4db04ed0c712a,17688,27098168899,34720,scene-0770,scene-0770:lidar:237,259110
cdf4d2db4d909bb06284c9d74ffccbaad660e484cc9824a1a75ec21bf0308a31,17731,27223499734,34752,scene-0770,scene-0770:lidar:239,259541
af4ab03f9b82e3dde5821c8bdbbae02450569cd3acce7fa6e3a9df13a4f9592d,17683,27078210644,34720,scene-0770,scene-0770:lidar:240,259020
3381b2871ddcf92011920d9757f3b840898262e7cb879888ab9710dba3384bf3,17700,27182515133,34752,scene-0770,scene-0770:lidar:242,259506
453292ae74e8b6870ecd081e2e2c662baee4b7d6328e97e6b7fd07baecd3aee7,17657,27093389420,34720,scene-0770,scene-0770:lidar:244,259330
bfa298c8c3e9cfe2b1c2aabb9b11249d4731729953c49432b6f69fa48c386c61,17732,27208972177,34720,scene-0770,scene-0770:lidar:245,259294
2431909dc8b50cfa2a5b976d3ed970b8deda86668f0cf04d8e44c387943205de,17706,27136185934,34720,scene-0770,scene-0770:lidar:247,259309
a99c6a2dab2b22b1c007fe7a80cc080e9f8c18f817d984ed8e257a2f6a6a4007,17709,27201274086,34752,scene-0770,scene-0770:lidar:250,259756
56bc68a616b6848d3434d4f868c49512a2f4d4c0bf8f35fea97ea08de8352571,17680,27159042183,34752,scene-0770,scene-0770:lidar:252,259483
1f53c2d50ebd2eafb70359bbd02e4b987adbd221a58f3a7d143ff80a1807b018,17681,27110256931,34720,scene-0770,scene-0770:lidar:253,259184
4e33c31e22045f5d581e2ff6485893fcae2d6f99240f457b9ebcd27b015600e2,17710,27110528061,34720,scene-0770,scene-0770:lidar:255,259074
d40ce27e9f73ca91c0a119cbfabe3cb9d554e301aa3198d9d44955c2b940499e,17712,27162561841,34720,scene-0770,scene-0770:lidar:258,259409
2689e4fd15e29ae0a2f6addcf831dc6e3568fe4ea26b68737cd620e1cadebeb7,17708,27167845862,34720,scene-0770,scene-0770:lidar:260,259283
5960588a097b5c2937eedbadafa7cef132274be54356cd95cfb53f8c863cb613,17697,27117776819,34720,scene-0770,scene-0770:lidar:263,259302
0e41556fb2aea945060c5438c330745bec2e77a81de7eed89303866acb55ede2,17658,27021429548,34688,scene-0770,scene-0770:lidar:266,258770
72cdde670ec9b6626d96444130c5628dc7b625774b615a1286e4e94d47c63bfe,17740,27202148233,34752,scene-0770,scene-0770:lidar:268,259449
0613d4b04ecc54a2ce692838259dde151feb3736a9cde8ed7443d5e89ecf1b7d,17676,27079215877,34720,scene-0770,scene-0770:lidar:271,259123
a05b92e3abc9b83e201fb401fe505d283295b4662cb8da8dd945f20f63de632c,17659,27083596436,34720,scene-0770,scene-0770:lidar:273,259037
4ccb858db24a489347e239dba441cc50d2be088a1e4cd96d13215e14f8fbd404,17661,27023780593,34720,scene-0770,scene-0770:lidar:276,258710
bbc096ea97fb7ee31a496f0ae598328371f711aa5e9acdc03804fae0e81fefe6,17671,27080344490,34720,scene-0770,scene-0770:lidar:279,258951
b1029a2a2c0a11060453e06f48b030ec86357150845fecf8d5be15720c88a447,17676,27076142126,34720,scene-0770,scene-0770:lidar:281,258820
3e8f2470c6673314a2fa5f0b7b3a5baf71944f9a2be35ae671be969916b1cbeb,17639,27001624967,34688,scene-0770,scene-0770:lidar:284,258811
6f9ea323a7d6174f8d961065351cf76b87cd0910184c1cf243781ab11c2438f9,17620,26935342462,34656,scene-0770,scene-0770:lidar:286,258313
6d6829a725600fc426a24f558bfee0ea6797c8bdd91b30aba01894ee26051bfe,17585,26957163194,34688,scene-0770,scene-0770:lidar:289,258552
681e37e39d0b4f9c03608ed6e4cc8e7b5bf622d59292565909409d883b5b175d,17485,26687674231,34656,scene-0770,scene-0770:lidar:292,257482
25c13f145a4f82e431715ba4899fa565cfc88f77a7350b0209d2633ed20148a8,17548,26902406731,34656,scene-0770,scene-0770:lidar:294,258169
7ab085e313bb4d4ecc1f3f5d6f60c32111d76e91caf7915446766f12eff546b7,17448,26735478399,34656,scene-0770,scene-0770:lidar:297,257900
e0a64caa3ffadc59771d8c726dce48f6aea9f214558c880668ce09c79d7f4a16,17426,26727399314,34688,scene-0770,scene-0770:lidar:299,258033
8c94a4464ddec43c3370c28629e2ea36c3b74a1ea08c665fe00af42cad2a7c44,17367,26671330717,34720,scene-0770,scene-0770:lidar:302,258184
7c37c661f4d83e8a7a95500a36e980cde93cce63b828ae3c58a2e95ee2cc25f6,17320,26566154383,34720,scene-0770,scene-0770:lidar:304,257859
61ef327aaecb57b2a52dc08a5987d01af3a8ffd858df5439dd3845580bdeacd9,17328,26604057511,34720,scene-0770,scene-0770:lidar:307,258006
6ec81f2f2823b28bcf15e6959c7092cdb279cfcaedeba4b21b357fc7e408138f,17357,26654664505,34720,scene-0770,scene-0770:lidar:310,258042
086481f0d668a7d240fd3dbf57e5c89e4935b310ea88c5b23933434932b19ab4,17408,26706404939,34720,scene-0770,scene-0770:lidar:312,258065
b68b29b783cf4a8d0727e360c1021fdc3652e1088e3ffe39757dcd71ed23ed0c,17467,26777178262,34688,scene-0770,scene-0770:lidar:315,258305
65490b7b82b1f01ef73ac1b3bfbe13b11d5cb75ef6a95cb8b380ecaa86649b4d,17516,26910503091,34688,scene-0770,scene-0770:lidar:317,258603
4e42ee9a54eae0f580cc6b77bc3459678e52e9f67336b8a9e24a52e3aa79ea39,17514,26864711354,34688,scene-0770,scene-0770:lidar:320,258307
ce19cb4ee344bf1e0b1f4038de8dc1f754fb7ae3d548b16cf2de04047299c4eb,17515,26878226389,34720,scene-0770,scene-0770:lidar:322,258583
4804f9348261491474a477f7eb8ca0ad5a32e5f63ed8a3b4e2b9ea4789037e13,17557,26957613356,34720,scene-0770,scene-0770:lidar:323,258536
915b8e4d81e2554b53f0dccfe026f5db2eb3d73ab60e682ba27331f4ce5b7b0b,17616,26990832339,34720,scene-0770,scene-0770:lidar:325,258489
969b6b6245c2ea428e2d0549889df42e4e14f4b97d8d2f378b865db74ef2ff4c,17666,27126312025,34752,scene-0770,scene-0770:lidar:328,259356
412e1a3993ea80f4130d55bfec6ebcf0cdf19ff03b48f3b62b2b77ced6efc014,17703,27176006200,34752,scene-0770,scene-0770:lidar:330,259499
1394b9aa704361c9774f8469521af6c9e6d33375ee663df7d75b4e9dafca6972,17652,27034961692,34720,scene-0770,scene-0770:lidar:333,258930
1ccad9e9892a387306bcb712ff250c6d2747eb439427263a52f4b52ccfbe89e1,17699,27173517021,34752,scene-0770,scene-0770:lidar:335,259301
1318fde493d521c2a03c3612e055f3b1adae6046356068ae21de235701778a03,17649,27067340685,34752,scene-0770,scene-0770:lidar:338,259050
8b1957e7551b98498788aef06382f400ce91ebab21b88cfc6ab5a5c5b5a4efd2,17672,27132886021,34752,scene-0770,scene-0770:lidar:340,259238
8de7fc726d34788cb1369f0ac5164599897bafb0fd8b0424db0b8b73180696fa,17707,27187897048,34784,scene-0770,scene-0770:lidar:341,259830
769894b58ec603eb7821929a547eaf7a7d8c6065164e3b92be5b7892f6d4e332,17723,27194174324,34752,scene-0770,scene-0770:lidar:343,259394
12c516ceecb34f668f95d549eebfac9c00bbb8dd2fa0920bab34711c7f547012,17719,27185149347,34752,scene-0770,scene-0770:lidar:346,259593
4d2dd921e15b800b3dc43783c1d2f7ff19afa7e9d91bcaf3d2583fc220d6c497,17664,27045963199,34688,scene-0770,scene-0770:lidar:348,258731
d20626245d64c6dd901177b2b536547ba98ddc5313fc2c06157afcabdedf95e0,17740,27168166231,34720,scene-0770,scene-0770:lidar:349,259239
1fb5e2b0fd4982c1f68b0c810c2506f23b40416482c57547ee4c23aec2046bbd,17687,27129421772,34688,scene-0770,scene-0770:lidar:351,259080
c8c3b194ef8d7f83b37482eb31588c8ca8e5e2effaa2c8f67d409671ae67bcad,17715,27116898901,34688,scene-0770,scene-0770:lidar:354,258926
8eded1d55360916aa1d06a7aa6d0ec647d9e8f262bcae4b9ff03924f0a52619c,17720,27147715816,34720,scene-0770,scene-0770:lidar:356,259396
e7d9f157a7d1108cd072e20be81332ea5e742c57cb466ec557d04a13a4353d69,17718,27140438954,34688,scene-0770,scene-0770:lidar:357,259299
c45b81cb93103b6421c559e8a14e9049d1ce475debe100a4546835b145bb16df,17694,27086962399,34688,scene-0770,scene-0770:lidar:359,259056
6a1a5ae019f5d62da32407376f28378e6fa6d8bcf54277319e75b1fbbb3622a0,17717,27117543317,34688,scene-0770,scene-0770:lidar:360,258842
64008d8c97bcfd06126e7068c14b77aacb329d8c98a1dd505deabcf36106975c,17737,27132033184,34720,scene-0770,scene-0770:lidar:362,259240
f401b2401994349bee2b5ead6e7471ad3c262339830011cc2c86fa9d7dbd918c,17728,27251977990,34752,scene-0770,scene-0770:lidar:365,259749
d2ce43f7c8e171aef20ae34b6723af042e289f65c582f6efdef32b0de3b911bf,17741,27180994756,34752,scene-0770,scene-0770:lidar:367,259559
44a0ca3de9ef28ee8c304ff4068ce863595068b1c116f67d2484af71b67accb3,17721,27217290432,34752,scene-0770,scene-0770:lidar:368,259549
7f3b0e4f09ba01cf010fece03bd86ca215f029306b103e96f57fb6274926effd,17701,27184206193,34752,scene-0770,scene-0770:lidar:370,259640
7fd87293d432f09eeeaea77bff49e7cb3bcf85a0fa9d360df259d38646182c33,17720,27184054454,34720,scene-0770,scene-0770:lidar:371,259478
63d8f2d734a004cef9fe18f166bd7d430c4da7158a1e9a978c25b8ed48fdbf11,17733,27178561547,34688,scene-0770,scene-0770:lidar:373,259375
e7ebbf69e0feedfac7b4761060766a038796a9f64475602c58b00cf82aafff1e,17704,27118314229,34688,scene-0770,scene-0770:lidar:375,259064
2c2f77843f9c817ee912654a02c3bffd1124c0a32a946da858e4a1130a0d9ad6,17778,27238615791,34688,scene-0770,scene-0770:lidar:376,259293
8712ccd0afd21bd8ad29faba98822ffbff85ad18cf4859278b10835de416a0a4,17704,27147419392,34688,scene-0770,scene-0770:lidar:378,259372
cc617b4117d39d7cdf5771823a2f2d415ec909db3da713264e42b4ef68618564,17768,27280726535,34720,scene-0770,scene-0770:lidar:379,259806
8769af86db439f9cc974d18acf9370cb8037bf92b38b7d858c13dfac72782a31,17743,27193941440,34720,scene-0770,scene-0770:lidar:381,259403
4613c94d843db6a4cb124b0648c059519f6f45e40b1d54319d8cc375222e1bdc,17783,27337487650,34752,scene-0770,scene-0770:lidar:383,259828
d35fbaeb6022b1ca5ee091709a6afc05940a974f76be499da6a0b2591fd8cb9d,17721,27166328183,34720,scene-0770,scene-0770:lidar:384,259236
8c791cafeebb3b680886d7c8db4763a75c52287241fec43a227da1878d2e9243,16223,23859375429,34688,scene-0398,scene-0398:lidar:1,247402
915bf7d5ad08ab661049af541d5000cbdba328d0798fa29ac67007bd6efe1518,16301,24154830301,34688,scene-0398,scene-0398:lidar:3,248991
7a0d434dfbd9bcbc54a21a95dce3d116bc3ac7d89079e10cca115c967f309b1d,16465,24487829116,34656,scene-0398,scene-0398:lidar:5,250285
81b22610f1cdc5bc088c18cbd7467cb47cff2967eaf66bd5b86af8e1b035bbcd,16546,24726314322,34688,scene-0398,scene-0398:lidar:7,250984
48b1ae9ef002581635cb96a8a76b149aa1ef99ba4d4c9234e8f773cd05825798,16692,25120513813,34688,scene-0398,scene-0398:lidar:10,252509
ad82f74e704914b12bc7693c4d7817d4eee628a7e4a1a2ecb7000c43cd3ccd0f,16848,25576335733,34720,scene-0398,scene-0398:lidar:12,254869
a9624a9e2c1c3f0585c005e09c610ea3aefc331143bdf1ef0289c8592a3639e2,16827,25804874119,34688,scene-0398,scene-0398:lidar:15,256133
310df9a5e627c98b6a73a29113c9e3b850723ea798e915f5f6ff0bc9587a186a,16865,26047472895,34720,scene-0398,scene-0398:lidar:17,257453
7f92631f4e061898f8831c9362898e8f11369187fce0681166dada6ac847d8b9,16850,26167917203,34688,scene-0398,scene-0398:lidar:20,258316
589aa352af6b9ef3324883d2cc8a8cb156229987b50d8cca5537b90412743083,16848,26243880561,34688,scene-0398,scene-0398:lidar:22,258659
b29c5972d1280eaaec1932c5fb4daec68643fb0df0343abb5aa4cef45d5a2f0a,16851,26323560144,34688,scene-0398,scene-0398:lidar:23,259255
51be4ded661f04d005449ae85d4689cc696fd638e637e12f3241b07fd4bc013d,16906,26447257625,34688,scene-0398,scene-0398:lidar:25,259766
69b043f906b0a1a2d50d3a0efafe395e311aab01a640d7dfd20246c1f3954b41,16865,26446949950,34688,scene-0398,scene-0398:lidar:27,260118
eb522f666a255d2a1404ee450126d03a7799d1fa75b0a7b53529cb22509c58b4,16850,26453211721,34688,scene-0398,scene-0398:lidar:28,260223
8682e9fea159b77dcc8098f8a95e59578b4af663e8ae0069df7d835bcee97ed0,16856,26481481567,34688,scene-0398,scene-0398:lidar:30,260560
2e4b240a173d39c319d82bcbb187f32c84a2043d78a7f3d7ea56b2b7331f4050,16861,26541049474,34688,scene-0398,scene-0398:lidar:31,260804
85282ac4fc8c176e0b76a9a6bfe119669068e8b87d3258a1079855f6dd14f80a,16922,26673361935,34688,scene-0398,scene-0398:lidar:33,261678
a7c57b9fa9be5ccbb437cc333143a90505a6c8fa47aa9cb28fff1c9be5887f33,16909,26711503122,34720,scene-0398,scene-0398:lidar:35,262415
5573baa583386017decd18b8692deb4ccb98de63475587608ba90f87838bf4a6,16825,26530737735,34688,scene-0398,scene-0398:lidar:36,262012
61a69e1c71d69a4a89683e9532abee29306024265357c82361c1ecbe29ada09a,16928,26575518907,34688,scene-0398,scene-0398:lidar:38,262174
946995b858329c82df75fed6a74c2f16c47043c0cdd9b16fe8c4dfca7976e42e,16894,26557547706,34688,scene-0398,scene-0398:lidar:41,262797
4433f58e0c60a24962558cf84ba2a4573d2d679fa38133a0d130fcacc541d21b,16875,26641072089,34720,scene-0398,scene-0398:lidar:43,264057
417e218678ea6d4fa42d6ef878c7174f507f58a06b4fbc0f4a17ed10132c7fc8,16906,26680456647,34688,scene-0398,scene-0398:lidar:44,264090
a26cec54f9b407fa61f207f43c97a3f4e1ed06e529ebcb82f7015cf119af0555,16784,26327380281,34464,scene-0398,scene-0398:lidar:45,262669
6c6d68e9e2be2b397be3717c27de49ec4543b13600ccc42d764ecabc1e04d9fc,16791,26635219937,34688,scene-0398,scene-0398:lidar:48,265673
4d2e90ee05422848a3b89e2bcc9f56e853812ba5bd2f15ad5ed2534221e3a58d,16804,26527163371,34688,scene-0398,scene-0398:lidar:51,265164
ab0ac40db969930add61729681d7f6a7df4c597f031467a5e385255bb0c7e287,16703,26411605455,34688,scene-0398,scene-0398:lidar:53,265572
a1a4cd36b0369cc13c943031bc6c0c614db2ac01802a82de0e64265235ebb732,16563,26193171745,34720,scene-0398,scene-0398:lidar:56,265252
27484281b29ae84ff8ba67d803767d18df280738faa87fe82f8f2a8e1dca8cac,16542,26069071064,34720,scene-0398,scene-0398:lidar:59,264718
5cdbe2df8f3f5bb020e75748d94b09f0eff0a14feb8864b79f8d7bcaeedf8aca,16498,26026746774,34752,scene-0398,scene-0398:lidar:61,264735
2edc6425ded2f287644d3fc18672a381163f80ce6f79a6d2145500acd3f143b2,16512,26104658835,34752,scene-0398,scene-0398:lidar:64,265078
0b66f59b756aae892a2d1928a57bef83e946b1a5030f60a8f54a9e752e276bd6,16546,26162007719,34752,scene-0398,scene-0398:lidar:67,265500
948ea033f3292c59db11dfc760c25ac546bf268962de60168c3f55f9cfc11195,16581,26243261035,34784,scene-0398,scene-0398:lidar:69,265985
f77818769d337fca046a5680557728fcea17e8c4d49662254b04ef95f3cff8f5,16653,26397819019,34784,scene-0398,scene-0398:lidar:72,266254
f70f229eb7ae66af1a599a921ab8b46fa738d7a522d0d5e0935c4f0e78e7f2fb,16750,26513406370,34784,scene-0398,scene-0398:lidar:75,266727
6ae520535450d7eeabe31af99437b3bca42b6d470541154817fd255b36e9835e,16734,26533468435,34752,scene-0398,scene-0398:lidar:77,266588
ec2bd4fcaf032375636fa45062df5da2448bbf58b46cd86aa543511857486539,16786,26677492112,34784,scene-0398,scene-0398:lidar:80,267362
f9dccc62bc3e352f147362ae58d2b1864a3c42cd69a7e63e8d4e5e37868347f1,16822,26724286643,34784,scene-0398,scene-0398:lidar:83,267241
950e3c6635b3450a36d63951bd26fbe1a6e475084aab4a2f0ca63b175486c5cd,16832,26719625816,34784,scene-0398,scene-0398:lidar:85,267011
72a4c87bf0ed95540084cfa683e39f41a99f2053c6a163765182641b048ed170,16947,26834122393,34784,scene-0398,scene-0398:lidar:88,266530
359e54d7676b821772e13d27795fbb677c97baf8e996d1b465b1584a6e259928,16871,26787443942,34784,scene-0398,scene-0398:lidar:91,266197
6d88c80445a18632551b71c9ac3cd4dc9c449bdf4c79a046dcf64b1b121e21ce,17053,27021427860,34784,scene-0398,scene-0398:lidar:93,266642
15645a93d69589ac744d9c6d94704a3364df9319017a92b3222f54722c024e88,17090,27171294069,34784,scene-0398,scene-0398:lidar:96,267015
bce9dac2896ef37270ae9edc4641386bcf8b5c0bbc5893c9655ffb839a626d9b,17198,27392893074,34784,scene-0398,scene-0398:lidar:99,267623
8c03f2e2954341b8b9bc231769a9cab0898eeec2e907d82c46ddb9a8d2b78269,17308,27592422871,34784,scene-0398,scene-0398:lidar:101,267882
08b0267b49c31de6644af2630c78307d9f26ab8d240c0c91c47c164227309343,17373,27664147826,34752,scene-0398,scene-0398:lidar:104,267510
9fc989e83e5d293cddf632c65890797e9553dbcbcc56bd3d4b55cf3c85dff98a,17450,27871521237,34784,scene-0398,scene-0398:lidar:107,267936
8923003060765ffff2dfaea8af87885d316578d861c78fc2a38953cd1f786090,17530,28010779544,34784,scene-0398,scene-0398:lidar:109,267686
0b0d633dc5dbfbebc4aba56449c87b6bd1bdb077f3594331916e92fa1b1131bb,17614,28103764975,34752,scene-0398,scene-0398:lidar:110,267759
41c630c0654a70b1b5f651f0e1dbbbb524912d6f7de68f771a7d5b109e86ab78,17614,28236221392,34752,scene-0398,scene-0398:lidar:112,268360
675701d310c933d95f2a30e402115be9df6fb3e1c6729ede05df66b0051e07c0,17691,28377760750,34752,scene-0398,scene-0398:lidar:115,268329
a42430d8bf314d9a6852123aac87747a99ea8cec6755a77c834717a4c524ddd1,17881,28635430407,34752,scene-0398,scene-0398:lidar:117,268695
e8b4a88db84cf6260bcf3c9d3685ed195f0419a66cec9430d180a06c037271cf,17874,28547494465,34720,scene-0398,scene-0398:lidar:118,267775
cbab7276a4ad8a10704c16e528c9b7753949ec55fca8c78d3ecbb8425a197762,18015,28850675181,34752,scene-0398,scene-0398:lidar:120,268935
ee7e60059175af62041fc4990c7a265834f5808349ab7aa4f63a6b2f3937d591,18043,28852670398,34720,scene-0398,scene-0398:lidar:123,268671
48467d3d593bbd2a65b4cea96ef81344672834d7f3caf403851cff3e86c53113,18082,28983390612,34720,scene-0398,scene-0398:lidar:125,269208
15c7058ae60c5df25b7b57df1e347fb358ead7b6df65e0859f3906b73836781f,18066,28929901500,34752,scene-0398,scene-0398:lidar:126,268964
edc0ff8b917c8cd16bde585b16a348220a7f0b1cdefdfc9e4bcc1bd4382934f4,18058,28942110071,34720,scene-0398,scene-0398:lidar:128,269130
f3fc2e65cc6451c037733ddad3ad316ed8778e89e07822d220efc6d26ef7ebc8,18083,28919136635,34720,scene-0398,scene-0398:lidar:129,268890
19da8c46c597bc12704910c8a2f188df92dedc7a758903d6d02d529a53614077,18078,28684188663,34528,scene-0398,scene-0398:lidar:130,267337
171dac86aa453bb370e2fe9fdb3583428c986efd31066051039b4b92fa8db193,18204,29041335637,34720,scene-0398,scene-0398:lidar:133,269305
07285a014a841135525173ba1242e832206f9148f9d85ce29b2db2e3d1c74c17,18262,29125946900,34752,scene-0398,scene-0398:lidar:135,269529
299f58056591b1079ea2ae28c6edd97b916541c236c710dc41bc382e76df40e0,18285,29152006725,34752,scene-0398,scene-0398:lidar:136,269458
1688281237bba9ab7c6a04555246329133783816e689904e5aae292d611c76b1,18200,28955890021,34752,scene-0398,scene-0398:lidar:138,268680
8d1fc196641f801d14be1e8f0322d1fa5d8845f69faa45ba26bde2ff09a56a2a,18285,29007218375,34720,scene-0398,scene-0398:lidar:139,268546
26a8d5dd832bbc4a559b126876e5e4065cc698ef52b472a97249bbafb8c1c27e,18185,28936730018,34752,scene-0398,scene-0398:lidar:141,268755
09fad099b5cd0e7dbfc283ca470a69ffd26bdd9a30a616ef1d50a65828dc7655,18217,28955371399,34720,scene-0398,scene-0398:lidar:144,268643
b1a5c0dde1d6deffce1856459f3c857bd2457ccc4ca80080c53cff92a2f0de60,18284,29019710980,34720,scene-0398,scene-0398:lidar:146,268489
df107faf2abda9264627655f9ee07d04633ae6e725ac9ccee57747260dd76282,18319,29134377699,34720,scene-0398,scene-0398:lidar:147,268865
31dd02e1bba20c65172fb24d7f880d707a6035ec787b55564e9453e464920b2f,18175,28956193147,34688,scene-0398,scene-0398:lidar:149,268562
502a151f1f30f55cfcf029ca536d6963815928e8dcb047de2e036bf9b3875555,18089,28776745956,34688,scene-0398,scene-0398:lidar:152,268061
38d3bc667f1a5d8f1485794f899e17e921fd7f1b0eb59abfc5866da566d356ce,17904,28610462819,34720,scene-0398,scene-0398:lidar:155,268254
66972314b95ca307367a2a540898a29d6535261cfc4f9b40310a1a2792383ebc,17971,28737949098,34720,scene-0398,scene-0398:lidar:157,268936
d91f726937aaa56346bbe9513ce0aaaf3a05fb400cd184ffb51cc6c1b12553e5,17833,28620245236,34720,scene-0398,scene-0398:lidar:158,269182
529128946f57a750ba9282c69b9cd74179c53d0a29aabd5e033608acca54a3ee,17700,28392258013,34720,scene-0398,scene-0398:lidar:160,268748
e2a99ba97a72fc2e8b8ca254ec2637e99f41ec63b78ba45ca0042f32327b7276,17389,27746799283,34688,scene-0398,scene-0398:lidar:163,266781
ac3ae84e7760e14fe333e10b2a6682a520d75e943bf7009dc18c80489cbcfddb,17309,27585820096,34688,scene-0398,scene-0398:lidar:165,265917
abfab02b866b0a6db6bac1e3c78695fec850c27d63191589ad92dc79059f6ba2,17343,27623653103,34688,scene-0398,scene-0398:lidar:166,266218
54207a6b3987fb60291051c911944eed8d72968ac4ee9c15e01c6510fcbcdcbe,17359,27629092944,34688,scene-0398,scene-0398:lidar:168,266252
5018a8208b12c6bf5c2e0431458a2309ad735930316a77405d5d64d819884cea,17328,27578550377,34720,scene-0398,scene-0398:lidar:171,266518
88120a417ca8f3f6c711563ca72634e8a4c2ca9faee0e8152bcb8d11db4f6202,17257,27270116227,34688,scene-0398,scene-0398:lidar:174,264257
1a02a78324bcb3c6a98efaea8f163815000d9f71dfe90e81fa57fe3b2e47dba0,17247,27253953537,34688,scene-0398,scene-0398:lidar:176,263939
e7cbcfa540bb20cc945f5beb4701aabdea09159877c1c183974098fcad4d4b2c,17365,27217673489,34656,scene-0398,scene-0398:lidar:179,262510
d8206b9abb1b3e6cebdf8c998d85ca813ab7c08d722e1ffc1743308b68ff65ed,17403,27252783663,34656,scene-0398,scene-0398:lidar:181,262390
d4c0fea95186694757fb76ec73716efbb8d8d0e0f2f32eacfcc8b9bad2b98a0e,17378,27172174589,34656,scene-0398,scene-0398:lidar:182,261973
bb2ea62cfb68d76e4ff375bb6bf07533c8eee6b9292123ee73da646080994910,17409,26975064524,34656,scene-0398,scene-0398:lidar:184,260329
a585229a7eb0a6d81f33efa83b3804c10e5e8db31516cf55f528eff4ddb371ef,17221,26508283610,34688,scene-0398,scene-0398:lidar:187,259141
bec6b8f3b3b6c5f7675bc2d84a32528316c44361a3379df4903939a073ee046e,17198,26261986840,34688,scene-0398,scene-0398:lidar:189,258271
76292d3da134c11166f3171191a3e22df16fc8cd17fffb1b32067300cac00462,17230,26133159988,34656,scene-0398,scene-0398:lidar:190,257394
c1c4a2481d88c2f8a071d226fdf615e07fb363c6c5c0a214b0265667f3b11f98,17138,25938462267,34656,scene-0398,scene-0398:lidar:192,257642
3fd537201f1714a75b2d3f0f13eb64ecdbeb41a83994214a9e89a2340ab075a7,17033,25850383499,34688,scene-0398,scene-0398:lidar:195,258174
c666e6700cbbed230d083cbf307b370a1df638f7db20c683ed9f6b2b34e2cb53,17229,26111623876,34688,scene-0398,scene-0398:lidar:197,258419
9ba267b3bf995191ceb15b05dd68957520d725ae956671a4d2369fdc8a6ec892,17186,26050966257,34688,scene-0398,scene-0398:lidar:198,258240
863491788f668da7b7e596a268d3b3119609c09fc12fba2c8c227cda80f071e1,17067,25968191760,34720,scene-0398,scene-0398:lidar:200,258279
147efe70eb9fdb6a4d3a17daa74f823aa0f3b92c71f22325ef28f66961b97f94,17119,25942978209,34688,scene-0398,scene-0398:lidar:202,257769
2af6dd627af22dd417bb5e69f3ce0e4846cfe6eca1c0a6d77dc1527388387385,17032,25837580647,34720,scene-0398,scene-0398:lidar:203,257400
cd3df49941e775a59dbcdb2ac92f97a1d51f7f3f5b8d3b50bf44627cee249fa5,17144,25948113019,34720,scene-0398,scene-0398:lidar:205,256755
55e25f1a16eb5b206dc645257dd6db4ac39ec9e3dcb600670e0c8bc7c020be72,17093,26019171068,34720,scene-0398,scene-0398:lidar:208,256760
173e9d1cbe45e410d3ee809d92ff7bbe7ce220b5b3f8bfc807921d4d227f2b38,17378,26442490017,34720,scene-0398,scene-0398:lidar:210,257494
8e19214f68ab8c83ececd31dca9f6f1c66657caceb4e1eb4321a9180f13a3df3,17413,26542040995,34720,scene-0398,scene-0398:lidar:211,257768
fef9907d5bed45fd6d32ca06a9ab4b5d852e716352ad43c4be8e82ba51bfb03f,17356,26487381768,34688,scene-0398,scene-0398:lidar:213,257856
808a49adcbca17e55ac863f6dcf2031378ced64b5f89a77fc337bf8c99243355,17343,26437622608,34688,scene-0398,scene-0398:lidar:216,257690
f9905349831db46d8082019f4b9a41647761419b36271c69ed06605b710ef714,17380,26615696849,34688,scene-0398,scene-0398:lidar:218,258682
3a980dcbb05c61eaf18dbf80a36a3f73545cb96f042a5c600dadb1810465d12b,17475,26833439562,34688,scene-0398,scene-0398:lidar:219,259696
0e462db7fafd7d2731c8dabcff799e875995e5f8951b0e5048e5d21e8217496a,17651,27115658420,34688,scene-0398,scene-0398:lidar:221,260426
60d15285ecac28e33e15d7df0e43cabe4b150c84ca0a42d0f0c758bef1e04603,17942,27752877025,34688,scene-0398,scene-0398:lidar:224,262379
98f706ddb1edba2fe49b6e0c0b4400325c1b07fbec8b91d6ce9f41d24cdbf698,18145,28051529618,34688,scene-0398,scene-0398:lidar:226,262994
cb8599356b2bc654a642326b3968a610942062115ee6417a06d3f392c8a868a5,18244,28189549830,34656,scene-0398,scene-0398:lidar:227,263149
4ee5efd3aa5dee5eb84ab76a96498826a5735cd0543f28f6574f8bcc4cb839fb,18480,28526844161,34656,scene-0398,scene-0398:lidar:229,263918
cc3163509a52e369654d7846aecc54925415a9341d68e660ea681d475887e825,18637,28741990099,34656,scene-0398,scene-0398:lidar:232,264074
64cce538dcf3a466616cbea34e4b22c93d8470c01dd6dacaf847146613d37cc0,18770,28974620736,34688,scene-0398,scene-0398:lidar:235,264830
601f6c3d84544dc6441c47c5f6cd0f45e6020b76bc922f482521353268693610,18818,29074060603,34688,scene-0398,scene-0398:lidar:237,265267
81066d12a2191e2e876f3b8c9d81f5d3c03946c2628592a8db8ea8dfafe83c49,19023,29420969012,34720,scene-0398,scene-0398:lidar:240,266158
24d93d64e8ca8442561ec9842c0592067281936bbecdc5c4877a3eadcdc38d8a,18981,29415027170,34720,scene-0398,scene-0398:lidar:243,266086
500750cf6100b0413b4985a8699dba6184e30e26f5aa18f8d4a660f2d479a743,18932,29382832983,34720,scene-0398,scene-0398:lidar:246,266268
bbdd99751c942142f3df22498d43fbb355f29e52c128fd4a817073801d6ed4d1,18938,29520116587,34752,scene-0398,scene-0398:lidar:248,266954
bf495a04e08f2ccea4b6ba5dffbacd02c2ab81aa0e965d34826d0e69da1460ac,18751,29266023903,34720,scene-0398,scene-0398:lidar:251,266387
99a0f3dca359bc096b7590ebd96762b52275ebb88514a5b2bd7629f2f6d6df3f,18603,29175646481,34752,scene-0398,scene-0398:lidar:254,266274
24bba29cc1fc2eccde0d1472d0a77417ff87416fcac6b2ade7745076a0fcff2b,18408,28929815716,34752,scene-0398,scene-0398:lidar:257,266167
fd9883720bf1821bbecc91bd397ea4095d3f41196b27109d556dd60f1883389c,18299,28771326741,34784,scene-0398,scene-0398:lidar:259,265933
bf343f969f8ebcd32e05fff2ac3fe3e21d3fdc6d94415ba735bcdf47daf42024,18050,28342503670,34784,scene-0398,scene-0398:lidar:262,264825
745d3cd288db48d4a1b5d5321febeb93e3c0f85d2decd2e181293d96a1ec089b,17703,27779671998,34816,scene-0398,scene-0398:lidar:265,264018
60d9f4f71059c66c183f9cc7f858762fb06760f8be79808622901ba2f9a2aaa6,17409,27167913065,34816,scene-0398,scene-0398:lidar:267,262322
05deea717b6a15294f2d070389c71d27cb1f6007eea23dfa5304606e35017d02,17170,26700198281,34784,scene-0398,scene-0398:lidar:268,260991
63d75c4e60ec18e239257eb46bc6c6ee6b37dc60f16701f2e1cd6fae951f9993,16819,26088287952,34816,scene-0398,scene-0398:lidar:270,260022
c06dd0c3fc59653b38a86bc78acde654c21b4f5d7d5a1007d175ee8f3f891704,16263,25051264713,34784,scene-0398,scene-0398:lidar:273,258131
dc7693c7943c7d663f0e7cdad21326f667e2c9bd464583463e3bce9c5bdde101,15922,24333824813,34784,scene-0398,scene-0398:lidar:275,256289
6bed8e47a3ffea8f1e9a3fa231b3357c52c20a5a82dc586c6ecc1df79234c966,15349,23262901910,34784,scene-0398,scene-0398:lidar:278,253489
085af265450d8c0e092755b7a3f8d0bac5393b021ca41da227c8a2ba77a935a2,15004,22861872825,34784,scene-0398,scene-0398:lidar:280,253365
ff4a607bd0d858809c3fe7d10e99ee1770dd8d5917a2b4beb539858ad60690ea,14887,22717791620,34816,scene-0398,scene-0398:lidar:281,253109
d924d64ccaf32102a1a57bf831f4380cf6f017307c701455084bab16327cf08e,14837,22954432742,34784,scene-0398,scene-0398:lidar:283,255631
96c5e0c3d3c9eb17944afb1035029ec89b15a85686298c741c3223d9e5bc7d24,14811,22865118685,34784,scene-0398,scene-0398:lidar:285,254820
968f5b202523f2e573aca7610c2a8d697a5ed76993d09b4985e69f75afc74bb6,14869,23120731121,34784,scene-0398,scene-0398:lidar:286,256339
184dab1cbeda8df50a964b953456bfa2760514228681d1143b56f19b69c187dd,15048,23519642841,34784,scene-0398,scene-0398:lidar:288,258436
76a39e1f917e0a516c84d4c093edb9aebd1a58ab70e1d0f063e1a296a226b463,15167,23797499503,34784,scene-0398,scene-0398:lidar:290,259510
7786ef105e141967306b9bf17bc2cd90c389f396326efc78abce6dc8b334e739,15061,23846685992,34752,scene-0398,scene-0398:lidar:291,260579
a8535f95a74634fde9e65a5cffe7aa72482e41768f4f1c1e26ae9835e5f55c51,15261,24508940257,34784,scene-0398,scene-0398:lidar:293,263881
7b243c4a363353380d617be3d9c445e9573341f895b5ee276b1720705e529ba5,15283,24789615244,34784,scene-0398,scene-0398:lidar:295,264694
37c65e1de91fff58e3eed7b7dfaf213f747b778c3f4608ef3dd13f68a549ff19,15310,25044260173,34784,scene-0398,scene-0398:lidar:296,265748
8ffc2599a7275f28098f5ddbe7a1f311a423cfc5805b171aeaf98a78825d3f9a,15436,25610996643,34752,scene-0398,scene-0398:lidar:298,267555
3f2baf2a82a6c19f4f870dad6e2642b6505eaf7002a17e80452af1cdb8316c61,15477,25850609613,34752,scene-0398,scene-0398:lidar:300,267734
f97c836c9c6dbfaf3a2b9a63ea6e9b32cb70337271b22610d3731e325d165ce0,15384,25857759939,34752,scene-0398,scene-0398:lidar:301,268139
feed4d5e0fdbbf9451397d1c2ed94a7d31e77ce1614920fa95d078f05b201906,15020,25552973742,34784,scene-0398,scene-0398:lidar:303,268358
2f4250c4136b6b5d852eeda6118aa8dcc3637702b5d9cc6cf7e850f3b25f13fc,14886,25420867103,34752,scene-0398,scene-0398:lidar:304,268599
6b48e0c39b60e6f3a69fa6f246c11761891cd1a5b7d72a0f6418623919cd3ef4,14625,25080980377,34752,scene-0398,scene-0398:lidar:305,268695
5f0a8fcc6912cf2621c80d0f36a4d22d93d39b3a2589141b6ae4642b8453dc37,14407,24690132820,34752,scene-0398,scene-0398:lidar:306,267997
26c6b51b48ebdace80c6366e8be851f474663387e112dad552bf99f986cc76b4,13724,23622519440,34752,scene-0398,scene-0398:lidar:308,267571
e70f1f220cf27fc0cae729cb052259aadb0b5f7e4c3248e081dd2ca1a501334f,13332,23009279826,34752,scene-0398,scene-0398:lidar:309,267118
cb7a4b56f59645a81a0028b94c9b659635b434d5ab4f3dd53ea148c60b346e59,12723,22019376252,34752,scene-0398,scene-0398:lidar:311,267655
0e72de8e06d0b473096cab902992b5ce9a6dc31427e0222e2f7331140363f672,12285,21335533558,34752,scene-0398,scene-0398:lidar:312,268970
a58fd7f5479b2e073e13098404cfd27d67c1f0f3256f035fac03f6d30bd436d1,11930,20714660382,34720,scene-0398,scene-0398:lidar:313,268433
c3b7273de07a940a8ae91b1a9aa7a658b119a2aee37d506066301e2c87a18226,11689,20363046517,34752,scene-0398,scene-0398:lidar:314,269432
0e56646d842cc7b58f22a41c6d682d83f320cbe7c82145c1d6b491b6461e4897,11059,19175901298,34720,scene-0398,scene-0398:lidar:316,267955
89b0f4fb37f1a81feac8348a86f43e1826c4fc6e4f78b66bfe4ab9564857f418,10750,18584145240,34752,scene-0398,scene-0398:lidar:317,266715
32c46693cc2ea01e3f182b533af4c4fbaf79d5d3c8805e31239dde488e561ba9,10635,18198558375,34720,scene-0398,scene-0398:lidar:318,265273
5895930c23e4c9ff65b9d9f18b909ddf3fccd1d16ae43c5ab83250dfc45bf666,10478,17887436008,34752,scene-0398,scene-0398:lidar:319,264883
204721e8ee5643f97857f35caafc3eb7d49ee063f0a751e89034ca46f3ffafd6,10701,18156135613,34720,scene-0398,scene-0398:lidar:321,265224
07b0f18f6399dfede757622d24277b2387fe03bed07a746295d9ff00e59937a4,11008,18488073450,34752,scene-0398,scene-0398:lidar:322,265402
b9e5aa3fa4e7e5ecc5899b76ea47bab0ee63f95186a9202c0cdc12462b4d4ee6,11240,18826723269,34720,scene-0398,scene-0398:lidar:323,264982
7e3cca44a90d114557d6abae48edba17d027c951de843334bad85f9fe0643b3e,11769,19757010653,34688,scene-0398,scene-0398:lidar:324,264156
97bd39cb09198ad79e8ff7a3bcfd4fca6005d4bbe298a58ed1b1da18a37505bd,12408,20789922148,34720,scene-0398,scene-0398:lidar:326,264903
04670ecbe7602b57071d5f0ec8b92c4830be9672dc086360a2c98c59d047ae5a,12671,21110437905,34688,scene-0398,scene-0398:lidar:327,264711
e529bfa29291f45448d113e6aeb4f3082ad3b534054476dcc786979be0339a33,12908,21503885002,34688,scene-0398,scene-0398:lidar:328,264916
ad4993f9ebdc84f1dac3c6da8255e8f4b27336a0d76bfe8cba7c045f90aa47d5,13296,22049013610,34720,scene-0398,scene-0398:lidar:329,265597
6705af6db2419f2be8171fbadfa0c77cf207f81759b386fd19c8084cefc4fe6f,13905,22811294337,34688,scene-0398,scene-0398:lidar:331,265532
879a4bf63dca6a59b051c9b573d94a7fc2de13065c4d06488ef3c888372cb719,14284,23314414454,34688,scene-0398,scene-0398:lidar:332,265124
02c279842588e1ac719e094fa451a3998bf291c10cfba3800a193d77f668ad7b,15066,24405797744,34688,scene-0398,scene-0398:lidar:334,265739
c66e1f2dcce9bb224a709ba1ea445f24e31353703795b03513b1e7ed4f93d8aa,15791,25488474245,34688,scene-0398,scene-0398:lidar:336,266686
d3849f01429e731c455a8dd875bbe00ef4e9e2a00a8c7e0b55b2e96a528b3d79,16040,25981165243,34688,scene-0398,scene-0398:lidar:337,267528
35ca9dbe65bb8bf381d00290480927aa47315609ecde2ca3d082d3ff784244ec,16636,26836299884,34688,scene-0398,scene-0398:lidar:339,267659
19820c8b6184c2c8635a5f5986508198d052292af5501c062f9cfb7ceb06dff1,17087,27371939053,34688,scene-0398,scene-0398:lidar:341,267112
d308760f24f28ccb97329a874a2bb46c5ce4fa9467a513ba4e0d9205feb3d1af,17294,27742224635,34720,scene-0398,scene-0398:lidar:342,267476
a706c817a009bad2d60dcbc315a2403c42183d56c3049ffb5c13c2aeecede1f8,17782,28399639227,34720,scene-0398,scene-0398:lidar:344,268017
70b55975ccd3207ea43a268dd93eb9b6dbe323be2be9b1c5c6567c2320d03115,17989,28633510541,34688,scene-0398,scene-0398:lidar:345,267766
ae11298c5626f61fa732dc652aeb086d1ab568b02dec02d145f72cfe7b6a1e9a,18429,29259946663,34720,scene-0398,scene-0398:lidar:347,268832
ddfc0dcabd42a8b3190577a294b5b1fb0b9de5ce5641051681d55955e09b28ff,18567,29459527647,34720,scene-0398,scene-0398:lidar:348,269105
9b50d2adbf22fb546d8aa5177525df6c419d55a23fdc103862462734cf91f902,18792,29588607562,34688,scene-0398,scene-0398:lidar:350,268450
969c9263d334655e92e6401384e99c4db425c241f6e64b768a7470608a0b04a8,19046,29821949116,34688,scene-0398,scene-0398:lidar:352,268409
9eed6c2a470ab4318a4d93a996ffe1f5293d3db5e5bb33ac41ca8a9ce86742f4,19161,29933063611,34688,scene-0398,scene-0398:lidar:353,268486
2c3bb07db6ca2552b757791c0c3953e149360747d372a077ad314ee356c20a2f,19165,29793860611,34656,scene-0398,scene-0398:lidar:355,267557
b2a7d799f5e85077db00ed7d4c4fa67da3f24d22258fb3460c5b86d01ce97e04,19228,29781330766,34656,scene-0398,scene-0398:lidar:356,267123
00da66b09b97c0a9b5ac27f501f395b32b52e724031fedd4a150f687def25994,19285,29794800044,34688,scene-0398,scene-0398:lidar:358,266782
7b0a35a481d9165fcfb0df6a4ccda62876d3ce04bcf63f1877456a8e60c30dd6,19294,29740488990,34656,scene-0398,scene-0398:lidar:359,266343
b9f01ed317cecda65ca86cb6326c622d7c25c90109238c3340436f44b928a39d,19328,29637642992,34688,scene-0398,scene-0398:lidar:361,265297
ba54f6fbe6c42f9cfd99c0ab4467e28575fb0d473a4f8a865048402fa28fb35c,19329,29589663386,34688,scene-0398,scene-0398:lidar:362,264971
bb2406d64753d8e4ef64bdc1421ff0857e3ffd3bf59d4c36cbde44bc6b3fca42,19295,29521939362,34688,scene-0398,scene-0398:lidar:364,264747
1812a88cd187ef93e53ba36ddd23d585ae44931242f9c932da348273eb2bd2f4,19384,29549871248,34688,scene-0398,scene-0398:lidar:366,264446
e353e2223a757ec1a6f1cd7aa5e42f65ddcc7c12ddfcc43569d663c8a4000d45,19376,29520200581,34656,scene-0398,scene-0398:lidar:367,264268
ee77a7099ffb966dd1bf84f360553b014ba61bd2555a7473d9cd073c262a7934,19261,29363554004,34656,scene-0398,scene-0398:lidar:369,263941
b4e0b495ba31d3ceac674e5a32281064536221f87dce21cc14af97c0c31db6ae,19275,29373394277,34656,scene-0398,scene-0398:lidar:370,263997
6db41b1e504a03f6e8404a9f22653e8892b7cfdebe1bf71bffb81ce27784d768,19228,29368523096,34656,scene-0398,scene-0398:lidar:372,264295
ff07e396b0deb07643b00578e639c6712955c3f88a3d5d3c156fe48164569821,19194,29261425324,34656,scene-0398,scene-0398:lidar:373,263821
8ae00b07526ca53c3467e6ea01555797ba78d9f3439f1f8c44dd02f3681a23df,19160,29330824866,34656,scene-0398,scene-0398:lidar:375,264310
5e596a5eee355e8358e7519fe0636648d0814ce88178f7ae85c731ff66c33c17,19184,29365399565,34656,scene-0398,scene-0398:lidar:377,264416
0a22b4d0549072530f3f7ba0b1d3d8173bbf3754b734c9800a65a0dd4eee544b,19146,29354379667,34688,scene-0398,scene-0398:lidar:378,264617
dcd9310e7111fdd80c57e791243421276132056562cf1d3bb5814ed80b2715c9,18983,29115525327,34688,scene-0398,scene-0398:lidar:380,263981
e16320eb40e927c4b37c98922adb3a1beab5c89acc344f63b9c82d324c8e1d8c,18947,29080179887,34656,scene-0398,scene-0398:lidar:381,263858
1c60908082ff790490470355075931e2faf2199c783d98afec21fcae5abb9654,18888,29007381961,34688,scene-0398,scene-0398:lidar:382,263671
abf41552ab37aeca7a2f58cc7513ab374d4d091c15641eb7c56789d6a2ec44f2,16413,27196503457,34720,scene-0184,scene-0184:lidar:1,271136
b669a067e7baa53152465bc54d3820bf599634e0edc48fa59cf8e4abd978a75c,16520,27475439261,34720,scene-0184,scene-0184:lidar:3,272382
5a4e1193e60c422a471a7c09461738244e658a8d627bbe8a79e256f723240650,16514,27489396876,34720,scene-0184,scene-0184:lidar:6,272811
3b59e360f92aed7f5bd2e3eeb4837b3b79ef402461a8db8c61ccdf9b68943537,16655,27700325688,34720,scene-0184,scene-0184:lidar:9,273251
00e2add2011db667a217119dcc573fd48be1d4b9fc300b82f8843818cac35ee0,16773,27768195592,34720,scene-0184,scene-0184:lidar:11,273251
10252537ce75e53ef97762925756c1c59633d66c171c0daffd911fa413186a47,16912,28135597197,34720,scene-0184,scene-0184:lidar:14,274985
909e0fc6edb8d49a8283b8ad5499d3f27a662150e650dd891782250fa69258ae,17004,28183976219,34688,scene-0184,scene-0184:lidar:17,274504
5cf5a6abe89602a1bcd6d4642ab273b1bcae623f343c0bc2abf766f5676de7f4,17206,28581035663,34720,scene-0184,scene-0184:lidar:20,275478
90fd082110466c00519b9cf3914b8d498f6e47871d8eff5b5416fbe506a4f9c5,17230,28597702309,34720,scene-0184,scene-0184:lidar:21,275465
6273e73785bd0ccddfcee03c7270df065a6c02e4777667c726341a8223478458,17330,28791256572,34752,scene-0184,scene-0184:lidar:22,276012
666cd332d7fa07fd6c8ea8359c7f23bfc288d7e94981ed0e2ac75e66d01219c8,17480,29045365885,34720,scene-0184,scene-0184:lidar:25,275916
ea8feb8f5c51fef2b859e76ebf8259c8caadb4c1ccf85d3b2de4a9679b3c88cb,17557,29174326960,34720,scene-0184,scene-0184:lidar:28,276402
3d1ae49b5654314f7dca3f0426a03bd2ea9fca83bd83344a168bfb85f10d1f10,17844,29571916814,34720,scene-0184,scene-0184:lidar:30,277041
910759640fbd947e3256e9ad63fc41ee6d6c262ae6703a8567733a51e5db5c5f,18114,29937755719,34720,scene-0184,scene-0184:lidar:33,277129
ab5626dbe0e9ec16a67b5a4acfea6a5cf6e64c3739aa7493894e945fb83e0bed,18575,30573815933,34720,scene-0184,scene-0184:lidar:36,277341
db663fcf0ee01859dda5e527fdac123e86d37bb616223c32497c1344907ddd6c,18896,31022089896,34720,scene-0184,scene-0184:lidar:39,277842
d9d952dbbcb54537034b642ffc11e2534c79f612a7f55168c5ed21448585c6b0,19092,31098980558,34720,scene-0184,scene-0184:lidar:42,276746
642c07b299cf8564b72e7fe4ed34d7ad1aaf9d2c60403f3fa6dd18c7f6f79d5b,19238,31225392807,34720,scene-0184,scene-0184:lidar:44,276664
5d9cce127f3fdbed7f031e7fd1a0ab2d7bc22fa8e8e7d4dca3cceeb85d7aeb7f,19430,31663677499,34752,scene-0184,scene-0184:lidar:47,278483
ac5a87f7b81b0a38603612f4f538b592490d032f2fc69ead9f5035775829509a,19376,31432739062,34752,scene-0184,scene-0184:lidar:50,277268
dc0c55c509062b92730d1c06ecada86099d324ea6423204c4acfb817a9fc496d,19250,31253823555,34752,scene-0184,scene-0184:lidar:53,277028
b6905139d0143b26350807c0d9f3a128dd70413131661cedb9a0161927fdb786,19159,31197457194,34752,scene-0184,scene-0184:lidar:56,278051
6b560f0311fe89628e87952e60afcec56cc3fbdca909f3f565fbd00dc6e4c946,19108,31119468127,34752,scene-0184,scene-0184:lidar:59,278122
5d1b3fe5978de13dab5ece7a48341c29aa2b34399cf444f15673780bca78a887,18947,30826227597,34752,scene-0184,scene-0184:lidar:61,277438
eefd8bdef51e1a4eeb03bcb0bb53cb6ab879b7e0f1d5f1d8c64863389cf784cd,18769,30449110213,34752,scene-0184,scene-0184:lidar:64,276651
1780eba703f4071cd6a9bd7192abd9d6793baf9636ba06db7599ff4703a9db5e,18828,30530633108,34752,scene-0184,scene-0184:lidar:67,277062
1faa7a61f665244abe5e5b2ea290e13d99c4f1590683bcc8c6167f4d837bfdfa,18891,30591347756,34720,scene-0184,scene-0184:lidar:70,277200
6ec2bc3fa7a484baf994db6ed45be3c3723c0d2ffff4f92f35cb8b09ea19b0d7,18867,30438537410,34720,scene-0184,scene-0184:lidar:72,276370
39028a134b54c3a196298e301f3f9ed269c465fc2272292e47d1cdd622261b24,18790,30367480521,34752,scene-0184,scene-0184:lidar:73,276710
8548512c22dc63f55e7b7cc942d26227dd9ad782ad9f80bc5214f47a3b18ea0d,18671,30326968792,34752,scene-0184,scene-0184:lidar:75,277338
32f2eaf111bd0af0ee66198493523ac87a649865d4bbd5950be0add10cd2ab29,18713,30421880600,34720,scene-0184,scene-0184:lidar:78,277833
55e7c087198ba09766f7d65e0954c9c3218834f61f104d118936dc658a8e2199,18699,30345073156,34688,scene-0184,scene-0184:lidar:81,277226
ec99863e4da6afab49fb3b6eb1b24f86fd9a27e36ed40d9d54bdf36baedd1958,18759,30375674830,34720,scene-0184,scene-0184:lidar:84,277252
9ca63c889b4bf05ca9d700171fbf8b096767dfaaa8a5eb5d47542c9322c3d856,18742,30326356549,34720,scene-0184,scene-0184:lidar:86,276995
2e5dbea1a5339f4817d5cf7cfd3fbb437390dfc634196e1249c5007e521a33c3,18743,30314942281,34688,scene-0184,scene-0184:lidar:87,277057
b4d5e421e9fc24092c975fdc01839eee45d8667a6026540cd4e8c9845d005af3,18682,30127605602,34688,scene-0184,scene-0184:lidar:89,276067
854e407e7fa4ba690fda4a150adb0d3154fe446aa15eb9a162302aa008913782,18547,30026520015,34688,scene-0184,scene-0184:lidar:92,276084
0c34f3c0393ee185e799f61fb12c1de9c325ab289ddaf5998f64fb07dd2cf775,18636,30002604953,34720,scene-0184,scene-0184:lidar:95,275984
1a5897d01b02369fcd0fbedad18cf7974db99d466903f07eef4896b7d0a0aa96,18566,29865443909,34720,scene-0184,scene-0184:lidar:97,275807
cfe54a783b456f5e7274e6b4ed7856bb4db92940097cc70d2ffcc63360ec5a6b,18559,29917968092,34752,scene-0184,scene-0184:lidar:98,276129
5a31b94c4e3ec49d77a838e9adcf82cdec9b36123d59fab1985202ac999806a5,18366,29600032460,34752,scene-0184,scene-0184:lidar:100,275437
0537bef45288a825fb327eba4e3cd8a08c510eca49e62c06b461812c572a830c,18304,29479612652,34752,scene-0184,scene-0184:lidar:101,275519
984828a60c8abea063f180bbc38778f77d0f76d04d6805ce562ec587906fa2d2,18293,29455851596,34720,scene-0184,scene-0184:lidar:103,275428
01b5461f4bc08255be3dcdbe5151369093420a656f79ee6f6f71558d8c3e1758,18336,29435363472,34720,scene-0184,scene-0184:lidar:105,275227
4753bc29c630415428b8bd8d987e56db037f86762532fdd92d08bcac1f2d4fc6,18334,29290921214,34720,scene-0184,scene-0184:lidar:106,274380
af0fe9c2f38d65ea3f684fcfc09c2e4743a6152b5f8c3d24140d66e001fb5bed,18215,29155241326,34720,scene-0184,scene-0184:lidar:108,274092
650c7603f3cd7ddeb634f5e706e16b85af4cf57de4d908022c2f82111beaaced,18279,29312299660,34720,scene-0184,scene-0184:lidar:109,274644
8b098d32b832b621f5dbf1a8f86693f3644a77befd0c0c5621b84808d98cfd6e,18311,29377715824,34720,scene-0184,scene-0184:lidar:111,275165
74e78a352b13e6603398a2c38ba61edd91decc70f0b934e63ae4a1abe08bc083,18311,29298036208,34720,scene-0184,scene-0184:lidar:112,274621
b8e4492301962fab11274f33bac860e32966dfd1fbdccf6e91ab9c1a68c5c8b6,18315,29287064395,34688,scene-0184,scene-0184:lidar:113,274616
e3394238db3b611b951b7081260c48f80014a3085ca5af19cec3ddf3cc02edd8,18277,29186265839,34688,scene-0184,scene-0184:lidar:115,273871
89ec429840359a600c3d9b458b708cb9ac7ceb31ac006d23c9527c5e040eb4a5,18231,29162876995,34720,scene-0184,scene-0184:lidar:116,274176
339bb931ae6d26ed06fce277038e66063ff46a95e9243bdd928233839075786b,18290,29283340674,34688,scene-0184,scene-0184:lidar:118,274538
c9f56c98c4b0a12c6f39c4fbec30b30924effdcbb531fb94bea8e417d21be061,18253,29185658163,34688,scene-0184,scene-0184:lidar:119,274172
9bfc1b9061077a028004033c7f1e26d53f28f2ca698d48545ad25a8624554f7f,18299,29275293942,34688,scene-0184,scene-0184:lidar:120,274455
a8aa86c5450dcaf3ffa082f040772dea398612fbc3bed3c5268281e9f0d66ebd,18334,29347373478,34688,scene-0184,scene-0184:lidar:122,274663
48a226230f66adadcbce4e2e461548bbd8474b31d71c791797605477e42a8b61,18296,29285842588,34688,scene-0184,scene-0184:lidar:123,274321
b12abfedd1038b5378930d1038ef65cfb39e60bc1184e3475e2732cccb931aa2,18366,29426652082,34688,scene-0184,scene-0184:lidar:125,274823
d2d17486268009fe91bc13253dd49c751af074e9fbc291ce858e183add1bf9f1,18412,29566489472,34688,scene-0184,scene-0184:lidar:126,275089
faef4cc3d05ad9da0c55bfe777f820b7f213502a5a28a8336ad9104dcb7f9042,18415,29577958480,34720,scene-0184,scene-0184:lidar:127,275178
485117ee0fb7c6ffc7164249c75f3c29a5a41af244cfe99f4b935a2a7e00b6ed,18504,29709345637,34688,scene-0184,scene-0184:lidar:129,275100
78d9239ff004a3a88c3371688f6dcffc1b70db503f9f1e3be4a601e834ece985,18450,29650446884,34688,scene-0184,scene-0184:lidar:130,274832
9273c8040c2898e5771da29349b70bf423d10496dbc56ffdd38f16199e20ce2d,18547,29812367740,34688,scene-0184,scene-0184:lidar:131,275083
fab43c566a7bb11b1d82690e27c6272f265b4a5a32f18f3a04a350f63467711c,18488,29702973896,34688,scene-0184,scene-0184:lidar:133,274656
b9ce680fd1ca1bb359e03f690ceef66b11207a769090bb75920c9b61ac18e259,18500,29727949667,34688,scene-0184,scene-0184:lidar:134,274803
4975e2ef7a66d24689939738cc1d68288e51008d032f5756329c8e1da54cf64e,18504,29744352517,34688,scene-0184,scene-0184:lidar:136,274681
722d8b0baebbeab0172e61e2e5c052bb41201fe25fb6c5e67a4b2be4a2a65bae,18480,29762021897,34688,scene-0184,scene-0184:lidar:137,274901
74b647e5bdaaf0b384e76eb218e6a4c4c4b4f8198d3c2915b9d859dc264cb827,18540,29838166851,34688,scene-0184,scene-0184:lidar:138,274868
235468bbc96a340df03c7c6c68425450db61ce5d3865d68ae3d700eb6db5d1c4,18590,29919573740,34688,scene-0184,scene-0184:lidar:140,274880
379a01fce4d150241f0461bceef3b2c4f100966896267b00fe8b9dec6728e539,18602,29942432903,34688,scene-0184,scene-0184:lidar:141,274678
13ce5976e8a08e8da042e66f337e9992bab4c4eaf8c2510e72fc81112985109f,18729,30153046568,34688,scene-0184,scene-0184:lidar:142,275309
6a22eb1a2cf30c2b2a1df34c22d9461c83702bb16218755752fc318dfa274bcf,18809,30344315842,34656,scene-0184,scene-0184:lidar:144,275589
1dfe0c8a5c1b195b16195bb21e55ae9a44af0025266c5449ee76bca69dce42c0,18824,30358058228,34688,scene-0184,scene-0184:lidar:145,275777
3380e9d9e5f5e9289b5b24a4c4346b21eaff7b770ef9ac61176bba3f5dead6b0,18785,30323811575,34688,scene-0184,scene-0184:lidar:147,275559
c88728b25193ad248579661ef558a21e36ddedbcef73d4b87a675e0caf5bf5c7,18815,30471364008,34688,scene-0184,scene-0184:lidar:148,276180
cb1313764a78df743bab773dc0d14ab2186e284f66d706e2df81e973f60a5382,18862,30560652267,34688,scene-0184,scene-0184:lidar:150,276319
4873eabcbcbf99a32fabd2f9b8f0b6a80a8acf00ee4df18343cc1e666296fd7b,18806,30457507407,34656,scene-0184,scene-0184:lidar:151,275860
577c0c69e518bf4fb31f35e629b34b8c5f2cbb66cdfeb952857234f28598bbd9,18791,30460318472,34688,scene-0184,scene-0184:lidar:152,276008
2355111261e0bb2a7e10ce488f28f5cd949268d4dcc550ffdd17d632b9e1d320,18781,30488742928,34720,scene-0184,scene-0184:lidar:154,276202
9d7a2ba60ba44d0f212d9bfc140e234ea31957f7a4178d34c3ce14d6f06d1acb,18711,30361336856,34688,scene-0184,scene-0184:lidar:155,275742
2d63d31a0c2d75fe6478b9e1ee12bf055c6ed066cf99945510437bd9b4002e9e,18788,30499015586,34720,scene-0184,scene-0184:lidar:156,276170
4367a2e4ed0b10307bf1cff103022afda04c551477a0962275053602e8dcfa8e,18680,30359197368,34720,scene-0184,scene-0184:lidar:158,275861
f75cc0ee02d5cba8dff70bba65d17814abd90c246fc4672c557628b95ae4c7d8,18704,30411093810,34720,scene-0184,scene-0184:lidar:159,276256
8106916da30dbe6cd0354f6707961327776597edbd03b3537ebd3beee3c21b7c,18573,30190127982,34688,scene-0184,scene-0184:lidar:160,275506
0641fabdceae5d1c4ae0c492268381bf7664830fa775f8a16b9befac6aa6100f,18560,30154087416,34688,scene-0184,scene-0184:lidar:162,275482
bc2433a742094fa542471b5d6ab16e66890b2607745d5d101f4d1dd775bee65c,18521,30189751176,34720,scene-0184,scene-0184:lidar:163,275876
f5fe054b7f725c4ab8cccb42bd8ec80e84ca9cb46cdd8c3905d1fdaa79d9843d,18486,30157663526,34688,scene-0184,scene-0184:lidar:165,275940
e6c5c8bad35738ca6415e886d45de240028407ecaa3fca4763852e5a2287102c,18572,30349587772,34688,scene-0184,scene-0184:lidar:166,276684
2cbda1eb3c2511c259a8cd401287741f944f4ea3b44593650ee293a0ca547cf8,18399,30129960354,34688,scene-0184,scene-0184:lidar:168,276698
db44ad4928836d66ea87f6023b028e5964422256498c3547ec5f138ca1fe9faa,18302,30021334470,34688,scene-0184,scene-0184:lidar:169,276749
51e866b6a9f3aaac7302b09939b6350b84719c7b4afee14db00dfe5e15fb5783,18241,29941475664,34688,scene-0184,scene-0184:lidar:171,276763
5f275fce907eb92e314c9cdcb1ff196b25142aec9697430b076666400fb7666a,18310,30223026394,34720,scene-0184,scene-0184:lidar:173,278512
2ec56fd01b0b38365ed61cb72381f2e67fde59a6de56c482d295fcc35a0b27de,18269,30165250054,34720,scene-0184,scene-0184:lidar:174,278378
6170434bb8fccff50fecf249d969526d221bc456927728470191f49046a21f69,18157,30135014831,34752,scene-0184,scene-0184:lidar:176,279313
fc1cc29cca59835f892b3a219c36345196cc3065ecd89b6b729b8bbeb623f320,18166,30170123952,34720,scene-0184,scene-0184:lidar:177,279491
3a293526e9d63b9f719efc03628c557fc3e4173f4998d9a9ca645de967067a65,18098,30209158226,34752,scene-0184,scene-0184:lidar:179,280490
605283ed1e9e0d1a3d4ea2b420bd057d5727145e756b5c72f35e3f43e1fcd47c,18076,30212443998,34752,scene-0184,scene-0184:lidar:180,280812
206fb51a01cddf7d92933c6ee4c49ad70f7701440487ffe35d4d2cd439301e0f,18000,30179685220,34752,scene-0184,scene-0184:lidar:182,281495
3df62bad50b733d10ca10ccc8b0a2e7d54f7348c8121679039a394df52de01fe,17891,30082752270,34752,scene-0184,scene-0184:lidar:183,281431
8fc1b194c05f71463e29f3874d171ddf517d2d3253ad22f59298e48e55924bb5,17891,30174169056,34784,scene-0184,scene-0184:lidar:184,282227
801d54114886fb71bd01fca0c37b441d75d4a56e899fafc61f998a3d6e0b39e8,17845,30140550889,34784,scene-0184,scene-0184:lidar:185,282442
b3bc14f57c6a38d18d553cfb5b5eff5af1599952959c78ed9463434e6bbcb236,17712,29962693766,34752,scene-0184,scene-0184:lidar:188,282014
a504abec6bc76c496c5bb5f22bd3fd035ac9e45f478e025499cc806a04475ac2,17608,29952276127,34784,scene-0184,scene-0184:lidar:190,282939
cee3e798d1d841d381d41d94ddb75106d6d4a9e1cd29f0795dda63d1fc7cfde6,17511,29767716502,34752,scene-0184,scene-0184:lidar:191,282154
78febc793ce13b16d5d466d8b866adb9af6b37f0463a40a0a4d65be7bbc77491,17499,29751301071,34752,scene-0184,scene-0184:lidar:193,282068
4e72da0bfcb128549959addfff411e7dcccc961a0eb0197270e77a8f5537bcec,17342,29519568209,34784,scene-0184,scene-0184:lidar:194,281618
d5ebcf29014851207bd96d4a6a66d3da3365c5cb81bdb72ba6253f0c73e3bdcc,17303,29418526191,34784,scene-0184,scene-0184:lidar:196,281336
ec834e369e349ac944f9284c2a004870ccdf745ed4f230834a8e36dbb7c2ed79,17311,29518279014,34784,scene-0184,scene-0184:lidar:197,281907
4d7bc18e3fa92a7eb42481e1dc1bc2fd40214c5c0985d34ed7f9578c72409f4d,17178,29198792139,34784,scene-0184,scene-0184:lidar:199,280813
a117b6eab89a66e4d81a0d6f45f2a429d670a97b464604d29d41da0314ca5b93,17180,29209281550,34720,scene-0184,scene-0184:lidar:202,280876
44114988bc8b2f7072e5f428bf710f61ed3ce00cbe3acba5d6c2101f292a2515,17147,29159284885,34720,scene-0184,scene-0184:lidar:204,280919
9a7519590e82c13edef68851b3d4a31f02ac3725702a341e371baf891c442c98,17273,29318171057,34720,scene-0184,scene-0184:lidar:205,281272
fd8e9e9a626d7abb03ddaecbd2ec5dc79f215292b9ea668d0f0803fea1115bca,17164,29174005426,34752,scene-0184,scene-0184:lidar:207,281000
c0ca4d278711ba18b53f1bd5f8f73da347a8bf5e86a6be5885191e79febed777,17147,29129622309,34720,scene-0184,scene-0184:lidar:208,280894
32c12889e5417f37ae4b47bf37c360dd55c63ff69a688d1d26e8f5f3e881bc54,17124,29028426262,34752,scene-0184,scene-0184:lidar:210,280607
cbd1de63e0e9fcb1727f8e923bfba3df3314e870db4f9436ab3fe900f8028a65,17215,29090963996,34784,scene-0184,scene-0184:lidar:213,280460
568a48220adae2cccd998fbb8893187ead5069732d3b294f23e86e1113713a29,17269,29034962781,34752,scene-0184,scene-0184:lidar:215,280086
92cde057673d1645ac4ce3cfc506220a5cd4537d7b66e638cb3a6df7cfb984ee,17314,29037680212,34752,scene-0184,scene-0184:lidar:216,279755
23efae4255df8bd99a31c11b1b4b971353e2ebb4d73374fe183798d67f59f182,17275,28927390893,34752,scene-0184,scene-0184:lidar:218,279278
55ba35c50fe82042f61c7348ceac9e308a2cdab28b854a768f2eea8a0d5e4b17,17324,28936147891,34752,scene-0184,scene-0184:lidar:219,279171
e5b8604c452849eb6970b5de4354fc0d00d1cf35e46188cd274a94ee0534193f,17357,28798939636,34720,scene-0184,scene-0184:lidar:221,277738
34bd73c34d75b1429071f7af4651417b3d4d4cc7b15f1bc7e47e31c49bf77637,17516,28948554056,34720,scene-0184,scene-0184:lidar:222,277739
61f04e9ae75311b95d04c466f1c0d9c9d9b3cf829e83108f75eaae2bf3d67f73,17546,28989085969,34752,scene-0184,scene-0184:lidar:223,277633
b65f62e9f2036f8f12c1d4b54adac85498026e285a50fc2254337daf25fe93a1,17626,28905832695,34720,scene-0184,scene-0184:lidar:225,275999
f70d8e019bd72a0781452bbf28d90f2cfbcceba81c9d6c89dae0dc132d5e78e2,17774,29052315371,34720,scene-0184,scene-0184:lidar:226,275894
8d0a952f71c25423090f87166355de4536cf6299134abc97fdec10e7afd33d90,17823,29102451466,34720,scene-0184,scene-0184:lidar:227,275429
3cce9ee08a49265049d504fba0f3c3c5ac20ce9a151d4085732d92159f30f3c6,18015,29201684806,34720,scene-0184,scene-0184:lidar:229,274315
85172cc9cdb18dc44a271e1121a3971c3c3e10b604761df625b697832e27b039,18134,29399003552,34720,scene-0184,scene-0184:lidar:230,273854
a75515c6a3d99cdf1f06ceb6a6505b2c90a6789b3705a33fde21d13ce3586fc5,18384,29694545779,34720,scene-0184,scene-0184:lidar:232,273886
73573fb43319b713e83774f7ea335feb28535221c13003699709b4680d56fa70,18567,29962791001,34752,scene-0184,scene-0184:lidar:233,274304
2a66f0efde689b298279639af79225f7b44fcc3392c143652462d47b80031f67,18643,29893680788,34720,scene-0184,scene-0184:lidar:234,273096
d972cad4f227379b3158d1d381a77188e1b68c69eb01d380a3d7946e37df9325,18906,30209322400,34720,scene-0184,scene-0184:lidar:236,272785
a86a8997bc39a76f9fe27415061256f8611c6b78f28054d4d2913b98df5fa17a,19030,30219279510,34720,scene-0184,scene-0184:lidar:237,272077
e10f1bf642db1b8b81faf702d71aa7fab4218fc81d4e55ea39ec735c61ec6741,19036,30125029298,34720,scene-0184,scene-0184:lidar:238,271233
eea51c7de16f860369900ca2b001241af1493d8548796913c7bd97dcc6426e7f,19138,30174293844,34720,scene-0184,scene-0184:lidar:240,271015
5976b2152adf738e3a48801fbc954cddb1f7e0cbf16b4d7d07ce32e72dfab99f,19050,29964970992,34720,scene-0184,scene-0184:lidar:241,270275
98222192dd9bf90cc46986fd48a00aec1d5faa936eca621a3a1b92576eede976,19110,29983155104,34720,scene-0184,scene-0184:lidar:242,270048
bf76c4d32a4383a71bb65655337ff8d98cde698db948fd81bdd842a636ada561,19180,30057607805,34752,scene-0184,scene-0184:lidar:244,270307
630a3a6265fa0d2aeebe2226fb5e72e664517df3428ef5f5e184acf8c1c289d3,19270,30110881411,34752,scene-0184,scene-0184:lidar:245,270277
a83e9b6510f06908ab034d1a6890a417bee981b34fea31d1b34b0891ae3eacb0,19298,30104738269,34752,scene-0184,scene-0184:lidar:246,270176
c90ef0d3813cda6ba0104338b95fff2cf8bea0ade0c7a69fd6bf64688c1a1406,19277,29913470922,34752,scene-0184,scene-0184:lidar:248,269273
3378b91cc291a9532a308c81d5b472d907363cd20e6cd4c17413114bfa2e9001,19374,29952991524,34752,scene-0184,scene-0184:lidar:249,269089
704f164195074125c7ead646cded04ef4abea41d98f077d65e90603aa69531f7,19244,29747008185,34752,scene-0184,scene-0184:lidar:251,268851
bedc317f37c6d92a57756252dd681495d1c5a61f17304392305e7f53561db97c,19307,29769684213,34752,scene-0184,scene-0184:lidar:252,268604
5b420e2e9237d68a5c87b7131db8518a7d98415de2848e003c26683498570f8b,19254,29649877076,34752,scene-0184,scene-0184:lidar:253,267933
297658170ff8539fe297c732e36b1c0ee179bb321c3b16e516b77ea414276e15,19390,29794169767,34752,scene-0184,scene-0184:lidar:255,267905
3385c12d867c95767067fb9634a79276cb09220d27ff5c4dfb34dc31f71436b8,19368,29721600272,34752,scene-0184,scene-0184:lidar:256,267436
b1851cfd86e5846ab7bf7e594e0a9480e11967f746c139167b26ccc262b055f2,19382,29698996564,34752,scene-0184,scene-0184:lidar:257,267100
122fbed834f15f349f1e3d1b01989a2e574f5abbcfecd08ef2c5645b6781cd74,19407,29656196898,34720,scene-0184,scene-0184:lidar:259,266447
3c62280b24540902ed9fca1b5e0b422f690714db0f76beae6878db1d0613d438,19478,29709507359,34752,scene-0184,scene-0184:lidar:260,266394
32efa6de991c0bc9d4bd7c690d39d3628ce26354c022e75b4182335de8228ad5,19554,29821373824,34720,scene-0184,scene-0184:lidar:262,266928
5037b6149e1b3923a79a47c0865c0d3e2835f06aac5dab96bcb39e5ea6ab5592,19547,29716236452,34720,scene-0184,scene-0184:lidar:263,266269
27d817c8f9a6331dc7bd67c3c39f1b2ae9fcea3b3c2eff96380d4b0900eafbdb,19576,29768495931,34720,scene-0184,scene-0184:lidar:264,266490
1a6c4e6553821e561fa725e6e95ea4ad5170d3241fb85926b0a82b14c03345da,19687,29848307994,34688,scene-0184,scene-0184:lidar:266,266174
f9211833207ffca7023deb13d551beb360b108de7c5fe565133cfc06a4a07d78,19740,29893022220,34720,scene-0184,scene-0184:lidar:267,266243
e457ab2a9320ae0f63ac490a76cf53a900a3590f2ca5adaa90a4af3309053783,19693,29818766327,34720,scene-0184,scene-0184:lidar:268,266059
859933d6b545aab771e307036a3cd3debbadf60cef5eb3d7e949f15286f5afb5,19805,29958893598,34720,scene-0184,scene-0184:lidar:270,266193
3f5207763e460fbd56c12847d3e0a3713d131e44c341e34818bc3150c5e646fc,19806,29949037726,34720,scene-0184,scene-0184:lidar:271,266233
5dd0f87a9009912c5699869dfe59d4fa37eb67570eb241543dfaa3cb7ec62320,19852,29875575491,34720,scene-0184,scene-0184:lidar:272,265580
cd02cdcebcf6a74c7300553d427343cd1d2c62a98ebb54f1ba6090361922ec4a,19761,29699916113,34720,scene-0184,scene-0184:lidar:274,264918
9124dada32bdfbc96969f672d334c07f5766e951438e8aac021b2cf8ce2d8623,19794,29750998519,34720,scene-0184,scene-0184:lidar:275,264961
f2bfb483793a1ad2b1472ce97aaeab9015610a0981f1ddc5b9d9cdfbe9b0a0cf,19863,29811887103,34720,scene-0184,scene-0184:lidar:277,264997
c89b5775f952b71f3d45b48010e6cc86e6702e6dc85787e2351c8707017a63f5,19815,29705428166,34720,scene-0184,scene-0184:lidar:278,264673
1f098ea65d14fd232a798ee0aa59cf9656acf21740acc1cc3f34db9f51d103cc,19878,29844498596,34688,scene-0184,scene-0184:lidar:279,265163
ef2a566a6883142e784fcb939773208b6240f40fe7acd99d8aaee5d708cfb168,19748,29453584928,34720,scene-0184,scene-0184:lidar:281,263496
b0b5671d9e4404e546ba5609046e930e607d04aecbe2d7f64a4c96f7ab7effb1,19851,29700256677,34720,scene-0184,scene-0184:lidar:282,264570
04331e85173bea277e33c4459571999186d41bd935dc2fcee78b330d09be09ac,19776,29505351015,34720,scene-0184,scene-0184:lidar:283,263798
c69a4c433b1d9ed9c422189352c20b0803a4037b6a76fcefa3c15d25749ae9fc,19776,29485695201,34720,scene-0184,scene-0184:lidar:285,263745
07856b80d4252fdb3b545164748757c6ff00ca2eedfbf44f3f435bbad8298f24,19772,29435762455,34688,scene-0184,scene-0184:lidar:286,263608
fd911729e205587ad26f49d451e4fcfcdaf9a839fdc39783ac416512ff0b713f,19735,29384481020,34720,scene-0184,scene-0184:lidar:287,263490
d9b4d9b861d2c79fcaa5ef0bee1842d5d3cb13220d4aa1aa59584b26fa2eac74,19758,29386488667,34720,scene-0184,scene-0184:lidar:289,263219
4ad516cbeddd02a7b004ee8aa83668051ca59b08a2e152d0e273fbb36015832a,19572,29024917829,34688,scene-0184,scene-0184:lidar:290,261957
9259e8feba3edacc2803d17819f7ad6b3991f0c581d515081e55d0821dacda7a,19537,28954927047,34688,scene-0184,scene-0184:lidar:292,261981
dded65890cfef7b10fda59a467064dbbd0b59bba7812025e73bcbfd583d411da,19639,29137813057,34720,scene-0184,scene-0184:lidar:293,262781
29849395027bfeaff0a5c2836a26177370ab339e496d7addf1c346bb1de5d08c,19645,29216594040,34720,scene-0184,scene-0184:lidar:294,263208
66de69294fd9390d632dc57c1d6c7adc51be204b2abe527603421e3db81201b2,19653,29173591714,34720,scene-0184,scene-0184:lidar:295,262929
8bcb0a47e1621156e5b6ab8a3a822b631e107cbd6a1b2214e186b0fbcf90ae18,19368,28561902405,34688,scene-0184,scene-0184:lidar:297,260487
b5cb991435565160080168c6ec65352d6fe823c242d15584f4a60be4ceaaaef9,19356,28593874338,34720,scene-0184,scene-0184:lidar:298,260869
80392c96f8fb27bf35d70794fd9d34f3666e76d2968b3957dbc5b5b833baec75,19314,28498065121,34720,scene-0184,scene-0184:lidar:300,260737
c5562bc037ba6ffdd7d4e6a7f895d74251621b1a485651c147bb82e75f22e271,19208,28404719664,34720,scene-0184,scene-0184:lidar:301,260345
d4d0d56897bde57cd236c685e31b48a61c89f1280c41acab3d6b7e0600577ca2,19370,28658203905,34720,scene-0184,scene-0184:lidar:302,261187
976cb0fbb2047203c30662b7b61f868530dc6a3e530857be31c07fa0757ab7ec,19378,28661588562,34720,scene-0184,scene-0184:lidar:303,261149
28a304fb9d8938e7d06f3b3f843338c64250f8c0b4a5ae5324ff06eee51aa3ec,19345,28706592188,34720,scene-0184,scene-0184:lidar:305,261350
172886e4b96d69c94e7ac5d867374eb89b7c17dac8af281b6d2e5304a03fd097,19347,28797806713,34720,scene-0184,scene-0184:lidar:306,262363
e3ddcaeb3619f8f3701514ce9ae4dfd2badadbbcae95dd468bd97518c948a43f,19438,28933367113,34720,scene-0184,scene-0184:lidar:307,262441
af3eb7c6f80f46527fa09b8a381863cac578f47799de35df688c37df5c77fd12,19393,28903172594,34688,scene-0184,scene-0184:lidar:309,262429
4424cd97680fde575d71bb2c8b5569840db490992763bedcf36ddc82a877c9fc,19302,28820136732,34720,scene-0184,scene-0184:lidar:310,262444
8970c93494501dcf1405473d6c9f7fa54a6b4769a8c8c8c7f4543da70336541f,19294,28818613486,34720,scene-0184,scene-0184:lidar:311,262479
7a0153f58f4f8bdacce176eb7337792a4576c57da64769f0f0e814fd26e98026,19179,28617242845,34720,scene-0184,scene-0184:lidar:313,261739
6985c100eaffc3d8995e45d8afc8b4d4248fa44634be21a636c6de357828fc6e,19118,28507601341,34720,scene-0184,scene-0184:lidar:314,261288
31d131dbc10445ba0ef72ffe0fcb3520e72ca8e4fed3d5b3654c1f08f94c0c91,19196,28538903790,34688,scene-0184,scene-0184:lidar:315,261066
582761a4bd5e4cccd308eb024c2d6b3ec812402472caeaa30d1485731889cbcc,19246,28635596959,34688,scene-0184,scene-0184:lidar:317,261248
1ddc3b6cebb44b7cdf524b33a40226466ac28cec41eb6ff0aac71bea92753d0f,19164,28608112801,34720,scene-0184,scene-0184:lidar:318,261474
91c42d406b065f0c9999d4204287cf87459d9f212da7b1c66a9bde99e4802a54,19060,28404315052,34720,scene-0184,scene-0184:lidar:319,260715
b9458334ff8c024277d28666bc535cd2321b3259b148a83400551015138a1822,19174,28699374739,34720,scene-0184,scene-0184:lidar:321,261842
b248c345c6ce3745019db858437c0c1b1eda217f6393b53171f2a230d40e89f5,19209,28698046452,34720,scene-0184,scene-0184:lidar:322,261611
ed3d032c67293308af80d875b5ba3fcbdfba9a7d06a916f7225bd52f2795f5ec,19116,28566192877,34688,scene-0184,scene-0184:lidar:323,261206
b1ced82ad9ee55dfdc0d7cf3f5fa35a4d51dbb14e0ca7887836c55c5c6fe9356,19131,28612693335,34720,scene-0184,scene-0184:lidar:325,261565
c0334503f4352907d783e9125c9f36b533d3ffafd79b866cf10722708454a8a2,19058,28553366653,34688,scene-0184,scene-0184:lidar:326,261223
918a2637df44d7d38adab3961e8fd50a9d4c70cd70ef596ddce992e8ae3507cb,19075,28565773816,34688,scene-0184,scene-0184:lidar:327,261290
4ce03fbbdfe03b6fda9c49c1df79a0512953a00fb8d5062019b92cb8393c1e1f,18915,28355056464,34688,scene-0184,scene-0184:lidar:329,260836
f61cbeb13e6f5b8aa9621e778a75356b18653c649b1a1bfc81834ef21af22f81,18819,28196511493,34688,scene-0184,scene-0184:lidar:330,260444
70b5355c423f3055559fd2ba71d742fe31fe2b199e142b08aae3deed49d0ab25,18835,28177579064,34688,scene-0184,scene-0184:lidar:331,260141
315c5b40d5f27fa71cdaafeb5ce7d3091e92f7fef61f9c538cd8c552602bea87,18817,28308200232,34688,scene-0184,scene-0184:lidar:333,261242
24a2cf311f518db77a19b82c44622317bb4176744e8f50167badd34075ab673e,18740,28214876857,34688,scene-0184,scene-0184:lidar:334,261191
ac0c0b9f93fcf89cc3effcb533b4b713b94273b83aae8cad6ee41a1e474403a8,18560,28097600373,34688,scene-0184,scene-0184:lidar:336,261645
acb1089f404f77767fe836c8569139e31294c648bd960c98ad560eabe4d2b194,18563,28061697157,34656,scene-0184,scene-0184:lidar:337,261471
93ddcfde4f1b30f2ad6b903677a887ea75bd7f71ae4bac4438b4b4d2e994826a,18492,28049963203,34688,scene-0184,scene-0184:lidar:338,261944
1a8b73f2d80dd80232537c410768f27e70ca5f172154b27e7393e69b9297fd31,18450,27968995584,34688,scene-0184,scene-0184:lidar:339,261862
66007ca584889d79bc6fa6003f11a68ffa89e8eb0cf2bb4f3d3af5d5cfa2d002,18260,27758623503,34688,scene-0184,scene-0184:lidar:341,262153
caf1d182a46b696d3554d725b17d3ed7aada6ad73cc273d66c5e6bbcaf7c688b,18152,27694591817,34720,scene-0184,scene-0184:lidar:342,262364
c9665591451c337d05467515d6d744df823dce3bd1caa3accefb8d48b43b92e2,17969,27427929777,34688,scene-0184,scene-0184:lidar:344,262227
03b4a6e36e7f0ba374ece14114dc0d3423baf29a8cdb85ddf07ada0c303d862b,17861,27359419859,34720,scene-0184,scene-0184:lidar:345,262817
b816dda72bc40102ce322471c530c7f28113b7169912b0533d3b56a7591f0d13,17779,27256149515,34688,scene-0184,scene-0184:lidar:346,262725
5179508603e13074719977212127bfed28a765ca8b6351dd225448741d3eabe7,17564,26952183288,34688,scene-0184,scene-0184:lidar:347,262124
db183de7ed24e5e7524ed17f2d9355d7a7eaae8e0aa153c86e26c12b8f21e751,17516,27048975352,34720,scene-0184,scene-0184:lidar:349,263673
0dde5ce7d3e5da3897bac305bd60ca4de44beec28698dfa9605d954c79491537,17336,26762012272,34688,scene-0184,scene-0184:lidar:350,262960
e6689e2be19369ae76cbdf7e391c0e138dd79ab960fa01cd86ab7d0852dcf60b,17050,26320575386,34688,scene-0184,scene-0184:lidar:352,262238
cc22f2ff30b03f7182c21e4bf76d133d6abc0f2efae2605ddd5ddd05e9c116f9,17022,26236747176,34688,scene-0184,scene-0184:lidar:353,262053
ad807c4bbf486a11af3f83bc949b1a01b2d4318cf07f5a42e417c97541f01136,16876,26201628138,34688,scene-0184,scene-0184:lidar:355,262832
ed3d9fe796f41faec3125748edb52c844df3f3f0c06d415f2341eae4ee0640f7,16897,26450997277,34720,scene-0184,scene-0184:lidar:357,264503
a4a34b0c509c96c76bc3332e6c485a87e9c49c3331a6497a00d4e6921a017127,16875,26369143691,34720,scene-0184,scene-0184:lidar:358,264272
0c456ce3787d041881775b9d106c922b55ddccfef253b045bab19e0a40badeb6,16737,26408480414,34752,scene-0184,scene-0184:lidar:360,265876
1bc2bfa47dfd2f32beb01c4ed7a1884cc53124bab84bab78e8ce7c23c15bfe86,16684,26332168400,34720,scene-0184,scene-0184:lidar:361,265788
e02e55ca494126d6508f1c79f43c4f60c1632eccff3ccfab44443159005f3b43,16546,26174587317,34752,scene-0184,scene-0184:lidar:363,266028
745d84e3deeb4c13843c49492475a13b8733119d0a393f7b5ede19a0fadb657a,16174,25663828341,34752,scene-0184,scene-0184:lidar:365,266856
42e8911ec7f4660daf84c31aa3f0fd2379c13ed58272242a91454145bf8aa708,16099,25668690073,34784,scene-0184,scene-0184:lidar:366,268054
06eeebd5d16abd9224b0b47ff9472bce7827480fa349fdd38e90edafee077f6e,15885,25503017678,34784,scene-0184,scene-0184:lidar:368,269401
4e67e0d0bbbdca078ed03ebf70715043549b95f89b60ca7ce759a306006c72c9,15806,25437016127,34752,scene-0184,scene-0184:lidar:369,269557
0dfd9f53504aad880e7f24f1eede1d4c53963391f0c4f8dfeac7748d36ca51c7,15684,25436476787,34752,scene-0184,scene-0184:lidar:371,270767
27ee52b5638b7575fe618b9f026b4f5c2ff2466108f37bf3cd86f9e8c5d51a11,15660,25597482976,34752,scene-0184,scene-0184:lidar:373,271917
edde67eab5fa3e3cc408d5c592b0af8d321a840ca6c6a27aa94d6dca54a14f65,15651,25553701659,34720,scene-0184,scene-0184:lidar:374,271699
6ea371e5ed379ed44a648cd1b16bc39cd69a6b22b1ff2a90e085c653a7d81dd4,15604,25643940296,34720,scene-0184,scene-0184:lidar:376,272082
97bb94170c950aae2452b7639ec7f7cf388965b6d41024b8176589f756f5d154,15660,25798314436,34752,scene-0184,scene-0184:lidar:377,272864
258af21f0dbd861967f0aeaaf6577b631fefd5c8f80aea0ce01e9a33544d17c8,15742,26032277953,34752,scene-0184,scene-0184:lidar:379,273554
9fed9c68297d09e2d92468c09c79b2f68803863d06467c2a18d3390dc01ac109,15692,26017519906,34784,scene-0184,scene-0184:lidar:382,273730
04d0ae979a7a4d6ea7086adc22294f941a0d76dac36eb97255803f3fb047ed7b,15812,26202520220,34784,scene-0184,scene-0184:lidar:384,274278
ae91e44274058c2f3b4b5798ba8eaeadec58ad91055a23f0512786316981432f,15820,26273822082,34816,scene-0184,scene-0184:lidar:385,274673
64b493ab65d3141e120b03293af76a60798955afbaf6e982e8d316a8acceadfe,15182,21344521939,34720,scene-0245,scene-0245:lidar:1,228539
e9c4b39f3924832887be754070c52d6c8afc29290e42c45250d734d295b53898,15177,21291616803,34688,scene-0245,scene-0245:lidar:2,228117
8c92406983aed29611259164cf0fbeabd2d34dae5df0438be54dc1b019fbf9ed,15142,21302461439,34720,scene-0245,scene-0245:lidar:3,228351
9aa218e65cb555775a65809fb78dc197088f211f335b4ba613b618c11daa8959,15069,21166331297,34720,scene-0245,scene-0245:lidar:6,227670
dc0c8eab92849eba31cf0e19442eed9e595b2bc9dc886cdcf8651b2154833eda,14984,21043474668,34720,scene-0245,scene-0245:lidar:8,227207
e66300d813725641d8a16f20bc550ae7e3aa21ec763ad9326ef5890a472dc437,14950,21028875365,34752,scene-0245,scene-0245:lidar:10,227139
010dfbc7b492a158b857cdf072ac5c3a2c7aed60ab852ebf78611c61ba5f6f44,15005,21081951025,34784,scene-0245,scene-0245:lidar:13,227181
9a2c0af8bd061b0fc134b398df7260cae8eed2c3f2c0a31ab8843c702bc74ed9,14870,20894725671,34752,scene-0245,scene-0245:lidar:15,226344
e6b4995454b5dd9f27f22a5f6bc247af77e3a7551cea1876cf56ed73e1fd4085,14712,20614488786,34752,scene-0245,scene-0245:lidar:17,225172
3496ff2941001b114803b846b8d091aca34cdd805cd945f431fd911db8ec3398,14665,20449147140,34752,scene-0245,scene-0245:lidar:18,224246
696f9221d08cc63e28a8bbb419c76eb24412648c98453695030d758804a47016,14422,20231049815,34720,scene-0245,scene-0245:lidar:20,223844
782acc206dfcc982cf32ed84c6e3e21b20dd981fb4a0f13ff41b04d609039d19,14311,20028065006,34720,scene-0245,scene-0245:lidar:22,222987
d5479c3fb1bbca3649e2ab3d163bcc204ee3883d33f3c04dc3c853719e1054f9,14285,19849058079,34720,scene-0245,scene-0245:lidar:24,222041
eb1ab7a4842f1025e97a194d93066c6653a3148faf88973a423e3d614e1ac4aa,14039,19526237411,34720,scene-0245,scene-0245:lidar:25,221173
f411008406e2b2228a1448458433300d13268c01836e06f3283e4fda19799e0c,14130,19423380340,34720,scene-0245,scene-0245:lidar:27,219897
8d56a34ce811fad0e058594af006273a39b1cba9ac72c629813c28ffbd940c5f,13928,19244000320,34720,scene-0245,scene-0245:lidar:29,219715
82af3f5bf0b9656c3913775a0c099ed8c6a1a73732e3bfc1906f0a73d93b8ff2,13902,19067890380,34688,scene-0245,scene-0245:lidar:31,218091
cd40100e79cde2d04f807ca495226df93a8233d247ca509681ce11e494128a08,13872,19040659628,34720,scene-0245,scene-0245:lidar:32,217944
e12623c2b6cce501e823e6be180e2cf56e65db21998a6bee82625c12dcbc6241,13834,18872706960,34688,scene-0245,scene-0245:lidar:34,216481
c0f57459c6eba81d5ef636a87a076409ae66ea8029abb60e5b701a1467fca976,13600,18618030305,34688,scene-0245,scene-0245:lidar:36,215384
5767473d7c51571ff38cc14056ab1ec83e51d208b67096a0c3b632bf48a1616a,13544,18476709373,34688,scene-0245,scene-0245:lidar:38,214979
a56a4e9211884539ac9983eaf7e4c6019d4420e76d643636edea57ef8e0c6d9f,13418,18204791262,34688,scene-0245,scene-0245:lidar:40,213634
645b43545bf263a2a3d9816c81c09a2896720f95e11d607ea2fd7dc149b017d6,13345,18086986596,34720,scene-0245,scene-0245:lidar:41,213207
cc6ce0844e82bae35577a6dfbcd28227efd998a46c4394c5cbfde4a4aaf8d1de,13254,17857402912,34688,scene-0245,scene-0245:lidar:43,211892
6bdacf3e7aa6301a88f7fef8fa6ff641c3f57f85b5e80c46ee956bdee1f7c1c0,13136,17594765564,34720,scene-0245,scene-0245:lidar:45,209761
4fe0b933f9639b2f1067855f491f6ab4ab230a446c7c869e7c8bc6980270bb62,13035,17292644093,34720,scene-0245,scene-0245:lidar:47,207294
ebd339e1447d82b1ac3789f06ff1477913ece60955b64dd5bb858078a4ac5e04,12924,16938176847,34720,scene-0245,scene-0245:lidar:49,204657
1586996f3029bc17d6c49d6bdc2907727d3d3e3cbf6b488a5a31a028afbe1512,12923,16841490742,34720,scene-0245,scene-0245:lidar:50,203735
22ad41d6b7e2ad3f1f4cf1e5269994b879de7f8066b51f30310ac1ebc5d68588,12904,16769366176,34752,scene-0245,scene-0245:lidar:51,203195
9e10bbf79c8173710d4d1ee7da3de232fb09f489678ce19684c615afdc52f309,12877,16677554189,34720,scene-0245,scene-0245:lidar:52,202559
bfd20d772bb67912e5009797b62db37e6d3883626b27833610518f2797c661a7,12797,16561173308,34720,scene-0245,scene-0245:lidar:53,202141
9717b28eaee681a7e1e4f85936b040b2f63a4977715a57dbb8f6feb4a378caba,12848,16746495566,34752,scene-0245,scene-0245:lidar:54,203225
5b7b9816f236d93479a5931c30da70c0bbbb25e032b2fc8a4490dbb1a98049ad,12616,16524307026,34752,scene-0245,scene-0245:lidar:56,202561
3405250f36f534cd442a613bc0b06ae82de615c0991a3d33e8325d03171aeaec,12605,16607566535,34752,scene-0245,scene-0245:lidar:58,203362
782978c368ba8ca7908c3f167e143a1fcf175364d1c97aef4f130f21d71cf581,12592,16727594625,34752,scene-0245,scene-0245:lidar:60,204954
08c3f26ce15570ab1eff385da67c45f57f4c165e854b50d84bdd1b9f9b236f82,12554,16685271552,34752,scene-0245,scene-0245:lidar:62,205227
57e821e3c0e37726035ce1ea43070c7b082ef1c599ed52766bc789ec236f25c6,12459,16679050120,34752,scene-0245,scene-0245:lidar:64,206088
deaf26c3d340aa2cc55c257c06797416589086529c5dfdd4e1051e3ac05b17bb,12480,16664460725,34784,scene-0245,scene-0245:lidar:66,205725
5c8c1024e1047ab5358a9d3c20bd76c97e05509149ac2de6cd0063e3ed0ced5f,12429,16612716798,34752,scene-0245,scene-0245:lidar:68,205444
cc0bd8a77981d55ef9e579a26faa643cb43948372a1ac119bbcff368e58cf759,12454,16534156939,34784,scene-0245,scene-0245:lidar:70,204667
5595892c72f99c5df38c32fd442b4c7f48c9bebe06063bdcbb89d555c1f58c67,12144,16054499066,34784,scene-0245,scene-0245:lidar:73,202096
f2ad0349a9d548e567f032ed68ccfed3da51c08cf3ce2686fce4f0c281feccfc,12078,15776174277,34752,scene-0245,scene-0245:lidar:75,200249
8f5b1f3a2f6abb99546e7ddb662eb153b02bf0a6ce3db6b74033b195d8cbfc75,12077,15653007592,34752,scene-0245,scene-0245:lidar:77,198619
cd3f35dd4810eb253fdc82243a57dbc4397372ba94fa8f88b64cf4fd64b52a45,11908,15379539730,34720,scene-0245,scene-0245:lidar:79,196953
26a050f84387cf25aa4f84a814ba1114b0948127fb6127218b3af770dfbb0665,11745,15113619797,34752,scene-0245,scene-0245:lidar:81,195322
5956e863017650167a3e95bec3b213375ae9cfb70260117c1f17455b21a41f37,11678,14853801736,34720,scene-0245,scene-0245:lidar:83,193464
31879395885a58290d2cf87bd3494e961699af0d523776acbea49a468d70124d,11619,14737415990,34752,scene-0245,scene-0245:lidar:85,192900
868276fcf1ce1d86ccf7bdca79a540ca2ddbf64c82a47c3720d7acd27a623fe6,11631,14600032055,34752,scene-0245,scene-0245:lidar:87,191189
8370da78943fe1db51e20f0f8825871f1b8c09c9c8466eb6888e5f9b8f69bfea,11404,14177478729,34752,scene-0245,scene-0245:lidar:89,188278
6b9172e90aafc54b3aaee2ca2ffb0a6d1765e7fd3cfc52d36e921f3a33138eca,11198,13731541119,34752,scene-0245,scene-0245:lidar:91,184807
bc6fffe48d67ae2f22ba3acbff51855d02daf1a663595916b8591e1e17c9ed24,11169,13454589501,34752,scene-0245,scene-0245:lidar:93,181858
b7476edb5404c68075d445740cea715e386bd04affbacf7c75795105face7856,10995,13071518773,34752,scene-0245,scene-0245:lidar:94,179110
6b9a5f87b5a5e77126278395c3c23452414492ed52db5278a5fbb13dc2d09938,10973,12880546099,34720,scene-0245,scene-0245:lidar:95,177162
3288974d60a1b3521f6a1451e6aab7e2c52e43e34b3c4c99fad29500bd2af243,10903,12759122064,34752,scene-0245,scene-0245:lidar:97,176287
84a4a4644864c0e9f4202898d2af17411d2c6a015ada7a83984af8bb07e6949c,10742,12577099059,34720,scene-0245,scene-0245:lidar:99,175320
267ae774d1ee2f6cb284e4193eff7a84f33df49bdf04458f4bf7deed157933b9,10722,12766138575,34720,scene-0245,scene-0245:lidar:101,177547
bd863c5c7e0cffdf6d5328b73bd8588a4f023f73217ec041d026384cff8ee7bb,10810,13110444670,34688,scene-0245,scene-0245:lidar:103,180967
0695b69f3a54c76046c287dd97938c236b57015af38d1f94a18009af5a1a5257,10881,13349742553,34720,scene-0245,scene-0245:lidar:104,183133
fc16c791a4cdb64f4180c82d51149324f4fecccc0459ecbe38c2b39e7d89fe87,10867,13497852899,34720,scene-0245,scene-0245:lidar:105,184939
8868ba027d8a30f23df75ef8029748aa15738063d7dcdbbfb015f639685df958,10771,13483865942,34720,scene-0245,scene-0245:lidar:106,185681
31d26a0693945a5141d176055f03efa5dcaa60eb73d140bde267658b5f8188f4,10758,13630272047,34720,scene-0245,scene-0245:lidar:107,187751
8a168675e95d0ff4263eeacff28199d57b5a177f23acee03aa3224cca4ce11f5,10826,13820982313,34720,scene-0245,scene-0245:lidar:108,189156
188059b715d3df4df7d5777e7a52843619d98ec917241fd51ec2d1bc5396014f,10883,14080706519,34752,scene-0245,scene-0245:lidar:109,191189
ddbb533d64488fe8f331ce76f81f6f328c74622d906750805471a1660c496324,10722,14061497976,34752,scene-0245,scene-0245:lidar:110,192475
93bc07a5f925ff3bfebbf37dc912ac9b0912c4a1656450e26f469e6ed49c282d,10736,14232137821,34752,scene-0245,scene-0245:lidar:111,194401
88ac755671e399aeb4773679f2f441d2075788144e905b0c7712fec0875cfe70,10654,14305355746,34752,scene-0245,scene-0245:lidar:112,196374
c4688b5f5f4148f6c9588b15a68fba4699cd346e5bab36c198bea2848053e841,10566,14332453098,34752,scene-0245,scene-0245:lidar:113,198126
c87f37a286c01d00c656debb05c77233893905e20e3cd85c995832aea043d24b,10507,14309241515,34720,scene-0245,scene-0245:lidar:114,199906
20af39937fd3a21cf174f3d2b387b6b7dfff689c54a4e63919f67d92524bdeb0,10393,14313574138,34752,scene-0245,scene-0245:lidar:115,202309
09a9816ec70a7d9be2054e1c9b33f03dbedcedd823101162e66e492e2cd465a3,10227,14274072123,34720,scene-0245,scene-0245:lidar:116,204704
9723e161fb31ae903ef5f887f167be841f21b781c80cee719997221eaeb57ad3,9942,14083382294,34720,scene-0245,scene-0245:lidar:117,206036
d2decf130557d6f24c81839e559bf5d43f38a13cda4933e078fd24d031d150ac,9868,14127370158,34720,scene-0245,scene-0245:lidar:118,207156
fdfa26d413690ac2986d5cb119175f5b252289e9556b9968f3057aa5d28886d4,9869,14200187872,34720,scene-0245,scene-0245:lidar:119,208502
44ed7fd1361d3bf062743f14de33b11a768470ca9d7413243c0baad84374f79c,9822,14108429979,34688,scene-0245,scene-0245:lidar:120,208550
83faa32143cae71252649abdd753f4f430a1927adc123640c92a08c69aeef5c1,9689,13895074371,34720,scene-0245,scene-0245:lidar:122,206479
22ac39762c53b1bfe7cb08cd6b30a7c47e8faf2be76707158b457597cfe457c6,9782,13804157381,34720,scene-0245,scene-0245:lidar:124,202869
5c57e5b5fa4b36e2846dc75548801fcd24d27f53d2b9866b4ee8e1bdd5bf320b,10008,13815825185,34720,scene-0245,scene-0245:lidar:126,197933
90d4cca5950843ca70a70cafc458f7a5e18fb31427ae542902de7e401e66f92a,10074,13603967061,34720,scene-0245,scene-0245:lidar:128,192940
829ac433b3d0def1dcc75e89880b50070e7fba5a50804d8d2379d3f294f645ed,10263,13570490183,34688,scene-0245,scene-0245:lidar:130,190067
4055ccc9b5c9e42af31fc7282f9db17076dd911268fbaffa3a3b5947010ffa49,10249,13375120176,34688,scene-0245,scene-0245:lidar:132,188757
b11da8196b235d07e31c1aa0f14a3d9850847f0184daaa5cd0004ce81fd689ac,10225,13215065254,34720,scene-0245,scene-0245:lidar:134,188136
245567e694b589b701a1023fe2daa77ccfed0191662f7f19370ea986b251556f,10088,12933904047,34720,scene-0245,scene-0245:lidar:136,186618
4480a68d3430be0aa0d98c4f736e7b48c33bb0e62e504cf182aec1fdba6d2d9e,10041,12863928308,34720,scene-0245,scene-0245:lidar:138,185317
13f7bf5b4b715422c46653eaec401eab7335fe093e802805a84584d2269800ae,10280,13242147416,34720,scene-0245,scene-0245:lidar:140,186685
dc19cc3fca93171015a23020f133c98f81a421d4d3cb5c3784447ce1a776a761,10377,13420568011,34688,scene-0245,scene-0245:lidar:142,188064
3538c9688b3b4e31108b6873d8136f85bc8267662ccdee9ea85706d16c9a3c4a,10490,13561771625,34688,scene-0245,scene-0245:lidar:144,189389
6e91515f4f3804d6679413457d48aa81312d8daf72388c1673b6b482f5b33f92,10626,13723043261,34720,scene-0245,scene-0245:lidar:146,190344
890e74b1ce53e847919ba8130a7f369e95921305e9dc099c2e79773439b8e859,10628,13782100033,34720,scene-0245,scene-0245:lidar:147,190636
e2ea1cc2a080bb9aeba02bd4cb3dd4082035bb05603122993b7eb5dbebc13031,10640,13901772837,34688,scene-0245,scene-0245:lidar:148,191528
e11ba9c0f717ecdb4f13917c491f444f776cf3e84e78e855eb7eff9f5d31641f,10923,14233021670,34688,scene-0245,scene-0245:lidar:150,192255
b3271231be75915653808243c4902777bb04a108bf22a9e31c32bdc997ab0472,10856,14363429368,34688,scene-0245,scene-0245:lidar:152,193585
88436ba925c815944531a33de158b8319f44b2c90c6d7c87b5a5c4498548c6dd,10866,14373185028,34688,scene-0245,scene-0245:lidar:154,194142
29422aa2c0960fb43edf0a3e7120c6c56e3dfb8312c34851b90b965e143ef394,10716,14170867491,34688,scene-0245,scene-0245:lidar:156,194184
5471617200ed580b9be2eeaea2c77a2aae931c46d9babfbe289c483bbafa4dfc,10581,14056604317,34688,scene-0245,scene-0245:lidar:158,194138
88b28a2e3f9e0e63ec04e67b315bfe2b5eb757dead4f4b88fd803347ad561e4c,10774,14292532462,34688,scene-0245,scene-0245:lidar:160,194852
b46a7cf6746f98956a810cb596262ada367fb82672aa5eb4b9c66fddfc3a64e5,10920,14469689833,34656,scene-0245,scene-0245:lidar:162,194749
bf04a16a7c2a55bcbaa75cea722dddf87a339fcacb1fe5ab78d43baaf52cad52,10905,14503077381,34720,scene-0245,scene-0245:lidar:164,194574
504823543cc6479babf0a73172f5ad0fe77c1d5c348e766c0960666457d83c60,10910,14510573748,34720,scene-0245,scene-0245:lidar:166,194950
a5e41301bca668e160abf3f2e935bfe60a80b8cf1ec2a44269cd1586715d71bd,10989,14638016685,34720,scene-0245,scene-0245:lidar:168,195578
6e673b9a2cc4505e026a61f953e2dca62af0301223010948d5e21e87fd66267d,11058,14789732617,34752,scene-0245,scene-0245:lidar:170,196704
5973eeec0116834a0691d9aeb87671468ce87dd1251de2b48f11952021996063,11152,14871503180,34752,scene-0245,scene-0245:lidar:172,196263
be327df4ac7cf853122979b4722f9523a4ba625911d5ed9d0dc290f45c457aa6,11116,14843824398,34752,scene-0245,scene-0245:lidar:174,196146
46746896cabb9ea1e9537b86d430cdee5ebc6f73e7809e1d58f3dd1120150f81,11121,14847928607,34752,scene-0245,scene-0245:lidar:175,195924
bfe18be6c91287e4a466ce4159afbcb3232bbce746b08e4bc686c7cd09ad25f1,11147,14847638899,34752,scene-0245,scene-0245:lidar:176,195779
08435e03d9b0eb0c119a903fed71826d5cf37ce249826b2c679073287f352fb3,11046,14753149972,34784,scene-0245,scene-0245:lidar:177,195793
7bb2360efbf9e99189718bd2634d278ef894fc828ea3813881fbfd496be44767,10919,14664487404,34752,scene-0245,scene-0245:lidar:179,196851
999c26e30c2656ea32d20ee4fa917928046383f0bd02900466d9397a06aef051,10875,14586149762,34720,scene-0245,scene-0245:lidar:181,196769
8304b152068a134ceeba3e4338dc0b29d93ca26d086454e56ac343250e787dc7,10922,14663471568,34720,scene-0245,scene-0245:lidar:183,197094
d4544fa433b15e6f8a41589cdbb3ecf7b66c73bac019ee21e185a20ab75c1149,10847,14645741519,34688,scene-0245,scene-0245:lidar:185,196712
03021792d92f1afd8ed53537a4cedbc98d96a37ac92e3ae5d00770fa15877ee6,10859,14667842141,34720,scene-0245,scene-0245:lidar:187,196655
1d5168f6786d01a95e1a033c910ce9c024b504db78294f3a482910902a86ec00,10945,14687999598,34688,scene-0245,scene-0245:lidar:189,196624
c8416b4d64b5f8296ce2e0be23992aaa1a09c6d678d33191840f43c6821e4bb1,10896,14762252441,34720,scene-0245,scene-0245:lidar:191,197911
ce7a26a443c0a96590f94642be0b938186a7332731187c003187b2ef0c6bcbae,10847,14681641165,34752,scene-0245,scene-0245:lidar:193,197351
dc8d4eb2454aa76fa1052ee754b447d84678852528f8c791c6d988173e658c3a,11000,14874167262,34752,scene-0245,scene-0245:lidar:195,197593
7c10630fddf85609b6b9cea39764b24bf0f4dabe376128d86da208330976302b,11111,14988428907,34752,scene-0245,scene-0245:lidar:197,197040
de78da0f23edd4e62ae9ac5f50c31e90e5a023f0056e0c5fbcbe6b53714c0bbe,11192,15093456560,34752,scene-0245,scene-0245:lidar:199,197438
934332efc31ead8382454cca5b4a68f7af447a4ef3a766cafcec98f5fc65299c,11180,15014250621,34752,scene-0245,scene-0245:lidar:202,197151
1e67715c969ddfcba10972aee6d7ee95f599a9845fa98fc39126052bff61d1d2,11144,14938339549,34720,scene-0245,scene-0245:lidar:204,196937
2f4f0a36569cf15d4f58fa698b5e36f8d3e9be28c254f4a6c52038d6e0c22be3,11060,14794468808,34720,scene-0245,scene-0245:lidar:206,196127
82fbef5ee8a26c4200540324fa813833c0d6bee40f379a45005ad384bc7050f3,10994,14635399710,34720,scene-0245,scene-0245:lidar:208,194555
0648c7aee47807e300cd1dfd56875e3103091d1e498d5a43ffb9e114dd2baca1,10903,14393521159,34720,scene-0245,scene-0245:lidar:210,192465
52be3399721d4bada888ebd0f7b3bd95c81b14263c450c32411e56ded023f3b9,10949,14322806601,34688,scene-0245,scene-0245:lidar:212,191489
1fd4a6987a774a68d92e50d1f90df1581a2aa0113adb50b6aa900fd08a828ce6,10954,14408128383,34720,scene-0245,scene-0245:lidar:214,192873
5b3aec29555d182c0d8d690a93e44354420492f51a77b99c9a5b0e5a7657a3b0,10929,14290721397,34688,scene-0245,scene-0245:lidar:216,192200
f396becdbe3707fd4895ac0624ad0d60f2f0b04570986f59eb505716bdd8423e,10924,14278213633,34688,scene-0245,scene-0245:lidar:218,191535
4f6efd689ad4e74a17ffe6af8262e23b506a859a4e7ef38da9c8767550559e0a,11017,14442814824,34688,scene-0245,scene-0245:lidar:220,192268
ded4a470f1b3c031d62ed16a6c564dccdeef482df91c5dd9f241ae1404db57b3,11003,14539417140,34656,scene-0245,scene-0245:lidar:222,192976
ab76806db958517c9b1f0fd98dbf4ca615b4b47f4f903901d02eaa9ce3f9b241,11007,14656936972,34688,scene-0245,scene-0245:lidar:224,194481
97144c2124179577d5a83297588b94fbe7484d5ec657fe1b3c806f0d07900105,11116,14846968215,34688,scene-0245,scene-0245:lidar:226,196012
99d3c71e1f1b72b73dc0e77c556b0d37e4c73204871cf06aa4e79ce9f42dd507,11173,14915045089,34688,scene-0245,scene-0245:lidar:228,196605
b86826f40c510ea193258a1379dcd4aebcf71b8a0b678a728d781dacad231683,11195,14967801987,34720,scene-0245,scene-0245:lidar:230,196731
ce3df1d499d4abf3fdc23293a39b6b43fbce6edf46938a6d5abb3de396646aae,11257,15139762913,34720,scene-0245,scene-0245:lidar:232,197671
7b13819b9354c14b9b6c256e8cbd8d8b4e2f4879c1e1f717a42f22b12025d2f9,11101,14947891880,34720,scene-0245,scene-0245:lidar:233,196734
9abb4a7bcc10ab2854b1a92c198b77f06a6c8eb4d16d468a68c47b692b774064,11134,14977108766,34720,scene-0245,scene-0245:lidar:234,196830
4280c4b030db1d3e52cf4395ea10137817293ea9dfbd29d78aa35ecaa5e3a870,11160,15016287453,34752,scene-0245,scene-0245:lidar:235,197223
d7ee3084a17bd49e0840fe37242349aeb4672968d3b4fd0b0d8091346d7ffffb,11067,14955699095,34720,scene-0245,scene-0245:lidar:236,197486
9db8160273b20ce9a944fba7c4a7ec8894b3a81f32df48bf98c58790b55c84ab,11058,14937695292,34752,scene-0245,scene-0245:lidar:237,197348
2e41deeffdb8c92e489d7ec952a8d17acfc84d4eb0bfc88c0c59cfe3fb2f5cbb,11148,14950451983,34720,scene-0245,scene-0245:lidar:238,197302
47cae318da9a7a0e59370eef6053b9b8816491120e83def540871fb43d01fc66,11207,15055224905,34752,scene-0245,scene-0245:lidar:239,197872
e4f6c4377a05983c561d3d7e3c0abb1bff6fd129c685a1670e42d2db19458f0a,11204,15021716174,34752,scene-0245,scene-0245:lidar:240,197129
5183776a4abb756a38b04d39854d8525bcaafb5b6d3453accbcff42c86f24e7e,11210,15012710855,34752,scene-0245,scene-0245:lidar:241,197002
d8e82f287c643d93233decdd63689e2310fb9b2642334488bd1be436f22cab32,11152,14945717952,34752,scene-0245,scene-0245:lidar:242,196569
7d00fea9fa7babffeaf7db7c1b945e02297e42d75a015a1faca927861f057524,11118,14912527457,34752,scene-0245,scene-0245:lidar:243,196444
99aa00ff542cf4bbf0424dd3758fe296c13402b0669a1127e007206d4dab5dd7,11121,14873166472,34752,scene-0245,scene-0245:lidar:244,196360
d06834291251439312304f443934a0f879c3031a2eca0096b6bc958230495d6d,11054,14823291316,34784,scene-0245,scene-0245:lidar:245,196554
0aa1ecfcf9c49563f529302e6d4022cb13e0d494247f4c8633d735624b22c0a6,10971,14687608690,34752,scene-0245,scene-0245:lidar:246,196028
c57f2ea147e2737ae12621ef9e1779f114e3b3db4dfedbbd5cf9ac15ca8578b3,11018,14747411818,34784,scene-0245,scene-0245:lidar:247,196561
7f6a651496bb7949c5ea9311fd006f7a2aca74c25dc790b4e9c60da845a68921,11007,14664372873,34752,scene-0245,scene-0245:lidar:248,196381
1b7993481572bdc1f0ef0387cf48381a27573572839b852b674b000b8a9d6346,10987,14676715157,34752,scene-0245,scene-0245:lidar:249,196437
28684de9068d9cf97f242fa12f59ecb67de933c1cbec2a2f0b5f019beb2a6210,10944,14646520840,34752,scene-0245,scene-0245:lidar:250,196356
e09613eaf0df6f68327e96b464419201da6d207611f6f27c18a6bfbc2d56327d,10958,14722369131,34752,scene-0245,scene-0245:lidar:251,196835
0653aa2b1578512eb08d2db01ad39bb23b777349209cabba8440e8b880a71e16,11043,14819045905,34784,scene-0245,scene-0245:lidar:252,197196
8fd60d6f714d1812159f7e7da383c62076b428c3fd810045f4da96f669b36ec8,11203,15021847696,34752,scene-0245,scene-0245:lidar:253,197761
b4edbcd06f82763ddb1320e26289ec8a6998b85415f0e39df0b036d91037da05,11194,15092564746,34752,scene-0245,scene-0245:lidar:254,197984
debbda117492142b6d2e176fc1836b25bcb563eb82103166247e385cecbac275,11086,15057805458,34784,scene-0245,scene-0245:lidar:255,197861
77d2969583d4ca7fee53bdf0f088e7a13744c8b78540a0afb93284ca2ca0b8e5,11110,15085717846,34752,scene-0245,scene-0245:lidar:256,197884
548b76edd575685f2a87d42ae781ab3e589d0debb75d12b07164116e8c2022f8,11146,15171537652,34752,scene-0245,scene-0245:lidar:257,198416
9c821886dbcb8d9c03d8c81d1f14c3b5281a37cff99d421ccdb47aa33797d164,11086,15112307312,34752,scene-0245,scene-0245:lidar:258,198329
5b09bb1e192d3d289bf75a62fa436e468cf9e155f99220d79ce3376d2ada3849,11058,15053169166,34752,scene-0245,scene-0245:lidar:260,198556
16781c388b7cd201c455920a33eed466400c2a54f93a5093e055c8abf9956a32,11030,14946451884,34752,scene-0245,scene-0245:lidar:262,198390
81e5f634be3e4695277817139d1895e2c4a8a47055b93d292286fabe3ce62744,10959,14877467202,34752,scene-0245,scene-0245:lidar:263,198226
7a6e70628516bbc662124303c8613364486c3870d5d5535e2027f494993cc16f,10982,14888708603,34752,scene-0245,scene-0245:lidar:264,198442
056dedfd491eb0daee76b2db0f2409f31519463da9d4de19af049dc737e47ab0,10881,14807112745,34720,scene-0245,scene-0245:lidar:265,197972
eec48dc5be411f3b0dcf452c10998a7c0d07935d598f4b225bd33e14eb98d921,10948,14878299713,34752,scene-0245,scene-0245:lidar:266,197993
9083810d627e3c0545d6de26351bf137505a19b58c7755a8cd39e35a27a06638,11037,14973253148,34720,scene-0245,scene-0245:lidar:267,197851
5ff9f8f750de2d07c5e2e5799aa41bad312e1f220583fb157131caa603e03ce2,10862,14775420446,34720,scene-0245,scene-0245:lidar:268,197222
3d6bd716e8f410790893737a5ee4823fed21e423c3d0984f972aaa31e6f6849c,10833,14740625183,34720,scene-0245,scene-0245:lidar:269,196890
48518b15cd640d99a88e15815c1f699febfb4b834f154fba141c9910092cbf86,10782,14636997865,34720,scene-0245,scene-0245:lidar:270,196312
56f26a7aea265a04bed718d6f8b33fe195fdbd813080d7f405d4dc9dae33ab38,10802,14584905028,34688,scene-0245,scene-0245:lidar:271,195918
53e15f3252f001c524ee5077503ca66d368dc22aef1acb438b68bfbd53ac5605,10823,14613947329,34720,scene-0245,scene-0245:lidar:272,196224
f0f2c6d53051a2f4b16abbc3153f648d4f7e36c46df0c76ac69ec598b1137e89,10787,14541544610,34720,scene-0245,scene-0245:lidar:273,196097
bfd5e6b9465dc0943825d715ad0922371f788055eaa960dfad7d2507e1616da0,10805,14515630526,34688,scene-0245,scene-0245:lidar:274,195985
4340d6c43bd55920f23b76bbd8bab3f39e01138ed8e5288830ed0fd6581f92c1,10828,14507673836,34720,scene-0245,scene-0245:lidar:275,196178
33882faa937047c177cdf301be726b1f39ca1df00d3bf4c797228ba08364f930,10765,14411862448,34688,scene-0245,scene-0245:lidar:276,195281
37fd62caa06149a0e3cc832ec80cbcf16958f4d41c9903b00ddd9862398a759b,10836,14495221002,34688,scene-0245,scene-0245:lidar:277,195566
e95434ca62e59757b7e8e24e32cd6e6792113d64d2313191e725a7423c684a79,10872,14598895778,34720,scene-0245,scene-0245:lidar:278,196048
6d470fa764704c5a5c51192603ffe6c86dbe3c8c71097136a161935f97dbd944,10868,14613009226,34720,scene-0245,scene-0245:lidar:279,195937
a1f8b6ff7d259937597b4d8bb40a41f016eefee72e21f1dcb1f9a85ddffe495a,10818,14582115580,34720,scene-0245,scene-0245:lidar:280,195735
7c520d7eca9a021cce46a4275d54c49de05ae4644f17a31665f464bc12034830,10902,14691217508,34720,scene-0245,scene-0245:lidar:281,196100
77a83d8371258ead9ee50bf8bf328111f9db3cfe9690f1a57c6a7176a5d2e0b6,10967,14769212841,34688,scene-0245,scene-0245:lidar:282,196563
6e94f269cda3ed9f1ec8be833dd902e609062b4cb3f6670e3611d49090646424,10970,14765708890,34720,scene-0245,scene-0245:lidar:283,196153
0f5470cd0dcc50f00d1141cbefacbf69253b36b87abeaa0cf4e69722bb6f48d6,11031,14889456778,34720,scene-0245,scene-0245:lidar:284,197155
ebc49034490eb1fa901777fd0bc1534ea033a4b02e67f7f6015e8e7ef291f309,11009,14888511990,34720,scene-0245,scene-0245:lidar:285,197648
1f187df8513fe4590cd88e5fa8e085de6a510beeeefffe165c3802490a166df0,10953,14811256861,34720,scene-0245,scene-0245:lidar:286,197289
061b45e08109fb0825899a0bac11004d0986bd486afde3889a68d93003ace068,11156,15050858447,34720,scene-0245,scene-0245:lidar:287,198615
d2bdf4f6feffdb7dc744eeea8e805496a748cb5a80fc2cecbbb7c70da2351d23,11156,15081684003,34720,scene-0245,scene-0245:lidar:288,198758
d993d45701f8bf2e974938f33e9b2cdeb321adb44b57b9081f348bc3382a8eba,11177,15105253786,34720,scene-0245,scene-0245:lidar:289,198401
90de05784b8c02b710b59cd7ee2cdc97b6064eec7b98be030edbdc77186d8c05,11241,15180381578,34752,scene-0245,scene-0245:lidar:290,198444
10e330d24400027504762ca14ab59dacfc1e2e930f820672230a48757ea299aa,11240,15137469167,34720,scene-0245,scene-0245:lidar:291,197784
509f21998a2353d1c1ddf893533417236128d1686e048ad9b6b9855cdf38f169,11208,15170935572,34720,scene-0245,scene-0245:lidar:292,198358
310ecaf4a48b5486723c9a6052dd9a6bdeb7d1023014bae7ba720021975e2a2d,11243,15229890271,34688,scene-0245,scene-0245:lidar:293,198692
497e8bf7e7acbfdbb825983606ddab2c849c3d5d37114b469b574fe3b6518548,11220,15244108443,34720,scene-0245,scene-0245:lidar:294,199092
520f052f53886f0fe95a2484a7d845adaae66548c1906942fb8165c1164b281b,11232,15258921982,34688,scene-0245,scene-0245:lidar:295,199302
8eb1f40f73cab4fff7599ceae2272cfca52cffb793036a18bbe7bb3eee1696d5,11218,15296122259,34720,scene-0245,scene-0245:lidar:296,199759
8ffb5694ed2a6f7550cfc5f8f90eab962a4bce4180a8cbe30b3f173de6881bf0,11222,15366808949,34720,scene-0245,scene-0245:lidar:297,200812
06d7b71775584c02cf95dbf361cb4672c829bea19b0222793353d2766747612d,11090,15215070964,34720,scene-0245,scene-0245:lidar:298,200149
8734f8615c9675d04b2cf9488ad4b299fa9855cb9a1a240074df8f3fbb423354,11104,15234043969,34720,scene-0245,scene-0245:lidar:299,200438
d56e2de2fa9fc788e160d2c16c43a44e62b46d5aa0ce147ab49cbd4ecf4d5325,11098,15241961592,34688,scene-0245,scene-0245:lidar:300,200646
1ed4f24a0ca177202f5295e84b62c6ef9614430fa2d2675d05b0f52255b6dbd9,11101,15244725474,34720,scene-0245,scene-0245:lidar:301,200744
43e8d667c183be6c944c3cf200bb2d04191814a7c7fd0881232d4bae1009dbc5,11084,15217616363,34688,scene-0245,scene-0245:lidar:302,200464
c10a7d6c4cca500cddc6ccfbd61d6da27e2608ddd6e33eb84d7b6d76905fabec,11099,15234311246,34688,scene-0245,scene-0245:lidar:303,200510
bb74b1820553e5483cea85644872b16d1287f56ec6b3667b0204505ca69c5dbf,11025,15175731062,34688,scene-0245,scene-0245:lidar:304,200435
8b2b3e5d54c8d6f09856745292db0a18d6f083a6a155e16d6781894405db9a86,10959,15095291391,34720,scene-0245,scene-0245:lidar:305,200233
feae577839e852e927a220b40dafa412adf984527f1628faaf790321a4bd5475,10973,15129090290,34720,scene-0245,scene-0245:lidar:307,200820
06e00e719d908d864dfc430f411b49a250f6568569cbebcf1f7fc8d66b638589,10842,14907403408,34720,scene-0245,scene-0245:lidar:309,200880
a9ec2d689b551cc96b59e7364242a8511be9e4c2711ad106fff137b5d68313fb,10703,14679980329,34720,scene-0245,scene-0245:lidar:311,199842
5f07134b4bbc88527ca6efd14ac335628e3462a06d465452bf83af7918583b91,10703,14633267281,34720,scene-0245,scene-0245:lidar:313,199363
48da577f7c82ad0006e8ec358ad1705cfc550b897c4258a51847ad7f38514fb9,10826,14766314974,34720,scene-0245,scene-0245:lidar:315,199680
bc1e89d4549e24e941f690c82a6620f3f8652b83ce11dafe41c5bf1805b1a9c4,10838,14743422827,34720,scene-0245,scene-0245:lidar:316,198891
c323638b6eedd0ac545cff1050b16abc09d7e6ab14dd3488c52f4503464fb093,10801,14698896885,34752,scene-0245,scene-0245:lidar:317,198483
6ce180d343d955b01c498bdcbb65fd2962e0d4b662a303fc60321e30888fc43a,10857,14751420397,34720,scene-0245,scene-0245:lidar:318,198243
0fd5e0a985b03588f549134eac70e6541a9ff0e26e6f43c85587161bc050a64d,10767,14674472431,34752,scene-0245,scene-0245:lidar:319,197761
ad31c3b41a44e62f245c891a8dadc8f799c718ba092e850aadbcf7db3417dfc3,10786,14658775813,34720,scene-0245,scene-0245:lidar:320,197328
bcdc09df12819efff3c4542b0d838138763da8620a3472ee3ff822d5e1bd70a9,10780,14587133386,34720,scene-0245,scene-0245:lidar:321,196726
c2798dffe4aa0726051ada69c17f8ba716747e159953701614ab7deecf734301,10804,14623507266,34720,scene-0245,scene-0245:lidar:322,196880
af04453feaffa1845c89db89ae78ee7990cfbe6928af9271c7be0bd73df69881,10796,14530464003,34720,scene-0245,scene-0245:lidar:323,196228
ebaf088a2e4b74caa30df79fce98fe1765806bc005f30956915d65e52155dd31,10820,14479169202,34720,scene-0245,scene-0245:lidar:324,195864
9744205d80fbace4bb9bf1dcb45665caa7b797bbba0fab369def0b0de7fcb5e8,10762,14333022435,34688,scene-0245,scene-0245:lidar:325,195240
4fc2b62734c483b78d960276e38b8100afb44f71991e86365ac23e65cc5d4c82,10757,14322207905,34720,scene-0245,scene-0245:lidar:326,195237
960fd46b4c959e7be9bd6dd6a880d96c4f1d05b4cb124308e7053ee2573f1852,10708,14175261730,34688,scene-0245,scene-0245:lidar:327,194608
165e989a3daadfd34fed288da63f6d62baba236c8bfd02f9fcf088e637570e51,10641,14058039615,34720,scene-0245,scene-0245:lidar:328,193814
b84ae1e2e6a5bbd8f6e090d8971be006ca791c5850d19dc4cf70835887d9f7a8,10627,13967724627,34688,scene-0245,scene-0245:lidar:329,192352
b1125255b60358fe336a8ebf1b08ae538a8a0c1a2100c9528ee9da3fd6d01e1b,10656,13959262233,34720,scene-0245,scene-0245:lidar:330,191789
5820727cfd35d29af6155ada14d6b6f6bd4d10443cf9d4220d9a4294320050c7,10716,13988661411,34688,scene-0245,scene-0245:lidar:331,191304
ca336783d0169f9c499272022f84a7b007ef330f5e4e9970caeff2fde23c00ec,10679,13913383238,34688,scene-0245,scene-0245:lidar:332,190253
be60543b9bfa0e0f72424c86f48c6a8ac08652dd59d30b57a389561708918075,10669,13841767689,34720,scene-0245,scene-0245:lidar:333,189408
44b19270b76dc2e62cae9fb4b5ddbe9437f458756bf9885e059fe62aef652553,10739,13826446340,34688,scene-0245,scene-0245:lidar:334,188536
a9a9f4e8b84be5f5f11ef393c38777bc4c9d4df7ca4c3b9dd540f7504d33660f,10709,13730245151,34688,scene-0245,scene-0245:lidar:335,187768
7f8de6cffdc488d7212929f58c8e0c7c4297fb89684e5344c0abac2a55d8165d,10832,13864849538,34720,scene-0245,scene-0245:lidar:336,188080
3ff63a12795455c1ef46ec34f1c6b0407571e701039df629b56cca4ee8c5124e,10825,13680772076,34688,scene-0245,scene-0245:lidar:337,186441
e651d5b57f9aa482a4e76c7786034319e4e179c81aa9d5611f5c3b6c976637d9,10841,13813734756,34688,scene-0245,scene-0245:lidar:339,187638
26ef3dc69bd644c881a0e784f1da5d1512820f5732aaee822b24e9aca169b725,10943,13878097528,34688,scene-0245,scene-0245:lidar:340,187698
29a1f944493647c83fa81599a3f360e165c927aa493dd3b99e80ac28d1738d63,10886,13877351890,34720,scene-0245,scene-0245:lidar:341,188149
834a6606bd2569c2ad3e93ea5426fb556b4c0ec7e2cdbf3fe66135c9aa2f17f9,10872,13860432491,34688,scene-0245,scene-0245:lidar:342,187926
f15baa3412c9bd6b6ab6f85e696dda6e573dbebbb956207bb28414f9eef06f3f,10921,13952790656,34688,scene-0245,scene-0245:lidar:343,188383
e2e40f946f6435c922beaa5caa6ebc46f92ac402280ed615dc5b619abd30612b,10902,13931785937,34720,scene-0245,scene-0245:lidar:344,188317
689f1186eec029e5136bf052c17c34c8f682de638875c31ee92310a98cb5b14c,10895,14010499090,34688,scene-0245,scene-0245:lidar:345,189140
ee1ce22bacb2369d93c1c8dad13c05100c15ee75ef1290fed8d71a39e6e680d8,10813,14043937931,34688,scene-0245,scene-0245:lidar:346,190123
5b07a165b3cce319a9c83ef0f26b8c9ccded34c059424cd6275165fae2ee5c06,10851,14207688429,34688,scene-0245,scene-0245:lidar:347,191911
fa3fdf513bd55db4073a4a137a61407826f6588a9b93a227b7976656abf28577,10901,14337615513,34720,scene-0245,scene-0245:lidar:348,192975
870cf4e5744129b0fd59d1af5485c90dc6f0dba3b198184e15362ee026373828,10923,14363861110,34688,scene-0245,scene-0245:lidar:349,193386
ec97902fb708c6928de0d491922278e96b06fcf8290247c2f254fd1acba591fa,10953,14473583501,34752,scene-0245,scene-0245:lidar:350,194348
492d839596325da802a5c1b4edb6563045c1e126061734cc3703ab43dbf8e5ce,10872,14404553975,34752,scene-0245,scene-0245:lidar:352,195095
aaa27dc1055b5ba2ce64e26e2a7dc6ba90677693faa5f40a6b112f61f4bb54c7,10979,14597421175,34752,scene-0245,scene-0245:lidar:354,196272
f555e056ef7e9011e2b03a9fa7bb8abe57c0e33060002b3e0d677270afd9e6a2,11006,14599813266,34752,scene-0245,scene-0245:lidar:356,195887
015545d8b3b70cadb72c1410c7e1710fcb12fa23eff13bee183f5174d579b552,11070,14743081088,34752,scene-0245,scene-0245:lidar:358,196411
6dec7f097a5bf05dbe7ca3806c286c7e25b311d25208af8380e60c9ea3c4de13,11196,14993252873,34752,scene-0245,scene-0245:lidar:360,197505
3deb5af910e190326079f7e758dcf06421a629cab98e9f2ddb211dbf10554138,11273,15091863021,34752,scene-0245,scene-0245:lidar:362,198335
82a2c172582578ce82398f136ba145d5dcb1fb6cee921e3a039cb2c125ca8327,11335,15157703330,34720,scene-0245,scene-0245:lidar:363,198822
0aa6ec658f42d010b6bd54de3c326b0446b6938999039fb18bb4af8333c81a73,11341,15150861677,34752,scene-0245,scene-0245:lidar:364,199003
5e09229ea2b2225ed8541726e27530747eb86dec367891b51e6be86894386285,11339,15055013277,34720,scene-0245,scene-0245:lidar:365,198221
bb5b73c8f7fb2f770c601155cf148d02c1289c79e99974d2b130b7bccfebd153,11264,14966596896,34720,scene-0245,scene-0245:lidar:366,198050
9f3c5b11073a93f6b042a859677ced72135491d4c92f222484e94362dc870953,11308,15054297986,34752,scene-0245,scene-0245:lidar:367,198858
a63619a2663baf8f1383fb5454c63bdfcb6c92dc29ff0cb92d1cbb9bc01812e7,11375,15138025533,34720,scene-0245,scene-0245:lidar:368,198947
60744eab21327c953cee537bd4da92328a45db70f40b2e6e6014f8b0cb230233,11397,15163817387,34720,scene-0245,scene-0245:lidar:369,198528
3182afbd51e0a7131250620510c6c26d16ec73ad00a9a41dbf5664e6579c0171,11472,15185622531,34720,scene-0245,scene-0245:lidar:370,198219
c54763dafedd9100f742405894018da053eed90c7b6ef36b1bcc36417ced153d,11444,15184796602,34752,scene-0245,scene-0245:lidar:371,198279
2c6ead8785c9c9d4174a8bcd889a38218f9d137cd04371aef6f18fa1cde40480,11404,15098433346,34720,scene-0245,scene-0245:lidar:372,197564
9770415c5c16d70a1a712fb625e07689a18cedd6820a61d08f05268ede6afa36,11441,15212815563,34720,scene-0245,scene-0245:lidar:373,198542
5112c42d51ecfeb3c28b825380a91dfefba2b5ad43bf838052f179381e9d8c77,11554,15390654755,34752,scene-0245,scene-0245:lidar:374,199567
20a6af29a1ba667e51c027d6380200b0de9b9e5541b41c4aab2dec2c5ffad55c,11596,15450067119,34720,scene-0245,scene-0245:lidar:375,200224
f9314fd0b8ff48eb673d11068baacb2410108aa3680447a7efac6b49307ddf9d,11644,15615312235,34720,scene-0245,scene-0245:lidar:376,201367
0f0fc8a9cda4a4ae808f3f693c10d6b9f8cd6476b93ec1391210cd52d285376a,11610,15630439101,34720,scene-0245,scene-0245:lidar:377,202146
24db392fafcf71833de1406507bc5f7b2b1148e005a5317cfb84a9646511a053,11662,15685396161,34752,scene-0245,scene-0245:lidar:378,202491
cd988b00bb3080348b06b39121a1cfd744f8ecd35d0d115b1a632e79b6ccd918,11795,15833913091,34720,scene-0245,scene-0245:lidar:379,203075
b9249535f23aaa5e07fd167ec4b4cf44e33ce18be5eb897278d9d2e44b69fc98,11800,15884207869,34720,scene-0245,scene-0245:lidar:380,203311
2199fa8a779ffb4a2017431dbf8d861fea4879e8f9b1f0b99dc520a6f589fab0,11810,15931862947,34752,scene-0245,scene-0245:lidar:381,203720
ad68646a5a4d5a2167d93b12294d29b7c080213d595adf87aa8179661bf0fc28,11817,15957120927,34752,scene-0245,scene-0245:lidar:382,203646
5b6414e8b4f56af2aae227695897e8e5dfc0fc1bf24ef59087b555f2b05e5e1a,11796,15856988381,34752,scene-0245,scene-0245:lidar:383,202422
34f34ec7743aa6b069beab73e5e00a3ce127e96faa995e2cd2a1c19cfd459c25,11824,15949448251,34752,scene-0245,scene-0245:lidar:384,202927
121567b0f5b15b242b47e7ac7ecd984040b90625749eb2a054e5b66977a5a3c4,11856,15996083262,34752,scene-0245,scene-0245:lidar:385,202910
